threshold,image_index,dataset_index,original_bytes,payload_bits,payload_bytes,header_bytes,file_bytes,file_bpp,payload_bpp,predicted_bits,omitted_fraction,incorrect_omitted_predictions,omitted_error_rate,mse,mae,psnr_db,ssim,bit_error_rate,encode_seconds,decode_seconds,raw_payload_bytes,zlib_payload_bytes,payload_zlib_to_raw_ratio,first_incorrect_omission,mean_gap_between_errors,max_error_run,error_runs,mse_before_first_error_pixel,mse_after_first_error_pixel,range_payload_bytes,range_file_bytes,range_file_bpp,range_decode_seconds,encoder_decoder_equal
0.5,0,712,1024,0,0,34,34,0.265625,0.0,8192,1.0,4425,0.5401611328125,21172.3291015625,138.8486328125,4.873117248457825,0.13755180890769533,0.5401611328125,0.14831124921875016,0.14772242343750008,0,8,,1,1.8512658227848102,12,2100,,21172.3291015625,4,38,0.296875,0.1571689203125004,True
0.5,1,24774,1024,0,0,34,34,0.265625,0.0,8192,1.0,4245,0.5181884765625,26143.845703125,152.4921875,3.957108891459105,0.05301786015787177,0.5181884765625,0.14831124921875016,0.14772242343750008,0,8,,0,1.930018850141376,8,2200,,26143.845703125,4,38,0.296875,0.1571689203125004,True
0.5,2,45142,1024,0,0,34,34,0.265625,0.0,8192,1.0,4366,0.532958984375,31329.744140625,172.56640625,3.1712351270718946,0.04779930276716668,0.532958984375,0.14831124921875016,0.14772242343750008,0,8,,0,1.8765177548682703,8,2264,,31329.744140625,4,38,0.296875,0.1571689203125004,True
0.5,3,27119,1024,0,0,34,34,0.265625,0.0,8192,1.0,2625,0.3204345703125,13513.76171875,72.80078125,6.823041039039617,0.07152355053847453,0.3204345703125,0.14831124921875016,0.14772242343750008,0,8,,7,3.1185213414634148,35,1287,,13513.76171875,4,38,0.296875,0.1571689203125004,True
0.5,4,21139,1024,0,0,34,34,0.265625,0.0,8192,1.0,4544,0.5546875,29424.7900390625,166.9052734375,3.4436698825479644,0.11223758753548008,0.5546875,0.14831124921875016,0.14772242343750008,0,8,,0,1.8029936165529385,8,2191,,29424.7900390625,4,38,0.296875,0.1571689203125004,True
0.5,5,19129,1024,0,0,34,34,0.265625,0.0,8192,1.0,4179,0.5101318359375,22889.015625,141.037109375,4.5345324524986825,0.053422650701196256,0.5101318359375,0.14831124921875016,0.14772242343750008,0,8,,1,1.9602680708472953,8,2253,,22889.015625,4,38,0.296875,0.1571689203125004,True
0.5,6,6433,1024,0,0,34,34,0.265625,0.0,8192,1.0,4213,0.5142822265625,27157.408203125,162.8046875,3.7919204064939094,0.11358752770034268,0.5142822265625,0.14831124921875016,0.14772242343750008,0,8,,0,1.944207027540361,8,2397,,27157.408203125,4,38,0.296875,0.1571689203125004,True
0.5,7,38854,1024,0,0,34,34,0.265625,0.0,8192,1.0,4336,0.529296875,25399.05078125,149.7734375,4.082628744908194,0.050950811262203285,0.529296875,0.14831124921875016,0.14772242343750008,0,8,,1,1.8892733564013842,8,2142,,25399.05078125,4,38,0.296875,0.1571689203125004,True
0.5,8,22489,1024,0,0,34,34,0.265625,0.0,8192,1.0,4337,0.5294189453125,26219.33203125,156.736328125,3.9445873754273264,0.09840281125250701,0.5294189453125,0.14831124921875016,0.14772242343750008,0,8,,0,1.8881457564575646,9,2197,,26219.33203125,4,38,0.296875,0.1571689203125004,True
0.5,9,31104,1024,0,0,34,34,0.265625,0.0,8192,1.0,3921,0.4786376953125,14934.9716796875,97.3896484375,6.388759574541848,0.09173270298509544,0.4786376953125,0.14831124921875016,0.14772242343750008,0,8,,3,2.0885204081632653,8,2082,,14934.9716796875,4,38,0.296875,0.1571689203125004,True
0.5,10,21349,1024,0,0,34,34,0.265625,0.0,8192,1.0,4038,0.492919921875,21851.662109375,145.251953125,4.735958844366992,0.08923475167178674,0.492919921875,0.14831124921875016,0.14772242343750008,0,8,,0,2.028981917265296,8,2165,,21851.662109375,4,38,0.296875,0.1571689203125004,True
0.5,11,29116,1024,0,0,34,34,0.265625,0.0,8192,1.0,3690,0.450439453125,11022.158203125,86.771484375,7.708137206227404,0.09925225774056885,0.450439453125,0.14831124921875016,0.14772242343750008,0,8,,2,2.2198427758200054,8,2060,,11022.158203125,4,38,0.296875,0.1571689203125004,True
0.5,12,10772,1024,0,0,34,34,0.265625,0.0,8192,1.0,4247,0.5184326171875,25919.0458984375,146.5419921875,3.994613501149627,0.01952495679348029,0.5184326171875,0.14831124921875016,0.14772242343750008,0,8,,1,1.9286387187941592,10,2112,,25919.0458984375,4,38,0.296875,0.1571689203125004,True
0.5,13,18332,1024,0,0,34,34,0.265625,0.0,8192,1.0,4063,0.4959716796875,18467.66796875,125.70703125,5.466683031237414,0.06188893097693173,0.4959716796875,0.14831124921875016,0.14772242343750008,0,8,,1,2.016248153618907,8,2224,,18467.66796875,4,38,0.296875,0.1571689203125004,True
0.5,14,1003,1024,0,0,34,34,0.265625,0.0,8192,1.0,4029,0.4918212890625,18655.0908203125,128.1064453125,5.422829931697249,0.061009067674516755,0.4918212890625,0.14831124921875016,0.14772242343750008,0,8,,2,2.0312810327706057,9,2024,,18655.0908203125,4,38,0.296875,0.1571689203125004,True
0.5,15,22156,1024,0,0,34,34,0.265625,0.0,8192,1.0,4336,0.529296875,28317.474609375,159.7890625,3.6102584109160007,0.03303631014734153,0.529296875,0.14831124921875016,0.14772242343750008,0,8,,1,1.8892733564013842,8,2156,,28317.474609375,4,38,0.296875,0.1571689203125004,True
0.5,16,26453,1024,0,0,34,34,0.265625,0.0,8192,1.0,5124,0.62548828125,45527.556640625,209.16796875,1.548060175214549,0.040655272672371276,0.62548828125,0.14831124921875016,0.14772242343750008,0,8,,0,1.5986726527425337,9,1901,,45527.556640625,4,38,0.296875,0.1571689203125004,True
0.5,17,17039,1024,0,0,34,34,0.265625,0.0,8192,1.0,3663,0.4471435546875,4953.37890625,65.970703125,11.181788104748902,0.28961350019927806,0.4471435546875,0.14831124921875016,0.14772242343750008,0,8,,1,2.236209721463681,7,2119,,4953.37890625,4,38,0.296875,0.1571689203125004,True
0.5,18,7166,1024,0,0,34,34,0.265625,0.0,8192,1.0,4117,0.5025634765625,23972.15234375,146.796875,4.333733318801832,0.09723531870265606,0.5025634765625,0.14831124921875016,0.14772242343750008,0,8,,2,1.98955296404276,8,2142,,23972.15234375,4,38,0.296875,0.1571689203125004,True
0.5,19,48310,1024,0,0,34,34,0.265625,0.0,8192,1.0,3541,0.4322509765625,11688.1640625,89.08984375,7.453340618654919,0.08055718411976008,0.4322509765625,0.14831124921875016,0.14772242343750008,0,8,,5,2.311864406779661,8,2107,,11688.1640625,4,38,0.296875,0.1571689203125004,True
0.5,20,12187,1024,0,0,34,34,0.265625,0.0,8192,1.0,3920,0.478515625,12434.6318359375,103.7392578125,7.184474296445682,0.20643531950974905,0.478515625,0.14831124921875016,0.14772242343750008,0,8,,1,2.089818831334524,8,1996,,12434.6318359375,4,38,0.296875,0.1571689203125004,True
0.5,21,20284,1024,0,0,34,34,0.265625,0.0,8192,1.0,4143,0.5057373046875,12761.5087890625,109.8271484375,7.07178336950858,0.2379641967135693,0.5057373046875,0.14831124921875016,0.14772242343750008,0,8,,1,1.9773056494447128,8,2310,,12761.5087890625,4,38,0.296875,0.1571689203125004,True
0.5,22,1052,1024,0,0,34,34,0.265625,0.0,8192,1.0,4443,0.5423583984375,31724.36328125,172.228515625,3.1168744645150963,0.03580580498894915,0.5423583984375,0.14831124921875016,0.14772242343750008,0,8,,0,1.8435389464205314,23,2115,,31724.36328125,4,38,0.296875,0.1571689203125004,True
0.5,23,13752,1024,0,0,34,34,0.265625,0.0,8192,1.0,3953,0.4825439453125,9189.40625,93.408203125,8.497929094033452,0.391221413182337,0.4825439453125,0.14831124921875016,0.14772242343750008,0,8,,1,2.0718623481781377,8,2599,,9189.40625,4,38,0.296875,0.1571689203125004,True
0.5,24,37139,1024,0,0,34,34,0.265625,0.0,8192,1.0,4095,0.4998779296875,22272.646484375,130.703125,4.653085369513641,0.044385836094427616,0.4998779296875,0.14831124921875016,0.14772242343750008,0,8,,4,1.9995114802149487,8,2097,,22272.646484375,4,38,0.296875,0.1571689203125004,True
0.5,25,29727,1024,0,0,34,34,0.265625,0.0,8192,1.0,4161,0.5079345703125,23468.052734375,141.525390625,4.4260330543209,0.06575173357355653,0.5079345703125,0.14831124921875016,0.14772242343750008,0,8,,0,1.9689903846153847,9,2181,,23468.052734375,4,38,0.296875,0.1571689203125004,True
0.5,26,41854,1024,0,0,34,34,0.265625,0.0,8192,1.0,4260,0.52001953125,26163.1005859375,160.1201171875,3.953911499783182,0.17223158478443565,0.52001953125,0.14831124921875016,0.14772242343750008,0,8,,0,1.9227518196759803,8,2294,,26163.1005859375,4,38,0.296875,0.1571689203125004,True
0.5,27,40333,1024,0,0,34,34,0.265625,0.0,8192,1.0,4117,0.5025634765625,15007.2724609375,111.2841796875,6.367785935282147,0.059853925476555284,0.5025634765625,0.14831124921875016,0.14772242343750008,0,8,,0,1.989795918367347,8,2179,,15007.2724609375,4,38,0.296875,0.1571689203125004,True
0.5,28,33248,1024,0,0,34,34,0.265625,0.0,8192,1.0,3285,0.4010009765625,9965.7587890625,80.6845703125,8.145699895567418,0.17823945524290874,0.4010009765625,0.14831124921875016,0.14772242343750008,0,8,,375,2.3791108404384897,8,1829,0.0,10434.49591002045,4,38,0.296875,0.1571689203125004,True
0.5,29,9680,1024,0,0,34,34,0.265625,0.0,8192,1.0,4639,0.5662841796875,32740.283203125,165.41015625,2.9799792913277883,0.02643387400907882,0.5662841796875,0.14831124921875016,0.14772242343750008,0,8,,0,1.7660629581716256,9,1960,,32740.283203125,4,38,0.296875,0.1571689203125004,True
0.5,30,16805,1024,0,0,34,34,0.265625,0.0,8192,1.0,3856,0.470703125,11207.0458984375,97.2177734375,7.635892102783963,0.12436509913835682,0.470703125,0.14831124921875016,0.14772242343750008,0,8,,1,2.1234760051880675,8,2270,,11207.0458984375,4,38,0.296875,0.1571689203125004,True
0.5,31,14652,1024,0,0,34,34,0.265625,0.0,8192,1.0,4065,0.4962158203125,21421.4814453125,143.6044921875,4.822308588316108,0.181727633529614,0.4962158203125,0.14831124921875016,0.14772242343750008,0,8,,0,2.015501968503937,8,2349,,21421.4814453125,4,38,0.296875,0.1571689203125004,True
0.5,32,15793,1024,0,0,34,34,0.265625,0.0,8192,1.0,4871,0.5946044921875,44142.7392578125,204.8544921875,1.6822108125749191,0.0892037555448305,0.5946044921875,0.14831124921875016,0.14772242343750008,0,8,,0,1.6815195071868583,9,1908,,44142.7392578125,4,38,0.296875,0.1571689203125004,True
0.5,33,30210,1024,0,0,34,34,0.265625,0.0,8192,1.0,3410,0.416259765625,9004.015625,66.828125,8.586441208915613,0.30839765338958186,0.416259765625,0.14831124921875016,0.14772242343750008,0,8,,3,2.4018773833968905,69,1978,,9004.015625,4,38,0.296875,0.1571689203125004,True
0.5,34,47426,1024,0,0,34,34,0.265625,0.0,8192,1.0,4885,0.5963134765625,37656.5126953125,184.9150390625,2.372402625879214,0.03142667120574468,0.5963134765625,0.14831124921875016,0.14772242343750008,0,8,,1,1.6769041769041768,16,1954,,37656.5126953125,4,38,0.296875,0.1571689203125004,True
0.5,35,20875,1024,0,0,34,34,0.265625,0.0,8192,1.0,4409,0.5382080078125,30646.748046875,168.30078125,3.2669596293437104,0.053379866813225416,0.5382080078125,0.14831124921875016,0.14772242343750008,0,8,,0,1.8575317604355717,8,2176,,30646.748046875,4,38,0.296875,0.1571689203125004,True
0.5,36,4161,1024,0,0,34,34,0.265625,0.0,8192,1.0,4394,0.536376953125,25274.5458984375,143.3818359375,4.103969993971349,0.08625522361141902,0.536376953125,0.14831124921875016,0.14772242343750008,0,8,,0,1.864101980423401,11,1990,,25274.5458984375,4,38,0.296875,0.1571689203125004,True
0.5,37,40340,1024,0,0,34,34,0.265625,0.0,8192,1.0,3958,0.483154296875,17084.265625,121.39453125,5.804840456795633,0.13552046152407582,0.483154296875,0.14831124921875016,0.14772242343750008,0,8,,1,2.068991660348749,9,2303,,17084.265625,4,38,0.296875,0.1571689203125004,True
0.5,38,28286,1024,0,0,34,34,0.265625,0.0,8192,1.0,4364,0.53271484375,28644.2255859375,158.7666015625,3.5604327553905573,0.0926914108774955,0.53271484375,0.14831124921875016,0.14772242343750008,0,8,,0,1.8771487508595004,9,2123,,28644.2255859375,4,38,0.296875,0.1571689203125004,True
0.5,39,13256,1024,0,0,34,34,0.265625,0.0,8192,1.0,4105,0.5010986328125,16220.7099609375,119.1142578125,6.030105020303957,0.08677844484003053,0.5010986328125,0.14831124921875016,0.14772242343750008,0,8,,1,1.9946393762183237,8,2361,,16220.7099609375,4,38,0.296875,0.1571689203125004,True
0.5,40,48934,1024,0,0,34,34,0.265625,0.0,8192,1.0,4438,0.541748046875,32691.4287109375,167.4072265625,2.9864645993520815,0.022400758445961424,0.541748046875,0.14831124921875016,0.14772242343750008,0,8,,0,1.8451656524678837,8,2070,,32691.4287109375,4,38,0.296875,0.1571689203125004,True
0.5,41,11935,1024,0,0,34,34,0.265625,0.0,8192,1.0,3875,0.4730224609375,14514.82421875,113.703125,6.512685801758745,0.09229442507908124,0.4730224609375,0.14831124921875016,0.14772242343750008,0,8,,0,2.114352090862158,10,2160,,14514.82421875,4,38,0.296875,0.1571689203125004,True
0.5,42,48447,1024,0,0,34,34,0.265625,0.0,8192,1.0,3836,0.46826171875,17726.216796875,130.158203125,5.644643043171436,0.12374640659045513,0.46826171875,0.14831124921875016,0.14772242343750008,0,8,,0,2.1350717079530637,8,2074,,17726.216796875,4,38,0.296875,0.1571689203125004,True
0.5,43,15492,1024,0,0,34,34,0.265625,0.0,8192,1.0,4140,0.50537109375,16828.6005859375,123.6142578125,5.870323579683886,0.058490711021844784,0.50537109375,0.14831124921875016,0.14772242343750008,0,8,,1,1.9784972215510992,9,2153,,16828.6005859375,4,38,0.296875,0.1571689203125004,True
0.5,44,32513,1024,0,0,34,34,0.265625,0.0,8192,1.0,4180,0.51025390625,28090.0263671875,165.0849609375,3.6452821400813855,0.15889171596638418,0.51025390625,0.14831124921875016,0.14772242343750008,0,8,,1,1.9595597032782963,8,2194,,28090.0263671875,4,38,0.296875,0.1571689203125004,True
0.5,45,36099,1024,0,0,34,34,0.265625,0.0,8192,1.0,3817,0.4659423828125,20716.482421875,126.50390625,4.967643450484688,0.08272241554937378,0.4659423828125,0.14831124921875016,0.14772242343750008,0,8,,15,2.142557651991614,8,2067,0.0,20736.733137829913,4,38,0.296875,0.1571689203125004,True
0.5,46,39260,1024,0,0,34,34,0.265625,0.0,8192,1.0,3958,0.483154296875,25486.095703125,155.71484375,4.067770512699734,0.18267817854437504,0.483154296875,0.14831124921875016,0.14772242343750008,0,8,,0,2.0700025271670457,8,2286,,25486.095703125,4,38,0.296875,0.1571689203125004,True
0.5,47,46517,1024,0,0,34,34,0.265625,0.0,8192,1.0,4474,0.546142578125,27476.640625,159.7578125,3.741167273570264,0.13762938780033587,0.546142578125,0.14831124921875016,0.14772242343750008,0,8,,0,1.831209479096803,8,2255,,27476.640625,4,38,0.296875,0.1571689203125004,True
0.5,48,33095,1024,0,0,34,34,0.265625,0.0,8192,1.0,4084,0.49853515625,20465.3515625,135.892578125,5.020611513275029,0.08435578573338344,0.49853515625,0.14831124921875016,0.14772242343750008,0,8,,0,2.006122948812148,8,2153,,20465.3515625,4,38,0.296875,0.1571689203125004,True
0.5,49,3,1024,0,0,34,34,0.265625,0.0,8192,1.0,4492,0.54833984375,29798.1259765625,169.5048828125,3.388914089940036,0.10193660792586048,0.54833984375,0.14831124921875016,0.14772242343750008,0,8,,0,1.8238699621465153,8,2348,,29798.1259765625,4,38,0.296875,0.1571689203125004,True
0.5,50,21683,1024,0,0,34,34,0.265625,0.0,8192,1.0,4513,0.5509033203125,32353.5322265625,172.7685546875,3.031586587762513,0.06163163324102586,0.5509033203125,0.14831124921875016,0.14772242343750008,0,8,,0,1.8153812056737588,9,2169,,32353.5322265625,4,38,0.296875,0.1571689203125004,True
0.5,51,13446,1024,0,0,34,34,0.265625,0.0,8192,1.0,3807,0.4647216796875,14468.220703125,97.369140625,6.526652358530961,0.03938615057596256,0.4647216796875,0.14831124921875016,0.14772242343750008,0,8,,1,2.151602732527588,8,2075,,14468.220703125,4,38,0.296875,0.1571689203125004,True
0.5,52,49515,1024,0,0,34,34,0.265625,0.0,8192,1.0,4111,0.5018310546875,12131.4072265625,101.8818359375,7.29169179516326,0.17781831759978514,0.5018310546875,0.14831124921875016,0.14772242343750008,0,8,,2,1.9924574209245742,8,2207,,12131.4072265625,4,38,0.296875,0.1571689203125004,True
0.5,53,27943,1024,0,0,34,34,0.265625,0.0,8192,1.0,4425,0.5401611328125,27949.1611328125,155.3173828125,3.6671158338098935,0.09132518308212315,0.5401611328125,0.14831124921875016,0.14772242343750008,0,8,,0,1.8510397830018084,9,2083,,27949.1611328125,4,38,0.296875,0.1571689203125004,True
0.5,54,29059,1024,0,0,34,34,0.265625,0.0,8192,1.0,4236,0.51708984375,25329.771484375,144.318359375,4.09449089100364,0.0360514951229993,0.51708984375,0.14831124921875016,0.14772242343750008,0,8,,1,1.9338842975206612,23,2036,,25329.771484375,4,38,0.296875,0.1571689203125004,True
0.5,55,32738,1024,0,0,34,34,0.265625,0.0,8192,1.0,4344,0.5302734375,18487.0859375,131.25,5.462119008175364,0.3756919707708968,0.5302734375,0.14831124921875016,0.14772242343750008,0,8,,1,1.8853327193184435,8,2329,,18487.0859375,4,38,0.296875,0.1571689203125004,True
0.5,56,445,1024,0,0,34,34,0.265625,0.0,8192,1.0,4325,0.5279541015625,26124.689453125,152.552734375,3.960292242213658,0.0577266204111241,0.5279541015625,0.14831124921875016,0.14772242343750008,0,8,,0,1.8943108233117483,8,2216,,26124.689453125,4,38,0.296875,0.1571689203125004,True
0.5,57,32216,1024,0,0,34,34,0.265625,0.0,8192,1.0,4245,0.5181884765625,22235.92578125,133.57421875,4.660251450807805,0.11900642568573493,0.5181884765625,0.14831124921875016,0.14772242343750008,0,8,,0,1.930018850141376,10,2123,,22235.92578125,4,38,0.296875,0.1571689203125004,True
0.5,58,18250,1024,0,0,34,34,0.265625,0.0,8192,1.0,4132,0.50439453125,18489.5751953125,131.4404296875,5.461534276671482,0.06684536708884697,0.50439453125,0.14831124921875016,0.14772242343750008,0,8,,1,1.982086661825224,8,2217,,18489.5751953125,4,38,0.296875,0.1571689203125004,True
0.5,59,1684,1024,0,0,34,34,0.265625,0.0,8192,1.0,4128,0.50390625,22543.9150390625,140.0498046875,4.600510218190887,0.07080686343315234,0.50390625,0.14831124921875016,0.14772242343750008,0,8,,0,1.9842500605766902,8,2303,,22543.9150390625,4,38,0.296875,0.1571689203125004,True
0.5,60,2899,1024,0,0,34,34,0.265625,0.0,8192,1.0,4399,0.5369873046875,32401.5830078125,174.8486328125,3.025141323044,0.12552855187048975,0.5369873046875,0.14831124921875016,0.14772242343750008,0,8,,0,1.8622100954979537,11,2065,,32401.5830078125,4,38,0.296875,0.1571689203125004,True
0.5,61,39428,1024,0,0,34,34,0.265625,0.0,8192,1.0,3331,0.4066162109375,6850.4501953125,63.7060546875,9.773612476360118,0.1058319846717495,0.4066162109375,0.14831124921875016,0.14772242343750008,0,8,,5,2.458258258258258,8,1993,,6850.4501953125,4,38,0.296875,0.1571689203125004,True
0.5,62,40758,1024,0,0,34,34,0.265625,0.0,8192,1.0,4369,0.5333251953125,22639.810546875,136.275390625,4.5820757257389495,0.025845587868497055,0.5333251953125,0.14831124921875016,0.14772242343750008,0,8,,2,1.8736263736263736,23,2155,,22639.810546875,4,38,0.296875,0.1571689203125004,True
0.5,63,29154,1024,0,0,34,34,0.265625,0.0,8192,1.0,4281,0.5225830078125,22641.439453125,138.005859375,4.581763267493553,0.061881713250661594,0.5225830078125,0.14831124921875016,0.14772242343750008,0,8,,0,1.9135514018691588,10,2156,,22641.439453125,4,38,0.296875,0.1571689203125004,True
0.5,64,43958,1024,0,0,34,34,0.265625,0.0,8192,1.0,4494,0.548583984375,30969.5517578125,174.2470703125,3.2214544128824225,0.10162886322872379,0.548583984375,0.14831124921875016,0.14772242343750008,0,8,,0,1.822390385043401,8,2398,,30969.5517578125,4,38,0.296875,0.1571689203125004,True
0.5,65,33814,1024,0,0,34,34,0.265625,0.0,8192,1.0,4029,0.4918212890625,20894.166015625,127.673828125,4.930553197764163,0.04134614645909944,0.4918212890625,0.14831124921875016,0.14772242343750008,0,8,,4,2.03227408142999,8,2094,,20894.166015625,4,38,0.296875,0.1571689203125004,True
0.5,66,34153,1024,0,0,34,34,0.265625,0.0,8192,1.0,4359,0.5321044921875,22546.89453125,141.041015625,4.599936275504951,0.06944084296692694,0.5321044921875,0.14831124921875016,0.14772242343750008,0,8,,1,1.8790729692519503,10,2251,,22546.89453125,4,38,0.296875,0.1571689203125004,True
0.5,67,43609,1024,0,0,34,34,0.265625,0.0,8192,1.0,4029,0.4918212890625,22939.95703125,130.31640625,4.524877607773126,0.040489731677302895,0.4918212890625,0.14831124921875016,0.14772242343750008,0,8,,0,2.0335153922542206,9,2085,,22939.95703125,4,38,0.296875,0.1571689203125004,True
0.5,68,10762,1024,0,0,34,34,0.265625,0.0,8192,1.0,4452,0.54345703125,25819.8251953125,152.0263671875,4.011270631764003,0.04328018424326432,0.54345703125,0.14831124921875016,0.14772242343750008,0,8,,1,1.840035946978207,8,2079,,25819.8251953125,4,38,0.296875,0.1571689203125004,True
0.5,69,17898,1024,0,0,34,34,0.265625,0.0,8192,1.0,4101,0.5006103515625,21147.794921875,140.478515625,4.878152706314268,0.22786246872748459,0.5006103515625,0.14831124921875016,0.14772242343750008,0,8,,0,1.996829268292683,8,2608,,21147.794921875,4,38,0.296875,0.1571689203125004,True
0.5,70,43653,1024,0,0,34,34,0.265625,0.0,8192,1.0,4706,0.574462890625,32222.138671875,165.302734375,3.0492599851005924,0.06708993747016632,0.574462890625,0.14831124921875016,0.14772242343750008,0,8,,0,1.7404888416578108,9,2040,,32222.138671875,4,38,0.296875,0.1571689203125004,True
0.5,71,14233,1024,0,0,34,34,0.265625,0.0,8192,1.0,4158,0.507568359375,21852.0107421875,139.2861328125,4.735889555313325,0.04722277214266731,0.507568359375,0.14831124921875016,0.14772242343750008,0,8,,0,1.969689680057734,8,2169,,21852.0107421875,4,38,0.296875,0.1571689203125004,True
0.5,72,39520,1024,0,0,34,34,0.265625,0.0,8192,1.0,4091,0.4993896484375,18678.6025390625,125.7529296875,5.417359799950661,0.0639784337898076,0.4993896484375,0.14831124921875016,0.14772242343750008,0,8,,2,2.0019559902200488,8,2190,,18678.6025390625,4,38,0.296875,0.1571689203125004,True
0.5,73,18138,1024,0,0,34,34,0.265625,0.0,8192,1.0,3924,0.47900390625,12818.4814453125,105.0595703125,7.0524378178369815,0.15266435787303828,0.47900390625,0.14831124921875016,0.14772242343750008,0,8,,1,2.087433086923273,8,2101,,12818.4814453125,4,38,0.296875,0.1571689203125004,True
0.5,74,9212,1024,0,0,34,34,0.265625,0.0,8192,1.0,3856,0.470703125,10505.8271484375,80.3193359375,7.916501097556013,0.26586743034334065,0.470703125,0.14831124921875016,0.14772242343750008,0,8,,0,2.124513618677043,8,1942,,10505.8271484375,4,38,0.296875,0.1571689203125004,True
0.5,75,6456,1024,0,0,34,34,0.265625,0.0,8192,1.0,4291,0.5238037109375,27354.171875,157.263671875,3.7605678946276906,0.07929675377786599,0.5238037109375,0.14831124921875016,0.14772242343750008,0,8,,0,1.9090909090909092,15,2081,,27354.171875,4,38,0.296875,0.1571689203125004,True
0.5,76,22948,1024,0,0,34,34,0.265625,0.0,8192,1.0,3883,0.4739990234375,14393.2900390625,100.7587890625,6.549202839227003,0.2395457889016408,0.4739990234375,0.14831124921875016,0.14772242343750008,0,8,,1,2.109479649665121,8,2090,,14393.2900390625,4,38,0.296875,0.1571689203125004,True
0.5,77,7591,1024,0,0,34,34,0.265625,0.0,8192,1.0,4464,0.544921875,31270.1669921875,171.9423828125,3.1795016035436947,0.08699708705317342,0.544921875,0.14831124921875016,0.14772242343750008,0,8,,0,1.8353125700201658,10,2104,,31270.1669921875,4,38,0.296875,0.1571689203125004,True
0.5,78,29996,1024,0,0,34,34,0.265625,0.0,8192,1.0,4507,0.5501708984375,28288.7734375,153.546875,3.6146624341705715,0.16694662589482565,0.5501708984375,0.14831124921875016,0.14772242343750008,0,8,,0,1.8173546382600976,26,2066,,28288.7734375,4,38,0.296875,0.1571689203125004,True
0.5,79,10378,1024,0,0,34,34,0.265625,0.0,8192,1.0,3050,0.372314453125,7196.1591796875,61.2919921875,9.55979599455192,0.03626178739899995,0.372314453125,0.14831124921875016,0.14772242343750008,0,8,,2,2.68514266972778,8,1946,,7196.1591796875,4,38,0.296875,0.1571689203125004,True
0.5,80,27337,1024,0,0,34,34,0.265625,0.0,8192,1.0,3956,0.48291015625,17101.59765625,121.37890625,5.800436761551746,0.16130677744581803,0.48291015625,0.14831124921875016,0.14772242343750008,0,8,,1,2.0707964601769913,8,2180,,17101.59765625,4,38,0.296875,0.1571689203125004,True
0.5,81,19965,1024,0,0,34,34,0.265625,0.0,8192,1.0,4056,0.4951171875,20968.6708984375,134.4365234375,4.91509457334742,0.08817814499961872,0.4951171875,0.14831124921875016,0.14772242343750008,0,8,,0,2.0194821208384712,8,2268,,20968.6708984375,4,38,0.296875,0.1571689203125004,True
0.5,82,24405,1024,0,0,34,34,0.265625,0.0,8192,1.0,4343,0.5301513671875,27670.7783203125,161.3056640625,3.710589857723891,0.09356192785315463,0.5301513671875,0.14831124921875016,0.14772242343750008,0,8,,0,1.8862275449101797,9,2248,,27670.7783203125,4,38,0.296875,0.1571689203125004,True
0.5,83,45135,1024,0,0,34,34,0.265625,0.0,8192,1.0,3950,0.482177734375,20904.1689453125,131.6357421875,4.928474542117645,0.10774543578856843,0.482177734375,0.14831124921875016,0.14772242343750008,0,8,,0,2.0741959989870855,8,2169,,20904.1689453125,4,38,0.296875,0.1571689203125004,True
0.5,84,11274,1024,0,0,34,34,0.265625,0.0,8192,1.0,4770,0.582275390625,37850.5908203125,187.1904296875,2.3500769795655025,0.04351756268477345,0.582275390625,0.14831124921875016,0.14772242343750008,0,8,,0,1.7175508492346403,8,2007,,37850.5908203125,4,38,0.296875,0.1571689203125004,True
0.5,85,1941,1024,0,0,34,34,0.265625,0.0,8192,1.0,4142,0.505615234375,17969.6923828125,131.2958984375,5.585397182380996,0.15168486141674778,0.505615234375,0.14831124921875016,0.14772242343750008,0,8,,0,1.9780246317314658,8,2159,,17969.6923828125,4,38,0.296875,0.1571689203125004,True
0.5,86,48940,1024,0,0,34,34,0.265625,0.0,8192,1.0,4594,0.560791015625,37701.5048828125,190.8662109375,2.3672167513804583,0.04107658572475348,0.560791015625,0.14831124921875016,0.14772242343750008,0,8,,0,1.78314826910516,9,2078,,37701.5048828125,4,38,0.296875,0.1571689203125004,True
0.5,87,36794,1024,0,0,34,34,0.265625,0.0,8192,1.0,4019,0.4906005859375,18178.40234375,116.22265625,5.535246494067698,0.06865332056756503,0.4906005859375,0.14831124921875016,0.14772242343750008,0,8,,0,2.0380786460925835,8,2111,,18178.40234375,4,38,0.296875,0.1571689203125004,True
0.5,88,21994,1024,0,0,34,34,0.265625,0.0,8192,1.0,3850,0.469970703125,14749.1865234375,107.6728515625,6.443122929689629,0.06853533699118985,0.469970703125,0.14831124921875016,0.14772242343750008,0,8,,2,2.1275656014549233,8,2127,,14749.1865234375,4,38,0.296875,0.1571689203125004,True
0.5,89,49944,1024,0,0,34,34,0.265625,0.0,8192,1.0,3859,0.4710693359375,20763.44921875,131.412109375,4.957808608128116,0.09821970612514719,0.4710693359375,0.14831124921875016,0.14772242343750008,0,8,,0,2.122602384655262,8,1989,,20763.44921875,4,38,0.296875,0.1571689203125004,True
0.5,90,43442,1024,0,0,34,34,0.265625,0.0,8192,1.0,4561,0.5567626953125,13458.2119140625,114.4306640625,6.840929984124152,0.5512600362581813,0.5567626953125,0.14831124921875016,0.14772242343750008,0,8,,1,1.7956140350877192,7,2252,,13458.2119140625,4,38,0.296875,0.1571689203125004,True
0.5,91,45096,1024,0,0,34,34,0.265625,0.0,8192,1.0,4014,0.489990234375,9729.91796875,93.931640625,8.249711820455394,0.2415137574895824,0.489990234375,0.14831124921875016,0.14772242343750008,0,8,,1,2.0403688013954646,8,2372,,9729.91796875,4,38,0.296875,0.1571689203125004,True
0.5,92,42430,1024,0,0,34,34,0.265625,0.0,8192,1.0,3933,0.4801025390625,15985.408203125,125.0390625,6.093566299817457,0.32301125211489007,0.4801025390625,0.14831124921875016,0.14772242343750008,0,8,,0,2.0824008138351986,8,1928,,15985.408203125,4,38,0.296875,0.1571689203125004,True
0.5,93,42255,1024,0,0,34,34,0.265625,0.0,8192,1.0,4126,0.503662109375,17795.2412109375,126.7119140625,5.627764817132578,0.161151956461648,0.503662109375,0.14831124921875016,0.14772242343750008,0,8,,0,1.9856969696969697,8,2160,,17795.2412109375,4,38,0.296875,0.1571689203125004,True
0.5,94,5771,1024,0,0,34,34,0.265625,0.0,8192,1.0,4648,0.5673828125,30724.54296875,161.283203125,3.2559492944371247,0.02836602778199344,0.5673828125,0.14831124921875016,0.14772242343750008,0,8,,23,1.7576931353561438,62,1891,0.0,30784.66927592955,4,38,0.296875,0.1571689203125004,True
0.5,95,8320,1024,0,0,34,34,0.265625,0.0,8192,1.0,4244,0.51806640625,28246.78125,162.041015625,3.6211139419938556,0.05815060672713328,0.51806640625,0.14831124921875016,0.14772242343750008,0,8,,0,1.930473721423521,9,2124,,28246.78125,4,38,0.296875,0.1571689203125004,True
0.5,96,48807,1024,0,0,34,34,0.265625,0.0,8192,1.0,4126,0.503662109375,19354.4384765625,130.2021484375,5.262997850614478,0.08173904816273447,0.503662109375,0.14831124921875016,0.14772242343750008,0,8,,1,1.9854545454545454,8,2268,,19354.4384765625,4,38,0.296875,0.1571689203125004,True
0.5,97,2675,1024,0,0,34,34,0.265625,0.0,8192,1.0,3937,0.4805908203125,12402.0361328125,104.4677734375,7.195873685563637,0.3317028750698393,0.4805908203125,0.14831124921875016,0.14772242343750008,0,8,,1,2.0802845528455283,8,2533,,12402.0361328125,4,38,0.296875,0.1571689203125004,True
0.5,98,37658,1024,0,0,34,34,0.265625,0.0,8192,1.0,4444,0.54248046875,29568.7041015625,150.9951171875,3.422480696144744,0.023848904474942093,0.54248046875,0.14831124921875016,0.14772242343750008,0,8,,0,1.8435741616025207,31,1869,,29568.7041015625,4,38,0.296875,0.1571689203125004,True
0.5,99,45710,1024,0,0,34,34,0.265625,0.0,8192,1.0,4306,0.525634765625,28116.90234375,161.076171875,3.641128883721678,0.06186514381210675,0.525634765625,0.14831124921875016,0.14772242343750008,0,8,,1,1.9024390243902438,9,2222,,28116.90234375,4,38,0.296875,0.1571689203125004,True
0.5,100,15813,1024,0,0,34,34,0.265625,0.0,8192,1.0,4371,0.5335693359375,15542.662109375,122.12890625,6.215549551291565,0.2195386052551023,0.5335693359375,0.14831124921875016,0.14772242343750008,0,8,,1,1.873913043478261,8,2035,,15542.662109375,4,38,0.296875,0.1571689203125004,True
0.5,101,7135,1024,0,0,34,34,0.265625,0.0,8192,1.0,4201,0.5128173828125,19771.7529296875,137.8212890625,5.170351860437567,0.15891683411115406,0.5128173828125,0.14831124921875016,0.14772242343750008,0,8,,0,1.9495238095238094,8,2120,,19771.7529296875,4,38,0.296875,0.1571689203125004,True
0.5,102,31775,1024,0,0,34,34,0.265625,0.0,8192,1.0,4380,0.53466796875,14879.158203125,119.9921875,6.405019994214354,0.1739759810657433,0.53466796875,0.14831124921875016,0.14772242343750008,0,8,,2,1.869148207353277,8,2067,,14879.158203125,4,38,0.296875,0.1571689203125004,True
0.5,103,31772,1024,0,0,34,34,0.265625,0.0,8192,1.0,4073,0.4971923828125,18998.248046875,126.583984375,5.343668072127537,0.06550717652725459,0.4971923828125,0.14831124921875016,0.14772242343750008,0,8,,0,2.0115422396856584,8,2248,,18998.248046875,4,38,0.296875,0.1571689203125004,True
0.5,104,25160,1024,0,0,34,34,0.265625,0.0,8192,1.0,4143,0.5057373046875,16414.4873046875,125.1923828125,5.978530384825641,0.19525886257488018,0.5057373046875,0.14831124921875016,0.14772242343750008,0,8,,0,1.9775470787059393,8,2109,,16414.4873046875,4,38,0.296875,0.1571689203125004,True
0.5,105,36108,1024,0,0,34,34,0.265625,0.0,8192,1.0,4450,0.543212890625,35324.14453125,183.279296875,2.6500870782378323,0.06551586009285187,0.543212890625,0.14831124921875016,0.14772242343750008,0,8,,0,1.8399640368622163,8,2094,,35324.14453125,4,38,0.296875,0.1571689203125004,True
0.5,106,1260,1024,0,0,34,34,0.265625,0.0,8192,1.0,3376,0.412109375,7675.6748046875,67.3037109375,9.279637941689208,0.06168450491120511,0.412109375,0.14831124921875016,0.14772242343750008,0,8,,2,2.4263703703703703,8,1951,,7675.6748046875,4,38,0.296875,0.1571689203125004,True
0.5,107,37885,1024,0,0,34,34,0.265625,0.0,8192,1.0,4306,0.525634765625,26682.162109375,154.748046875,3.8685934244028086,0.06258704950157891,0.525634765625,0.14831124921875016,0.14772242343750008,0,8,,0,1.90267131242741,8,2173,,26682.162109375,4,38,0.296875,0.1571689203125004,True
0.5,108,41535,1024,0,0,34,34,0.265625,0.0,8192,1.0,3599,0.4393310546875,19344.5712890625,122.6611328125,5.265212514608194,0.08961471945557109,0.4393310546875,0.14831124921875016,0.14772242343750008,0,8,,127,2.2412451361867705,8,1949,0.0,19632.15163528246,4,38,0.296875,0.1571689203125004,True
0.5,109,44889,1024,0,0,34,34,0.265625,0.0,8192,1.0,4224,0.515625,19952.853515625,131.572265625,5.130753466862354,0.04916239206700073,0.515625,0.14831124921875016,0.14772242343750008,0,8,,1,1.9391427894861473,15,2186,,19952.853515625,4,38,0.296875,0.1571689203125004,True
0.5,110,28184,1024,0,0,34,34,0.265625,0.0,8192,1.0,4223,0.5155029296875,24975.7626953125,155.1845703125,4.155616015351349,0.16795384881981018,0.5155029296875,0.14831124921875016,0.14772242343750008,0,8,,0,1.9398389388915207,8,2289,,24975.7626953125,4,38,0.296875,0.1571689203125004,True
0.5,111,25319,1024,0,0,34,34,0.265625,0.0,8192,1.0,4267,0.5208740234375,22053.208984375,140.671875,4.69608567843809,0.05943991790282536,0.5208740234375,0.14831124921875016,0.14772242343750008,0,8,,1,1.919831223628692,8,2229,,22053.208984375,4,38,0.296875,0.1571689203125004,True
0.5,112,11010,1024,0,0,34,34,0.265625,0.0,8192,1.0,3705,0.4522705078125,10154.3203125,86.0625,8.06429502000512,0.12353623667737196,0.4522705078125,0.14831124921875016,0.14772242343750008,0,8,,0,2.211393088552916,8,2150,,10154.3203125,4,38,0.296875,0.1571689203125004,True
0.5,113,33880,1024,0,0,34,34,0.265625,0.0,8192,1.0,3921,0.4786376953125,9564.3056640625,92.9384765625,8.324269136568795,0.12383276792228641,0.4786376953125,0.14831124921875016,0.14772242343750008,0,8,,1,2.0880102040816326,8,2342,,9564.3056640625,4,38,0.296875,0.1571689203125004,True
0.5,114,19307,1024,0,0,34,34,0.265625,0.0,8192,1.0,3705,0.4522705078125,7596.6552734375,77.5009765625,9.324579417481717,0.15154153960581784,0.4522705078125,0.14831124921875016,0.14772242343750008,0,8,,1,2.211123110151188,6,2141,,7596.6552734375,4,38,0.296875,0.1571689203125004,True
0.5,115,12236,1024,0,0,34,34,0.265625,0.0,8192,1.0,2153,0.2628173828125,6249.8125,45.171875,10.172133725537286,0.06753416194983002,0.2628173828125,0.14831124921875016,0.14772242343750008,0,8,,15,3.799256505576208,8,1327,0.0,6255.921798631476,4,38,0.296875,0.1571689203125004,True
0.5,116,13805,1024,0,0,34,34,0.265625,0.0,8192,1.0,3722,0.454345703125,10975.1884765625,94.6708984375,7.726683737643922,0.12377833576548983,0.454345703125,0.14831124921875016,0.14772242343750008,0,8,,0,2.2012899758129536,8,2390,,10975.1884765625,4,38,0.296875,0.1571689203125004,True
0.5,117,5814,1024,0,0,34,34,0.265625,0.0,8192,1.0,3824,0.466796875,11193.275390625,94.2109375,7.641231719329783,0.06216237860544173,0.466796875,0.14831124921875016,0.14772242343750008,0,8,,2,2.1404656029296363,8,2285,,11193.275390625,4,38,0.296875,0.1571689203125004,True
0.5,118,48485,1024,0,0,34,34,0.265625,0.0,8192,1.0,3927,0.4793701171875,15378.390625,112.673828125,6.261694726881491,0.05066201994353543,0.4793701171875,0.14831124921875016,0.14772242343750008,0,8,,2,2.085838003056546,8,2187,,15378.390625,4,38,0.296875,0.1571689203125004,True
0.5,119,12248,1024,0,0,34,34,0.265625,0.0,8192,1.0,3410,0.416259765625,15006.7919921875,96.5986328125,6.367924980047109,0.039814030060470365,0.416259765625,0.14831124921875016,0.14772242343750008,0,8,,13,2.398943971839249,9,1893,0.0,15021.46138807429,4,38,0.296875,0.1571689203125004,True
0.5,120,458,1024,0,0,34,34,0.265625,0.0,8192,1.0,3939,0.4808349609375,15675.3388671875,117.0732421875,6.178634227489593,0.07396089349326099,0.4808349609375,0.14831124921875016,0.14772242343750008,0,8,,0,2.079989842559675,8,2111,,15675.3388671875,4,38,0.296875,0.1571689203125004,True
0.5,121,319,1024,0,0,34,34,0.265625,0.0,8192,1.0,4012,0.48974609375,19400.09765625,113.478515625,5.252764447797588,0.037139013843707575,0.48974609375,0.14831124921875016,0.14772242343750008,0,8,,3,2.0408875592121665,9,2051,,19400.09765625,4,38,0.296875,0.1571689203125004,True
0.5,122,21496,1024,0,0,34,34,0.265625,0.0,8192,1.0,4057,0.4952392578125,18287.279296875,122.1484375,5.509312630593669,0.07071941481571074,0.4952392578125,0.14831124921875016,0.14772242343750008,0,8,,2,2.018491124260355,8,2220,,18287.279296875,4,38,0.296875,0.1571689203125004,True
0.5,123,20390,1024,0,0,34,34,0.265625,0.0,8192,1.0,4370,0.533447265625,23151.359375,147.91796875,4.485038643593514,0.15916069761376006,0.533447265625,0.14831124921875016,0.14772242343750008,0,8,,0,1.8747997253376059,8,2249,,23151.359375,4,38,0.296875,0.1571689203125004,True
0.5,124,33691,1024,0,0,34,34,0.265625,0.0,8192,1.0,4737,0.5782470703125,24619.984375,148.79296875,4.217925878962291,0.08662659361605633,0.5782470703125,0.14831124921875016,0.14772242343750008,0,8,,0,1.7295185810810811,43,1909,,24619.984375,4,38,0.296875,0.1571689203125004,True
0.5,125,33872,1024,0,0,34,34,0.265625,0.0,8192,1.0,4031,0.4920654296875,17275.0830078125,123.0126953125,5.756602180055635,0.058678206652239905,0.4920654296875,0.14831124921875016,0.14772242343750008,0,8,,2,2.0320099255583126,8,2231,,17275.0830078125,4,38,0.296875,0.1571689203125004,True
0.5,126,46987,1024,0,0,34,34,0.265625,0.0,8192,1.0,4002,0.488525390625,14895.015625,111.6640625,6.400393977379476,0.29548866582622335,0.488525390625,0.14831124921875016,0.14772242343750008,0,8,,1,2.046988252936766,8,2207,,14895.015625,4,38,0.296875,0.1571689203125004,True
0.5,127,26772,1024,0,0,34,34,0.265625,0.0,8192,1.0,4493,0.5484619140625,31130.1630859375,167.0869140625,3.1989896498021664,0.04639786452528351,0.5484619140625,0.14831124921875016,0.14772242343750008,0,8,,0,1.823241317898486,8,2052,,31130.1630859375,4,38,0.296875,0.1571689203125004,True
0.5,128,7057,1024,0,0,34,34,0.265625,0.0,8192,1.0,4399,0.5369873046875,28130.77734375,152.794921875,3.6389862758515905,0.09925976488301134,0.5369873046875,0.164855233593741,0.16556661953124774,0,8,,0,1.8622100954979537,9,2056,,28130.77734375,4,38,0.296875,0.16915629765624374,True
0.5,129,30014,1024,0,0,34,34,0.265625,0.0,8192,1.0,4225,0.5157470703125,25398.685546875,147.595703125,4.082691196223994,0.05756125181517425,0.5157470703125,0.164855233593741,0.16556661953124774,0,8,,3,1.9382102272727273,9,2212,,25398.685546875,4,38,0.296875,0.16915629765624374,True
0.5,130,48237,1024,0,0,34,34,0.265625,0.0,8192,1.0,4057,0.4952392578125,26824.2236328125,161.6787109375,3.8455319973093784,0.11722761612957512,0.4952392578125,0.164855233593741,0.16556661953124774,0,8,,0,2.019230769230769,8,2331,,26824.2236328125,4,38,0.296875,0.16915629765624374,True
0.5,131,4823,1024,0,0,34,34,0.265625,0.0,8192,1.0,4146,0.506103515625,19921.025390625,127.51953125,5.137686718590925,0.10391309689600008,0.506103515625,0.164855233593741,0.16556661953124774,0,8,,2,1.9753920386007238,9,2152,,19921.025390625,4,38,0.296875,0.16915629765624374,True
0.5,132,26627,1024,0,0,34,34,0.265625,0.0,8192,1.0,3853,0.4703369140625,11158.306640625,94.8671875,7.654820688140386,0.09985671062079478,0.4703369140625,0.164855233593741,0.16556661953124774,0,8,,1,2.1261682242990654,8,2176,,11158.306640625,4,38,0.296875,0.16915629765624374,True
0.5,133,12293,1024,0,0,34,34,0.265625,0.0,8192,1.0,4061,0.4957275390625,17357.4150390625,124.9033203125,5.7359531271530315,0.057912449068819385,0.4957275390625,0.164855233593741,0.16556661953124774,0,8,,1,2.016502463054187,8,2226,,17357.4150390625,4,38,0.296875,0.16915629765624374,True
0.5,134,32803,1024,0,0,34,34,0.265625,0.0,8192,1.0,4061,0.4957275390625,25160.59375,157.01953125,4.123594753146299,0.1602041066768901,0.4957275390625,0.164855233593741,0.16556661953124774,0,8,,0,2.017487684729064,8,2250,,25160.59375,4,38,0.296875,0.16915629765624374,True
0.5,135,41882,1024,0,0,34,34,0.265625,0.0,8192,1.0,3972,0.48486328125,19673.263671875,120.8671875,5.192039482230485,0.1588637854527911,0.48486328125,0.164855233593741,0.16556661953124774,0,8,,2,2.062200956937799,8,2108,,19673.263671875,4,38,0.296875,0.16915629765624374,True
0.5,136,10235,1024,0,0,34,34,0.265625,0.0,8192,1.0,4245,0.5181884765625,17037.341796875,125.134765625,5.816785247214797,0.1733370882114779,0.5181884765625,0.164855233593741,0.16556661953124774,0,8,,0,1.9297832233741754,8,2215,,17037.341796875,4,38,0.296875,0.16915629765624374,True
0.5,137,30033,1024,0,0,34,34,0.265625,0.0,8192,1.0,4731,0.5775146484375,35183.2236328125,177.5693359375,2.667447320624708,0.04206767329365331,0.5775146484375,0.164855233593741,0.16556661953124774,0,8,,0,1.7317124735729388,25,1969,,35183.2236328125,4,38,0.296875,0.16915629765624374,True
0.5,138,20042,1024,0,0,34,34,0.265625,0.0,8192,1.0,4151,0.5067138671875,20023.794921875,133.33203125,5.115339721679698,0.03679755889358162,0.5067138671875,0.164855233593741,0.16556661953124774,0,8,,1,1.9734939759036145,8,2234,,20023.794921875,4,38,0.296875,0.16915629765624374,True
0.5,139,29399,1024,0,0,34,34,0.265625,0.0,8192,1.0,3968,0.484375,15271.0126953125,109.1357421875,6.292125226718141,0.12152047961107722,0.484375,0.164855233593741,0.16556661953124774,0,8,,1,2.064280312578775,8,2147,,15271.0126953125,4,38,0.296875,0.16915629765624374,True
0.5,140,6463,1024,0,0,34,34,0.265625,0.0,8192,1.0,4260,0.52001953125,27509.56640625,161.291015625,3.7359661558389803,0.04404284834511416,0.52001953125,0.164855233593741,0.16556661953124774,0,8,,1,1.9229866165766611,9,2161,,27509.56640625,4,38,0.296875,0.16915629765624374,True
0.5,141,25920,1024,0,0,34,34,0.265625,0.0,8192,1.0,4424,0.5400390625,25688.9287109375,157.4638671875,4.033343673306162,0.30384926937696094,0.5400390625,0.164855233593741,0.16556661953124774,0,8,,0,1.851684377119602,8,2338,,25688.9287109375,4,38,0.296875,0.16915629765624374,True
0.5,142,10327,1024,0,0,34,34,0.265625,0.0,8192,1.0,4210,0.513916015625,21986.9736328125,140.1064453125,4.709149052688523,0.03895817127943257,0.513916015625,0.164855233593741,0.16556661953124774,0,8,,12,1.9432169161320978,9,2200,0.0,22008.466275659823,4,38,0.296875,0.16915629765624374,True
0.5,143,3805,1024,0,0,34,34,0.265625,0.0,8192,1.0,4102,0.500732421875,23147.66015625,148.5703125,4.485732632498748,0.07322993648144971,0.500732421875,0.164855233593741,0.16556661953124774,0,8,,0,1.997317727383565,8,2255,,23147.66015625,4,38,0.296875,0.16915629765624374,True
0.5,144,37879,1024,0,0,34,34,0.265625,0.0,8192,1.0,3750,0.457763671875,9651.583984375,82.384765625,8.284817667758036,0.4077164095900198,0.457763671875,0.164855233593741,0.16556661953124774,0,8,,0,2.1848492931448384,8,2291,,9651.583984375,4,38,0.296875,0.16915629765624374,True
0.5,145,22721,1024,0,0,34,34,0.265625,0.0,8192,1.0,4233,0.5167236328125,24405.2763671875,151.3349609375,4.255966308641053,0.12837929310318283,0.5167236328125,0.164855233593741,0.16556661953124774,0,8,,0,1.9354914933837428,8,2294,,24405.2763671875,4,38,0.296875,0.16915629765624374,True
0.5,146,43932,1024,0,0,34,34,0.265625,0.0,8192,1.0,4397,0.5367431640625,26409.3740234375,149.5791015625,3.913222535416667,0.04137522085131167,0.5367431640625,0.164855233593741,0.16556661953124774,0,8,,0,1.8628298453139218,8,2141,,26409.3740234375,4,38,0.296875,0.16915629765624374,True
0.5,147,47270,1024,0,0,34,34,0.265625,0.0,8192,1.0,4434,0.541259765625,28497.6962890625,161.2294921875,3.5827060715364496,0.04592804476345663,0.541259765625,0.164855233593741,0.16556661953124774,0,8,,0,1.847281750507557,9,2119,,28497.6962890625,4,38,0.296875,0.16915629765624374,True
0.5,148,11091,1024,0,0,34,34,0.265625,0.0,8192,1.0,4145,0.5059814453125,21279.330078125,140.669921875,4.851224096111287,0.12391472869451202,0.5059814453125,0.164855233593741,0.16556661953124774,0,8,,0,1.9761100386100385,8,2170,,21279.330078125,4,38,0.296875,0.16915629765624374,True
0.5,149,9736,1024,0,0,34,34,0.265625,0.0,8192,1.0,4100,0.50048828125,14483.5439453125,116.1083984375,6.5220551947800836,0.11642124539253695,0.50048828125,0.164855233593741,0.16556661953124774,0,8,,0,1.9975603805806295,8,2177,,14483.5439453125,4,38,0.296875,0.16915629765624374,True
0.5,150,23206,1024,0,0,34,34,0.265625,0.0,8192,1.0,4112,0.501953125,16396.7783203125,116.0537109375,5.983218356956227,0.14569891449916728,0.501953125,0.164855233593741,0.16556661953124774,0,8,,2,1.9917295062028704,8,2293,,16396.7783203125,4,38,0.296875,0.16915629765624374,True
0.5,151,25039,1024,0,0,34,34,0.265625,0.0,8192,1.0,4124,0.50341796875,22226.94140625,141.61328125,4.662006562336038,0.062456253445792205,0.50341796875,0.164855233593741,0.16556661953124774,0,8,,0,1.9864176570458405,8,2239,,22226.94140625,4,38,0.296875,0.16915629765624374,True
0.5,152,21014,1024,0,0,34,34,0.265625,0.0,8192,1.0,2944,0.359375,17479.6240234375,96.5771484375,5.705482738911786,0.04491070827324491,0.359375,0.164855233593741,0.16556661953124774,0,8,,87,2.7536527353041116,8,1592,0.0,17652.006903353056,4,38,0.296875,0.16915629765624374,True
0.5,153,32412,1024,0,0,34,34,0.265625,0.0,8192,1.0,4034,0.492431640625,13205.55859375,110.447265625,6.923235843251701,0.10029280085873893,0.492431640625,0.164855233593741,0.16556661953124774,0,8,,1,2.0304983882965533,8,2251,,13205.55859375,4,38,0.296875,0.16915629765624374,True
0.5,154,34022,1024,0,0,34,34,0.265625,0.0,8192,1.0,4107,0.5013427734375,17712.509765625,129.96875,5.64800258168166,0.20235405937671558,0.5013427734375,0.164855233593741,0.16556661953124774,0,8,,0,1.9946419873356065,8,2158,,17712.509765625,4,38,0.296875,0.16915629765624374,True
0.5,155,21369,1024,0,0,34,34,0.265625,0.0,8192,1.0,3519,0.4295654296875,9857.041015625,76.515625,8.193337971893179,0.1265041322089732,0.4295654296875,0.164855233593741,0.16556661953124774,0,8,,2,2.3277430358158044,8,1929,,9857.041015625,4,38,0.296875,0.16915629765624374,True
0.5,156,41654,1024,0,0,34,34,0.265625,0.0,8192,1.0,4330,0.528564453125,29072.328125,164.03125,3.496005492091008,0.05444619175766595,0.528564453125,0.164855233593741,0.16556661953124774,0,8,,0,1.892122892122892,23,2102,,29072.328125,4,38,0.296875,0.16915629765624374,True
0.5,157,11953,1024,0,0,34,34,0.265625,0.0,8192,1.0,3916,0.47802734375,24327.8095703125,139.5068359375,4.269773532256752,0.0650612089032029,0.47802734375,0.164855233593741,0.16556661953124774,0,8,,14,2.0886334610472543,8,2015,0.0,24351.590420332355,4,38,0.296875,0.16915629765624374,True
0.5,158,13700,1024,0,0,34,34,0.265625,0.0,8192,1.0,4317,0.5269775390625,28085.9052734375,161.8271484375,3.6459193411836983,0.09075441463600513,0.5269775390625,0.164855233593741,0.16556661953124774,0,8,,1,1.8975903614457832,8,2236,,28085.9052734375,4,38,0.296875,0.16915629765624374,True
0.5,159,38205,1024,0,0,34,34,0.265625,0.0,8192,1.0,3841,0.4688720703125,11954.5556640625,94.7470703125,7.355469223008511,0.13731158463931104,0.4688720703125,0.164855233593741,0.16556661953124774,0,8,,2,2.130989583333333,8,2304,,11954.5556640625,4,38,0.296875,0.16915629765624374,True
0.5,160,40129,1024,0,0,34,34,0.265625,0.0,8192,1.0,4686,0.572021484375,41669.185546875,203.482421875,1.932653489144651,0.1414088057981085,0.572021484375,0.164855233593741,0.16556661953124774,0,8,,0,1.7481323372465314,8,2106,,41669.185546875,4,38,0.296875,0.16915629765624374,True
0.5,161,17080,1024,0,0,34,34,0.265625,0.0,8192,1.0,3971,0.4847412109375,17555.126953125,125.189453125,5.68676386374869,0.08151370999233347,0.4847412109375,0.164855233593741,0.16556661953124774,0,8,,0,2.0624685138539043,10,2186,,17555.126953125,4,38,0.296875,0.16915629765624374,True
0.5,162,1505,1024,0,0,34,34,0.265625,0.0,8192,1.0,4137,0.5050048828125,23146.0966796875,138.1337890625,4.4860259805829585,0.028170222467072615,0.5050048828125,0.164855233593741,0.16556661953124774,0,8,,3,1.9794487427466152,10,2102,,23146.0966796875,4,38,0.296875,0.16915629765624374,True
0.5,163,36391,1024,0,0,34,34,0.265625,0.0,8192,1.0,4015,0.4901123046875,15712.8583984375,114.8349609375,6.168251641316634,0.06736594168576901,0.4901123046875,0.164855233593741,0.16556661953124774,0,8,,2,2.0401096163428,8,2218,,15712.8583984375,4,38,0.296875,0.16915629765624374,True
0.5,164,24660,1024,0,0,34,34,0.265625,0.0,8192,1.0,4159,0.5076904296875,21015.8720703125,134.2431640625,4.905329447578854,0.08988211068140042,0.5076904296875,0.164855233593741,0.16556661953124774,0,8,,1,1.9692159692159692,8,2178,,21015.8720703125,4,38,0.296875,0.16915629765624374,True
0.5,165,24061,1024,0,0,34,34,0.265625,0.0,8192,1.0,3347,0.4085693359375,5181.517578125,55.76171875,10.986233850454399,0.14800463072698763,0.4085693359375,0.164855233593741,0.16556661953124774,0,8,,4,2.4468021518230723,8,1887,,5181.517578125,4,38,0.296875,0.16915629765624374,True
0.5,166,10964,1024,0,0,34,34,0.265625,0.0,8192,1.0,4333,0.5289306640625,26147.4248046875,151.0498046875,3.956514381497463,0.08721763669197795,0.5289306640625,0.164855233593741,0.16556661953124774,0,8,,1,1.8901200369344413,9,2243,,26147.4248046875,4,38,0.296875,0.16915629765624374,True
0.5,167,20807,1024,0,0,34,34,0.265625,0.0,8192,1.0,4197,0.5123291015625,21761.80078125,132.83203125,4.75385530641349,0.061244003188747315,0.5123291015625,0.164855233593741,0.16556661953124774,0,8,,0,1.9520972354623451,8,2182,,21761.80078125,4,38,0.296875,0.16915629765624374,True
0.5,168,33388,1024,0,0,34,34,0.265625,0.0,8192,1.0,4107,0.5013427734375,20536.04296875,132.873046875,5.005635965041194,0.030754881088259026,0.5013427734375,0.164855233593741,0.16556661953124774,0,8,,1,1.9946419873356065,9,2196,,20536.04296875,4,38,0.296875,0.16915629765624374,True
0.5,169,34571,1024,0,0,34,34,0.265625,0.0,8192,1.0,3885,0.4742431640625,23164.6005859375,121.1748046875,4.482555445574778,0.02673588949777833,0.4742431640625,0.164855233593741,0.16556661953124774,0,8,,5,2.107363542739444,10,1836,,23164.6005859375,4,38,0.296875,0.16915629765624374,True
0.5,170,21194,1024,0,0,34,34,0.265625,0.0,8192,1.0,4121,0.5030517578125,19956.865234375,129.857421875,5.129880362577728,0.12876826145273948,0.5030517578125,0.164855233593741,0.16556661953124774,0,8,,1,1.9878640776699028,8,2247,,19956.865234375,4,38,0.296875,0.16915629765624374,True
0.5,171,32696,1024,0,0,34,34,0.265625,0.0,8192,1.0,3908,0.47705078125,12497.2607421875,98.4462890625,7.162655298535539,0.19529326173912387,0.47705078125,0.164855233593741,0.16556661953124774,0,8,,0,2.0962375223957,8,2200,,12497.2607421875,4,38,0.296875,0.16915629765624374,True
0.5,172,46005,1024,0,0,34,34,0.265625,0.0,8192,1.0,3747,0.4573974609375,22522.521484375,149.255859375,4.604633510007919,0.4092219988524425,0.4573974609375,0.164855233593741,0.16556661953124774,0,8,,0,2.1865990389749066,8,2256,,22522.521484375,4,38,0.296875,0.16915629765624374,True
0.5,173,19269,1024,0,0,34,34,0.265625,0.0,8192,1.0,3517,0.4293212890625,6570.03515625,68.578125,9.955126673926761,0.4265901412760284,0.4293212890625,0.164855233593741,0.16556661953124774,0,8,,2,2.328782707622298,8,2175,,6570.03515625,4,38,0.296875,0.16915629765624374,True
0.5,174,5503,1024,0,0,34,34,0.265625,0.0,8192,1.0,4131,0.5042724609375,24643.5234375,145.796875,4.213775591585341,0.053838225916199745,0.5042724609375,0.164855233593741,0.16556661953124774,0,8,,0,1.9823244552058112,8,2150,,24643.5234375,4,38,0.296875,0.16915629765624374,True
0.5,175,32979,1024,0,0,34,34,0.265625,0.0,8192,1.0,3790,0.462646484375,16275.3037109375,112.8056640625,6.015512592495819,0.048756186256778127,0.462646484375,0.164855233593741,0.16556661953124774,0,8,,2,2.1604645025072577,9,2138,,16275.3037109375,4,38,0.296875,0.16915629765624374,True
0.5,176,32764,1024,0,0,34,34,0.265625,0.0,8192,1.0,4042,0.493408203125,17133.3857421875,123.1337890625,5.792371681385214,0.0729947515869607,0.493408203125,0.164855233593741,0.16556661953124774,0,8,,0,2.026478594407325,8,2180,,17133.3857421875,4,38,0.296875,0.16915629765624374,True
0.5,177,36396,1024,0,0,34,34,0.265625,0.0,8192,1.0,4288,0.5234375,23077.9990234375,148.0205078125,4.498822102296362,0.2061360485888536,0.5234375,0.164855233593741,0.16556661953124774,0,8,,0,1.9106601352927455,9,2137,,23077.9990234375,4,38,0.296875,0.16915629765624374,True
0.5,178,16139,1024,0,0,34,34,0.265625,0.0,8192,1.0,4200,0.5126953125,11731.4169921875,103.1494140625,7.437298888443641,0.525850480814812,0.5126953125,0.164855233593741,0.16556661953124774,0,8,,1,1.9504643962848298,8,2678,,11731.4169921875,4,38,0.296875,0.16915629765624374,True
0.5,179,32110,1024,0,0,34,34,0.265625,0.0,8192,1.0,3200,0.390625,18576.3935546875,108.1572265625,5.441189575249527,0.08417798253226004,0.390625,0.164855233593741,0.16556661953124774,0,8,,14,2.5557986870897156,8,1669,0.0,18594.5522971652,4,38,0.296875,0.16915629765624374,True
0.5,180,37930,1024,0,0,34,34,0.265625,0.0,8192,1.0,3500,0.42724609375,7868.1455078125,73.3623046875,9.172079780171906,0.08938408519862685,0.42724609375,0.164855233593741,0.16556661953124774,0,8,,1,2.3406687625035723,8,2069,,7868.1455078125,4,38,0.296875,0.16915629765624374,True
0.5,181,5624,1024,0,0,34,34,0.265625,0.0,8192,1.0,4171,0.5091552734375,21898.41015625,145.509765625,4.726677750429117,0.09881501570767605,0.5091552734375,0.164855233593741,0.16556661953124774,0,8,,1,1.9635491606714628,8,2302,,21898.41015625,4,38,0.296875,0.16915629765624374,True
0.5,182,37946,1024,0,0,34,34,0.265625,0.0,8192,1.0,4166,0.508544921875,19647.853515625,128.365234375,5.1976524927292465,0.11833614728915497,0.508544921875,0.164855233593741,0.16556661953124774,0,8,,2,1.965906362545018,9,2133,,19647.853515625,4,38,0.296875,0.16915629765624374,True
0.5,183,6616,1024,0,0,34,34,0.265625,0.0,8192,1.0,3799,0.4637451171875,14312.275390625,104.267578125,6.573716767212442,0.05802604784287953,0.4637451171875,0.164855233593741,0.16556661953124774,0,8,,0,2.1566614007372302,8,2123,,14312.275390625,4,38,0.296875,0.16915629765624374,True
0.5,184,11706,1024,0,0,34,34,0.265625,0.0,8192,1.0,3999,0.4881591796875,16155.9296875,113.09765625,6.047484064663454,0.099292198538979,0.4881591796875,0.164855233593741,0.16556661953124774,0,8,,2,2.0482741370685345,8,2250,,16155.9296875,4,38,0.296875,0.16915629765624374,True
0.5,185,10558,1024,0,0,34,34,0.265625,0.0,8192,1.0,3067,0.3743896484375,10734.732421875,71.919921875,7.822891373542803,0.11483235537257604,0.3743896484375,0.164855233593741,0.16556661953124774,0,8,,6,2.669602087410307,8,1700,,10734.732421875,4,38,0.296875,0.16915629765624374,True
0.5,186,18351,1024,0,0,34,34,0.265625,0.0,8192,1.0,2638,0.322021484375,9698.025390625,70.271484375,8.263970440504696,0.0378719853941173,0.322021484375,0.164855233593741,0.16556661953124774,0,8,,71,3.079256731133864,8,1557,0.0,9774.38779527559,4,38,0.296875,0.16915629765624374,True
0.5,187,15023,1024,0,0,34,34,0.265625,0.0,8192,1.0,3846,0.469482421875,17609.2373046875,124.1865234375,5.673398147551898,0.14138758185232736,0.469482421875,0.164855233593741,0.16556661953124774,0,8,,14,2.12665799739922,8,1948,0.0,17626.450635386118,4,38,0.296875,0.16915629765624374,True
0.5,188,9490,1024,0,0,34,34,0.265625,0.0,8192,1.0,3975,0.4852294921875,14029.697265625,105.126953125,6.660320609932949,0.13593915200022375,0.4852294921875,0.164855233593741,0.16556661953124774,0,8,,2,2.06064418721691,8,2217,,14029.697265625,4,38,0.296875,0.16915629765624374,True
0.5,189,6355,1024,0,0,34,34,0.265625,0.0,8192,1.0,3538,0.431884765625,4855.7080078125,61.2646484375,11.268277977942256,0.2745514246294977,0.431884765625,0.164855233593741,0.16556661953124774,0,8,,0,2.3155216284987277,6,2160,,4855.7080078125,4,38,0.296875,0.16915629765624374,True
0.5,190,8857,1024,0,0,34,34,0.265625,0.0,8192,1.0,3862,0.471435546875,11815.7802734375,105.1240234375,7.406179546405989,0.33566459153158057,0.471435546875,0.164855233593741,0.16556661953124774,0,8,,1,2.1204351204351206,7,2303,,11815.7802734375,4,38,0.296875,0.16915629765624374,True
0.5,191,31811,1024,0,0,34,34,0.265625,0.0,8192,1.0,3893,0.4752197265625,25108.3759765625,136.3603515625,4.13261737650274,0.16092619735055652,0.4752197265625,0.164855233593741,0.16556661953124774,0,8,,2,2.103802672147996,8,1947,,25108.3759765625,4,38,0.296875,0.16915629765624374,True
0.5,192,10400,1024,0,0,34,34,0.265625,0.0,8192,1.0,4216,0.5146484375,18597.158203125,133.662109375,5.436337753055216,0.1411755300210675,0.5146484375,0.164855233593741,0.16556661953124774,0,8,,0,1.94282325029656,8,2109,,18597.158203125,4,38,0.296875,0.16915629765624374,True
0.5,193,275,1024,0,0,34,34,0.265625,0.0,8192,1.0,4490,0.548095703125,31303.31640625,169.619140625,3.17490009882617,0.03226135432752168,0.548095703125,0.164855233593741,0.16556661953124774,0,8,,0,1.8246825573624414,9,2188,,31303.31640625,4,38,0.296875,0.16915629765624374,True
0.5,194,26152,1024,0,0,34,34,0.265625,0.0,8192,1.0,3686,0.449951171875,18292.9609375,117.3203125,5.507963538747564,0.051514772756454566,0.449951171875,0.164855233593741,0.16556661953124774,0,8,,287,2.144640434192673,8,1895,0.0,18940.335692618806,4,38,0.296875,0.16915629765624374,True
0.5,195,13037,1024,0,0,34,34,0.265625,0.0,8192,1.0,3111,0.3797607421875,15883.0205078125,93.6708984375,6.12147264216715,0.04789555972209022,0.3797607421875,0.164855233593741,0.16556661953124774,0,8,,14,2.6289389067524116,11,1487,0.0,15898.546432062562,4,38,0.296875,0.16915629765624374,True
0.5,196,41203,1024,0,0,34,34,0.265625,0.0,8192,1.0,4193,0.5118408203125,25894.9189453125,156.4599609375,3.998658049138279,0.05991327066807801,0.5118408203125,0.164855233593741,0.16556661953124774,0,8,,0,1.9537213740458015,9,2286,,25894.9189453125,4,38,0.296875,0.16915629765624374,True
0.5,197,43709,1024,0,0,34,34,0.265625,0.0,8192,1.0,3727,0.4549560546875,10440.1953125,91.228515625,7.943717374557314,0.3732255866848938,0.4549560546875,0.164855233593741,0.16556661953124774,0,8,,1,2.1980676328502415,8,2082,,10440.1953125,4,38,0.296875,0.16915629765624374,True
0.5,198,43572,1024,0,0,34,34,0.265625,0.0,8192,1.0,4132,0.50439453125,17070.5537109375,117.2333984375,5.808327524828423,0.10671093572151026,0.50439453125,0.164855233593741,0.16556661953124774,0,8,,3,1.981844589687727,8,2191,,17070.5537109375,4,38,0.296875,0.16915629765624374,True
0.5,199,23390,1024,0,0,34,34,0.265625,0.0,8192,1.0,4136,0.5048828125,25881.28515625,157.349609375,4.000945230903289,0.07388721464063285,0.5048828125,0.164855233593741,0.16556661953124774,0,8,,0,1.980894800483676,8,2114,,25881.28515625,4,38,0.296875,0.16915629765624374,True
0.55,0,712,1024,27,4,34,38,0.296875,0.0263671875,8165,0.9967041015625,3803,0.4657685241886099,4149.486328125,50.412109375,11.95086022871065,0.16281792698081382,0.4642333984375,0.164855233593741,0.16556661953124774,4,12,3.0,5,2.152814308258811,15,2030,,4149.486328125,7,41,0.3203125,0.16915629765624374,True
0.55,1,24774,1024,7,1,34,35,0.2734375,0.0068359375,8185,0.9991455078125,4243,0.5183872938301771,26132.1005859375,152.4619140625,3.9590603968958353,0.05329610887629412,0.5179443359375,0.164855233593741,0.16556661953124774,1,9,9.0,0,1.930928807166431,8,2201,,26132.1005859375,4,38,0.296875,0.16915629765624374,True
0.55,2,45142,1024,7,1,34,35,0.2734375,0.0068359375,8185,0.9991455078125,4358,0.5324373854612096,31319.3115234375,172.5361328125,3.172681542527066,0.04765743864874281,0.531982421875,0.164855233593741,0.16556661953124774,1,9,9.0,0,1.8799632774845076,8,2265,,31319.3115234375,4,38,0.296875,0.16915629765624374,True
0.55,3,27119,1024,7,1,34,35,0.2734375,0.0068359375,8185,0.9991455078125,2632,0.3215638362858888,13509.4951171875,72.7939453125,6.824412421876054,0.07122268905605211,0.3212890625,0.164855233593741,0.16556661953124774,1,9,9.0,7,3.1102242493348538,35,1297,,13509.4951171875,4,38,0.296875,0.16915629765624374,True
0.55,4,21139,1024,7,1,34,35,0.2734375,0.0068359375,8185,0.9991455078125,4547,0.5555284056200367,29415.5224609375,166.8740234375,3.4450379439679564,0.1119291434205575,0.5550537109375,0.164855233593741,0.16556661953124774,1,9,9.0,0,1.8018037835459746,8,2186,,29415.5224609375,4,38,0.296875,0.16915629765624374,True
0.55,5,19129,1024,31,4,34,38,0.296875,0.0302734375,8161,0.9962158203125,4404,0.5396397500306335,5469.43359375,64.71484375,10.75138007083927,0.0649122037259068,0.53759765625,0.164855233593741,0.16556661953124774,4,12,3.0,7,1.8585055643879174,24,1824,,5469.43359375,7,41,0.3203125,0.16915629765624374,True
0.55,6,6433,1024,5,1,34,35,0.2734375,0.0048828125,8187,0.9993896484375,4204,0.5134970074508367,27210.67578125,162.955078125,3.7834103318505052,0.11310600272691997,0.51318359375,0.164855233593741,0.16556661953124774,1,9,9.0,0,1.9488460623364263,8,2404,,27210.67578125,4,38,0.296875,0.16915629765624374,True
0.55,7,38854,1024,120,15,34,49,0.3828125,0.1171875,8072,0.9853515625,3977,0.4926907829534192,3831.537109375,49.884765625,12.29707324706448,0.06726653111873121,0.4854736328125,0.164855233593741,0.16556661953124774,15,24,1.6,8,2.057595573440644,20,1991,0.0,3835.282502443793,19,53,0.4140625,0.16915629765624374,True
0.55,8,22489,1024,188,24,34,58,0.453125,0.18359375,8004,0.97705078125,4264,0.5327336331834083,10960.4423828125,96.1044921875,7.7325227747347745,0.0963382196672372,0.5205078125,0.164855233593741,0.16556661953124774,24,33,1.375,0,1.9214168425991085,25,1971,,10960.4423828125,27,61,0.4765625,0.16915629765624374,True
0.55,9,31104,1024,7,1,34,35,0.2734375,0.0068359375,8185,0.9991455078125,3917,0.47855833842394624,14923.529296875,97.357421875,6.392088183678962,0.091722178709624,0.4781494140625,0.164855233593741,0.16556661953124774,1,9,9.0,3,2.090653728294178,8,2087,,14923.529296875,4,38,0.296875,0.16915629765624374,True
0.55,10,21349,1024,7,1,34,35,0.2734375,0.0068359375,8185,0.9991455078125,4028,0.49211973121563835,21842.2626953125,145.2216796875,4.737827348394353,0.08908917223765524,0.49169921875,0.164855233593741,0.16556661953124774,1,9,9.0,0,2.0340203625527686,8,2166,,21842.2626953125,4,38,0.296875,0.16915629765624374,True
0.55,11,29116,1024,6,1,34,35,0.2734375,0.005859375,8186,0.999267578125,3690,0.4507696066454923,11021.8740234375,86.7705078125,7.708249179997799,0.09925225841349643,0.450439453125,0.164855233593741,0.16556661953124774,1,9,9.0,2,2.2198427758200054,8,2059,,11021.8740234375,4,38,0.296875,0.16915629765624374,True
0.55,12,10772,1024,62,8,34,42,0.328125,0.060546875,8130,0.992431640625,4087,0.5027060270602706,7573.513671875,72.373046875,9.337829471179958,0.026379515150977383,0.4989013671875,0.164855233593741,0.16556661953124774,8,16,2.0,9,2.002447381302007,11,2054,0.0,7580.916911045943,11,45,0.3515625,0.16915629765624374,True
0.55,13,18332,1024,97,13,34,47,0.3671875,0.0947265625,8095,0.9881591796875,4195,0.5182211241507103,2873.69921875,46.650390625,13.54639050957349,0.07746628186023244,0.5120849609375,0.164855233593741,0.16556661953124774,13,21,1.6153846153846154,7,1.9504053409632809,11,1954,,2873.69921875,16,50,0.390625,0.16915629765624374,True
0.55,14,1003,1024,7,1,34,35,0.2734375,0.0068359375,8185,0.9991455078125,4037,0.49321930360415395,18646.703125,128.07421875,5.424783044116904,0.060327782673113124,0.4927978515625,0.164855233593741,0.16556661953124774,1,9,9.0,2,2.027254707631318,9,2023,,18646.703125,4,38,0.296875,0.16915629765624374,True
0.55,15,22156,1024,64,8,34,42,0.328125,0.0625,8128,0.9921875,4228,0.5201771653543307,10080.716796875,88.732421875,8.095889468278926,0.04135018985308653,0.51611328125,0.164855233593741,0.16556661953124774,8,16,2.0,5,1.9365980600898982,12,2009,,10080.716796875,11,45,0.3515625,0.16915629765624374,True
0.55,16,26453,1024,67,9,34,43,0.3359375,0.0654296875,8125,0.9918212890625,4154,0.5112615384615384,13048.2919921875,108.1142578125,6.975266941679329,0.05670131882362285,0.507080078125,0.164855233593741,0.16556661953124774,9,17,1.8888888888888888,0,1.9723091740910186,12,2145,,13048.2919921875,12,46,0.359375,0.16915629765624374,True
0.55,17,17039,1024,29,4,34,38,0.296875,0.0283203125,8163,0.9964599609375,3590,0.4397892931520274,1246.86328125,29.72265625,17.172615252353047,0.29522742969877963,0.438232421875,0.164855233593741,0.16556661953124774,4,12,3.0,4,2.281136806910003,6,1949,,1246.86328125,7,41,0.3203125,0.16915629765624374,True
0.55,18,7166,1024,6,1,34,35,0.2734375,0.005859375,8186,0.999267578125,4114,0.5025653554849744,23972.146484375,146.796875,4.333734380322927,0.09723548490433839,0.502197265625,0.164855233593741,0.16556661953124774,1,9,9.0,2,1.9910041332360806,8,2144,,23972.146484375,4,38,0.296875,0.16915629765624374,True
0.55,19,48310,1024,6,1,34,35,0.2734375,0.005859375,8186,0.999267578125,3589,0.4384314683606157,11704.8076171875,89.2099609375,7.447160809369765,0.08121801999013567,0.4381103515625,0.164855233593741,0.16556661953124774,1,9,9.0,5,2.28149386845039,8,2113,,11704.8076171875,4,38,0.296875,0.16915629765624374,True
0.55,20,12187,1024,96,12,34,46,0.359375,0.09375,8096,0.98828125,3748,0.46294466403162055,1686.001953125,31.087890625,15.862222874766253,0.22367970232915171,0.45751953125,0.164855233593741,0.16556661953124774,12,20,1.6666666666666667,3,2.1849479583666933,14,1799,,1686.001953125,16,50,0.390625,0.16915629765624374,True
0.55,21,20284,1024,97,13,34,47,0.3671875,0.0947265625,8095,0.9881591796875,2865,0.35392217418159355,703.3359375,15.439453125,19.659175522712268,0.2764172079452907,0.3497314453125,0.164855233593741,0.16556661953124774,13,22,1.6923076923076923,3,2.8585893854748603,8,1603,,703.3359375,16,50,0.390625,0.16915629765624374,True
0.55,22,1052,1024,80,10,34,44,0.34375,0.078125,8112,0.990234375,4475,0.5516518737672583,9389.5009765625,86.8408203125,8.404378494201415,0.04755340015247695,0.5462646484375,0.164855233593741,0.16556661953124774,10,18,1.8,0,1.830353151542244,20,1973,,9389.5009765625,13,47,0.3671875,0.16915629765624374,True
0.55,23,13752,1024,106,14,34,48,0.375,0.103515625,8086,0.987060546875,3574,0.44199851595349987,626.140625,20.43359375,20.164084784516568,0.39683922773541214,0.436279296875,0.164855233593741,0.16556661953124774,14,23,1.6428571428571428,3,2.2916316820598936,7,1806,,626.140625,17,51,0.3984375,0.16915629765624374,True
0.55,24,37139,1024,5,1,34,35,0.2734375,0.0048828125,8187,0.9993896484375,4106,0.501526810797606,22318.53515625,130.853515625,4.644146739372335,0.0440488444833636,0.501220703125,0.164855233593741,0.16556661953124774,1,9,9.0,4,1.9943970767356882,8,2110,,22318.53515625,4,38,0.296875,0.16915629765624374,True
0.55,25,29727,1024,7,1,34,35,0.2734375,0.0068359375,8185,0.9991455078125,4169,0.5093463653023824,23461.751953125,141.494140625,4.427199219218973,0.06601626096821767,0.5089111328125,0.164855233593741,0.16556661953124774,1,9,9.0,0,1.96521113243762,9,2184,,23461.751953125,4,38,0.296875,0.16915629765624374,True
0.55,26,41854,1024,7,1,34,35,0.2734375,0.0068359375,8185,0.9991455078125,4249,0.5191203420891876,26154.896484375,160.08984375,3.9552735534803007,0.17101530715177687,0.5186767578125,0.164855233593741,0.16556661953124774,1,9,9.0,0,1.9277306967984935,8,2286,,26154.896484375,4,38,0.296875,0.16915629765624374,True
0.55,27,40333,1024,5,1,34,35,0.2734375,0.0048828125,8187,0.9993896484375,4111,0.5021375351166484,15039.732421875,111.43359375,6.358402512570283,0.05966774329054116,0.5018310546875,0.164855233593741,0.16556661953124774,1,9,9.0,0,1.9929440389294404,8,2169,,15039.732421875,4,38,0.296875,0.16915629765624374,True
0.55,28,33248,1024,7,1,34,35,0.2734375,0.0068359375,8185,0.9991455078125,3290,0.401954795357361,9958.328125,80.654296875,8.148939287729036,0.17773055187913103,0.401611328125,0.164855233593741,0.16556661953124774,1,9,9.0,375,2.375494071146245,8,1826,0.0,10426.715746421269,4,38,0.296875,0.16915629765624374,True
0.55,29,9680,1024,160,20,34,54,0.421875,0.15625,8032,0.98046875,3811,0.47447709163346613,7091.1103515625,76.3017578125,9.623661169682347,0.03674593943532323,0.4652099609375,0.164855233593741,0.16556661953124774,20,29,1.45,0,2.1498687664041993,10,2171,,7091.1103515625,24,58,0.453125,0.16915629765624374,True
0.55,30,16805,1024,93,12,34,46,0.359375,0.0908203125,8099,0.9886474609375,3556,0.439066551426102,2001.0048828125,36.5302734375,15.118322124736093,0.13646748953284424,0.43408203125,0.164855233593741,0.16556661953124774,12,20,1.6666666666666667,3,2.3032348804500704,11,1931,,2001.0048828125,15,49,0.3828125,0.16915629765624374,True
0.55,31,14652,1024,7,1,34,35,0.2734375,0.0068359375,8185,0.9991455078125,4074,0.4977397678680513,21411.8388671875,143.5732421875,4.824263943871642,0.182470412529494,0.497314453125,0.164855233593741,0.16556661953124774,1,9,9.0,0,2.0110483672968327,8,2343,,21411.8388671875,4,38,0.296875,0.16915629765624374,True
0.55,32,15793,1024,94,12,34,46,0.359375,0.091796875,8098,0.988525390625,3770,0.46554704865398866,11580.966796875,100.11328125,7.493355443934567,0.14125736605247488,0.460205078125,0.164855233593741,0.16556661953124774,12,20,1.6666666666666667,0,2.1727248607057574,12,2052,,11580.966796875,15,49,0.3828125,0.16915629765624374,True
0.55,33,30210,1024,7,1,34,35,0.2734375,0.0068359375,8185,0.9991455078125,3410,0.4166157605375687,8998.6171875,66.798828125,8.58904584092899,0.30772543133211233,0.416259765625,0.164855233593741,0.16556661953124774,1,9,9.0,3,2.4018773833968905,69,1982,,8998.6171875,4,38,0.296875,0.16915629765624374,True
0.55,34,47426,1024,167,21,34,55,0.4296875,0.1630859375,8025,0.9796142578125,4535,0.5651090342679128,18515.123046875,126.353515625,5.455537582603989,0.035535224979255306,0.5535888671875,0.164855233593741,0.16556661953124774,21,30,1.4285714285714286,5,1.8050286722540803,21,1924,,18515.123046875,25,59,0.4609375,0.16915629765624374,True
0.55,35,20875,1024,6,1,34,35,0.2734375,0.005859375,8186,0.999267578125,4409,0.538602492059614,30646.748046875,168.30078125,3.2669596293437104,0.053379866813225416,0.5382080078125,0.164855233593741,0.16556661953124774,1,9,9.0,0,1.8575317604355717,8,2176,,30646.748046875,4,38,0.296875,0.16915629765624374,True
0.55,36,4161,1024,172,22,34,56,0.4375,0.16796875,8020,0.97900390625,3894,0.4855361596009975,4929.48828125,56.705078125,11.202785223541586,0.11227226873885174,0.475341796875,0.164855233593741,0.16556661953124774,22,31,1.4090909090909092,0,2.103262265604932,15,1889,,4929.48828125,25,59,0.4609375,0.16915629765624374,True
0.55,37,40340,1024,45,6,34,40,0.3125,0.0439453125,8147,0.9945068359375,4041,0.49601080152203264,5647.7197265625,62.1787109375,10.612072245641675,0.15167639257167573,0.4932861328125,0.164855233593741,0.16556661953124774,6,14,2.3333333333333335,12,2.023762376237624,13,1911,0.0,5653.240469208211,9,43,0.3359375,0.16915629765624374,True
0.55,38,28286,1024,138,18,34,52,0.40625,0.134765625,8054,0.983154296875,4173,0.5181276384405265,5557.7177734375,66.6142578125,10.681838717822226,0.14179223076199504,0.5093994140625,0.164855233593741,0.16556661953124774,18,27,1.5,0,1.9630872483221478,20,2071,,5557.7177734375,21,55,0.4296875,0.16915629765624374,True
0.55,39,13256,1024,37,5,34,39,0.3046875,0.0361328125,8155,0.9954833984375,3675,0.45064377682403434,2792.154296875,38.94140625,13.671409467628363,0.10322184435851978,0.4486083984375,0.164855233593741,0.16556661953124774,5,13,2.6,7,2.2275449101796405,14,1783,,2792.154296875,8,42,0.328125,0.16915629765624374,True
0.55,40,48934,1024,158,20,34,54,0.421875,0.154296875,8034,0.980712890625,4270,0.5314911625591238,7308.546875,76.94140625,9.492493241156108,0.03291364240532595,0.521240234375,0.164855233593741,0.16556661953124774,20,29,1.45,0,1.9187163270086671,14,2144,,7308.546875,23,57,0.4453125,0.16915629765624374,True
0.55,41,11935,1024,6,1,34,35,0.2734375,0.005859375,8186,0.999267578125,3873,0.47312484730026877,14514.9951171875,113.7041015625,6.512634667959038,0.09229442242231015,0.4727783203125,0.164855233593741,0.16556661953124774,1,9,9.0,0,2.115444214876033,10,2159,,14514.9951171875,4,38,0.296875,0.16915629765624374,True
0.55,42,48447,1024,6,1,34,35,0.2734375,0.005859375,8186,0.999267578125,3833,0.4682384559003176,17726.0009765625,130.1572265625,5.644695919734138,0.12374636520333894,0.4678955078125,0.164855233593741,0.16556661953124774,1,9,9.0,0,2.136743215031315,8,2073,,17726.0009765625,4,38,0.296875,0.16915629765624374,True
0.55,43,15492,1024,81,11,34,45,0.3515625,0.0791015625,8111,0.9901123046875,3749,0.4622118111207003,1932.1943359375,32.9580078125,15.270295561896711,0.07169631442390025,0.4576416015625,0.164855233593741,0.16556661953124774,11,19,1.7272727272727273,4,2.1843649946638206,14,1776,,1932.1943359375,14,48,0.375,0.16915629765624374,True
0.55,44,32513,1024,168,21,34,55,0.4296875,0.1640625,8024,0.9794921875,4786,0.5964606181455633,2726.4462890625,45.0009765625,13.774834143534278,0.22017548541619686,0.584228515625,0.164855233593741,0.16556661953124774,21,30,1.4285714285714286,10,1.709508881922675,14,1943,0.0,2729.1114369501465,25,59,0.4609375,0.16915629765624374,True
0.55,45,36099,1024,5,1,34,35,0.2734375,0.0048828125,8187,0.9993896484375,3807,0.4650054965188714,20768.6005859375,126.6533203125,4.956731266477135,0.08267585514839096,0.4647216796875,0.164855233593741,0.16556661953124774,1,9,9.0,15,2.147924330005255,8,2075,0.0,20788.902248289345,4,38,0.296875,0.16915629765624374,True
0.55,46,39260,1024,6,1,34,35,0.2734375,0.005859375,8186,0.999267578125,3957,0.48338626924016614,25485.8134765625,155.7138671875,4.067818605635908,0.18267821102825976,0.4830322265625,0.164855233593741,0.16556661953124774,1,9,9.0,0,2.070525783619818,8,2286,,25485.8134765625,4,38,0.296875,0.16915629765624374,True
0.55,47,46517,1024,6,1,34,35,0.2734375,0.005859375,8186,0.999267578125,4474,0.5465428780845346,27476.8017578125,159.7587890625,3.7411418050688243,0.13762938864302696,0.546142578125,0.164855233593741,0.16556661953124774,1,9,9.0,0,1.831209479096803,8,2256,,27476.8017578125,4,38,0.296875,0.16915629765624374,True
0.55,48,33095,1024,44,6,34,40,0.3125,0.04296875,8148,0.99462890625,4012,0.49239077074128623,7126.953125,74.173828125,9.601764584790928,0.09633551533968705,0.48974609375,0.164855233593741,0.16556661953124774,6,14,2.3333333333333335,0,2.042134131139367,14,1851,,7126.953125,9,43,0.3359375,0.16915629765624374,True
0.55,49,3,1024,112,14,34,48,0.375,0.109375,8080,0.986328125,4562,0.5646039603960396,5121.7216796875,67.6982421875,11.036643861615147,0.15773819303200592,0.556884765625,0.164855233593741,0.16556661953124774,14,22,1.5714285714285714,0,1.7958780969085726,13,2047,,5121.7216796875,18,52,0.40625,0.16915629765624374,True
0.55,50,21683,1024,109,14,34,48,0.375,0.1064453125,8083,0.9866943359375,4288,0.5304961029320797,7459.7353515625,79.1181640625,9.403569405527218,0.092160844922994,0.5234375,0.164855233593741,0.16556661953124774,14,22,1.5714285714285714,0,1.9104268719384185,16,2077,,7459.7353515625,17,51,0.3984375,0.16915629765624374,True
0.55,51,13446,1024,75,10,34,44,0.34375,0.0732421875,8117,0.9908447265625,4015,0.49464087717136873,6010.56640625,61.373046875,10.341649611583126,0.04236059852165228,0.4901123046875,0.164855233593741,0.16556661953124774,10,18,1.8,12,2.0371200797209768,21,2066,0.0,6016.44183773216,13,47,0.3671875,0.16915629765624374,True
0.55,52,49515,1024,6,1,34,35,0.2734375,0.005859375,8186,0.999267578125,4108,0.5018323967749817,12131.1171875,101.880859375,7.291795628022724,0.17781940689838824,0.50146484375,0.164855233593741,0.16556661953124774,1,9,9.0,2,1.9939128317506696,8,2208,,12131.1171875,4,38,0.296875,0.16915629765624374,True
0.55,53,27943,1024,7,1,34,35,0.2734375,0.0068359375,8185,0.9991455078125,4411,0.538912645082468,27938.3740234375,155.2880859375,3.668792337209919,0.09166312746435341,0.5384521484375,0.164855233593741,0.16556661953124774,1,9,9.0,0,1.8569160997732426,9,2089,,27938.3740234375,4,38,0.296875,0.16915629765624374,True
0.55,54,29059,1024,150,19,34,53,0.4140625,0.146484375,8042,0.981689453125,4119,0.5121860233772694,5691.02734375,65.31640625,10.57889688594463,0.05769131198948931,0.5028076171875,0.164855233593741,0.16556661953124774,19,28,1.4736842105263157,7,1.9873725109276348,14,2105,,5691.02734375,22,56,0.4375,0.16915629765624374,True
0.55,55,32738,1024,90,12,34,46,0.359375,0.087890625,8102,0.989013671875,3414,0.4213774376697112,1739.068359375,28.04296875,15.727637072632136,0.42423335705417897,0.416748046875,0.164855233593741,0.16556661953124774,12,20,1.6666666666666667,5,2.3984764137122765,31,1660,,1739.068359375,15,49,0.3828125,0.16915629765624374,True
0.55,56,445,1024,27,4,34,38,0.296875,0.0263671875,8165,0.9967041015625,4250,0.5205143906919779,6595.548828125,71.8046875,9.938294210144843,0.0733598676960698,0.518798828125,0.18412679609375004,0.1794048218749964,4,12,3.0,0,1.9277477053424334,13,1895,,6595.548828125,7,41,0.3203125,0.17927886874998933,True
0.55,57,32216,1024,55,7,34,41,0.3203125,0.0537109375,8137,0.9932861328125,4024,0.4945311539879563,5806.1943359375,65.2431640625,10.491887930972227,0.11603310625398609,0.4912109375,0.18412679609375004,0.1794048218749964,7,15,2.142857142857143,0,2.0352970420084513,20,2087,,5806.1943359375,10,44,0.34375,0.17927886874998933,True
0.55,58,18250,1024,141,18,34,52,0.40625,0.1376953125,8051,0.9827880859375,4084,0.5072661781145199,1390.3515625,29.712890625,16.699557315859565,0.08311818972729802,0.49853515625,0.18412679609375004,0.1794048218749964,18,26,1.4444444444444444,3,2.005143277002204,16,1746,,1390.3515625,21,55,0.4296875,0.17927886874998933,True
0.55,59,1684,1024,6,1,34,35,0.2734375,0.005859375,8186,0.999267578125,4132,0.5047642316149523,22552.603515625,140.080078125,4.598836759753357,0.0708939214135753,0.50439453125,0.18412679609375004,0.1794048218749964,1,9,9.0,0,1.982328733962721,8,2303,,22552.603515625,4,38,0.296875,0.17927886874998933,True
0.55,60,2899,1024,105,14,34,48,0.375,0.1025390625,8087,0.9871826171875,4568,0.564857178187214,6458.0849609375,69.0185546875,10.029766066804772,0.16807185811047703,0.5576171875,0.18412679609375004,0.1794048218749964,14,22,1.5714285714285714,0,1.7932997591416684,31,1832,,6458.0849609375,17,51,0.3984375,0.17927886874998933,True
0.55,61,39428,1024,5,1,34,35,0.2734375,0.0048828125,8187,0.9993896484375,3332,0.40698668620984485,6858.2412109375,63.8564453125,9.768676052658712,0.10709309772048067,0.40673828125,0.18412679609375004,0.1794048218749964,1,9,9.0,5,2.4572200540378266,8,1991,,6858.2412109375,4,38,0.296875,0.17927886874998933,True
0.55,62,40758,1024,7,1,34,35,0.2734375,0.0068359375,8185,0.9991455078125,4362,0.5329260843005498,22634.357421875,136.244140625,4.583121912654947,0.025184106552063372,0.532470703125,0.18412679609375004,0.1794048218749964,1,9,9.0,2,1.8766337995872506,23,2160,,22634.357421875,4,38,0.296875,0.17927886874998933,True
0.55,63,29154,1024,6,1,34,35,0.2734375,0.005859375,8186,0.999267578125,4281,0.5229660395797704,22641.439453125,138.005859375,4.581763267493553,0.061881713250661594,0.5225830078125,0.18412679609375004,0.1794048218749964,1,9,9.0,0,1.9135514018691588,10,2156,,22641.439453125,4,38,0.296875,0.17927886874998933,True
0.55,64,43958,1024,36,5,34,39,0.3046875,0.03515625,8156,0.99560546875,4973,0.6097351642962237,7453.8330078125,82.8466796875,9.407007020714929,0.1371379648908076,0.6070556640625,0.18412679609375004,0.1794048218749964,5,13,2.6,0,1.6474255832662912,16,1763,,7453.8330078125,8,42,0.328125,0.17927886874998933,True
0.55,65,33814,1024,6,1,34,35,0.2734375,0.005859375,8186,0.999267578125,4026,0.49181529440508187,20894.0673828125,127.6728515625,4.930573699078873,0.0413496174683095,0.491455078125,0.18412679609375004,0.1794048218749964,1,9,9.0,4,2.0337888198757765,8,2093,,20894.0673828125,4,38,0.296875,0.17927886874998933,True
0.55,66,34153,1024,29,4,34,38,0.296875,0.0283203125,8163,0.9964599609375,4322,0.5294622075217444,5155.1220703125,59.6845703125,11.008414072841768,0.08716066466772476,0.527587890625,0.18412679609375004,0.1794048218749964,4,12,3.0,4,1.8947003008562833,15,1817,,5155.1220703125,7,41,0.3203125,0.17927886874998933,True
0.55,67,43609,1024,102,13,34,47,0.3671875,0.099609375,8090,0.987548828125,4171,0.5155747836835599,6155.7001953125,71.1826171875,10.238029008930155,0.046565667361255156,0.5091552734375,0.18412679609375004,0.1794048218749964,13,21,1.6153846153846154,0,1.9637889688249401,12,2115,,6155.7001953125,16,50,0.390625,0.17927886874998933,True
0.55,68,10762,1024,120,15,34,49,0.3828125,0.1171875,8072,0.9853515625,3843,0.47609018830525274,4158.755859375,49.72265625,11.941169351022578,0.057490238789740356,0.4691162109375,0.18412679609375004,0.1794048218749964,15,23,1.5333333333333334,6,2.129359708485164,15,1858,,4158.755859375,19,53,0.4140625,0.17927886874998933,True
0.55,69,17898,1024,6,1,34,35,0.2734375,0.005859375,8186,0.999267578125,4100,0.5008551184949914,21157.28515625,140.5078125,4.876204213848324,0.227578022173347,0.50048828125,0.18412679609375004,0.1794048218749964,1,9,9.0,0,1.9973164186386925,8,2606,,21157.28515625,4,38,0.296875,0.17927886874998933,True
0.55,70,43653,1024,91,12,34,46,0.359375,0.0888671875,8101,0.9888916015625,3700,0.4567337365757314,7739.8916015625,74.3037109375,9.243454825070994,0.07584736480576887,0.45166015625,0.18412679609375004,0.1794048218749964,12,20,1.6666666666666667,0,2.214382265477156,14,1978,,7739.8916015625,15,49,0.3828125,0.17927886874998933,True
0.55,71,14233,1024,5,1,34,35,0.2734375,0.0048828125,8187,0.9993896484375,4139,0.5055575913032857,21888.3369140625,139.4365234375,4.728675959415528,0.04670889831066501,0.5052490234375,0.18412679609375004,0.1794048218749964,1,9,9.0,0,1.9794586756887385,8,2172,,21888.3369140625,4,38,0.296875,0.17927886874998933,True
0.55,72,39520,1024,7,1,34,35,0.2734375,0.0068359375,8185,0.9991455078125,4093,0.5000610873549175,18669.8681640625,125.7236328125,5.41939109647398,0.06346357001969673,0.4996337890625,0.18412679609375004,0.1794048218749964,1,9,9.0,2,2.0009775171065494,8,2186,,18669.8681640625,4,38,0.296875,0.17927886874998933,True
0.55,73,18138,1024,109,14,34,48,0.375,0.1064453125,8083,0.9866943359375,3780,0.4676481504391934,1851.564453125,31.728515625,15.455415263893745,0.17602954453429387,0.46142578125,0.18412679609375004,0.1794048218749964,14,22,1.5714285714285714,6,2.1659169092352473,15,1756,,1851.564453125,17,51,0.3984375,0.17927886874998933,True
0.55,74,9212,1024,100,13,34,47,0.3671875,0.09765625,8092,0.98779296875,3914,0.4836875926841325,4505.73046875,58.6953125,11.593151520499227,0.250421983716229,0.477783203125,0.18412679609375004,0.1794048218749964,13,21,1.6153846153846154,0,2.0932788142090466,8,2373,,4505.73046875,16,50,0.390625,0.17927886874998933,True
0.55,75,6456,1024,6,1,34,35,0.2734375,0.005859375,8186,0.999267578125,4288,0.5238211580747618,27353.8974609375,157.2626953125,3.7606114627939773,0.07929649356714073,0.5234375,0.18412679609375004,0.1794048218749964,1,9,9.0,0,1.9104268719384185,15,2081,,27353.8974609375,4,38,0.296875,0.17927886874998933,True
0.55,76,22948,1024,218,28,34,62,0.484375,0.212890625,7974,0.973388671875,3794,0.47579633809882116,6158.767578125,54.85546875,10.235865460360436,0.25987463149959367,0.463134765625,0.18412679609375004,0.1794048218749964,28,37,1.3214285714285714,7,2.1573952016873186,9,2013,,6158.767578125,31,65,0.5078125,0.17927886874998933,True
0.55,77,7591,1024,108,14,34,48,0.375,0.10546875,8084,0.98681640625,4349,0.5379762493814944,5117.9228515625,60.1494140625,11.039866258961153,0.12270384500706202,0.5308837890625,0.18412679609375004,0.1794048218749964,14,22,1.5714285714285714,0,1.8833946642134314,13,1948,,5117.9228515625,17,51,0.3984375,0.17927886874998933,True
0.55,78,29996,1024,57,8,34,42,0.328125,0.0556640625,8135,0.9930419921875,3841,0.47215734480639215,10856.9248046875,82.3798828125,7.773735309632663,0.1816355541203601,0.4688720703125,0.18412679609375004,0.1794048218749964,8,16,2.0,0,2.132552083333333,12,1930,,10856.9248046875,11,45,0.3515625,0.17927886874998933,True
0.55,79,10378,1024,6,1,34,35,0.2734375,0.005859375,8186,0.999267578125,3050,0.3725873442462741,7196.1142578125,61.2919921875,9.559823105379843,0.03626179324481759,0.372314453125,0.18412679609375004,0.1794048218749964,1,9,9.0,2,2.68514266972778,8,1947,,7196.1142578125,4,38,0.296875,0.17927886874998933,True
0.55,80,27337,1024,186,24,34,58,0.453125,0.181640625,8006,0.977294921875,3785,0.47277042218336246,5994.71484375,63.533203125,10.353118314365888,0.14586723201824783,0.4620361328125,0.18412679609375004,0.1794048218749964,24,33,1.375,9,2.161997885835095,13,1982,0.0,6000.574780058651,27,61,0.4765625,0.17927886874998933,True
0.55,81,19965,1024,47,6,34,40,0.3125,0.0458984375,8145,0.9942626953125,4646,0.5704112952731737,7829.0458984375,80.6572265625,9.19371521707948,0.09759999014088315,0.567138671875,0.18412679609375004,0.1794048218749964,6,14,2.3333333333333335,0,1.7629709364908503,15,1845,,7829.0458984375,9,43,0.3359375,0.17927886874998933,True
0.55,82,24405,1024,97,13,34,47,0.3671875,0.0947265625,8095,0.9881591796875,4260,0.5262507720815318,9891.724609375,88.017578125,8.17808343988766,0.0840927100416453,0.52001953125,0.18412679609375004,0.1794048218749964,13,21,1.6153846153846154,0,1.9220474289739375,24,1902,,9891.724609375,16,50,0.390625,0.17927886874998933,True
0.55,83,45135,1024,160,20,34,54,0.421875,0.15625,8032,0.98046875,4420,0.5502988047808764,3776.625,54.125,12.359764971725165,0.14745570315165596,0.53955078125,0.18412679609375004,0.1794048218749964,20,29,1.45,0,1.8535867843403484,11,2038,,3776.625,23,57,0.4453125,0.17927886874998933,True
0.55,84,11274,1024,151,19,34,53,0.4140625,0.1474609375,8041,0.9815673828125,3967,0.493346598681756,8120.90625,78.99609375,9.034758639650695,0.06727111942845351,0.4842529296875,0.18412679609375004,0.1794048218749964,19,28,1.4736842105263157,0,2.0653050932929906,11,1969,,8120.90625,23,57,0.4453125,0.17927886874998933,True
0.55,85,1941,1024,7,1,34,35,0.2734375,0.0068359375,8185,0.9991455078125,4140,0.5058032987171656,17962.279296875,131.265625,5.587189158836341,0.1527059687590324,0.50537109375,0.18412679609375004,0.1794048218749964,1,9,9.0,0,1.978980430055569,8,2158,,17962.279296875,4,38,0.296875,0.17927886874998933,True
0.55,86,48940,1024,57,8,34,42,0.328125,0.0556640625,8135,0.9930419921875,4343,0.5338660110633067,10116.2099609375,94.6455078125,8.080625263629711,0.06570349975605216,0.5301513671875,0.18412679609375004,0.1794048218749964,8,16,2.0,0,1.8864578535237218,11,2093,,10116.2099609375,11,45,0.3515625,0.17927886874998933,True
0.55,87,36794,1024,28,4,34,38,0.296875,0.02734375,8164,0.99658203125,3916,0.4796668299853013,5287.373046875,61.837890625,10.898404080410396,0.07371057714130244,0.47802734375,0.18412679609375004,0.1794048218749964,4,12,3.0,0,2.0919540229885056,12,1950,,5287.373046875,7,41,0.3203125,0.17927886874998933,True
0.55,88,21994,1024,6,1,34,35,0.2734375,0.005859375,8186,0.999267578125,3847,0.4699486928903005,14749.3408203125,107.6728515625,6.443077496722342,0.06853504261345886,0.4696044921875,0.18412679609375004,0.1794048218749964,1,9,9.0,2,2.12922516900676,8,2126,,14749.3408203125,4,38,0.296875,0.17927886874998933,True
0.55,89,49944,1024,6,1,34,35,0.2734375,0.005859375,8186,0.999267578125,3858,0.47129245052528707,20763.1767578125,131.4111328125,4.957865597242406,0.09822017437114955,0.470947265625,0.18412679609375004,0.1794048218749964,1,9,9.0,0,2.123152709359606,8,1987,,20763.1767578125,4,38,0.296875,0.17927886874998933,True
0.55,90,43442,1024,103,13,34,47,0.3671875,0.1005859375,8089,0.9874267578125,2339,0.2891581159599456,353.0595703125,7.6611328125,22.652323725471646,0.6454537086055976,0.2855224609375,0.18412679609375004,0.1794048218749964,13,21,1.6153846153846154,5,3.5012831479897346,9,1298,,353.0595703125,16,50,0.390625,0.17927886874998933,True
0.55,91,45096,1024,42,6,34,40,0.3125,0.041015625,8150,0.994873046875,3264,0.40049079754601224,908.119140625,21.8359375,18.549375313757814,0.27302114455916227,0.3984375,0.18412679609375004,0.1794048218749964,6,14,2.3333333333333335,4,2.509040760036776,11,1755,,908.119140625,9,43,0.3359375,0.17927886874998933,True
0.55,92,42430,1024,7,1,34,35,0.2734375,0.0068359375,8185,0.9991455078125,3924,0.4794135613927917,15977.7890625,125.0078125,6.095636775286764,0.32267786156848893,0.47900390625,0.18412679609375004,0.1794048218749964,1,9,9.0,0,2.087178179964313,8,1930,,15977.7890625,4,38,0.296875,0.17927886874998933,True
0.55,93,42255,1024,7,1,34,35,0.2734375,0.0068359375,8185,0.9991455078125,4119,0.5032376298106293,17787.8876953125,126.6826171875,5.629559820215305,0.16045420994829976,0.5028076171875,0.18412679609375004,0.1794048218749964,1,9,9.0,0,1.9890723652258377,8,2155,,17787.8876953125,4,38,0.296875,0.17927886874998933,True
0.55,94,5771,1024,6,1,34,35,0.2734375,0.005859375,8186,0.999267578125,4630,0.565599804544344,30759.5869140625,161.4033203125,3.2509986205801744,0.02857064136272364,0.565185546875,0.18412679609375004,0.1794048218749964,1,9,9.0,23,1.763447828904731,62,1885,0.0,30819.78180039139,4,38,0.296875,0.17927886874998933,True
0.55,95,8320,1024,6,1,34,35,0.2734375,0.005859375,8186,0.999267578125,4247,0.5188126068898119,28281.095703125,162.16015625,3.615841294133908,0.05859777765216032,0.5184326171875,0.18412679609375004,0.1794048218749964,1,9,9.0,0,1.9284032030146019,9,2128,,28281.095703125,4,38,0.296875,0.17927886874998933,True
0.55,96,48807,1024,41,6,34,40,0.3125,0.0400390625,8151,0.9949951171875,4026,0.4939271255060729,6789.4990234375,67.5341796875,9.812426306792238,0.09637927108535922,0.491455078125,0.18412679609375004,0.1794048218749964,6,14,2.3333333333333335,11,2.032298136645963,15,1814,0.0,6796.13587487781,9,43,0.3359375,0.17927886874998933,True
0.55,97,2675,1024,129,17,34,51,0.3984375,0.1259765625,8063,0.9842529296875,3448,0.42763239489023935,1672.7626953125,36.2802734375,15.896460262571129,0.3409645327564523,0.4208984375,0.18412679609375004,0.1794048218749964,17,26,1.5294117647058822,6,2.374528575572962,11,1978,,1672.7626953125,20,54,0.421875,0.17927886874998933,True
0.55,98,37658,1024,92,12,34,46,0.359375,0.08984375,8100,0.98876953125,3756,0.46370370370370373,8460.0029296875,78.6435546875,8.857098474332727,0.03397383021694293,0.45849609375,0.18412679609375004,0.1794048218749964,12,20,1.6666666666666667,0,2.181091877496671,13,2119,,8460.0029296875,15,49,0.3828125,0.17927886874998933,True
0.55,99,45710,1024,179,23,34,57,0.4453125,0.1748046875,8013,0.9781494140625,4317,0.5387495320104829,12995.30859375,104.998046875,6.992937639126412,0.07302156502556605,0.5269775390625,0.18412679609375004,0.1794048218749964,23,32,1.391304347826087,12,1.894114921223355,12,2167,0.0,13008.011730205279,26,60,0.46875,0.17927886874998933,True
0.55,100,15813,1024,79,10,34,44,0.34375,0.0771484375,8113,0.9903564453125,3493,0.43054357204486626,1056.5771484375,22.3544921875,17.89179147300273,0.247371402715751,0.4263916015625,0.18412679609375004,0.1794048218749964,10,18,1.8,3,2.3447880870561284,14,1702,,1056.5771484375,14,48,0.375,0.17927886874998933,True
0.55,101,7135,1024,6,1,34,35,0.2734375,0.005859375,8186,0.999267578125,4198,0.5128267774248717,19771.1494140625,137.8193359375,5.170484427088047,0.15891838013556206,0.512451171875,0.18412679609375004,0.1794048218749964,1,9,9.0,0,1.9509173218965927,8,2120,,19771.1494140625,4,38,0.296875,0.17927886874998933,True
0.55,102,31775,1024,6,1,34,35,0.2734375,0.005859375,8186,0.999267578125,4383,0.5354263376496458,14906.5546875,120.111328125,6.397030831499595,0.1742518921609527,0.5350341796875,0.18412679609375004,0.1794048218749964,1,9,9.0,2,1.868781378366043,8,2065,,14906.5546875,4,38,0.296875,0.17927886874998933,True
0.55,103,31772,1024,68,9,34,43,0.3359375,0.06640625,8124,0.99169921875,3870,0.47636632200886264,5649.1591796875,61.3544921875,10.610965485876049,0.08681201876604863,0.472412109375,0.18412679609375004,0.1794048218749964,9,17,1.8888888888888888,0,2.117084517963298,18,1858,,5649.1591796875,12,46,0.359375,0.17927886874998933,True
0.55,104,25160,1024,6,1,34,35,0.2734375,0.005859375,8186,0.999267578125,4143,0.5061079892499389,16414.4873046875,125.1923828125,5.978530384825641,0.19525886257488018,0.5057373046875,0.18412679609375004,0.1794048218749964,1,9,9.0,0,1.9775470787059393,8,2109,,16414.4873046875,4,38,0.296875,0.17927886874998933,True
0.55,105,36108,1024,6,1,34,35,0.2734375,0.005859375,8186,0.999267578125,4449,0.5434888834595651,35323.8623046875,183.2783203125,2.6501217768639447,0.0655156367167665,0.5430908203125,0.18412679609375004,0.1794048218749964,1,9,9.0,0,1.8403776978417266,8,2094,,35323.8623046875,4,38,0.296875,0.17927886874998933,True
0.55,106,1260,1024,7,1,34,35,0.2734375,0.0068359375,8185,0.9991455078125,3370,0.41172877214416614,7669.7919921875,67.2744140625,9.282967749984774,0.06154878671356127,0.411376953125,0.18412679609375004,0.1794048218749964,1,9,9.0,2,2.4306915998812704,8,1950,,7669.7919921875,4,38,0.296875,0.17927886874998933,True
0.55,107,37885,1024,129,17,34,51,0.3984375,0.1259765625,8063,0.9842529296875,4190,0.5196576956467815,4169.9423828125,54.0810546875,11.929503066134494,0.08582442969588393,0.511474609375,0.18412679609375004,0.1794048218749964,17,25,1.4705882352941178,0,1.9551205538314633,13,2034,,4169.9423828125,20,54,0.421875,0.17927886874998933,True
0.55,108,41535,1024,7,1,34,35,0.2734375,0.0068359375,8185,0.9991455078125,3596,0.43934025656689063,19332.5947265625,122.6279296875,5.26790214040449,0.09065353557286207,0.43896484375,0.18412679609375004,0.1794048218749964,1,9,9.0,127,2.243115438108484,8,1945,0.0,19619.997026759167,4,38,0.296875,0.17927886874998933,True
0.55,109,44889,1024,192,24,34,58,0.453125,0.1875,8000,0.9765625,3899,0.487375,7996.3291015625,73.2861328125,9.10189700978191,0.05998793174205278,0.4759521484375,0.18412679609375004,0.1794048218749964,24,33,1.375,21,2.0956900974858903,12,2075,0.0,8011.977495107632,27,61,0.4765625,0.17927886874998933,True
0.55,110,28184,1024,35,5,34,39,0.3046875,0.0341796875,8157,0.9957275390625,4773,0.5851415961750643,4969.2841796875,65.7919921875,11.167865273058904,0.22427237205216607,0.5826416015625,0.18412679609375004,0.1794048218749964,5,13,2.6,0,1.7156328583403184,20,1692,,4969.2841796875,8,42,0.328125,0.17927886874998933,True
0.55,111,25319,1024,80,10,34,44,0.34375,0.078125,8112,0.990234375,4307,0.5309418145956607,3575.99609375,50.744140625,12.596833251466439,0.07819450940281591,0.5257568359375,0.18412679609375004,0.1794048218749964,10,18,1.8,5,1.9006038086391082,15,1949,,3575.99609375,14,48,0.375,0.17927886874998933,True
0.55,112,11010,1024,7,1,34,35,0.2734375,0.0068359375,8185,0.9991455078125,3694,0.4513133781307269,10148.0068359375,86.0302734375,8.066996097670806,0.12344570279415452,0.450927734375,0.18412679609375004,0.1794048218749964,1,9,9.0,0,2.2179799620904412,8,2143,,10148.0068359375,4,38,0.296875,0.17927886874998933,True
0.55,113,33880,1024,49,7,34,41,0.3203125,0.0478515625,8143,0.9940185546875,3243,0.3982561709443694,948.888671875,22.08984375,18.358650989427623,0.1252060386891039,0.3958740234375,0.18412679609375004,0.1794048218749964,7,15,2.142857142857143,5,2.524984577421345,9,1761,,948.888671875,10,44,0.34375,0.17927886874998933,True
0.55,114,19307,1024,205,26,34,60,0.46875,0.2001953125,7987,0.9749755859375,3553,0.4448478778014273,1941.98828125,36.4140625,15.24833755998198,0.12269810649576643,0.4337158203125,0.18412679609375004,0.1794048218749964,26,35,1.3461538461538463,7,2.3032094594594597,8,2151,,1941.98828125,29,63,0.4921875,0.17927886874998933,True
0.55,115,12236,1024,6,1,34,35,0.2734375,0.005859375,8186,0.999267578125,2128,0.25995602247740046,6250.50390625,45.16015625,10.171653299426977,0.06800669035845129,0.259765625,0.18412679609375004,0.1794048218749964,1,9,9.0,15,3.8439116125999058,8,1302,0.0,6256.613880742913,4,38,0.296875,0.17927886874998933,True
0.55,116,13805,1024,58,8,34,42,0.328125,0.056640625,8134,0.992919921875,3893,0.4786083107941972,2409.0048828125,38.1806640625,14.312426805970988,0.13260086660675852,0.4752197265625,0.18412679609375004,0.1794048218749964,8,16,2.0,0,2.104059609455293,16,1792,,2409.0048828125,11,45,0.3515625,0.17927886874998933,True
0.55,117,5814,1024,7,1,34,35,0.2734375,0.0068359375,8185,0.9991455078125,3814,0.4659743433109346,11188.611328125,94.181640625,7.643041733527223,0.06205928870808242,0.465576171875,0.18412679609375004,0.1794048218749964,1,9,9.0,2,2.146079202727511,8,2274,,11188.611328125,4,38,0.296875,0.17927886874998933,True
0.55,118,48485,1024,6,1,34,35,0.2734375,0.005859375,8186,0.999267578125,3923,0.47923283655020765,15378.412109375,112.673828125,6.261688659576258,0.050662021743238334,0.4788818359375,0.18412679609375004,0.1794048218749964,1,9,9.0,2,2.0879653238143803,8,2188,,15378.412109375,4,38,0.296875,0.17927886874998933,True
0.55,119,12248,1024,6,1,34,35,0.2734375,0.005859375,8186,0.999267578125,3411,0.4166870266308331,15011.1923828125,96.6279296875,6.366651699765215,0.040389111703432526,0.4163818359375,0.18412679609375004,0.1794048218749964,1,9,9.0,13,2.3982404692082113,9,1891,0.0,15025.866080156402,4,38,0.296875,0.17927886874998933,True
0.55,120,458,1024,6,1,34,35,0.2734375,0.005859375,8186,0.999267578125,3936,0.4808209137551918,15675.326171875,117.072265625,6.178637744802006,0.07396062005006863,0.48046875,0.18412679609375004,0.1794048218749964,1,9,9.0,0,2.0815756035578143,8,2109,,15675.326171875,4,38,0.296875,0.17927886874998933,True
0.55,121,319,1024,7,1,34,35,0.2734375,0.0068359375,8185,0.9991455078125,4010,0.4899205864386072,19393.345703125,113.447265625,5.2542762166739445,0.036831586337886066,0.489501953125,0.18412679609375004,0.1794048218749964,1,9,9.0,3,2.041905712147668,9,2053,,19393.345703125,4,38,0.296875,0.17927886874998933,True
0.55,122,21496,1024,5,1,34,35,0.2734375,0.0048828125,8187,0.9993896484375,4069,0.49700745083669234,18312.9287109375,122.2978515625,5.503225560917665,0.0717802840819241,0.4967041015625,0.18412679609375004,0.1794048218749964,1,9,9.0,2,2.0130285152409044,8,2209,,18312.9287109375,4,38,0.296875,0.17927886874998933,True
0.55,123,20390,1024,6,1,34,35,0.2734375,0.005859375,8186,0.999267578125,4366,0.5333496213046665,23159.4443359375,147.9482421875,4.483522257059111,0.15882701053102433,0.532958984375,0.18412679609375004,0.1794048218749964,1,9,9.0,0,1.8765177548682703,8,2254,,23159.4443359375,4,38,0.296875,0.17927886874998933,True
0.55,124,33691,1024,7,1,34,35,0.2734375,0.0068359375,8185,0.9991455078125,4741,0.579230299328039,24612.080078125,148.763671875,4.219320414244842,0.08668113711626053,0.5787353515625,0.18412679609375004,0.1794048218749964,1,9,9.0,0,1.7280590717299578,43,1912,,24612.080078125,4,38,0.296875,0.17927886874998933,True
0.55,125,33872,1024,6,1,34,35,0.2734375,0.005859375,8186,0.999267578125,4024,0.4915709748350843,17283.8447265625,123.0419921875,5.754400047966418,0.05867787479759576,0.4912109375,0.18412679609375004,0.1794048218749964,1,9,9.0,2,2.0355456127268208,8,2228,,17283.8447265625,4,38,0.296875,0.17927886874998933,True
0.55,126,46987,1024,99,13,34,47,0.3671875,0.0966796875,8093,0.9879150390625,4284,0.5293463486964043,2522.4638671875,46.2119140625,14.112554069276342,0.3123196591031255,0.52294921875,0.18412679609375004,0.1794048218749964,13,21,1.6153846153846154,3,1.9110436609852908,25,2044,,2522.4638671875,16,50,0.390625,0.17927886874998933,True
0.55,127,26772,1024,84,11,34,45,0.3515625,0.08203125,8108,0.98974609375,4145,0.511223482979773,6107.5556640625,66.4443359375,10.272129270586996,0.06575402151973489,0.5059814453125,0.18412679609375004,0.1794048218749964,11,19,1.7272727272727273,0,1.976592664092664,20,2023,,6107.5556640625,14,48,0.375,0.17927886874998933,True
0.55,128,7057,1024,47,6,34,40,0.3125,0.0458984375,8145,0.9942626953125,3902,0.4790669122160835,7390.5341796875,70.2431640625,9.444045310107862,0.12028806577143482,0.476318359375,0.18412679609375004,0.1794048218749964,6,14,2.3333333333333335,0,2.098692642912074,10,2015,,7390.5341796875,9,43,0.3359375,0.17927886874998933,True
0.55,129,30014,1024,6,1,34,35,0.2734375,0.005859375,8186,0.999267578125,4222,0.5157586122648424,25398.4345703125,147.5947265625,4.082734111151426,0.05756093931231525,0.515380859375,0.18412679609375004,0.1794048218749964,1,9,9.0,3,1.939587775408671,9,2213,,25398.4345703125,4,38,0.296875,0.17927886874998933,True
0.55,130,48237,1024,6,1,34,35,0.2734375,0.005859375,8186,0.999267578125,4055,0.4953579281700464,26824.50390625,161.6796875,3.845486620200576,0.11722761574309634,0.4949951171875,0.18412679609375004,0.1794048218749964,1,9,9.0,0,2.0202269363591516,8,2331,,26824.50390625,4,38,0.296875,0.17927886874998933,True
0.55,131,4823,1024,7,1,34,35,0.2734375,0.0068359375,8185,0.9991455078125,4140,0.5058032987171656,19912.126953125,127.490234375,5.139627083408023,0.1042560430984133,0.50537109375,0.18412679609375004,0.1794048218749964,1,9,9.0,2,1.9782556172988646,8,2152,,19912.126953125,4,38,0.296875,0.17927886874998933,True
0.55,132,26627,1024,75,10,34,44,0.34375,0.0732421875,8117,0.9908447265625,3876,0.4775163237649378,2187.7802734375,38.2216796875,14.730766587574537,0.12690934058954195,0.47314453125,0.18412679609375004,0.1794048218749964,10,18,1.8,13,2.110193548387097,15,1939,0.0,2189.9188660801565,13,47,0.3671875,0.17927886874998933,True
0.55,133,12293,1024,39,5,34,39,0.3046875,0.0380859375,8153,0.9952392578125,3866,0.4741812829633264,2890.4658203125,42.1181640625,13.521125226480198,0.06466394623701244,0.471923828125,0.18412679609375004,0.1794048218749964,5,13,2.6,4,2.1182406209573093,12,1891,,2890.4658203125,8,42,0.328125,0.17927886874998933,True
0.55,134,32803,1024,7,1,34,35,0.2734375,0.0068359375,8185,0.9991455078125,4059,0.49590714722052537,25151.05859375,156.990234375,4.12524091883561,0.15912378814968278,0.4954833984375,0.18412679609375004,0.1794048218749964,1,9,9.0,0,2.0184820108427797,8,2248,,25151.05859375,4,38,0.296875,0.17927886874998933,True
0.55,135,41882,1024,6,1,34,35,0.2734375,0.005859375,8186,0.999267578125,3970,0.48497434644515025,19719.7607421875,120.9873046875,5.18178719480673,0.1584807649015227,0.484619140625,0.18412679609375004,0.1794048218749964,1,9,9.0,2,2.0624842529604432,8,2105,,19719.7607421875,4,38,0.296875,0.17927886874998933,True
0.55,136,10235,1024,26,4,34,38,0.296875,0.025390625,8166,0.996826171875,3737,0.4576291942199363,2510.6767578125,35.4853515625,14.13289558682612,0.20307530346760846,0.4561767578125,0.18412679609375004,0.1794048218749964,4,12,3.0,0,2.1924518201284795,12,1898,,2510.6767578125,7,41,0.3203125,0.17927886874998933,True
0.55,137,30033,1024,46,6,34,40,0.3125,0.044921875,8146,0.994384765625,4145,0.5088386938374663,16551.2939453125,115.5771484375,5.942484092007428,0.04930481790693373,0.5059814453125,0.18412679609375004,0.1794048218749964,6,14,2.3333333333333335,0,1.9763513513513513,11,2050,,16551.2939453125,9,43,0.3359375,0.17927886874998933,True
0.55,138,20042,1024,101,13,34,47,0.3671875,0.0986328125,8091,0.9876708984375,4198,0.5188481028303052,2909.6865234375,45.3330078125,13.492341582994099,0.057030826435540825,0.512451171875,0.18412679609375004,0.1794048218749964,13,21,1.6153846153846154,3,1.9509173218965927,15,1892,,2909.6865234375,16,50,0.390625,0.17927886874998933,True
0.55,139,29399,1024,104,13,34,47,0.3671875,0.1015625,8088,0.9873046875,4009,0.49567260138476754,4674.2451171875,50.2509765625,11.433688778329461,0.13570894986921272,0.4893798828125,0.18412679609375004,0.1794048218749964,13,22,1.6923076923076923,9,2.0411676646706587,13,1919,0.0,4678.814271749756,16,50,0.390625,0.17927886874998933,True
0.55,140,6463,1024,108,14,34,48,0.375,0.10546875,8084,0.98681640625,4426,0.5475012370113805,4323.15625,54.927734375,11.772794285296108,0.06362627594376016,0.540283203125,0.18412679609375004,0.1794048218749964,14,23,1.6428571428571428,7,1.849039548022599,15,1886,,4323.15625,17,51,0.3984375,0.17927886874998933,True
0.55,141,25920,1024,5,1,34,35,0.2734375,0.0048828125,8187,0.9993896484375,4407,0.5382924148039575,25729.9990234375,157.6142578125,4.026405911408794,0.304853809640173,0.5379638671875,0.18412679609375004,0.1794048218749964,1,9,9.0,0,1.8590558329550613,8,2331,,25729.9990234375,4,38,0.296875,0.17927886874998933,True
0.55,142,10327,1024,5,1,34,35,0.2734375,0.0048828125,8187,0.9993896484375,4218,0.5152070355441554,22033.892578125,140.255859375,4.699891330832585,0.03909531153073547,0.514892578125,0.18412679609375004,0.1794048218749964,1,9,9.0,12,1.938819065686507,9,2194,0.0,22055.431085043987,4,38,0.296875,0.17927886874998933,True
0.55,143,3805,1024,7,1,34,35,0.2734375,0.0068359375,8185,0.9991455078125,4103,0.5012828344532682,23139.283203125,148.5390625,4.48730459396046,0.07286501407998779,0.5008544921875,0.18412679609375004,0.1794048218749964,1,9,9.0,0,1.9968308142369575,8,2254,,23139.283203125,4,38,0.296875,0.17927886874998933,True
0.55,144,37879,1024,6,1,34,35,0.2734375,0.005859375,8186,0.999267578125,3750,0.458099193745419,9654.2275390625,82.4150390625,8.28362830442133,0.4074038049422582,0.457763671875,0.18412679609375004,0.1794048218749964,1,9,9.0,0,2.1848492931448384,8,2288,,9654.2275390625,4,38,0.296875,0.17927886874998933,True
0.55,145,22721,1024,153,20,34,54,0.421875,0.1494140625,8039,0.9813232421875,4196,0.5219554670978978,9072.009765625,87.244140625,8.553768518196557,0.13734298281696986,0.51220703125,0.18412679609375004,0.1794048218749964,20,29,1.45,0,1.9520858164481525,30,1925,,9072.009765625,23,57,0.4453125,0.17927886874998933,True
0.55,146,43932,1024,97,13,34,47,0.3671875,0.0947265625,8095,0.9881591796875,3888,0.48029647930821495,5723.6201171875,63.0693359375,10.554095594147107,0.06370867537806,0.474609375,0.18412679609375004,0.1794048218749964,13,21,1.6153846153846154,0,2.1072806791870335,13,1978,,5723.6201171875,16,50,0.390625,0.17927886874998933,True
0.55,147,47270,1024,6,1,34,35,0.2734375,0.005859375,8186,0.999267578125,4429,0.5410456877595895,28497.248046875,161.228515625,3.582774382545737,0.045928008765814654,0.5406494140625,0.18412679609375004,0.1794048218749964,1,9,9.0,0,1.84936766034327,9,2120,,28497.248046875,4,38,0.296875,0.17927886874998933,True
0.55,148,11091,1024,29,4,34,38,0.296875,0.0283203125,8163,0.9964599609375,4313,0.52835967168933,3916.5849609375,51.7783203125,12.201728089076752,0.1473878396067227,0.5264892578125,0.18412679609375004,0.1794048218749964,4,12,3.0,0,1.899582560296846,18,1957,,3916.5849609375,7,41,0.3203125,0.17927886874998933,True
0.55,149,9736,1024,6,1,34,35,0.2734375,0.005859375,8186,0.999267578125,4098,0.5006107989249939,14483.5478515625,116.1083984375,6.522054023476569,0.11642120935647955,0.500244140625,0.18412679609375004,0.1794048218749964,1,9,9.0,0,1.9985355137905785,8,2177,,14483.5478515625,4,38,0.296875,0.17927886874998933,True
0.55,150,23206,1024,7,1,34,35,0.2734375,0.0068359375,8185,0.9991455078125,4104,0.5014050091631033,16386.2021484375,116.0224609375,5.9860205263615995,0.14572546225413766,0.5009765625,0.18412679609375004,0.1794048218749964,1,9,9.0,2,1.9956129661223494,8,2296,,16386.2021484375,4,38,0.296875,0.17927886874998933,True
0.55,151,25039,1024,7,1,34,35,0.2734375,0.0068359375,8185,0.9991455078125,4120,0.5033598045204642,22219.927734375,141.58203125,4.663377187119006,0.06167462051654468,0.5029296875,0.18412679609375004,0.1794048218749964,1,9,9.0,0,1.9883466860888566,8,2239,,22219.927734375,4,38,0.296875,0.17927886874998933,True
0.55,152,21014,1024,7,1,34,35,0.2734375,0.0068359375,8185,0.9991455078125,2943,0.35956017104459376,17474.0224609375,96.5556640625,5.706874712539315,0.044798914249592904,0.3592529296875,0.18412679609375004,0.1794048218749964,1,9,9.0,87,2.7545887151597555,8,1596,0.0,17646.35009861933,4,38,0.296875,0.17927886874998933,True
0.55,153,32412,1024,171,22,34,56,0.4375,0.1669921875,8021,0.9791259765625,3791,0.47263433487096373,3463.40234375,49.75390625,12.735774143601672,0.1048491412983286,0.4627685546875,0.18412679609375004,0.1794048218749964,22,31,1.4090909090909092,5,2.1598944591029023,8,2210,,3463.40234375,25,59,0.4609375,0.17927886874998933,True
0.55,154,34022,1024,7,1,34,35,0.2734375,0.0068359375,8185,0.9991455078125,4102,0.5011606597434332,17705.87890625,129.9375,5.649628711936857,0.20071453064743608,0.500732421875,0.18412679609375004,0.1794048218749964,1,9,9.0,0,1.9970738844184346,8,2158,,17705.87890625,4,38,0.296875,0.17927886874998933,True
0.55,155,21369,1024,7,1,34,35,0.2734375,0.0068359375,8185,0.9991455078125,3515,0.42944410507025044,9845.5634765625,76.4853515625,8.198397843491879,0.1270923651541426,0.4290771484375,0.18412679609375004,0.1794048218749964,1,9,9.0,2,2.330392714854866,9,1930,,9845.5634765625,4,38,0.296875,0.17927886874998933,True
0.55,156,41654,1024,85,11,34,45,0.3515625,0.0830078125,8107,0.9896240234375,4530,0.5587763661033675,5362.103515625,63.318359375,10.837451670676025,0.07319798189765239,0.552978515625,0.18412679609375004,0.1794048218749964,11,19,1.7272727272727273,0,1.8085670125855597,13,1961,,5362.103515625,14,48,0.375,0.17927886874998933,True
0.55,157,11953,1024,6,1,34,35,0.2734375,0.005859375,8186,0.999267578125,3905,0.47703396042022966,24373.9716796875,139.6259765625,4.261540586822775,0.064441970270005,0.4766845703125,0.18412679609375004,0.1794048218749964,1,9,9.0,14,2.0940061475409837,8,2015,0.0,24397.797653958944,4,38,0.296875,0.17927886874998933,True
0.55,158,13700,1024,41,6,34,40,0.3125,0.0400390625,8151,0.9949951171875,4393,0.5389522757943811,6840.8720703125,71.4423828125,9.779688920157696,0.12418098539614815,0.5362548828125,0.18412679609375004,0.1794048218749964,6,14,2.3333333333333335,4,1.863615664845173,20,1919,,6840.8720703125,9,43,0.3359375,0.17927886874998933,True
0.55,159,38205,1024,6,1,34,35,0.2734375,0.005859375,8186,0.999267578125,3841,0.4692157341803078,11954.5556640625,94.7470703125,7.355469223008511,0.13731158463931104,0.4688720703125,0.18412679609375004,0.1794048218749964,1,9,9.0,2,2.130989583333333,8,2304,,11954.5556640625,4,38,0.296875,0.17927886874998933,True
0.55,160,40129,1024,30,4,34,38,0.296875,0.029296875,8162,0.996337890625,3922,0.4805194805194805,12861.81640625,112.25390625,7.037780548375823,0.2116472923596373,0.478759765625,0.18412679609375004,0.1794048218749964,4,12,3.0,0,2.0890079061463913,12,2094,,12861.81640625,7,41,0.3203125,0.17927886874998933,True
0.55,161,17080,1024,7,1,34,35,0.2734375,0.0068359375,8185,0.9991455078125,3967,0.48466707391569946,17549.7529296875,125.1591796875,5.688093541417749,0.08123643157030877,0.4842529296875,0.18412679609375004,0.1794048218749964,1,9,9.0,0,2.0645486636409482,10,2185,,17549.7529296875,4,38,0.296875,0.17927886874998933,True
0.55,162,1505,1024,7,1,34,35,0.2734375,0.0068359375,8185,0.9991455078125,4139,0.5056811240073305,23135.794921875,138.103515625,4.487959348684797,0.02821335681269538,0.5052490234375,0.18412679609375004,0.1794048218749964,1,9,9.0,3,1.9784920251329146,10,2102,,23135.794921875,4,38,0.296875,0.17927886874998933,True
0.55,163,36391,1024,7,1,34,35,0.2734375,0.0068359375,8185,0.9991455078125,4016,0.4906536346976176,15705.4140625,114.802734375,6.170309701054714,0.06792226541718915,0.490234375,0.18412679609375004,0.1794048218749964,1,9,9.0,2,2.039601494396015,8,2226,,15705.4140625,4,38,0.296875,0.17927886874998933,True
0.55,164,24660,1024,95,12,34,46,0.359375,0.0927734375,8097,0.9884033203125,3898,0.48141286896381374,3779.05859375,47.5390625,12.356967352263597,0.11938900343948361,0.475830078125,0.18412679609375004,0.1794048218749964,12,20,1.6666666666666667,3,2.1005901975878882,12,1920,,3779.05859375,15,49,0.3828125,0.17927886874998933,True
0.55,165,24061,1024,6,1,34,35,0.2734375,0.005859375,8186,0.999267578125,3345,0.40862448082091374,5181.5322265625,55.7626953125,10.986221572725942,0.14800463222960347,0.4083251953125,0.18412679609375004,0.1794048218749964,1,9,9.0,4,2.4482655502392343,8,1886,,5181.5322265625,4,38,0.296875,0.17927886874998933,True
0.55,166,10964,1024,32,4,34,38,0.296875,0.03125,8160,0.99609375,4152,0.5088235294117647,6852.2119140625,69.7080078125,9.772495752135441,0.11034682042958763,0.5068359375,0.18412679609375004,0.1794048218749964,4,12,3.0,20,1.9684413394362805,19,1886,0.0,6865.6213307240705,8,42,0.328125,0.17927886874998933,True
0.55,167,20807,1024,5,1,34,35,0.2734375,0.0048828125,8187,0.9993896484375,4194,0.5122755588127519,21817.099609375,132.982421875,4.742833463923063,0.06030682482951639,0.511962890625,0.18412679609375004,0.1794048218749964,1,9,9.0,0,1.9532554257095158,8,2190,,21817.099609375,4,38,0.296875,0.17927886874998933,True
0.55,168,33388,1024,146,19,34,53,0.4140625,0.142578125,8046,0.982177734375,4108,0.5105642555306985,3090.2490234375,47.3759765625,13.230868830135886,0.04646435087005832,0.50146484375,0.18412679609375004,0.1794048218749964,19,28,1.4736842105263157,3,1.9936693450206964,13,1954,,3090.2490234375,22,56,0.4375,0.17927886874998933,True
0.55,169,34571,1024,7,1,34,35,0.2734375,0.0068359375,8185,0.9991455078125,3877,0.47367135003054367,23157.8779296875,121.1455078125,4.48381600529747,0.026540010377492356,0.4732666015625,0.18412679609375004,0.1794048218749964,1,9,9.0,5,2.1117131062951495,10,1842,,23157.8779296875,4,38,0.296875,0.17927886874998933,True
0.55,170,21194,1024,74,10,34,44,0.34375,0.072265625,8118,0.990966796875,3776,0.46513919684651395,5489.037109375,53.9375,10.735841939700064,0.15272014510112414,0.4609375,0.18412679609375004,0.1794048218749964,10,18,1.8,14,2.1658278145695364,13,1804,0.0,5494.402737047898,13,47,0.3671875,0.17927886874998933,True
0.55,171,32696,1024,47,6,34,40,0.3125,0.0458984375,8145,0.9942626953125,3593,0.4411295273173726,2863.7763671875,37.7158203125,13.561412600423226,0.20638525829676058,0.4385986328125,0.18412679609375004,0.1794048218749964,6,14,2.3333333333333335,0,2.2803452115812917,10,1869,,2863.7763671875,9,43,0.3359375,0.17927886874998933,True
0.55,172,46005,1024,6,1,34,35,0.2734375,0.005859375,8186,0.999267578125,3747,0.4577327143904227,22522.2216796875,149.2548828125,4.604691320758868,0.4092219920401718,0.4573974609375,0.18412679609375004,0.1794048218749964,1,9,9.0,0,2.1865990389749066,8,2255,,22522.2216796875,4,38,0.296875,0.17927886874998933,True
0.55,173,19269,1024,7,1,34,35,0.2734375,0.0068359375,8185,0.9991455078125,3513,0.42919975565058033,6563.181640625,68.548828125,9.95965937042267,0.4260318040155204,0.4288330078125,0.18412679609375004,0.1794048218749964,1,9,9.0,2,2.3314350797266514,8,2172,,6563.181640625,4,38,0.296875,0.17927886874998933,True
0.55,174,5503,1024,6,1,34,35,0.2734375,0.005859375,8186,0.999267578125,4128,0.5042755924749572,24643.2177734375,145.7958984375,4.213829459304082,0.05383804900466106,0.50390625,0.18412679609375004,0.1794048218749964,1,9,9.0,0,1.983765447055973,8,2151,,24643.2177734375,4,38,0.296875,0.17927886874998933,True
0.55,175,32979,1024,6,1,34,35,0.2734375,0.005859375,8186,0.999267578125,3787,0.4626191057903738,16275.228515625,112.8046875,6.015532657856998,0.04875596727584055,0.4622802734375,0.18412679609375004,0.1794048218749964,1,9,9.0,2,2.162176439513999,9,2137,,16275.228515625,4,38,0.296875,0.17927886874998933,True
0.55,176,32764,1024,7,1,34,35,0.2734375,0.0068359375,8185,0.9991455078125,4039,0.49346365302382406,17124.6474609375,123.1005859375,5.794587212783643,0.07309126689453786,0.4930419921875,0.18412679609375004,0.1794048218749964,1,9,9.0,0,2.027984150569589,8,2180,,17124.6474609375,4,38,0.296875,0.17927886874998933,True
0.55,177,36396,1024,33,5,34,39,0.3046875,0.0322265625,8159,0.9959716796875,4375,0.5362176737345263,4400.6015625,58.85546875,11.695683122415751,0.2562017537636244,0.5340576171875,0.18412679609375004,0.1794048218749964,5,13,2.6,0,1.8726566072245086,15,2006,,4400.6015625,8,42,0.328125,0.17927886874998933,True
0.55,178,16139,1024,165,21,34,55,0.4296875,0.1611328125,8027,0.9798583984375,3261,0.4062538931107512,1496.734375,34.900390625,16.37935627797774,0.5552289068980274,0.3980712890625,0.18412679609375004,0.1794048218749964,21,30,1.4285714285714286,3,2.5113496932515336,25,2015,,1496.734375,24,58,0.453125,0.17927886874998933,True
0.55,179,32110,1024,6,1,34,35,0.2734375,0.005859375,8186,0.999267578125,3196,0.3904226728560958,18576.3759765625,108.1572265625,5.441193684812708,0.08417796725334216,0.39013671875,0.18412679609375004,0.1794048218749964,1,9,9.0,14,2.558998435054773,8,1667,0.0,18594.534701857283,4,38,0.296875,0.17927886874998933,True
0.55,180,37930,1024,156,20,34,54,0.421875,0.15234375,8036,0.98095703125,3685,0.4585614733698357,2269.318359375,37.841796875,14.57184934167151,0.1396668474773569,0.4498291015625,0.18412679609375004,0.1794048218749964,20,29,1.45,5,2.221769815418024,11,1904,,2269.318359375,23,57,0.4453125,0.17927886874998933,True
0.55,181,5624,1024,65,9,34,43,0.3359375,0.0634765625,8127,0.9920654296875,4649,0.5720438046019442,3589.271484375,54.171875,12.580740522401953,0.11628027441363757,0.5675048828125,0.18412679609375004,0.1794048218749964,9,17,1.8888888888888888,12,1.7596815834767643,29,1777,0.0,3592.7800586510266,12,46,0.359375,0.17927886874998933,True
0.55,182,37946,1024,5,1,34,35,0.2734375,0.0048828125,8187,0.9993896484375,4186,0.5112983999022841,19699.7802734375,128.5146484375,5.18618978694429,0.11769927710032027,0.510986328125,0.18412679609375004,0.1794048218749964,1,9,9.0,2,1.9567502986857825,9,2127,,19699.7802734375,4,38,0.296875,0.17927886874998933,True
0.55,183,6616,1024,6,1,34,35,0.2734375,0.005859375,8186,0.999267578125,3799,0.46408502321035916,14312.275390625,104.267578125,6.573716767212442,0.05802604784287953,0.4637451171875,0.18412679609375004,0.1794048218749964,1,9,9.0,0,2.1566614007372302,8,2123,,14312.275390625,4,38,0.296875,0.17927886874998933,True
0.55,184,11706,1024,7,1,34,35,0.2734375,0.0068359375,8185,0.9991455078125,3999,0.4885766646304215,16145.5537109375,113.0654296875,6.050274171523165,0.0996613697647086,0.4881591796875,0.2086193460937551,0.20147695625000495,1,9,9.0,2,2.0482741370685345,8,2248,,16145.5537109375,4,38,0.296875,0.20405237890625472,True
0.55,185,10558,1024,7,1,34,35,0.2734375,0.0068359375,8185,0.9991455078125,3063,0.37422113622480146,10729.83203125,71.890625,7.824874374548233,0.11481672969503441,0.3739013671875,0.2086193460937551,0.20147695625000495,1,9,9.0,6,2.6730894839973875,8,1706,,10729.83203125,4,38,0.296875,0.20405237890625472,True
0.55,186,18351,1024,5,1,34,35,0.2734375,0.0048828125,8187,0.9993896484375,2564,0.31317943080493466,9703.7353515625,70.2490234375,8.261414172925083,0.03801535561777356,0.31298828125,0.2086193460937551,0.20147695625000495,1,9,9.0,71,3.1619196254389386,8,1476,0.0,9780.142716535433,4,38,0.296875,0.20405237890625472,True
0.55,187,15023,1024,7,1,34,35,0.2734375,0.0068359375,8185,0.9991455078125,3843,0.4695174098961515,17601.640625,124.15625,5.675272111686985,0.14047662529396032,0.4691162109375,0.2086193460937551,0.20147695625000495,1,9,9.0,14,2.1283185840707963,8,1954,0.0,17618.846529814273,4,38,0.296875,0.20405237890625472,True
0.55,188,9490,1024,6,1,34,35,0.2734375,0.005859375,8186,0.999267578125,3975,0.48558514537014413,14029.697265625,105.126953125,6.660320609932949,0.13593915200022375,0.4852294921875,0.2086193460937551,0.20147695625000495,1,9,9.0,2,2.06064418721691,8,2217,,14029.697265625,4,38,0.296875,0.20405237890625472,True
0.55,189,6355,1024,6,1,34,35,0.2734375,0.005859375,8186,0.999267578125,3541,0.4325677986806743,4858.0146484375,61.2939453125,11.266215408627788,0.27544626459814153,0.4322509765625,0.2086193460937551,0.20147695625000495,1,9,9.0,0,2.3135593220338984,6,2162,,4858.0146484375,4,38,0.296875,0.20405237890625472,True
0.55,190,8857,1024,79,10,34,44,0.34375,0.0771484375,8113,0.9903564453125,3238,0.399112535436953,749.853515625,17.767578125,19.381039289017956,0.3430310651877619,0.395263671875,0.2086193460937551,0.20147695625000495,10,18,1.8,3,2.529502625888168,11,1593,,749.853515625,13,47,0.3671875,0.20405237890625472,True
0.55,191,31811,1024,7,1,34,35,0.2734375,0.0068359375,8185,0.9991455078125,3885,0.4746487477092242,25095.4375,136.330078125,4.134855895336516,0.16123862258160612,0.4742431640625,0.2086193460937551,0.20147695625000495,1,9,9.0,2,2.1081359423274972,8,1950,,25095.4375,4,38,0.296875,0.20405237890625472,True
0.55,192,10400,1024,6,1,34,35,0.2734375,0.005859375,8186,0.999267578125,4213,0.5146591741998534,18596.48828125,133.66015625,5.436494200944118,0.14117637476683143,0.5142822265625,0.2086193460937551,0.20147695625000495,1,9,9.0,0,1.944207027540361,8,2110,,18596.48828125,4,38,0.296875,0.20405237890625472,True
0.55,193,275,1024,41,6,34,40,0.3125,0.0400390625,8151,0.9949951171875,4379,0.537234695129432,8658.6083984375,83.1572265625,8.75632262550727,0.04434876920864342,0.5345458984375,0.2086193460937551,0.20147695625000495,6,14,2.3333333333333335,0,1.8704888076747372,14,1861,,8658.6083984375,9,43,0.3359375,0.20405237890625472,True
0.55,194,26152,1024,7,1,34,35,0.2734375,0.0068359375,8185,0.9991455078125,3691,0.45094685400122175,18281.4873046875,117.2880859375,5.510688356657772,0.05169690175322262,0.4505615234375,0.2086193460937551,0.20147695625000495,1,9,9.0,287,2.1417344173441735,8,1891,0.0,18928.45601617796,4,38,0.296875,0.20405237890625472,True
0.55,195,13037,1024,5,1,34,35,0.2734375,0.0048828125,8187,0.9993896484375,3115,0.3804812507634054,15928.03125,93.8203125,6.109182617836874,0.04802830439707896,0.3802490234375,0.2086193460937551,0.20147695625000495,1,9,9.0,14,2.625883108542068,11,1494,0.0,15943.601173020528,4,38,0.296875,0.20405237890625472,True
0.55,196,41203,1024,6,1,34,35,0.2734375,0.005859375,8186,0.999267578125,4190,0.5118494991448815,25894.2919921875,156.4580078125,3.998763199333728,0.05991326382014959,0.511474609375,0.2086193460937551,0.20147695625000495,1,9,9.0,0,1.9551205538314633,9,2287,,25894.2919921875,4,38,0.296875,0.20405237890625472,True
0.55,197,43709,1024,178,23,34,57,0.4453125,0.173828125,8014,0.978271484375,4044,0.5046169203893187,3300.5830078125,47.5322265625,12.944897013801842,0.3832352739341423,0.49365234375,0.2086193460937551,0.20147695625000495,23,32,1.391304347826087,13,2.022260697501855,9,2139,0.0,3303.809384164223,26,60,0.46875,0.20405237890625472,True
0.55,198,43572,1024,7,1,34,35,0.2734375,0.0068359375,8185,0.9991455078125,4141,0.5059254734270006,17061.591796875,117.203125,5.81060813734555,0.1065122487801876,0.5054931640625,0.2086193460937551,0.20147695625000495,1,9,9.0,3,1.977536231884058,8,2194,,17061.591796875,4,38,0.296875,0.20405237890625472,True
0.55,199,23390,1024,6,1,34,35,0.2734375,0.005859375,8186,0.999267578125,4136,0.5052528707549475,25881.0166015625,157.3486328125,4.000990295289883,0.07388721116218683,0.5048828125,0.2086193460937551,0.20147695625000495,1,9,9.0,0,1.980894800483676,8,2114,,25881.0166015625,4,38,0.296875,0.20405237890625472,True
0.6,0,712,1024,122,16,34,50,0.390625,0.119140625,8070,0.985107421875,3826,0.47410161090458486,4374.40625,52.263671875,11.72161247474839,0.16711064684353202,0.467041015625,0.2086193460937551,0.20147695625000495,16,25,1.5625,20,2.1362091503267973,15,1996,0.0,4382.966731898238,19,53,0.4140625,0.20405237890625472,True
0.6,1,24774,1024,289,37,34,71,0.5546875,0.2822265625,7903,0.9647216796875,4200,0.5314437555358724,3759.5458984375,51.4599609375,12.379449695872434,0.07208365955409872,0.5126953125,0.2086193460937551,0.20147695625000495,37,48,1.2972972972972974,30,1.942367230292927,10,2001,0.0,3770.592556317336,40,74,0.578125,0.20405237890625472,True
0.6,2,45142,1024,264,33,34,67,0.5234375,0.2578125,7928,0.9677734375,3801,0.4794399596367306,4053.314453125,51.90234375,12.052700635758713,0.08014257308417864,0.4639892578125,0.2086193460937551,0.20147695625000495,33,42,1.2727272727272727,12,2.1523684210526315,9,1971,0.0,4057.2766373411537,37,71,0.5546875,0.20405237890625472,True
0.6,3,27119,1024,21,3,34,37,0.2890625,0.0205078125,8171,0.9974365234375,2771,0.33912617794639577,13371.5234375,72.396484375,6.868994709725198,0.07194962362118519,0.3382568359375,0.2086193460937551,0.20147695625000495,3,11,3.6666666666666665,7,2.9541516245487363,24,1466,,13371.5234375,6,40,0.3125,0.20405237890625472,True
0.6,4,21139,1024,217,28,34,62,0.484375,0.2119140625,7975,0.9735107421875,3606,0.4521630094043887,1574.1875,31.892578125,16.16023901354632,0.18433192198213907,0.440185546875,0.2086193460937551,0.20147695625000495,28,37,1.3214285714285714,20,2.2657420249653257,9,1862,0.0,1577.2681017612524,30,64,0.5,0.20405237890625472,True
0.6,5,19129,1024,84,11,34,45,0.3515625,0.08203125,8108,0.98974609375,4369,0.5388505180069068,5499.15625,64.8671875,10.727843012062639,0.06090905249623018,0.5333251953125,0.2086193460937551,0.20147695625000495,11,20,1.8181818181818181,10,1.8727106227106227,16,1825,0.0,5504.531769305963,14,48,0.375,0.20405237890625472,True
0.6,6,6433,1024,215,27,34,61,0.4765625,0.2099609375,7977,0.9737548828125,3173,0.39776858468095777,935.2548828125,23.5966796875,18.421503766114185,0.1333073487855259,0.3873291015625,0.2086193460937551,0.20147695625000495,27,36,1.3333333333333333,51,2.566204287515763,10,1754,0.0,940.7671905697446,30,64,0.5,0.20405237890625472,True
0.6,7,38854,1024,195,25,34,59,0.4609375,0.1904296875,7997,0.9761962890625,3845,0.4808053019882456,3846.8505859375,49.7255859375,12.279750425005345,0.07064838308502677,0.4693603515625,0.2086193460937551,0.20147695625000495,25,34,1.36,8,2.1287721123829346,11,1959,0.0,3850.6109481915933,28,62,0.484375,0.20405237890625472,True
0.6,8,22489,1024,248,31,34,65,0.5078125,0.2421875,7944,0.9697265625,3783,0.4762084592145015,5136.8408203125,60.2158203125,11.023842527902561,0.09582140181397832,0.4617919921875,0.2086193460937551,0.20147695625000495,31,40,1.2903225806451613,13,2.1618191433104177,7,2151,0.0,5141.862170087977,35,69,0.5390625,0.20405237890625472,True
0.6,9,31104,1024,14,2,34,36,0.28125,0.013671875,8178,0.998291015625,3861,0.47212032281731475,14782.044921875,96.53515625,6.43345843124771,0.09197450712293423,0.4713134765625,0.2086193460937551,0.20147695625000495,2,10,5.0,3,2.120984455958549,8,2032,,14782.044921875,5,39,0.3046875,0.20405237890625472,True
0.6,10,21349,1024,253,32,34,66,0.515625,0.2470703125,7939,0.9691162109375,4089,0.515052273586094,1537.5078125,29.666015625,16.262630296451587,0.12327550797501122,0.4991455078125,0.2086193460937551,0.20147695625000495,32,43,1.34375,14,2.0002446183953033,15,1708,0.0,1539.010752688172,36,70,0.546875,0.20405237890625472,True
0.6,11,29116,1024,17,3,34,37,0.2890625,0.0166015625,8175,0.9979248046875,3704,0.45308868501529054,11024.7880859375,86.7744140625,7.707101104824549,0.0964337901157797,0.4521484375,0.2086193460937551,0.20147695625000495,3,11,3.6666666666666665,2,2.2114501755333515,8,2065,,11024.7880859375,6,40,0.3125,0.20405237890625472,True
0.6,12,10772,1024,193,25,34,59,0.4609375,0.1884765625,7999,0.9764404296875,3906,0.48831103887986,10241.2421875,83.115234375,8.027277243005372,0.02217338364736157,0.476806640625,0.2086193460937551,0.20147695625000495,25,34,1.36,9,2.0952624839948784,9,1922,0.0,10251.253176930597,28,62,0.484375,0.20405237890625472,True
0.6,13,18332,1024,265,34,34,68,0.53125,0.2587890625,7927,0.9676513671875,4038,0.509398259114419,2679.900390625,44.89453125,13.84961708856234,0.08503949471374132,0.492919921875,0.2086193460937551,0.20147695625000495,34,45,1.3235294117647058,8,2.0267525390141192,14,1940,0.0,2682.5200391006842,36,70,0.546875,0.20405237890625472,True
0.6,14,1003,1024,14,2,34,36,0.28125,0.013671875,8178,0.998291015625,4047,0.49486426999266325,18640.724609375,128.046875,5.426175704606468,0.059050364068146226,0.4940185546875,0.2086193460937551,0.20147695625000495,2,10,5.0,2,2.022244191794365,9,2019,,18640.724609375,5,39,0.3046875,0.20405237890625472,True
0.6,15,22156,1024,186,24,34,58,0.453125,0.181640625,8006,0.977294921875,4088,0.5106170372220834,10056.01953125,87.80859375,8.106542526830617,0.0249152174781352,0.4990234375,0.2086193460937551,0.20147695625000495,24,33,1.375,17,1.9997553217518962,11,1975,0.0,10075.698630136987,27,61,0.4765625,0.20405237890625472,True
0.6,16,26453,1024,125,16,34,50,0.390625,0.1220703125,8067,0.9847412109375,3118,0.3865129540101649,2460.0244140625,31.6552734375,14.221409436669656,0.13204786365593685,0.380615234375,0.2086193460937551,0.20147695625000495,16,25,1.5625,12,2.62399743342958,6,1864,0.0,2462.4291300097752,19,53,0.4140625,0.20405237890625472,True
0.6,17,17039,1024,74,10,34,44,0.34375,0.072265625,8118,0.990966796875,3525,0.434220251293422,1239.009765625,29.642578125,17.200056314568705,0.2940654366442511,0.4302978515625,0.2086193460937551,0.20147695625000495,10,18,1.8,4,2.322360953461975,7,1931,,1239.009765625,13,47,0.3671875,0.20405237890625472,True
0.6,18,7166,1024,22,3,34,37,0.2890625,0.021484375,8170,0.997314453125,4119,0.5041615667074664,23706.9560546875,145.8720703125,4.382045662114605,0.09655065136041832,0.5028076171875,0.2086193460937551,0.20147695625000495,3,11,3.6666666666666665,2,1.9885866925692084,8,2144,,23706.9560546875,6,40,0.3125,0.20405237890625472,True
0.6,19,48310,1024,15,2,34,36,0.28125,0.0146484375,8177,0.9981689453125,3550,0.4341445517916106,11696.28125,89.123046875,7.450325580381142,0.0791210683486386,0.433349609375,0.2086193460937551,0.20147695625000495,2,10,5.0,5,2.3060016906170753,8,2108,,11696.28125,5,39,0.3046875,0.20405237890625472,True
0.6,20,12187,1024,110,14,34,48,0.375,0.107421875,8082,0.986572265625,3813,0.4717891610987379,1717.2099609375,35.2744140625,15.78256961862021,0.25986294202860694,0.4654541015625,0.2086193460937551,0.20147695625000495,14,23,1.6428571428571428,13,2.145330535152151,10,2009,0.0,1718.8885630498535,17,51,0.3984375,0.20405237890625472,True
0.6,21,20284,1024,195,25,34,59,0.4609375,0.1904296875,7997,0.9761962890625,2703,0.3380017506564962,755.244140625,14.78515625,19.349929962759205,0.26586116196843923,0.3299560546875,0.2086193460937551,0.20147695625000495,25,34,1.36,21,3.0229459659511475,9,1482,0.0,756.7221135029354,28,62,0.484375,0.20405237890625472,True
0.6,22,1052,1024,248,31,34,65,0.5078125,0.2421875,7944,0.9697265625,3572,0.44964753272910374,2108.826171875,35.8046875,14.89039578049612,0.06868391121781736,0.43603515625,0.2086193460937551,0.20147695625000495,31,42,1.3548387096774193,13,2.2895547465695882,7,1910,0.0,2110.887585532747,35,69,0.5390625,0.20405237890625472,True
0.6,23,13752,1024,115,15,34,49,0.3828125,0.1123046875,8077,0.9859619140625,2796,0.3461681317320787,463.3330078125,11.9873046875,21.47187120452797,0.4183506033551848,0.34130859375,0.2086193460937551,0.20147695625000495,15,24,1.6,26,2.9202146690518784,9,1496,0.0,464.69441723800196,18,52,0.40625,0.20405237890625472,True
0.6,24,37139,1024,11,2,34,36,0.28125,0.0107421875,8181,0.9986572265625,4108,0.5021391027991688,22311.310546875,130.828125,4.645552797566551,0.04405088758345584,0.50146484375,0.2086193460937551,0.20147695625000495,2,10,5.0,4,1.9934258582907232,8,2105,,22311.310546875,5,39,0.3046875,0.20405237890625472,True
0.6,25,29727,1024,196,25,34,59,0.4609375,0.19140625,7996,0.97607421875,3999,0.5001250625312657,4586.681640625,55.337890625,11.515817638617298,0.047724143489180075,0.4881591796875,0.2086193460937551,0.20147695625000495,25,33,1.32,11,2.0457728864432214,12,1891,0.0,4591.165200391007,28,62,0.484375,0.20405237890625472,True
0.6,26,41854,1024,170,22,34,56,0.4375,0.166015625,8022,0.979248046875,3135,0.39080029917726256,659.3994140625,20.2841796875,19.939318039715072,0.2690877963908767,0.3826904296875,0.2086193460937551,0.20147695625000495,22,31,1.4090909090909092,13,2.608806636885769,7,1760,0.0,660.0439882697947,25,59,0.4609375,0.20405237890625472,True
0.6,27,40333,1024,192,24,34,58,0.453125,0.1875,8000,0.9765625,4404,0.5505,6798.8291015625,75.1552734375,9.806462361787503,0.056311318771412044,0.53759765625,0.2086193460937551,0.20147695625000495,24,33,1.375,8,1.8585055643879174,15,1935,0.0,6805.475073313783,28,62,0.484375,0.20405237890625472,True
0.6,28,33248,1024,18,3,34,37,0.2890625,0.017578125,8174,0.997802734375,3289,0.4023733790066063,9916.9765625,80.4609375,8.167010740324983,0.17739405896397345,0.4014892578125,0.2086193460937551,0.20147695625000495,3,11,3.6666666666666665,375,2.3768248175182483,8,1824,0.0,10383.419222903885,6,40,0.3125,0.20405237890625472,True
0.6,29,9680,1024,114,15,34,49,0.3828125,0.111328125,8078,0.986083984375,3497,0.4329041842040109,10151.0791015625,72.1962890625,8.065681488705481,0.03240922031883344,0.4268798828125,0.2086193460937551,0.20147695625000495,15,23,1.5333333333333334,17,2.3378146453089244,7,2002,0.0,10170.944227005872,18,52,0.40625,0.20405237890625472,True
0.6,30,16805,1024,191,24,34,58,0.453125,0.1865234375,8001,0.9766845703125,3476,0.43444569428821395,1759.78125,33.54296875,15.676216747709702,0.12905275928607013,0.42431640625,0.2086193460937551,0.20147695625000495,24,33,1.375,19,2.3516546762589927,11,1954,0.0,1763.225048923679,27,61,0.4765625,0.20405237890625472,True
0.6,31,14652,1024,164,21,34,55,0.4296875,0.16015625,8028,0.97998046875,3944,0.49128051818634777,2010.0341796875,37.7060546875,15.098769184108713,0.314406770545629,0.4814453125,0.2086193460937551,0.20147695625000495,21,29,1.380952380952381,20,2.0717727618564545,17,1861,0.0,2013.96771037182,24,58,0.453125,0.20405237890625472,True
0.6,32,15793,1024,126,16,34,50,0.390625,0.123046875,8066,0.984619140625,3079,0.3817257624597074,3211.6044921875,34.7529296875,13.063583041605805,0.3393745503313822,0.3758544921875,0.2086193460937551,0.20147695625000495,16,24,1.5,39,2.648473034437947,8,1819,0.0,3224.199019607843,20,54,0.421875,0.20405237890625472,True
0.6,33,30210,1024,32,4,34,38,0.296875,0.03125,8160,0.99609375,3403,0.4170343137254902,8867.9033203125,66.1806640625,8.652594111665142,0.3139099905371295,0.4154052734375,0.2086193460937551,0.20147695625000495,4,12,3.0,3,2.406819517930629,16,1990,,8867.9033203125,7,41,0.3203125,0.20405237890625472,True
0.6,34,47426,1024,288,36,34,70,0.546875,0.28125,7904,0.96484375,4471,0.5656629554655871,18181.5244140625,125.1259765625,5.534500674131814,0.04624219265160744,0.5457763671875,0.2086193460937551,0.20147695625000495,36,47,1.3055555555555556,9,1.8304250559284116,23,1959,0.0,18199.29716520039,40,74,0.578125,0.20405237890625472,True
0.6,35,20875,1024,325,41,34,75,0.5859375,0.3173828125,7867,0.9603271484375,3699,0.47019194101944833,4372.83203125,49.845703125,11.723175652752309,0.08998555862006419,0.4515380859375,0.2086193460937551,0.20147695625000495,41,52,1.2682926829268293,11,2.2114656571119524,10,1989,0.0,4377.106549364614,45,79,0.6171875,0.20405237890625472,True
0.6,36,4161,1024,130,17,34,51,0.3984375,0.126953125,8062,0.984130859375,3818,0.47357975688414783,12975.669921875,93.638671875,6.999505715448776,0.030565478881010088,0.466064453125,0.2086193460937551,0.20147695625000495,17,25,1.4705882352941178,20,2.1406864029342416,13,2022,0.0,13001.062622309199,20,54,0.421875,0.20405237890625472,True
0.6,37,40340,1024,102,13,34,47,0.3671875,0.099609375,8090,0.987548828125,4083,0.5046971569839308,5645.953125,62.119140625,10.61343092731531,0.15092032693381296,0.4984130859375,0.2086193460937551,0.20147695625000495,13,21,1.6153846153846154,12,2.0029397354238117,13,1916,0.0,5651.472140762463,17,51,0.3984375,0.20405237890625472,True
0.6,38,28286,1024,262,33,34,67,0.5234375,0.255859375,7930,0.968017578125,3609,0.4551071878940731,7316.1279296875,63.6181640625,9.487990699312734,0.14799730445692977,0.4405517578125,0.2086193460937551,0.20147695625000495,33,44,1.3333333333333333,4,2.268847006651885,8,2004,,7316.1279296875,37,71,0.5546875,0.20405237890625472,True
0.6,39,13256,1024,85,11,34,45,0.3515625,0.0830078125,8107,0.9896240234375,3649,0.45010484766251385,2798.94921875,39.021484375,13.660853417217623,0.10228803127893486,0.4454345703125,0.2086193460937551,0.20147695625000495,11,19,1.7272727272727273,14,2.2415021929824563,14,1778,0.0,2801.685239491691,14,48,0.375,0.20405237890625472,True
0.6,40,48934,1024,117,15,34,49,0.3828125,0.1142578125,8075,0.9857177734375,3422,0.4237770897832817,9160.3203125,67.548828125,8.511697007896831,0.018903830224397664,0.417724609375,0.2086193460937551,0.20147695625000495,15,24,1.6,36,2.383805904706226,10,1859,0.0,9196.243137254902,19,53,0.4140625,0.20405237890625472,True
0.6,41,11935,1024,276,35,34,69,0.5390625,0.26953125,7916,0.96630859375,4381,0.5534360788276907,3070.220703125,48.447265625,13.25910764965921,0.08844510311028812,0.5347900390625,0.2086193460937551,0.20147695625000495,35,46,1.3142857142857143,18,1.8655251141552511,15,1882,0.0,3076.2289628180038,38,72,0.5625,0.20405237890625472,True
0.6,42,48447,1024,260,33,34,67,0.5234375,0.25390625,7932,0.96826171875,3482,0.4389813414019163,1029.5791015625,22.1025390625,18.00420642208759,0.16790468785790785,0.425048828125,0.2086193460937551,0.20147695625000495,33,42,1.2727272727272727,19,2.3473139902326916,12,1683,0.0,1031.5939334637965,36,70,0.546875,0.20405237890625472,True
0.6,43,15492,1024,215,27,34,61,0.4765625,0.2099609375,7977,0.9737548828125,3706,0.464585683841043,1950.30078125,33.001953125,15.229787661393804,0.06776919470158296,0.452392578125,0.2086193460937551,0.20147695625000495,27,36,1.3333333333333333,4,2.2097165991902834,11,1768,,1950.30078125,31,65,0.5078125,0.20405237890625472,True
0.6,44,32513,1024,311,39,34,73,0.5703125,0.3037109375,7881,0.9620361328125,4448,0.5643953812967898,2475.76171875,42.015625,14.193715174551325,0.21995794048762463,0.54296875,0.2086193460937551,0.20147695625000495,39,48,1.2307692307692308,10,1.8396671913649651,15,1921,0.0,2478.181818181818,42,76,0.59375,0.20405237890625472,True
0.6,45,36099,1024,13,2,34,36,0.28125,0.0126953125,8179,0.9984130859375,3806,0.46533806088763907,20768.958984375,126.654296875,4.956656322033916,0.08267648403392466,0.464599609375,0.2086193460937551,0.20147695625000495,2,10,5.0,15,2.1484888304862024,8,2075,0.0,20789.26099706745,5,39,0.3046875,0.20405237890625472,True
0.6,46,39260,1024,334,42,34,76,0.59375,0.326171875,7858,0.959228515625,3586,0.45635021634003564,2163.0224609375,39.2255859375,14.780193316689632,0.2288504363923314,0.437744140625,0.2086193460937551,0.20147695625000495,42,51,1.2142857142857142,19,2.2786610878661087,9,1860,0.0,2167.2553816046966,46,80,0.625,0.20405237890625472,True
0.6,47,46517,1024,270,34,34,68,0.53125,0.263671875,7922,0.967041015625,3876,0.4892703862660944,2342.3505859375,40.2587890625,14.434284632386873,0.13655232099875242,0.47314453125,0.2086193460937551,0.20147695625000495,34,45,1.3235294117647058,30,2.1060645161290323,10,1923,0.0,2349.2331047992166,38,72,0.5625,0.20405237890625472,True
0.6,48,33095,1024,316,40,34,74,0.578125,0.30859375,7876,0.96142578125,3899,0.49504824784154394,4105.9189453125,51.2216796875,11.996699891287507,0.0938943050119219,0.4759521484375,0.2086193460937551,0.20147695625000495,40,51,1.275,13,2.097485890200103,16,1818,0.0,4109.932551319648,43,77,0.6015625,0.20405237890625472,True
0.6,49,3,1024,100,13,34,47,0.3671875,0.09765625,8092,0.98779296875,3706,0.4579831932773109,5295.3876953125,65.1181640625,10.891825989227858,0.07682771191937873,0.452392578125,0.2086193460937551,0.20147695625000495,13,22,1.6923076923076923,4,2.20944669365722,8,2340,,5295.3876953125,16,50,0.390625,0.20405237890625472,True
0.6,50,21683,1024,55,7,34,41,0.3203125,0.0537109375,8137,0.9932861328125,3692,0.45372987587562985,7808.0654296875,72.7294921875,9.205369169119933,0.042010084446282715,0.45068359375,0.2086193460937551,0.20147695625000495,7,15,2.142857142857143,10,2.2159306421024114,8,2218,0.0,7815.6979472140765,11,45,0.3515625,0.20405237890625472,True
0.6,51,13446,1024,156,20,34,54,0.421875,0.15234375,8036,0.98095703125,4000,0.49776007964161273,6044.4248046875,61.5322265625,10.317253817316164,0.04024738843430813,0.48828125,0.2086193460937551,0.20147695625000495,20,29,1.45,12,2.0447611902975744,21,2083,0.0,6050.333333333333,23,57,0.4453125,0.20405237890625472,True
0.6,52,49515,1024,37,5,34,39,0.3046875,0.0361328125,8155,0.9954833984375,4100,0.5027590435315757,11705.6552734375,99.8408203125,7.446846306889565,0.17705652530453703,0.50048828125,0.2086193460937551,0.20147695625000495,5,13,2.6,2,1.9970724566967553,8,2211,,11705.6552734375,8,42,0.328125,0.20405237890625472,True
0.6,53,27943,1024,318,40,34,74,0.578125,0.310546875,7874,0.961181640625,3911,0.4966979933959868,4642.8125,60.509765625,11.462992158318492,0.11294021049141355,0.4774169921875,0.2086193460937551,0.20147695625000495,40,51,1.275,11,2.0920716112531967,12,2081,0.0,4647.350928641251,44,78,0.609375,0.20405237890625472,True
0.6,54,29059,1024,249,32,34,66,0.515625,0.2431640625,7943,0.9696044921875,4002,0.5038398589953418,5530.3115234375,64.5341796875,10.70330764988297,0.058561797162035176,0.488525390625,0.2086193460937551,0.20147695625000495,32,43,1.34375,9,2.0439890027493126,12,2125,0.0,5535.7174975562075,35,69,0.5390625,0.20405237890625472,True
0.6,55,32738,1024,207,26,34,60,0.46875,0.2021484375,7985,0.9747314453125,3022,0.37845961177207266,1779.34765625,26.447265625,15.628195502544965,0.4391573902311162,0.368896484375,0.2086193460937551,0.20147695625000495,26,35,1.3461538461538463,167,2.656074147633234,15,1420,0.0,1814.7928286852589,29,63,0.4921875,0.20405237890625472,True
0.6,56,445,1024,241,31,34,65,0.5078125,0.2353515625,7951,0.9705810546875,3731,0.4692491510501824,7061.3359375,65.947265625,9.641934876634553,0.05285557118547301,0.4554443359375,0.2086193460937551,0.20147695625000495,31,42,1.3548387096774193,12,2.192761394101877,11,2004,0.0,7068.238514173998,34,68,0.53125,0.20405237890625472,True
0.6,57,32216,1024,215,27,34,61,0.4765625,0.2099609375,7977,0.9737548828125,3930,0.4926664159458443,13256.6494140625,93.9072265625,6.906465898051879,0.051657431363354815,0.479736328125,0.2086193460937551,0.20147695625000495,27,36,1.3333333333333333,22,2.0783914482056502,23,2009,0.0,13282.591976516635,30,64,0.5,0.20405237890625472,True
0.6,58,18250,1024,185,24,34,58,0.453125,0.1806640625,8007,0.9774169921875,4008,0.5005620082427875,1575.2099609375,31.7666015625,16.157419114411795,0.09687271467910645,0.4892578125,0.2086193460937551,0.20147695625000495,24,33,1.375,14,2.040678812078862,15,1759,0.0,1576.7497556207234,27,61,0.4765625,0.20405237890625472,True
0.6,59,1684,1024,261,33,34,67,0.5234375,0.2548828125,7931,0.9681396484375,3508,0.44231496658681124,2972.453125,40.931640625,13.399653462615733,0.09030834804605284,0.42822265625,0.2086193460937551,0.20147695625000495,33,42,1.2727272727272727,20,2.3290561733675506,8,1884,0.0,2978.270058708415,36,70,0.546875,0.20405237890625472,True
0.6,60,2899,1024,284,36,34,70,0.546875,0.27734375,7908,0.96533203125,3382,0.4276681841173495,2269.36328125,39.3125,14.571763372555477,0.17760249797215485,0.412841796875,0.2086193460937551,0.20147695625000495,36,47,1.3055555555555556,4,2.420289855072464,8,2037,,2269.36328125,39,73,0.5703125,0.20405237890625472,True
0.6,61,39428,1024,17,3,34,37,0.2890625,0.0166015625,8175,0.9979248046875,3333,0.4077064220183486,6723.0537109375,62.8017578125,9.855137799909055,0.10784763674902907,0.4068603515625,0.2086193460937551,0.20147695625000495,3,11,3.6666666666666665,5,2.456782713085234,8,2000,,6723.0537109375,6,40,0.3125,0.20405237890625472,True
0.6,62,40758,1024,40,5,34,39,0.3046875,0.0390625,8152,0.9951171875,4351,0.5337340529931305,22364.8017578125,135.3447265625,4.635153079398152,0.027854468510185255,0.5311279296875,0.2086193460937551,0.20147695625000495,5,13,2.6,2,1.8822988505747127,21,2157,,22364.8017578125,8,42,0.328125,0.20405237890625472,True
0.6,63,29154,1024,288,36,34,70,0.546875,0.28125,7904,0.96484375,3850,0.48709514170040485,4010.287109375,53.009765625,12.099048945934442,0.0725870041192031,0.469970703125,0.2086193460937551,0.20147695625000495,36,47,1.3055555555555556,11,2.124967524032216,16,2033,0.0,4014.2072336265883,39,73,0.5703125,0.20405237890625472,True
0.6,64,43958,1024,285,36,34,70,0.546875,0.2783203125,7907,0.9652099609375,3876,0.49019855823953457,2370.2744140625,43.2080078125,14.382817323202048,0.11064162974352214,0.47314453125,0.2086193460937551,0.20147695625000495,36,47,1.3055555555555556,9,2.1109677419354838,8,2036,0.0,2372.5913978494623,39,73,0.5703125,0.20405237890625472,True
0.6,65,33814,1024,20,3,34,37,0.2890625,0.01953125,8172,0.99755859375,4029,0.49302496328928047,20653.115234375,126.76953125,4.980947926692665,0.041092519010279105,0.4918212890625,0.2086193460937551,0.20147695625000495,3,11,3.6666666666666665,4,2.03227408142999,8,2081,,20653.115234375,6,40,0.3125,0.20405237890625472,True
0.6,66,34153,1024,117,15,34,49,0.3828125,0.1142578125,8075,0.9857177734375,4248,0.5260681114551083,5371.6220703125,61.0439453125,10.829749113298355,0.08293803928497359,0.5185546875,0.2086193460937551,0.20147695625000495,15,24,1.6,4,1.9267718389451378,14,1856,,5371.6220703125,18,52,0.40625,0.20405237890625472,True
0.6,67,43609,1024,298,38,34,72,0.5625,0.291015625,7894,0.963623046875,3824,0.4844185457309349,13487.9892578125,89.8388671875,6.831331494705923,0.045464942755440337,0.466796875,0.2086193460937551,0.20147695625000495,38,49,1.2894736842105263,30,2.134710959979074,8,1956,0.0,13527.62095984329,41,75,0.5859375,0.20405237890625472,True
0.6,68,10762,1024,248,31,34,65,0.5078125,0.2421875,7944,0.9697265625,3758,0.4730614300100705,3839.326171875,48.478515625,12.28825351478267,0.06066043651180625,0.458740234375,0.2086193460937551,0.20147695625000495,31,40,1.2903225806451613,6,2.1783337769496938,15,1921,,3839.326171875,35,69,0.5390625,0.20405237890625472,True
0.6,69,17898,1024,203,26,34,60,0.46875,0.1982421875,7989,0.9752197265625,3415,0.42746276129678307,2438.08203125,34.0703125,14.260320471491717,0.2555685105552304,0.4168701171875,0.2086193460937551,0.20147695625000495,26,37,1.4230769230769231,35,2.388986526069127,17,1542,0.0,2447.643137254902,29,63,0.4921875,0.20405237890625472,True
0.6,70,43653,1024,9,2,34,36,0.28125,0.0087890625,8183,0.9989013671875,3404,0.4159843578149823,12063.4326171875,84.6708984375,7.31609458156143,0.007884804630972825,0.41552734375,0.2086193460937551,0.20147695625000495,2,10,5.0,15,2.4025859535703793,8,1927,0.0,12075.224828934506,5,39,0.3046875,0.20405237890625472,True
0.6,71,14233,1024,260,33,34,67,0.5234375,0.25390625,7932,0.96826171875,3623,0.45675743822491177,4231.9404296875,49.3212890625,11.86540815082768,0.060866194878985605,0.4422607421875,0.2086193460937551,0.20147695625000495,33,42,1.2727272727272727,13,2.2575924903368305,14,1813,0.0,4236.077223851417,37,71,0.5546875,0.20405237890625472,True
0.6,72,39520,1024,13,2,34,36,0.28125,0.0126953125,8179,0.9984130859375,4092,0.5003056608387333,18670.12109375,125.724609375,5.419332260909334,0.06346491516317418,0.49951171875,0.2086193460937551,0.20147695625000495,2,10,5.0,2,2.001466634074798,8,2187,,18670.12109375,5,39,0.3046875,0.20405237890625472,True
0.6,73,18138,1024,197,25,34,59,0.4609375,0.1923828125,7995,0.9759521484375,3731,0.4666666666666667,1824.482421875,33.294921875,15.519406773927656,0.15155542520001375,0.4554443359375,0.2086193460937551,0.20147695625000495,25,34,1.36,6,2.1943699731903483,16,1795,,1824.482421875,28,62,0.484375,0.20405237890625472,True
0.6,74,9212,1024,13,2,34,36,0.28125,0.0126953125,8179,0.9984130859375,4411,0.5393079838611077,32773.3466796875,169.4052734375,2.9755956885054653,0.013870749667960765,0.5384521484375,0.2086193460937551,0.20147695625000495,2,10,5.0,12,1.8546485260770975,36,1901,0.0,32805.38318670577,5,39,0.3046875,0.20405237890625472,True
0.6,75,6456,1024,342,43,34,77,0.6015625,0.333984375,7850,0.958251953125,4111,0.5236942675159235,3762.88671875,49.2421875,12.375592167341507,0.12246149140589747,0.5018310546875,0.2086193460937551,0.20147695625000495,43,54,1.255813953488372,12,1.988807785888078,15,1886,0.0,3766.5650048875855,46,80,0.625,0.20405237890625472,True
0.6,76,22948,1024,348,44,34,78,0.609375,0.33984375,7844,0.95751953125,3651,0.46545130035696075,6350.1611328125,56.5185546875,10.10295615386412,0.24556474142472745,0.4456787109375,0.2086193460937551,0.20147695625000495,44,55,1.25,22,2.237808219178082,7,2007,0.0,6362.588062622309,47,81,0.6328125,0.20405237890625472,True
0.6,77,7591,1024,271,34,34,68,0.53125,0.2646484375,7921,0.9669189453125,3573,0.4510794091655094,3880.892578125,52.080078125,12.241487390949679,0.07735596348600365,0.4361572265625,0.2086193460937551,0.20147695625000495,34,43,1.2647058823529411,11,2.289753639417693,7,2137,0.0,3884.6862170087975,38,72,0.5625,0.20405237890625472,True
0.6,78,29996,1024,323,41,34,75,0.5859375,0.3154296875,7869,0.9605712890625,3971,0.5046384546956412,5279.525390625,60.806640625,10.904854780115713,0.16320503642990267,0.4847412109375,0.2086193460937551,0.20147695625000495,41,52,1.2682926829268293,46,2.0516372795969775,17,1834,0.0,5305.430814524043,44,78,0.609375,0.20405237890625472,True
0.6,79,10378,1024,27,4,34,38,0.296875,0.0263671875,8165,0.9967041015625,3019,0.36974892835272505,6980.4248046875,59.8896484375,9.691985077694154,0.03592940415648788,0.3685302734375,0.2086193460937551,0.20147695625000495,4,12,3.0,2,2.7130550033134524,8,1902,,6980.4248046875,7,41,0.3203125,0.20405237890625472,True
0.6,80,27337,1024,335,42,34,76,0.59375,0.3271484375,7857,0.9591064453125,3616,0.46022654957362863,6289.90234375,65.240234375,10.144364581729967,0.18511025903550968,0.44140625,0.2086193460937551,0.20147695625000495,42,53,1.2619047619047619,9,2.263070539419087,11,2086,0.0,6296.0508308895405,46,80,0.625,0.20405237890625472,True
0.6,81,19965,1024,262,33,34,67,0.5234375,0.255859375,7930,0.968017578125,4029,0.5080706179066835,9689.3876953125,82.2744140625,8.267840274651379,0.060185222892900216,0.4918212890625,0.2086193460937551,0.20147695625000495,33,44,1.3333333333333333,30,2.026067527308838,17,2076,0.0,9717.857982370226,37,71,0.5546875,0.20405237890625472,True
0.6,82,24405,1024,270,34,34,68,0.53125,0.263671875,7922,0.967041015625,3590,0.45316839182024743,4742.3701171875,55.8896484375,11.370849154898545,0.10348617847593476,0.438232421875,0.2086193460937551,0.20147695625000495,34,45,1.3235294117647058,12,2.2789077737531347,8,2049,0.0,4747.005865102639,38,72,0.5625,0.20405237890625472,True
0.6,83,45135,1024,250,32,34,66,0.515625,0.244140625,7942,0.969482421875,3647,0.4592042306723747,8963.62890625,74.546875,8.605964924006852,0.07944112706433538,0.4451904296875,0.2086193460937551,0.20147695625000495,32,41,1.28125,29,2.238069116840373,15,2015,0.0,8989.966699314398,35,69,0.5390625,0.20405237890625472,True
0.6,84,11274,1024,26,4,34,38,0.296875,0.025390625,8166,0.996826171875,3430,0.420034288513348,6715.8115234375,62.3876953125,9.859818615316872,0.04110351263498835,0.418701171875,0.2086193460937551,0.20147695625000495,4,12,3.0,43,2.3759113444152815,8,1949,0.0,6748.764474975466,7,41,0.3203125,0.20405237890625472,True
0.6,85,1941,1024,246,31,34,65,0.5078125,0.240234375,7946,0.969970703125,3792,0.47722124339290206,1933.95703125,36.2734375,15.266335401893475,0.1717178922605064,0.462890625,0.2086193460937551,0.20147695625000495,31,40,1.2903225806451613,19,2.1551041941440254,15,1904,0.0,1937.7416829745596,34,68,0.53125,0.20405237890625472,True
0.6,86,48940,1024,249,32,34,66,0.515625,0.2431640625,7943,0.9696044921875,3346,0.4212514163414327,2050.4716796875,33.4306640625,15.012265855084308,0.09606701598695906,0.408447265625,0.2086193460937551,0.20147695625000495,32,41,1.28125,10,2.445440956651719,8,1939,0.0,2052.4760508308896,35,69,0.5390625,0.20405237890625472,True
0.6,87,36794,1024,241,31,34,65,0.5078125,0.2353515625,7951,0.9705810546875,4010,0.5043390768456798,14764.986328125,100.986328125,6.4384731170854135,0.03621573081791343,0.489501953125,0.2086193460937551,0.20147695625000495,31,40,1.2903225806451613,13,2.0384135694686956,14,1924,0.0,14779.41935483871,34,68,0.53125,0.20405237890625472,True
0.6,88,21994,1024,18,3,34,37,0.2890625,0.017578125,8174,0.997802734375,3866,0.47296305358453633,14560.234375,106.771484375,6.499119950289444,0.06847539463115898,0.471923828125,0.2086193460937551,0.20147695625000495,3,11,3.6666666666666665,2,2.11875808538163,8,2117,,14560.234375,6,40,0.3125,0.20405237890625472,True
0.6,89,49944,1024,327,41,34,75,0.5859375,0.3193359375,7865,0.9600830078125,3922,0.49866497139224414,3443.173828125,44.36328125,12.761214123166383,0.12307012864243444,0.478759765625,0.2086193460937551,0.20147695625000495,41,52,1.2682926829268293,39,2.078551389951543,22,1827,0.0,3456.676470588235,45,79,0.6171875,0.20405237890625472,True
0.6,90,43442,1024,249,32,34,66,0.515625,0.2431640625,7943,0.9696044921875,2580,0.32481430190104493,410.4208984375,13.4306640625,21.99850894132065,0.6152842241395678,0.31494140625,0.2086193460937551,0.20147695625000495,32,40,1.25,31,3.1640170608763087,11,1588,0.0,411.62683643486776,34,68,0.53125,0.20405237890625472,True
0.6,91,45096,1024,87,11,34,45,0.3515625,0.0849609375,8105,0.9893798828125,3257,0.4018507094386181,908.78125,21.95703125,18.5462100278435,0.2578755104300485,0.3975830078125,0.2086193460937551,0.20147695625000495,11,19,1.7272727272727273,4,2.5144348894348894,11,1763,,908.78125,14,48,0.375,0.20405237890625472,True
0.6,92,42430,1024,273,35,34,69,0.5390625,0.2666015625,7919,0.9666748046875,3529,0.4456370753883066,347.119140625,14.26953125,22.72601798943466,0.420274470262122,0.4307861328125,0.2086193460937551,0.20147695625000495,35,46,1.3142857142857143,38,2.3075396825396823,15,1504,0.0,348.48039215686276,38,72,0.5625,0.20405237890625472,True
0.6,93,42255,1024,219,28,34,62,0.484375,0.2138671875,7973,0.9732666015625,4171,0.5231405995233914,3151.51953125,49.59765625,13.145603578981644,0.1821697358929701,0.5091552734375,0.2086193460937551,0.20147695625000495,28,37,1.3214285714285714,13,1.9611510791366906,14,1890,0.0,3154.600195503421,31,65,0.5078125,0.20405237890625472,True
0.6,94,5771,1024,17,3,34,37,0.2890625,0.0166015625,8175,0.9979248046875,4628,0.5661162079510703,30719.39453125,161.28515625,3.2566770921964743,0.02852310287180487,0.56494140625,0.2086193460937551,0.20147695625000495,3,11,3.6666666666666665,23,1.7652906851091419,62,1889,0.0,30779.510763209393,6,40,0.3125,0.20405237890625472,True
0.6,95,8320,1024,165,21,34,55,0.4296875,0.1611328125,8027,0.9798583984375,3680,0.4584527220630373,2066.392578125,37.755859375,14.978675275580242,0.08358690885242179,0.44921875,0.2086193460937551,0.20147695625000495,21,30,1.4285714285714286,13,2.2228866539820604,10,1969,0.0,2068.412512218964,24,58,0.453125,0.20405237890625472,True
0.6,96,48807,1024,92,12,34,46,0.359375,0.08984375,8100,0.98876953125,4048,0.4997530864197531,5428.470703125,58.955078125,10.784028625385114,0.09625237067291606,0.494140625,0.2086193460937551,0.20147695625000495,12,20,1.6666666666666667,11,2.020509019026439,15,1838,0.0,5433.777126099707,15,49,0.3828125,0.20405237890625472,True
0.6,97,2675,1024,139,18,34,52,0.40625,0.1357421875,8053,0.9830322265625,3598,0.4467900161430523,1522.861328125,31.96484375,16.304200026218513,0.35793090686495344,0.439208984375,0.2086193460937551,0.20147695625000495,18,26,1.4444444444444444,6,2.2755073672504866,10,1823,,1522.861328125,21,55,0.4296875,0.20405237890625472,True
0.6,98,37658,1024,192,24,34,58,0.453125,0.1875,8000,0.9765625,3637,0.454625,12289.1611328125,84.4482421875,7.235581222308066,0.06527015221562929,0.4439697265625,0.2086193460937551,0.20147695625000495,24,33,1.375,19,2.2475247524752477,15,1935,0.0,12313.210371819961,28,62,0.484375,0.20405237890625472,True
0.6,99,45710,1024,213,27,34,61,0.4765625,0.2080078125,7979,0.9739990234375,4176,0.5233738563729791,16194.017578125,118.76171875,6.037257545137358,0.06933891784356622,0.509765625,0.2086193460937551,0.20147695625000495,27,38,1.4074074074074074,12,1.9590419161676647,14,2050,0.0,16209.847507331378,30,64,0.5,0.20405237890625472,True
0.6,100,15813,1024,160,20,34,54,0.421875,0.15625,8032,0.98046875,3426,0.42654382470119523,904.7001953125,20.1494140625,18.56575676792915,0.25226994686865184,0.418212890625,0.2086193460937551,0.20147695625000495,20,29,1.45,13,2.3877372262773724,15,1675,0.0,905.5845552297166,24,58,0.453125,0.20405237890625472,True
0.6,101,7135,1024,239,30,34,64,0.5,0.2333984375,7953,0.9708251953125,3808,0.4788130265308689,1061.98828125,26.951171875,17.869606364167538,0.1835390911301425,0.46484375,0.2086193460937551,0.20147695625000495,30,39,1.3,12,2.1478854741266087,15,1728,0.0,1063.0263929618768,34,68,0.53125,0.20405237890625472,True
0.6,102,31775,1024,17,3,34,37,0.2890625,0.0166015625,8175,0.9979248046875,4373,0.5349235474006117,14662.15625,119.08984375,6.468825175331162,0.17465428886286857,0.5338134765625,0.2086193460937551,0.20147695625000495,3,11,3.6666666666666665,2,1.8730558096980787,8,2068,,14662.15625,6,40,0.3125,0.20405237890625472,True
0.6,103,31772,1024,251,32,34,66,0.515625,0.2451171875,7941,0.9693603515625,3882,0.488855307895731,11033.501953125,90.46875,7.703669846439856,0.05667824271835103,0.473876953125,0.2086193460937551,0.20147695625000495,32,43,1.34375,12,2.106931203298119,9,2145,0.0,11044.287390029325,35,69,0.5390625,0.20405237890625472,True
0.6,104,25160,1024,225,29,34,63,0.4921875,0.2197265625,7967,0.9725341796875,3385,0.4248776201832559,772.9814453125,19.0810546875,19.249112916521838,0.22501183427030227,0.4132080078125,0.2086193460937551,0.20147695625000495,29,40,1.3793103448275863,20,2.4143026004728134,14,1518,0.0,774.4941291585127,32,66,0.515625,0.20405237890625472,True
0.6,105,36108,1024,302,38,34,72,0.5625,0.294921875,7890,0.963134765625,3968,0.502915082382763,5109.5205078125,62.3466796875,11.047002142717107,0.09596863866402484,0.484375,0.2086193460937551,0.20147695625000495,38,47,1.236842105263158,23,2.0577262414923116,13,2135,0.0,5119.519569471624,41,75,0.5859375,0.20405237890625472,True
0.6,106,1260,1024,21,3,34,37,0.2890625,0.0205078125,8171,0.9974365234375,3303,0.4042344878227879,7543.162109375,66.4140625,9.355269196705255,0.0632151929579193,0.4031982421875,0.2086193460937551,0.20147695625000495,3,11,3.6666666666666665,2,2.4800121138703815,8,1965,,7543.162109375,6,40,0.3125,0.20405237890625472,True
0.6,107,37885,1024,135,17,34,51,0.3984375,0.1318359375,8057,0.9835205078125,3732,0.46319970212237804,9095.6435546875,79.8154296875,8.542469282367719,0.033022968111720424,0.45556640625,0.2086193460937551,0.20147695625000495,17,26,1.5294117647058822,14,2.1913696060037524,7,2110,0.0,9104.534701857283,21,55,0.4296875,0.20405237890625472,True
0.6,108,41535,1024,12,2,34,36,0.28125,0.01171875,8180,0.99853515625,3572,0.4366748166259169,19128.896484375,121.90234375,5.313904438761593,0.08989457167735555,0.43603515625,0.2086193460937551,0.20147695625000495,2,10,5.0,127,2.25819098291795,8,1981,0.0,19413.270564915758,5,39,0.3046875,0.20405237890625472,True
0.6,109,44889,1024,325,41,34,75,0.5859375,0.3173828125,7867,0.9603271484375,3819,0.4854455319689844,7890.283203125,72.59765625,9.159877694015652,0.05737454766829235,0.4661865234375,0.2086193460937551,0.20147695625000495,41,52,1.2682926829268293,21,2.13986380303824,11,2053,0.0,7905.724070450098,44,78,0.609375,0.20405237890625472,True
0.6,110,28184,1024,271,34,34,68,0.53125,0.2646484375,7921,0.9669189453125,3891,0.4912258553212978,4704.64453125,61.716796875,11.405535458461095,0.18031171519725567,0.4749755859375,0.2086193460937551,0.20147695625000495,34,45,1.3235294117647058,9,2.103084832904884,7,2090,0.0,4709.243401759531,39,73,0.5703125,0.20405237890625472,True
0.6,111,25319,1024,199,25,34,59,0.4609375,0.1943359375,7993,0.9757080078125,4147,0.5188289753534343,3394.6923828125,49.6787109375,12.822799349759697,0.08745600786861857,0.5062255859375,0.2086193460937551,0.20147695625000495,25,34,1.36,11,1.9720212252773759,15,1950,0.0,3398.010752688172,29,63,0.4921875,0.20405237890625472,True
0.6,112,11010,1024,302,38,34,72,0.5625,0.294921875,7890,0.963134765625,3798,0.48136882129277564,5464.587890625,62.123046875,10.755229454652738,0.024614009510674224,0.463623046875,0.20434068046874643,0.20308491406250084,38,49,1.2894736842105263,22,2.1514353436923885,11,2030,0.0,5475.28180039139,41,75,0.5859375,0.20452101953124213,True
0.6,113,33880,1024,82,11,34,45,0.3515625,0.080078125,8110,0.989990234375,3236,0.3990135635018496,948.2060546875,22.1220703125,18.36177636726382,0.12777677145158697,0.39501953125,0.20434068046874643,0.20308491406250084,11,19,1.7272727272727273,8,2.52952086553323,9,1760,0.0,949.1329423264907,14,48,0.375,0.20452101953124213,True
0.6,114,19307,1024,238,30,34,64,0.5,0.232421875,7954,0.970947265625,3492,0.43902439024390244,1739.8701171875,34.3701171875,15.725635318348168,0.15860812049219894,0.42626953125,0.20434068046874643,0.20308491406250084,30,41,1.3666666666666667,55,2.3302778573474647,8,1987,0.0,1750.1247544204323,34,68,0.53125,0.20452101953124213,True
0.6,115,12236,1024,14,2,34,36,0.28125,0.013671875,8178,0.998291015625,2226,0.2721936903888481,6161.501953125,44.638671875,10.23393770384433,0.06824476018068881,0.271728515625,0.20434068046874643,0.20308491406250084,2,10,5.0,15,3.674606741573034,8,1373,0.0,6167.524926686217,5,39,0.3046875,0.20452101953124213,True
0.6,116,13805,1024,242,31,34,65,0.5078125,0.236328125,7950,0.970458984375,4329,0.5445283018867925,8705.9453125,82.015625,8.732644261138493,0.09888837481145978,0.5284423828125,0.20434068046874643,0.20308491406250084,31,42,1.3548387096774193,9,1.890249537892791,30,1859,0.0,8714.455522971652,35,69,0.5390625,0.20452101953124213,True
0.6,117,5814,1024,14,2,34,36,0.28125,0.013671875,8178,0.998291015625,3808,0.4656395206651993,11168.376953125,94.087890625,7.6509029710929735,0.06385356226072593,0.46484375,0.20434068046874643,0.20308491406250084,2,10,5.0,2,2.15103756238508,8,2270,,11168.376953125,5,39,0.3046875,0.20452101953124213,True
0.6,118,48485,1024,14,2,34,36,0.28125,0.013671875,8178,0.998291015625,3922,0.47957935925654194,15378.7236328125,112.6748046875,6.261600684602887,0.05066235469753979,0.478759765625,0.20434068046874643,0.20308491406250084,2,10,5.0,2,2.088497832185667,8,2188,,15378.7236328125,5,39,0.3046875,0.20452101953124213,True
0.6,119,12248,1024,17,3,34,37,0.2890625,0.0166015625,8175,0.9979248046875,3401,0.4160244648318043,14974.9794921875,96.4462890625,6.37714124560211,0.038860317572479486,0.4151611328125,0.20434068046874643,0.20308491406250084,3,11,3.6666666666666665,13,2.405,9,1889,0.0,14989.617790811339,6,40,0.3125,0.20452101953124213,True
0.6,120,458,1024,245,31,34,65,0.5078125,0.2392578125,7947,0.9700927734375,4057,0.5105071096011073,2859.845703125,43.953125,13.567377585392357,0.08420793541055355,0.4952392578125,0.20434068046874643,0.20308491406250084,31,40,1.2903225806451613,16,2.0150394477317555,16,1927,0.0,2865.4422700587083,34,68,0.53125,0.20452101953124213,True
0.6,121,319,1024,14,2,34,36,0.28125,0.013671875,8178,0.998291015625,3964,0.4847150892638787,19191.4970703125,112.6513671875,5.299715068194523,0.03766691343608295,0.48388671875,0.20434068046874643,0.20308491406250084,2,10,5.0,3,2.065606863487257,8,2079,,19191.4970703125,5,39,0.3046875,0.20452101953124213,True
0.6,122,21496,1024,31,4,34,38,0.296875,0.0302734375,8161,0.9962158203125,4092,0.5014091410366377,17936.03125,120.7734375,5.593540089438001,0.07068808745893562,0.49951171875,0.20434068046874643,0.20308491406250084,4,12,3.0,2,2.001466634074798,14,2187,,17936.03125,8,42,0.328125,0.20452101953124213,True
0.6,123,20390,1024,269,34,34,68,0.53125,0.2626953125,7923,0.9671630859375,3869,0.48832512937018807,5953.1025390625,67.7626953125,10.383369977575311,0.10594710438268436,0.4722900390625,0.20434068046874643,0.20308491406250084,34,45,1.3235294117647058,12,2.1142709410548086,7,2287,0.0,5958.921798631476,38,72,0.5625,0.20452101953124213,True
0.6,124,33691,1024,261,33,34,67,0.5234375,0.2548828125,7931,0.9681396484375,3316,0.41810616567898123,3246.73046875,36.375,13.01634124226267,0.11194881901358447,0.40478515625,0.20434068046874643,0.20308491406250084,33,44,1.3333333333333333,21,2.4642533936651585,21,1662,0.0,3253.0841487279845,36,70,0.546875,0.20452101953124213,True
0.6,125,33872,1024,14,2,34,36,0.28125,0.013671875,8178,0.998291015625,4023,0.49192956713132796,17302.4306640625,123.1044921875,5.749732432975753,0.060335718773678756,0.4910888671875,0.20434068046874643,0.20308491406250084,2,10,5.0,2,2.034808552958727,8,2215,,17302.4306640625,5,39,0.3046875,0.20452101953124213,True
0.6,126,46987,1024,95,12,34,46,0.359375,0.0927734375,8097,0.9884033203125,4156,0.5132765221687045,3131.64453125,50.3203125,13.173079008657558,0.2644675289537518,0.50732421875,0.20434068046874643,0.20308491406250084,12,21,1.75,12,1.9684717208182911,14,2099,0.0,3134.7057673509285,15,49,0.3828125,0.20452101953124213,True
0.6,127,26772,1024,262,33,34,67,0.5234375,0.255859375,7930,0.968017578125,3648,0.4600252206809584,5730.7060546875,57.1943359375,10.548722281214065,0.0955125015383765,0.4453125,0.20434068046874643,0.20308491406250084,33,44,1.3333333333333333,4,2.2445845900740333,15,2009,,5730.7060546875,37,71,0.5546875,0.20452101953124213,True
0.6,128,7057,1024,132,17,34,51,0.3984375,0.12890625,8060,0.98388671875,3504,0.4347394540942928,11609.9521484375,86.6455078125,7.482499311131755,0.04546142926692883,0.427734375,0.20434068046874643,0.20308491406250084,17,26,1.5294117647058822,21,2.332286611475878,8,2082,0.0,11632.672211350293,20,54,0.421875,0.20452101953124213,True
0.6,129,30014,1024,16,2,34,36,0.28125,0.015625,8176,0.998046875,4270,0.5222602739726028,25121.49609375,146.72265625,4.130348609177168,0.05864864071180245,0.521240234375,0.20434068046874643,0.20308491406250084,2,10,5.0,3,1.9177793394237526,10,2188,,25121.49609375,6,40,0.3125,0.20452101953124213,True
0.6,130,48237,1024,39,5,34,39,0.3046875,0.0380859375,8153,0.9952392578125,4044,0.49601373727462283,8321.998046875,86.5234375,8.928527513373828,0.02075457773585706,0.49365234375,0.20434068046874643,0.20308491406250084,5,13,2.6,30,2.018550581251546,7,2250,0.0,8346.45053868756,8,42,0.328125,0.20452101953124213,True
0.6,131,4823,1024,13,2,34,36,0.28125,0.0126953125,8179,0.9984130859375,4140,0.5061743489424135,19953.486328125,127.583984375,5.130615730864551,0.10090009080524166,0.50537109375,0.20434068046874643,0.20308491406250084,2,10,5.0,2,1.9784972215510992,8,2153,,19953.486328125,5,39,0.3046875,0.20452101953124213,True
0.6,132,26627,1024,187,24,34,58,0.453125,0.1826171875,8005,0.9771728515625,3797,0.47432854465958774,2269.74609375,39.16015625,14.571030835209434,0.10847815444588149,0.4635009765625,0.20434068046874643,0.20308491406250084,24,33,1.375,38,2.1475237091675448,16,1892,0.0,2278.6470588235293,27,61,0.4765625,0.20452101953124213,True
0.6,133,12293,1024,106,14,34,48,0.375,0.103515625,8086,0.987060546875,3823,0.47279248083106606,2954.61328125,42.55859375,13.425797151802028,0.0693121873630603,0.4666748046875,0.20434068046874643,0.20308491406250084,14,22,1.5714285714285714,4,2.142072213500785,11,1871,,2954.61328125,17,51,0.3984375,0.20452101953124213,True
0.6,134,32803,1024,316,40,34,74,0.578125,0.30859375,7876,0.96142578125,3923,0.49809547993905534,1929.5966796875,34.3369140625,15.27613817710215,0.15621831291299554,0.4788818359375,0.20434068046874643,0.20308491406250084,40,51,1.275,22,2.082610912799592,14,1768,0.0,1933.3727984344423,43,77,0.6015625,0.20452101953124213,True
0.6,135,41882,1024,14,2,34,36,0.28125,0.013671875,8178,0.998291015625,3970,0.4854487649792125,19491.892578125,120.048828125,5.232263515947349,0.1586066046771401,0.484619140625,0.20434068046874643,0.20308491406250084,2,10,5.0,2,2.0632401108591583,8,2099,,19491.892578125,5,39,0.3046875,0.20452101953124213,True
0.6,136,10235,1024,261,33,34,67,0.5234375,0.2548828125,7931,0.9681396484375,3953,0.4984239061908965,9928.2919921875,92.4033203125,8.162058195397051,0.10534101180946795,0.4825439453125,0.20434068046874643,0.20308491406250084,33,42,1.2727272727272727,25,2.0660425101214575,7,2305,0.0,9957.464250734574,36,70,0.546875,0.20452101953124213,True
0.6,137,30033,1024,350,44,34,78,0.609375,0.341796875,7842,0.957275390625,3369,0.4296097934200459,4366.0205078125,48.5556640625,11.729945895477247,0.08724117344628773,0.4112548828125,0.20434068046874643,0.20308491406250084,44,55,1.25,17,2.426959619952494,9,1910,0.0,4374.56457925636,48,82,0.640625,0.20452101953124213,True
0.6,138,20042,1024,95,12,34,46,0.359375,0.0927734375,8097,0.9884033203125,4213,0.5203161664814129,3861.107421875,52.3828125,12.263684763434295,0.04554292091685694,0.5142822265625,0.20434068046874643,0.20308491406250084,12,21,1.75,19,1.9399335232668566,15,1857,0.0,3868.6634050880625,15,49,0.3828125,0.20452101953124213,True
0.6,139,29399,1024,282,36,34,70,0.546875,0.275390625,7910,0.965576171875,3946,0.4988621997471555,5509.642578125,55.49609375,10.719569346808878,0.11256166629284642,0.481689453125,0.20434068046874643,0.20308491406250084,36,45,1.25,9,2.0732572877059567,13,1958,0.0,5515.02834799609,39,73,0.5703125,0.20452101953124213,True
0.6,140,6463,1024,189,24,34,58,0.453125,0.1845703125,8003,0.9769287109375,4429,0.5534174684493315,4078.6259765625,52.8525390625,12.02566479959434,0.0563757904298589,0.5406494140625,0.20434068046874643,0.20308491406250084,24,33,1.375,11,1.8468834688346885,18,1853,0.0,4082.6129032258063,27,61,0.4765625,0.20452101953124213,True
0.6,141,25920,1024,158,20,34,54,0.421875,0.154296875,8034,0.980712890625,3178,0.39556883246203633,1068.0634765625,21.6806640625,17.84483296657003,0.4773918711398388,0.387939453125,0.20434068046874643,0.20308491406250084,20,28,1.4,38,2.565942713251495,12,1724,0.0,1072.2519607843137,23,57,0.4453125,0.20452101953124213,True
0.6,142,10327,1024,15,2,34,36,0.28125,0.0146484375,8177,0.9981689453125,4177,0.510823040234805,21754.3408203125,139.2607421875,4.755344326249748,0.03854458568008036,0.5098876953125,0.20434068046874643,0.20308491406250084,2,10,5.0,12,1.9585727969348659,12,2219,0.0,21775.60606060606,5,39,0.3046875,0.20452101953124213,True
0.6,143,3805,1024,241,31,34,65,0.5078125,0.2353515625,7951,0.9705810546875,3443,0.4330272921645076,1362.4140625,27.671875,16.787712432103174,0.0949074305499842,0.4202880859375,0.20434068046874643,0.20308491406250084,31,40,1.2903225806451613,22,2.372748402091807,13,1780,0.0,1365.0802348336595,34,68,0.53125,0.20452101953124213,True
0.6,144,37879,1024,237,30,34,64,0.5,0.2314453125,7955,0.9710693359375,3638,0.45732243871778755,3605.486328125,57.291015625,12.561165077969632,0.4321017203822339,0.444091796875,0.20434068046874643,0.20308491406250084,30,39,1.3,27,2.243057464943635,7,2202,0.0,3616.0803134182174,33,67,0.5234375,0.20452101953124213,True
0.6,145,22721,1024,228,29,34,63,0.4921875,0.22265625,7964,0.97216796875,3948,0.4957307885484681,5806.779296875,65.337890625,10.491450411150806,0.11104474015976651,0.48193359375,0.20434068046874643,0.20308491406250084,29,38,1.3103448275862069,28,2.067899670635926,7,2104,0.0,5823.841332027424,32,66,0.515625,0.20452101953124213,True
0.6,146,43932,1024,290,37,34,71,0.5546875,0.283203125,7902,0.964599609375,3596,0.4550746646418628,8816.369140625,74.87109375,8.677905951065442,0.06679895970659526,0.43896484375,0.20434068046874643,0.20308491406250084,37,48,1.2972972972972974,13,2.273713490959666,15,2011,0.0,8824.987292277614,40,74,0.578125,0.20452101953124213,True
0.6,147,47270,1024,208,26,34,60,0.46875,0.203125,7984,0.974609375,3954,0.49524048096192386,4275.5625,53.4609375,11.820871015520868,0.06989948616762773,0.482666015625,0.20434068046874643,0.20308491406250084,26,35,1.3461538461538463,13,2.068808499873514,16,1971,0.0,4279.741935483871,30,64,0.5,0.20452101953124213,True
0.6,148,11091,1024,262,33,34,67,0.5234375,0.255859375,7930,0.968017578125,3891,0.4906683480453972,7164.1748046875,75.8173828125,9.579141868476714,0.0856534880248505,0.4749755859375,0.20434068046874643,0.20308491406250084,33,42,1.2727272727272727,12,2.1017994858611826,7,2315,0.0,7171.177908113392,36,70,0.546875,0.20452101953124213,True
0.6,149,9736,1024,276,35,34,69,0.5390625,0.26953125,7916,0.96630859375,3555,0.44909044972208184,1091.4423828125,26.0849609375,17.750795466010935,0.13174485101753738,0.4339599609375,0.20434068046874643,0.20308491406250084,35,46,1.3142857142857143,14,2.299943725379854,14,1658,0.0,1092.5092864125122,38,72,0.5625,0.20452101953124213,True
0.6,150,23206,1024,13,2,34,36,0.28125,0.0126953125,8179,0.9984130859375,4102,0.5015283041936667,16386.7080078125,116.0244140625,5.98588645713543,0.14572670099034216,0.500732421875,0.20434068046874643,0.20308491406250084,2,10,5.0,2,1.9965861984881736,8,2296,,16386.7080078125,5,39,0.3046875,0.20452101953124213,True
0.6,151,25039,1024,226,29,34,63,0.4921875,0.220703125,7966,0.972412109375,3793,0.4761486316846598,3761.34375,48.453125,12.37737335367292,0.07394014062719226,0.4630126953125,0.20434068046874643,0.20308491406250084,29,38,1.3103448275862069,9,2.1571729957805905,14,1806,0.0,3765.0205278592375,33,67,0.5234375,0.20452101953124213,True
0.6,152,21014,1024,19,3,34,37,0.2890625,0.0185546875,8173,0.9976806640625,2961,0.3622904686161752,17345.44140625,96.158203125,5.7389500463682275,0.0460955409242904,0.3614501953125,0.20434068046874643,0.20308491406250084,3,11,3.6666666666666665,87,2.7378378378378376,8,1611,0.0,17516.500986193292,6,40,0.3125,0.20452101953124213,True
0.6,153,32412,1024,133,17,34,51,0.3984375,0.1298828125,8059,0.9837646484375,3677,0.45626008189601686,3084.607421875,46.7265625,13.238804616598703,0.11984846083483373,0.4488525390625,0.20434068046874643,0.20308491406250084,17,26,1.5294117647058822,10,2.2252448313384114,9,1906,0.0,3087.622678396872,20,54,0.421875,0.20452101953124213,True
0.6,154,34022,1024,285,36,34,70,0.546875,0.2783203125,7907,0.9652099609375,3165,0.400278234475781,867.2705078125,20.8681640625,18.749257827377836,0.2584721566861955,0.3863525390625,0.20434068046874643,0.20308491406250084,36,47,1.3055555555555556,29,2.5783817951959547,16,1651,0.0,869.8188050930461,40,74,0.578125,0.20452101953124213,True
0.6,155,21369,1024,16,2,34,36,0.28125,0.015625,8176,0.998046875,3650,0.44642857142857145,9729.3056640625,75.6396484375,8.249985130996585,0.12594334761902135,0.445556640625,0.20434068046874643,0.20308491406250084,2,10,5.0,2,2.2441764867086875,9,2039,,9729.3056640625,6,40,0.3125,0.20452101953124213,True
0.6,156,41654,1024,231,29,34,63,0.4921875,0.2255859375,7961,0.9718017578125,3708,0.4657706318301721,5125.2314453125,58.1923828125,11.033668788176778,0.06019266811275959,0.45263671875,0.20434068046874643,0.20308491406250084,29,38,1.3103448275862069,4,2.206905853790127,8,2114,,5125.2314453125,33,67,0.5234375,0.20452101953124213,True
0.6,157,11953,1024,13,2,34,36,0.28125,0.0126953125,8179,0.9984130859375,3941,0.48184374617923953,24108.119140625,138.78515625,4.309170318140243,0.06439248595868509,0.4810791015625,0.20434068046874643,0.20308491406250084,2,10,5.0,14,2.0753807106598985,8,2062,0.0,24131.68523949169,5,39,0.3046875,0.20452101953124213,True
0.6,158,13700,1024,67,9,34,43,0.3359375,0.0654296875,8125,0.9918212890625,4366,0.5373538461538462,6859.2734375,71.466796875,9.768022449856012,0.11889850319567674,0.532958984375,0.20434068046874643,0.20308491406250084,9,17,1.8888888888888888,4,1.875143184421535,20,1889,,6859.2734375,12,46,0.359375,0.20452101953124213,True
0.6,159,38205,1024,17,3,34,37,0.2890625,0.0166015625,8175,0.9979248046875,3819,0.4671559633027523,11911.97265625,94.591796875,7.370966730389492,0.13978979029704083,0.4661865234375,0.20434068046874643,0.20308491406250084,3,11,3.6666666666666665,2,2.144578313253012,8,2296,,11911.97265625,6,40,0.3125,0.20452101953124213,True
0.6,160,40129,1024,250,32,34,66,0.515625,0.244140625,7942,0.969482421875,2803,0.3529337698312768,436.53125,15.3828125,21.73065021837161,0.37962755338656723,0.3421630859375,0.20434068046874643,0.20308491406250084,32,43,1.34375,12,2.917915774446824,6,1752,0.0,436.95796676441836,35,69,0.5390625,0.20452101953124213,True
0.6,161,17080,1024,253,32,34,66,0.515625,0.2470703125,7939,0.9691162109375,3661,0.4611412016626779,2990.9404296875,42.6181640625,13.372725975576348,0.0884449349907279,0.4468994140625,0.20434068046874643,0.20308491406250084,32,41,1.28125,63,2.2202185792349725,20,1938,0.0,3011.527040314651,35,69,0.5390625,0.20452101953124213,True
0.6,162,1505,1024,18,3,34,37,0.2890625,0.017578125,8174,0.997802734375,4141,0.5066063126988011,22891.8525390625,137.2001953125,4.533994211886845,0.026899158853308222,0.5054931640625,0.20434068046874643,0.20308491406250084,3,11,3.6666666666666665,3,1.977536231884058,9,2130,,22891.8525390625,6,40,0.3125,0.20452101953124213,True
0.6,163,36391,1024,19,3,34,37,0.2890625,0.0185546875,8173,0.9976806640625,4036,0.4938211183164077,15511.818359375,113.900390625,6.224176502783724,0.06731849785163795,0.49267578125,0.20434068046874643,0.20308491406250084,3,11,3.6666666666666665,2,2.0294919454770755,8,2184,,15511.818359375,6,40,0.3125,0.20452101953124213,True
0.6,164,24660,1024,106,14,34,48,0.375,0.103515625,8086,0.987060546875,3745,0.4631461785802622,4793.1875,54.2890625,11.324559428040086,0.11069747389434849,0.4571533203125,0.20434068046874643,0.20308491406250084,14,23,1.6428571428571428,11,2.1848290598290596,16,1916,0.0,4797.872922776149,17,51,0.3984375,0.20452101953124213,True
0.6,165,24061,1024,17,3,34,37,0.2890625,0.0166015625,8175,0.9979248046875,3295,0.40305810397553515,5076.98828125,54.916015625,11.074741999045765,0.14835333902840406,0.4022216796875,0.20434068046874643,0.20308491406250084,3,11,3.6666666666666665,4,2.4854280510018216,7,1877,,5076.98828125,6,40,0.3125,0.20452101953124213,True
0.6,166,10964,1024,72,9,34,43,0.3359375,0.0703125,8120,0.9912109375,4100,0.5049261083743842,6856.2822265625,69.7685546875,9.76991674631294,0.10923878370547814,0.50048828125,0.20434068046874643,0.20308491406250084,9,17,1.8888888888888888,20,1.9931690656257623,19,1893,0.0,6869.699608610567,13,47,0.3671875,0.20452101953124213,True
0.6,167,20807,1024,225,29,34,63,0.4921875,0.2197265625,7967,0.9725341796875,3995,0.5014434542487762,4234.0029296875,56.2314453125,11.863292066775085,0.0645191559648153,0.4876708984375,0.20434068046874643,0.20308491406250084,29,38,1.3103448275862069,9,2.0480721081622435,13,2044,0.0,4238.1417399804495,32,66,0.515625,0.20452101953124213,True
0.6,168,33388,1024,138,18,34,52,0.40625,0.134765625,8054,0.983154296875,4128,0.5125403526198162,3642.275390625,51.08203125,12.517075813784711,0.046929037443701326,0.50390625,0.20434068046874643,0.20308491406250084,18,27,1.5,13,1.9813423794523868,13,2011,0.0,3645.8357771261,20,54,0.421875,0.20452101953124213,True
0.6,169,34571,1024,14,2,34,36,0.28125,0.013671875,8178,0.998291015625,3874,0.47370995353387135,23146.03125,121.1171875,4.486038257293278,0.026621926106428537,0.472900390625,0.20434068046874643,0.20308491406250084,2,10,5.0,5,2.113348825200103,10,1842,,23146.03125,5,39,0.3046875,0.20452101953124213,True
0.6,170,21194,1024,163,21,34,55,0.4296875,0.1591796875,8029,0.9801025390625,3584,0.44638186573670446,6018.1552734375,56.8173828125,10.336169721585723,0.14027316679654434,0.4375,0.20434068046874643,0.20308491406250084,21,30,1.4285714285714286,18,2.28049120848451,14,1846,0.0,6029.932485322896,24,58,0.453125,0.20452101953124213,True
0.6,171,32696,1024,260,33,34,67,0.5234375,0.25390625,7932,0.96826171875,4081,0.5144982349974786,16878.5927734375,120.9013671875,5.857441256995446,0.08725129809021405,0.4981689453125,0.20434068046874643,0.20308491406250084,33,42,1.2727272727272727,9,2.0051470588235296,12,2102,0.0,16895.091886608017,36,70,0.546875,0.20452101953124213,True
0.6,172,46005,1024,353,45,34,79,0.6171875,0.3447265625,7839,0.9569091796875,4062,0.5181783390738615,1077.5439453125,27.1943359375,17.806453699074897,0.38103767765122376,0.495849609375,0.20434068046874643,0.20308491406250084,45,56,1.2444444444444445,30,2.0086185668554544,31,1554,0.0,1080.7100881488736,47,81,0.6328125,0.20452101953124213,True
0.6,173,19269,1024,14,2,34,36,0.28125,0.013671875,8178,0.998291015625,3404,0.4162386891660553,6467.94921875,67.751953125,10.023137593588459,0.42756492427319637,0.41552734375,0.20434068046874643,0.20308491406250084,2,10,5.0,2,2.4061122538936233,7,2041,,6467.94921875,5,39,0.3046875,0.20452101953124213,True
0.6,174,5503,1024,114,15,34,49,0.3828125,0.111328125,8078,0.986083984375,3725,0.4611289923248329,3955.9912109375,44.8291015625,12.158250428177901,0.08152291187076689,0.4547119140625,0.20434068046874643,0.20308491406250084,15,24,1.6,9,2.1970998925886143,9,1943,0.0,3959.8582600195505,18,52,0.40625,0.20452101953124213,True
0.6,175,32979,1024,15,2,34,36,0.28125,0.0146484375,8177,0.9981689453125,3752,0.458847988259753,16089.3857421875,111.9580078125,6.0654089687271515,0.049165639585588894,0.4580078125,0.20434068046874643,0.20308491406250084,2,10,5.0,2,2.182351372967209,8,2145,,16089.3857421875,5,39,0.3046875,0.20452101953124213,True
0.6,176,32764,1024,242,31,34,65,0.5078125,0.236328125,7950,0.970458984375,3896,0.490062893081761,2099.4931640625,37.1962890625,14.909658959519504,0.10367351356573234,0.4755859375,0.20434068046874643,0.20308491406250084,31,42,1.3548387096774193,20,2.097560975609756,16,1819,0.0,2103.601761252446,34,68,0.53125,0.20452101953124213,True
0.6,177,36396,1024,275,35,34,69,0.5390625,0.2685546875,7917,0.9664306640625,3944,0.4981684981684982,5825.1591796875,67.8076171875,10.477725633732254,0.18346950482365917,0.4814453125,0.20434068046874643,0.20308491406250084,35,46,1.3142857142857143,13,2.0732944458534113,8,2332,0.0,5830.853372434018,38,72,0.5625,0.20452101953124213,True
0.6,178,16139,1024,154,20,34,54,0.421875,0.150390625,8038,0.981201171875,3413,0.424608111470515,1316.498046875,21.91015625,16.936601417342466,0.5313363674109646,0.4166259765625,0.20434068046874643,0.20308491406250084,20,29,1.45,13,2.3962485345838216,9,1672,0.0,1317.784946236559,23,57,0.4453125,0.20452101953124213,True
0.6,179,32110,1024,20,3,34,37,0.2890625,0.01953125,8172,0.99755859375,3339,0.40859030837004406,18369.267578125,107.568359375,5.48988520464119,0.08514698839416979,0.4075927734375,0.20434068046874643,0.20308491406250084,3,11,3.6666666666666665,14,2.449370880766926,9,1797,0.0,18387.2238514174,6,40,0.3125,0.20452101953124213,True
0.6,180,37930,1024,372,47,34,81,0.6328125,0.36328125,7820,0.95458984375,3574,0.4570332480818414,2499.2646484375,39.6650390625,14.152681146371972,0.09619548094886299,0.436279296875,0.20434068046874643,0.20308491406250084,47,58,1.2340425531914894,12,2.2891127903722364,8,1942,0.0,2501.7077223851416,50,84,0.65625,0.20452101953124213,True
0.6,181,5624,1024,142,18,34,52,0.40625,0.138671875,8050,0.982666015625,4609,0.5725465838509317,3690.4853515625,54.9833984375,12.459968750220977,0.11784661222650888,0.5626220703125,0.20434068046874643,0.20308491406250084,18,27,1.5,12,1.7749565972222223,29,1817,0.0,3694.092864125122,21,55,0.4296875,0.20452101953124213,True
0.6,182,37946,1024,16,2,34,36,0.28125,0.015625,8176,0.998046875,4187,0.5121086105675147,19692.90625,128.486328125,5.1877054746219535,0.11788399638597774,0.5111083984375,0.20434068046874643,0.20308491406250084,2,10,5.0,2,1.9562828475871954,9,2129,,19692.90625,5,39,0.3046875,0.20452101953124213,True
0.6,183,6616,1024,323,41,34,75,0.5859375,0.3154296875,7869,0.9605712890625,3909,0.4967594357605795,3602.255859375,49.3671875,12.565058044198256,0.060883982059004235,0.4771728515625,0.20434068046874643,0.20308491406250084,41,52,1.2682926829268293,11,2.0931422722620265,13,1961,0.0,3605.777126099707,45,79,0.6171875,0.20452101953124213,True
0.6,184,11706,1024,17,3,34,37,0.2890625,0.0166015625,8175,0.9979248046875,3958,0.48415902140672784,15965.353515625,112.2265625,6.099018214446602,0.10014129862630994,0.483154296875,0.20434068046874643,0.20308491406250084,3,11,3.6666666666666665,2,2.0694970937578976,9,2275,,15965.353515625,6,40,0.3125,0.20452101953124213,True
0.6,185,10558,1024,13,2,34,36,0.28125,0.0126953125,8179,0.9984130859375,3138,0.3836654847780902,10620.7548828125,71.2607421875,7.8692497502746805,0.11457115133184374,0.383056640625,0.20434068046874643,0.20308491406250084,2,10,5.0,6,2.6091807459356073,8,1763,,10620.7548828125,5,39,0.3046875,0.20452101953124213,True
0.6,186,18351,1024,14,2,34,36,0.28125,0.013671875,8178,0.998291015625,2770,0.338713621912448,9557.1640625,69.666015625,8.327513195042448,0.038930683699495046,0.338134765625,0.20434068046874643,0.20308491406250084,2,10,5.0,71,2.9324665944384254,8,1627,0.0,9632.417322834646,5,39,0.3046875,0.20452101953124213,True
0.6,187,15023,1024,26,4,34,38,0.296875,0.025390625,8166,0.996826171875,3843,0.47060984570168995,17401.740234375,123.455078125,5.724876794591611,0.14487571953601036,0.4691162109375,0.20434068046874643,0.20308491406250084,4,12,3.0,14,2.1283185840707963,8,1974,0.0,17418.75073313783,7,41,0.3203125,0.20452101953124213,True
0.6,188,9490,1024,15,2,34,36,0.28125,0.0146484375,8177,0.9981689453125,3913,0.4785373608903021,13865.181640625,104.27734375,6.71154797447762,0.1354490014704742,0.4776611328125,0.20434068046874643,0.20308491406250084,2,10,5.0,2,2.0933026584867074,8,2200,,13865.181640625,5,39,0.3046875,0.20452101953124213,True
0.6,189,6355,1024,305,39,34,73,0.5703125,0.2978515625,7887,0.9627685546875,4084,0.5178141245086851,9981.7021484375,94.9111328125,8.138757543860903,0.2570603500551058,0.49853515625,0.20434068046874643,0.20308491406250084,39,50,1.2820512820512822,8,2.0039186872397745,14,2103,0.0,9991.459433040078,42,76,0.59375,0.20452101953124213,True
0.6,190,8857,1024,178,23,34,57,0.4453125,0.173828125,8014,0.978271484375,3270,0.4080359371100574,809.455078125,19.419921875,19.048876089073236,0.3451423424962483,0.399169921875,0.20434068046874643,0.20308491406250084,23,32,1.391304347826087,55,2.488834505965127,18,1667,0.0,814.2259332023575,26,60,0.46875,0.20452101953124213,True
0.6,191,31811,1024,15,2,34,36,0.28125,0.0146484375,8177,0.9981689453125,3904,0.4774367127308304,24888.29296875,135.484375,4.170852505058269,0.16007602043052135,0.4765625,0.20434068046874643,0.20308491406250084,2,10,5.0,2,2.097873430694338,8,1986,,24888.29296875,5,39,0.3046875,0.20452101953124213,True
0.6,192,10400,1024,235,30,34,64,0.5,0.2294921875,7957,0.9713134765625,3836,0.48209124041724266,1798.916015625,36.587890625,15.580694725651764,0.1540874089126716,0.46826171875,0.20434068046874643,0.20308491406250084,30,39,1.3,20,2.130638852672751,15,1965,0.0,1802.4363992172212,33,67,0.5234375,0.20452101953124213,True
0.6,193,275,1024,216,27,34,61,0.4765625,0.2109375,7976,0.9736328125,3657,0.45850050150451355,4801.3505859375,54.4189453125,11.317169423432,0.055013783715242764,0.4464111328125,0.20434068046874643,0.20308491406250084,27,36,1.3333333333333333,12,2.236597374179431,10,1967,0.0,4806.043988269795,31,65,0.5078125,0.20452101953124213,True
0.6,194,26152,1024,31,4,34,38,0.296875,0.0302734375,8161,0.9962158203125,3656,0.4479843156475922,17805.41015625,115.78515625,5.625283785585962,0.05749565468678649,0.4462890625,0.20434068046874643,0.20308491406250084,4,12,3.0,287,2.162517099863201,8,1882,0.0,18435.530839231546,7,41,0.3203125,0.20452101953124213,True
0.6,195,13037,1024,11,2,34,36,0.28125,0.0107421875,8181,0.9986572265625,3292,0.40239579513506907,15741.689453125,93.24609375,6.160290203419734,0.04806403354200353,0.40185546875,0.20434068046874643,0.20308491406250084,2,10,5.0,14,2.484351261014889,14,1680,0.0,15757.077223851418,5,39,0.3046875,0.20452101953124213,True
0.6,196,41203,1024,217,28,34,62,0.484375,0.2119140625,7975,0.9735107421875,3604,0.45191222570532913,1417.125,29.595703125,16.61672201223177,0.0932374905931476,0.43994140625,0.20434068046874643,0.20308491406250084,28,37,1.3214285714285714,10,2.270330280321954,15,1832,0.0,1418.5102639296188,31,65,0.5078125,0.20452101953124213,True
0.6,197,43709,1024,178,23,34,57,0.4453125,0.173828125,8014,0.978271484375,4203,0.5244571999001747,2943.5244140625,46.2587890625,13.442127185968575,0.3931934271332989,0.5130615234375,0.20434068046874643,0.20308491406250084,23,32,1.391304347826087,13,1.945740123750595,9,2149,0.0,2946.401759530792,26,60,0.46875,0.20452101953124213,True
0.6,198,43572,1024,39,5,34,39,0.3046875,0.0380859375,8153,0.9952392578125,4097,0.5025144118729302,16667.6767578125,115.5458984375,5.912052914284573,0.10253439859497646,0.5001220703125,0.20434068046874643,0.20308491406250084,5,13,2.6,3,1.9990234375,8,2191,,16667.6767578125,8,42,0.328125,0.20452101953124213,True
0.6,199,23390,1024,251,32,34,66,0.515625,0.2451171875,7941,0.9693603515625,4480,0.5641606850522605,2517.859375,38.8984375,14.12048890206063,0.08990901793702386,0.546875,0.20434068046874643,0.20308491406250084,32,43,1.34375,21,1.8240678722929224,13,1804,0.0,2522.7866927592954,35,69,0.5390625,0.20452101953124213,True
0.65,0,712,1024,173,22,34,56,0.4375,0.1689453125,8019,0.9788818359375,3777,0.4710063598952488,4279.1796875,51.361328125,11.817198374942235,0.17035845616180179,0.4610595703125,0.20434068046874643,0.20308491406250084,22,31,1.4090909090909092,20,2.163665254237288,15,2019,0.0,4287.553816046967,25,59,0.4609375,0.20452101953124213,True
0.65,1,24774,1024,479,60,34,94,0.734375,0.4677734375,7713,0.9415283203125,3651,0.4733566705562038,3581.1884765625,49.6533203125,12.590531825041381,0.06327684013398846,0.4456787109375,0.20434068046874643,0.20308491406250084,60,69,1.15,30,2.235342465753425,17,1996,0.0,3591.711067580803,62,96,0.75,0.20452101953124213,True
0.65,2,45142,1024,382,48,34,82,0.640625,0.373046875,7810,0.953369140625,3360,0.43021766965428937,2144.4580078125,34.5556640625,14.817628144447738,0.08706253340885291,0.41015625,0.20434068046874643,0.20308491406250084,48,59,1.2291666666666667,12,2.434653170586484,10,1781,0.0,2146.5542521994134,52,86,0.671875,0.20452101953124213,True
0.65,3,27119,1024,41,6,34,40,0.3125,0.0400390625,8151,0.9949951171875,2773,0.3402036559931297,13357.357421875,72.33203125,6.873598137025346,0.07314307353035207,0.3385009765625,0.20434068046874643,0.20308491406250084,6,14,2.3333333333333335,7,2.952020202020202,24,1470,,13357.357421875,9,43,0.3359375,0.20452101953124213,True
0.65,4,21139,1024,450,57,34,91,0.7109375,0.439453125,7742,0.945068359375,3550,0.458537845517954,1725.3828125,35.712890625,15.761948933939298,0.23400636852125067,0.433349609375,0.20434068046874643,0.20308491406250084,57,68,1.1929824561403508,20,2.3012116089039165,9,1955,0.0,1728.7592954990216,61,95,0.7421875,0.20452101953124213,True
0.65,5,19129,1024,216,27,34,61,0.4765625,0.2109375,7976,0.9736328125,4311,0.5404964894684052,5820.8896484375,66.6806640625,10.480909947953538,0.06755493779947222,0.5262451171875,0.20434068046874643,0.20308491406250084,27,38,1.4074074074074074,10,1.8981438515081206,16,1801,0.0,5826.579667644184,30,64,0.5,0.20452101953124213,True
0.65,6,6433,1024,291,37,34,71,0.5546875,0.2841796875,7901,0.9644775390625,3083,0.39020377167447157,803.7099609375,21.4267578125,19.07981009992592,0.17023917735870042,0.3763427734375,0.20434068046874643,0.20308491406250084,37,48,1.2972972972972974,51,2.6404931862426997,19,1724,0.0,808.4469548133595,41,75,0.5859375,0.20452101953124213,True
0.65,7,38854,1024,390,49,34,83,0.6484375,0.380859375,7802,0.952392578125,3802,0.4873109459113048,5455.298828125,58.8125,10.762618156866921,0.04294106634246184,0.464111328125,0.20434068046874643,0.20308491406250084,49,60,1.2244897959183674,45,2.142857142857143,23,1885,0.0,5482.066732090285,53,87,0.6796875,0.20452101953124213,True
0.65,8,22489,1024,340,43,34,77,0.6015625,0.33203125,7852,0.95849609375,3759,0.47873153336729496,5148.8076171875,60.7275390625,11.013736959497415,0.09730228377641605,0.4588623046875,0.20434068046874643,0.20308491406250084,43,54,1.255813953488372,20,2.173762639701969,7,2136,0.0,5158.8835616438355,47,81,0.6328125,0.20452101953124213,True
0.65,9,31104,1024,41,6,34,40,0.3125,0.0400390625,8151,0.9949951171875,3854,0.4728254201938413,14794.087890625,96.564453125,6.4299216638169785,0.09149207914414526,0.470458984375,0.20434068046874643,0.20308491406250084,6,14,2.3333333333333335,3,2.1248377887360497,8,2029,,14794.087890625,9,43,0.3359375,0.20452101953124213,True
0.65,10,21349,1024,387,49,34,83,0.6484375,0.3779296875,7805,0.9527587890625,3196,0.40948110185778347,976.7802734375,23.3251953125,18.23283480635168,0.12203602279616972,0.39013671875,0.20434068046874643,0.20308491406250084,49,60,1.2244897959183674,19,2.557433489827856,12,1697,0.0,978.6917808219179,52,86,0.671875,0.20452101953124213,True
0.65,11,29116,1024,519,65,34,99,0.7734375,0.5068359375,7673,0.9366455078125,3487,0.4544506711846735,4396.6171875,53.138671875,11.699617075279324,0.11824566977711787,0.4256591796875,0.20434068046874643,0.20308491406250084,65,76,1.1692307692307693,20,2.3436603557085487,8,2068,0.0,4405.221135029355,70,104,0.8125,0.20452101953124213,True
0.65,12,10772,1024,442,56,34,90,0.703125,0.431640625,7750,0.946044921875,3838,0.4952258064516129,11483.5419921875,88.4111328125,7.530044980319684,0.027289642583608057,0.468505859375,0.20434068046874643,0.20308491406250084,56,67,1.1964285714285714,9,2.132134480062549,12,1978,0.0,11494.767350928641,59,93,0.7265625,0.20452101953124213,True
0.65,13,18332,1024,239,30,34,64,0.5,0.2333984375,7953,0.9708251953125,4169,0.5242047026279392,5045.447265625,59.39453125,11.101806895253132,0.07638161332948627,0.5089111328125,0.20434068046874643,0.20308491406250084,30,39,1.3,8,1.9632917466410749,15,1839,0.0,5050.379276637341,35,69,0.5390625,0.20452101953124213,True
0.65,14,1003,1024,330,42,34,76,0.59375,0.322265625,7862,0.959716796875,3874,0.4927499364029509,9599.52734375,86.232421875,8.308305108548694,0.06685138042483488,0.472900390625,0.20434068046874643,0.20308491406250084,42,53,1.2619047619047619,22,2.1089594629486186,15,2333,0.0,9618.31311154599,46,80,0.625,0.20452101953124213,True
0.65,15,22156,1024,450,57,34,91,0.7109375,0.439453125,7742,0.945068359375,4325,0.5586411779901834,13193.251953125,102.556640625,6.9272850457655,0.025883461390218188,0.5279541015625,0.20434068046874643,0.20308491406250084,57,68,1.1929824561403508,17,1.8901480111008326,17,1990,0.0,13219.070450097848,62,96,0.75,0.20452101953124213,True
0.65,16,26453,1024,187,24,34,58,0.453125,0.1826171875,8005,0.9771728515625,3222,0.4024984384759525,2437.0224609375,31.5576171875,14.26220828968265,0.12959175111063342,0.393310546875,0.20434068046874643,0.20308491406250084,24,33,1.375,12,2.5392735175411363,6,1844,0.0,2439.4046920821115,27,61,0.4765625,0.20452101953124213,True
0.65,17,17039,1024,191,24,34,58,0.453125,0.1865234375,8001,0.9766845703125,3496,0.4369453818272716,655.896484375,19.869140625,19.96245057791199,0.3158296048555118,0.4267578125,0.20434068046874643,0.20308491406250084,24,32,1.3333333333333333,10,2.339914163090129,7,1758,0.0,656.5376344086021,28,62,0.484375,0.20452101953124213,True
0.65,18,7166,1024,243,31,34,65,0.5078125,0.2373046875,7949,0.9703369140625,4064,0.5112592778965908,13393.1943359375,105.3701171875,6.861961903516929,0.11633084943462156,0.49609375,0.20434068046874643,0.20308491406250084,31,42,1.3548387096774193,9,2.0115678070391336,16,2206,0.0,13406.28641251222,34,68,0.53125,0.20452101953124213,True
0.65,19,48310,1024,28,4,34,38,0.296875,0.02734375,8164,0.99658203125,3544,0.43410093091621754,11699.4833984375,89.1494140625,7.449136753748439,0.08109947981891939,0.4326171875,0.20434068046874643,0.20308491406250084,4,12,3.0,5,2.3099068585944114,8,2111,,11699.4833984375,7,41,0.3203125,0.20452101953124213,True
0.65,20,12187,1024,280,35,34,69,0.5390625,0.2734375,7912,0.9658203125,3691,0.4665065722952477,1612.826171875,31.0390625,16.054927986020633,0.22710316185503882,0.4505615234375,0.20434068046874643,0.20308491406250084,35,46,1.3142857142857143,13,2.215989159891599,14,1747,0.0,1614.4027370478984,39,73,0.5703125,0.20452101953124213,True
0.65,21,20284,1024,326,41,34,75,0.5859375,0.318359375,7866,0.960205078125,2746,0.3490973811339944,800.3564453125,15.9736328125,19.09796914180994,0.22801632717420645,0.335205078125,0.20434068046874643,0.20308491406250084,41,52,1.2682926829268293,21,2.975591985428051,10,1505,0.0,801.9227005870841,46,80,0.625,0.20452101953124213,True
0.65,22,1052,1024,323,41,34,75,0.5859375,0.3154296875,7869,0.9605712890625,3583,0.45533104587622314,2012.626953125,35.3984375,15.093170763980918,0.07889118234079565,0.4373779296875,0.20434068046874643,0.20308491406250084,41,52,1.2682926829268293,13,2.2825237297599106,15,1931,0.0,2014.594330400782,44,78,0.609375,0.20452101953124213,True
0.65,23,13752,1024,212,27,34,61,0.4765625,0.20703125,7980,0.97412109375,2979,0.37330827067669176,492.7978515625,13.1396484375,21.204115550893516,0.41577683025213663,0.3636474609375,0.20434068046874643,0.20308491406250084,27,36,1.3333333333333333,26,2.74076561450638,12,1589,0.0,494.24583741429973,30,64,0.5,0.20452101953124213,True
0.65,24,37139,1024,48,6,34,40,0.3125,0.046875,8144,0.994140625,4119,0.5057711198428291,21802.0966796875,129.2392578125,4.745820997113462,0.04542246734277661,0.5028076171875,0.20434068046874643,0.20308491406250084,6,14,2.3333333333333335,4,1.9881010199125788,8,2132,,21802.0966796875,10,44,0.34375,0.20452101953124213,True
0.65,25,29727,1024,503,63,34,97,0.7578125,0.4912109375,7689,0.9385986328125,3779,0.4914813369748992,3779.6611328125,51.7392578125,12.356274961488452,0.05861643378501984,0.4613037109375,0.20434068046874643,0.20308491406250084,63,74,1.1746031746031746,11,2.1651667548967706,15,1968,0.0,3783.355816226784,67,101,0.7890625,0.20452101953124213,True
0.65,26,41854,1024,297,38,34,72,0.5625,0.2900390625,7895,0.9637451171875,3049,0.3861937935402153,652.0458984375,20.1826171875,19.988021934541706,0.27241245866385266,0.3721923828125,0.20434068046874643,0.20308491406250084,38,49,1.2894736842105263,20,2.6801181102362204,6,1730,0.0,653.3219178082192,41,75,0.5859375,0.20452101953124213,True
0.65,27,40333,1024,446,56,34,90,0.703125,0.435546875,7746,0.945556640625,4239,0.5472501936483346,5740.26171875,69.416015625,10.541486670034303,0.05912013469037328,0.5174560546875,0.20434068046874643,0.20308491406250084,56,67,1.1964285714285714,8,1.9308636149126948,13,1965,0.0,5745.872922776149,61,95,0.7421875,0.20452101953124213,True
0.65,28,33248,1024,25,4,34,38,0.296875,0.0244140625,8167,0.9969482421875,3294,0.4033304763070895,9911.5927734375,80.4326171875,8.169369105065696,0.17739045780580576,0.402099609375,0.20434068046874643,0.20308491406250084,4,12,3.0,375,2.373519587002733,8,1818,0.0,10377.782208588957,7,41,0.3203125,0.20452101953124213,True
0.65,29,9680,1024,474,60,34,94,0.734375,0.462890625,7718,0.942138671875,3327,0.431070225447007,7100.23046875,61.6484375,9.618079150105379,0.031263494232243484,0.4061279296875,0.20434068046874643,0.20308491406250084,60,71,1.1833333333333333,17,2.457306073361395,14,1828,0.0,7114.125244618395,62,96,0.75,0.20452101953124213,True
0.65,30,16805,1024,319,40,34,74,0.578125,0.3115234375,7873,0.9610595703125,3448,0.4379524958719675,1749.7333984375,33.7802734375,15.701084792717928,0.14074671183880497,0.4208984375,0.20434068046874643,0.20308491406250084,40,51,1.275,19,2.370757180156658,15,1935,0.0,1753.1575342465753,44,78,0.609375,0.20452101953124213,True
0.65,31,14652,1024,494,62,34,96,0.75,0.482421875,7698,0.939697265625,3424,0.44479085476747204,1019.9267578125,27.0966796875,18.045113752039896,0.2616043200314104,0.41796875,0.20434068046874643,0.20308491406250084,62,73,1.1774193548387097,20,2.3867952088810984,15,1790,0.0,1021.9227005870841,65,99,0.7734375,0.20452101953124213,True
0.65,32,15793,1024,348,44,34,78,0.609375,0.33984375,7844,0.95751953125,3050,0.38883222845487,2387.6279296875,30.7646484375,14.351137103843193,0.29811286207727156,0.372314453125,0.20434068046874643,0.20308491406250084,44,55,1.25,39,2.6723515906854707,8,1819,0.0,2396.991176470588,48,82,0.640625,0.20452101953124213,True
0.65,33,30210,1024,38,5,34,39,0.3046875,0.037109375,8154,0.995361328125,3396,0.41648270787343633,8656.2080078125,65.3955078125,8.7575267692707,0.31711318770073205,0.41455078125,0.20434068046874643,0.20308491406250084,5,13,2.6,3,2.410898379970545,14,1963,,8656.2080078125,8,42,0.328125,0.20452101953124213,True
0.65,34,47426,1024,285,36,34,70,0.546875,0.2783203125,7907,0.9652099609375,4237,0.5358543063108638,15527.771484375,114.4609375,6.219712297682082,0.013870156369465545,0.5172119140625,0.20434068046874643,0.20308491406250084,36,47,1.3055555555555556,9,1.931067044381492,14,2026,0.0,15542.950146627565,39,73,0.5703125,0.20452101953124213,True
0.65,35,20875,1024,320,40,34,74,0.578125,0.3125,7872,0.9609375,3459,0.43940548780487804,2495.537109375,38.259765625,14.159163285303409,0.10410727824070107,0.4222412109375,0.20434068046874643,0.20308491406250084,40,49,1.225,11,2.36524002313476,13,1877,0.0,2497.976539589443,44,78,0.609375,0.20452101953124213,True
0.65,36,4161,1024,402,51,34,85,0.6640625,0.392578125,7790,0.950927734375,3808,0.4888318356867779,9332.5810546875,78.6611328125,8.430785903487916,0.03701740437260226,0.46484375,0.20434068046874643,0.20308491406250084,51,62,1.2156862745098038,20,2.1447333858681374,13,2021,0.0,9350.844422700588,54,88,0.6875,0.20452101953124213,True
0.65,37,40340,1024,368,46,34,80,0.625,0.359375,7824,0.955078125,3779,0.4830010224948875,5542.2109375,61.513671875,10.69397309784576,0.1329340844421382,0.4613037109375,0.20434068046874643,0.20308491406250084,46,57,1.2391304347826086,12,2.1646373742721017,12,2085,0.0,5547.628543499512,50,84,0.65625,0.20452101953124213,True
0.65,38,28286,1024,459,58,34,92,0.71875,0.4482421875,7733,0.9439697265625,3614,0.4673477305056252,6937.91796875,61.99609375,9.718512002609511,0.16726221617621864,0.441162109375,0.20434068046874643,0.20308491406250084,58,69,1.1896551724137931,22,2.2598948242457793,11,2008,0.0,6951.495107632094,62,96,0.75,0.20452101953124213,True
0.65,39,13256,1024,134,17,34,51,0.3984375,0.130859375,8058,0.983642578125,3662,0.45445519980143956,2784.3974609375,38.9755859375,13.683491318075088,0.10036230746518224,0.447021484375,0.20434068046874643,0.20308491406250084,17,26,1.5294117647058822,19,2.232177000819448,14,1770,0.0,2789.8463796477495,21,55,0.4296875,0.20452101953124213,True
0.65,40,48934,1024,177,23,34,57,0.4453125,0.1728515625,8015,0.9783935546875,3390,0.4229569557080474,9187.345703125,67.625,8.498903024729746,0.017732155193447015,0.413818359375,0.21219128281249766,0.21592695468750378,23,32,1.391304347826087,36,2.4063145470640306,12,1846,0.0,9223.374509803922,26,60,0.46875,0.2174593835937486,True
0.65,41,11935,1024,233,30,34,64,0.5,0.2275390625,7959,0.9715576171875,4433,0.556979520040206,4847.2373046875,62.4814453125,11.275860790049554,0.10040016497681369,0.5411376953125,0.21219128281249766,0.21592695468750378,30,39,1.3,18,1.8440884476534296,14,2023,0.0,4856.723091976517,33,67,0.5234375,0.2174593835937486,True
0.65,42,48447,1024,319,40,34,74,0.578125,0.3115234375,7873,0.9610595703125,3362,0.42702908675219103,928.00390625,20.416015625,18.455305565679605,0.17075681580814178,0.410400390625,0.21219128281249766,0.21592695468750378,40,51,1.275,19,2.431121689973222,11,1640,0.0,929.8199608610568,45,79,0.6171875,0.2174593835937486,True
0.65,43,15492,1024,176,22,34,56,0.4375,0.171875,8016,0.978515625,3876,0.48353293413173654,2820.2412109375,42.3193359375,13.627941064140925,0.06902201997517886,0.47314453125,0.21219128281249766,0.21592695468750378,22,31,1.4090909090909092,10,2.110709677419355,11,1976,0.0,2822.998044965787,27,61,0.4765625,0.2174593835937486,True
0.65,44,32513,1024,403,51,34,85,0.6640625,0.3935546875,7789,0.9508056640625,3952,0.5073822056746694,2339.40625,40.392578125,14.439747150257476,0.21364440556101688,0.482421875,0.21219128281249766,0.21592695468750378,51,62,1.2156862745098038,10,2.070361933687674,15,1900,0.0,2341.6930596285433,55,89,0.6953125,0.2174593835937486,True
0.65,45,36099,1024,21,3,34,37,0.2890625,0.0205078125,8171,0.9974365234375,3805,0.4656712764655489,20768.6728515625,126.6533203125,4.95671615495942,0.08268712813418164,0.4644775390625,0.21219128281249766,0.21592695468750378,3,11,3.6666666666666665,15,2.1490536277602525,8,2075,0.0,20788.974584555228,6,40,0.3125,0.2174593835937486,True
0.65,46,39260,1024,513,65,34,99,0.7734375,0.5009765625,7679,0.9373779296875,3263,0.42492512045839304,2088.173828125,38.556640625,14.933137125849829,0.26765884767563286,0.3983154296875,0.21219128281249766,0.21592695468750378,65,76,1.1692307692307693,19,2.5033721643163704,24,1824,0.0,2092.2602739726026,67,101,0.7890625,0.2174593835937486,True
0.65,47,46517,1024,417,53,34,87,0.6796875,0.4072265625,7775,0.9490966796875,3319,0.4268810289389067,3062.673828125,42.28125,13.269796135514584,0.13964916508747743,0.4051513671875,0.21219128281249766,0.21592695468750378,53,64,1.2075471698113207,30,2.45961422543701,16,1895,0.0,3071.6728697355534,56,90,0.703125,0.2174593835937486,True
0.65,48,33095,1024,477,60,34,94,0.734375,0.4658203125,7715,0.9417724609375,3771,0.48878807517822426,4200.0634765625,51.8037109375,11.898245068241753,0.10030664851981091,0.4603271484375,0.21219128281249766,0.21592695468750378,60,71,1.1833333333333333,13,2.1687002652519896,16,1802,0.0,4204.169110459433,65,99,0.7734375,0.2174593835937486,True
0.65,49,3,1024,461,58,34,92,0.71875,0.4501953125,7731,0.9437255859375,3830,0.4954080972707282,3227.7890625,47.5546875,13.041752152347163,0.1421208685170695,0.467529296875,0.21219128281249766,0.21592695468750378,58,69,1.1896551724137931,46,2.126926090363019,7,1982,0.0,3243.6270853778215,62,96,0.75,0.2174593835937486,True
0.65,50,21683,1024,101,13,34,47,0.3671875,0.0986328125,8091,0.9876708984375,3630,0.4486466444197256,7946.6767578125,74.1943359375,9.128948130269869,0.02720218060035588,0.443115234375,0.21219128281249766,0.21592695468750378,13,21,1.6153846153846154,10,2.2535133645632404,8,2173,0.0,7954.44477028348,16,50,0.390625,0.2174593835937486,True
0.65,51,13446,1024,431,54,34,88,0.6875,0.4208984375,7761,0.9473876953125,3780,0.48705063780440666,6571.79296875,66.5703125,9.953964874721564,-0.012263809100590972,0.46142578125,0.21219128281249766,0.21592695468750378,54,65,1.2037037037037037,12,2.1635353268060333,9,2111,0.0,6578.217008797654,60,94,0.734375,0.2174593835937486,True
0.65,52,49515,1024,271,34,34,68,0.53125,0.2646484375,7921,0.9669189453125,3602,0.45474056306021965,3155.7822265625,42.0283203125,13.139733349824406,0.18490771399487774,0.439697265625,0.21219128281249766,0.21592695468750378,34,43,1.2647058823529411,47,2.261038600388781,11,1898,0.0,3171.2669283611385,37,71,0.5546875,0.2174593835937486,True
0.65,53,27943,1024,469,59,34,93,0.7265625,0.4580078125,7723,0.9427490234375,3828,0.4956623073934999,4638.5810546875,60.4306640625,11.466952109949007,0.11466414125657036,0.46728515625,0.21219128281249766,0.21592695468750378,59,70,1.1864406779661016,11,2.13744447347792,10,2067,0.0,4643.115347018573,64,98,0.765625,0.2174593835937486,True
0.65,54,29059,1024,400,50,34,84,0.65625,0.390625,7792,0.951171875,3971,0.5096252566735113,5376.4375,64.02734375,10.825857592847576,0.051095721897276646,0.4847412109375,0.21219128281249766,0.21592695468750378,50,61,1.22,9,2.060705289672544,12,2086,0.0,5381.693059628544,54,88,0.6875,0.2174593835937486,True
0.65,55,32738,1024,268,34,34,68,0.53125,0.26171875,7924,0.96728515625,3086,0.389449772841999,1623.1884765625,26.1611328125,16.027114100012476,0.45895128670684576,0.376708984375,0.21219128281249766,0.21592695468750378,34,45,1.3235294117647058,167,2.60097244732577,15,1534,0.0,1655.5229083665338,38,72,0.5625,0.2174593835937486,True
0.65,56,445,1024,419,53,34,87,0.6796875,0.4091796875,7773,0.9488525390625,3656,0.47034606972854753,6970.767578125,65.4453125,9.697997582950165,0.05701488270671585,0.4462890625,0.21219128281249766,0.21592695468750378,53,64,1.2075471698113207,12,2.237482900136799,12,2004,0.0,6977.581622678397,57,91,0.7109375,0.2174593835937486,True
0.65,57,32216,1024,165,21,34,55,0.4296875,0.1611328125,8027,0.9798583984375,3890,0.4846144263111997,15235.3916015625,104.3544921875,6.302267393153233,0.04308416667823597,0.474853515625,0.21219128281249766,0.21592695468750378,21,30,1.4285714285714286,22,2.0997685780406274,8,2034,0.0,15265.206457925637,25,59,0.4609375,0.2174593835937486,True
0.65,58,18250,1024,282,36,34,70,0.546875,0.275390625,7910,0.965576171875,3953,0.4997471554993679,1570.849609375,31.767578125,16.169457524956567,0.10410973390651912,0.4825439453125,0.21219128281249766,0.21592695468750378,36,47,1.3055555555555556,14,2.068825910931174,13,1777,0.0,1572.3851417399806,38,72,0.5625,0.2174593835937486,True
0.65,59,1684,1024,379,48,34,82,0.640625,0.3701171875,7813,0.9537353515625,3407,0.4360680916421349,2979.3681640625,40.6474609375,13.389561880518688,0.08471020324962139,0.4158935546875,0.21219128281249766,0.21592695468750378,48,57,1.1875,20,2.398708162066941,12,1900,0.0,2985.198630136986,52,86,0.671875,0.2174593835937486,True
0.65,60,2899,1024,372,47,34,81,0.6328125,0.36328125,7820,0.95458984375,3532,0.4516624040920716,3711.259765625,52.64453125,12.435590074813316,0.11643308606709311,0.43115234375,0.21219128281249766,0.21592695468750378,47,58,1.2340425531914894,10,2.3166241857830645,7,2241,0.0,3714.887585532747,51,85,0.6640625,0.2174593835937486,True
0.65,61,39428,1024,47,6,34,40,0.3125,0.0458984375,8145,0.9942626953125,3309,0.40626151012891343,6679.775390625,62.603515625,9.883185014241228,0.10850012920120983,0.4039306640625,0.21219128281249766,0.21592695468750378,6,14,2.3333333333333335,5,2.4746070133010885,8,1972,,6679.775390625,10,44,0.34375,0.2174593835937486,True
0.65,62,40758,1024,516,65,34,99,0.7734375,0.50390625,7676,0.93701171875,3846,0.5010422094841063,11675.630859375,86.2109375,7.458000051335331,0.008824940597591958,0.469482421875,0.21219128281249766,0.21592695468750378,65,76,1.1692307692307693,9,2.127698309492848,15,2013,0.0,11687.043988269796,70,104,0.8125,0.2174593835937486,True
0.65,63,29154,1024,430,54,34,88,0.6875,0.419921875,7762,0.947509765625,3824,0.49265653182169544,3948.9619140625,52.6259765625,12.165974156834698,0.06908965379667864,0.466796875,0.21219128281249766,0.21592695468750378,54,65,1.2037037037037037,11,2.1396808788909234,16,2003,0.0,3952.822091886608,59,93,0.7265625,0.2174593835937486,True
0.65,64,43958,1024,459,58,34,92,0.71875,0.4482421875,7733,0.9439697265625,3789,0.4899780162938058,2375.84765625,43.267578125,14.372617714321335,0.11206186850405297,0.4625244140625,0.21219128281249766,0.21592695468750378,58,69,1.1896551724137931,9,2.159450897571278,7,2020,0.0,2378.1700879765394,62,96,0.75,0.2174593835937486,True
0.65,65,33814,1024,36,5,34,39,0.3046875,0.03515625,8156,0.99560546875,4017,0.4925208435507602,20663.0927734375,126.8037109375,4.978850352664946,0.04157236173656266,0.4903564453125,0.21219128281249766,0.21592695468750378,5,13,2.6,4,2.0383466135458166,8,2088,,20663.0927734375,8,42,0.328125,0.2174593835937486,True
0.65,66,34153,1024,200,25,34,59,0.4609375,0.1953125,7992,0.9755859375,4195,0.5248998998998999,5525.3662109375,62.1611328125,10.707192933309063,0.08506483147382404,0.5120849609375,0.21219128281249766,0.21592695468750378,25,34,1.36,12,1.9492131616595136,16,1865,0.0,5530.7673509286415,29,63,0.4921875,0.2174593835937486,True
0.65,67,43609,1024,434,55,34,89,0.6953125,0.423828125,7758,0.947021484375,3794,0.48904356792987885,13471.2939453125,90.3388671875,6.836710482689146,0.05394632673164413,0.463134765625,0.21219128281249766,0.21592695468750378,55,66,1.2,30,2.1515950435011866,15,1958,0.0,13510.876591576885,59,93,0.7265625,0.2174593835937486,True
0.65,68,10762,1024,349,44,34,78,0.609375,0.3408203125,7843,0.9573974609375,3650,0.4653831442050236,3995.814453125,49.53515625,12.114750474438061,0.054274653335137334,0.445556640625,0.21219128281249766,0.21592695468750378,44,55,1.25,29,2.2362291038640723,15,1890,0.0,4007.5553379040157,48,82,0.640625,0.2174593835937486,True
0.65,69,17898,1024,313,40,34,74,0.578125,0.3056640625,7879,0.9617919921875,3398,0.4312730041883488,2423.7021484375,33.8232421875,14.28601113046106,0.2536681689436944,0.414794921875,0.21219128281249766,0.21592695468750378,40,51,1.275,35,2.3982926111274656,17,1546,0.0,2433.206862745098,44,78,0.609375,0.2174593835937486,True
0.65,70,43653,1024,10,2,34,36,0.28125,0.009765625,8182,0.998779296875,3404,0.41603519921779514,12063.4326171875,84.6708984375,7.31609458156143,0.007884804630972825,0.41552734375,0.21219128281249766,0.21592695468750378,2,10,5.0,15,2.4025859535703793,8,1927,0.0,12075.224828934506,5,39,0.3046875,0.2174593835937486,True
0.65,71,14233,1024,419,53,34,87,0.6796875,0.4091796875,7773,0.9488525390625,3670,0.47214717612247525,3312.240234375,44.296875,12.929585325498277,0.05785020768563406,0.447998046875,0.21219128281249766,0.21592695468750378,53,64,1.2075471698113207,13,2.2281275551921507,11,1897,0.0,3315.4780058651027,58,92,0.71875,0.2174593835937486,True
0.65,72,39520,1024,303,38,34,72,0.5625,0.2958984375,7889,0.9630126953125,3749,0.4752186588921283,9652.8134765625,83.5517578125,8.284264465645018,0.06860159804665728,0.4576416015625,0.21219128281249766,0.21592695468750378,38,49,1.2894736842105263,13,2.1819637139807897,14,2069,0.0,9662.24926686217,42,76,0.59375,0.2174593835937486,True
0.65,73,18138,1024,370,47,34,81,0.6328125,0.361328125,7822,0.954833984375,3941,0.503835336231143,6600.08984375,64.2734375,9.935305134503922,0.18117089909238376,0.4810791015625,0.21219128281249766,0.21592695468750378,47,58,1.2340425531914894,12,2.0748730964467006,15,1883,0.0,6606.541544477029,50,84,0.65625,0.2174593835937486,True
0.65,74,9212,1024,48,6,34,40,0.3125,0.046875,8144,0.994140625,4391,0.5391699410609038,32751.3232421875,169.2861328125,2.97851509511991,0.013862142834104354,0.5360107421875,0.21219128281249766,0.21592695468750378,6,14,2.3333333333333335,12,1.8630979498861049,36,1898,0.0,32783.338220918864,10,44,0.34375,0.2174593835937486,True
0.65,75,6456,1024,412,52,34,86,0.671875,0.40234375,7780,0.94970703125,4118,0.529305912596401,4045.3369140625,51.8525390625,12.061256633930542,0.10357151013339452,0.502685546875,0.21219128281249766,0.21592695468750378,52,63,1.2115384615384615,27,1.9827544328394462,16,1871,0.0,4057.2233104799216,56,90,0.703125,0.2174593835937486,True
0.65,76,22948,1024,460,58,34,92,0.71875,0.44921875,7732,0.94384765625,3626,0.46896016554578374,5947.54296875,55.212890625,10.38742772533788,0.26726188368390863,0.442626953125,0.21219128281249766,0.21592695468750378,58,69,1.1896551724137931,22,2.2521379310344827,7,2069,0.0,5959.181996086106,61,95,0.7421875,0.2174593835937486,True
0.65,77,7591,1024,430,54,34,88,0.6875,0.419921875,7762,0.947509765625,3514,0.45271837155372324,3790.630859375,51.212890625,12.343688670091872,0.08001140149148872,0.428955078125,0.21219128281249766,0.21592695468750378,54,65,1.2037037037037037,11,2.32820950754341,7,2093,0.0,3794.336265884653,59,93,0.7265625,0.2174593835937486,True
0.65,78,29996,1024,412,52,34,86,0.671875,0.40234375,7780,0.94970703125,3443,0.44254498714652957,8802.734375,74.00390625,8.684627637727635,0.09962085957825521,0.4202880859375,0.21219128281249766,0.21592695468750378,52,63,1.2115384615384615,46,2.366356769320163,7,1964,0.0,8845.927379784102,56,90,0.703125,0.2174593835937486,True
0.65,79,10378,1024,356,45,34,79,0.6171875,0.34765625,7836,0.95654296875,3134,0.3999489535477284,3777.486328125,40.25,12.35877459698175,0.03638005801914619,0.382568359375,0.21219128281249766,0.21592695468750378,45,56,1.2444444444444445,14,2.6096393233322694,13,1892,0.0,3781.1788856304984,49,83,0.6484375,0.2174593835937486,True
0.65,80,27337,1024,517,65,34,99,0.7734375,0.5048828125,7675,0.9368896484375,3543,0.461628664495114,6091.6591796875,64.6513671875,10.283447637287942,0.15891436548688084,0.4324951171875,0.21219128281249766,0.21592695468750378,65,76,1.1692307692307693,13,2.3085827216262,24,2092,0.0,6097.613880742913,68,102,0.796875,0.2174593835937486,True
0.65,81,19965,1024,427,54,34,88,0.6875,0.4169921875,7765,0.9478759765625,4008,0.5161622665808113,9614.115234375,82.201171875,8.301710376089556,0.06241476679132946,0.4892578125,0.21219128281249766,0.21592695468750378,54,65,1.2037037037037037,30,2.0359371100573997,20,2079,0.0,9642.364348677767,59,93,0.7265625,0.2174593835937486,True
0.65,82,24405,1024,516,65,34,99,0.7734375,0.50390625,7676,0.93701171875,3593,0.4680823345492444,2189.3310546875,36.0146484375,14.727689234876804,0.13617040015969864,0.4385986328125,0.21219128281249766,0.21592695468750378,65,76,1.1692307692307693,12,2.2753340757238307,8,1810,0.0,2191.471163245357,70,104,0.8125,0.2174593835937486,True
0.65,83,45135,1024,474,60,34,94,0.734375,0.462890625,7718,0.942138671875,3921,0.5080331692148224,11291.9775390625,88.3095703125,7.603103552498225,0.09284878940979092,0.4786376953125,0.21219128281249766,0.21592695468750378,60,71,1.1833333333333333,36,2.080357142857143,14,2057,0.0,11336.259803921568,65,99,0.7734375,0.2174593835937486,True
0.65,84,11274,1024,30,4,34,38,0.296875,0.029296875,8162,0.996337890625,3429,0.4201176182308258,6715.802734375,62.38671875,9.859824298984183,0.041103525587474335,0.4185791015625,0.21219128281249766,0.21592695468750378,4,12,3.0,43,2.3766044340723456,8,1948,0.0,6748.755642787046,7,41,0.3203125,0.2174593835937486,True
0.65,85,1941,1024,386,49,34,83,0.6484375,0.376953125,7806,0.952880859375,3868,0.49551626953625416,1033.1796875,25.931640625,17.989045015909632,0.20051629535362986,0.47216796875,0.21219128281249766,0.21592695468750378,49,60,1.2244897959183674,19,2.113266097750194,13,1658,0.0,1035.20156555773,52,86,0.671875,0.2174593835937486,True
0.65,86,48940,1024,423,53,34,87,0.6796875,0.4130859375,7769,0.9483642578125,3234,0.4162697901917879,2027.9296875,33.134765625,15.06027467829951,0.10364664953058669,0.394775390625,0.21219128281249766,0.21592695468750378,53,64,1.2075471698113207,10,2.530157748221466,8,1913,0.0,2029.9120234604106,58,92,0.71875,0.2174593835937486,True
0.65,87,36794,1024,398,50,34,84,0.65625,0.388671875,7794,0.951416015625,3909,0.5015396458814473,14694.763671875,100.666015625,6.459177549319515,0.03934025629970532,0.4771728515625,0.21219128281249766,0.21592695468750378,50,61,1.22,13,2.091095189355169,14,1900,0.0,14709.128054740959,55,89,0.6953125,0.2174593835937486,True
0.65,88,21994,1024,618,78,34,112,0.875,0.603515625,7574,0.924560546875,3644,0.4811196197517824,5227.5234375,59.783203125,10.947843722229447,0.07227790676751124,0.44482421875,0.21219128281249766,0.21592695468750378,78,89,1.141025641025641,12,2.2448531430139993,13,2053,0.0,5232.633431085044,83,117,0.9140625,0.2174593835937486,True
0.65,89,49944,1024,418,53,34,87,0.6796875,0.408203125,7774,0.948974609375,4073,0.5239259068690507,3468.6435546875,44.5732421875,12.729206877730261,0.12338185071378398,0.4971923828125,0.21219128281249766,0.21592695468750378,53,64,1.2075471698113207,39,2.00196463654224,21,1835,0.0,3482.2460784313726,57,91,0.7109375,0.2174593835937486,True
0.65,90,43442,1024,385,49,34,83,0.6484375,0.3759765625,7807,0.9530029296875,2479,0.3175355450236967,407.9755859375,13.6689453125,22.02446186037509,0.6081589226126805,0.3026123046875,0.21219128281249766,0.21592695468750378,49,60,1.2244897959183674,31,3.291767554479419,7,1589,0.0,409.1743388834476,53,87,0.6796875,0.2174593835937486,True
0.65,91,45096,1024,135,17,34,51,0.3984375,0.1318359375,8057,0.9835205078125,3246,0.4028794836787886,912.7744140625,21.9697265625,18.52716902975726,0.26846526389599773,0.396240234375,0.21219128281249766,0.21592695468750378,17,26,1.5294117647058822,20,2.5180277349768874,11,1756,0.0,914.5606653620353,20,54,0.421875,0.2174593835937486,True
0.65,92,42430,1024,442,56,34,90,0.703125,0.431640625,7750,0.946044921875,3390,0.4374193548387097,401.8876953125,14.5419921875,22.08975651365821,0.42081781632174187,0.413818359375,0.21219128281249766,0.21592695468750378,56,67,1.1964285714285714,38,2.4054293301858953,23,1546,0.0,403.46372549019605,58,92,0.71875,0.2174593835937486,True
0.65,93,42255,1024,450,57,34,91,0.7109375,0.439453125,7742,0.945068359375,4095,0.5289330922242315,3185.7314453125,49.8076171875,13.098711985474047,0.1740419307622447,0.4998779296875,0.21219128281249766,0.21592695468750378,57,68,1.1929824561403508,44,1.9899853444064484,14,1865,0.0,3201.3631010794898,61,95,0.7421875,0.2174593835937486,True
0.65,94,5771,1024,22,3,34,37,0.2890625,0.021484375,8170,0.997314453125,4627,0.5663402692778458,30719.6708984375,161.2861328125,3.256638021047306,0.02852281404514295,0.5648193359375,0.21219128281249766,0.21592695468750378,3,11,3.6666666666666665,23,1.7656722870730652,62,1890,0.0,30779.787671232876,6,40,0.3125,0.2174593835937486,True
0.65,95,8320,1024,373,47,34,81,0.6328125,0.3642578125,7819,0.9544677734375,3556,0.4547896150402865,2091.6044921875,38.4248046875,14.926007949649549,0.08444413976947641,0.43408203125,0.21219128281249766,0.21592695468750378,47,58,1.2340425531914894,18,2.29817158931083,10,1937,0.0,2095.697651663405,52,86,0.671875,0.2174593835937486,True
0.65,96,48807,1024,259,33,34,67,0.5234375,0.2529296875,7933,0.9683837890625,3882,0.4893482919450397,4438.986328125,53.595703125,11.65796553447638,0.09464330539705605,0.473876953125,0.21219128281249766,0.21592695468750378,33,44,1.3333333333333333,14,2.106931203298119,15,1789,0.0,4443.325513196481,37,71,0.5546875,0.2174593835937486,True
0.65,97,2675,1024,332,42,34,76,0.59375,0.32421875,7860,0.95947265625,3490,0.4440203562340967,1489.158203125,31.359375,16.401395226896145,0.3287472747631304,0.426025390625,0.21219128281249766,0.21592695468750378,42,53,1.2619047619047619,38,2.3367727142447694,11,1819,0.0,1494.9980392156863,46,80,0.625,0.2174593835937486,True
0.65,98,37658,1024,22,3,34,37,0.2890625,0.021484375,8170,0.997314453125,3753,0.4593635250917993,16516.306640625,99.392578125,5.951674235086024,0.02213117730291199,0.4581298828125,0.21219128281249766,0.21592695468750378,3,11,3.6666666666666665,19,2.177771855010661,15,1909,0.0,16548.62818003914,6,40,0.3125,0.2174593835937486,True
0.65,99,45710,1024,397,50,34,84,0.65625,0.3876953125,7795,0.9515380859375,4130,0.5298268120590122,15422.20703125,115.57421875,6.249338319710212,0.070421072325371,0.504150390625,0.21219128281249766,0.21592695468750378,50,61,1.22,12,1.9803826592395253,16,2063,0.0,15437.282502443793,54,88,0.6875,0.2174593835937486,True
0.65,100,15813,1024,314,40,34,74,0.578125,0.306640625,7878,0.961669921875,3350,0.4252348311754252,996.0712890625,21.5439453125,18.147899387710048,0.23959228600785798,0.408935546875,0.21219128281249766,0.21592695468750378,40,51,1.275,13,2.441922962078232,15,1639,0.0,997.0449657869012,44,78,0.609375,0.2174593835937486,True
0.65,101,7135,1024,379,48,34,82,0.640625,0.3701171875,7813,0.9537353515625,3751,0.4800972737744784,950.322265625,25.32421875,18.35209456158835,0.1904761267691199,0.4578857421875,0.21219128281249766,0.21592695468750378,48,59,1.2291666666666667,12,2.1810666666666667,16,1707,0.0,951.2512218963832,52,86,0.671875,0.2174593835937486,True
0.65,102,31775,1024,515,65,34,99,0.7734375,0.5029296875,7677,0.9371337890625,3528,0.45955451348182885,5242.955078125,68.712890625,10.935042241929068,0.17025875713353592,0.4306640625,0.21219128281249766,0.21592695468750378,65,76,1.1692307692307693,9,2.319818542670825,9,2348,0.0,5248.080156402737,69,103,0.8046875,0.2174593835937486,True
0.65,103,31772,1024,456,57,34,91,0.7109375,0.4453125,7736,0.9443359375,3709,0.4794467425025853,10914.927734375,89.328125,7.750594961929828,0.1289758778722072,0.4527587890625,0.21219128281249766,0.21592695468750378,57,68,1.1929824561403508,12,2.2057713052858685,10,2158,0.0,10925.597262952102,63,97,0.7578125,0.2174593835937486,True
0.65,104,25160,1024,260,33,34,67,0.5234375,0.25390625,7932,0.96826171875,3994,0.5035300050428644,985.6865234375,24.3740234375,18.193415420599624,0.23133412455354177,0.487548828125,0.21219128281249766,0.21592695468750378,33,44,1.3333333333333333,20,2.0460806411219634,22,1681,0.0,987.6154598825832,36,70,0.546875,0.2174593835937486,True
0.65,105,36108,1024,472,59,34,93,0.7265625,0.4609375,7720,0.9423828125,3662,0.4743523316062176,4916.337890625,60.681640625,11.214386373876092,0.09540477087570244,0.447021484375,0.21219128281249766,0.21592695468750378,59,68,1.152542372881356,28,2.229445506692161,12,2077,0.0,4930.783545543584,63,97,0.7578125,0.2174593835937486,True
0.65,106,1260,1024,203,26,34,60,0.46875,0.1982421875,7989,0.9752197265625,3393,0.42470897484040554,3770.2666015625,47.7470703125,12.367082999210716,0.07010770599921423,0.4141845703125,0.21219128281249766,0.21592695468750378,26,35,1.3461538461538463,12,2.41126179245283,7,2039,0.0,3773.952101661779,29,63,0.4921875,0.2174593835937486,True
0.65,107,37885,1024,364,46,34,80,0.625,0.35546875,7828,0.95556640625,3552,0.45375574859478796,6852.7119140625,66.6962890625,9.772178862754995,0.056047493534576,0.43359375,0.21219128281249766,0.21592695468750378,46,57,1.2391304347826086,14,2.3024500140805406,9,2065,0.0,6859.41055718475,50,84,0.65625,0.2174593835937486,True
0.65,108,41535,1024,55,7,34,41,0.3203125,0.0537109375,8137,0.9932861328125,3558,0.4372618901314981,18756.4228515625,120.7958984375,5.399303457992755,0.09005537386839393,0.434326171875,0.21219128281249766,0.21592695468750378,7,15,2.142857142857143,127,2.266516727579421,11,1955,0.0,19035.259663032706,11,45,0.3515625,0.2174593835937486,True
0.65,109,44889,1024,503,63,34,97,0.7578125,0.4912109375,7689,0.9385986328125,3680,0.47860580049421253,7728.615234375,71.689453125,9.249786741868,0.07103308265495242,0.44921875,0.21219128281249766,0.21592695468750378,63,74,1.1746031746031746,21,2.2204403370481107,13,2023,0.0,7743.739726027397,69,103,0.8046875,0.2174593835937486,True
0.65,110,28184,1024,644,81,34,115,0.8984375,0.62890625,7548,0.92138671875,3277,0.4341547429782724,3306.2841796875,45.5009765625,12.937401818181929,0.2338169563791586,0.4000244140625,0.21219128281249766,0.21592695468750378,81,92,1.1358024691358024,9,2.4963369963369964,7,1958,0.0,3309.516129032258,87,121,0.9453125,0.2174593835937486,True
0.65,111,25319,1024,174,22,34,56,0.4375,0.169921875,8018,0.978759765625,4173,0.5204539785482664,4819.5390625,59.2109375,11.300748562774244,0.07815610122538631,0.5093994140625,0.21219128281249766,0.21592695468750378,22,31,1.4090909090909092,11,1.9606903163950145,16,1878,0.0,4824.250244379276,25,59,0.4609375,0.2174593835937486,True
0.65,112,11010,1024,323,41,34,75,0.5859375,0.3154296875,7869,0.9605712890625,3636,0.4620663362561952,4504.66015625,55.994140625,11.594183286677174,0.08875116449046772,0.44384765625,0.21219128281249766,0.21592695468750378,41,52,1.2682926829268293,36,2.2434662998624484,12,2071,0.0,4522.325490196078,46,80,0.625,0.2174593835937486,True
0.65,113,33880,1024,130,17,34,51,0.3984375,0.126953125,8062,0.984130859375,3208,0.3979161498387497,941.7412109375,22.1083984375,18.391487851480676,0.12596534112196567,0.3916015625,0.21219128281249766,0.21592695468750378,17,26,1.5294117647058822,8,2.5509822263797943,9,1765,0.0,942.6617790811339,20,54,0.421875,0.2174593835937486,True
0.65,114,19307,1024,400,50,34,84,0.65625,0.390625,7792,0.951171875,3438,0.4412217659137577,1745.47265625,34.068359375,15.711673111165984,0.16674629565884636,0.419677734375,0.21219128281249766,0.21592695468750378,50,61,1.22,55,2.366307826592959,8,1995,0.0,1755.7603143418467,54,88,0.6875,0.2174593835937486,True
0.65,115,12236,1024,42,6,34,40,0.3125,0.041015625,8150,0.994873046875,2195,0.26932515337423313,6140.818359375,44.5234375,10.248541093883317,0.06838239160790077,0.2679443359375,0.21219128281249766,0.21592695468750378,6,14,2.3333333333333335,15,3.7265268915223335,8,1373,0.0,6146.821114369502,9,43,0.3359375,0.2174593835937486,True
0.65,116,13805,1024,382,48,34,82,0.640625,0.373046875,7810,0.953369140625,4147,0.5309859154929577,17022.6689453125,122.3173828125,5.82052707742725,0.06173895788217512,0.5062255859375,0.21219128281249766,0.21592695468750378,48,59,1.2291666666666667,9,1.97346840328027,15,2022,0.0,17039.30889540567,52,86,0.671875,0.2174593835937486,True
0.65,117,5814,1024,375,47,34,81,0.6328125,0.3662109375,7817,0.9542236328125,3355,0.42919278495586544,4904.4052734375,51.6044921875,11.224940101354486,0.06219989702876716,0.4095458984375,0.21219128281249766,0.21592695468750378,47,58,1.2340425531914894,37,2.430530709600477,9,1928,0.0,4923.638235294117,51,85,0.6640625,0.2174593835937486,True
0.65,118,48485,1024,490,62,34,96,0.75,0.478515625,7702,0.940185546875,3537,0.4592313684757206,6300.21875,64.841796875,10.137247320066118,0.05424448938262708,0.4317626953125,0.21219128281249766,0.21592695468750378,62,73,1.1774193548387097,9,2.3127828054298645,8,2117,0.0,6306.377321603128,66,100,0.78125,0.2174593835937486,True
0.65,119,12248,1024,24,3,34,37,0.2890625,0.0234375,8168,0.9970703125,3398,0.4160137120470127,14976.8359375,96.44921875,6.37660288494207,0.03943793054255398,0.414794921875,0.21219128281249766,0.21592695468750378,3,11,3.6666666666666665,13,2.4071239328819547,9,1887,0.0,14991.47605083089,7,41,0.3203125,0.2174593835937486,True
0.65,120,458,1024,368,46,34,80,0.625,0.359375,7824,0.955078125,3900,0.49846625766871167,2190.6533203125,39.0986328125,14.725067067157344,0.053347141674054466,0.47607421875,0.21219128281249766,0.21592695468750378,46,57,1.2391304347826086,16,2.0961785073095665,15,1891,0.0,2194.940313111546,51,85,0.6640625,0.2174593835937486,True
0.65,121,319,1024,40,5,34,39,0.3046875,0.0390625,8152,0.9951171875,3950,0.48454367026496564,19191.53515625,112.66015625,5.299706449535946,0.03769345062901699,0.482177734375,0.21219128281249766,0.21592695468750378,5,13,2.6,3,2.0729298556596607,8,2079,,19191.53515625,9,43,0.3359375,0.2174593835937486,True
0.65,122,21496,1024,399,50,34,84,0.65625,0.3896484375,7793,0.9512939453125,3614,0.4637495187989221,7953.333984375,72.75,9.125311407028988,0.07975849393318495,0.441162109375,0.21219128281249766,0.21592695468750378,50,61,1.22,14,2.2626626072515914,15,1965,0.0,7961.108504398827,55,89,0.6953125,0.2174593835937486,True
0.65,123,20390,1024,467,59,34,93,0.7265625,0.4560546875,7725,0.9429931640625,3759,0.4866019417475728,5921.5576171875,67.5712890625,10.406444015145143,0.10891580194101538,0.4588623046875,0.21219128281249766,0.21592695468750378,59,70,1.1864406779661016,27,2.172166045769026,7,2221,0.0,5938.956904995103,62,96,0.75,0.2174593835937486,True
0.65,124,33691,1024,476,60,34,94,0.734375,0.46484375,7716,0.94189453125,3252,0.4214618973561431,3194.1025390625,36.0732421875,13.087315068506006,0.10040751623201055,0.39697265625,0.21219128281249766,0.21592695468750378,60,71,1.1833333333333333,21,2.512765302983697,15,1613,0.0,3200.353228962818,62,96,0.75,0.2174593835937486,True
0.65,125,33872,1024,527,66,34,100,0.78125,0.5146484375,7665,0.9356689453125,3699,0.4825831702544031,6669.48828125,69.646484375,9.889878470645224,0.10495496038227582,0.4515380859375,0.21219128281249766,0.21592695468750378,66,77,1.1666666666666667,12,2.211736073553272,8,2089,0.0,6676.007820136852,71,105,0.8203125,0.2174593835937486,True
0.65,126,46987,1024,182,23,34,57,0.4453125,0.177734375,8010,0.977783203125,4161,0.5194756554307116,2865.056640625,46.552734375,13.559471487118888,0.32073704338844955,0.5079345703125,0.21219128281249766,0.21592695468750378,23,32,1.391304347826087,18,1.9646634615384615,20,1950,0.0,2870.6634050880625,26,60,0.46875,0.2174593835937486,True
0.65,127,26772,1024,321,41,34,75,0.5859375,0.3134765625,7871,0.9608154296875,3628,0.46093253716173294,5836.462890625,57.71484375,10.469306323291454,0.0962300110691833,0.44287109375,0.21219128281249766,0.21592695468750378,41,50,1.2195121951219512,10,2.255307416597739,7,2033,0.0,5842.168132942326,46,80,0.625,0.2174593835937486,True
0.65,128,7057,1024,334,42,34,76,0.59375,0.326171875,7858,0.959228515625,3414,0.43446169508780863,9428.7626953125,78.6259765625,8.386256553897852,0.08504732513252694,0.416748046875,0.21219128281249766,0.21592695468750378,42,53,1.2619047619047619,21,2.3937884559038967,12,1947,0.0,9447.214285714286,46,80,0.625,0.2174593835937486,True
0.65,129,30014,1024,46,6,34,40,0.3125,0.044921875,8146,0.994384765625,4256,0.52246501350356,25070.498046875,146.576171875,4.139173991928591,0.05834966003197578,0.51953125,0.21219128281249766,0.21592695468750378,6,14,2.3333333333333335,3,1.9240893066980023,10,2185,,25070.498046875,10,44,0.34375,0.2174593835937486,True
0.65,130,48237,1024,308,39,34,73,0.5703125,0.30078125,7884,0.96240234375,3117,0.3953576864535769,859.9990234375,22.5166015625,18.78582402782419,0.15958607328295807,0.3804931640625,0.21219128281249766,0.21592695468750378,39,50,1.2820512820512822,30,2.6187419768934532,8,1748,0.0,862.5259549461313,43,77,0.6015625,0.2174593835937486,True
0.65,131,4823,1024,474,60,34,94,0.734375,0.462890625,7718,0.942138671875,3832,0.4965016843741902,9334.5361328125,83.5087890625,8.4298761972532,0.10364306671259114,0.4677734375,0.21219128281249766,0.21592695468750378,60,71,1.1833333333333333,29,2.130253197598538,19,2137,0.0,9361.96376101861,64,98,0.765625,0.2174593835937486,True
0.65,132,26627,1024,270,34,34,68,0.53125,0.263671875,7922,0.967041015625,3744,0.47260792729108814,2424.64453125,40.255859375,14.284322836749812,0.1273135017975475,0.45703125,0.21219128281249766,0.21592695468750378,34,45,1.3235294117647058,38,2.1779321399946565,18,1868,0.0,2434.1529411764704,38,72,0.5625,0.2174593835937486,True
0.65,133,12293,1024,305,39,34,73,0.5703125,0.2978515625,7887,0.9627685546875,3757,0.4763534930898948,5109.0771484375,58.4990234375,11.047379001727824,0.06146999937461997,0.4586181640625,0.21219128281249766,0.21592695468750378,39,50,1.2820512820512822,11,2.1775825346112887,9,1921,0.0,5114.071358748778,43,77,0.6015625,0.2174593835937486,True
0.65,134,32803,1024,451,57,34,91,0.7109375,0.4404296875,7741,0.9449462890625,2946,0.38057098566076736,646.4931640625,19.1787109375,20.025164238025116,0.23228858963663657,0.359619140625,0.21219128281249766,0.21592695468750378,57,68,1.1929824561403508,22,2.7724957555178267,11,1713,0.0,647.7583170254403,62,96,0.75,0.2174593835937486,True
0.65,135,41882,1024,533,67,34,101,0.7890625,0.5205078125,7659,0.9349365234375,3557,0.4644209426818122,8499.693359375,75.98046875,8.836771027693285,0.19391785491048844,0.4342041015625,0.21219128281249766,0.21592695468750378,67,78,1.164179104477612,13,2.2994938132733407,14,1942,0.0,8508.001955034213,71,105,0.8203125,0.2174593835937486,True
0.65,136,10235,1024,435,55,34,89,0.6953125,0.4248046875,7757,0.9468994140625,3890,0.5014825319066649,9865.09375,91.72265625,8.189791440709609,0.10503013437710207,0.474853515625,0.21219128281249766,0.21592695468750378,55,66,1.2,25,2.0995114425302135,7,2291,0.0,9894.080313418217,59,93,0.7265625,0.2174593835937486,True
0.65,137,30033,1024,646,81,34,115,0.8984375,0.630859375,7546,0.921142578125,3401,0.45070235886562415,3786.724609375,48.142578125,12.34816638788461,0.07423637026047847,0.4151611328125,0.21219128281249766,0.21592695468750378,81,92,1.1358024691358024,17,2.4038235294117647,9,1899,0.0,3794.1350293542073,86,120,0.9375,0.2174593835937486,True
0.65,138,20042,1024,214,27,34,61,0.4765625,0.208984375,7978,0.973876953125,4159,0.5213085986462772,2826.693359375,44.720703125,13.618016622313773,0.041661244494264546,0.5076904296875,0.21219128281249766,0.21592695468750378,27,36,1.3333333333333333,19,1.9646464646464648,16,1911,0.0,2832.225048923679,30,64,0.5,0.2174593835937486,True
0.65,139,29399,1024,325,41,34,75,0.5859375,0.3173828125,7867,0.9603271484375,3865,0.49129274183297317,7550.4150390625,67.5888671875,9.351095358320379,0.1278582464222731,0.4718017578125,0.21219128281249766,0.21592695468750378,41,52,1.2682926829268293,11,2.1159420289855073,10,2059,0.0,7557.795698924731,45,79,0.6171875,0.2174593835937486,True
0.65,140,6463,1024,423,53,34,87,0.6796875,0.4130859375,7769,0.9483642578125,4274,0.550135152529283,3789.306640625,50.611328125,12.345206099231119,0.059677254508578546,0.521728515625,0.21219128281249766,0.21592695468750378,53,64,1.2075471698113207,11,1.9143458928153523,15,1923,0.0,3793.010752688172,57,91,0.7109375,0.2174593835937486,True
0.65,141,25920,1024,337,43,34,77,0.6015625,0.3291015625,7855,0.9588623046875,3099,0.39452577975811587,1040.3095703125,21.4443359375,17.959177670760575,0.47732453377100986,0.3782958984375,0.21219128281249766,0.21592695468750378,43,54,1.255813953488372,38,2.6316978695932858,9,1734,0.0,1044.3892156862746,46,80,0.625,0.2174593835937486,True
0.65,142,10327,1024,39,5,34,39,0.3046875,0.0380859375,8153,0.9952392578125,4157,0.5098736661351649,21745.8984375,139.2265625,4.757030055054084,0.03916000182569766,0.5074462890625,0.21219128281249766,0.21592695468750378,5,13,2.6,12,1.9679980750721848,9,2208,0.0,21767.155425219942,9,43,0.3359375,0.2174593835937486,True
0.65,143,3805,1024,419,53,34,87,0.6796875,0.4091796875,7773,0.9488525390625,3408,0.43844075646468544,1248.4599609375,26.2822265625,17.167057421122507,0.09667363825367951,0.416015625,0.21219128281249766,0.21592695468750378,53,64,1.2075471698113207,29,2.395656002348107,14,1735,0.0,1252.128305582762,56,90,0.703125,0.2174593835937486,True
0.65,144,37879,1024,305,39,34,73,0.5703125,0.2978515625,7887,0.9627685546875,3634,0.4607582097121846,4028.2109375,60.787109375,12.079681565350688,0.4107616637690785,0.443603515625,0.21219128281249766,0.21592695468750378,39,50,1.2820512820512822,27,2.245527112579136,15,2086,0.0,4040.0470127326153,42,76,0.59375,0.2174593835937486,True
0.65,145,22721,1024,357,45,34,79,0.6171875,0.3486328125,7835,0.9564208984375,3890,0.4964901084875558,5905.255859375,66.205078125,10.418416416605552,0.11089739823947733,0.474853515625,0.21219128281249766,0.21592695468750378,45,54,1.2,28,2.0987400359989716,7,2120,0.0,5922.607247796278,47,81,0.6328125,0.2174593835937486,True
0.65,146,43932,1024,240,30,34,64,0.5,0.234375,7952,0.970703125,3672,0.46177062374245476,11317.6953125,86.4296875,7.593223628997294,0.05073321496522596,0.4482421875,0.21219128281249766,0.21592695468750378,30,39,1.3,22,2.2252792154726233,8,2087,0.0,11339.843444227006,33,67,0.5234375,0.2174593835937486,True
0.65,147,47270,1024,343,43,34,77,0.6015625,0.3349609375,7849,0.9581298828125,3886,0.49509491654987897,5263.4775390625,58.7646484375,10.918075868659455,0.058856181061116106,0.474365234375,0.21219128281249766,0.21592695468750378,43,54,1.255813953488372,13,2.104761904761905,12,1922,0.0,5268.622678396872,47,81,0.6328125,0.2174593835937486,True
0.65,148,11091,1024,374,47,34,81,0.6328125,0.365234375,7818,0.954345703125,3826,0.48938347403427984,7225.8486328125,76.2119140625,9.541915011480585,0.09061813204786823,0.467041015625,0.21219128281249766,0.21592695468750378,47,58,1.2340425531914894,12,2.137516339869281,9,2324,0.0,7232.912023460411,52,86,0.671875,0.2174593835937486,True
0.65,149,9736,1024,389,49,34,83,0.6484375,0.3798828125,7803,0.9525146484375,3508,0.4495706779443804,1058.4990234375,25.7041015625,17.883898991888145,0.13382992017511589,0.42822265625,0.21219128281249766,0.21592695468750378,49,60,1.2244897959183674,14,2.3313373253493013,14,1656,0.0,1059.533724340176,54,88,0.6875,0.2174593835937486,True
0.65,150,23206,1024,149,19,34,53,0.4140625,0.1455078125,8043,0.9818115234375,3530,0.4388909610841726,5639.0546875,55.724609375,10.61874054475281,0.16081680612044533,0.430908203125,0.21219128281249766,0.21592695468750378,19,28,1.4736842105263157,29,2.31255313119864,9,2000,0.0,5655.62389813908,22,56,0.4375,0.2174593835937486,True
0.65,151,25039,1024,397,50,34,84,0.65625,0.3876953125,7795,0.9515380859375,3762,0.4826170622193714,3754.998046875,48.474609375,12.384706454216328,0.06808229194570586,0.459228515625,0.21219128281249766,0.21592695468750378,50,59,1.18,9,2.174953469821856,14,1820,0.0,3758.6686217008796,55,89,0.6953125,0.2174593835937486,True
0.65,152,21014,1024,26,4,34,38,0.296875,0.025390625,8166,0.996826171875,2937,0.35966201322556945,17454.0576171875,96.4990234375,5.711839555953322,0.04555428737156212,0.3585205078125,0.21219128281249766,0.21592695468750378,4,12,3.0,87,2.760217983651226,8,1596,0.0,17626.188362919132,7,41,0.3203125,0.2174593835937486,True
0.65,153,32412,1024,162,21,34,55,0.4296875,0.158203125,8030,0.980224609375,3654,0.45504358655043586,3123.5322265625,47.2216796875,13.184343697963502,0.11999867157786226,0.446044921875,0.21219128281249766,0.21592695468750378,21,30,1.4285714285714286,10,2.239255406515193,9,1897,0.0,3126.585532746823,24,58,0.453125,0.2174593835937486,True
0.65,154,34022,1024,421,53,34,87,0.6796875,0.4111328125,7771,0.9486083984375,3149,0.4052245528246043,879.802734375,21.01171875,18.68695053463337,0.25395629041279194,0.3843994140625,0.21219128281249766,0.21592695468750378,53,64,1.2075471698113207,29,2.5924396442185516,16,1637,0.0,882.3878550440744,57,91,0.7109375,0.2174593835937486,True
0.65,155,21369,1024,315,40,34,74,0.578125,0.3076171875,7877,0.9615478515625,3321,0.42160721086708136,5157.9189453125,46.9794921875,11.006058477810171,0.13234314857756183,0.4053955078125,0.21219128281249766,0.21592695468750378,40,51,1.275,11,2.463855421686747,10,1775,0.0,5162.960899315738,43,77,0.6015625,0.2174593835937486,True
0.65,156,41654,1024,463,58,34,92,0.71875,0.4521484375,7729,0.9434814453125,3554,0.45982662698926124,5021.6484375,57.435546875,11.12234056114711,0.062392676084351645,0.433837890625,0.21219128281249766,0.21592695468750378,58,69,1.1896551724137931,13,2.3017168589924006,9,2087,0.0,5026.5571847507335,64,98,0.765625,0.2174593835937486,True
0.65,157,11953,1024,54,7,34,41,0.3203125,0.052734375,8138,0.993408203125,3915,0.48107643155566476,24010.7177734375,138.4990234375,4.32675217871117,0.06485108441055562,0.4779052734375,0.21219128281249766,0.21592695468750378,7,15,2.142857142857143,14,2.0889115993868166,8,2062,0.0,24034.188660801563,10,44,0.34375,0.2174593835937486,True
0.65,158,13700,1024,190,24,34,58,0.453125,0.185546875,8002,0.976806640625,4303,0.5377405648587853,7408.05859375,74.5390625,9.433759521452117,0.11380966622250505,0.5252685546875,0.21219128281249766,0.21592695468750378,24,35,1.4583333333333333,28,1.897489539748954,15,1877,0.0,7429.8256611165525,27,61,0.4765625,0.2174593835937486,True
0.65,159,38205,1024,265,34,34,68,0.53125,0.2587890625,7927,0.9676513671875,3426,0.4321937681342248,5629.48046875,52.150390625,10.626120441633022,0.13535928683084936,0.418212890625,0.21219128281249766,0.21592695468750378,34,45,1.3235294117647058,21,2.385109489051095,11,1805,0.0,5640.497064579256,38,72,0.5625,0.2174593835937486,True
0.65,160,40129,1024,420,53,34,87,0.6796875,0.41015625,7772,0.94873046875,2704,0.34791559444158515,429.556640625,15.19140625,21.800599235759805,0.3760443695854668,0.330078125,0.21219128281249766,0.21592695468750378,53,64,1.2075471698113207,12,3.024787273399926,6,1712,0.0,429.97653958944284,57,91,0.7109375,0.2174593835937486,True
0.65,161,17080,1024,385,49,34,83,0.6484375,0.3759765625,7807,0.9530029296875,3403,0.43589086717048803,2427.7470703125,36.2099609375,14.27876922158853,0.102260903986329,0.4154052734375,0.21219128281249766,0.21592695468750378,49,60,1.2244897959183674,63,2.388888888888889,11,1746,0.0,2444.4572271386432,52,86,0.671875,0.2174593835937486,True
0.65,162,1505,1024,44,6,34,40,0.3125,0.04296875,8148,0.99462890625,4126,0.5063819342169857,22894.916015625,137.205078125,4.533413061038896,0.02892509482997519,0.503662109375,0.21219128281249766,0.21592695468750378,6,14,2.3333333333333335,3,1.9847272727272727,9,2142,,22894.916015625,9,43,0.3359375,0.2174593835937486,True
0.65,163,36391,1024,516,65,34,99,0.7734375,0.50390625,7676,0.93701171875,3680,0.4794163626889005,4848.990234375,56.576171875,11.27429051398977,0.07505532103434129,0.44921875,0.21219128281249766,0.21592695468750378,65,76,1.1692307692307693,11,2.2228866539820604,12,2128,0.0,4853.730205278593,68,102,0.796875,0.2174593835937486,True
0.65,164,24660,1024,200,25,34,59,0.4609375,0.1953125,7992,0.9755859375,3691,0.46183683683683685,4812.60546875,54.41015625,11.307001006382666,0.11481932477060072,0.4505615234375,0.21219128281249766,0.21592695468750378,25,34,1.36,11,2.21680216802168,15,1905,0.0,4817.309872922776,29,63,0.4921875,0.2174593835937486,True
0.65,165,24061,1024,34,5,34,39,0.3046875,0.033203125,8158,0.995849609375,3287,0.4029173817112037,5077.0888671875,54.9208984375,11.074655956923028,0.14829464105090448,0.4012451171875,0.21219128281249766,0.21592695468750378,5,13,2.6,4,2.4914790018259283,7,1872,,5077.0888671875,8,42,0.328125,0.2174593835937486,True
0.65,166,10964,1024,110,14,34,48,0.375,0.107421875,8082,0.986572265625,4085,0.5054441969809453,6850.9248046875,69.7373046875,9.77331160110825,0.10973579326260537,0.4986572265625,0.21219128281249766,0.21592695468750378,14,23,1.6428571428571428,20,2.0007345739471107,19,1900,0.0,6864.331702544031,17,51,0.3984375,0.2174593835937486,True
0.65,167,20807,1024,375,47,34,81,0.6328125,0.3662109375,7817,0.9542236328125,3965,0.5072278367660228,4216.392578125,56.326171875,11.881393206710126,0.06859867972765295,0.4840087890625,0.21219128281249766,0.21592695468750378,47,58,1.2340425531914894,9,2.063572149344097,11,2093,0.0,4220.514173998045,50,84,0.65625,0.2174593835937486,True
0.65,168,33388,1024,201,26,34,60,0.46875,0.1962890625,7991,0.9754638671875,4028,0.5040670754598924,4883.763671875,57.994140625,11.243257208456539,0.04163522877029538,0.49169921875,0.2014129718750013,0.21047240703124714,26,35,1.3461538461538463,13,2.0300471815247083,15,1894,0.0,4888.537634408603,30,64,0.5,0.21501237812499596,True
0.65,169,34571,1024,25,4,34,38,0.296875,0.0244140625,8167,0.9969482421875,3872,0.4741030978327415,23145.5751953125,121.1142578125,4.486123828760523,0.026622665344496914,0.47265625,0.2014129718750013,0.21047240703124714,4,12,3.0,5,2.1144407129940586,10,1841,,23145.5751953125,6,40,0.3125,0.21501237812499596,True
0.65,170,21194,1024,289,37,34,71,0.5546875,0.2822265625,7903,0.9647216796875,3512,0.4443882070099962,6602.1455078125,62.4033203125,9.93395269146313,0.1410367316916792,0.4287109375,0.2014129718750013,0.21047240703124714,37,48,1.2972972972972974,18,2.3278268299629734,10,1879,0.0,6615.065557729941,40,74,0.578125,0.21501237812499596,True
0.65,171,32696,1024,381,48,34,82,0.640625,0.3720703125,7811,0.9534912109375,4001,0.5122263474587121,16847.3994140625,120.7451171875,5.865474887339801,0.08381428524553446,0.4884033203125,0.2014129718750013,0.21047240703124714,48,59,1.2291666666666667,9,2.04525,12,2106,0.0,16863.868035190615,51,85,0.6640625,0.21501237812499596,True
0.65,172,46005,1024,350,44,34,78,0.609375,0.341796875,7842,0.957275390625,2610,0.33282325937260904,240.9365234375,11.1943359375,24.31177721413132,0.5451289509037841,0.318603515625,0.2014129718750013,0.21047240703124714,44,53,1.2045454545454546,38,3.124952088922959,7,1527,0.0,241.8813725490196,49,83,0.6484375,0.21501237812499596,True
0.65,173,19269,1024,378,48,34,82,0.640625,0.369140625,7814,0.953857421875,2681,0.34310212439211674,2500.5322265625,30.3935546875,14.150479048124279,0.44486647093700693,0.3272705078125,0.2014129718750013,0.21047240703124714,48,59,1.2291666666666667,45,3.0391791044776117,9,1667,0.0,2512.801766437684,51,85,0.6640625,0.21501237812499596,True
0.65,174,5503,1024,435,55,34,89,0.6953125,0.4248046875,7757,0.9468994140625,3633,0.46835116668815263,3441.14453125,43.197265625,12.76377447094368,0.0867890563695745,0.4434814453125,0.2014129718750013,0.21047240703124714,55,66,1.2,9,2.252202643171806,13,1896,0.0,3444.5083088954057,59,93,0.7265625,0.21501237812499596,True
0.65,175,32979,1024,385,49,34,83,0.6484375,0.3759765625,7807,0.9530029296875,3731,0.4779044447290893,7824.1494140625,71.8740234375,9.196432254938774,0.05351427710216754,0.4554443359375,0.2014129718750013,0.21047240703124714,49,60,1.2244897959183674,9,2.193029490616622,13,1994,0.0,7831.7976539589445,53,87,0.6796875,0.21501237812499596,True
0.65,176,32764,1024,334,42,34,76,0.59375,0.326171875,7858,0.959228515625,3969,0.5050903537795877,2135.37890625,37.775390625,14.8360541251717,0.08507351938503625,0.4844970703125,0.2014129718750013,0.21047240703124714,42,53,1.2619047619047619,20,2.0592237903225805,13,1814,0.0,2139.5577299412917,46,80,0.625,0.21501237812499596,True
0.65,177,36396,1024,388,49,34,83,0.6484375,0.37890625,7804,0.95263671875,3785,0.48500768836494107,5966.0625,69.013671875,10.37392562183311,0.17573238874402933,0.4620361328125,0.2014129718750013,0.21047240703124714,49,60,1.2244897959183674,13,2.160940803382664,7,2352,0.0,5971.894428152493,53,87,0.6796875,0.21501237812499596,True
0.65,178,16139,1024,253,32,34,66,0.515625,0.2470703125,7939,0.9691162109375,3685,0.46416425242473863,1095.392578125,24.208984375,17.735105668443218,0.5346103071619157,0.4498291015625,0.2014129718750013,0.21047240703124714,32,43,1.34375,13,2.219598262757872,10,1774,0.0,1096.4633431085044,35,69,0.5390625,0.21501237812499596,True
0.65,179,32110,1024,42,6,34,40,0.3125,0.041015625,8150,0.994873046875,3345,0.41042944785276075,18401.79296875,107.646484375,5.482202205486914,0.08421381614143829,0.4083251953125,0.2014129718750013,0.21047240703124714,6,14,2.3333333333333335,14,2.444976076555024,9,1787,0.0,18419.781036168133,9,43,0.3359375,0.21501237812499596,True
0.65,180,37930,1024,373,47,34,81,0.6328125,0.3642578125,7819,0.9544677734375,3587,0.4587543164087479,2398.837890625,39.091796875,14.330794607891326,0.10690221799659298,0.4378662109375,0.2014129718750013,0.21047240703124714,47,58,1.2340425531914894,12,2.280535415504741,16,1944,0.0,2401.1827956989246,51,85,0.6640625,0.21501237812499596,True
0.65,181,5624,1024,312,39,34,73,0.5703125,0.3046875,7880,0.9619140625,4392,0.5573604060913706,2328.9501953125,42.2744140625,14.459201596377511,0.12489260949623651,0.5361328125,0.2014129718750013,0.21047240703124714,39,50,1.2820512820512822,12,1.8626736506490549,29,1727,0.0,2331.2267839687192,43,77,0.6015625,0.21501237812499596,True
0.65,182,37946,1024,488,61,34,95,0.7421875,0.4765625,7704,0.9404296875,3857,0.5006490134994808,8852.0859375,80.091796875,8.660347393902688,0.125449820773247,0.4708251953125,0.2014129718750013,0.21047240703124714,61,72,1.180327868852459,19,2.1190352697095434,13,2021,0.0,8869.409001956947,67,101,0.7890625,0.21501237812499596,True
0.65,183,6616,1024,400,50,34,84,0.65625,0.390625,7792,0.951171875,3767,0.4834445585215606,5558.5703125,58.62890625,10.681172572777559,0.07270170694061162,0.4598388671875,0.2014129718750013,0.21047240703124714,50,61,1.22,11,2.17206585236325,11,1899,0.0,5564.003910068426,55,89,0.6953125,0.21501237812499596,True
0.65,184,11706,1024,322,41,34,75,0.5859375,0.314453125,7870,0.960693359375,3673,0.4667090216010165,8156.498046875,70.935546875,9.015766243398302,0.09565308056106603,0.4483642578125,0.2014129718750013,0.21047240703124714,41,52,1.2682926829268293,39,2.2200435729847494,14,1974,0.0,8188.48431372549,44,78,0.609375,0.21501237812499596,True
0.65,185,10558,1024,39,5,34,39,0.3046875,0.0380859375,8153,0.9952392578125,3126,0.383417147062431,10620.8818359375,71.2646484375,7.8691978380398755,0.11457149406198544,0.381591796875,0.2014129718750013,0.21047240703124714,5,13,2.6,6,2.6192,8,1761,,10620.8818359375,9,43,0.3359375,0.21501237812499596,True
0.65,186,18351,1024,46,6,34,40,0.3125,0.044921875,8146,0.994384765625,2720,0.3339062116376135,9536.1826171875,69.5673828125,8.337058016851048,0.03891393771224305,0.33203125,0.2014129718750013,0.21047240703124714,6,14,2.3333333333333335,71,2.9863920559029054,8,1619,0.0,9611.270669291338,10,44,0.34375,0.21501237812499596,True
0.65,187,15023,1024,38,5,34,39,0.3046875,0.037109375,8154,0.995361328125,3838,0.47068923227863624,17422.5224609375,123.5458984375,5.719693277876163,0.1455010351988655,0.468505859375,0.2014129718750013,0.21047240703124714,5,13,2.6,14,2.131091998957519,8,1971,0.0,17439.55327468231,8,42,0.328125,0.21501237812499596,True
0.65,188,9490,1024,461,58,34,92,0.71875,0.4501953125,7731,0.9437255859375,3468,0.4485836243694218,5424.3759765625,59.5458984375,10.787305769691788,0.1609047210301222,0.42333984375,0.2014129718750013,0.21047240703124714,58,69,1.1896551724137931,19,2.3567926160946064,11,2112,0.0,5434.991193737769,63,97,0.7578125,0.21501237812499596,True
0.65,189,6355,1024,400,50,34,84,0.65625,0.390625,7792,0.951171875,4234,0.5433778234086243,9883.2138671875,94.5693359375,8.181821675130742,0.23347116357082226,0.516845703125,0.2014129718750013,0.21047240703124714,50,61,1.22,8,1.9314906685565794,14,2141,0.0,9892.874877810362,53,87,0.6796875,0.21501237812499596,True
0.65,190,8857,1024,381,48,34,82,0.640625,0.3720703125,7811,0.9534912109375,2674,0.34233772884393804,831.6533203125,20.9326171875,18.93138035120521,0.2952481352425989,0.326416015625,0.2014129718750013,0.21047240703124714,48,59,1.2291666666666667,69,3.0366629255518145,13,1542,0.0,838.2017716535433,53,87,0.6796875,0.21501237812499596,True
0.65,191,31811,1024,315,40,34,74,0.578125,0.3076171875,7877,0.9615478515625,4196,0.5326901104481402,15062.54296875,105.6484375,6.351820620401267,0.18179605003201382,0.51220703125,0.2014129718750013,0.21047240703124714,40,51,1.275,21,1.9475566150178785,16,1987,0.0,15092.019569471624,44,78,0.609375,0.21501237812499596,True
0.65,192,10400,1024,452,57,34,91,0.7109375,0.44140625,7740,0.94482421875,3757,0.48540051679586566,929.0859375,24.904296875,18.450244741553302,0.1697237907928969,0.4586181640625,0.2014129718750013,0.21047240703124714,57,68,1.1929824561403508,20,2.1749201277955272,16,1636,0.0,930.9041095890411,62,96,0.75,0.21501237812499596,True
0.65,193,275,1024,404,51,34,85,0.6640625,0.39453125,7788,0.95068359375,3568,0.45814072932717,4724.0771484375,53.9462890625,11.38763379448214,0.059538278545538226,0.435546875,0.2014129718750013,0.21047240703124714,51,62,1.2156862745098038,12,2.292402579198206,10,2006,0.0,4728.695014662757,55,89,0.6953125,0.21501237812499596,True
0.65,194,26152,1024,41,6,34,40,0.3125,0.0400390625,8151,0.9949951171875,3672,0.45049687154950313,17911.1748046875,116.0947265625,5.599562884493534,0.054699555339641416,0.4482421875,0.2014129718750013,0.21047240703124714,6,14,2.3333333333333335,287,2.1530918005992916,8,1893,0.0,18545.03842264914,9,43,0.3359375,0.21501237812499596,True
0.65,195,13037,1024,48,6,34,40,0.3125,0.046875,8144,0.994140625,3270,0.40152259332023577,15694.2626953125,93.0205078125,6.1733944318155896,0.04658596383593478,0.399169921875,0.2014129718750013,0.21047240703124714,6,14,2.3333333333333335,14,2.501070663811563,14,1664,0.0,15709.604105571847,10,44,0.34375,0.21501237812499596,True
0.65,196,41203,1024,405,51,34,85,0.6640625,0.3955078125,7787,0.9505615234375,3499,0.4493386413252857,1458.25,29.88671875,16.492483757658572,0.08065670802369722,0.4271240234375,0.2014129718750013,0.21047240703124714,51,62,1.2156862745098038,10,2.33704974271012,15,1814,0.0,1459.6754643206257,55,89,0.6953125,0.21501237812499596,True
0.65,197,43709,1024,289,37,34,71,0.5546875,0.2822265625,7903,0.9647216796875,3205,0.4055421991648741,4329.6640625,49.626953125,11.766261600023917,0.39472946782869067,0.3912353515625,0.2014129718750013,0.21047240703124714,37,48,1.2972972972972974,67,2.5352684144818975,7,1988,0.0,4363.755905511811,41,75,0.5859375,0.21501237812499596,True
0.65,198,43572,1024,58,8,34,42,0.328125,0.056640625,8134,0.992919921875,4041,0.4968035406933858,16145.9541015625,113.4501953125,6.05016647296659,0.09793914940221628,0.4932861328125,0.2014129718750013,0.21047240703124714,8,16,2.0,3,2.0264851485148516,8,2136,,16145.9541015625,11,45,0.3515625,0.21501237812499596,True
0.65,199,23390,1024,373,47,34,81,0.6328125,0.3642578125,7819,0.9544677734375,3275,0.4188515155390715,1286.8115234375,27.4560546875,17.035654194998752,0.09082052064753172,0.3997802734375,0.2014129718750013,0.21047240703124714,47,58,1.2340425531914894,21,2.4941967012828345,14,1774,0.0,1289.3297455968689,51,85,0.6640625,0.21501237812499596,True
0.7,0,712,1024,669,84,34,118,0.921875,0.6533203125,7523,0.9183349609375,3411,0.4534095440648677,3168.2197265625,39.7392578125,13.122650671409568,0.16793616864184727,0.4163818359375,0.2014129718750013,0.21047240703124714,84,95,1.130952380952381,20,2.3958944281524928,11,1711,0.0,3174.4197651663403,91,125,0.9765625,0.21501237812499596,True
0.7,1,24774,1024,643,81,34,115,0.8984375,0.6279296875,7549,0.9215087890625,3599,0.4767518876672407,3585.8447265625,49.8173828125,12.584888809560479,0.07373445059842436,0.4393310546875,0.2014129718750013,0.21047240703124714,81,92,1.1358024691358024,63,2.2584769316286826,17,1931,0.0,3610.5260570304818,86,120,0.9375,0.21501237812499596,True
0.7,2,45142,1024,560,70,34,104,0.8125,0.546875,7632,0.931640625,3217,0.4215146750524109,2266.2978515625,35.7548828125,14.577633737918594,0.0741508156763229,0.3927001953125,0.2014129718750013,0.21047240703124714,70,81,1.1571428571428573,12,2.542910447761194,9,1787,0.0,2268.5131964809384,75,109,0.8515625,0.21501237812499596,True
0.7,3,27119,1024,212,27,34,61,0.4765625,0.20703125,7980,0.97412109375,2987,0.37431077694235587,12508.41015625,72.041015625,7.158782473571678,0.06709283434260345,0.3646240234375,0.2014129718750013,0.21047240703124714,27,38,1.4074074074074074,7,2.740790354989953,16,1687,,12508.41015625,31,65,0.5078125,0.21501237812499596,True
0.7,4,21139,1024,526,66,34,100,0.78125,0.513671875,7666,0.935791015625,3360,0.43829898252021915,1585.650390625,30.345703125,16.128729219969927,0.180243766046383,0.41015625,0.2014129718750013,0.21047240703124714,66,77,1.1666666666666667,20,2.432271509377791,11,1762,0.0,1588.7534246575342,71,105,0.8203125,0.21501237812499596,True
0.7,5,19129,1024,522,66,34,100,0.78125,0.509765625,7670,0.936279296875,3736,0.48709256844850063,9169.4013671875,83.3544921875,8.50739377587593,0.08449554000569962,0.4560546875,0.2014129718750013,0.21047240703124714,66,77,1.1666666666666667,10,2.189825970548862,14,2095,0.0,9178.364613880743,70,104,0.8125,0.21501237812499596,True
0.7,6,6433,1024,429,54,34,88,0.6875,0.4189453125,7763,0.9476318359375,3069,0.3953368543089012,787.775390625,21.44140625,19.16677951141044,0.18791475871919985,0.3746337890625,0.2014129718750013,0.21047240703124714,54,65,1.2037037037037037,51,2.652542372881356,11,1723,0.0,792.4184675834971,59,93,0.7265625,0.21501237812499596,True
0.7,7,38854,1024,479,60,34,94,0.734375,0.4677734375,7713,0.9415283203125,3763,0.48787760923116813,4573.6474609375,53.9560546875,11.528176749456902,0.0636858476666312,0.4593505859375,0.2014129718750013,0.21047240703124714,60,71,1.1833333333333333,45,2.165337586390218,10,1918,0.0,4596.089303238469,66,100,0.78125,0.21501237812499596,True
0.7,8,22489,1024,646,81,34,115,0.8984375,0.630859375,7546,0.921142578125,3618,0.47945931619401005,5093.8583984375,60.2841796875,11.060334928025387,0.10254917683896331,0.441650390625,0.2014129718750013,0.21047240703124714,81,92,1.1358024691358024,20,2.25850152059718,8,2115,0.0,5103.826810176125,87,121,0.9453125,0.21501237812499596,True
0.7,9,31104,1024,571,72,34,106,0.828125,0.5576171875,7621,0.9302978515625,3334,0.4374753969295368,7899.2294921875,60.5869140625,9.154956295282075,0.09738148029384953,0.406982421875,0.2014129718750013,0.21047240703124714,72,83,1.1527777777777777,109,2.4245424542454246,9,1747,0.0,8000.802176063304,74,108,0.84375,0.21501237812499596,True
0.7,10,21349,1024,633,80,34,114,0.890625,0.6181640625,7559,0.9227294921875,3384,0.44767826432067737,1044.4208984375,24.3369140625,17.942048075740683,0.14897694899005254,0.4130859375,0.2014129718750013,0.21047240703124714,80,91,1.1375,19,2.41531185338457,15,1664,0.0,1046.4647749510764,86,120,0.9375,0.21501237812499596,True
0.7,11,29116,1024,545,69,34,103,0.8046875,0.5322265625,7647,0.9334716796875,3429,0.44841114162416634,5149.9072265625,56.5166015625,11.012809553907745,0.09041482049180295,0.4185791015625,0.2014129718750013,0.21047240703124714,69,80,1.1594202898550725,20,2.383313885647608,9,2042,0.0,5159.985322896282,75,109,0.8515625,0.21501237812499596,True
0.7,12,10772,1024,712,89,34,123,0.9609375,0.6953125,7480,0.9130859375,3703,0.4950534759358289,11564.5869140625,88.9345703125,7.499502364415369,0.020755560064451284,0.4520263671875,0.2014129718750013,0.21047240703124714,89,100,1.1235955056179776,9,2.210156672069152,23,1989,0.0,11575.891495601172,96,130,1.015625,0.21501237812499596,True
0.7,13,18332,1024,340,43,34,77,0.6015625,0.33203125,7852,0.95849609375,4088,0.5206316861946001,4101.138671875,54.025390625,12.00175906525095,0.07559858314936516,0.4990234375,0.2014129718750013,0.21047240703124714,43,54,1.255813953488372,8,2.00195742598483,15,1837,0.0,4105.147605083089,48,82,0.640625,0.21501237812499596,True
0.7,14,1003,1024,486,61,34,95,0.7421875,0.474609375,7706,0.940673828125,3783,0.49091616921879055,9519.2451171875,85.7880859375,8.344778509748895,0.06336009380894218,0.4617919921875,0.2014129718750013,0.21047240703124714,61,72,1.180327868852459,35,2.1562665256478053,11,2297,0.0,9556.575490196079,69,103,0.8046875,0.21501237812499596,True
0.7,15,22156,1024,537,68,34,102,0.796875,0.5244140625,7655,0.9344482421875,4243,0.554278249510124,16534.005859375,117.685546875,5.947022736694333,0.04447075975154024,0.5179443359375,0.2014129718750013,0.21047240703124714,68,79,1.161764705882353,17,1.9262140499764262,13,2077,0.0,16566.362035225047,73,107,0.8359375,0.21501237812499596,True
0.7,16,26453,1024,771,97,34,131,1.0234375,0.7529296875,7421,0.9058837890625,2851,0.38418002964560033,1861.5556640625,27.3525390625,15.432043338865602,0.14972334127785963,0.3480224609375,0.2014129718750013,0.21047240703124714,97,108,1.1134020618556701,12,2.869824561403509,7,1710,0.0,1863.375366568915,104,138,1.078125,0.21501237812499596,True
0.7,17,17039,1024,332,42,34,76,0.59375,0.32421875,7860,0.95947265625,3404,0.43307888040712467,1071.2841796875,27.1123046875,17.831756694018882,0.29687216573590675,0.41552734375,0.2014129718750013,0.21047240703124714,42,53,1.2619047619047619,10,2.4037613870114605,7,1913,0.0,1072.3313782991202,46,80,0.625,0.21501237812499596,True
0.7,18,7166,1024,245,31,34,65,0.5078125,0.2392578125,7947,0.9700927734375,4077,0.5130237825594564,9249.720703125,84.787109375,8.46951741525948,0.11586511763090412,0.4976806640625,0.2014129718750013,0.21047240703124714,31,40,1.2903225806451613,9,2.007360157016683,13,2027,0.0,9258.762463343108,35,69,0.5390625,0.21501237812499596,True
0.7,19,48310,1024,61,8,34,42,0.328125,0.0595703125,8131,0.9925537109375,3526,0.43364899766326404,11691.0576171875,89.1142578125,7.452265600112813,0.08236228446627104,0.430419921875,0.2014129718750013,0.21047240703124714,8,16,2.0,5,2.3217021276595746,8,2112,,11691.0576171875,12,46,0.359375,0.21501237812499596,True
0.7,20,12187,1024,225,29,34,63,0.4921875,0.2197265625,7967,0.9725341796875,3754,0.47119367390485756,1719.349609375,34.98828125,15.777161665633049,0.26346391980210915,0.458251953125,0.2014129718750013,0.21047240703124714,29,40,1.3793103448275863,13,2.179056754596323,12,1930,0.0,1721.030303030303,31,65,0.5078125,0.21501237812499596,True
0.7,21,20284,1024,506,64,34,98,0.765625,0.494140625,7686,0.938232421875,2580,0.3356752537080406,711.5556640625,15.9326171875,19.60871480833291,0.2708924085976166,0.31494140625,0.2014129718750013,0.21047240703124714,64,75,1.171875,21,3.167119038386972,9,1549,0.0,712.9481409001957,70,104,0.8125,0.21501237812499596,True
0.7,22,1052,1024,609,77,34,111,0.8671875,0.5947265625,7583,0.9256591796875,3457,0.4558881709086114,4070.4013671875,51.5439453125,12.034431253625042,0.04696317844370903,0.4219970703125,0.2014129718750013,0.21047240703124714,77,88,1.1428571428571428,13,2.365162037037037,7,2046,0.0,4074.380254154448,81,115,0.8984375,0.21501237812499596,True
0.7,23,13752,1024,196,25,34,59,0.4609375,0.19140625,7996,0.97607421875,2647,0.3310405202601301,468.0126953125,11.8564453125,21.428227269617683,0.4155182750397687,0.3231201171875,0.2014129718750013,0.21047240703124714,25,34,1.36,26,3.0846560846560847,12,1475,0.0,469.38785504407446,29,63,0.4921875,0.21501237812499596,True
0.7,24,37139,1024,67,9,34,43,0.3359375,0.0654296875,8125,0.9918212890625,4118,0.5068307692307692,21798.1474609375,129.2294921875,4.746607746797759,0.045565485563146206,0.502685546875,0.2014129718750013,0.21047240703124714,9,17,1.8888888888888888,4,1.9885839203303377,8,2130,,21798.1474609375,12,46,0.359375,0.21501237812499596,True
0.7,25,29727,1024,661,83,34,117,0.9140625,0.6455078125,7531,0.9193115234375,3651,0.4847961758066658,3773.26953125,51.484375,12.363625321435327,0.08143236363821489,0.4456787109375,0.2014129718750013,0.21047240703124714,83,94,1.1325301204819278,11,2.241095890410959,11,1972,0.0,3776.9579667644184,88,122,0.953125,0.21501237812499596,True
0.7,26,41854,1024,453,57,34,91,0.7109375,0.4423828125,7739,0.9447021484375,2947,0.3807985527845975,662.9736328125,20.4130859375,19.91584104486883,0.2756693331756233,0.3597412109375,0.2014129718750013,0.21047240703124714,57,68,1.1929824561403508,20,2.7729124236252547,6,1707,0.0,664.2710371819961,62,96,0.75,0.21501237812499596,True
0.7,27,40333,1024,612,77,34,111,0.8671875,0.59765625,7580,0.92529296875,4156,0.5482849604221636,7575.5791015625,79.3232421875,9.336645235615475,0.058247673111149666,0.50732421875,0.2014129718750013,0.21047240703124714,77,88,1.1428571428571428,8,1.969193742478941,15,1939,0.0,7582.984359726295,85,119,0.9296875,0.21501237812499596,True
0.7,28,33248,1024,87,11,34,45,0.3515625,0.0849609375,8105,0.9893798828125,3246,0.40049352251696485,9800.021484375,80.013671875,8.218533330799785,0.17942342956303142,0.396240234375,0.2014129718750013,0.21047240703124714,11,19,1.7272727272727273,375,2.407704160246533,8,1813,0.0,10260.96319018405,15,49,0.3828125,0.21501237812499596,True
0.7,29,9680,1024,940,118,34,152,1.1875,0.91796875,7252,0.88525390625,3291,0.4538058466629895,6485.9111328125,61.6552734375,10.011093670079152,0.05668628447730089,0.4017333984375,0.2014129718750013,0.21047240703124714,118,129,1.0932203389830508,17,2.483890577507599,15,1832,0.0,6498.603718199609,125,159,1.2421875,0.21501237812499596,True
0.7,30,16805,1024,308,39,34,73,0.5703125,0.30078125,7884,0.96240234375,3462,0.439117199391172,1839.1083984375,32.6533203125,15.484730332307826,0.1286229898596193,0.422607421875,0.2014129718750013,0.21047240703124714,39,50,1.2820512820512822,19,2.36058942502167,16,1847,0.0,1842.7074363992172,43,77,0.6015625,0.21501237812499596,True
0.7,31,14652,1024,653,82,34,116,0.90625,0.6376953125,7539,0.9202880859375,3333,0.44210107441305213,1010.58984375,26.876953125,18.08505431526846,0.25568981228146626,0.4068603515625,0.2014129718750013,0.21047240703124714,82,93,1.1341463414634145,20,2.4516806722689077,15,1780,0.0,1012.5675146771038,85,119,0.9296875,0.21501237812499596,True
0.7,32,15793,1024,720,90,34,124,0.96875,0.703125,7472,0.912109375,2786,0.37285867237687365,2536.6669921875,30.7861328125,14.088169030856362,0.32577736291717185,0.340087890625,0.2014129718750013,0.21047240703124714,90,101,1.1222222222222222,39,2.926750448833034,7,1719,0.0,2546.614705882353,96,130,1.015625,0.21501237812499596,True
0.7,33,30210,1024,526,66,34,100,0.78125,0.513671875,7666,0.935791015625,2875,0.3750326115314375,5156.5146484375,42.4931640625,11.00724105052634,0.3391549443986146,0.3509521484375,0.2014129718750013,0.21047240703124714,66,77,1.1666666666666667,35,2.837508698677801,11,1551,0.0,5176.7362745098035,72,106,0.828125,0.21501237812499596,True
0.7,34,47426,1024,746,94,34,128,1.0,0.728515625,7446,0.908935546875,4009,0.5384098845017459,15127.5615234375,113.0029296875,6.333114329943931,0.04752877310867639,0.4893798828125,0.2014129718750013,0.21047240703124714,94,105,1.1170212765957446,9,2.0404191616766467,13,2219,0.0,15142.348973607039,99,133,1.0390625,0.21501237812499596,True
0.7,35,20875,1024,559,70,34,104,0.8125,0.5458984375,7633,0.9317626953125,3324,0.4354775317699463,2358.9306640625,36.8408203125,14.403651849918921,0.07891849834357706,0.40576171875,0.2014129718750013,0.21047240703124714,70,81,1.1571428571428573,11,2.4607282575985554,10,1854,0.0,2361.2365591397847,76,110,0.859375,0.21501237812499596,True
0.7,36,4161,1024,578,73,34,107,0.8359375,0.564453125,7614,0.929443359375,3604,0.4733385868137641,10118.306640625,83.142578125,8.079725240723517,0.052470731584105826,0.43994140625,0.2014129718750013,0.21047240703124714,73,84,1.1506849315068493,20,2.267554815431585,11,2135,0.0,10138.107632093934,79,113,0.8828125,0.21501237812499596,True
0.7,37,40340,1024,424,53,34,87,0.6796875,0.4140625,7768,0.9482421875,3754,0.483264675592173,5430.259765625,60.98828125,10.78259755573881,0.14438022458558822,0.458251953125,0.2014129718750013,0.21047240703124714,53,64,1.2075471698113207,12,2.178790301092459,10,2059,0.0,5435.567937438906,57,91,0.7109375,0.21501237812499596,True
0.7,38,28286,1024,602,76,34,110,0.859375,0.587890625,7590,0.926513671875,3441,0.4533596837944664,7205.076171875,63.353515625,9.554417843438396,0.13382810853022858,0.4200439453125,0.2014129718750013,0.21047240703124714,76,87,1.144736842105263,27,2.3732558139534885,11,1956,0.0,7226.246816846229,80,114,0.890625,0.21501237812499596,True
0.7,39,13256,1024,321,41,34,75,0.5859375,0.3134765625,7871,0.9608154296875,3579,0.45470715283953755,2891.580078125,39.64453125,13.519451369046767,0.09488462746898002,0.4368896484375,0.2014129718750013,0.21047240703124714,41,52,1.2682926829268293,19,2.2836780324203465,14,1747,0.0,2897.238747553816,46,80,0.625,0.21501237812499596,True
0.7,40,48934,1024,667,84,34,118,0.921875,0.6513671875,7525,0.9185791015625,3372,0.4481063122923588,7233.662109375,59.359375,9.537221422400895,0.019084482350716695,0.41162109375,0.2014129718750013,0.21047240703124714,84,95,1.130952380952381,36,2.418570157223376,11,1841,0.0,7262.029411764706,91,125,0.9765625,0.21501237812499596,True
0.7,41,11935,1024,440,55,34,89,0.6953125,0.4296875,7752,0.9462890625,4341,0.559984520123839,5055.890625,64.6875,11.092826906633508,0.09236010193268107,0.5299072265625,0.2014129718750013,0.21047240703124714,55,66,1.2,18,1.8829493087557603,13,1937,0.0,5065.7847358121335,61,95,0.7421875,0.21501237812499596,True
0.7,42,48447,1024,552,69,34,103,0.8046875,0.5390625,7640,0.9326171875,3298,0.4316753926701571,1103.251953125,23.65625,17.70405655901493,0.16106978145992396,0.402587890625,0.2014129718750013,0.21047240703124714,69,80,1.1594202898550725,19,2.477707006369427,9,1695,0.0,1105.4109589041095,75,109,0.8515625,0.21501237812499596,True
0.7,43,15492,1024,323,41,34,75,0.5859375,0.3154296875,7869,0.9605712890625,3759,0.47769729317575294,2569.3935546875,39.5634765625,14.032497305063465,0.07008405152033811,0.4588623046875,0.2014129718750013,0.21047240703124714,41,52,1.2682926829268293,10,2.1766897285790314,10,1880,0.0,2571.905180840665,46,80,0.625,0.21501237812499596,True
0.7,44,32513,1024,706,89,34,123,0.9609375,0.689453125,7486,0.913818359375,3520,0.4702110606465402,2259.4892578125,39.5986328125,14.590700799423782,0.22306385014520855,0.4296875,0.2014129718750013,0.21047240703124714,89,100,1.1235955056179776,10,2.3248081841432224,14,1905,0.0,2261.697947214076,92,126,0.984375,0.21501237812499596,True
0.7,45,36099,1024,90,12,34,46,0.359375,0.087890625,8102,0.989013671875,3766,0.4648235003702789,20439.859375,125.46484375,5.0260245731480495,0.08474663494272026,0.459716796875,0.2014129718750013,0.21047240703124714,12,20,1.6666666666666667,71,2.1567065073041167,8,2014,0.0,20600.803149606298,15,49,0.3828125,0.21501237812499596,True
0.7,46,39260,1024,490,62,34,96,0.75,0.478515625,7702,0.940185546875,2529,0.328356271098416,1308.2216796875,25.3837890625,16.963990189380127,0.24927107370694643,0.3087158203125,0.2014129718750013,0.21047240703124714,62,73,1.1774193548387097,175,3.1696993670886076,14,1527,0.0,1335.6121635094717,66,100,0.78125,0.21501237812499596,True
0.7,47,46517,1024,598,75,34,109,0.8515625,0.583984375,7594,0.927001953125,3648,0.48037924677376875,2498.1474609375,42.0146484375,14.154622904882038,0.18093458168014714,0.4453125,0.2014129718750013,0.21047240703124714,75,86,1.1466666666666667,53,2.2314230874691527,15,1880,0.0,2512.871316306483,81,115,0.8984375,0.21501237812499596,True
0.7,48,33095,1024,790,99,34,133,1.0390625,0.771484375,7402,0.903564453125,3650,0.49310997027830317,3509.4306640625,47.3076171875,12.678436944053361,0.12019607858175356,0.445556640625,0.2014129718750013,0.21047240703124714,99,110,1.1111111111111112,36,2.234858865442587,10,1754,0.0,3523.193137254902,107,141,1.1015625,0.21501237812499596,True
0.7,49,3,1024,788,99,34,133,1.0390625,0.76953125,7404,0.90380859375,3675,0.49635332252836306,3328.416015625,48.24609375,12.908427577928661,0.13067321354581887,0.4486083984375,0.2014129718750013,0.21047240703124714,99,110,1.1111111111111112,58,2.2133913990201415,7,1930,0.0,3351.3254670599804,107,141,1.1015625,0.21501237812499596,True
0.7,50,21683,1024,506,64,34,98,0.765625,0.494140625,7686,0.938232421875,3445,0.4482175383814728,6293.255859375,58.732421875,10.142049720322547,0.11299703846821335,0.4205322265625,0.2014129718750013,0.21047240703124714,64,75,1.171875,10,2.3748548199767714,8,1982,0.0,6299.407624633431,71,105,0.8203125,0.21501237812499596,True
0.7,51,13446,1024,397,50,34,84,0.65625,0.3876953125,7795,0.9515380859375,3790,0.48620910840282233,6015.212890625,61.2578125,10.338293583545502,0.043822626720462936,0.462646484375,0.2014129718750013,0.21047240703124714,50,61,1.22,12,2.158089205595144,15,2010,0.0,6021.092864125122,53,87,0.6796875,0.21501237812499596,True
0.7,52,49515,1024,687,86,34,120,0.9375,0.6708984375,7505,0.9161376953125,3134,0.4175882744836775,1892.44140625,29.408203125,15.360579191086078,0.19390109337828118,0.382568359375,0.2014129718750013,0.21047240703124714,86,97,1.127906976744186,47,2.5994254707947655,8,1706,0.0,1901.7271835132483,95,129,1.0078125,0.21501237812499596,True
0.7,53,27943,1024,633,80,34,114,0.890625,0.6181640625,7559,0.9227294921875,3675,0.48617542002910435,4591.666015625,60.177734375,11.511100696413523,0.11844488761815891,0.4486083984375,0.2014129718750013,0.21047240703124714,80,91,1.1375,11,2.224823081110506,13,2028,0.0,4596.154447702835,87,121,0.9453125,0.21501237812499596,True
0.7,54,29059,1024,672,84,34,118,0.921875,0.65625,7520,0.91796875,3843,0.5110372340425532,5660.2744140625,65.5947265625,10.602428742690076,0.04973020115725087,0.4691162109375,0.2014129718750013,0.21047240703124714,84,95,1.130952380952381,9,2.129359708485164,13,2123,0.0,5665.80742913001,92,126,0.984375,0.21501237812499596,True
0.7,55,32738,1024,613,77,34,111,0.8671875,0.5986328125,7579,0.9251708984375,2994,0.39503892334081014,1535.013671875,25.291015625,16.269681129156645,0.44555310535812365,0.365478515625,0.2014129718750013,0.21047240703124714,77,88,1.1428571428571428,222,2.6622118275977282,16,1508,0.0,1576.5837512537612,81,115,0.8984375,0.21501237812499596,True
0.7,56,445,1024,644,81,34,115,0.8984375,0.62890625,7548,0.92138671875,3541,0.46913089560148385,6974.1787109375,65.5322265625,9.695872890382196,0.05730522347448854,0.4322509765625,0.2014129718750013,0.21047240703124714,81,92,1.1358024691358024,28,2.305367231638418,16,1952,0.0,6994.670910871694,89,123,0.9609375,0.21501237812499596,True
0.7,57,32216,1024,281,36,34,70,0.546875,0.2744140625,7911,0.9656982421875,3787,0.47870054354695996,14913.7861328125,103.0947265625,6.394924499532506,0.057987011359954564,0.4622802734375,0.2014129718750013,0.21047240703124714,36,45,1.25,22,2.15689381933439,8,2023,0.0,14942.971624266145,39,73,0.5703125,0.21501237812499596,True
0.7,58,18250,1024,522,66,34,100,0.78125,0.509765625,7670,0.936279296875,3785,0.4934810951760104,1946.3828125,35.771484375,15.2385209995818,0.0810252930550223,0.4620361328125,0.2014129718750013,0.21047240703124714,66,77,1.1666666666666667,30,2.156183932346723,15,1773,0.0,1952.101860920666,73,107,0.8359375,0.21501237812499596,True
0.7,59,1684,1024,503,63,34,97,0.7578125,0.4912109375,7689,0.9385986328125,3167,0.4118871114579269,2989.27734375,39.17578125,13.37514150320952,0.08193986315959984,0.3865966796875,0.2014129718750013,0.21047240703124714,63,74,1.1746031746031746,87,2.5590650663297536,8,1814,0.0,3018.757396449704,67,101,0.7890625,0.21501237812499596,True
0.7,60,2899,1024,606,76,34,110,0.859375,0.591796875,7586,0.926025390625,3300,0.4350118639599262,3646.0927734375,50.9072265625,12.512526459512088,0.13214088429188633,0.40283203125,0.2014129718750013,0.21047240703124714,76,87,1.144736842105263,12,2.4789330100030313,7,2128,0.0,3649.656891495601,81,115,0.8984375,0.21501237812499596,True
0.7,61,39428,1024,64,8,34,42,0.328125,0.0625,8128,0.9921875,3315,0.4078494094488189,6389.3330078125,60.5302734375,10.076248370045926,0.11232990118089682,0.4046630859375,0.2014129718750013,0.21047240703124714,8,16,2.0,5,2.4698249849124925,8,1979,,6389.3330078125,12,46,0.359375,0.21501237812499596,True
0.7,62,40758,1024,352,44,34,78,0.609375,0.34375,7840,0.95703125,3839,0.48966836734693875,9175.169921875,75.052734375,8.5046624484304,0.029654452560308266,0.4686279296875,0.2014129718750013,0.21047240703124714,44,53,1.2045454545454546,9,2.1318394997394474,13,1942,0.0,9184.13880742913,50,84,0.65625,0.21501237812499596,True
0.7,63,29154,1024,568,71,34,105,0.8203125,0.5546875,7624,0.9306640625,3748,0.49160545645330533,3937.4833984375,52.6962890625,12.1786162517684,0.06580524313463833,0.45751953125,0.2014129718750013,0.21047240703124714,71,82,1.1549295774647887,11,2.18227915665866,16,2021,0.0,3941.332355816227,76,110,0.859375,0.21501237812499596,True
0.7,64,43958,1024,745,94,34,128,1.0,0.7275390625,7447,0.9090576171875,3714,0.49872431851752386,2281.6572265625,42.2822265625,14.54829959959184,0.11256332996579697,0.453369140625,0.2014129718750013,0.21047240703124714,94,105,1.1170212765957446,9,2.2030702935631563,7,2015,0.0,2283.887585532747,100,134,1.046875,0.21501237812499596,True
0.7,65,33814,1024,37,5,34,39,0.3046875,0.0361328125,8155,0.9954833984375,4016,0.49245861434702637,20882.42578125,127.611328125,4.932994143241155,0.04134152719790828,0.490234375,0.2014129718750013,0.21047240703124714,5,13,2.6,4,2.0388542963885428,8,2089,,20882.42578125,8,42,0.328125,0.21501237812499596,True
0.7,66,34153,1024,239,30,34,64,0.5,0.2333984375,7953,0.9708251953125,4195,0.5274739092166478,5217.357421875,60.0234375,10.956297712164744,0.08073275368884993,0.5120849609375,0.2014129718750013,0.21047240703124714,30,41,1.3666666666666667,20,1.947305674773486,15,1833,0.0,5227.567514677104,35,69,0.5390625,0.21501237812499596,True
0.7,67,43609,1024,704,88,34,122,0.953125,0.6875,7488,0.9140625,3556,0.47489316239316237,10815.517578125,84.337890625,7.790330533715718,0.034750805998864834,0.43408203125,0.2014129718750013,0.21047240703124714,88,99,1.125,30,2.2956399437412096,10,2121,0.0,10847.296767874634,94,128,1.0,0.21501237812499596,True
0.7,68,10762,1024,677,85,34,119,0.9296875,0.6611328125,7515,0.9173583984375,3619,0.48157019294743847,3414.8916015625,46.4404296875,12.797034383819614,0.05655991886451683,0.4417724609375,0.2014129718750013,0.21047240703124714,85,96,1.1294117647058823,87,2.239911553344389,14,1878,0.0,3448.569033530572,89,123,0.9609375,0.21501237812499596,True
0.7,69,17898,1024,683,86,34,120,0.9375,0.6669921875,7509,0.9166259765625,3062,0.40777733386602744,2013.9619140625,30.2587890625,15.090291074948452,0.2717409446410429,0.373779296875,0.2014129718750013,0.21047240703124714,86,97,1.127906976744186,35,2.6641620385494935,12,1466,0.0,2021.8598039215685,92,126,0.984375,0.21501237812499596,True
0.7,70,43653,1024,20,3,34,37,0.2890625,0.01953125,8172,0.99755859375,3401,0.4161771904062653,12073.0390625,84.744140625,7.3126375506701,0.00790703968032289,0.4151611328125,0.2014129718750013,0.21047240703124714,3,11,3.6666666666666665,39,2.3976470588235292,8,1925,0.0,12120.38431372549,6,40,0.3125,0.21501237812499596,True
0.7,71,14233,1024,874,110,34,144,1.125,0.853515625,7318,0.893310546875,3409,0.46583766056299536,3719.302734375,45.646484375,12.426188314689725,0.04863032642575104,0.4161376953125,0.2014129718750013,0.21047240703124714,110,121,1.1,25,2.3952464788732395,9,1736,0.0,3730.2311459353573,115,149,1.1640625,0.21501237812499596,True
0.7,72,39520,1024,775,97,34,131,1.0234375,0.7568359375,7417,0.9053955078125,3631,0.48955103141431844,4995.359375,58.234375,11.145136232678395,0.019642953298755338,0.4432373046875,0.2014129718750013,0.21047240703124714,97,108,1.1134020618556701,94,2.2303030303030305,16,1836,0.0,5049.60315893386,104,138,1.078125,0.21501237812499596,True
0.7,73,18138,1024,867,109,34,143,1.1171875,0.8466796875,7325,0.8941650390625,3331,0.45474402730375424,1931.71484375,32.71484375,15.271373438226261,0.1612950587456802,0.4066162109375,0.2014129718750013,0.21047240703124714,109,120,1.1009174311926606,12,2.456156156156156,15,1673,0.0,1933.6031280547409,118,152,1.1875,0.21501237812499596,True
0.7,74,9212,1024,34,5,34,39,0.3046875,0.033203125,8158,0.995849609375,4410,0.5405736700171611,32833.3837890625,169.7353515625,2.9676471770027817,0.013811521684102197,0.538330078125,0.2014129718750013,0.21047240703124714,5,13,2.6,30,1.8509866182807893,38,1912,0.0,32929.857982370224,8,42,0.328125,0.21501237812499596,True
0.7,75,6456,1024,493,62,34,96,0.75,0.4814453125,7699,0.9398193359375,3510,0.45590336407325627,2622.326171875,39.88671875,13.94393651456099,0.11619958421281006,0.428466796875,0.2014129718750013,0.21047240703124714,62,73,1.1774193548387097,27,2.3263037902536334,13,1817,0.0,2630.0313418217434,65,99,0.7734375,0.21501237812499596,True
0.7,76,22948,1024,687,86,34,120,0.9375,0.6708984375,7505,0.9161376953125,3287,0.4379746835443038,5612.1259765625,51.8974609375,10.639529497033406,0.25398608600959666,0.4012451171875,0.2014129718750013,0.21047240703124714,86,97,1.127906976744186,22,2.485392574558734,8,1917,0.0,5623.108610567515,90,124,0.96875,0.21501237812499596,True
0.7,77,7591,1024,659,83,34,117,0.9140625,0.6435546875,7533,0.9195556640625,3361,0.44617018452143903,3912.1337890625,52.4775390625,12.206666622835225,0.08359554629431559,0.4102783203125,0.2014129718750013,0.21047240703124714,83,94,1.1325301204819278,11,2.4342261904761906,7,2075,0.0,3915.9579667644184,89,123,0.9609375,0.21501237812499596,True
0.7,78,29996,1024,682,86,34,120,0.9375,0.666015625,7510,0.916748046875,3353,0.44647137150466043,8756.29296875,73.724609375,8.707600770694402,0.1031327854891701,0.4093017578125,0.2014129718750013,0.21047240703124714,86,97,1.127906976744186,46,2.428997613365155,8,1942,0.0,8799.258096172718,93,127,0.9921875,0.21501237812499596,True
0.7,79,10378,1024,569,72,34,106,0.828125,0.5556640625,7623,0.9305419921875,3095,0.40600813328086055,4095.708984375,42.279296875,12.0075127007057,0.05170883940498672,0.3778076171875,0.2014129718750013,0.21047240703124714,72,83,1.1527777777777777,18,2.6405946994182288,14,1906,0.0,4103.724070450098,77,111,0.8671875,0.21501237812499596,True
0.7,80,27337,1024,644,81,34,115,0.8984375,0.62890625,7548,0.92138671875,3800,0.5034446210916799,6025.955078125,64.73046875,10.33054471067105,0.16537713322726752,0.4638671875,0.2014129718750013,0.21047240703124714,81,92,1.1358024691358024,13,2.1524085285601475,10,2100,0.0,6031.845552297165,86,120,0.9375,0.21501237812499596,True
0.7,81,19965,1024,691,87,34,121,0.9453125,0.6748046875,7501,0.9156494140625,3801,0.5067324356752433,9977.9091796875,85.0634765625,8.140408142553337,0.07272248223036412,0.4639892578125,0.2014129718750013,0.21047240703124714,87,98,1.1264367816091954,30,2.146842105263158,8,2148,0.0,10007.22722820764,93,127,0.9921875,0.21501237812499596,True
0.7,82,24405,1024,745,94,34,128,1.0,0.7275390625,7447,0.9090576171875,3303,0.44353430911776554,4690.734375,55.416015625,11.418395202758912,0.09189741541462361,0.4031982421875,0.2014129718750013,0.21047240703124714,94,105,1.1170212765957446,12,2.4754694124772865,7,2000,0.0,4695.319648093841,102,136,1.0625,0.21501237812499596,True
0.7,83,45135,1024,750,94,34,128,1.0,0.732421875,7442,0.908447265625,3798,0.5103466809997312,11233.3505859375,88.0693359375,7.625710477098513,0.09637390834476627,0.463623046875,0.2014129718750013,0.21047240703124714,94,105,1.1170212765957446,36,2.1461680273900448,14,2010,0.0,11277.402941176471,103,137,1.0703125,0.21501237812499596,True
0.7,84,11274,1024,24,3,34,37,0.2890625,0.0234375,8168,0.9970703125,3432,0.4201762977473066,6728.65625,62.50390625,9.851520190033067,0.041035899361580024,0.4189453125,0.2014129718750013,0.21047240703124714,3,11,3.6666666666666665,43,2.374526377149519,8,1946,0.0,6761.67222767419,7,41,0.3203125,0.21501237812499596,True
0.7,85,1941,1024,547,69,34,103,0.8046875,0.5341796875,7645,0.9332275390625,3758,0.49156311314584694,1382.0078125,30.19921875,16.725698627529944,0.20504282497664483,0.458740234375,0.2014129718750013,0.21047240703124714,69,80,1.1594202898550725,19,2.17513973915358,13,1752,0.0,1384.7123287671234,76,110,0.859375,0.21501237812499596,True
0.7,86,48940,1024,895,112,34,146,1.140625,0.8740234375,7297,0.8907470703125,3193,0.4375770864738934,1434.8154296875,29.9892578125,16.562843225321526,0.08385504516527872,0.3897705078125,0.2014129718750013,0.21047240703124714,112,123,1.0982142857142858,10,2.5617167919799497,11,1806,0.0,1436.2179863147605,118,152,1.1875,0.21501237812499596,True
0.7,87,36794,1024,707,89,34,123,0.9609375,0.6904296875,7485,0.9136962890625,3767,0.5032732130928523,14733.3310546875,100.7138671875,6.447794134061317,0.04345555886821585,0.4598388671875,0.2014129718750013,0.21047240703124714,89,100,1.1235955056179776,61,2.1585236325013275,13,1903,0.0,14834.74041297935,96,130,1.015625,0.21501237812499596,True
0.7,88,21994,1024,909,114,34,148,1.15625,0.8876953125,7283,0.8890380859375,3407,0.4678017300562955,5097.7548828125,59.1923828125,11.05701411570915,0.06860942687959953,0.4158935546875,0.2014129718750013,0.21047240703124714,114,125,1.0964912280701755,12,2.4010569583088666,13,1971,0.0,5102.738025415445,120,154,1.203125,0.21501237812499596,True
0.7,89,49944,1024,591,74,34,108,0.84375,0.5771484375,7601,0.9278564453125,3621,0.4763846862254966,3379.185546875,43.607421875,12.842683218685163,0.13232337064614286,0.4420166015625,0.2014129718750013,0.21047240703124714,74,85,1.1486486486486487,46,2.2497237569060773,16,1771,0.0,3395.766437684004,80,114,0.890625,0.21501237812499596,True
0.7,90,43442,1024,547,69,34,103,0.8046875,0.5341796875,7645,0.9332275390625,1815,0.23741007194244604,364.4228515625,7.4619140625,22.514747587680134,0.6409909205122152,0.2215576171875,0.2014129718750013,0.21047240703124714,69,80,1.1594202898550725,119,4.4140022050716645,9,1097,0.0,369.47425742574256,68,102,0.796875,0.21501237812499596,True
0.7,91,45096,1024,404,51,34,85,0.6640625,0.39453125,7788,0.95068359375,3138,0.4029275808936826,936.615234375,22.01953125,18.415191434124644,0.21591879408582457,0.383056640625,0.2014129718750013,0.21047240703124714,51,62,1.2156862745098038,20,2.6047178833280205,10,1752,0.0,938.4481409001957,54,88,0.6875,0.21501237812499596,True
0.7,92,42430,1024,501,63,34,97,0.7578125,0.4892578125,7691,0.9388427734375,3628,0.47172019243271357,887.1162109375,23.1943359375,18.650998453619838,0.3956332805869544,0.44287109375,0.2014129718750013,0.21047240703124714,63,74,1.1746031746031746,38,2.247311827956989,10,1692,0.0,890.5950980392157,67,101,0.7890625,0.21501237812499596,True
0.7,93,42255,1024,942,118,34,152,1.1875,0.919921875,7250,0.885009765625,3845,0.5303448275862069,2382.8876953125,43.9404296875,14.359767861905226,0.1963194035465503,0.4693603515625,0.2014129718750013,0.21047240703124714,118,129,1.0932203389830508,44,2.118366285119667,16,1880,0.0,2394.5799803729146,125,159,1.2421875,0.21501237812499596,True
0.7,94,5771,1024,49,7,34,41,0.3203125,0.0478515625,8143,0.9940185546875,4618,0.5671128576691638,30693.98828125,161.224609375,3.2602703789704623,0.028857896707220717,0.563720703125,0.2014129718750013,0.21047240703124714,7,15,2.142857142857143,23,1.7691141433831492,79,1880,0.0,30754.054794520547,10,44,0.34375,0.21501237812499596,True
0.7,95,8320,1024,641,81,34,115,0.8984375,0.6259765625,7551,0.9217529296875,3342,0.44259038537941997,2050.890625,37.744140625,15.011378610190762,0.08508556424452664,0.407958984375,0.2014129718750013,0.21047240703124714,81,92,1.1358024691358024,18,2.4462735707871897,9,1946,0.0,2054.904109589041,88,122,0.953125,0.21501237812499596,True
0.7,96,48807,1024,460,58,34,92,0.71875,0.44921875,7732,0.94384765625,3738,0.483445421624418,3816.791015625,49.759765625,12.313819796051035,0.09879856388164271,0.456298828125,0.20330674062499554,0.22193028125001035,58,69,1.1896551724137931,18,2.1862456515921864,12,1831,0.0,3824.2602739726026,63,97,0.7578125,0.21604302421874877,True
0.7,97,2675,1024,417,53,34,87,0.6796875,0.4072265625,7775,0.9490966796875,3365,0.4327974276527331,1523.2421875,33.009765625,16.303114015024494,0.33208012331174486,0.4107666015625,0.20330674062499554,0.22193028125001035,53,64,1.2075471698113207,38,2.4230083234244946,11,1810,0.0,1529.2156862745098,57,91,0.7109375,0.21604302421874877,True
0.7,98,37658,1024,25,4,34,38,0.296875,0.0244140625,8167,0.9969482421875,3751,0.4592873760254684,16516.287109375,99.390625,5.9516793708099485,0.022217100255610897,0.4578857421875,0.20330674062499554,0.22193028125001035,4,12,3.0,19,2.178933333333333,15,1910,0.0,16548.608610567513,7,41,0.3203125,0.21604302421874877,True
0.7,99,45710,1024,515,65,34,99,0.7734375,0.5029296875,7677,0.9371337890625,4156,0.5413573010290478,7034.3759765625,74.6689453125,9.658547838954188,0.10120287631024857,0.50732421875,0.20330674062499554,0.22193028125001035,65,76,1.1692307692307693,12,1.967509025270758,15,1938,0.0,7041.2521994134895,71,105,0.8203125,0.21604302421874877,True
0.7,100,15813,1024,513,65,34,99,0.7734375,0.5009765625,7679,0.9373779296875,3151,0.4103398880062508,798.447265625,19.013671875,19.10834122928606,0.25208098830315634,0.3846435546875,0.20330674062499554,0.22193028125001035,65,76,1.1692307692307693,13,2.5952380952380953,12,1550,0.0,799.227761485826,71,105,0.8203125,0.21604302421874877,True
0.7,101,7135,1024,714,90,34,124,0.96875,0.697265625,7478,0.912841796875,3569,0.4772666488365873,1512.349609375,32.798828125,16.334281623803747,0.2024878488656797,0.4356689453125,0.20330674062499554,0.22193028125001035,90,101,1.1222222222222222,12,2.291479820627803,13,1865,0.0,1513.8279569892472,97,131,1.0234375,0.21604302421874877,True
0.7,102,31775,1024,461,58,34,92,0.71875,0.4501953125,7731,0.9437255859375,3687,0.47691113698098564,6310.3984375,76.30078125,10.130235794772332,0.18972319318742534,0.4500732421875,0.20330674062499554,0.22193028125001035,58,69,1.1896551724137931,9,2.2181226261530114,7,2472,0.0,6316.566959921799,64,98,0.765625,0.21604302421874877,True
0.7,103,31772,1024,642,81,34,115,0.8984375,0.626953125,7550,0.921630859375,3962,0.5247682119205298,4910.220703125,55.650390625,11.219793477683284,0.08543738643052248,0.483642578125,0.20330674062499554,0.22193028125001035,81,92,1.1358024691358024,13,2.0633678364049484,16,1802,0.0,4915.0205278592375,85,119,0.9296875,0.21604302421874877,True
0.7,104,25160,1024,573,72,34,106,0.828125,0.5595703125,7619,0.9300537109375,3699,0.48549678435490223,1585.8037109375,30.8486328125,16.12830931059333,0.21800625202224416,0.4515380859375,0.20330674062499554,0.22193028125001035,72,83,1.1527777777777777,20,2.209572742022715,10,1755,0.0,1588.9070450097847,80,114,0.890625,0.21604302421874877,True
0.7,105,36108,1024,633,80,34,114,0.890625,0.6181640625,7559,0.9227294921875,3350,0.4431803148564625,4790.5341796875,59.2333984375,11.326964177339775,0.10299595669997687,0.408935546875,0.20330674062499554,0.22193028125001035,80,91,1.1375,54,2.428187518662287,8,2017,0.0,4818.769155206287,80,114,0.890625,0.21604302421874877,True
0.7,106,1260,1024,732,92,34,126,0.984375,0.71484375,7460,0.91064453125,2986,0.4002680965147453,4027.951171875,45.791015625,12.079961636123926,0.09639212558548203,0.364501953125,0.20330674062499554,0.22193028125001035,92,103,1.1195652173913044,13,2.7396984924623116,7,1876,0.0,4031.8885630498535,98,132,1.03125,0.21604302421874877,True
0.7,107,37885,1024,1026,129,34,163,1.2734375,1.001953125,7166,0.874755859375,3235,0.45143734300865196,5251.01953125,57.0546875,10.92836727212671,0.08759423093123729,0.3948974609375,0.20330674062499554,0.22193028125001035,129,140,1.0852713178294573,54,2.515769944341373,9,1969,0.0,5281.968565815324,136,170,1.328125,0.21604302421874877,True
0.7,108,41535,1024,82,11,34,45,0.3515625,0.080078125,8110,0.989990234375,3531,0.43538840937114676,19124.8818359375,121.8662109375,5.314816003446781,0.09026994214633609,0.4310302734375,0.20330674062499554,0.22193028125001035,11,19,1.7272727272727273,127,2.2844192634560905,8,1969,0.0,19409.196233894945,14,48,0.375,0.21604302421874877,True
0.7,109,44889,1024,282,36,34,70,0.546875,0.275390625,7910,0.965576171875,3736,0.47231352718078384,4399.673828125,50.65625,11.696598798126665,0.05855031617045958,0.4560546875,0.20330674062499554,0.22193028125001035,36,47,1.3055555555555556,55,2.1783132530120484,15,1917,0.0,4425.60510805501,39,73,0.5703125,0.21604302421874877,True
0.7,110,28184,1024,845,106,34,140,1.09375,0.8251953125,7347,0.8968505859375,3618,0.4924458962841976,4677.8564453125,60.7568359375,11.430334708777279,0.1197583883969054,0.441650390625,0.20330674062499554,0.22193028125001035,106,117,1.1037735849056605,9,2.2609897705280617,7,2067,0.0,4682.429130009775,114,148,1.15625,0.21604302421874877,True
0.7,111,25319,1024,696,87,34,121,0.9453125,0.6796875,7496,0.9150390625,3883,0.5180096051227321,3453.029296875,50.013671875,12.748800977755735,0.08133537697620238,0.4739990234375,0.20330674062499554,0.22193028125001035,87,98,1.1264367816091954,11,2.106130860381247,11,1939,0.0,3456.4046920821115,93,127,0.9921875,0.21604302421874877,True
0.7,112,11010,1024,637,80,34,114,0.890625,0.6220703125,7555,0.9222412109375,3988,0.527862342819325,6911.904296875,72.5625,9.734826446532702,0.06586918238760046,0.48681640625,0.20330674062499554,0.22193028125001035,80,91,1.1375,36,2.0451467268623027,13,1964,0.0,6939.009803921569,86,120,0.9375,0.21604302421874877,True
0.7,113,33880,1024,436,55,34,89,0.6953125,0.42578125,7756,0.94677734375,3306,0.42625064466219703,1802.21875,30.8125,15.572728571593258,0.11099130490547963,0.403564453125,0.20330674062499554,0.22193028125001035,55,66,1.2,8,2.475945537065053,8,1814,0.0,1803.980449657869,62,96,0.75,0.21604302421874877,True
0.7,114,19307,1024,486,61,34,95,0.7421875,0.474609375,7706,0.940673828125,3284,0.4261614326498832,1810.4287109375,34.9521484375,15.552989325467049,0.15607584547187073,0.40087890625,0.20330674062499554,0.22193028125001035,61,72,1.180327868852459,55,2.4779165397502285,7,1920,0.0,1821.099214145383,65,99,0.7734375,0.21604302421874877,True
0.7,115,12236,1024,71,9,34,43,0.3359375,0.0693359375,8121,0.9913330078125,2193,0.27004063538973033,6136.5166015625,44.4990234375,10.251584473839717,0.06897485338421203,0.2677001953125,0.20330674062499554,0.22193028125001035,9,17,1.8888888888888888,31,3.7226277372262775,8,1373,0.0,6154.5475024485795,12,46,0.359375,0.21604302421874877,True
0.7,116,13805,1024,703,88,34,122,0.953125,0.6865234375,7489,0.9141845703125,3952,0.527707304045934,16720.634765625,121.1015625,5.898276003261901,0.0692162414778287,0.482421875,0.20330674062499554,0.22193028125001035,88,99,1.125,9,2.070868134649456,15,2015,0.0,16736.979472140763,96,130,1.015625,0.21604302421874877,True
0.7,117,5814,1024,568,71,34,105,0.8203125,0.5546875,7624,0.9306640625,3260,0.42759706190975866,4932.6904296875,51.6845703125,11.199965004021593,0.07084700505177594,0.39794921875,0.20330674062499554,0.22193028125001035,71,82,1.1549295774647887,37,2.5013807916538817,9,1901,0.0,4952.03431372549,78,112,0.875,0.21604302421874877,True
0.7,118,48485,1024,734,92,34,126,0.984375,0.716796875,7458,0.910400390625,3481,0.46674711718959505,5498.62890625,59.76953125,10.728259500433001,0.050836977443472764,0.4249267578125,0.20330674062499554,0.22193028125001035,92,103,1.1195652173913044,19,2.3479885057471264,7,2034,0.0,5509.389432485323,96,130,1.015625,0.21604302421874877,True
0.7,119,12248,1024,32,4,34,38,0.296875,0.03125,8160,0.99609375,3399,0.41654411764705884,14990.025390625,96.54296875,6.372779923959491,0.0402572765580911,0.4149169921875,0.20330674062499554,0.22193028125001035,4,12,3.0,13,2.40670982931136,9,1886,0.0,15004.678396871945,7,41,0.3203125,0.21604302421874877,True
0.7,120,458,1024,391,49,34,83,0.6484375,0.3818359375,7801,0.9522705078125,3869,0.49596205614664785,2639.12890625,42.046875,13.916197573451683,0.08321050272532114,0.4722900390625,0.20330674062499554,0.22193028125001035,49,60,1.2244897959183674,16,2.1132368148914167,13,1915,0.0,2644.293542074364,54,88,0.6875,0.21604302421874877,True
0.7,121,319,1024,647,81,34,115,0.8984375,0.6318359375,7545,0.9210205078125,3358,0.4450629555997349,13026.451171875,83.705078125,6.9825424495534625,0.04543257319855405,0.409912109375,0.20330674062499554,0.22193028125001035,81,92,1.1358024691358024,22,2.432231158772714,12,1770,0.0,13051.94324853229,88,122,0.953125,0.21604302421874877,True
0.7,122,21496,1024,842,106,34,140,1.09375,0.822265625,7350,0.897216796875,3280,0.44625850340136053,7282.7177734375,69.0048828125,9.507868807658536,0.07810689897212864,0.400390625,0.20330674062499554,0.22193028125001035,106,117,1.1037735849056605,44,2.483989021043001,13,1846,0.0,7318.452404317959,112,146,1.140625,0.21604302421874877,True
0.7,123,20390,1024,875,110,34,144,1.125,0.8544921875,7317,0.8931884765625,3558,0.4862648626486265,2751.9765625,43.037109375,13.734356300036604,0.20336834928595454,0.434326171875,0.20330674062499554,0.22193028125001035,110,121,1.1,27,2.2946303064380094,8,1775,0.0,2760.0626836434867,117,151,1.1796875,0.21604302421874877,True
0.7,124,33691,1024,691,87,34,121,0.9453125,0.6748046875,7501,0.9156494140625,3152,0.42021063858152247,3200.8173828125,36.1240234375,13.078194639494034,0.12642241400640977,0.384765625,0.20330674062499554,0.22193028125001035,87,98,1.1264367816091954,21,2.5918755950491907,22,1617,0.0,3207.081213307241,92,126,0.984375,0.21604302421874877,True
0.7,125,33872,1024,506,64,34,98,0.765625,0.494140625,7686,0.938232421875,3839,0.49947957325006503,8548.7783203125,80.7099609375,8.811763053977618,0.06693793583689969,0.4686279296875,0.20330674062499554,0.22193028125001035,64,75,1.171875,12,2.131057842626368,13,2157,0.0,8557.134897360704,69,103,0.8046875,0.21604302421874877,True
0.7,126,46987,1024,301,38,34,72,0.5625,0.2939453125,7891,0.9632568359375,4081,0.5171714611582816,3147.046875,50.4140625,13.15177149126528,0.2526379616335241,0.4981689453125,0.20330674062499554,0.22193028125001035,38,49,1.2894736842105263,18,2.002450980392157,20,2052,0.0,3153.205479452055,44,78,0.609375,0.21604302421874877,True
0.7,127,26772,1024,685,86,34,120,0.9375,0.6689453125,7507,0.9163818359375,3402,0.4531770347675503,5762.5791015625,57.1455078125,10.524634609714948,0.0966267982992823,0.415283203125,0.20330674062499554,0.22193028125001035,86,97,1.127906976744186,28,2.4001764187003825,12,1957,0.0,5779.511263467189,92,126,0.984375,0.21604302421874877,True
0.7,128,7057,1024,606,76,34,110,0.859375,0.591796875,7586,0.926025390625,3442,0.45373055628789877,5884.4365234375,62.5361328125,10.433754784765604,0.1344885071219551,0.420166015625,0.20330674062499554,0.22193028125001035,76,87,1.144736842105263,21,2.3731473408892763,13,1767,0.0,5895.95205479452,80,114,0.890625,0.21604302421874877,True
0.7,129,30014,1024,642,81,34,115,0.8984375,0.626953125,7550,0.921630859375,4137,0.5479470198675497,18983.4287109375,120.0029296875,5.3470570516034845,0.010876531140287518,0.5050048828125,0.20330674062499554,0.22193028125001035,81,92,1.1358024691358024,18,1.9753384912959382,15,2103,0.0,19020.578277886496,88,122,0.953125,0.21604302421874877,True
0.7,130,48237,1024,457,58,34,92,0.71875,0.4462890625,7735,0.9442138671875,3025,0.39107950872656755,780.8896484375,21.5498046875,19.204906950581822,0.18579923571864382,0.3692626953125,0.20330674062499554,0.22193028125001035,58,69,1.1896551724137931,49,2.6921296296296298,7,1716,0.0,785.4921414538311,63,97,0.7578125,0.21604302421874877,True
0.7,131,4823,1024,698,88,34,122,0.953125,0.681640625,7494,0.914794921875,3725,0.4970643181211636,7108.130859375,69.78515625,9.613249463799283,0.07769003176776065,0.4547119140625,0.20330674062499554,0.22193028125001035,88,99,1.125,29,2.191192266380236,11,2009,0.0,7129.016650342801,94,128,1.0,0.21604302421874877,True
0.7,132,26627,1024,415,52,34,86,0.671875,0.4052734375,7777,0.9493408203125,3626,0.46624662466246625,2220.4453125,38.65625,14.666402794951004,0.11201502446164437,0.442626953125,0.20330674062499554,0.22193028125001035,52,63,1.2115384615384615,51,2.244965517241379,14,1850,0.0,2233.532416502947,58,92,0.71875,0.21604302421874877,True
0.7,133,12293,1024,574,72,34,106,0.828125,0.560546875,7618,0.929931640625,3658,0.48017852454712523,5474.884765625,60.943359375,10.747053782105233,0.06597414467108847,0.446533203125,0.20330674062499554,0.22193028125001035,72,83,1.1527777777777777,11,2.236806125239267,12,1993,0.0,5480.236559139785,77,111,0.8671875,0.21604302421874877,True
0.7,134,32803,1024,663,83,34,117,0.9140625,0.6474609375,7529,0.9190673828125,2987,0.3967326338159118,729.3193359375,21.6044921875,19.501626330040217,0.18181267975313936,0.3646240234375,0.20330674062499554,0.22193028125001035,83,94,1.1325301204819278,34,2.731748158070998,8,1785,0.0,732.1794117647058,91,125,0.9765625,0.21604302421874877,True
0.7,135,41882,1024,513,65,34,99,0.7734375,0.5009765625,7679,0.9373779296875,3795,0.4942049746060685,11478.1318359375,87.3779296875,7.532091521932179,0.18885705883692033,0.4632568359375,0.20330674062499554,0.22193028125001035,65,76,1.1692307692307693,21,2.153400105429626,13,1950,0.0,11500.593933463797,72,106,0.828125,0.21604302421874877,True
0.7,136,10235,1024,673,85,34,119,0.9296875,0.6572265625,7519,0.9178466796875,3784,0.5032584120228754,9813.9609375,91.3125,8.21236035841514,0.10072672302216051,0.4619140625,0.20330674062499554,0.22193028125001035,85,96,1.1294117647058823,25,2.1583399418450964,7,2294,0.0,9842.797257590597,92,126,0.984375,0.21604302421874877,True
0.7,137,30033,1024,936,117,34,151,1.1796875,0.9140625,7256,0.8857421875,3258,0.44900771775082693,3820.57421875,48.1171875,12.309517201307765,0.07064560516557558,0.397705078125,0.20330674062499554,0.22193028125001035,117,128,1.0940170940170941,17,2.5090574147988947,11,1845,0.0,3828.0508806262233,123,157,1.2265625,0.21604302421874877,True
0.7,138,20042,1024,434,55,34,89,0.6953125,0.423828125,7758,0.947021484375,3999,0.5154679040989946,2806.7412109375,44.4443359375,13.648779895028056,0.027011135392524702,0.4881591796875,0.20330674062499554,0.22193028125001035,55,66,1.2,19,2.0437718859429714,13,1911,0.0,2812.2338551859098,60,94,0.734375,0.21604302421874877,True
0.7,139,29399,1024,677,85,34,119,0.9296875,0.6611328125,7515,0.9173583984375,3718,0.49474384564204926,7499.38671875,68.271484375,9.380546115499351,0.1474933746210415,0.453857421875,0.20330674062499554,0.22193028125001035,85,96,1.1294117647058823,11,2.200430454667743,15,2009,0.0,7506.7174975562075,93,127,0.9921875,0.21604302421874877,True
0.7,140,6463,1024,778,98,34,132,1.03125,0.759765625,7414,0.905029296875,4139,0.5582681413541948,5408.6494140625,63.0732421875,10.799915292636369,0.05418082170970385,0.5052490234375,0.20330674062499554,0.22193028125001035,98,109,1.1122448979591837,11,1.9768003866602224,18,1884,0.0,5413.936461388074,106,140,1.09375,0.21604302421874877,True
0.7,141,25920,1024,607,76,34,110,0.859375,0.5927734375,7585,0.9259033203125,2920,0.3849703361898484,1025.3681640625,21.2744140625,18.022005316591997,0.4764172151590246,0.3564453125,0.20330674062499554,0.22193028125001035,76,87,1.144736842105263,38,2.792737238780404,9,1671,0.0,1029.3892156862746,83,117,0.9140625,0.21604302421874877,True
0.7,142,10327,1024,66,9,34,43,0.3359375,0.064453125,8126,0.991943359375,4164,0.5124292394782181,21760.7900390625,139.2880859375,4.754057022233465,0.039364564997508504,0.50830078125,0.20330674062499554,0.22193028125001035,9,17,1.8888888888888888,12,1.9646889262551044,9,2216,0.0,21782.061583577713,12,46,0.359375,0.21604302421874877,True
0.7,143,3805,1024,704,88,34,122,0.953125,0.6875,7488,0.9140625,3237,0.4322916666666667,1164.974609375,25.765625,17.467639008522205,0.08577343148755424,0.3951416015625,0.20330674062499554,0.22193028125001035,88,99,1.125,29,2.521631644004944,11,1707,0.0,1168.3976493633693,96,130,1.015625,0.21604302421874877,True
0.7,144,37879,1024,586,74,34,108,0.84375,0.572265625,7606,0.928466796875,4097,0.5386536944517486,7460.599609375,80.806640625,9.403066276877208,0.32946540958897813,0.5001220703125,0.20330674062499554,0.22193028125001035,74,85,1.1486486486486487,27,1.9931640625,16,2223,0.0,7482.521057786484,80,114,0.890625,0.21604302421874877,True
0.7,145,22721,1024,856,107,34,141,1.1015625,0.8359375,7336,0.8955078125,3518,0.47955288985823336,3833.30078125,50.578125,12.29507463212272,0.10240938327021508,0.429443359375,0.20330674062499554,0.22193028125001035,107,118,1.102803738317757,28,2.3207278930907025,20,1993,0.0,3844.564152791381,113,147,1.1484375,0.21604302421874877,True
0.7,146,43932,1024,392,49,34,83,0.6484375,0.3828125,7800,0.9521484375,3555,0.45576923076923076,11114.0517578125,85.4794921875,7.672079459171982,0.06050728130959196,0.4339599609375,0.20330674062499554,0.22193028125001035,49,60,1.2244897959183674,22,2.2974113674732695,9,2062,0.0,11135.801369863013,53,87,0.6796875,0.21604302421874877,True
0.7,147,47270,1024,670,84,34,118,0.921875,0.654296875,7522,0.918212890625,3525,0.4686253655942568,3735.830078125,50.14453125,12.406932464712376,0.06621051314226505,0.4302978515625,0.20330674062499554,0.22193028125001035,84,95,1.130952380952381,27,2.3158342792281497,11,1954,0.0,3746.8070519098924,91,125,0.9765625,0.21604302421874877,True
0.7,148,11091,1024,602,76,34,110,0.859375,0.587890625,7590,0.926513671875,3737,0.4923583662714098,7441.2294921875,77.7177734375,9.41435662209438,0.08910588614059567,0.4561767578125,0.20330674062499554,0.22193028125001035,76,87,1.144736842105263,17,2.187098501070664,7,2314,0.0,7455.791585127202,83,117,0.9140625,0.21604302421874877,True
0.7,149,9736,1024,599,75,34,109,0.8515625,0.5849609375,7593,0.9268798828125,3401,0.447912551033847,1055.369140625,25.6328125,17.896759697687195,0.13367594483590153,0.4151611328125,0.20330674062499554,0.22193028125001035,75,86,1.1466666666666667,29,2.400294117647059,11,1653,0.0,1058.4701273261508,81,115,0.8984375,0.21604302421874877,True
0.7,150,23206,1024,249,32,34,66,0.515625,0.2431640625,7943,0.9696044921875,3500,0.44063955684250283,5587.7236328125,55.4794921875,10.658454429734853,0.16114807334627998,0.42724609375,0.20330674062499554,0.22193028125001035,32,41,1.28125,29,2.3326664761360387,9,1985,0.0,5604.142017629775,35,69,0.5390625,0.21604302421874877,True
0.7,151,25039,1024,534,67,34,101,0.7890625,0.521484375,7658,0.934814453125,3633,0.4744058500914077,3150.9296875,44.12109375,13.146416487987862,0.08553467888061617,0.4434814453125,0.20330674062499554,0.22193028125001035,67,78,1.164179104477612,9,2.2527533039647576,11,1809,0.0,3154.0097751710655,73,107,0.8359375,0.21604302421874877,True
0.7,152,21014,1024,104,13,34,47,0.3671875,0.1015625,8088,0.9873046875,2871,0.35497032640949555,17212.6337890625,95.6982421875,5.7723303193839754,0.045436727001592014,0.3504638671875,0.20330674062499554,0.22193028125001035,13,21,1.6153846153846154,87,2.823693379790941,8,1594,0.0,17382.38362919132,16,50,0.390625,0.21604302421874877,True
0.7,153,32412,1024,501,63,34,97,0.7578125,0.4892578125,7691,0.9388427734375,3498,0.4548173189442205,3086.6044921875,46.5146484375,13.2359937695267,0.10909408020129394,0.427001953125,0.20330674062499554,0.22193028125001035,63,74,1.1746031746031746,10,2.339147841006577,8,1921,0.0,3089.6217008797653,68,102,0.796875,0.21604302421874877,True
0.7,154,34022,1024,532,67,34,101,0.7890625,0.51953125,7660,0.93505859375,3085,0.4027415143603133,873.4052734375,20.7880859375,18.718645510958556,0.25331467242980854,0.3765869140625,0.20330674062499554,0.22193028125001035,67,78,1.164179104477612,29,2.64526588845655,21,1651,0.0,875.9715964740451,71,105,0.8203125,0.21604302421874877,True
0.7,155,21369,1024,667,84,34,118,0.921875,0.6513671875,7525,0.9185791015625,3154,0.4191362126245847,4873.1298828125,47.0537109375,11.25272374145543,0.13582901118867274,0.385009765625,0.20330674062499554,0.22193028125001035,84,95,1.130952380952381,11,2.5940374246749127,8,1913,0.0,4877.893450635386,87,121,0.9453125,0.21604302421874877,True
0.7,156,41654,1024,679,85,34,119,0.9296875,0.6630859375,7513,0.9171142578125,3453,0.45960335418607745,5002.0458984375,57.2470703125,11.139326883981207,0.06413554010492586,0.4215087890625,0.20330674062499554,0.22193028125001035,85,96,1.1294117647058823,58,2.3560254924681345,8,2040,0.0,5036.474926253687,91,125,0.9765625,0.21604302421874877,True
0.7,157,11953,1024,36,5,34,39,0.3046875,0.03515625,8156,0.99560546875,3899,0.4780529671407553,24347.943359375,139.529296875,4.266180780850955,0.0639138783689895,0.4759521484375,0.20330674062499554,0.22193028125001035,5,13,2.6,14,2.0972293483837867,8,2027,0.0,24371.743890518082,8,42,0.328125,0.21604302421874877,True
0.7,158,13700,1024,517,65,34,99,0.7734375,0.5048828125,7675,0.9368896484375,4102,0.5344625407166124,10825.841796875,94.421875,7.786186846163065,0.10512675597053865,0.500732421875,0.20330674062499554,0.22193028125001035,65,76,1.1692307692307693,28,1.9890270665691294,14,2138,0.0,10857.651322233105,72,106,0.828125,0.21604302421874877,True
0.7,159,38205,1024,489,62,34,96,0.75,0.4775390625,7703,0.9403076171875,3294,0.4276256004154226,5785.197265625,53.439453125,10.507621886066305,0.13696531008459345,0.402099609375,0.20330674062499554,0.22193028125001035,62,73,1.1774193548387097,21,2.4804129972669298,10,1750,0.0,5796.518590998043,69,103,0.8046875,0.21604302421874877,True
0.7,160,40129,1024,605,76,34,110,0.859375,0.5908203125,7587,0.9261474609375,2660,0.35059971003031504,432.2685546875,15.2099609375,21.773267168734893,0.377181737289704,0.32470703125,0.20330674062499554,0.22193028125001035,76,87,1.144736842105263,12,3.074840165475743,6,1673,0.0,432.6911045943304,81,115,0.8984375,0.21604302421874877,True
0.7,161,17080,1024,524,66,34,100,0.78125,0.51171875,7668,0.93603515625,3368,0.4392279603547209,2448.0693359375,36.8369140625,14.2425664682714,0.10918119562061564,0.4111328125,0.20330674062499554,0.22193028125001035,66,77,1.1666666666666667,63,2.413721413721414,11,1778,0.0,2464.919370698132,71,105,0.8203125,0.21604302421874877,True
0.7,162,1505,1024,894,112,34,146,1.140625,0.873046875,7298,0.890869140625,3607,0.49424499862976157,12648.38671875,95.869140625,7.110452253817991,0.02729270992697982,0.4403076171875,0.20330674062499554,0.22193028125001035,112,123,1.0982142857142858,62,2.2534664448141988,10,1971,0.0,12735.445427728613,120,154,1.203125,0.21604302421874877,True
0.7,163,36391,1024,294,37,34,71,0.5546875,0.287109375,7898,0.964111328125,3813,0.4827804507470246,3250.8544921875,45.6748046875,13.01082829899708,0.08065940807598132,0.4654541015625,0.20330674062499554,0.22193028125001035,37,46,1.2432432432432432,11,2.1455928646379854,14,1907,0.0,3254.032258064516,43,77,0.6015625,0.21604302421874877,True
0.7,164,24660,1024,588,74,34,108,0.84375,0.57421875,7604,0.92822265625,3728,0.4902682798527091,3709.404296875,47.552734375,12.437761901618776,0.12428157437662475,0.455078125,0.20330674062499554,0.22193028125001035,74,85,1.1486486486486487,11,2.194258116447545,16,1890,0.0,3713.030303030303,80,114,0.890625,0.21604302421874877,True
0.7,165,24061,1024,55,7,34,41,0.3203125,0.0537109375,8137,0.9932861328125,3324,0.40850436278726804,5154.8818359375,55.5751953125,11.008616463576812,0.14603520069220902,0.40576171875,0.20330674062499554,0.22193028125001035,7,15,2.142857142857143,4,2.4637375865182065,8,1871,,5154.8818359375,11,45,0.3515625,0.21604302421874877,True
0.7,166,10964,1024,229,29,34,63,0.4921875,0.2236328125,7963,0.9720458984375,4013,0.5039557955544393,6926.8505859375,70.1337890625,9.725445409808481,0.11613710541743302,0.4898681640625,0.20330674062499554,0.22193028125001035,29,38,1.3103448275862069,20,2.0361415752741774,19,1909,0.0,6940.406066536203,32,66,0.515625,0.21604302421874877,True
0.7,167,20807,1024,557,70,34,104,0.8125,0.5439453125,7635,0.9320068359375,3804,0.49823182711198427,4153.60546875,54.857421875,11.946551182793435,0.08986331396376562,0.46435546875,0.20330674062499554,0.22193028125001035,70,81,1.1571428571428573,9,2.1509334735734944,10,2000,0.0,4157.66568914956,76,110,0.859375,0.21604302421874877,True
0.7,168,33388,1024,244,31,34,65,0.5078125,0.23828125,7948,0.97021484375,3968,0.49924509310518367,4594.1572265625,56.3271484375,11.50874506826477,0.0393184866663121,0.484375,0.20330674062499554,0.22193028125001035,31,42,1.3548387096774193,13,2.0610032770355433,15,1882,0.0,4598.648093841643,35,69,0.5390625,0.21604302421874877,True
0.7,169,34571,1024,395,50,34,84,0.65625,0.3857421875,7797,0.9517822265625,3729,0.4782608695652174,18994.466796875,111.8359375,5.344532541024732,0.022344114795033433,0.4552001953125,0.20330674062499554,0.22193028125001035,50,61,1.22,5,2.195010729613734,12,1956,,18994.466796875,54,88,0.6875,0.21604302421874877,True
0.7,170,21194,1024,354,45,34,79,0.6171875,0.345703125,7838,0.956787109375,3501,0.4466700688951263,6635.744140625,62.623046875,9.911907286115659,0.14768247980333707,0.4273681640625,0.20330674062499554,0.22193028125001035,45,56,1.2444444444444445,18,2.335142857142857,12,1896,0.0,6648.729941291585,49,83,0.6484375,0.21604302421874877,True
0.7,171,32696,1024,600,75,34,109,0.8515625,0.5859375,7592,0.9267578125,3896,0.5131717597471022,16794.63671875,120.79296875,5.879097467211053,0.08962134771765301,0.4755859375,0.20330674062499554,0.22193028125001035,75,86,1.1466666666666667,9,2.100385109114249,12,2142,0.0,16811.05376344086,81,115,0.8984375,0.21604302421874877,True
0.7,172,46005,1024,590,74,34,108,0.84375,0.576171875,7602,0.927978515625,2458,0.3233359642199421,656.736328125,20.029296875,19.956893204172996,0.5354671502824649,0.300048828125,0.20330674062499554,0.22193028125001035,74,80,1.0810810810810811,38,3.318274318274318,9,1599,0.0,659.3117647058823,71,105,0.8203125,0.21604302421874877,True
0.7,173,19269,1024,464,58,34,92,0.71875,0.453125,7728,0.943359375,2545,0.3293219461697723,2483.2197265625,30.0029296875,14.180652112643601,0.45068700111844956,0.3106689453125,0.20330674062499554,0.22193028125001035,58,69,1.1896551724137931,45,3.200864779874214,9,1664,0.0,2495.404317958783,62,96,0.75,0.21604302421874877,True
0.7,174,5503,1024,939,118,34,152,1.1875,0.9169921875,7253,0.8853759765625,3298,0.4547083965255756,4802.3388671875,48.9833984375,11.316275589667272,0.0886247610723172,0.402587890625,0.20330674062499554,0.22193028125001035,118,129,1.0932203389830508,9,2.481346678798908,9,1808,0.0,4807.033235581623,126,160,1.25,0.21604302421874877,True
0.7,175,32979,1024,894,112,34,146,1.140625,0.873046875,7298,0.890869140625,3496,0.4790353521512743,5461.8671875,60.896484375,10.757392253785774,0.0540323185715182,0.4267578125,0.20330674062499554,0.22193028125001035,112,123,1.0982142857142858,9,2.340486409155937,9,1981,0.0,5467.206256109482,119,153,1.1953125,0.21604302421874877,True
0.7,176,32764,1024,752,94,34,128,1.0,0.734375,7440,0.908203125,3652,0.4908602150537634,5693.2685546875,63.2451171875,10.577186906576216,0.09014194262625203,0.44580078125,0.20330674062499554,0.22193028125001035,94,105,1.1170212765957446,20,2.2380169816488635,17,1969,0.0,5704.409980430529,103,137,1.0703125,0.21604302421874877,True
0.7,177,36396,1024,603,76,34,110,0.859375,0.5888671875,7589,0.9263916015625,3732,0.49176439583607856,5964.6943359375,69.1650390625,10.374921679524096,0.18076457274335445,0.45556640625,0.20330674062499554,0.22193028125001035,76,87,1.144736842105263,35,2.186009112838381,7,2331,0.0,5988.085294117647,81,115,0.8984375,0.21604302421874877,True
0.7,178,16139,1024,338,43,34,77,0.6015625,0.330078125,7854,0.958740234375,2840,0.3615991851285969,1272.5029296875,18.2314453125,17.084215699804105,0.5494141801239776,0.3466796875,0.20330674062499554,0.22193028125001035,43,54,1.255813953488372,166,2.826699542092286,11,1565,0.0,1297.851593625498,44,78,0.609375,0.21604302421874877,True
0.7,179,32110,1024,37,5,34,39,0.3046875,0.0361328125,8155,0.9954833984375,3215,0.3942366646229307,18566.771484375,108.13671875,5.443439686208183,0.08433591947666019,0.3924560546875,0.20330674062499554,0.22193028125001035,5,13,2.6,14,2.5438705662725574,8,1673,0.0,18584.92082111437,8,42,0.328125,0.21604302421874877,True
0.7,180,37930,1024,349,44,34,78,0.609375,0.3408203125,7843,0.9573974609375,3657,0.4662756598240469,2701.9873046875,45.4033203125,13.813970567137703,0.09670393607734613,0.4464111328125,0.20330674062499554,0.22193028125001035,44,55,1.25,12,2.237144420131291,13,2055,0.0,2704.628543499511,49,83,0.6484375,0.21604302421874877,True
0.7,181,5624,1024,438,55,34,89,0.6953125,0.427734375,7754,0.946533203125,4329,0.5582924941965437,2288.0517578125,41.8916015625,14.536145164994918,0.12788103610984994,0.5284423828125,0.20330674062499554,0.22193028125001035,55,66,1.2,12,1.8897874306839186,29,1718,0.0,2290.2883675464323,58,92,0.71875,0.21604302421874877,True
0.7,182,37946,1024,835,105,34,139,1.0859375,0.8154296875,7357,0.8980712890625,3736,0.5078156857414707,6782.333984375,69.56640625,9.817011888142627,0.13459871895814726,0.4560546875,0.20330674062499554,0.22193028125001035,105,116,1.1047619047619048,19,2.1874163319946454,8,2061,0.0,6795.6066536203525,112,146,1.140625,0.21604302421874877,True
0.7,183,6616,1024,574,72,34,106,0.828125,0.560546875,7618,0.929931640625,3698,0.4854292465213967,8595.9873046875,75.3779296875,8.787845954524409,0.049105762872765794,0.451416015625,0.20330674062499554,0.22193028125001035,72,83,1.1527777777777777,11,2.2126048147146333,10,1963,0.0,8604.390029325514,78,112,0.875,0.21604302421874877,True
0.7,184,11706,1024,516,65,34,99,0.7734375,0.50390625,7676,0.93701171875,3501,0.4560969254820219,7220.54296875,66.81640625,9.545105040925069,0.10707437248286072,0.4273681640625,0.20330674062499554,0.22193028125001035,65,76,1.1692307692307693,39,2.329142857142857,14,1966,0.0,7248.858823529412,69,103,0.8046875,0.21604302421874877,True
0.7,185,10558,1024,71,9,34,43,0.3359375,0.0693359375,8121,0.9913330078125,3051,0.37569264868858515,10479.4892578125,70.5966796875,7.927402440521578,0.12023942383993037,0.3724365234375,0.20330674062499554,0.22193028125001035,9,17,1.8888888888888888,6,2.682950819672131,8,1680,,10479.4892578125,13,47,0.3671875,0.21604302421874877,True
0.7,186,18351,1024,65,9,34,43,0.3359375,0.0634765625,8127,0.9920654296875,2712,0.33370247323735697,9528.962890625,69.533203125,8.340347252231433,0.03864524619131923,0.3310546875,0.20330674062499554,0.22193028125001035,9,17,1.8888888888888888,71,2.9952047215049795,8,1613,0.0,9603.99409448819,12,46,0.359375,0.21604302421874877,True
0.7,187,15023,1024,61,8,34,42,0.328125,0.0595703125,8131,0.9925537109375,3833,0.47140573115237977,17298.310546875,123.017578125,5.7507667138062555,0.13927913545608953,0.4678955078125,0.20330674062499554,0.22193028125001035,8,16,2.0,14,2.133872651356994,8,1974,0.0,17315.219941348972,11,45,0.3515625,0.21604302421874877,True
0.7,188,9490,1024,766,96,34,130,1.015625,0.748046875,7426,0.906494140625,3557,0.4789927282520873,2845.52734375,42.142578125,13.589175976033479,0.1550385643637709,0.4342041015625,0.20330674062499554,0.22193028125001035,96,107,1.1145833333333333,19,2.297525309336333,16,1777,0.0,2851.095890410959,101,135,1.0546875,0.21604302421874877,True
0.7,189,6355,1024,794,100,34,134,1.046875,0.775390625,7398,0.903076171875,4403,0.5951608542849419,25070.0654296875,154.3935546875,4.1392489345476156,0.10064091501306198,0.5374755859375,0.20330674062499554,0.22193028125001035,100,111,1.11,8,1.8589277601090413,16,1841,0.0,25094.57184750733,107,141,1.1015625,0.21604302421874877,True
0.7,190,8857,1024,483,61,34,95,0.7421875,0.4716796875,7709,0.9410400390625,2528,0.327928395382021,835.306640625,20.81640625,18.912344268398446,0.2998599034479306,0.30859375,0.20330674062499554,0.22193028125001035,61,72,1.180327868852459,69,3.2121092204194697,13,1530,0.0,841.8838582677165,65,99,0.7734375,0.21604302421874877,True
0.7,191,31811,1024,904,113,34,147,1.1484375,0.8828125,7288,0.8896484375,3685,0.5056256860592755,11291.5263671875,92.6923828125,7.603277078676042,0.18148285425005722,0.4498291015625,0.20330674062499554,0.22193028125001035,113,124,1.0973451327433628,21,2.217155266015201,18,2113,0.0,11313.623287671233,122,156,1.21875,0.21604302421874877,True
0.7,192,10400,1024,593,75,34,109,0.8515625,0.5791015625,7599,0.9276123046875,3733,0.4912488485327017,903.9228515625,24.3701171875,18.569489951828782,0.1763556964224505,0.4556884765625,0.20330674062499554,0.22193028125001035,75,86,1.1466666666666667,20,2.1889067524115755,16,1623,0.0,905.6917808219179,81,115,0.8984375,0.21604302421874877,True
0.7,193,275,1024,780,98,34,132,1.03125,0.76171875,7412,0.90478515625,3352,0.45223961144090663,4767.1376953125,54.1064453125,11.348226644787854,0.04657304773972365,0.4091796875,0.20330674062499554,0.22193028125001035,98,109,1.1122448979591837,12,2.440763951059385,8,1914,0.0,4771.7976539589445,109,143,1.1171875,0.21604302421874877,True
0.7,194,26152,1024,75,10,34,44,0.34375,0.0732421875,8117,0.9908447265625,3662,0.45115190341259087,17913.8642578125,116.1025390625,5.598910818405521,0.05458598462844659,0.447021484375,0.20330674062499554,0.22193028125001035,10,18,1.8,287,2.15897295820814,8,1896,0.0,18547.823053589484,13,47,0.3671875,0.21604302421874877,True
0.7,195,13037,1024,44,6,34,40,0.3125,0.04296875,8148,0.99462890625,3128,0.38389788905252825,15926.7138671875,93.8388671875,6.109541830936363,0.048045429965272356,0.3818359375,0.20330674062499554,0.22193028125001035,6,14,2.3333333333333335,14,2.614966421490246,11,1519,0.0,15942.282502443793,9,43,0.3359375,0.21604302421874877,True
0.7,196,41203,1024,484,61,34,95,0.7421875,0.47265625,7708,0.94091796875,3430,0.4449922158796056,1624.4326171875,32.1748046875,16.023786597086588,0.0837632240486752,0.418701171875,0.20330674062499554,0.22193028125001035,61,72,1.180327868852459,10,2.3858267716535435,12,1779,0.0,1626.0205278592375,66,100,0.78125,0.21604302421874877,True
0.7,197,43709,1024,456,57,34,91,0.7109375,0.4453125,7736,0.9443359375,3130,0.4046018614270941,4221.833984375,49.0625,11.875792093684234,0.38689556450280077,0.382080078125,0.20330674062499554,0.22193028125001035,57,68,1.1929824561403508,67,2.5963566634707576,11,2005,0.0,4255.076771653543,65,99,0.7734375,0.21604302421874877,True
0.7,198,43572,1024,805,101,34,135,1.0546875,0.7861328125,7387,0.9017333984375,3587,0.485582780560444,6863.5224609375,64.2158203125,9.76533301615021,0.06004805437996345,0.4378662109375,0.20330674062499554,0.22193028125001035,101,112,1.108910891089109,11,2.280814277746793,7,2098,0.0,6870.231671554252,108,142,1.109375,0.21604302421874877,True
0.7,199,23390,1024,542,68,34,102,0.796875,0.529296875,7650,0.933837890625,4359,0.5698039215686275,2905.7841796875,42.2255859375,13.498170059133017,0.05687153246100789,0.5321044921875,0.20330674062499554,0.22193028125001035,68,79,1.161764705882353,21,1.87471317117944,14,1777,0.0,2911.4706457925636,73,107,0.8359375,0.21604302421874877,True
0.75,0,712,1024,501,63,34,97,0.7578125,0.4892578125,7691,0.9388427734375,3840,0.499284878429333,7054.2080078125,71.8662109375,9.646320992827865,0.1573326052335386,0.46875,0.20330674062499554,0.22193028125001035,63,74,1.1746031746031746,20,2.1276374055743683,16,1923,0.0,7068.012720156556,72,106,0.828125,0.21604302421874877,True
0.75,1,24774,1024,1011,127,34,161,1.2578125,0.9873046875,7181,0.8765869140625,3129,0.4357331847932043,3402.6220703125,47.9580078125,12.812666462395168,0.07665917839235198,0.3819580078125,0.20330674062499554,0.22193028125001035,127,138,1.0866141732283465,79,2.5930306905370846,8,1882,0.0,3432.793103448276,130,164,1.28125,0.21604302421874877,True
0.75,2,45142,1024,1416,177,34,211,1.6484375,1.3828125,6776,0.8271484375,2805,0.413961038961039,2875.82421875,41.30078125,13.543180240666516,0.09060486692627305,0.3424072265625,0.20330674062499554,0.22193028125001035,177,188,1.0621468926553672,12,2.9165477888730384,9,1738,0.0,2878.635386119257,190,224,1.75,0.21604302421874877,True
0.75,3,27119,1024,102,13,34,47,0.3671875,0.099609375,8090,0.987548828125,2653,0.3279357231149567,13481.3798828125,72.6962890625,6.833460143050516,0.07207375630352528,0.3238525390625,0.20330674062499554,0.22193028125001035,13,22,1.6923076923076923,7,3.085972850678733,35,1352,,13481.3798828125,17,51,0.3984375,0.21604302421874877,True
0.75,4,21139,1024,940,118,34,152,1.1875,0.91796875,7252,0.88525390625,3202,0.44153337010479865,1556.134765625,31.65234375,16.210331554681787,0.18746243944998478,0.390869140625,0.20330674062499554,0.22193028125001035,118,129,1.0932203389830508,20,2.5517025929397064,9,1772,0.0,1559.1800391389434,129,163,1.2734375,0.21604302421874877,True
0.75,5,19129,1024,978,123,34,157,1.2265625,0.955078125,7214,0.880615234375,3569,0.49473246465206544,9076.5361328125,82.3681640625,8.551602199920307,0.0744278700271701,0.4356689453125,0.20330674062499554,0.22193028125001035,123,134,1.089430894308943,18,2.290078475336323,14,2086,0.0,9094.29843444227,132,166,1.296875,0.21604302421874877,True
0.75,6,6433,1024,980,123,34,157,1.2265625,0.95703125,7212,0.88037109375,2802,0.38851913477537436,669.064453125,19.07421875,19.876124041042374,0.20595270680508082,0.342041015625,0.20330674062499554,0.22193028125001035,123,134,1.089430894308943,51,2.905033916458408,9,1607,0.0,673.0078585461689,133,167,1.3046875,0.21604302421874877,True
0.75,7,38854,1024,820,103,34,137,1.0703125,0.80078125,7372,0.89990234375,3592,0.48724905046120454,4505.3916015625,53.5361328125,11.593478157178989,0.0625882928154266,0.4384765625,0.20330674062499554,0.22193028125001035,103,114,1.1067961165048543,45,2.2684489000278476,14,1934,0.0,4527.498527968597,112,146,1.140625,0.21604302421874877,True
0.75,8,22489,1024,1201,151,34,185,1.4453125,1.1728515625,6991,0.8533935546875,3112,0.4451437562580461,2503.6513671875,38.1142578125,14.145065075148391,0.1321450850773296,0.3798828125,0.20330674062499554,0.22193028125001035,151,162,1.0728476821192052,20,2.625200900032144,7,1724,0.0,2508.5508806262233,162,196,1.53125,0.21604302421874877,True
0.75,9,31104,1024,1547,194,34,228,1.78125,1.5107421875,6645,0.8111572265625,2770,0.41685477802859294,6559.4267578125,55.5556640625,9.962144737478752,0.10212870748422362,0.338134765625,0.20330674062499554,0.22193028125001035,194,205,1.056701030927835,109,2.918382087396172,7,1767,0.0,6643.771513353116,203,237,1.8515625,0.21604302421874877,True
0.75,10,21349,1024,982,123,34,157,1.2265625,0.958984375,7210,0.880126953125,3193,0.44285714285714284,833.9814453125,21.8466796875,18.919239724460407,0.12785327394404852,0.3897705078125,0.20330674062499554,0.22193028125001035,123,134,1.089430894308943,19,2.5598370927318297,9,1659,0.0,835.6135029354208,135,169,1.3203125,0.21604302421874877,True
0.75,11,29116,1024,1648,206,34,240,1.875,1.609375,6544,0.798828125,2866,0.43795843520782396,3663.7109375,49.962890625,12.491591598461573,0.0848001468539761,0.349853515625,0.20330674062499554,0.22193028125001035,206,217,1.0533980582524272,20,2.850610820244328,7,1901,0.0,3670.880626223092,219,253,1.9765625,0.21604302421874877,True
0.75,12,10772,1024,1268,159,34,193,1.5078125,1.23828125,6924,0.84521484375,3514,0.5075101097631427,8441.5810546875,76.2275390625,8.866565660170918,-0.01756391803078994,0.428955078125,0.20330674062499554,0.22193028125001035,159,170,1.069182389937107,9,2.328778821520068,8,1939,0.0,8449.83284457478,172,206,1.609375,0.21604302421874877,True
0.75,13,18332,1024,1551,194,34,228,1.78125,1.5146484375,6641,0.8106689453125,3391,0.5106158711037494,2890.494140625,46.486328125,13.521082675223909,0.09778224003178691,0.4139404296875,0.20330674062499554,0.22193028125001035,194,205,1.056701030927835,8,2.4135693215339233,8,1867,0.0,2893.319648093842,210,244,1.90625,0.21604302421874877,True
0.75,14,1003,1024,835,105,34,139,1.0859375,0.8154296875,7357,0.8980712890625,3608,0.4904172896561098,9385.634765625,84.982421875,8.406167108806198,0.059836200061168306,0.4404296875,0.20330674062499554,0.22193028125001035,105,116,1.1047619047619048,35,2.2608816190740226,7,2312,0.0,9422.441176470587,116,150,1.171875,0.21604302421874877,True
0.75,15,22156,1024,1131,142,34,176,1.375,1.1044921875,7061,0.8619384765625,3913,0.5541707973374876,15720.11328125,114.07421875,6.1662468956881415,0.024541938466723416,0.4776611328125,0.20330674062499554,0.22193028125001035,142,153,1.0774647887323943,17,2.088957055214724,12,2060,0.0,15750.876712328767,157,191,1.4921875,0.21604302421874877,True
0.75,16,26453,1024,1573,197,34,231,1.8046875,1.5361328125,6619,0.8079833984375,2514,0.37981568212720956,1795.5966796875,27.6279296875,15.588715672095415,0.15397731905017353,0.306884765625,0.20330674062499554,0.22193028125001035,197,208,1.0558375634517767,12,3.2542777556705134,7,1543,0.0,1797.3519061583577,212,246,1.921875,0.21604302421874877,True
0.75,17,17039,1024,1620,203,34,237,1.8515625,1.58203125,6572,0.80224609375,2741,0.4170724284844796,2663.4892578125,45.9384765625,13.876294113078513,0.26800146019504834,0.3345947265625,0.20330674062499554,0.22193028125001035,203,214,1.0541871921182266,10,2.9854014598540144,7,1934,0.0,2666.092864125122,222,256,2.0,0.21604302421874877,True
0.75,18,7166,1024,732,92,34,126,0.984375,0.71484375,7460,0.91064453125,3968,0.5319034852546917,5890.826171875,65.4921875,10.42904153224313,0.11500698416603727,0.484375,0.20330674062499554,0.22193028125001035,92,103,1.1195652173913044,9,2.0615074363498866,37,1926,0.0,5896.584555229717,102,136,1.0625,0.21604302421874877,True
0.75,19,48310,1024,328,41,34,75,0.5859375,0.3203125,7864,0.9599609375,3370,0.4285350966429298,11256.310546875,86.41015625,7.616842946596165,0.06472444015720694,0.411376953125,0.20330674062499554,0.22193028125001035,41,52,1.2682926829268293,5,2.4298011279311367,8,2071,,11256.310546875,46,80,0.625,0.21604302421874877,True
0.75,20,12187,1024,548,69,34,103,0.8046875,0.53515625,7644,0.93310546875,3540,0.4631083202511774,1700.2197265625,34.8291015625,15.825753101559885,0.2632000680702758,0.43212890625,0.20330674062499554,0.22193028125001035,69,80,1.1594202898550725,134,2.2760666855043796,10,1872,0.0,1727.2073412698412,75,109,0.8515625,0.21604302421874877,True
0.75,21,20284,1024,904,113,34,147,1.1484375,0.8828125,7288,0.8896484375,2522,0.3460482985729967,724.5908203125,17.2724609375,19.52987533119268,0.29639488756865945,0.307861328125,0.20330674062499554,0.22193028125001035,113,124,1.0973451327433628,21,3.240777469258231,9,1620,0.0,726.0088062622309,124,158,1.234375,0.21604302421874877,True
0.75,22,1052,1024,1302,163,34,197,1.5390625,1.271484375,6890,0.841064453125,3106,0.45079825834542814,2228.6064453125,38.0986328125,14.650469786683704,0.07338263038652446,0.379150390625,0.20330674062499554,0.22193028125001035,163,174,1.0674846625766872,34,2.6264090177133657,8,1758,0.0,2237.3460784313725,172,206,1.609375,0.21604302421874877,True
0.75,23,13752,1024,452,57,34,91,0.7109375,0.44140625,7740,0.94482421875,2486,0.3211886304909561,460.888671875,11.40625,21.49484327081941,0.41771598293420314,0.303466796875,0.20330674062499554,0.22193028125001035,57,68,1.1929824561403508,26,3.284507042253521,12,1407,0.0,462.2428991185113,63,97,0.7578125,0.21604302421874877,True
0.75,24,37139,1024,114,15,34,49,0.3828125,0.111328125,8078,0.986083984375,4052,0.5016093092349592,22172.546875,130.236328125,4.672647791548745,0.045099790538952945,0.49462890625,0.20749913828124988,0.21068667265625152,15,24,1.6,4,2.0209824734633424,8,2100,,22172.546875,19,53,0.4140625,0.2106476921874929,True
0.75,25,29727,1024,1532,192,34,226,1.765625,1.49609375,6660,0.81298828125,3271,0.49114114114114116,4127.8896484375,53.0634765625,11.973522821603959,0.039637669308919724,0.3992919921875,0.20749913828124988,0.21068667265625152,192,203,1.0572916666666667,11,2.5015290519877675,9,1829,0.0,4131.924731182796,208,242,1.890625,0.2106476921874929,True
0.75,26,41854,1024,2378,298,34,332,2.59375,2.322265625,5814,0.709716796875,2084,0.3584451324389405,745.068359375,21.267578125,19.408842401499818,0.26884361034468895,0.25439453125,0.20749913828124988,0.21068667265625152,298,309,1.0369127516778522,20,3.9212674027844456,6,1403,0.0,746.5264187866927,317,351,2.7421875,0.2106476921874929,True
0.75,27,40333,1024,1689,212,34,246,1.921875,1.6494140625,6503,0.7938232421875,3445,0.5297554974627096,9403.9150390625,88.4052734375,8.397716640892977,0.04802983529732993,0.4205322265625,0.20749913828124988,0.21068667265625152,212,223,1.0518867924528301,8,2.375725900116144,8,2087,0.0,9413.10752688172,226,260,2.03125,0.2106476921874929,True
0.75,28,33248,1024,204,26,34,60,0.46875,0.19921875,7988,0.97509765625,3190,0.39934902353530294,9773.2666015625,79.8349609375,8.230406149669253,0.17303081588785435,0.389404296875,0.20749913828124988,0.21068667265625152,26,37,1.4230769230769231,375,2.4499843211037944,8,1805,0.0,10232.949897750512,29,63,0.4921875,0.2106476921874929,True
0.75,29,9680,1024,1423,178,34,212,1.65625,1.3896484375,6769,0.8262939453125,3013,0.4451174471856995,6309.603515625,62.04296875,10.130782910669138,0.046079008148370404,0.3677978515625,0.20749913828124988,0.21068667265625152,178,189,1.0617977528089888,17,2.7134794156706508,8,1726,0.0,6321.951076320939,190,224,1.75,0.2106476921874929,True
0.75,30,16805,1024,696,87,34,121,0.9453125,0.6796875,7496,0.9150390625,3262,0.43516542155816434,1916.2900390625,33.1962890625,15.306191187394685,0.11335908499261443,0.398193359375,0.20749913828124988,0.21068667265625152,87,98,1.1264367816091954,19,2.505673106409077,13,1823,0.0,1920.0401174168298,94,128,1.0,0.2106476921874929,True
0.75,31,14652,1024,868,109,34,143,1.1171875,0.84765625,7324,0.89404296875,3135,0.4280447842708902,956.7724609375,26.1845703125,18.32271694469189,0.30834280967555866,0.3826904296875,0.20749913828124988,0.21068667265625152,109,120,1.1009174311926606,20,2.60721123165284,16,1766,0.0,958.6448140900196,111,145,1.1328125,0.2106476921874929,True
0.75,32,15793,1024,1428,179,34,213,1.6640625,1.39453125,6764,0.82568359375,2564,0.3790656416321703,2474.4619140625,30.4228515625,14.19599587157909,0.2910965735246967,0.31298828125,0.20749913828124988,0.21068667265625152,179,190,1.0614525139664805,86,3.1607491221225126,6,1541,0.0,2498.8648915187377,190,224,1.75,0.2106476921874929,True
0.75,33,30210,1024,1624,203,34,237,1.8515625,1.5859375,6568,0.8017578125,2193,0.3338915956151035,3516.8896484375,31.8994140625,12.66921619456439,0.38940504964593636,0.2677001953125,0.20749913828124988,0.21068667265625152,203,214,1.0541871921182266,35,3.7208029197080292,6,1356,0.0,3530.6813725490197,218,252,1.96875,0.2106476921874929,True
0.75,34,47426,1024,1079,135,34,169,1.3203125,1.0537109375,7113,0.8682861328125,3403,0.4784197947420217,4960.125,59.236328125,11.175877395942065,0.041262873592381386,0.4154052734375,0.20749913828124988,0.21068667265625152,135,146,1.0814814814814815,9,2.4021164021164023,14,1947,0.0,4964.973607038123,148,182,1.421875,0.2106476921874929,True
0.75,35,20875,1024,2141,268,34,302,2.359375,2.0908203125,6051,0.7386474609375,2547,0.4209221616261775,2838.97265625,37.6953125,13.599191512574912,0.052378934247245115,0.3109130859375,0.20749913828124988,0.21068667265625152,268,279,1.041044776119403,11,3.2117046347211313,6,1581,0.0,2841.74780058651,287,321,2.5078125,0.2106476921874929,True
0.75,36,4161,1024,1059,133,34,167,1.3046875,1.0341796875,7133,0.8707275390625,3387,0.4748352726762933,10711.8583984375,84.5849609375,7.832155378258405,0.03506588779190258,0.4134521484375,0.20749913828124988,0.21068667265625152,133,144,1.0827067669172932,45,2.4054932073242763,13,2105,0.0,10764.419038272816,141,175,1.3671875,0.2106476921874929,True
0.75,37,40340,1024,1650,207,34,241,1.8828125,1.611328125,6542,0.798583984375,2710,0.4142464078263528,1839.3046875,33.330078125,15.484266832125595,0.30161944614455094,0.330810546875,0.20749913828124988,0.21068667265625152,207,218,1.0531400966183575,12,3.018826135105205,10,1591,0.0,1841.1026392961876,219,253,1.9765625,0.2106476921874929,True
0.75,38,28286,1024,1826,229,34,263,2.0546875,1.783203125,6366,0.777099609375,2750,0.4319824065347157,5403.62890625,51.798828125,10.803948446300062,0.16863316045147905,0.335693359375,0.20749913828124988,0.21068667265625152,229,240,1.0480349344978166,27,2.968715896689705,7,1706,0.0,5419.506366307542,243,277,2.1640625,0.2106476921874929,True
0.75,39,13256,1024,331,42,34,76,0.59375,0.3232421875,7861,0.9595947265625,3542,0.4505788067675868,2822.560546875,39.251953125,13.624370941002486,0.09515699989408638,0.432373046875,0.20749913828124988,0.21068667265625152,42,53,1.2619047619047619,19,2.3069754306693024,14,1755,0.0,2828.0841487279845,48,82,0.640625,0.2106476921874929,True
0.75,40,48934,1024,1471,184,34,218,1.703125,1.4365234375,6721,0.8204345703125,2812,0.4183901205177801,5970.74609375,57.072265625,10.37051757686111,0.08151105210403889,0.34326171875,0.20749913828124988,0.21068667265625152,184,195,1.059782608695652,38,2.8989683386695124,9,1850,0.0,5994.160784313725,201,235,1.8359375,0.2106476921874929,True
0.75,41,11935,1024,1159,145,34,179,1.3984375,1.1318359375,7033,0.8585205078125,3876,0.5511161666429688,4397.2333984375,59.8056640625,11.69900842948152,0.09208849991097237,0.47314453125,0.20749913828124988,0.21068667265625152,145,156,1.0758620689655172,18,2.1091612903225805,8,1956,0.0,4405.838551859099,158,192,1.5,0.2106476921874929,True
0.75,42,48447,1024,815,102,34,136,1.0625,0.7958984375,7377,0.9005126953125,3208,0.43486512132303107,1176.171875,24.380859375,17.426095706670004,0.13558422938185025,0.3916015625,0.20749913828124988,0.21068667265625152,102,113,1.107843137254902,19,2.547240411599626,11,1720,0.0,1178.4735812133072,111,145,1.1328125,0.2106476921874929,True
0.75,43,15492,1024,566,71,34,105,0.8203125,0.552734375,7626,0.930908203125,3662,0.4801993181222135,2582.4931640625,39.9970703125,14.010411802653573,0.07390108818206458,0.447021484375,0.20749913828124988,0.21068667265625152,71,82,1.1549295774647887,10,2.234635345534007,10,1921,0.0,2585.017595307918,79,113,0.8828125,0.2106476921874929,True
0.75,44,32513,1024,963,121,34,155,1.2109375,0.9404296875,7229,0.8824462890625,3342,0.46230460644625815,2213.9072265625,38.7177734375,14.679209429865232,0.21792292679518374,0.407958984375,0.20749913828124988,0.21068667265625152,121,132,1.0909090909090908,10,2.4480694402873393,11,1882,0.0,2216.071358748778,130,164,1.28125,0.2106476921874929,True
0.75,45,36099,1024,182,23,34,57,0.4453125,0.177734375,8010,0.977783203125,3695,0.4612983770287141,20628.193359375,125.9921875,4.986191672336784,0.0796352281268358,0.4510498046875,0.20749913828124988,0.21068667265625152,23,32,1.391304347826087,71,2.197888467785598,8,2022,0.0,20790.620078740158,27,61,0.4765625,0.2106476921874929,True
0.75,46,39260,1024,745,94,34,128,1.0,0.7275390625,7447,0.9090576171875,2329,0.3127433865986303,1063.5107421875,20.2451171875,17.863384799350456,0.2425017338326161,0.2843017578125,0.20749913828124988,0.21068667265625152,94,105,1.1170212765957446,175,3.4424398625429555,13,1394,0.0,1085.777666999003,97,131,1.0234375,0.2106476921874929,True
0.75,47,46517,1024,1278,160,34,194,1.515625,1.248046875,6914,0.843994140625,3146,0.4550188024298525,2337.5244140625,38.0615234375,14.443242053501981,0.21452322783867378,0.384033203125,0.20749913828124988,0.21068667265625152,160,171,1.06875,53,2.5875993640699524,9,1654,0.0,2351.301571709234,178,212,1.65625,0.2106476921874929,True
0.75,48,33095,1024,1955,245,34,279,2.1796875,1.9091796875,6237,0.7613525390625,3000,0.481000481000481,4094.890625,51.1875,12.008380546721643,0.11155821672898944,0.3662109375,0.20749913828124988,0.21068667265625152,245,256,1.0448979591836736,49,2.7145715238412804,16,1545,0.0,4119.025540275049,262,296,2.3125,0.2106476921874929,True
0.75,49,3,1024,1930,242,34,276,2.15625,1.884765625,6262,0.764404296875,2870,0.4583200255509422,3834.8876953125,52.4580078125,12.29327710710741,0.11894194934398254,0.350341796875,0.20749913828124988,0.21068667265625152,242,253,1.0454545454545454,58,2.8330428720808642,7,1869,0.0,3861.283185840708,261,295,2.3046875,0.2106476921874929,True
0.75,50,21683,1024,56,7,34,41,0.3203125,0.0546875,8136,0.9931640625,3620,0.4449360865290069,8453.6328125,77.029296875,8.860369807494427,0.025262870385614648,0.44189453125,0.20749913828124988,0.21068667265625152,7,15,2.142857142857143,10,2.25974025974026,8,2191,0.0,8461.896383186706,11,45,0.3515625,0.2106476921874929,True
0.75,51,13446,1024,1865,234,34,268,2.09375,1.8212890625,6327,0.7723388671875,3104,0.49059585901691166,5355.76171875,64.8515625,10.842591141362327,0.05145360474579932,0.37890625,0.20749913828124988,0.21068667265625152,234,245,1.047008547008547,18,2.633258137286497,8,1848,0.0,5366.242661448141,245,279,2.1796875,0.2106476921874929,True
0.75,52,49515,1024,1656,207,34,241,1.8828125,1.6171875,6536,0.7978515625,2826,0.43237454100367195,1492.0947265625,29.7978515625,16.39283965400509,0.18169100465168905,0.344970703125,0.20749913828124988,0.21068667265625152,207,218,1.0531400966183575,47,2.8828318584070796,7,1700,0.0,1499.4160942100098,223,257,2.0078125,0.2106476921874929,True
0.75,53,27943,1024,835,105,34,139,1.0859375,0.8154296875,7357,0.8980712890625,3521,0.4785918173168411,4563.9326171875,59.9794921875,11.537411370848517,0.1238969050662789,0.4298095703125,0.20749913828124988,0.21068667265625152,105,116,1.1047619047619048,11,2.3235795454545456,8,2005,0.0,4568.393939393939,112,146,1.140625,0.2106476921874929,True
0.75,54,29059,1024,948,119,34,153,1.1953125,0.92578125,7244,0.88427734375,3661,0.5053837658752071,8168.12109375,77.92578125,9.009581932536028,0.04604214570957392,0.4468994140625,0.20749913828124988,0.21068667265625152,119,130,1.0924369747899159,9,2.2352459016393444,9,1963,0.0,8176.105571847507,132,166,1.296875,0.2106476921874929,True
0.75,55,32738,1024,1000,125,34,159,1.2421875,0.9765625,7192,0.8779296875,2714,0.37736373748609564,1650.8515625,25.8515625,15.95372335748851,0.44595299593298626,0.331298828125,0.20749913828124988,0.21068667265625152,125,136,1.088,222,2.936232952451161,14,1394,0.0,1695.5586760280842,130,164,1.28125,0.2106476921874929,True
0.75,56,445,1024,2869,359,34,393,3.0703125,2.8017578125,5323,0.6497802734375,2343,0.44016532030809696,5273.951171875,54.759765625,10.909442562454235,0.04876004741986911,0.2860107421875,0.20749913828124988,0.21068667265625152,359,370,1.0306406685236769,33,3.482066609735269,6,1547,0.0,5294.633333333333,382,416,3.25,0.2106476921874929,True
0.75,57,32216,1024,1288,161,34,195,1.5234375,1.2578125,6904,0.8427734375,3312,0.4797219003476246,10503.388671875,79.548828125,7.917509242675905,0.04952136631287546,0.404296875,0.20749913828124988,0.21068667265625152,161,172,1.0683229813664596,22,2.4657203261854423,7,1855,0.0,10523.94324853229,172,206,1.609375,0.2106476921874929,True
0.75,58,18250,1024,1205,151,34,185,1.4453125,1.1767578125,6987,0.8529052734375,3530,0.505223987405181,1685.1640625,32.77734375,15.86438171998884,0.10072749295237958,0.430908203125,0.20749913828124988,0.21068667265625152,151,162,1.0728476821192052,30,2.312269764805894,11,1740,0.0,1690.1155729676786,164,198,1.546875,0.2106476921874929,True
0.75,59,1684,1024,776,97,34,131,1.0234375,0.7578125,7416,0.9052734375,3040,0.4099244875943905,2983.5009765625,39.3232421875,13.383541765340695,0.08537868624180706,0.37109375,0.20749913828124988,0.21068667265625152,97,108,1.1134020618556701,102,2.661072721289898,8,1778,0.0,3018.8784584980235,105,139,1.0859375,0.2106476921874929,True
0.75,60,2899,1024,1748,219,34,253,1.9765625,1.70703125,6444,0.78662109375,2679,0.41573556797020483,1731.0390625,35.060546875,15.747734926246444,0.17652089539013238,0.3270263671875,0.20749913828124988,0.21068667265625152,219,230,1.0502283105022832,12,3.0533980582524274,6,1719,0.0,1732.731182795699,236,270,2.109375,0.2106476921874929,True
0.75,61,39428,1024,103,13,34,47,0.3671875,0.1005859375,8089,0.9874267578125,3285,0.4061070589689702,6390.869140625,60.546875,10.07520435837944,0.11149820310182146,0.4010009765625,0.20749913828124988,0.21068667265625152,13,22,1.6923076923076923,5,2.4923873325213153,8,1973,,6390.869140625,17,51,0.3984375,0.2106476921874929,True
0.75,62,40758,1024,1724,216,34,250,1.953125,1.68359375,6468,0.78955078125,3432,0.5306122448979592,4947.224609375,60.697265625,11.187187326145535,0.07254053041966373,0.4189453125,0.20749913828124988,0.21068667265625152,216,227,1.0509259259259258,9,2.384436024482658,9,1777,0.0,4952.060606060606,233,267,2.0859375,0.2106476921874929,True
0.75,63,29154,1024,1246,156,34,190,1.484375,1.216796875,6946,0.847900390625,3426,0.49323351569248486,4945.1923828125,56.0185546875,11.188971692484284,0.09036909088655957,0.418212890625,0.20749913828124988,0.21068667265625152,156,167,1.0705128205128205,11,2.388029197080292,11,1825,0.0,4950.026392961877,170,204,1.59375,0.2106476921874929,True
0.75,64,43958,1024,1110,139,34,173,1.3515625,1.083984375,7082,0.864501953125,3492,0.4930810505506919,2307.962890625,42.5859375,14.498515392812507,0.12213170772819534,0.42626953125,0.20749913828124988,0.21068667265625152,139,150,1.079136690647482,9,2.343168146662847,7,1930,0.0,2310.218963831867,149,183,1.4296875,0.2106476921874929,True
0.75,65,33814,1024,563,71,34,105,0.8203125,0.5498046875,7629,0.9312744140625,3749,0.49141434001835105,18876.81640625,119.865234375,5.371516089239519,0.03267905360235897,0.4576416015625,0.20749913828124988,0.21068667265625152,71,82,1.1549295774647887,4,2.1843649946638206,9,2047,,18876.81640625,79,113,0.8828125,0.2106476921874929,True
0.75,66,34153,1024,1106,139,34,173,1.3515625,1.080078125,7086,0.864990234375,3060,0.43183742591024554,2738.8603515625,42.6142578125,13.755104717654474,0.14234170358386025,0.37353515625,0.20749913828124988,0.21068667265625152,139,150,1.079136690647482,54,2.6590389016018308,9,1800,0.0,2755.0029469548135,152,186,1.453125,0.2106476921874929,True
0.75,67,43609,1024,1015,127,34,161,1.2578125,0.9912109375,7177,0.8760986328125,3473,0.48390692489898285,13505.744140625,93.388671875,6.82561842891361,0.01509715916950569,0.4239501953125,0.20749913828124988,0.21068667265625152,127,138,1.0866141732283465,30,2.3505184331797233,7,1989,0.0,13545.428011753183,134,168,1.3125,0.2106476921874929,True
0.75,68,10762,1024,1013,127,34,161,1.2578125,0.9892578125,7179,0.8763427734375,3505,0.4882295584343223,3506.734375,47.642578125,12.681774902931426,0.060619868958192706,0.4278564453125,0.20749913828124988,0.21068667265625152,127,138,1.0866141732283465,87,2.3122146118721463,14,1825,0.0,3541.317554240631,134,168,1.3125,0.2106476921874929,True
0.75,69,17898,1024,1057,133,34,167,1.3046875,1.0322265625,7135,0.8709716796875,2840,0.39803784162578837,2009.244140625,30.1953125,15.100476503594486,0.26915972606780636,0.3466796875,0.20749913828124988,0.21068667265625152,133,144,1.0827067669172932,35,2.8721380767876012,10,1430,0.0,2017.1235294117646,143,177,1.3828125,0.2106476921874929,True
0.75,70,43653,1024,23,3,34,37,0.2890625,0.0224609375,8169,0.9971923828125,3401,0.41633002815522097,12073.0390625,84.744140625,7.3126375506701,0.00790703968032289,0.4151611328125,0.20749913828124988,0.21068667265625152,3,11,3.6666666666666665,39,2.3976470588235292,8,1925,0.0,12120.38431372549,6,40,0.3125,0.2106476921874929,True
0.75,71,14233,1024,1376,172,34,206,1.609375,1.34375,6816,0.83203125,3170,0.4650821596244131,3595.9306640625,45.0966796875,12.572690516958628,0.05684245337175621,0.386962890625,0.20749913828124988,0.21068667265625152,172,183,1.063953488372093,25,2.5765225623224994,9,1707,0.0,3606.4965719882466,181,215,1.6796875,0.2106476921874929,True
0.75,72,39520,1024,1981,248,34,282,2.203125,1.9345703125,6211,0.7581787109375,3339,0.5375945902431171,3654.5888671875,52.9404296875,12.50241833952911,0.040219079755257854,0.4075927734375,0.20749913828124988,0.21068667265625152,248,259,1.0443548387096775,126,2.4161174355901736,8,1786,0.0,3708.918731417245,267,301,2.3515625,0.2106476921874929,True
0.75,73,18138,1024,1458,183,34,217,1.6953125,1.423828125,6734,0.822021484375,2961,0.4397089397089397,2176.51953125,32.4765625,14.753177921651934,0.195010186765185,0.3614501953125,0.20749913828124988,0.21068667265625152,183,194,1.0601092896174864,20,2.760135135135135,11,1529,0.0,2180.778864970646,194,228,1.78125,0.2106476921874929,True
0.75,74,9212,1024,107,14,34,48,0.375,0.1044921875,8085,0.9869384765625,4341,0.5369202226345083,32762.5869140625,169.3056640625,2.97702174795812,0.013855718471770872,0.5299072265625,0.20749913828124988,0.21068667265625152,14,22,1.5714285714285714,45,1.876958525345622,36,1894,0.0,32923.34543670265,18,52,0.40625,0.2106476921874929,True
0.75,75,6456,1024,873,110,34,144,1.125,0.8525390625,7319,0.8934326171875,3285,0.44883180762399233,2390.1220703125,38.3134765625,14.34660278702492,0.12250961221266563,0.4010009765625,0.20749913828124988,0.21068667265625152,110,121,1.1,27,2.485688185140073,13,1805,0.0,2397.144955925563,121,155,1.2109375,0.2106476921874929,True
0.75,76,22948,1024,1298,163,34,197,1.5390625,1.267578125,6894,0.841552734375,2932,0.4252973600232086,2869.46484375,38.951171875,13.552794526627554,0.2968618304145684,0.35791015625,0.20749913828124988,0.21068667265625152,163,174,1.0674846625766872,22,2.785738655748891,7,1773,0.0,2875.0802348336597,176,210,1.640625,0.2106476921874929,True
0.75,77,7591,1024,2339,293,34,327,2.5546875,2.2841796875,5853,0.7144775390625,2544,0.43464889800102513,2051.609375,37.39453125,15.009856859248352,0.12676592648504564,0.310546875,0.20749913828124988,0.21068667265625152,293,304,1.0375426621160408,11,3.2154935116004717,6,1581,0.0,2053.6148582600194,311,345,2.6953125,0.2106476921874929,True
0.75,78,29996,1024,1561,196,34,230,1.796875,1.5244140625,6631,0.8094482421875,2876,0.43372040416226815,6387.6259765625,64.1025390625,10.07740882498302,0.14670412167665692,0.35107421875,0.20749913828124988,0.21068667265625152,196,207,1.0561224489795917,52,2.829565217391304,7,1765,0.0,6425.274066797642,207,241,1.8828125,0.2106476921874929,True
0.75,79,10378,1024,861,108,34,142,1.109375,0.8408203125,7331,0.8948974609375,2745,0.3744373209657618,3834.263671875,39.921875,12.293983860496686,0.046992830590078825,0.3350830078125,0.20749913828124988,0.21068667265625152,108,119,1.1018518518518519,47,2.9668367346938775,8,1777,0.0,3853.0775269872424,115,149,1.1640625,0.2106476921874929,True
0.75,80,27337,1024,1214,152,34,186,1.453125,1.185546875,6978,0.851806640625,3151,0.45156205216394385,5890.5576171875,61.9267578125,10.429239525655412,0.16418445511664775,0.3846435546875,0.20749913828124988,0.21068667265625152,152,163,1.0723684210526316,22,2.593015873015873,7,2008,0.0,5902.085127201565,158,192,1.5,0.2106476921874929,True
0.75,81,19965,1024,1383,173,34,207,1.6171875,1.3505859375,6809,0.8311767578125,3123,0.4586576589807608,7204.4638671875,63.9111328125,9.554786933008865,0.04362544225684491,0.3812255859375,0.20749913828124988,0.21068667265625152,173,184,1.0635838150289016,30,2.6137091607943628,8,1851,0.0,7225.632713026444,185,219,1.7109375,0.2106476921874929,True
0.75,82,24405,1024,1570,197,34,231,1.8046875,1.533203125,6622,0.808349609375,2830,0.4273633343400785,3156.9365234375,41.1767578125,13.138145112525292,0.11457324401323737,0.345458984375,0.20749913828124988,0.21068667265625152,197,208,1.0558375634517767,12,2.890774125132556,6,1695,0.0,3160.0224828934506,209,243,1.8984375,0.2106476921874929,True
0.75,83,45135,1024,1189,149,34,183,1.4296875,1.1611328125,7003,0.8548583984375,3557,0.5079251749250321,11308.0087890625,88.3115234375,7.5969422349826505,0.10741717237646084,0.4342041015625,0.20749913828124988,0.21068667265625152,149,160,1.0738255033557047,36,2.291619797525309,14,1969,0.0,11352.353921568627,165,199,1.5546875,0.2106476921874929,True
0.75,84,11274,1024,457,58,34,92,0.71875,0.4462890625,7735,0.9442138671875,3163,0.40892049127343244,5260.935546875,53.001953125,10.920173796957265,0.06655033254101336,0.3861083984375,0.20749913828124988,0.21068667265625152,58,69,1.1896551724137931,43,2.5759013282732446,8,1868,0.0,5286.749754661433,64,98,0.765625,0.2106476921874929,True
0.75,85,1941,1024,826,104,34,138,1.078125,0.806640625,7366,0.899169921875,3575,0.4853380396415965,1057.4013671875,26.1220703125,17.888404932690246,0.2120523034789656,0.4364013671875,0.20749913828124988,0.21068667265625152,104,115,1.1057692307692308,19,2.285394515948517,19,1619,0.0,1059.4706457925636,114,148,1.15625,0.2106476921874929,True
0.75,86,48940,1024,2136,267,34,301,2.3515625,2.0859375,6056,0.7392578125,2343,0.38688903566710703,1425.1064453125,29.1455078125,16.59233056603854,0.10662292009717768,0.2860107421875,0.20749913828124988,0.21068667265625152,267,278,1.0411985018726593,10,3.4923142613151152,6,1490,0.0,1426.4995112414467,288,322,2.515625,0.2106476921874929,True
0.75,87,36794,1024,1088,136,34,170,1.328125,1.0625,7104,0.8671875,3537,0.4978885135135135,14648.3046875,100.376953125,6.472929960731943,0.04131486121329873,0.4317626953125,0.20749913828124988,0.21068667265625152,136,147,1.0808823529411764,61,2.2975113122171944,13,1894,0.0,14749.128810226155,147,181,1.4140625,0.2106476921874929,True
0.75,88,21994,1024,967,121,34,155,1.2109375,0.9443359375,7225,0.8819580078125,3472,0.4805536332179931,3505.125,50.759765625,12.68376850450472,0.05652835498048427,0.423828125,0.20749913828124988,0.21068667265625152,121,132,1.0909090909090908,51,2.345145491212907,13,1866,0.0,3525.7838899803537,131,165,1.2890625,0.2106476921874929,True
0.75,89,49944,1024,882,111,34,145,1.1328125,0.861328125,7310,0.892333984375,3531,0.48303693570451434,3376.1806640625,43.5673828125,12.846546825985063,0.12671869565949698,0.4310302734375,0.20749913828124988,0.21068667265625152,111,122,1.0990990990990992,46,2.307082152974504,16,1778,0.0,3392.7468105986263,120,154,1.203125,0.2106476921874929,True
0.75,90,43442,1024,797,100,34,134,1.046875,0.7783203125,7395,0.9027099609375,2196,0.2969574036511156,402.7841796875,13.2529296875,22.080079566063645,0.608204661841286,0.26806640625,0.20749913828124988,0.21068667265625152,100,111,1.11,119,3.6760820045558087,11,1445,0.0,408.3673267326733,105,139,1.0859375,0.2106476921874929,True
0.75,91,45096,1024,1258,158,34,192,1.5,1.228515625,6934,0.846435546875,2774,0.4000576867608884,1023.15234375,23.720703125,18.03140057435236,0.23385601849208246,0.338623046875,0.20749913828124988,0.21068667265625152,158,169,1.0696202531645569,20,2.9466282005048683,7,1623,0.0,1025.1545988258317,166,200,1.5625,0.2106476921874929,True
0.75,92,42430,1024,904,113,34,147,1.1484375,0.8828125,7288,0.8896484375,3161,0.43372667398463227,318.421875,12.888671875,23.10077465541408,0.3981947933157579,0.3858642578125,0.20749913828124988,0.21068667265625152,113,124,1.0973451327433628,38,2.579113924050633,24,1402,0.0,319.67058823529413,118,152,1.1875,0.2106476921874929,True
0.75,93,42255,1024,1016,127,34,161,1.2578125,0.9921875,7176,0.8759765625,3812,0.5312151616499443,2139.1396484375,40.6435546875,14.828412235305457,0.20138812395012792,0.46533203125,0.20749913828124988,0.21068667265625152,127,138,1.0866141732283465,188,2.0997113618472842,16,1777,0.0,2188.2907092907094,139,173,1.3515625,0.2106476921874929,True
0.75,94,5771,1024,1346,169,34,203,1.5859375,1.314453125,6846,0.835693359375,3722,0.5436751387671633,24356.21875,135.69921875,4.264704949479276,0.03454331513666798,0.454345703125,0.20749913828124988,0.21068667265625152,169,180,1.0650887573964498,23,2.193765116904058,12,1720,0.0,24403.882583170256,180,214,1.671875,0.2106476921874929,True
0.75,95,8320,1024,1429,179,34,213,1.6640625,1.3955078125,6763,0.8255615234375,3051,0.45113115481295285,2141.9345703125,38.4208984375,14.822741605654617,0.08708217176019857,0.3724365234375,0.20749913828124988,0.21068667265625152,179,190,1.0614525139664805,18,2.678688524590164,18,1828,0.0,2146.1262230919765,192,226,1.765625,0.2106476921874929,True
0.75,96,48807,1024,2068,259,34,293,2.2890625,2.01953125,6124,0.74755859375,2819,0.46032005225342915,2569.787109375,41.30078125,14.03183214600168,0.09040662926520043,0.3441162109375,0.20749913828124988,0.21068667265625152,259,270,1.0424710424710424,18,2.8977998580553583,8,1683,0.0,2574.816046966732,274,308,2.40625,0.2106476921874929,True
0.75,97,2675,1024,495,62,34,96,0.75,0.4833984375,7697,0.9395751953125,2891,0.3756008834610887,1729.4609375,27.693359375,15.751696036067372,0.3204542920914506,0.3529052734375,0.20749913828124988,0.21068667265625152,62,73,1.1774193548387097,98,2.7993079584775087,8,1670,0.0,1749.9683794466403,68,102,0.796875,0.2106476921874929,True
0.75,98,37658,1024,29,4,34,38,0.296875,0.0283203125,8163,0.9964599609375,3751,0.45951243415411,16516.265625,99.388671875,5.9516850201132785,0.02234119499336136,0.4578857421875,0.20749913828124988,0.21068667265625152,4,12,3.0,19,2.178933333333333,15,1912,0.0,16548.587084148727,7,41,0.3203125,0.2106476921874929,True
0.75,99,45710,1024,764,96,34,130,1.015625,0.74609375,7428,0.90673828125,3928,0.5288099084544965,15606.2119140625,116.5966796875,6.197828610384178,0.06851365161250668,0.4794921875,0.20749913828124988,0.21068667265625152,96,107,1.1145833333333333,17,2.0802139037433154,13,2055,0.0,15636.752446183953,104,138,1.078125,0.2106476921874929,True
0.75,100,15813,1024,1091,137,34,171,1.3359375,1.0654296875,7101,0.8668212890625,2911,0.4099422616532883,752.9912109375,18.0322265625,19.362904538088053,0.260799583633089,0.3553466796875,0.20749913828124988,0.21068667265625152,137,148,1.0802919708029197,123,2.7711340206185566,9,1466,0.0,764.1853320118929,148,182,1.421875,0.2106476921874929,True
0.75,101,7135,1024,862,108,34,142,1.109375,0.841796875,7330,0.894775390625,3561,0.48581173260572985,2046.2490234375,40.0166015625,15.021218757128148,0.1962332872751736,0.4346923828125,0.20749913828124988,0.21068667265625152,108,119,1.1018518518518519,12,2.296629213483146,15,1931,0.0,2048.24926686217,118,152,1.1875,0.2106476921874929,True
0.75,102,31775,1024,923,116,34,150,1.171875,0.9013671875,7269,0.8873291015625,3248,0.4468289998624295,1645.4794921875,34.1943359375,15.967878868691226,0.22492458994485978,0.396484375,0.20749913828124988,0.21068667265625152,116,127,1.0948275862068966,9,2.5195565137049583,15,1952,0.0,1647.0879765395894,126,160,1.25,0.2106476921874929,True
0.75,103,31772,1024,1196,150,34,184,1.4375,1.16796875,6996,0.85400390625,3572,0.5105774728416238,5015.7626953125,56.5048828125,11.127433798064647,0.027007167784211927,0.43603515625,0.20749913828124988,0.21068667265625152,150,161,1.0733333333333333,41,2.281993839260711,15,1827,0.0,5040.373895976448,160,194,1.515625,0.2106476921874929,True
0.75,104,25160,1024,793,100,34,134,1.046875,0.7744140625,7399,0.9031982421875,3655,0.49398567373969454,1454.578125,29.552734375,16.50343308818544,0.21785531533996677,0.4461669921875,0.20749913828124988,0.21068667265625152,100,111,1.11,20,2.235632183908046,15,1705,0.0,1457.4246575342465,106,140,1.09375,0.2106476921874929,True
0.75,105,36108,1024,873,110,34,144,1.125,0.8525390625,7319,0.8934326171875,3250,0.44404973357015987,4769.642578125,59.29296875,11.345945252583967,0.1035356938758328,0.396728515625,0.20749913828124988,0.21068667265625152,110,121,1.1,54,2.502923976608187,8,1989,0.0,4797.75442043222,106,140,1.09375,0.2106476921874929,True
0.75,106,1260,1024,1307,164,34,198,1.546875,1.2763671875,6885,0.8404541015625,2618,0.3802469135802469,4067.4892578125,44.8095703125,12.037539462237135,0.07423146715411862,0.319580078125,0.20749913828124988,0.21068667265625152,164,175,1.0670731707317074,20,3.1203668322506686,7,1711,0.0,4075.4491193737767,177,211,1.6484375,0.2106476921874929,True
0.75,107,37885,1024,2020,253,34,287,2.2421875,1.97265625,6172,0.75341796875,2694,0.4364873622812703,5001.9169921875,54.8662109375,11.13943880617379,0.06752121288944311,0.328857421875,0.20749913828124988,0.21068667265625152,253,264,1.0434782608695652,85,3.0096546602302263,9,1752,0.0,5051.245562130178,269,303,2.3671875,0.2106476921874929,True
0.75,108,41535,1024,92,12,34,46,0.359375,0.08984375,8100,0.98876953125,3542,0.4372839506172839,19346.55859375,122.642578125,5.264766378523249,0.08928054790446523,0.432373046875,0.20749913828124988,0.21068667265625152,12,20,1.6666666666666667,127,2.2705450437729455,11,1933,0.0,19634.168483647176,15,49,0.3828125,0.2106476921874929,True
0.75,109,44889,1024,500,63,34,97,0.7578125,0.48828125,7692,0.93896484375,3623,0.4710088403536141,4321.1123046875,50.4326171875,11.774848071990629,0.05441616844201378,0.4422607421875,0.20749913828124988,0.21068667265625152,63,74,1.1746031746031746,55,2.2459966869133074,15,1926,0.0,4346.5805500982315,70,104,0.8125,0.2106476921874929,True
0.75,110,28184,1024,3699,463,34,497,3.8828125,3.6123046875,4493,0.5484619140625,1635,0.36389939906521257,2792.84765625,37.298828125,13.670331143378478,0.0428766227198695,0.1995849609375,0.20749913828124988,0.21068667265625152,463,474,1.0237580993520519,9,5.005507955936353,4,1228,0.0,2795.5777126099706,482,516,4.03125,0.2106476921874929,True
0.75,111,25319,1024,1380,173,34,207,1.6171875,1.34765625,6812,0.83154296875,3271,0.4801820317087493,2576.6162109375,42.6416015625,14.02030626013092,0.05227999619291582,0.3992919921875,0.20749913828124988,0.21068667265625152,173,184,1.0635838150289016,11,2.5,8,1789,0.0,2579.1348973607037,185,219,1.7109375,0.2106476921874929,True
0.75,112,11010,1024,910,114,34,148,1.15625,0.888671875,7282,0.888916015625,3787,0.520049436967866,7982.8134765625,79.1240234375,9.109243790409307,0.09596961458119506,0.4622802734375,0.20749913828124988,0.21068667265625152,114,125,1.0964912280701755,36,2.1531959852086633,14,1890,0.0,8014.11862745098,124,158,1.234375,0.2106476921874929,True
0.75,113,33880,1024,330,42,34,76,0.59375,0.322265625,7862,0.959716796875,3249,0.4132536250317985,1778.767578125,31.267578125,15.629611559723545,0.1252006237446158,0.3966064453125,0.20749913828124988,0.21068667265625152,42,53,1.2619047619047619,8,2.519396551724138,9,1783,0.0,1780.5063538611926,44,78,0.609375,0.2106476921874929,True
0.75,114,19307,1024,758,95,34,129,1.0078125,0.740234375,7434,0.907470703125,3271,0.44000538068334677,1776.6005859375,34.5947265625,15.634905598610482,0.16742679573100308,0.3992919921875,0.20749913828124988,0.21068667265625152,95,106,1.1157894736842104,55,2.4874617737003057,7,1919,0.0,1787.0717092337918,101,135,1.0546875,0.2106476921874929,True
0.75,115,12236,1024,177,23,34,57,0.4453125,0.1728515625,8015,0.9783935546875,2199,0.2743605739238927,6051.4521484375,44.1123046875,10.312207573925527,0.07332783385825313,0.2684326171875,0.20749913828124988,0.21068667265625152,23,32,1.391304347826087,31,3.7124658780709736,8,1396,0.0,6069.233104799217,25,59,0.4609375,0.2106476921874929,True
0.75,116,13805,1024,1559,195,34,229,1.7890625,1.5224609375,6633,0.8096923828125,3209,0.4837931554349465,12703.509765625,102.396484375,7.091566350884095,0.06711162656143144,0.3917236328125,0.20749913828124988,0.21068667265625152,195,206,1.0564102564102564,9,2.550498753117207,7,1976,0.0,12715.927663734115,210,244,1.90625,0.2106476921874929,True
0.75,117,5814,1024,763,96,34,130,1.015625,0.7451171875,7429,0.9068603515625,3154,0.42455242966751916,5065.384765625,52.84765625,11.08467920995678,0.07081198810117799,0.385009765625,0.20749913828124988,0.21068667265625152,96,107,1.1145833333333333,37,2.585791309863622,9,1876,0.0,5085.249019607843,102,136,1.0625,0.2106476921874929,True
0.75,118,48485,1024,1227,154,34,188,1.46875,1.1982421875,6965,0.8502197265625,3262,0.46834170854271356,5104.2626953125,56.5478515625,11.051473432369374,0.05758810338498368,0.398193359375,0.20749913828124988,0.21068667265625152,154,165,1.0714285714285714,19,2.505673106409077,12,1904,0.0,5114.251467710372,164,198,1.546875,0.2106476921874929,True
0.75,119,12248,1024,149,19,34,53,0.4140625,0.1455078125,8043,0.9818115234375,3334,0.4145219445480542,14546.9853515625,94.6552734375,6.50307359355799,0.041736898293081,0.406982421875,0.20749913828124988,0.21068667265625152,19,28,1.4736842105263157,13,2.4524452445244522,9,1920,0.0,14561.205278592375,23,57,0.4453125,0.2106476921874929,True
0.75,120,458,1024,894,112,34,146,1.140625,0.873046875,7298,0.890869140625,3699,0.5068511921074267,3796.69140625,50.326171875,12.33675061597273,0.06796854593451408,0.4515380859375,0.20749913828124988,0.21068667265625152,112,123,1.0982142857142858,16,2.210383991346674,12,1896,0.0,3804.1213307240705,119,153,1.1953125,0.2106476921874929,True
0.75,121,319,1024,1764,221,34,255,1.9921875,1.72265625,6428,0.78466796875,2844,0.44243932794026136,13321.22265625,91.55859375,6.885362735340826,0.01649161366790299,0.34716796875,0.20749913828124988,0.21068667265625152,221,232,1.0497737556561086,22,2.8719662328526203,15,1772,0.0,13347.291585127201,236,270,2.109375,0.2106476921874929,True
0.75,122,21496,1024,1236,155,34,189,1.4765625,1.20703125,6956,0.84912109375,2961,0.42567567567567566,5041.380859375,50.623046875,11.105308527023475,0.10607300628282826,0.3614501953125,0.20749913828124988,0.21068667265625152,155,166,1.070967741935484,44,2.752027027027027,12,1738,0.0,5066.117762512267,164,198,1.546875,0.2106476921874929,True
0.75,123,20390,1024,1162,146,34,180,1.40625,1.134765625,7030,0.858154296875,3478,0.49473684210526314,5905.9072265625,68.2431640625,10.417937403364512,0.12054315046129034,0.424560546875,0.20749913828124988,0.21068667265625152,146,157,1.0753424657534247,27,2.348001150417026,7,2223,0.0,5923.260528893242,156,190,1.484375,0.2106476921874929,True
0.75,124,33691,1024,944,118,34,152,1.1875,0.921875,7248,0.884765625,3911,0.5395971302428256,2830.53515625,46.6484375,13.612118075223867,0.08964151864459623,0.4774169921875,0.20749913828124988,0.21068667265625152,118,129,1.0932203389830508,21,2.088746803069054,8,2069,0.0,2836.074363992172,127,161,1.2578125,0.2106476921874929,True
0.75,125,33872,1024,1405,176,34,210,1.640625,1.3720703125,6787,0.8284912109375,3301,0.4863710033888316,4955.1552734375,57.8193359375,11.180230928961565,0.08576739080124085,0.4029541015625,0.20749913828124988,0.21068667265625152,176,187,1.0625,12,2.4775757575757575,10,1964,0.0,4959.999022482893,187,221,1.7265625,0.2106476921874929,True
0.75,126,46987,1024,738,93,34,127,0.9921875,0.720703125,7454,0.909912109375,3829,0.5136839280922995,2592.890625,44.837890625,13.992961634046917,0.3348736317168771,0.4674072265625,0.20749913828124988,0.21068667265625152,93,104,1.118279569892473,18,2.1350574712643677,20,1992,0.0,2597.9647749510764,101,135,1.0546875,0.2106476921874929,True
0.75,127,26772,1024,2074,260,34,294,2.296875,2.025390625,6118,0.746826171875,2643,0.4320039228506048,3559.1865234375,44.3623046875,12.617296125445916,0.10479381405165214,0.3226318359375,0.20749913828124988,0.21068667265625152,260,271,1.0423076923076924,211,3.0196820590461773,7,1638,0.0,3651.9108216432865,274,308,2.40625,0.2106476921874929,True
0.75,128,7057,1024,1473,185,34,219,1.7109375,1.4384765625,6719,0.8201904296875,2967,0.44158356898347967,7711.072265625,69.158203125,9.259655876593662,0.0870924760635398,0.3621826171875,0.20749913828124988,0.21068667265625152,185,196,1.0594594594594595,21,2.7545515846257587,7,1828,0.0,7726.162426614482,194,228,1.78125,0.2106476921874929,True
0.75,129,30014,1024,2360,295,34,329,2.5703125,2.3046875,5832,0.7119140625,2762,0.4735939643347051,13659.4091796875,99.1357421875,6.776484459697372,0.03034490635515639,0.337158203125,0.20749913828124988,0.21068667265625152,295,306,1.0372881355932204,18,2.9576240492575154,8,1611,0.0,13686.139921722113,315,349,2.7265625,0.2106476921874929,True
0.75,130,48237,1024,1621,203,34,237,1.8515625,1.5830078125,6571,0.8021240234375,2434,0.37041546187794855,813.2333984375,22.0380859375,19.0286515462638,0.1447899774882676,0.297119140625,0.20749913828124988,0.21068667265625152,203,214,1.0541871921182266,49,3.346074804767776,6,1557,0.0,818.0265225933202,217,251,1.9609375,0.2106476921874929,True
0.75,131,4823,1024,946,119,34,153,1.1953125,0.923828125,7246,0.884521484375,3605,0.4975158708252829,10142.3779296875,87.4150390625,8.069405714851039,0.11063323088143716,0.4400634765625,0.20749913828124988,0.21068667265625152,119,130,1.0924369747899159,29,2.264428412874584,15,2066,0.0,10172.179236043095,127,161,1.2578125,0.2106476921874929,True
0.75,132,26627,1024,1400,175,34,209,1.6328125,1.3671875,6792,0.8291015625,3146,0.4631919905771496,2278.0458984375,38.9384765625,14.55517890801158,0.1455745971235808,0.384033203125,0.20749913828124988,0.21068667265625152,175,186,1.062857142857143,51,2.5879173290938,12,1771,0.0,2291.472495088409,190,224,1.75,0.2106476921874929,True
0.75,133,12293,1024,4090,512,34,546,4.265625,3.994140625,4102,0.500732421875,1763,0.42979034617259876,1731.5625,31.5078125,15.746421890279125,0.0994764622712432,0.2152099609375,0.20749913828124988,0.21068667265625152,512,523,1.021484375,11,4.639046538024972,5,1114,0.0,1733.2551319648094,532,566,4.421875,0.2106476921874929,True
0.75,134,32803,1024,1006,126,34,160,1.25,0.982421875,7186,0.877197265625,2684,0.37350403562482604,585.60546875,18.12890625,20.45475237085235,0.24707428058804212,0.32763671875,0.20749913828124988,0.21068667265625152,126,137,1.0873015873015872,34,3.0398807305255313,11,1607,0.0,587.9019607843137,139,173,1.3515625,0.2106476921874929,True
0.75,135,41882,1024,1284,161,34,195,1.5234375,1.25390625,6908,0.84326171875,3314,0.4797336421540243,10481.43359375,83.845703125,7.926596737092369,0.2426662150202728,0.404541015625,0.20749913828124988,0.21068667265625152,161,172,1.0683229813664596,29,2.46272260790824,8,1821,0.0,10512.231145935357,172,206,1.609375,0.2106476921874929,True
0.75,136,10235,1024,1015,127,34,161,1.2578125,0.9912109375,7177,0.8760986328125,3603,0.5020203427615996,9658.6533203125,91.2197265625,8.281637827265044,0.11764938439317527,0.4398193359375,0.20749913828124988,0.21068667265625152,127,138,1.0866141732283465,25,2.2662409772348697,7,2334,0.0,9687.033300685602,137,171,1.3359375,0.2106476921874929,True
0.75,137,30033,1024,1184,148,34,182,1.421875,1.15625,7008,0.85546875,3042,0.4340753424657534,4397.1435546875,49.3408203125,11.699097164920238,0.09265630689306188,0.371337890625,0.20749913828124988,0.21068667265625152,148,159,1.0743243243243243,20,2.686616244656363,8,1812,0.0,4405.748532289628,158,192,1.5,0.2106476921874929,True
0.75,138,20042,1024,743,93,34,127,0.9921875,0.7255859375,7449,0.9093017578125,3879,0.5207410390656464,6783.6474609375,71.2607421875,9.816170908627381,0.04654608058089275,0.4735107421875,0.20749913828124988,0.21068667265625152,93,104,1.118279569892473,19,2.1070139247034554,11,2051,0.0,6796.922700587084,101,135,1.0546875,0.2106476921874929,True
0.75,139,29399,1024,143,18,34,52,0.40625,0.1396484375,8049,0.9825439453125,3869,0.48068082991675987,15078.0498046875,107.8935546875,6.347351873602389,0.121764403078316,0.4722900390625,0.20749913828124988,0.21068667265625152,18,27,1.5,11,2.1145294725956565,9,2106,0.0,15092.788856304986,23,57,0.4453125,0.2106476921874929,True
0.75,140,6463,1024,1606,201,34,235,1.8359375,1.568359375,6586,0.803955078125,3278,0.49772244154266626,3192.80859375,45.443359375,13.089074771451942,0.025475530233827797,0.400146484375,0.20749913828124988,0.21068667265625152,201,212,1.054726368159204,11,2.4952700640830026,11,1787,0.0,3195.9296187683285,215,249,1.9453125,0.2106476921874929,True
0.75,141,25920,1024,923,116,34,150,1.171875,0.9013671875,7269,0.8873291015625,2583,0.3553446141147338,1435.0595703125,25.1806640625,16.56210431560245,0.4762546029006912,0.3153076171875,0.20749913828124988,0.21068667265625152,116,127,1.0948275862068966,38,3.1576297443841983,7,1574,0.0,1440.6872549019608,127,161,1.2578125,0.2106476921874929,True
0.75,142,10327,1024,186,24,34,58,0.453125,0.181640625,8006,0.977294921875,4099,0.5119910067449412,21672.7705078125,138.9833984375,4.771659285815007,0.04480952221459872,0.5003662109375,0.20749913828124988,0.21068667265625152,24,33,1.375,12,1.995851634943875,9,2203,0.0,21693.956011730206,29,63,0.4921875,0.2106476921874929,True
0.75,143,3805,1024,1158,145,34,179,1.3984375,1.130859375,7034,0.858642578125,3021,0.42948535683821437,1454.298828125,29.451171875,16.50426706702987,0.08188376260208055,0.3687744140625,0.20749913828124988,0.21068667265625152,145,156,1.0758620689655172,76,2.6857615894039735,7,1690,0.0,1467.1940886699508,159,193,1.5078125,0.2106476921874929,True
0.75,144,37879,1024,860,108,34,142,1.109375,0.83984375,7332,0.89501953125,3557,0.48513366066557556,8390.5185546875,85.2138671875,8.89291558742419,0.22819497689961513,0.4342041015625,0.20749913828124988,0.21068667265625152,108,119,1.1018518518518519,35,2.293588301462317,16,2166,0.0,8423.422549019608,115,149,1.1640625,0.2106476921874929,True
0.75,145,22721,1024,1403,176,34,210,1.640625,1.3701171875,6789,0.8287353515625,3077,0.45323317130652524,3003.6142578125,42.1767578125,13.354362036610581,0.07774621238572091,0.3756103515625,0.20749913828124988,0.21068667265625152,176,187,1.0625,28,2.6524707412223667,8,1767,0.0,3012.439764936337,189,223,1.7421875,0.2106476921874929,True
0.75,146,43932,1024,1041,131,34,165,1.2890625,1.0166015625,7151,0.8729248046875,3178,0.444413368759614,10307.1201171875,80.9287109375,7.999430236083876,-0.024636146437517055,0.387939453125,0.20749913828124988,0.21068667265625152,131,142,1.083969465648855,35,2.5662574756059175,9,1933,0.0,10347.540196078431,143,177,1.3828125,0.2106476921874929,True
0.75,147,47270,1024,3289,412,34,446,3.484375,3.2119140625,4903,0.5985107421875,2359,0.48113399959208647,2989.8154296875,47.9267578125,13.37435982022539,0.056249104112695805,0.2879638671875,0.20749913828124988,0.21068667265625152,412,423,1.0266990291262137,27,3.4614079728583547,8,1452,0.0,2998.6003917727717,428,462,3.609375,0.2106476921874929,True
0.75,148,11091,1024,2082,261,34,295,2.3046875,2.033203125,6110,0.745849609375,2784,0.45564648117839607,5127.140625,62.314453125,11.032051316225623,0.11019847124121727,0.33984375,0.20749913828124988,0.21068667265625152,261,272,1.0421455938697317,17,2.936399568810636,6,2031,0.0,5137.174168297456,274,308,2.40625,0.2106476921874929,True
0.75,149,9736,1024,857,108,34,142,1.109375,0.8369140625,7335,0.8953857421875,3259,0.44430811179277435,1040.505859375,25.453125,17.95835830681567,0.14401824131524046,0.3978271484375,0.20749913828124988,0.21068667265625152,108,119,1.1018518518518519,29,2.5046040515653774,13,1603,0.0,1043.5631733594514,117,151,1.1796875,0.2106476921874929,True
0.75,150,23206,1024,329,42,34,76,0.59375,0.3212890625,7863,0.9598388671875,3482,0.4428335241002162,5573.7275390625,55.4208984375,10.669346256211899,0.16101722926429105,0.425048828125,0.20749913828124988,0.21068667265625152,42,51,1.2142857142857142,29,2.34472852628555,9,1989,0.0,5590.104799216454,47,81,0.6328125,0.2106476921874929,True
0.75,151,25039,1024,624,78,34,112,0.875,0.609375,7568,0.923828125,3614,0.4775369978858351,3089.5068359375,44.0283203125,13.23191200382971,0.09048809873481052,0.441162109375,0.20749913828124988,0.21068667265625152,78,89,1.141025641025641,9,2.2646000553556602,13,1784,0.0,3092.52688172043,86,120,0.9375,0.2106476921874929,True
0.75,152,21014,1024,185,24,34,58,0.453125,0.1806640625,8007,0.9774169921875,2954,0.36892718870987884,16960.44140625,95.02734375,5.836432100106546,0.037121083895285116,0.360595703125,0.21393251562500382,0.22388617812499945,24,33,1.375,87,2.744327802235015,8,1636,0.0,17127.704142011833,28,62,0.484375,0.22405332656249755,True
0.75,153,32412,1024,530,67,34,101,0.7890625,0.517578125,7662,0.935302734375,3454,0.4507961367789089,3056.744140625,46.197265625,13.278212724738651,0.10969432324090236,0.421630859375,0.21393251562500382,0.22388617812499945,67,78,1.164179104477612,10,2.369244135534318,7,1906,0.0,3059.7321603128053,73,107,0.8359375,0.22405332656249755,True
0.75,154,34022,1024,827,104,34,138,1.078125,0.8076171875,7365,0.8990478515625,2867,0.3892735913102512,887.892578125,20.96484375,18.647199351226195,0.24734926846546954,0.3499755859375,0.21393251562500382,0.22388617812499945,104,115,1.1057692307692308,29,2.847522679692952,16,1629,0.0,890.5014691478942,113,147,1.1484375,0.22405332656249755,True
0.75,155,21369,1024,1427,179,34,213,1.6640625,1.3935546875,6765,0.8258056640625,2793,0.412860310421286,3767.498046875,43.517578125,12.370273250256682,0.17375924859559405,0.3409423828125,0.21393251562500382,0.22388617812499945,179,190,1.0614525139664805,119,2.891117478510029,6,1904,0.0,3819.720792079208,190,224,1.75,0.22405332656249755,True
0.75,156,41654,1024,1229,154,34,188,1.46875,1.2001953125,6963,0.8499755859375,3089,0.4436306189860692,3565.5986328125,43.8134765625,12.609479063149475,0.08730805568891127,0.3770751953125,0.21393251562500382,0.22388617812499945,154,165,1.0714285714285714,58,2.633743523316062,9,1828,0.0,3590.1406096361848,168,202,1.578125,0.22405332656249755,True
0.75,157,11953,1024,106,14,34,48,0.375,0.103515625,8086,0.987060546875,3862,0.47761563195646795,24253.9931640625,139.1689453125,4.282971100388969,0.06909436871361495,0.471435546875,0.21393251562500382,0.22388617812499945,14,23,1.6428571428571428,14,2.1173271173271173,8,2011,0.0,24277.701857282504,17,51,0.3984375,0.22405332656249755,True
0.75,158,13700,1024,1313,165,34,199,1.5546875,1.2822265625,6879,0.8397216796875,3853,0.5601104811745893,9449.7021484375,80.5556640625,8.376622409648503,0.006282569523556073,0.4703369140625,0.21393251562500382,0.22388617812499945,165,176,1.0666666666666667,28,2.118899273104881,14,1857,0.0,9477.468168462292,175,209,1.6328125,0.22405332656249755,True
0.75,159,38205,1024,822,103,34,137,1.0703125,0.802734375,7370,0.899658203125,3110,0.42198100407055633,5794.880859375,53.318359375,10.500358494117648,0.13425899362376817,0.379638671875,0.21393251562500382,0.22388617812499945,103,114,1.1067961165048543,21,2.6272113219684785,10,1712,0.0,5806.221135029355,110,144,1.125,0.22405332656249755,True
0.75,160,40129,1024,1394,175,34,209,1.6328125,1.361328125,6798,0.829833984375,2216,0.32597822889085026,463.5322265625,17.0419921875,21.470004274969277,0.344382788510022,0.2705078125,0.21393251562500382,0.22388617812499945,175,186,1.062857142857143,12,3.690744920993228,5,1417,0.0,463.9853372434018,188,222,1.734375,0.22405332656249755,True
0.75,161,17080,1024,784,98,34,132,1.03125,0.765625,7408,0.904296875,3321,0.4482991360691145,2701.0576171875,39.7236328125,13.815465124969323,0.09817552923652287,0.4053955078125,0.21393251562500382,0.22388617812499945,98,109,1.1122448979591837,93,2.438855421686747,22,1815,0.0,2730.3879565646594,105,139,1.0859375,0.22405332656249755,True
0.75,162,1505,1024,1321,166,34,200,1.5625,1.2900390625,6871,0.8387451171875,3410,0.49628874981807597,12944.958984375,97.060546875,7.009796821408843,0.027436289976211704,0.416259765625,0.21393251562500382,0.22388617812499945,166,177,1.0662650602409638,62,2.3828102082722205,10,1951,0.0,13034.058997050148,178,212,1.65625,0.22405332656249755,True
0.75,163,36391,1024,950,119,34,153,1.1953125,0.927734375,7242,0.884033203125,3480,0.48053024026512015,3283.2705078125,46.0361328125,12.967736952538392,0.024933061980982628,0.4248046875,0.21393251562500382,0.22388617812499945,119,130,1.0924369747899159,11,2.3509629203794193,14,1806,0.0,3286.4799608993158,130,164,1.28125,0.22405332656249755,True
0.75,164,24660,1024,928,116,34,150,1.171875,0.90625,7264,0.88671875,3222,0.443557268722467,4663.486328125,52.5859375,11.443696529819833,0.08449695418068416,0.393310546875,0.21393251562500382,0.22388617812499945,116,127,1.0948275862068966,11,2.53865259236262,12,1755,0.0,4668.044965786901,125,159,1.2421875,0.22405332656249755,True
0.75,165,24061,1024,153,20,34,54,0.421875,0.1494140625,8039,0.9813232421875,3280,0.40801094663515364,5100.173828125,55.150390625,11.054953825525281,0.12028808654278099,0.400390625,0.21393251562500382,0.22388617812499945,20,29,1.45,4,2.4967978042086,8,1851,,5100.173828125,23,57,0.4453125,0.22405332656249755,True
0.75,166,10964,1024,368,46,34,80,0.625,0.359375,7824,0.955078125,3949,0.5047290388548057,6996.4833984375,70.5654296875,9.682005529112791,0.11509907187804078,0.4820556640625,0.21393251562500382,0.22388617812499945,46,57,1.2391304347826086,20,2.0691489361702127,11,1912,0.0,7010.175146771037,51,85,0.6640625,0.22405332656249755,True
0.75,167,20807,1024,1035,130,34,164,1.28125,1.0107421875,7157,0.8736572265625,3490,0.48763448372223,4039.490234375,56.259765625,12.067537983232775,0.06319592229673052,0.426025390625,0.21393251562500382,0.22388617812499945,130,141,1.0846153846153845,9,2.3436514760676412,11,2014,0.0,4043.4389051808407,141,175,1.3671875,0.22405332656249755,True
0.75,168,33388,1024,2084,261,34,295,2.3046875,2.03515625,6108,0.74560546875,3078,0.5039292730844793,3291.771484375,47.705078125,12.95650682116143,0.06896400269683385,0.375732421875,0.21393251562500382,0.22388617812499945,261,272,1.0421455938697317,18,2.655833604159896,11,1839,0.0,3298.2133072407046,282,316,2.46875,0.22405332656249755,True
0.75,169,34571,1024,1100,138,34,172,1.34375,1.07421875,7092,0.86572265625,3311,0.46686407219402143,19502.376953125,111.453125,5.229928143917992,0.0259867319689816,0.4041748046875,0.21393251562500382,0.22388617812499945,138,149,1.0797101449275361,5,2.47190332326284,9,1817,,19502.376953125,148,182,1.421875,0.22405332656249755,True
0.75,170,21194,1024,654,82,34,116,0.90625,0.638671875,7538,0.920166015625,3304,0.43831254974794376,6992.4873046875,63.8837890625,9.684486743133222,0.11995841125044682,0.4033203125,0.21393251562500382,0.22388617812499945,82,93,1.1341463414634145,18,2.474114441416894,13,1931,0.0,7006.171232876713,90,124,0.96875,0.22405332656249755,True
0.75,171,32696,1024,1733,217,34,251,1.9609375,1.6923828125,6459,0.7884521484375,3352,0.5189657841771173,13958.90625,107.552734375,6.6822897038870375,0.08525396923090825,0.4091796875,0.21393251562500382,0.22388617812499945,217,228,1.0506912442396312,9,2.4401671142942405,12,2189,0.0,13972.551319648093,233,267,2.0859375,0.22405332656249755,True
0.75,172,46005,1024,844,106,34,140,1.09375,0.82421875,7348,0.89697265625,2398,0.3263473053892216,654.3125,20.08984375,19.97295143719221,0.5428503230639129,0.292724609375,0.21393251562500382,0.22388617812499945,106,114,1.0754716981132075,38,3.4013350020859408,9,1630,0.0,656.878431372549,98,132,1.03125,0.22405332656249755,True
0.75,173,19269,1024,755,95,34,129,1.0078125,0.7373046875,7437,0.9078369140625,2403,0.32311415893505446,2473.4716796875,30.0810546875,14.19773418646326,0.44704605975048134,0.2933349609375,0.21393251562500382,0.22388617812499945,95,106,1.1157894736842104,70,3.3800999167360533,7,1550,0.0,2492.9478346456694,98,132,1.03125,0.22405332656249755,True
0.75,174,5503,1024,1717,215,34,249,1.9453125,1.6767578125,6475,0.7904052734375,2958,0.4568339768339768,5314.306640625,53.025390625,10.876337508596649,0.0733363174770823,0.361083984375,0.21393251562500382,0.22388617812499945,215,226,1.0511627906976744,9,2.765640852215083,10,1729,0.0,5319.50146627566,233,267,2.0859375,0.22405332656249755,True
0.75,175,32979,1024,951,119,34,153,1.1953125,0.9287109375,7241,0.8839111328125,3265,0.4509045711918243,8478.5078125,75.212890625,8.847609361844302,0.056264762210076404,0.3985595703125,0.21393251562500382,0.22388617812499945,119,130,1.0924369747899159,9,2.5064338235294117,14,1986,0.0,8486.79569892473,127,161,1.2578125,0.22405332656249755,True
0.75,176,32764,1024,1014,127,34,161,1.2578125,0.990234375,7178,0.876220703125,3521,0.49052660908331014,2057.9013671875,37.2119140625,14.996558051707087,0.08269261773497165,0.4298095703125,0.21393251562500382,0.22388617812499945,127,138,1.0866141732283465,20,2.3204545454545453,9,1778,0.0,2061.9285714285716,138,172,1.34375,0.22405332656249755,True
0.75,177,36396,1024,1008,126,34,160,1.25,0.984375,7184,0.876953125,3550,0.49415367483296213,5896.9580078125,68.6103515625,10.424523256863809,0.16794373617341543,0.433349609375,0.21393251562500382,0.22388617812499945,126,137,1.0873015873015872,35,2.297266835728374,7,2282,0.0,5920.083333333333,138,172,1.34375,0.22405332656249755,True
0.75,178,16139,1024,471,59,34,93,0.7265625,0.4599609375,7721,0.9425048828125,2568,0.332599404222251,1254.880859375,16.890625,17.144778657856538,0.523818577228289,0.3134765625,0.21393251562500382,0.22388617812499945,59,70,1.1864406779661016,166,3.1262173743669655,11,1346,0.0,1279.8784860557769,63,97,0.7578125,0.22405332656249755,True
0.75,179,32110,1024,51,7,34,41,0.3203125,0.0498046875,8141,0.9937744140625,3185,0.39122957867583835,18626.498046875,108.296875,5.429491496581268,0.08388957511985716,0.3887939453125,0.21393251562500382,0.22388617812499945,7,15,2.142857142857143,14,2.568153266331658,8,1655,0.0,18644.70576735093,10,44,0.34375,0.22405332656249755,True
0.75,180,37930,1024,1240,155,34,189,1.4765625,1.2109375,6952,0.8486328125,2992,0.43037974683544306,2477.4658203125,39.0615234375,14.190726892956913,0.11463809357272203,0.365234375,0.21393251562500382,0.22388617812499945,155,166,1.070967741935484,77,2.712136409227683,12,1776,0.0,2499.4334975369457,162,196,1.53125,0.22405332656249755,True
0.75,181,5624,1024,1032,129,34,163,1.2734375,1.0078125,7160,0.8740234375,4027,0.5624301675977653,2073.8671875,39.634765625,14.962994205712874,0.13512613213709462,0.4915771484375,0.21393251562500382,0.22388617812499945,129,140,1.0852713178294573,12,2.031296572280179,13,1766,0.0,2075.8944281524928,140,174,1.359375,0.22405332656249755,True
0.75,182,37946,1024,1262,158,34,192,1.5,1.232421875,6930,0.845947265625,3249,0.4688311688311688,7265.8525390625,71.2216796875,9.517937812857935,0.08863915162027262,0.3966064453125,0.21393251562500382,0.22388617812499945,158,169,1.0696202531645569,19,2.5153940886699506,15,1736,0.0,7280.071428571428,169,203,1.5859375,0.22405332656249755,True
0.75,183,6616,1024,1682,211,34,245,1.9140625,1.642578125,6510,0.794677734375,3180,0.48847926267281105,7288.8388671875,67.4033203125,9.50422011389058,0.0717329178782907,0.38818359375,0.21393251562500382,0.22388617812499945,211,222,1.052132701421801,11,2.5715633847121735,14,1830,0.0,7295.963831867058,224,258,2.015625,0.22405332656249755,True
0.75,184,11706,1024,1276,160,34,194,1.515625,1.24609375,6916,0.84423828125,3061,0.4425968768074031,6500.9970703125,63.5302734375,10.00100390544074,0.11381760303059626,0.3736572265625,0.21393251562500382,0.22388617812499945,160,171,1.06875,39,2.6637254901960783,7,1938,0.0,6526.4911764705885,175,209,1.6328125,0.22405332656249755,True
0.75,185,10558,1024,300,38,34,72,0.5625,0.29296875,7892,0.96337890625,2916,0.36948808920425746,10556.3828125,71.015625,7.895652299506444,0.10319037066931014,0.35595703125,0.21393251562500382,0.22388617812499945,38,49,1.2894736842105263,6,2.8075471698113206,8,1669,,10556.3828125,43,77,0.6015625,0.22405332656249755,True
0.75,186,18351,1024,142,18,34,52,0.40625,0.138671875,8050,0.982666015625,2507,0.31142857142857144,9666.5751953125,70.1083984375,8.278077272429947,0.039376308866367185,0.3060302734375,0.21393251562500382,0.22388617812499945,18,27,1.5,71,3.2338387869114125,8,1466,0.0,9742.689960629921,23,57,0.4453125,0.22405332656249755,True
0.75,187,15023,1024,224,28,34,62,0.484375,0.21875,7968,0.97265625,3669,0.4604668674698795,16655.2080078125,120.5908203125,5.915302998790786,0.14583772349800303,0.4478759765625,0.21393251562500382,0.22388617812499945,28,37,1.3214285714285714,14,2.2292802617230096,8,1976,0.0,16671.488758553274,31,65,0.5078125,0.22405332656249755,True
0.75,188,9490,1024,1001,126,34,160,1.25,0.9775390625,7191,0.8778076171875,3523,0.4899179529968016,4091.9873046875,51.8525390625,12.011460832160374,0.18227653491521567,0.4300537109375,0.21393251562500382,0.22388617812499945,126,137,1.0873015873015872,19,2.3188529244747302,8,1827,0.0,4099.995107632094,134,168,1.3125,0.22405332656249755,True
0.75,189,6355,1024,2268,284,34,318,2.484375,2.21484375,5924,0.72314453125,3011,0.5082714382174207,17545.4345703125,128.9814453125,5.689162314540504,0.1971203435388309,0.3675537109375,0.21393251562500382,0.22388617812499945,284,295,1.0387323943661972,8,2.7182724252491695,14,2087,0.0,17562.585532746823,302,336,2.625,0.22405332656249755,True
0.75,190,8857,1024,713,90,34,124,0.96875,0.6962890625,7479,0.9129638671875,2012,0.26901992244952533,863.287109375,14.544921875,18.769251048045493,0.3611614973666153,0.24560546875,0.21393251562500382,0.22388617812499945,90,101,1.1222222222222222,103,4.021382396817503,11,1202,0.0,873.5237154150198,100,134,1.046875,0.22405332656249755,True
0.75,191,31811,1024,1564,196,34,230,1.796875,1.52734375,6628,0.80908203125,3287,0.4959263729631865,9530.0673828125,85.6142578125,8.339843895181268,0.21586797388304127,0.4012451171875,0.21393251562500382,0.22388617812499945,196,207,1.0561224489795917,37,2.47930614729154,8,1997,0.0,9567.44019607843,206,240,1.875,0.22405332656249755,True
0.75,192,10400,1024,1019,128,34,162,1.265625,0.9951171875,7173,0.8756103515625,3520,0.4907291231005158,2375.89453125,43.0703125,14.372532029732245,0.1486951959141771,0.4296875,0.21393251562500382,0.22388617812499945,128,139,1.0859375,20,2.321398124467178,13,1883,0.0,2380.5440313111544,142,176,1.375,0.22405332656249755,True
0.75,193,275,1024,1896,237,34,271,2.1171875,1.8515625,6296,0.7685546875,2573,0.4086721728081322,3201.484375,42.513671875,13.077289742978657,0.046486718241956,0.3140869140625,0.21393251562500382,0.22388617812499945,237,248,1.0464135021097047,12,3.1796267496111974,6,1707,0.0,3204.613880742913,252,286,2.234375,0.22405332656249755,True
0.75,194,26152,1024,267,34,34,68,0.53125,0.2607421875,7925,0.9674072265625,3592,0.4532492113564669,16974.85546875,113.041015625,5.832742756703966,0.06147838931799297,0.4384765625,0.21393251562500382,0.22388617812499945,34,45,1.3235294117647058,287,2.200501253132832,8,1953,0.0,17575.58341759353,39,73,0.5703125,0.22405332656249755,True
0.75,195,13037,1024,75,10,34,44,0.34375,0.0732421875,8117,0.9908447265625,3124,0.38487125785388693,15924.8076171875,93.8115234375,6.110061664098821,0.04698281653364268,0.38134765625,0.21393251562500382,0.22388617812499945,10,18,1.8,14,2.61831572206212,11,1522,0.0,15940.374389051809,13,47,0.3671875,0.22405332656249755,True
0.75,196,41203,1024,1112,139,34,173,1.3515625,1.0859375,7080,0.8642578125,3132,0.4423728813559322,1714.34765625,33.791015625,15.789814628369543,0.1082344795877593,0.38232421875,0.21393251562500382,0.22388617812499945,139,150,1.079136690647482,10,2.6129032258064515,8,1775,0.0,1716.0234604105572,149,183,1.4296875,0.22405332656249755,True
0.75,197,43709,1024,1340,168,34,202,1.578125,1.30859375,6852,0.83642578125,2768,0.40396964389959134,1393.1259765625,26.1630859375,16.690899706089226,0.25116451161865905,0.337890625,0.21393251562500382,0.22388617812499945,168,179,1.0654761904761905,67,2.936031803397181,9,1679,0.0,1404.0954724409448,178,212,1.65625,0.22405332656249755,True
0.75,198,43572,1024,846,106,34,140,1.09375,0.826171875,7346,0.896728515625,3185,0.4335692894092023,6222.1220703125,61.0771484375,10.191418336929306,0.0730011708089969,0.3887939453125,0.21393251562500382,0.22388617812499945,106,117,1.1037735849056605,11,2.569095477386935,10,2012,0.0,6228.204301075269,111,145,1.1328125,0.22405332656249755,True
0.75,199,23390,1024,851,107,34,141,1.1015625,0.8310546875,7341,0.8961181640625,3235,0.44067565726740227,1545.068359375,30.474609375,16.24132661933863,0.12537375042726745,0.3948974609375,0.21393251562500382,0.22388617812499945,107,118,1.102803738317757,21,2.5259740259740258,10,1786,0.0,1548.091976516634,115,149,1.1640625,0.22405332656249755,True
0.8,0,712,1024,4963,621,34,655,5.1171875,4.8466796875,3229,0.3941650390625,1206,0.3734902446577888,2997.265625,38.10546875,13.363551279790274,0.17039797133141538,0.147216796875,0.21393251562500382,0.22388617812499945,621,632,1.0177133655394526,20,6.778423236514523,4,856,0.0,3003.1311154598825,639,673,5.2578125,0.22405332656249755,True
0.8,1,24774,1024,1970,247,34,281,2.1953125,1.923828125,6222,0.759521484375,2618,0.4207650273224044,3073.7392578125,45.0498046875,13.254133369026437,0.11434586114618718,0.319580078125,0.21393251562500382,0.22388617812499945,247,258,1.0445344129554657,88,3.095911348872755,7,1642,0.0,3107.116485686081,269,303,2.3671875,0.22405332656249755,True
0.8,2,45142,1024,4304,538,34,572,4.46875,4.203125,3888,0.474609375,1162,0.29886831275720166,1631.80078125,26.845703125,16.004132241492005,0.08582849079577194,0.141845703125,0.21393251562500382,0.22388617812499945,538,549,1.020446096654275,34,7.023255813953488,5,840,0.0,1638.2,560,594,4.640625,0.22405332656249755,True
0.8,3,27119,1024,1605,201,34,235,1.8359375,1.5673828125,6587,0.8040771484375,1769,0.268559283437073,7399.6904296875,48.9130859375,9.43866809716762,0.24847135708656973,0.2159423828125,0.21393251562500382,0.22388617812499945,201,212,1.054726368159204,7,4.6289592760181,21,1129,,7399.6904296875,214,248,1.9375,0.22405332656249755,True
0.8,4,21139,1024,3830,479,34,513,4.0078125,3.740234375,4362,0.532470703125,1556,0.35671710224667585,2001.23046875,31.130859375,15.117832544692195,0.17108429470284447,0.18994140625,0.21393251562500382,0.22388617812499945,479,490,1.022964509394572,20,5.2520900321543404,5,1061,0.0,2005.146771037182,503,537,4.1953125,0.22405332656249755,True
0.8,5,19129,1024,3775,472,34,506,3.953125,3.6865234375,4417,0.5391845703125,1365,0.3090332805071315,1515.7734375,24.84765625,16.324460686726166,0.4231895024038103,0.1666259765625,0.21393251562500382,0.22388617812499945,472,483,1.0233050847457628,20,5.98900293255132,5,937,0.0,1518.7397260273972,490,524,4.09375,0.22405332656249755,True
0.8,6,6433,1024,1888,236,34,270,2.109375,1.84375,6304,0.76953125,2213,0.3510469543147208,662.2412109375,18.1767578125,19.92064157683729,0.10399601000823112,0.2701416015625,0.21393251562500382,0.22388617812499945,236,247,1.0466101694915255,51,3.6785714285714284,7,1338,0.0,666.1444007858546,258,292,2.28125,0.22405332656249755,True
0.8,7,38854,1024,4498,563,34,597,4.6640625,4.392578125,3694,0.450927734375,1518,0.41093665403356794,5022.34375,56.375,11.121739265612838,0.04928414286455348,0.185302734375,0.21393251562500382,0.22388617812499945,563,574,1.019538188277087,45,5.365194462755438,5,1160,0.0,5046.987242394504,574,608,4.75,0.22405332656249755,True
0.8,8,22489,1024,3925,491,34,525,4.1015625,3.8330078125,4267,0.5208740234375,1677,0.393016170611671,2620.546875,37.58203125,13.946884283226142,0.13297418956241933,0.2047119140625,0.21393251562500382,0.22388617812499945,491,502,1.0224032586558045,20,4.863365155131265,5,1141,0.0,2625.6751467710374,514,548,4.28125,0.22405332656249755,True
0.8,9,31104,1024,2452,307,34,341,2.6640625,2.39453125,5740,0.70068359375,2160,0.37630662020905925,8043.28515625,60.69140625,9.07646894976438,0.07611331229252685,0.263671875,0.21393251562500382,0.22388617812499945,307,318,1.0358306188925082,109,3.7429365446966187,7,1370,0.0,8146.71018793274,316,350,2.734375,0.22405332656249755,True
0.8,10,21349,1024,4758,595,34,629,4.9140625,4.646484375,3434,0.419189453125,951,0.2769365171811299,710.140625,15.94921875,19.617360028330783,0.2844937200480516,0.1160888671875,0.21393251562500382,0.22388617812499945,595,606,1.0184873949579831,19,8.596842105263159,5,634,0.0,711.5303326810176,622,656,5.125,0.22405332656249755,True
0.8,11,29116,1024,2896,362,34,396,3.09375,2.828125,5296,0.646484375,1925,0.3634818731117825,4435.8017578125,49.1708984375,11.661082321851852,0.042161628456601756,0.2349853515625,0.21393251562500382,0.22388617812499945,362,373,1.0303867403314917,20,4.244802494802495,5,1343,0.0,4444.482387475538,382,416,3.25,0.22405332656249755,True
0.8,12,10772,1024,4934,617,34,651,5.0859375,4.818359375,3258,0.397705078125,1284,0.39410681399631675,5364.1875,54.4921875,10.835764110783224,0.2446986583749019,0.15673828125,0.21393251562500382,0.22388617812499945,617,628,1.0178282009724473,17,6.368667186282151,5,980,0.0,5374.684931506849,636,670,5.234375,0.22405332656249755,True
0.8,13,18332,1024,5242,656,34,690,5.390625,5.119140625,2950,0.360107421875,1036,0.3511864406779661,3051.6875,37.8984375,13.285403020877638,0.23255539743462394,0.12646484375,0.21393251562500382,0.22388617812499945,656,667,1.016768292682927,19,7.888888888888889,4,756,0.0,3057.6594911937377,674,708,5.53125,0.22405332656249755,True
0.8,14,1003,1024,3972,497,34,531,4.1484375,3.87890625,4220,0.51513671875,1673,0.39644549763033177,3665.166015625,40.703125,12.489867098479461,0.16667174058511908,0.2042236328125,0.21393251562500382,0.22388617812499945,497,508,1.0221327967806841,35,4.872607655502392,5,1121,0.0,3679.5392156862745,522,556,4.34375,0.22405332656249755,True
0.8,15,22156,1024,4888,611,34,645,5.0390625,4.7734375,3304,0.4033203125,964,0.2917675544794189,1472.5390625,25.20703125,16.45013536591668,0.3132031332639838,0.11767578125,0.21393251562500382,0.22388617812499945,611,622,1.0180032733224222,17,8.482866043613708,4,744,0.0,1475.4207436399217,631,665,5.1953125,0.22405332656249755,True
0.8,16,26453,1024,3900,488,34,522,4.078125,3.80859375,4292,0.52392578125,1084,0.25256290773532153,2132.6611328125,27.1396484375,14.841585067504472,0.08546911791787581,0.13232421875,0.21393251562500382,0.22388617812499945,488,499,1.0225409836065573,12,7.519852262234534,4,894,0.0,2134.745845552297,500,534,4.171875,0.22405332656249755,True
0.8,17,17039,1024,4414,552,34,586,4.578125,4.310546875,3778,0.461181640625,1412,0.3737427210164108,3190.65625,51.09375,13.09200343502913,0.1826823889592018,0.17236328125,0.21393251562500382,0.22388617812499945,552,563,1.019927536231884,10,5.795180722891566,4,1127,0.0,3193.775171065494,572,606,4.734375,0.22405332656249755,True
0.8,18,7166,1024,4317,540,34,574,4.484375,4.2158203125,3875,0.4730224609375,1724,0.4449032258064516,4394.2421875,52.44140625,11.70196371597875,0.16415804758881103,0.21044921875,0.21393251562500382,0.22388617812499945,540,551,1.0203703703703704,9,4.746952988972722,5,1109,0.0,4398.537634408603,553,587,4.5859375,0.22405332656249755,True
0.8,19,48310,1024,1665,209,34,243,1.8984375,1.6259765625,6527,0.7967529296875,2533,0.3880802819059292,8068.90234375,71.9375,9.06265901545515,0.15425049922753112,0.3092041015625,0.21393251562500382,0.22388617812499945,209,220,1.0526315789473684,5,3.2322274881516586,7,1717,,8068.90234375,212,246,1.921875,0.22405332656249755,True
0.8,20,12187,1024,2407,301,34,335,2.6171875,2.3505859375,5785,0.7061767578125,1938,0.33500432152117543,1686.7119140625,27.0341796875,15.860394482947564,0.16302172470943976,0.236572265625,0.21393251562500382,0.22388617812499945,301,312,1.0365448504983388,142,4.153329891584925,6,1166,0.0,1715.1866931479642,319,353,2.7578125,0.22405332656249755,True
0.8,21,20284,1024,2319,290,34,324,2.53125,2.2646484375,5873,0.7169189453125,1692,0.28809807594074577,680.8466796875,15.3154296875,19.800310370056554,0.2952421220079624,0.20654296875,0.21393251562500382,0.22388617812499945,290,301,1.0379310344827586,21,4.8296865759905385,6,1153,0.0,682.179060665362,307,341,2.6640625,0.22405332656249755,True
0.8,22,1052,1024,4179,523,34,557,4.3515625,4.0810546875,4013,0.4898681640625,1457,0.3630700224271119,2520.8125,36.5,14.115398171524733,0.07066354523988398,0.1778564453125,0.21393251562500382,0.22388617812499945,523,534,1.0210325047801148,34,5.599587912087912,5,1062,0.0,2530.698039215686,544,578,4.515625,0.22405332656249755,True
0.8,23,13752,1024,2062,258,34,292,2.28125,2.013671875,6130,0.748291015625,2228,0.3634584013050571,892.912109375,26.158203125,18.62271648106991,0.2490359784768974,0.27197265625,0.21393251562500382,0.22388617812499945,258,269,1.0426356589147288,26,3.6645711719802425,6,1515,0.0,895.535749265426,280,314,2.453125,0.22405332656249755,True
0.8,24,37139,1024,4668,584,34,618,4.828125,4.55859375,3524,0.43017578125,1109,0.31469920544835417,2764.646484375,35.703125,13.714407549562084,0.2801247714026069,0.1353759765625,0.21393251562500382,0.22388617812499945,584,595,1.018835616438356,27,7.363718411552346,5,861,0.0,2772.769833496572,594,628,4.90625,0.22405332656249755,True
0.8,25,29727,1024,5068,634,34,668,5.21875,4.94921875,3124,0.38134765625,1192,0.38156209987195905,3353.828125,41.33203125,12.875395584942984,0.1623384838593235,0.1455078125,0.21393251562500382,0.22388617812499945,634,645,1.0173501577287065,11,6.8581024349286315,4,889,0.0,3357.106549364614,655,689,5.3828125,0.22405332656249755,True
0.8,26,41854,1024,4147,519,34,553,4.3203125,4.0498046875,4045,0.4937744140625,1209,0.2988875154511743,868.14453125,21.197265625,18.74488327051956,0.2522704634829853,0.1475830078125,0.21393251562500382,0.22388617812499945,519,530,1.0211946050096339,114,6.682119205298013,4,914,0.0,880.1782178217821,538,572,4.46875,0.22405332656249755,True
0.8,27,40333,1024,2595,325,34,359,2.8046875,2.5341796875,5597,0.6832275390625,2895,0.5172413793103449,9929.7138671875,90.7685546875,8.16143626742313,0.05917659030328637,0.3533935546875,0.21393251562500382,0.22388617812499945,325,336,1.0338461538461539,8,2.825501036627505,7,1933,0.0,9939.420332355816,346,380,2.96875,0.22405332656249755,True
0.8,28,33248,1024,2191,274,34,308,2.40625,2.1396484375,6001,0.7325439453125,1930,0.3216130644892518,3193.5185546875,41.5615234375,13.0881091706876,0.22238512365023552,0.235595703125,0.21393251562500382,0.22388617812499945,274,285,1.0401459854014599,375,4.0482115085536545,6,1228,0.0,3343.7249488752554,281,315,2.4609375,0.22405332656249755,True
0.8,29,9680,1024,3453,432,34,466,3.640625,3.3720703125,4739,0.5784912109375,2017,0.4256172188225364,6671.8798828125,62.9794921875,9.888321419884225,0.06678970586827498,0.2462158203125,0.21393251562500382,0.22388617812499945,432,443,1.025462962962963,17,4.053571428571429,6,1337,0.0,6684.936399217221,454,488,3.8125,0.22405332656249755,True
0.8,30,16805,1024,5277,660,34,694,5.421875,5.1533203125,2915,0.3558349609375,898,0.30806174957118354,2461.875,33.484375,14.218143627146933,0.15470842466111193,0.109619140625,0.21393251562500382,0.22388617812499945,660,671,1.0166666666666666,19,9.10479375696767,4,726,0.0,2466.692759295499,671,705,5.5078125,0.22405332656249755,True
0.8,31,14652,1024,2236,280,34,314,2.453125,2.18359375,5956,0.72705078125,2274,0.3817998656816656,1164.1923828125,23.8857421875,17.47055607452566,0.16383931993461998,0.277587890625,0.21393251562500382,0.22388617812499945,280,291,1.0392857142857144,20,3.5934887813462386,8,1340,0.0,1166.4706457925636,302,336,2.625,0.22405332656249755,True
0.8,32,15793,1024,2140,268,34,302,2.359375,2.08984375,6052,0.73876953125,2104,0.34765366820885657,1744.9619140625,30.9189453125,15.712944084798758,0.2620105429959204,0.2568359375,0.21393251562500382,0.22388617812499945,268,279,1.041044776119403,86,3.8516405135520686,6,1486,0.0,1762.170611439842,282,316,2.46875,0.22405332656249755,True
0.8,33,30210,1024,2849,357,34,391,3.0546875,2.7822265625,5343,0.6522216796875,1764,0.33015160022459294,1983.740234375,25.912109375,15.155955590596317,0.4774274462758112,0.21533203125,0.21393251562500382,0.22388617812499945,357,368,1.0308123249299719,35,4.615428247305729,6,1171,0.0,1991.5196078431372,372,406,3.171875,0.22405332656249755,True
0.8,34,47426,1024,2432,304,34,338,2.640625,2.375,5760,0.703125,2764,0.4798611111111111,18881.69921875,102.341796875,5.370392857300107,0.026938432582740243,0.33740234375,0.21393251562500382,0.22388617812499945,304,315,1.0361842105263157,9,2.957654723127036,9,1356,0.0,18900.156402737048,315,349,2.7265625,0.22405332656249755,True
0.8,35,20875,1024,5022,628,34,662,5.171875,4.904296875,3170,0.386962890625,811,0.2558359621451104,1637.7890625,24.0625,15.988223943906231,0.32529581722823064,0.0989990234375,0.21393251562500382,0.22388617812499945,628,639,1.017515923566879,11,10.096296296296297,4,621,0.0,1639.3900293255133,630,664,5.1875,0.22405332656249755,True
0.8,36,4161,1024,4602,576,34,610,4.765625,4.494140625,3590,0.438232421875,1485,0.4136490250696379,6912.3857421875,61.1767578125,9.734523951370853,0.034910665487439235,0.1812744140625,0.21393251562500382,0.22388617812499945,576,587,1.0190972222222223,74,5.452156334231806,5,1076,0.0,6973.677832512315,599,633,4.9453125,0.22405332656249755,True
0.8,37,40340,1024,2445,306,34,340,2.65625,2.3876953125,5747,0.7015380859375,2275,0.39585870889159563,2457.8896484375,36.3818359375,14.225179803445256,0.04970910871301163,0.2777099609375,0.21393251562500382,0.22388617812499945,306,317,1.0359477124183007,191,3.5171503957783643,7,1362,0.0,2514.3646353646354,329,363,2.8359375,0.22405332656249755,True
0.8,38,28286,1024,3776,472,34,506,3.953125,3.6875,4416,0.5390625,1708,0.3867753623188406,5350.91015625,50.419921875,10.84652701796557,0.19756087228706837,0.20849609375,0.21393251562500382,0.22388617812499945,472,483,1.0233050847457628,27,4.778558875219684,5,1204,0.0,5366.632713026444,496,530,4.140625,0.22405332656249755,True
0.8,39,13256,1024,865,109,34,143,1.1171875,0.8447265625,7327,0.8944091796875,3265,0.4456121195577999,2787.943359375,38.814453125,13.677964145985973,0.1031745835247369,0.3985595703125,0.21393251562500382,0.22388617812499945,109,120,1.1009174311926606,19,2.502450980392157,12,1710,0.0,2793.399217221135,124,158,1.234375,0.22405332656249755,True
0.8,40,48934,1024,2434,305,34,339,2.6484375,2.376953125,5758,0.702880859375,2384,0.41403265022577285,6559.97265625,58.5,9.961783317459831,0.04444383029339793,0.291015625,0.21393251562500382,0.22388617812499945,305,316,1.0360655737704918,38,3.420478388585816,7,1618,0.0,6585.698039215687,330,364,2.84375,0.22405332656249755,True
0.8,41,11935,1024,3428,429,34,463,3.6171875,3.34765625,4764,0.58154296875,1487,0.3121326616288833,1215.0673828125,22.3427734375,17.284799980181912,0.22999342499026723,0.1815185546875,0.21393251562500382,0.22388617812499945,429,440,1.0256410256410255,18,5.5,5,951,0.0,1217.445205479452,449,483,3.7734375,0.22405332656249755,True
0.8,42,48447,1024,1384,173,34,207,1.6171875,1.3515625,6808,0.8310546875,2871,0.42170975323149235,1133.759765625,23.68359375,17.585593199937747,0.149990518898294,0.3504638671875,0.21393251562500382,0.22388617812499945,173,184,1.0635838150289016,19,2.846341463414634,8,1574,0.0,1135.9784735812134,193,227,1.7734375,0.22405332656249755,True
0.8,43,15492,1024,4895,612,34,646,5.046875,4.7802734375,3297,0.4024658203125,1250,0.3791325447376403,1875.328125,29.91796875,15.400030939191982,0.13157950453204634,0.152587890625,0.21393251562500382,0.22388617812499945,612,623,1.0179738562091503,10,6.5404323458767015,4,820,0.0,1877.1612903225807,641,675,5.2734375,0.22405332656249755,True
0.8,44,32513,1024,1722,216,34,250,1.953125,1.681640625,6470,0.789794921875,2727,0.421483771251932,2027.3896484375,36.5419921875,15.061431361494167,0.24329906222492587,0.3328857421875,0.21393251562500382,0.22388617812499945,216,227,1.0509259259259258,10,3.000366837857667,8,1683,0.0,2029.3714565004886,229,263,2.0546875,0.22405332656249755,True
0.8,45,36099,1024,222,28,34,62,0.484375,0.216796875,7970,0.972900390625,3707,0.46511919698870763,20403.3193359375,124.6005859375,5.033795340295971,0.07066851467318967,0.4525146484375,0.21393251562500382,0.22388617812499945,28,39,1.3928571428571428,71,2.19077172153265,8,2037,0.0,20563.975393700788,32,66,0.515625,0.22405332656249755,True
0.8,46,39260,1024,1126,141,34,175,1.3671875,1.099609375,7066,0.862548828125,2046,0.2895556184545712,1091.0087890625,20.7900390625,17.7525211163065,0.26038410273009654,0.249755859375,0.21393251562500382,0.22388617812499945,141,152,1.0780141843971631,175,3.9183374083129583,13,1328,0.0,1113.851445663011,146,180,1.40625,0.22405332656249755,True
0.8,47,46517,1024,1703,213,34,247,1.9296875,1.6630859375,6489,0.7921142578125,2950,0.45461550315919247,2316.380859375,39.927734375,14.482703932364142,0.17878133665334106,0.360107421875,0.21393251562500382,0.22388617812499945,213,224,1.051643192488263,58,2.757884028484232,11,1689,0.0,2332.324483775811,234,268,2.09375,0.22405332656249755,True
0.8,48,33095,1024,4819,603,34,637,4.9765625,4.7060546875,3373,0.4117431640625,1465,0.43433145567743847,5645.453125,58.43359375,10.613815551225365,0.04532274859187466,0.1788330078125,0.21393251562500382,0.22388617812499945,603,614,1.0182421227197347,49,5.5566939890710385,5,1137,0.0,5678.726915520629,629,663,5.1796875,0.22405332656249755,True
0.8,49,3,1024,4557,570,34,604,4.71875,4.4501953125,3635,0.4437255859375,1027,0.2825309491059147,1426.9296875,24.2109375,16.586777872508744,0.1782093232302237,0.1253662109375,0.21393251562500382,0.22388617812499945,570,581,1.0192982456140351,58,7.916179337231969,4,770,0.0,1436.7512291052115,586,620,4.84375,0.22405332656249755,True
0.8,50,21683,1024,4461,558,34,592,4.625,4.3564453125,3731,0.4554443359375,1103,0.2956311980702225,4234.7041015625,39.8037109375,11.862572913129197,0.22200236283532582,0.1346435546875,0.21393251562500382,0.22388617812499945,558,569,1.0197132616487454,10,7.275862068965517,4,846,0.0,4238.843597262952,569,603,4.7109375,0.22405332656249755,True
0.8,51,13446,1024,4808,601,34,635,4.9609375,4.6953125,3384,0.4130859375,1437,0.424645390070922,7590.2890625,68.83984375,9.32822045333669,0.2302593314031607,0.1754150390625,0.21393251562500382,0.22388617812499945,601,612,1.0183028286189684,18,5.690111420612813,4,1165,0.0,7605.142857142857,611,645,5.0390625,0.22405332656249755,True
0.8,52,49515,1024,3227,404,34,438,3.421875,3.1513671875,4965,0.6060791015625,2140,0.4310171198388721,4071.0380859375,53.9560546875,12.033751954978149,0.06341464003899715,0.26123046875,0.21393251562500382,0.22388617812499945,404,415,1.0272277227722773,47,3.806451612903226,5,1484,0.0,4091.0137389597644,427,461,3.6015625,0.22405332656249755,True
0.8,53,27943,1024,4637,580,34,614,4.796875,4.5283203125,3555,0.4339599609375,1351,0.380028129395218,4801.78125,50.4453125,11.316779894205041,0.11364692045745606,0.1649169921875,0.21393251562500382,0.22388617812499945,580,591,1.0189655172413794,11,6.05037037037037,4,968,0.0,4806.475073313783,600,634,4.953125,0.22405332656249755,True
0.8,54,29059,1024,5591,699,34,733,5.7265625,5.4599609375,2601,0.3175048828125,934,0.3590926566705113,3958.375,42.29296875,12.15563425793867,0.19964619945559706,0.114013671875,0.21393251562500382,0.22388617812499945,699,710,1.0157367668097281,9,8.69774919614148,4,722,0.0,3962.244379276637,723,757,5.9140625,0.22405332656249755,True
0.8,55,32738,1024,1717,215,34,249,1.9453125,1.6767578125,6475,0.7904052734375,2223,0.34332046332046334,1568.7939453125,24.4677734375,16.175144563443666,0.4638181654451977,0.2713623046875,0.21393251562500382,0.22388617812499945,215,226,1.0511627906976744,222,3.5841584158415842,7,1300,0.0,1611.2788365095287,223,257,2.0078125,0.22405332656249755,True
0.8,56,445,1024,4912,614,34,648,5.0625,4.796875,3280,0.400390625,1260,0.38414634146341464,4875.4609375,47.140625,11.25064679674465,0.0011017797420937196,0.15380859375,0.21393251562500382,0.22388617812499945,614,625,1.017915309446254,33,6.478157267672756,5,879,0.0,4894.580392156863,637,671,5.2421875,0.22405332656249755,True
0.8,57,32216,1024,4002,501,34,535,4.1796875,3.908203125,4190,0.511474609375,1751,0.4178997613365155,8728.568359375,72.376953125,8.721373433490589,0.0878317428724979,0.2137451171875,0.21393251562500382,0.22388617812499945,501,512,1.0219560878243512,22,4.666857142857143,5,1195,0.0,8745.649706457925,521,555,4.3359375,0.22405332656249755,True
0.8,58,18250,1024,5501,688,34,722,5.640625,5.3720703125,2691,0.3284912109375,795,0.2954292084726867,1526.1875,23.1484375,16.294724686559352,0.3029315652024309,0.0970458984375,0.21393251562500382,0.22388617812499945,688,699,1.0159883720930232,32,10.249370277078086,4,558,0.0,1532.172549019608,704,738,5.765625,0.22405332656249755,True
0.8,59,1684,1024,1338,168,34,202,1.578125,1.306640625,6854,0.836669921875,2597,0.37890283046396267,3140.6318359375,37.6240234375,13.160633321396219,0.07647201607363177,0.3170166015625,0.21393251562500382,0.22388617812499945,168,179,1.0654761904761905,102,3.1147919876733434,9,1588,0.0,3177.872529644269,187,221,1.7265625,0.22405332656249755,True
0.8,60,2899,1024,4507,564,34,598,4.671875,4.4013671875,3685,0.4498291015625,1122,0.3044776119402985,2028.87109375,28.767578125,15.058259062699982,0.3015660783600072,0.136962890625,0.21393251562500382,0.22388617812499945,564,575,1.0195035460992907,12,7.27743086529884,4,878,0.0,2030.854349951124,585,619,4.8359375,0.22405332656249755,True
0.8,61,39428,1024,148,19,34,53,0.4140625,0.14453125,8044,0.98193359375,3276,0.4072600696171059,6811.154296875,63.607421875,9.79859642158878,0.1099937669457793,0.39990234375,0.21393251562500382,0.22388617812499945,19,28,1.4736842105263157,5,2.499236641221374,8,1965,,6811.154296875,22,56,0.4375,0.22405332656249755,True
0.8,62,40758,1024,4909,614,34,648,5.0625,4.7939453125,3283,0.4007568359375,1004,0.30581784952787083,3653.6953125,39.4765625,12.503480328533511,0.27878349716078926,0.12255859375,0.21393251562500382,0.22388617812499945,614,625,1.017915309446254,9,8.154536390827518,4,815,0.0,3657.266862170088,630,664,5.1875,0.22405332656249755,True
0.8,63,29154,1024,4885,611,34,645,5.0390625,4.7705078125,3307,0.4036865234375,1327,0.40127003326277594,5973.7099609375,56.4755859375,10.368362282078072,0.19370917205137855,0.1619873046875,0.21393251562500382,0.22388617812499945,611,622,1.0180032733224222,11,6.163650075414782,4,976,0.0,5979.549364613881,627,661,5.1640625,0.22405332656249755,True
0.8,64,43958,1024,3832,479,34,513,4.0078125,3.7421875,4360,0.5322265625,1301,0.298394495412844,845.4296875,20.6015625,18.8600286673491,0.1390065482064025,0.1588134765625,0.21393251562500382,0.22388617812499945,479,490,1.022964509394572,9,6.2784615384615385,5,901,0.0,846.2561094819159,504,538,4.203125,0.22405332656249755,True
0.8,65,33814,1024,4482,561,34,595,4.6484375,4.376953125,3710,0.452880859375,1541,0.41536388140161723,7316.279296875,62.2421875,9.487900846791195,0.19457617142123118,0.1881103515625,0.21393251562500382,0.22388617812499945,561,572,1.0196078431372548,18,5.303896103896104,5,1131,0.0,7330.5968688845405,585,619,4.8359375,0.22405332656249755,True
0.8,66,34153,1024,3996,500,34,534,4.171875,3.90234375,4196,0.51220703125,1707,0.40681601525262157,4526.11328125,49.591796875,11.573549414290268,0.0948334877030697,0.2083740234375,0.21393251562500382,0.22388617812499945,500,511,1.022,58,4.764361078546307,6,1180,0.0,4557.266470009833,527,561,4.3828125,0.22405332656249755,True
0.8,67,43609,1024,3603,451,34,485,3.7890625,3.5185546875,4589,0.5601806640625,1923,0.41904554369143604,8677.02734375,69.595703125,8.747093948300687,0.09603023206063299,0.2347412109375,0.21393251562500382,0.22388617812499945,451,462,1.024390243902439,30,4.245057232049948,4,1411,0.0,8702.523016650342,472,506,3.953125,0.22405332656249755,True
0.8,68,10762,1024,2199,275,34,309,2.4140625,2.1474609375,5993,0.7315673828125,2695,0.4496913065242783,3342.4521484375,44.6982421875,12.890151623813983,0.0690682746811257,0.3289794921875,0.21393251562500382,0.22388617812499945,275,286,1.04,87,3.006310319227914,8,1602,0.0,3375.415187376726,295,329,2.5703125,0.22405332656249755,True
0.8,69,17898,1024,1789,224,34,258,2.015625,1.7470703125,6403,0.7816162109375,2500,0.39044198032172417,2059.740234375,30.66015625,14.992679084070506,0.24268418135875192,0.30517578125,0.21393251562500382,0.22388617812499945,224,235,1.0491071428571428,35,3.262905162064826,7,1373,0.0,2067.8176470588237,248,282,2.203125,0.22405332656249755,True
0.8,70,43653,1024,33,5,34,39,0.3046875,0.0322265625,8159,0.9959716796875,3402,0.41696286309596764,12070.6494140625,84.7197265625,7.31349724626673,0.007906084258412346,0.415283203125,0.21393251562500382,0.22388617812499945,5,13,2.6,54,2.392531608350485,8,1923,0.0,12141.792730844794,7,41,0.3203125,0.22405332656249755,True
0.8,71,14233,1024,4897,613,34,647,5.0546875,4.7822265625,3295,0.4022216796875,1169,0.35477996965098635,2706.578125,35.06640625,13.806597934102696,0.1139333594796756,0.1427001953125,0.21393251562500382,0.22388617812499945,613,624,1.0179445350734095,90,6.93236301369863,5,797,0.0,2735.968410661402,628,662,5.171875,0.22405332656249755,True
0.8,72,39520,1024,4938,618,34,652,5.09375,4.822265625,3254,0.397216796875,1109,0.34081130915795943,3612.30078125,40.970703125,12.552964558270583,0.13943814581951525,0.1353759765625,0.21393251562500382,0.22388617812499945,618,629,1.0177993527508091,133,7.2671480144404335,5,843,0.0,3669.6388888888887,632,666,5.203125,0.22405332656249755,True
0.8,73,18138,1024,3815,477,34,511,3.9921875,3.7255859375,4377,0.5343017578125,1599,0.36531871144619604,2028.2578125,29.8203125,15.059572033872026,0.21147655612082145,0.1951904296875,0.21393251562500382,0.22388617812499945,477,488,1.0230607966457024,154,5.026908635794744,5,946,0.0,2066.6029850746268,494,528,4.125,0.22405332656249755,True
0.8,74,9212,1024,4358,545,34,579,4.5234375,4.255859375,3834,0.468017578125,1247,0.3252477829942619,5556.8876953125,52.0107421875,10.682487410843171,0.12299074424165712,0.1522216796875,0.21393251562500382,0.22388617812499945,545,556,1.0201834862385322,45,6.535313001605137,6,959,0.0,5584.154072620216,558,592,4.625,0.22405332656249755,True
0.8,75,6456,1024,1930,242,34,276,2.15625,1.884765625,6262,0.764404296875,2828,0.45161290322580644,2682.037109375,42.138671875,13.84615578297411,0.10866067711894994,0.34521484375,0.21393251562500382,0.22388617812499945,242,253,1.0454545454545454,27,2.8864520693314466,7,1744,0.0,2689.9177277179238,267,301,2.3515625,0.22405332656249755,True
0.8,76,22948,1024,2326,291,34,325,2.5390625,2.271484375,5866,0.716064453125,2477,0.42226389362427547,4969.806640625,48.716796875,11.167408688233436,0.2636902963902349,0.3023681640625,0.21393251562500382,0.22388617812499945,291,302,1.0378006872852235,38,3.2920032310177705,6,1584,0.0,4989.296078431373,313,347,2.7109375,0.22405332656249755,True
0.8,77,7591,1024,5193,650,34,684,5.34375,5.0712890625,2999,0.3660888671875,1056,0.3521173724574858,2262.703125,33.39453125,14.584527842141398,0.17613083899130655,0.12890625,0.21393251562500382,0.22388617812499945,650,661,1.0169230769230768,11,7.748815165876778,4,835,0.0,2264.9149560117303,677,711,5.5546875,0.22405332656249755,True
0.8,78,29996,1024,2887,361,34,395,3.0859375,2.8193359375,5305,0.6475830078125,2198,0.41432610744580584,7198.4462890625,65.7158203125,9.558415923397366,0.17149394426166914,0.268310546875,0.21393251562500382,0.22388617812499945,361,372,1.0304709141274238,52,3.702776513427401,6,1521,0.0,7240.873280943026,385,419,3.2734375,0.22405332656249755,True
0.8,79,10378,1024,1606,201,34,235,1.8359375,1.568359375,6586,0.803955078125,2405,0.3651685393258427,3837.5029296875,39.6962890625,12.290316408265426,0.05684100146424237,0.2935791015625,0.21393251562500382,0.22388617812499945,201,212,1.054726368159204,78,3.3735440931780367,7,1604,0.0,3871.5300492610836,221,255,1.9921875,0.22405332656249755,True
0.8,80,27337,1024,3309,414,34,448,3.5,3.2314453125,4883,0.5960693359375,1461,0.29920131066967026,2379.7255859375,30.1064453125,14.36553480863565,0.24087897277717135,0.1783447265625,0.20913995859375234,0.21373808750000478,414,425,1.0265700483091786,35,5.579452054794521,6,1067,0.0,2389.057843137255,419,453,3.5390625,0.22869652421874775,True
0.8,81,19965,1024,1940,243,34,277,2.1640625,1.89453125,6252,0.76318359375,2400,0.3838771593090211,3386.080078125,36.8515625,12.833831362513507,0.1897793630554093,0.29296875,0.20913995859375234,0.21373808750000478,243,254,1.045267489711934,33,3.3997498957899124,6,1446,0.0,3399.358823529412,264,298,2.328125,0.22869652421874775,True
0.8,82,24405,1024,4893,612,34,646,5.046875,4.7783203125,3299,0.4027099609375,1052,0.31888451045771443,3492.359375,40.33203125,12.699614332373361,0.11882438745705047,0.12841796875,0.20913995859375234,0.21373808750000478,612,623,1.0179738562091503,26,7.7640342530922934,3,864,0.0,3502.620959843291,631,665,5.1953125,0.22869652421874775,True
0.8,83,45135,1024,4239,530,34,564,4.40625,4.1396484375,3953,0.4825439453125,1548,0.39160131545661525,7169.0546875,59.3203125,9.576184675527502,0.19196010967030516,0.18896484375,0.20913995859375234,0.21373808750000478,530,541,1.0207547169811322,36,5.266968325791855,6,1101,0.0,7197.16862745098,549,583,4.5546875,0.22869652421874775,True
0.8,84,11274,1024,2755,345,34,379,2.9609375,2.6904296875,5437,0.6636962890625,1959,0.3603089939304764,4546.6884765625,48.2724609375,11.553851620058165,0.06619666555948911,0.2391357421875,0.20913995859375234,0.21373808750000478,345,356,1.0318840579710145,43,4.1593462717058225,5,1421,0.0,4568.998037291462,369,403,3.1484375,0.22869652421874775,True
0.8,85,1941,1024,1786,224,34,258,2.015625,1.744140625,6406,0.781982421875,3095,0.48314080549484856,2053.1806640625,36.0849609375,15.006531952511803,0.17463265546215867,0.3778076171875,0.20913995859375234,0.21373808750000478,224,235,1.0491071428571428,19,2.6399482870071105,9,1672,0.0,2057.198630136986,244,278,2.171875,0.22869652421874775,True
0.8,86,48940,1024,3824,478,34,512,4.0,3.734375,4368,0.533203125,1504,0.3443223443223443,1417.4541015625,28.1337890625,16.615713559208583,0.16616075576400116,0.18359375,0.20913995859375234,0.21373808750000478,478,489,1.0230125523012552,10,5.44045242847638,4,1075,0.0,1418.8396871945258,504,538,4.203125,0.22869652421874775,True
0.8,87,36794,1024,4052,507,34,541,4.2265625,3.95703125,4140,0.50537109375,1892,0.4570048309178744,9680.6484375,78.78515625,8.2717591229957,0.1280483650187931,0.23095703125,0.20913995859375234,0.21373808750000478,507,518,1.0216962524654833,112,4.26969857218403,5,1316,0.0,9814.835643564356,533,567,4.4296875,0.22869652421874775,True
0.8,88,21994,1024,2980,373,34,407,3.1796875,2.91015625,5212,0.63623046875,2132,0.40905602455871065,3569.03125,42.966796875,12.605300102663705,0.08669053184140449,0.26025390625,0.20913995859375234,0.21373808750000478,373,384,1.029490616621984,51,3.8188643829188176,6,1400,0.0,3590.066797642436,396,430,3.359375,0.22869652421874775,True
0.8,89,49944,1024,1602,201,34,235,1.8359375,1.564453125,6590,0.804443359375,3105,0.47116843702579664,3288.44921875,42.962890625,12.960892211305769,0.12481946627798263,0.3790283203125,0.20913995859375234,0.21373808750000478,201,212,1.054726368159204,46,2.620811855670103,9,1654,0.0,3304.584887144259,222,256,2.0,0.22869652421874775,True
0.8,90,43442,1024,1279,160,34,194,1.515625,1.2490234375,6913,0.8438720703125,1267,0.18327788225083178,349.1220703125,6.5908203125,22.701030565625825,0.6441012761265844,0.1546630859375,0.20913995859375234,0.21373808750000478,160,171,1.06875,119,6.3246445497630335,9,834,0.0,353.9613861386139,154,188,1.46875,0.22869652421874775,True
0.8,91,45096,1024,3739,468,34,502,3.921875,3.6513671875,4453,0.5435791015625,1220,0.273972602739726,1013.041015625,20.3828125,18.074533315994323,0.1929823654214603,0.14892578125,0.20913995859375234,0.21373808750000478,468,479,1.0235042735042734,28,6.693191140278917,5,853,0.0,1016.0176297747306,481,515,4.0234375,0.22869652421874775,True
0.8,92,42430,1024,1586,199,34,233,1.8203125,1.548828125,6606,0.806396484375,2612,0.39539812291855886,315.7548828125,12.1044921875,23.137302856876406,0.3992122433305361,0.31884765625,0.20913995859375234,0.21373808750000478,199,210,1.0552763819095476,92,3.1011106855610877,15,1230,0.0,319.18361303060215,210,244,1.90625,0.22869652421874775,True
0.8,93,42255,1024,2099,263,34,297,2.3203125,2.0498046875,6093,0.7437744140625,3140,0.5153454784178566,2597.8115234375,44.7509765625,13.98472721944735,0.18020130160506104,0.38330078125,0.20913995859375234,0.21373808750000478,263,274,1.0418250950570342,188,2.5489009238611025,8,1758,0.0,2657.5014985014986,289,323,2.5234375,0.22869652421874775,True
0.8,94,5771,1024,2983,373,34,407,3.1796875,2.9130859375,5209,0.6358642578125,2351,0.45133422921866,15692.24609375,96.626953125,6.173952505310084,0.09708341024371689,0.2869873046875,0.20913995859375234,0.21373808750000478,373,384,1.029490616621984,23,3.4727659574468084,9,1299,0.0,15722.954990215265,390,424,3.3125,0.22869652421874775,True
0.8,95,8320,1024,4816,602,34,636,4.96875,4.703125,3376,0.412109375,1204,0.3566350710900474,2109.21484375,31.884765625,14.889595418193164,0.10559132970915008,0.14697265625,0.20913995859375234,0.21373808750000478,602,613,1.0182724252491695,18,6.789692435577722,4,884,0.0,2113.3424657534247,621,655,5.1171875,0.22869652421874775,True
0.8,96,48807,1024,5271,659,34,693,5.4140625,5.1474609375,2921,0.3565673828125,778,0.2663471413899349,1524.28125,24.109375,16.300152534091904,0.27892145189668743,0.094970703125,0.20913995859375234,0.21373808750000478,659,670,1.0166919575113809,18,10.510939510939512,4,549,0.0,1527.2641878669276,670,704,5.5,0.22869652421874775,True
0.8,97,2675,1024,1297,163,34,197,1.5390625,1.2666015625,6895,0.8416748046875,2318,0.33618564176939814,1719.6552734375,23.8466796875,15.776389650352273,0.35628427990180767,0.282958984375,0.20913995859375234,0.21373808750000478,163,174,1.0674846625766872,98,3.4920155373327577,7,1401,0.0,1740.046442687747,173,207,1.6171875,0.22869652421874775,True
0.8,98,37658,1024,128,16,34,50,0.390625,0.125,8064,0.984375,3701,0.458953373015873,16488.3251953125,99.6416015625,5.959038165256098,0.015753880089354563,0.4517822265625,0.20913995859375234,0.21373808750000478,16,24,1.5,19,2.2083783783783786,15,1917,0.0,16520.591976516633,19,53,0.4140625,0.22869652421874775,True
0.8,99,45710,1024,4020,503,34,537,4.1953125,3.92578125,4172,0.50927734375,1611,0.3861457334611697,6417.7158203125,55.9970703125,10.056998784609661,0.22514005701224346,0.1966552734375,0.20913995859375234,0.21373808750000478,503,514,1.021868787276342,17,5.05527950310559,6,1167,0.0,6430.274951076321,533,567,4.4296875,0.22869652421874775,True
0.8,100,15813,1024,4120,515,34,549,4.2890625,4.0234375,4072,0.4970703125,1043,0.256139489194499,735.34765625,14.505859375,19.465876483223493,0.35475344338977916,0.1273193359375,0.20913995859375234,0.21373808750000478,515,526,1.021359223300971,123,7.700575815738963,5,659,0.0,746.2794846382557,525,559,4.3671875,0.22869652421874775,True
0.8,101,7135,1024,5579,698,34,732,5.71875,5.4482421875,2613,0.3189697265625,790,0.302334481438959,3110.0390625,33.42578125,13.203145170109572,0.1747654285707743,0.096435546875,0.20913995859375234,0.21373808750000478,698,709,1.015759312320917,50,10.201520912547528,4,619,0.0,3128.369351669941,717,751,5.8671875,0.22869652421874775,True
0.8,102,31775,1024,4833,605,34,639,4.9921875,4.7197265625,3359,0.4100341796875,830,0.24709735040190534,948.60546875,17.064453125,18.35994736819081,0.3412716596138503,0.101318359375,0.20913995859375234,0.21373808750000478,605,616,1.018181818181818,9,9.866103739445114,4,565,0.0,949.5327468230694,620,654,5.109375,0.22869652421874775,True
0.8,103,31772,1024,4312,539,34,573,4.4765625,4.2109375,3880,0.4736328125,1353,0.34871134020618555,6493.7529296875,59.3486328125,10.005846000325938,0.060684148636319685,0.1651611328125,0.20913995859375234,0.21373808750000478,539,550,1.0204081632653061,41,6.0266272189349115,5,1067,0.0,6525.616290480863,556,590,4.609375,0.22869652421874775,True
0.8,104,25160,1024,1827,229,34,263,2.0546875,1.7841796875,6365,0.7769775390625,2396,0.37643362136684994,614.4072265625,17.4111328125,20.2462404571008,0.3060595850502131,0.29248046875,0.20913995859375234,0.21373808750000478,229,240,1.0480349344978166,20,3.4112734864300625,9,1340,0.0,615.6095890410959,252,286,2.234375,0.22869652421874775,True
0.8,105,36108,1024,1243,156,34,190,1.484375,1.2138671875,6949,0.8482666015625,3077,0.44279752482371565,4700.240234375,58.73046875,11.40960305103021,0.10157041187455583,0.3756103515625,0.20913995859375234,0.21373808750000478,156,167,1.0705128205128205,54,2.644993498049415,7,1932,0.0,4727.943025540275,153,187,1.4609375,0.22869652421874775,True
0.8,106,1260,1024,1028,129,34,163,1.2734375,1.00390625,7164,0.87451171875,2868,0.40033500837520936,6853.4013671875,62.7919921875,9.771741939928184,0.05307314587509335,0.35009765625,0.20913995859375234,0.21373808750000478,129,140,1.0852713178294573,20,2.849319846529473,8,1745,0.0,6866.813111545988,142,176,1.375,0.22869652421874775,True
0.8,107,37885,1024,4142,518,34,552,4.3125,4.044921875,4050,0.494384765625,1513,0.37358024691358027,4500.4609375,49.56640625,11.598233643456679,0.03353050316432898,0.1846923828125,0.20913995859375234,0.21373808750000478,518,529,1.0212355212355213,85,5.357804232804233,4,1129,0.0,4544.844181459566,545,579,4.5234375,0.22869652421874775,True
0.8,108,41535,1024,259,33,34,67,0.5234375,0.2529296875,7933,0.9683837890625,3464,0.4366570023950586,19278.9267578125,122.3564453125,5.279975074490926,0.07306405313349704,0.4228515625,0.20913995859375234,0.21373808750000478,33,44,1.3333333333333333,127,2.3216863990759458,11,1900,0.0,19565.53121902874,38,72,0.5625,0.22869652421874775,True
0.8,109,44889,1024,1039,130,34,164,1.28125,1.0146484375,7153,0.8731689453125,3193,0.44638613169299596,5398.6591796875,56.2783203125,10.807944497799088,0.06452593163176681,0.3897705078125,0.20913995859375234,0.21373808750000478,130,141,1.0846153846153845,55,2.5482456140350878,9,1789,0.0,5430.478388998035,144,178,1.390625,0.22869652421874775,True
0.8,110,28184,1024,5286,661,34,695,5.4296875,5.162109375,2906,0.354736328125,746,0.2567102546455609,2454.6875,29.2734375,14.230841498118242,0.15096760370491172,0.091064453125,0.20913995859375234,0.21373808750000478,661,672,1.0166414523449319,9,10.96510067114094,3,612,0.0,2457.086999022483,667,701,5.4765625,0.22869652421874775,True
0.8,111,25319,1024,4835,605,34,639,4.9921875,4.7216796875,3357,0.4097900390625,1150,0.3425677688412273,4589.83203125,47.673828125,11.512835684103955,0.14108254065354195,0.140380859375,0.20913995859375234,0.21373808750000478,605,616,1.018181818181818,11,7.113141862489121,4,902,0.0,4594.318670576735,621,655,5.1171875,0.22869652421874775,True
0.8,112,11010,1024,3042,381,34,415,3.2421875,2.970703125,5150,0.628662109375,2001,0.38854368932038835,3214.2685546875,46.6435546875,13.059982012761806,0.27248580304763204,0.2442626953125,0.20913995859375234,0.21373808750000478,381,392,1.0288713910761156,36,4.076,6,1392,0.0,3226.8735294117646,401,435,3.3984375,0.22869652421874775,True
0.8,113,33880,1024,4224,528,34,562,4.390625,4.125,3968,0.484375,1204,0.3034274193548387,1105.546875,22.9921875,17.695031995504145,0.11545919834221499,0.14697265625,0.20913995859375234,0.21373808750000478,528,539,1.0208333333333333,8,6.778886118038238,5,890,0.0,1106.6275659824048,554,588,4.59375,0.22869652421874775,True
0.8,114,19307,1024,2184,273,34,307,2.3984375,2.1328125,6008,0.7333984375,2368,0.3941411451398136,1690.517578125,33.84375,15.850606699169658,0.1779898300658479,0.2890625,0.20913995859375234,0.21373808750000478,273,284,1.0402930402930404,55,3.434727503168568,7,1550,0.0,1700.4813359528487,293,327,2.5546875,0.22869652421874775,True
0.8,115,12236,1024,484,61,34,95,0.7421875,0.47265625,7708,0.94091796875,1837,0.23832381940840686,5738.7529296875,42.1123046875,10.542628333823473,0.16095718747754073,0.2242431640625,0.20913995859375234,0.21373808750000478,61,72,1.180327868852459,31,4.440087145969499,8,1178,0.0,5755.615083251714,68,102,0.796875,0.22869652421874775,True
0.8,116,13805,1024,1546,194,34,228,1.78125,1.509765625,6646,0.811279296875,3326,0.5004513993379477,5888.015625,66.00390625,10.431114070516683,0.0936904689392875,0.406005859375,0.20913995859375234,0.21373808750000478,194,205,1.056701030927835,9,2.4604511278195487,11,1894,0.0,5893.771260997068,208,242,1.890625,0.22869652421874775,True
0.8,117,5814,1024,2825,354,34,388,3.03125,2.7587890625,5367,0.6551513671875,1752,0.32643935159306875,2821.7470703125,35.8681640625,13.625622780585509,0.034704605980797866,0.2138671875,0.20913995859375234,0.21373808750000478,354,365,1.0310734463276836,37,4.655625356938892,7,1208,0.0,2832.812745098039,369,403,3.1484375,0.22869652421874775,True
0.8,118,48485,1024,3446,431,34,465,3.6328125,3.365234375,4746,0.579345703125,2020,0.42562157606405393,2126.3203125,34.88671875,14.854516728947297,0.15998562980496828,0.24658203125,0.20913995859375234,0.21373808750000478,431,442,1.025522041763341,19,4.04507181773155,10,1187,0.0,2130.4814090019568,455,489,3.8203125,0.22869652421874775,True
0.8,119,12248,1024,1385,174,34,208,1.625,1.3525390625,6807,0.8309326171875,2701,0.3967974144263258,12623.0146484375,86.4599609375,7.119172746736753,0.09900717200404417,0.3297119140625,0.20913995859375234,0.21373808750000478,174,185,1.0632183908045978,13,3.0274074074074075,9,1686,0.0,12635.35386119257,189,223,1.7421875,0.22869652421874775,True
0.8,120,458,1024,3868,484,34,518,4.046875,3.77734375,4324,0.52783203125,2224,0.5143385753931545,8234.6015625,76.09765625,8.974377705247216,0.08594378665587539,0.271484375,0.20913995859375234,0.21373808750000478,484,495,1.0227272727272727,16,3.675213675213675,6,1492,0.0,8250.716242661449,517,551,4.3046875,0.22869652421874775,True
0.8,121,319,1024,4534,567,34,601,4.6953125,4.427734375,3658,0.446533203125,1141,0.3119190814652816,4775.09765625,43.962890625,11.340981030346766,0.2713451924951594,0.1392822265625,0.20913995859375234,0.21373808750000478,567,578,1.0194003527336861,38,7.146491228070175,4,828,0.0,4793.823529411765,584,618,4.828125,0.22869652421874775,True
0.8,122,21496,1024,3883,486,34,520,4.0625,3.7919921875,4309,0.5260009765625,1640,0.3805987468090044,5476.3037109375,51.6513671875,10.745928351520035,0.10890687696506507,0.2001953125,0.20913995859375234,0.21373808750000478,486,497,1.022633744855967,44,4.968273337400854,6,1111,0.0,5503.174681059862,502,536,4.1875,0.22869652421874775,True
0.8,123,20390,1024,1954,245,34,279,2.1796875,1.908203125,6238,0.761474609375,2738,0.4389227316447579,2002.05078125,34.47265625,15.116052718719825,0.17251992284917042,0.334228515625,0.20913995859375234,0.21373808750000478,245,256,1.0448979591836736,27,2.9820971867007673,7,1541,0.0,2007.9333986287952,268,302,2.359375,0.22869652421874775,True
0.8,124,33691,1024,1918,240,34,274,2.140625,1.873046875,6274,0.765869140625,2344,0.3736053554351291,3191.71875,34.904296875,13.090557459537921,0.1890604246139672,0.2861328125,0.20913995859375234,0.21373808750000478,240,251,1.0458333333333334,21,3.4865556978233037,7,1390,0.0,3197.9647749510764,260,294,2.296875,0.22869652421874775,True
0.8,125,33872,1024,3859,483,34,517,4.0390625,3.7685546875,4333,0.5289306640625,1944,0.4486498961458574,4144.7509765625,49.4482421875,11.955819183226568,0.1703604319932362,0.2373046875,0.20913995859375234,0.21373808750000478,483,494,1.0227743271221532,12,4.202779207411219,5,1315,0.0,4148.802541544477,511,545,4.2578125,0.22869652421874775,True
0.8,126,46987,1024,3069,384,34,418,3.265625,2.9970703125,5123,0.6253662109375,1562,0.30489947296505954,1231.2841796875,22.9033203125,17.227220614486246,0.31587540676871684,0.190673828125,0.20913995859375234,0.21373808750000478,384,395,1.0286458333333333,148,5.150544522741832,5,1039,0.0,1253.3151093439365,393,427,3.3359375,0.22869652421874775,True
0.8,127,26772,1024,4642,581,34,615,4.8046875,4.533203125,3550,0.433349609375,1075,0.3028169014084507,3317.515625,36.37109375,12.922673838648812,0.1884675972806109,0.1312255859375,0.20913995859375234,0.21373808750000478,581,592,1.0189328743545611,211,7.425512104283054,4,809,0.0,3403.943887775551,604,638,4.984375,0.22869652421874775,True
0.8,128,7057,1024,3080,385,34,419,3.2734375,3.0078125,5112,0.6240234375,1938,0.37910798122065725,6715.2919921875,64.2548828125,9.860154595982795,0.1254952004104495,0.236572265625,0.20913995859375234,0.21373808750000478,385,396,1.0285714285714285,94,4.1786267423851315,5,1389,0.0,6788.212240868706,403,437,3.4140625,0.22869652421874775,True
0.8,129,30014,1024,223,28,34,62,0.484375,0.2177734375,7969,0.9727783203125,4148,0.520517003388129,25218.59765625,147.06640625,4.113594279998154,0.06093175410115853,0.50634765625,0.20913995859375234,0.21373808750000478,28,39,1.3928571428571428,18,1.9708222811671088,9,2186,0.0,25267.949119373778,32,66,0.515625,0.22869652421874775,True
0.8,130,48237,1024,3346,419,34,453,3.5390625,3.267578125,4846,0.591552734375,1544,0.31861328931077176,911.84375,22.66796875,18.531599351781466,0.15844874868787237,0.1884765625,0.20913995859375234,0.21373808750000478,419,430,1.026252983293556,81,5.254698639014906,5,1045,0.0,920.836291913215,437,471,3.6796875,0.22869652421874775,True
0.8,131,4823,1024,3409,427,34,461,3.6015625,3.3291015625,4783,0.5838623046875,1977,0.4133389086347481,4753.27734375,47.7734375,11.360872056629523,0.0982068823407589,0.2413330078125,0.20913995859375234,0.21373808750000478,427,438,1.0257611241217799,29,4.125,6,1264,0.0,4767.243878550441,449,483,3.7734375,0.22869652421874775,True
0.8,132,26627,1024,4810,602,34,636,4.96875,4.697265625,3382,0.412841796875,1198,0.3542282672974571,2767.07421875,36.626953125,13.710595528793622,0.15773294410114178,0.146240234375,0.20913995859375234,0.21373808750000478,602,613,1.0182724252491695,51,6.796992481203008,4,857,0.0,2783.3831041257367,617,651,5.0859375,0.22869652421874775,True
0.8,133,12293,1024,5440,680,34,714,5.578125,5.3125,2752,0.3359375,1050,0.3815406976744186,2680.5,34.9375,13.848645493065849,0.14027119903795,0.128173828125,0.20913995859375234,0.21373808750000478,680,691,1.0161764705882352,11,7.792183031458532,4,736,0.0,2683.1202346041055,705,739,5.7734375,0.22869652421874775,True
0.8,134,32803,1024,1873,235,34,269,2.1015625,1.8291015625,6319,0.7713623046875,2353,0.37236904573508467,633.673828125,20.123046875,20.112145905197178,0.224617633593204,0.2872314453125,0.20913995859375234,0.21373808750000478,235,246,1.0468085106382978,34,3.4672619047619047,7,1446,0.0,636.1588235294117,257,291,2.2734375,0.22869652421874775,True
0.8,135,41882,1024,299,38,34,72,0.5625,0.2919921875,7893,0.9635009765625,3816,0.48346636259977194,19503.4404296875,119.2783203125,5.229691326933331,0.12564978386023848,0.4658203125,0.20913995859375234,0.21373808750000478,38,47,1.236842105263158,125,2.113499344692005,8,2040,0.0,19793.382556987115,43,77,0.6015625,0.22869652421874775,True
0.8,136,10235,1024,3234,405,34,439,3.4296875,3.158203125,4958,0.605224609375,2552,0.5147236789027834,6109.7216796875,70.2353515625,10.270589338870554,0.11422293131856973,0.3115234375,0.20913995859375234,0.21373808750000478,405,416,1.0271604938271606,25,3.19952959623677,5,1904,0.0,6127.673849167483,430,464,3.625,0.22869652421874775,True
0.8,137,30033,1024,2180,273,34,307,2.3984375,2.12890625,6012,0.73388671875,2452,0.4078509647371923,4896.0791015625,49.3720703125,11.232319351669673,0.1139785565026044,0.29931640625,0.20913995859375234,0.21373808750000478,273,284,1.0402930402930404,20,3.3329253365973073,7,1590,0.0,4905.660469667319,296,330,2.578125,0.22869652421874775,True
0.8,138,20042,1024,5018,628,34,662,5.171875,4.900390625,3174,0.387451171875,1055,0.3323881537492123,3143.9609375,37.4765625,13.1560321940817,0.1457553836887806,0.1287841796875,0.20913995859375234,0.21373808750000478,628,639,1.017515923566879,19,7.64326375711575,4,802,0.0,3150.113502935421,643,677,5.2890625,0.22869652421874775,True
0.8,139,29399,1024,523,66,34,100,0.78125,0.5107421875,7669,0.9361572265625,3695,0.48180988394836355,14577.2060546875,105.3740234375,6.494060681141728,0.13061904004828284,0.4510498046875,0.20913995859375234,0.21373808750000478,66,77,1.1666666666666667,11,2.214401732539253,8,2042,0.0,14591.455522971652,73,107,0.8359375,0.22869652421874775,True
0.8,140,6463,1024,5582,698,34,732,5.71875,5.451171875,2610,0.318603515625,901,0.34521072796934865,1725.375,28.171875,15.761968598753953,0.18724830240718016,0.1099853515625,0.20913995859375234,0.21373808750000478,698,709,1.015759312320917,11,9.066666666666666,4,642,0.0,1727.0615835777126,720,754,5.890625,0.22869652421874775,True
0.8,141,25920,1024,1958,245,34,279,2.1796875,1.912109375,6234,0.760986328125,2117,0.33958934873275587,1315.515625,23.48046875,16.939843500950065,0.45785052213181293,0.2584228515625,0.20913995859375234,0.21373808750000478,245,256,1.0448979591836736,62,3.840264650283554,6,1333,0.0,1324.5703048180924,273,307,2.3984375,0.22869652421874775,True
0.8,142,10327,1024,2925,366,34,400,3.125,2.8564453125,5267,0.6429443359375,2561,0.4862350484146573,14275.283203125,95.880859375,6.584956280246712,0.05993254851845301,0.3126220703125,0.20913995859375234,0.21373808750000478,366,377,1.030054644808743,12,3.193359375,9,1493,0.0,14289.237536656892,388,422,3.296875,0.22869652421874775,True
0.8,143,3805,1024,1935,242,34,276,2.15625,1.8896484375,6257,0.7637939453125,2577,0.4118587182355762,1355.3046875,27.61328125,16.810434204730733,0.09057325602690917,0.3145751953125,0.20913995859375234,0.21373808750000478,242,253,1.0454545454545454,76,3.1494565217391304,7,1555,0.0,1367.3221674876847,266,300,2.34375,0.22869652421874775,True
0.8,144,37879,1024,1306,164,34,198,1.546875,1.275390625,6886,0.840576171875,3033,0.44045890212024397,10284.1572265625,95.3388671875,8.009116532523441,0.2055138766670515,0.3702392578125,0.20913995859375234,0.21373808750000478,164,175,1.0670731707317074,35,2.687664907651715,7,1815,0.0,10324.48725490196,171,205,1.6015625,0.22869652421874775,True
0.8,145,22721,1024,3077,385,34,419,3.2734375,3.0048828125,5115,0.6243896484375,2111,0.41270772238514175,1989.03125,32.63671875,15.144387544172078,0.19662185755207845,0.2576904296875,0.20913995859375234,0.21373808750000478,385,396,1.0285714285714285,29,3.867298578199052,7,1208,0.0,1994.875612144956,402,436,3.40625,0.22869652421874775,True
0.8,146,43932,1024,4539,568,34,602,4.703125,4.4326171875,3653,0.4459228515625,1240,0.3394470298384889,5476.19140625,50.794921875,10.746017414889712,0.3874789433266319,0.1513671875,0.20913995859375234,0.21373808750000478,568,579,1.0193661971830985,35,6.577078288942696,4,934,0.0,5497.666666666667,587,621,4.8515625,0.22869652421874775,True
0.8,147,47270,1024,4213,527,34,561,4.3828125,4.1142578125,3979,0.4857177734375,1785,0.44860517718019605,3816.4140625,49.4921875,12.314248734250864,0.11211120430205083,0.2178955078125,0.20913995859375234,0.21373808750000478,527,538,1.0208728652751422,27,4.573991031390134,4,1270,0.0,3827.6278158667974,548,582,4.546875,0.22869652421874775,True
0.8,148,11091,1024,4055,507,34,541,4.2265625,3.9599609375,4137,0.5050048828125,1591,0.38457819676093785,6631.712890625,66.01171875,9.914546450018623,0.05369395083272016,0.1942138671875,0.20913995859375234,0.21373808750000478,507,518,1.0216962524654833,17,5.074842767295597,5,1272,0.0,6644.690802348337,518,552,4.3125,0.22869652421874775,True
0.8,149,9736,1024,4182,523,34,557,4.3515625,4.083984375,4010,0.489501953125,1959,0.4885286783042394,5896.2666015625,60.0048828125,10.425032488103641,0.10254282488883587,0.2391357421875,0.20913995859375234,0.21373808750000478,523,534,1.0210325047801148,29,4.167007150153218,6,1249,0.0,5913.5915768854065,545,579,4.5234375,0.22869652421874775,True
0.8,150,23206,1024,2340,293,34,327,2.5546875,2.28515625,5852,0.71435546875,2307,0.3942241968557758,2236.9931640625,31.9990234375,14.634157039123048,0.17124754239961074,0.2816162109375,0.20913995859375234,0.21373808750000478,293,304,1.0375426621160408,29,3.539028620988725,7,1457,0.0,2243.56611165524,307,341,2.6640625,0.22869652421874775,True
0.8,151,25039,1024,5242,656,34,690,5.390625,5.119140625,2950,0.360107421875,1126,0.38169491525423727,2443.828125,33.02734375,14.25009702255206,0.09585241207634691,0.137451171875,0.20913995859375234,0.21373808750000478,656,667,1.016768292682927,9,7.270222222222222,4,775,0.0,2446.2170087976538,685,719,5.6171875,0.22869652421874775,True
0.8,152,21014,1024,2027,254,34,288,2.25,1.9794921875,6165,0.7525634765625,1830,0.29683698296836986,11802.4189453125,72.0986328125,7.411093343297006,0.106603590307262,0.223388671875,0.20913995859375234,0.21373808750000478,254,265,1.0433070866141732,87,4.430836522689995,8,1182,0.0,11918.813609467456,267,301,2.3515625,0.22869652421874775,True
0.8,153,32412,1024,4186,524,34,558,4.359375,4.087890625,4006,0.489013671875,1425,0.3557164253619571,1011.078125,23.75390625,18.082956464781706,0.23825076433089604,0.1739501953125,0.20913995859375234,0.21373808750000478,524,535,1.0209923664122138,10,5.741573033707865,5,952,0.0,1012.0664711632454,547,581,4.5390625,0.22869652421874775,True
0.8,154,34022,1024,2336,292,34,326,2.546875,2.28125,5856,0.71484375,1662,0.2838114754098361,629.97265625,13.361328125,20.137586614102908,0.4449396882367036,0.202880859375,0.20913995859375234,0.21373808750000478,292,303,1.0376712328767124,29,4.888621312462372,13,964,0.0,631.8237022526935,303,337,2.6328125,0.22869652421874775,True
0.8,155,21369,1024,2557,320,34,354,2.765625,2.4970703125,5635,0.6878662109375,2176,0.38615794143744453,4541.888671875,46.458984375,11.558438760266679,0.1396097288266079,0.265625,0.20913995859375234,0.21373808750000478,320,331,1.034375,191,3.6758620689655173,6,1347,0.0,4646.247752247752,330,364,2.84375,0.22869652421874775,True
0.8,156,41654,1024,4552,569,34,603,4.7109375,4.4453125,3640,0.4443359375,1174,0.32252747252747255,3134.32421875,33.525390625,13.169364424011974,0.3218934309607544,0.143310546875,0.20913995859375234,0.21373808750000478,569,580,1.0193321616871704,58,6.92924126172208,6,839,0.0,3155.897738446411,590,624,4.875,0.22869652421874775,True
0.8,157,11953,1024,196,25,34,59,0.4609375,0.19140625,7996,0.97607421875,3793,0.4743621810905453,24123.6240234375,138.8291015625,4.306378096736561,0.06919973790481462,0.4630126953125,0.20913995859375234,0.21373808750000478,25,34,1.36,55,2.145042194092827,8,2011,0.0,24265.80648330059,29,63,0.4921875,0.22869652421874775,True
0.8,158,13700,1024,3838,480,34,514,4.015625,3.748046875,4354,0.531494140625,2041,0.46876435461644467,6918.830078125,66.6640625,9.730476961176976,0.07171187668031397,0.2491455078125,0.20913995859375234,0.21373808750000478,480,491,1.0229166666666667,28,4.000980392156863,5,1352,0.0,6939.159647404505,500,534,4.171875,0.22869652421874775,True
0.8,159,38205,1024,2514,315,34,349,2.7265625,2.455078125,5678,0.693115234375,2166,0.3814723494188094,4723.2099609375,47.3076171875,11.388431091616697,0.20931270484177034,0.264404296875,0.20913995859375234,0.21373808750000478,315,326,1.034920634920635,21,3.771824480369515,7,1333,0.0,4732.4530332681015,338,372,2.90625,0.22869652421874775,True
0.8,160,40129,1024,2820,353,34,387,3.0234375,2.75390625,5372,0.65576171875,1435,0.2671258376768429,347.1767578125,13.1298828125,22.725297177840993,0.30872830437990456,0.1751708984375,0.20913995859375234,0.21373808750000478,353,364,1.0311614730878187,12,5.701534170153417,6,985,0.0,347.51612903225805,367,401,3.1328125,0.22869652421874775,True
0.8,161,17080,1024,980,123,34,157,1.2265625,0.95703125,7212,0.88037109375,3215,0.44578480310593455,2775.0439453125,39.5087890625,13.69810495911699,0.06909980567766542,0.3924560546875,0.20913995859375234,0.21373808750000478,123,134,1.089430894308943,93,2.518979464841319,9,1738,0.0,2805.177690029615,134,168,1.3125,0.22869652421874775,True
0.8,162,1505,1024,3357,420,34,454,3.546875,3.2783203125,4835,0.5902099609375,2000,0.4136504653567735,7053.9248046875,59.8193359375,9.64649535120129,0.1048294805637267,0.244140625,0.20913995859375234,0.21373808750000478,420,431,1.026190476190476,62,4.065032516258129,6,1335,0.0,7102.476892822026,438,472,3.6875,0.22869652421874775,True
0.8,163,36391,1024,4180,523,34,557,4.3515625,4.08203125,4012,0.48974609375,1910,0.4760717846460618,6996.1826171875,68.3779296875,9.6821922378315,0.022412221018341078,0.233154296875,0.20913995859375234,0.21373808750000478,523,534,1.0210325047801148,11,4.283394447354636,5,1283,0.0,7003.021505376344,551,585,4.5703125,0.22869652421874775,True
0.8,164,24660,1024,5026,629,34,663,5.1796875,4.908203125,3166,0.386474609375,1123,0.3547062539481996,3603.96875,42.921875,12.562993443104409,0.09204980173549841,0.1370849609375,0.20913995859375234,0.21373808750000478,629,640,1.0174880763116056,11,7.287878787878788,5,831,0.0,3607.4916911045943,637,671,5.2421875,0.22869652421874775,True
0.8,165,24061,1024,3620,453,34,487,3.8046875,3.53515625,4572,0.55810546875,1431,0.31299212598425197,1906.0966796875,31.9892578125,15.329354360294294,0.271565234461272,0.1746826171875,0.20913995859375234,0.21373808750000478,453,464,1.0242825607064017,54,5.686013986013986,5,1042,0.0,1917.3310412573674,461,495,3.8671875,0.22869652421874775,True
0.8,166,10964,1024,2460,308,34,342,2.671875,2.40234375,5732,0.69970703125,2347,0.4094556873691556,4268.349609375,50.2265625,11.828203767312056,0.20380222377920176,0.2864990234375,0.20913995859375234,0.21373808750000478,308,319,1.0357142857142858,69,3.4607843137254903,7,1442,0.0,4301.958661417323,326,360,2.8125,0.22869652421874775,True
0.8,167,20807,1024,4363,546,34,580,4.53125,4.2607421875,3829,0.4674072265625,1747,0.456254896839906,5556.140625,60.32421875,10.683071317417417,0.04887397602766751,0.2132568359375,0.20913995859375234,0.21373808750000478,546,557,1.02014652014652,9,4.684994272623139,5,1178,0.0,5561.571847507332,566,600,4.6875,0.22869652421874775,True
0.8,168,33388,1024,5645,706,34,740,5.78125,5.5126953125,2547,0.3109130859375,933,0.3663133097762073,2872.953125,36.37109375,13.547518207513248,0.1848650956237151,0.1138916015625,0.20913995859375234,0.21373808750000478,706,717,1.0155807365439093,19,8.739270386266094,4,691,0.0,2878.5753424657532,732,766,5.984375,0.22869652421874775,True
0.8,169,34571,1024,2770,347,34,381,2.9765625,2.705078125,5422,0.661865234375,2236,0.4123939505717447,10629.12109375,76.15625,7.8658300602620566,0.1448120035704615,0.27294921875,0.20913995859375234,0.21373808750000478,347,358,1.031700288184438,5,3.661297539149888,8,1463,,10629.12109375,366,400,3.125,0.22869652421874775,True
0.8,170,21194,1024,788,99,34,133,1.0390625,0.76953125,7404,0.90380859375,3268,0.4413830361966505,6675.4677734375,62.4970703125,9.88598657227589,0.14058423625091218,0.39892578125,0.20913995859375234,0.21373808750000478,99,110,1.1111111111111112,18,2.500765228037955,12,1847,0.0,6688.531311154599,108,142,1.109375,0.22869652421874775,True
0.8,171,32696,1024,4088,511,34,545,4.2578125,3.9921875,4104,0.5009765625,1493,0.36379142300194933,6903.326171875,51.236328125,9.740219672276957,0.165400822395028,0.1822509765625,0.20913995859375234,0.21373808750000478,511,522,1.0215264187866928,9,5.475871313672922,7,945,0.0,6910.074291300098,525,559,4.3671875,0.22869652421874775,True
0.8,172,46005,1024,1253,157,34,191,1.4921875,1.2236328125,6939,0.8470458984375,2139,0.3082576740164289,635.326171875,19.1640625,20.100836146672677,0.4782633537400945,0.2611083984375,0.20913995859375234,0.21373808750000478,157,168,1.070063694267516,38,3.812909260991581,8,1476,0.0,637.8176470588236,149,183,1.4296875,0.22869652421874775,True
0.8,173,19269,1024,2343,293,34,327,2.5546875,2.2880859375,5849,0.7139892578125,1171,0.20020516327577365,1158.0341796875,14.5068359375,17.493589829699218,0.43610510024857396,0.1429443359375,0.20913995859375234,0.21373808750000478,293,304,1.0375426621160408,87,6.923931623931624,6,820,0.0,1169.4546351084812,305,339,2.6484375,0.22869652421874775,True
0.8,174,5503,1024,3297,413,34,447,3.4921875,3.2197265625,4895,0.5975341796875,2178,0.4449438202247191,5594.34375,54.91015625,10.65331212357346,0.07549262801117655,0.265869140625,0.20913995859375234,0.21373808750000478,413,424,1.026634382566586,9,3.7570050528249883,5,1451,0.0,5599.812316715543,443,477,3.7265625,0.22869652421874775,True
0.8,175,32979,1024,2474,310,34,344,2.6875,2.416015625,5718,0.697998046875,2751,0.48111227701993703,8278.751953125,77.681640625,8.95115490354103,0.04419872246762832,0.3358154296875,0.20913995859375234,0.21373808750000478,310,321,1.0354838709677419,9,2.9734545454545454,7,1891,0.0,8286.844574780058,327,361,2.8203125,0.22869652421874775,True
0.8,176,32764,1024,1914,240,34,274,2.140625,1.869140625,6278,0.766357421875,3158,0.5030264415418924,1950.1982421875,36.4150390625,15.230016002171565,0.09402735387421918,0.385498046875,0.20913995859375234,0.21373808750000478,240,251,1.0458333333333334,20,2.587266392144441,10,1633,0.0,1954.0146771037182,265,299,2.3359375,0.22869652421874775,True
0.8,177,36396,1024,3086,386,34,420,3.28125,3.013671875,5106,0.623291015625,2083,0.40795142969056014,1654.1884765625,32.5224609375,15.944953697579818,0.28174043538372473,0.2542724609375,0.20913995859375234,0.21373808750000478,386,397,1.028497409326425,44,3.9121037463976944,5,1399,0.0,1662.3052011776251,409,443,3.4609375,0.22869652421874775,True
0.8,178,16139,1024,1501,188,34,222,1.734375,1.4658203125,6691,0.8167724609375,2175,0.32506351815872064,1325.126953125,28.546875,16.908228732362375,0.4237419377585513,0.2655029296875,0.20913995859375234,0.21373808750000478,188,199,1.0585106382978724,166,3.690892364305428,8,1528,0.0,1351.5239043824702,188,222,1.734375,0.22869652421874775,True
0.8,179,32110,1024,181,23,34,57,0.4453125,0.1767578125,8011,0.9779052734375,3108,0.387966545999251,18425.54296875,107.630859375,5.47660066244148,0.08609571541303772,0.37939453125,0.20913995859375234,0.21373808750000478,23,32,1.391304347826087,173,2.580624396523978,8,1635,0.0,18811.322033898305,28,62,0.484375,0.22869652421874775,True
0.8,180,37930,1024,2043,256,34,290,2.265625,1.9951171875,6149,0.7506103515625,2378,0.3867295495202472,1969.181640625,33.3203125,15.187945828289548,0.17924827699440984,0.290283203125,0.20913995859375234,0.21373808750000478,256,267,1.04296875,77,3.411442995372318,6,1559,0.0,1986.6423645320197,274,308,2.40625,0.22869652421874775,True
0.8,181,5624,1024,4545,569,34,603,4.7109375,4.4384765625,3647,0.4451904296875,1347,0.3693446668494653,1683.75,30.265625,15.868027521368685,0.07468725622482784,0.1644287109375,0.20913995859375234,0.21373808750000478,569,580,1.0193321616871704,16,6.0713224368499255,5,894,0.0,1687.0450097847358,588,622,4.859375,0.22869652421874775,True
0.8,182,37946,1024,3886,486,34,520,4.0625,3.794921875,4306,0.525634765625,1412,0.327914537854157,3056.6396484375,37.1005859375,13.278361187135266,0.18063866549754187,0.17236328125,0.20913995859375234,0.21373808750000478,486,497,1.022633744855967,28,5.78384124734231,5,952,0.0,3065.620959843291,499,533,4.1640625,0.22869652421874775,True
0.8,183,6616,1024,5404,676,34,710,5.546875,5.27734375,2788,0.34033203125,1173,0.42073170731707316,4556.755859375,50.69921875,11.544246001736752,0.15419271768696427,0.1431884765625,0.20913995859375234,0.21373808750000478,676,687,1.0162721893491125,11,6.976109215017065,4,856,0.0,4561.210166177908,695,729,5.6953125,0.22869652421874775,True
0.8,184,11706,1024,3023,378,34,412,3.21875,2.9521484375,5169,0.6309814453125,1912,0.3698974656606694,3907.2451171875,43.1591796875,12.212097037504288,0.22489345730273808,0.2333984375,0.20913995859375234,0.21373808750000478,378,389,1.029100529100529,109,4.227629513343799,5,1314,0.0,3957.486646884273,407,441,3.4453125,0.22869652421874775,True
0.8,185,10558,1024,1878,235,34,269,2.1015625,1.833984375,6314,0.770751953125,2126,0.3367120684193855,9375.744140625,62.525390625,8.410746137116929,0.13827534217496296,0.259521484375,0.20913995859375234,0.21373808750000478,235,246,1.0468085106382978,6,3.836705882352941,8,1269,,9375.744140625,242,276,2.15625,0.22869652421874775,True
0.8,186,18351,1024,209,27,34,61,0.4765625,0.2041015625,7983,0.9744873046875,2473,0.3097832894901666,9606.083984375,69.837890625,8.30533981584831,0.022028087275326,0.3018798828125,0.20913995859375234,0.21373808750000478,27,36,1.3333333333333333,71,3.27831715210356,8,1461,0.0,9681.722440944883,30,64,0.5,0.22869652421874775,True
0.8,187,15023,1024,1065,134,34,168,1.3125,1.0400390625,7127,0.8699951171875,3225,0.4525045601234741,15740.537109375,116.537109375,6.160608132986191,0.19554958466225908,0.3936767578125,0.20913995859375234,0.21373808750000478,134,145,1.0820895522388059,239,2.465260545905707,8,1798,0.0,16199.306532663317,143,177,1.3828125,0.22869652421874775,True
0.8,188,9490,1024,3508,439,34,473,3.6953125,3.42578125,4684,0.57177734375,1325,0.2828778821520068,1055.4951171875,22.6357421875,17.89624132303752,0.39932856181068155,0.1617431640625,0.20913995859375234,0.21373808750000478,439,450,1.0250569476082005,19,6.169184290030212,6,972,0.0,1057.5606653620353,452,486,3.796875,0.22869652421874775,True
0.8,189,6355,1024,4715,590,34,624,4.875,4.6044921875,3477,0.4244384765625,1281,0.3684210526315789,4119.28125,55.875,11.982589158031862,0.08851558313981335,0.1563720703125,0.20913995859375234,0.21373808750000478,590,601,1.0186440677966102,8,6.38828125,4,1038,0.0,4123.307917888563,595,629,4.9140625,0.22869652421874775,True
0.8,190,8857,1024,1887,236,34,270,2.109375,1.8427734375,6305,0.7696533203125,1230,0.1950832672482157,773.9248046875,13.0146484375,19.243815946239344,0.3631105958140237,0.150146484375,0.20913995859375234,0.21373808750000478,236,247,1.0466101694915255,238,6.3661513425549225,5,738,0.0,796.4814070351758,240,274,2.140625,0.22869652421874775,True
0.8,191,31811,1024,2420,303,34,337,2.6328125,2.36328125,5772,0.70458984375,2038,0.3530838530838531,5580.236328125,48.9609375,10.664277687713334,0.17020814502199025,0.248779296875,0.20913995859375234,0.21373808750000478,303,314,1.0363036303630364,37,4.000490918016691,6,1398,0.0,5602.119607843138,316,350,2.734375,0.22869652421874775,True
0.8,192,10400,1024,5654,707,34,741,5.7890625,5.521484375,2538,0.309814453125,773,0.3045705279747833,2700.0625,30.4765625,13.817065437122697,0.1362556191061856,0.0943603515625,0.20913995859375234,0.21373808750000478,707,718,1.0155586987270155,20,10.546632124352332,4,596,0.0,2705.3463796477495,721,755,5.8984375,0.22869652421874775,True
0.8,193,275,1024,4575,572,34,606,4.734375,4.4677734375,3617,0.4415283203125,1127,0.31158418578932817,1549.2353515625,28.3798828125,16.229629623980742,0.3621929400751925,0.1375732421875,0.20913995859375234,0.21373808750000478,572,583,1.0192307692307692,25,7.252220248667851,4,855,0.0,1553.7874632713026,580,614,4.796875,0.22869652421874775,True
0.8,194,26152,1024,290,37,34,71,0.5546875,0.283203125,7902,0.964599609375,3555,0.4498861047835991,17977.83203125,115.892578125,5.58343042415824,0.040466700534168065,0.4339599609375,0.20913995859375234,0.21373808750000478,37,46,1.2432432432432432,287,2.2239729881823296,8,1856,0.0,18614.054600606672,42,76,0.59375,0.22869652421874775,True
0.8,195,13037,1024,196,25,34,59,0.4609375,0.19140625,7996,0.97607421875,3027,0.3785642821410705,15881.3681640625,93.3681640625,6.1219244712773495,0.03361265502995194,0.3695068359375,0.20913995859375234,0.21373808750000478,25,36,1.44,279,2.6146728354263056,11,1462,0.0,16426.78888888889,29,63,0.4921875,0.22869652421874775,True
0.8,196,41203,1024,4367,546,34,580,4.53125,4.2646484375,3825,0.4669189453125,1446,0.3780392156862745,1798.109375,32.36328125,15.582642554983757,0.10354154955684225,0.176513671875,0.20913995859375234,0.21373808750000478,546,557,1.02014652014652,10,5.657439446366782,4,999,0.0,1799.8670576735092,574,608,4.75,0.22869652421874775,True
0.8,197,43709,1024,2407,301,34,335,2.6171875,2.3505859375,5785,0.7061767578125,1773,0.30648228176318065,1166.3193359375,19.9365234375,17.462628851894756,0.38799088207994753,0.2164306640625,0.20913995859375234,0.21373808750000478,301,312,1.0365448504983388,67,4.584650112866817,9,1182,0.0,1175.5029527559054,315,349,2.7265625,0.22869652421874775,True
0.8,198,43572,1024,3844,481,34,515,4.0234375,3.75390625,4348,0.53076171875,1468,0.3376264949402024,4313.1279296875,41.7607421875,11.782880211236773,0.05305808803514567,0.17919921875,0.20913995859375234,0.21373808750000478,481,492,1.022869022869023,11,5.556918882072257,5,1046,0.0,4317.344086021505,492,526,4.109375,0.22869652421874775,True
0.8,199,23390,1024,1714,215,34,249,1.9453125,1.673828125,6478,0.790771484375,2983,0.460481630132757,1934.845703125,33.46875,15.264340235301528,0.17160330828233725,0.3641357421875,0.20913995859375234,0.21373808750000478,215,226,1.0511627906976744,21,2.739101274312542,7,1623,0.0,1938.6320939334637,227,261,2.0390625,0.22869652421874775,True
0.85,0,712,1024,5728,716,34,750,5.859375,5.59375,2464,0.30078125,592,0.24025974025974026,3401.71875,33.7890625,12.81381957050593,0.27082849381142626,0.072265625,0.20913995859375234,0.21373808750000478,716,727,1.01536312849162,20,13.747884940778341,5,487,0.0,3408.375733855186,709,743,5.8046875,0.22869652421874775,True
0.85,1,24774,1024,4544,568,34,602,4.703125,4.4375,3648,0.4453125,986,0.27028508771929827,2475.4833984375,31.5576171875,14.194203427397575,0.3502932709958977,0.120361328125,0.20913995859375234,0.21373808750000478,568,579,1.0193661971830985,88,8.220304568527919,5,761,0.0,2502.3642645607106,567,601,4.6953125,0.22869652421874775,True
0.85,2,45142,1024,5668,709,34,743,5.8046875,5.53515625,2524,0.30810546875,520,0.20602218700475436,1774.0625,22.1796875,15.641114449624034,0.15072768103955309,0.0634765625,0.20913995859375234,0.21373808750000478,709,720,1.0155148095909732,34,15.695568400770712,3,464,0.0,1781.0196078431372,718,752,5.875,0.22869652421874775,True
0.85,3,27119,1024,1563,196,34,230,1.796875,1.5263671875,6629,0.8092041015625,1479,0.22311057474732238,6245.6630859375,42.1474609375,10.175018077852364,0.2952232842737668,0.1805419921875,0.20913995859375234,0.21373808750000478,196,207,1.0561224489795917,7,5.537212449255751,9,904,,6245.6630859375,208,242,1.890625,0.22869652421874775,True
0.85,4,21139,1024,4607,576,34,610,4.765625,4.4990234375,3585,0.4376220703125,1063,0.296513249651325,1915.234375,27.51171875,15.308584329335817,0.21440004087186393,0.1297607421875,0.20913995859375234,0.21373808750000478,576,587,1.0190972222222223,20,7.690207156308851,4,749,0.0,1918.9823874755382,589,623,4.8671875,0.22869652421874775,True
0.85,5,19129,1024,4783,598,34,632,4.9375,4.6708984375,3409,0.4161376953125,820,0.24053974772660605,1634.50390625,23.560546875,15.996943980434203,0.5191927987560765,0.10009765625,0.20913995859375234,0.21373808750000478,598,609,1.0183946488294315,67,9.904761904761905,4,625,0.0,1647.3740157480315,602,636,4.96875,0.22869652421874775,True
0.85,6,6433,1024,3749,469,34,503,3.9296875,3.6611328125,4443,0.5423583984375,996,0.22417285617825794,843.7412109375,15.7607421875,18.868710989532442,0.17325072144214512,0.12158203125,0.20913995859375234,0.21373808750000478,469,480,1.023454157782516,51,7.920603015075377,6,711,0.0,848.7141453831041,479,513,4.0078125,0.22869652421874775,True
0.85,7,38854,1024,5086,636,34,670,5.234375,4.966796875,3106,0.379150390625,983,0.3164842240824211,4574.890625,46.34765625,11.526996453128252,0.13080813398343627,0.1199951171875,0.20913995859375234,0.21373808750000478,636,647,1.0172955974842768,45,8.289205702647658,4,830,0.0,4597.338567222768,651,685,5.3515625,0.22869652421874775,True
0.85,8,22489,1024,5600,700,34,734,5.734375,5.46875,2592,0.31640625,488,0.1882716049382716,2325.625,23.921875,14.46540673502301,0.47517450932606886,0.0595703125,0.21174018906251035,0.2136582054687466,700,711,1.0157142857142858,35,16.706365503080082,3,421,0.0,2334.7450980392155,693,727,5.6796875,0.22268040703124825,True
0.85,9,31104,1024,4345,544,34,578,4.515625,4.2431640625,3847,0.4696044921875,1046,0.2719001819599688,3159.2099609375,36.4130859375,13.13501870813843,0.47402506287750734,0.127685546875,0.21174018906251035,0.2136582054687466,544,555,1.0202205882352942,114,7.726315789473684,4,823,0.0,3203.00099009901,542,576,4.5,0.22268040703124825,True
0.85,10,21349,1024,5894,737,34,771,6.0234375,5.755859375,2298,0.280517578125,367,0.15970409051349,504.75,8.953125,21.100040332522333,0.5946530710824003,0.0447998046875,0.21174018906251035,0.2136582054687466,737,748,1.0149253731343284,19,22.292349726775956,4,239,0.0,505.73776908023484,739,773,6.0390625,0.22268040703124825,True
0.85,11,29116,1024,4761,596,34,630,4.921875,4.6494140625,3431,0.4188232421875,785,0.2287962693092393,1967.7080078125,24.4501953125,15.19119707831615,0.4691437286484611,0.0958251953125,0.21174018906251035,0.2136582054687466,596,607,1.0184563758389262,20,10.417091836734693,5,596,0.0,1971.5587084148729,595,629,4.9140625,0.22268040703124825,True
0.85,12,10772,1024,5646,706,34,740,5.78125,5.513671875,2546,0.310791015625,881,0.34603299293008644,6453.87890625,54.490234375,10.032595483653775,0.405146065710916,0.1075439453125,0.21174018906251035,0.2136582054687466,706,717,1.0155807365439093,24,9.275,4,738,0.0,6472.842311459353,730,764,5.96875,0.22268040703124825,True
0.85,13,18332,1024,6126,766,34,800,6.25,5.982421875,2066,0.252197265625,549,0.26573088092933206,3228.9375,31.6953125,13.040207220656184,0.2580369158011771,0.0670166015625,0.21174018906251035,0.2136582054687466,766,777,1.014360313315927,25,14.791970802919709,4,454,0.0,3238.425073457395,760,794,6.203125,0.22268040703124825,True
0.85,14,1003,1024,650,82,34,116,0.90625,0.634765625,7542,0.920654296875,3634,0.4818350570140546,17167.2236328125,120.1650390625,5.783802962512445,0.03995942094731273,0.443603515625,0.21174018906251035,0.2136582054687466,82,93,1.1341463414634145,35,2.2449766033581064,9,1888,0.0,17234.546078431373,87,121,0.9453125,0.22268040703124825,True
0.85,15,22156,1024,5625,704,34,738,5.765625,5.4931640625,2567,0.3133544921875,441,0.17179587066614727,1125.17578125,16.029296875,17.61859985208626,0.4476347756719158,0.0538330078125,0.21174018906251035,0.2136582054687466,704,715,1.015625,35,18.49772727272727,3,379,0.0,1129.5882352941176,707,741,5.7890625,0.22268040703124825,True
0.85,16,26453,1024,4866,609,34,643,5.0234375,4.751953125,3326,0.406005859375,460,0.13830426939266385,1576.7421875,16.7734375,16.153196730554438,0.2968835076970542,0.05615234375,0.21174018906251035,0.2136582054687466,609,620,1.0180623973727423,36,17.760348583877995,4,420,0.0,1582.9254901960785,607,641,5.0078125,0.22268040703124825,True
0.85,17,17039,1024,5496,687,34,721,5.6328125,5.3671875,2696,0.3291015625,423,0.15689910979228486,666.0625,12.9609375,19.89565377746291,0.39419849467536966,0.0516357421875,0.21174018906251035,0.2136582054687466,687,698,1.0160116448326055,10,19.203791469194314,3,345,0.0,666.7135874877811,679,713,5.5703125,0.22268040703124825,True
0.85,18,7166,1024,5513,690,34,724,5.65625,5.3837890625,2679,0.3270263671875,880,0.3284807764091079,3544.546875,38.37890625,12.63519636797372,0.2938549451722336,0.107421875,0.21174018906251035,0.2136582054687466,690,701,1.0159420289855072,9,9.300341296928327,4,662,0.0,3548.0117302052786,677,711,5.5546875,0.22268040703124825,True
0.85,19,48310,1024,4642,581,34,615,4.8046875,4.533203125,3550,0.433349609375,660,0.18591549295774648,2066.166015625,22.75,14.979151468918692,0.5437225984259022,0.08056640625,0.21174018906251035,0.2136582054687466,581,592,1.0189328743545611,55,12.338391502276176,3,536,0.0,2078.343811394892,573,607,4.7421875,0.22268040703124825,True
0.85,20,12187,1024,3602,451,34,485,3.7890625,3.517578125,4590,0.560302734375,1023,0.22287581699346407,2051.072265625,25.701171875,15.01099398691024,0.2409969459286049,0.1248779296875,0.21174018906251035,0.2136582054687466,451,462,1.024390243902439,142,7.871819960861057,5,738,0.0,2085.698113207547,449,483,3.7734375,0.22268040703124825,True
0.85,21,20284,1024,4103,513,34,547,4.2734375,4.0068359375,4089,0.4991455078125,615,0.1504035216434336,625.37890625,10.783203125,20.16937132272033,0.5791712194212685,0.0750732421875,0.21174018906251035,0.2136582054687466,513,524,1.0214424951267056,54,13.19543973941368,4,494,0.0,629.0648330058939,515,549,4.2890625,0.22268040703124825,True
0.85,22,1052,1024,5559,695,34,729,5.6953125,5.4287109375,2633,0.3214111328125,539,0.20470945689327763,1844.3828125,22.37890625,15.472292944205119,0.535426235824974,0.0657958984375,0.21174018906251035,0.2136582054687466,695,706,1.0158273381294964,34,15.152416356877323,4,440,0.0,1851.6156862745097,693,727,5.6796875,0.22268040703124825,True
0.85,23,13752,1024,2578,323,34,357,2.7890625,2.517578125,5614,0.685302734375,1238,0.22052012825080156,456.3876953125,9.9443359375,21.537464339953534,0.4534549708836189,0.151123046875,0.21174018906251035,0.2136582054687466,323,334,1.0340557275541795,130,6.455941794664511,6,850,0.0,463.63194444444446,341,375,2.9296875,0.22268040703124825,True
0.85,24,37139,1024,5528,691,34,725,5.6640625,5.3984375,2664,0.3251953125,590,0.22147147147147148,1701.3984375,22.70703125,15.822743312384768,0.47802020625060077,0.072021484375,0.21174018906251035,0.2136582054687466,691,702,1.015918958031838,27,13.414261460101867,4,500,0.0,1706.3976493633693,678,712,5.5625,0.22268040703124825,True
0.85,25,29727,1024,6194,775,34,809,6.3203125,6.048828125,1998,0.243896484375,519,0.25975975975975973,3074.9375,29.8046875,13.252440679697985,0.38802357602623155,0.0633544921875,0.21174018906251035,0.2136582054687466,775,786,1.0141935483870967,17,15.67953667953668,3,455,0.0,3080.9549902152644,777,811,6.3359375,0.22268040703124825,True
0.85,26,41854,1024,5424,678,34,712,5.5625,5.296875,2768,0.337890625,283,0.10223988439306358,536.94140625,8.865234375,20.831534649834342,0.525048813258432,0.0345458984375,0.21174018906251035,0.2136582054687466,678,689,1.0162241887905605,130,28.23404255319149,3,235,0.0,545.4642857142857,663,697,5.4453125,0.22268040703124825,True
0.85,27,40333,1024,5809,727,34,761,5.9453125,5.6728515625,2383,0.2908935546875,771,0.32354175409148134,5196.75,47.0390625,10.973485361428013,0.34304966670243403,0.0941162109375,0.21174018906251035,0.2136582054687466,727,738,1.015130674002751,8,10.61948051948052,4,680,0.0,5201.829912023461,732,766,5.984375,0.22268040703124825,True
0.85,28,33248,1024,3107,389,34,423,3.3046875,3.0341796875,5085,0.6207275390625,1407,0.2766961651917404,3585.224609375,41.2578125,12.585639920617197,0.34161601402991804,0.1717529296875,0.21174018906251035,0.2136582054687466,389,400,1.0282776349614395,375,5.554054054054054,6,999,0.0,3753.8548057259713,392,426,3.328125,0.22268040703124825,True
0.85,29,9680,1024,5079,635,34,669,5.2265625,4.9599609375,3113,0.3800048828125,1003,0.3221972373915837,6864.90625,56.78125,9.764457501597668,0.14740645422792106,0.1224365234375,0.21174018906251035,0.2136582054687466,635,646,1.0173228346456693,17,8.150698602794412,4,839,0.0,6878.340508806262,642,676,5.28125,0.22268040703124825,True
0.85,30,16805,1024,6074,760,34,794,6.203125,5.931640625,2118,0.258544921875,459,0.21671388101983002,1927.9375,22.4609375,15.279874100589213,0.2451284067517686,0.0560302734375,0.21174018906251035,0.2136582054687466,760,771,1.0144736842105264,19,17.829694323144103,3,400,0.0,1931.7103718199608,760,794,6.203125,0.22268040703124825,True
0.85,31,14652,1024,4655,582,34,616,4.8125,4.5458984375,3537,0.4317626953125,776,0.21939496748657053,2530.4296875,27.48046875,14.098860867018663,0.17043355139682914,0.0947265625,0.21174018906251035,0.2136582054687466,582,593,1.0189003436426116,20,10.536774193548387,5,589,0.0,2535.381604696673,579,613,4.7890625,0.22268040703124825,True
0.85,32,15793,1024,4022,503,34,537,4.1953125,3.927734375,4170,0.509033203125,778,0.18657074340527577,2383.5859375,25.6875,14.358495463253337,0.38024317756346837,0.094970703125,0.21174018906251035,0.2136582054687466,503,514,1.021868787276342,86,10.427284427284427,3,626,0.0,2407.092702169625,512,546,4.265625,0.22268040703124825,True
0.85,33,30210,1024,3666,459,34,493,3.8515625,3.580078125,4526,0.552490234375,762,0.16836058329650905,994.3271484375,13.9931640625,18.155510636078287,0.6438026294772309,0.093017578125,0.21174018906251035,0.2136582054687466,459,470,1.0239651416122004,35,10.703022339027596,4,635,0.0,998.2264705882353,456,490,3.828125,0.22268040703124825,True
0.85,34,47426,1024,5138,643,34,677,5.2890625,5.017578125,3054,0.372802734375,817,0.26751800916830387,3644.4013671875,38.7099609375,12.514541599775676,0.4363406189587881,0.0997314453125,0.21174018906251035,0.2136582054687466,643,654,1.0171073094867806,10,10.022058823529411,4,698,0.0,3647.9638318670577,658,692,5.40625,0.22268040703124825,True
0.85,35,20875,1024,5521,691,34,725,5.6640625,5.3916015625,2671,0.3260498046875,549,0.20554099588169225,1335.75390625,18.759765625,16.87353907969666,0.42649470295662767,0.0670166015625,0.21174018906251035,0.2136582054687466,691,702,1.015918958031838,11,14.923357664233576,4,436,0.0,1337.0596285434995,678,712,5.5625,0.22268040703124825,True
0.85,36,4161,1024,5625,704,34,738,5.765625,5.4931640625,2567,0.3133544921875,583,0.2271133619010518,3808.03125,33.65625,12.323798571725764,0.34007708327813757,0.0711669921875,0.21174018906251035,0.2136582054687466,704,715,1.015625,74,13.883161512027492,4,491,0.0,3841.7970443349755,703,737,5.7578125,0.22268040703124825,True
0.85,37,40340,1024,3882,486,34,520,4.0625,3.791015625,4310,0.526123046875,1393,0.3232018561484919,1985.4541015625,28.6689453125,15.152205090895329,0.1987970258215494,0.1700439453125,0.21174018906251035,0.2136582054687466,486,497,1.022633744855967,191,5.744971264367816,7,919,0.0,2031.073926073926,514,548,4.28125,0.22268040703124825,True
0.85,38,28286,1024,5654,707,34,741,5.7890625,5.521484375,2538,0.309814453125,590,0.23246650906225375,2328.96875,25.453125,14.45916699638344,0.5277235898195863,0.072021484375,0.21174018906251035,0.2136582054687466,707,718,1.0155586987270155,27,13.853989813242784,4,487,0.0,2335.81194906954,712,746,5.828125,0.22268040703124825,True
0.85,39,13256,1024,5904,738,34,772,6.03125,5.765625,2288,0.279296875,489,0.21372377622377622,1783.0625,20.6484375,15.6191379451286,0.3347181675061131,0.0596923828125,0.21174018906251035,0.2136582054687466,738,749,1.0149051490514904,19,16.73155737704918,3,378,0.0,1786.5518590998042,749,783,6.1171875,0.22268040703124825,True
0.85,40,48934,1024,5123,641,34,675,5.2734375,5.0029296875,3069,0.3746337890625,850,0.27696318018898664,2407.78125,29.29296875,14.314633326979491,0.41069407765972005,0.103759765625,0.21174018906251035,0.2136582054687466,641,652,1.0171606864274572,38,9.597173144876326,3,708,0.0,2417.2235294117645,665,699,5.4609375,0.22268040703124825,True
0.85,41,11935,1024,4128,516,34,550,4.296875,4.03125,4064,0.49609375,847,0.20841535433070865,687.515625,12.3046875,19.75797788148637,0.4167130853964036,0.1033935546875,0.21174018906251035,0.2136582054687466,516,527,1.0213178294573644,19,9.656028368794326,6,519,0.0,688.8610567514677,523,557,4.3515625,0.22268040703124825,True
0.85,42,48447,1024,6093,762,34,796,6.21875,5.9501953125,2099,0.2562255859375,430,0.20485945688423057,2242.625,22.34375,14.62323701661353,0.2350376665434136,0.052490234375,0.21174018906251035,0.2136582054687466,762,773,1.0144356955380578,27,18.72261072261072,4,324,0.0,2249.2144955925564,762,796,6.21875,0.22268040703124825,True
0.85,43,15492,1024,6459,808,34,842,6.578125,6.3076171875,1733,0.2115478515625,475,0.2740911713791114,2367.4375,24.9453125,14.388018383513772,0.23879570545960713,0.0579833984375,0.21174018906251035,0.2136582054687466,808,819,1.0136138613861385,10,17.145569620253166,3,381,0.0,2369.7517106549367,818,852,6.65625,0.22268040703124825,True
0.85,44,32513,1024,5946,744,34,778,6.078125,5.806640625,2246,0.274169921875,370,0.1647373107747106,941.75,14.359375,18.39144731992605,0.5220633933083255,0.045166015625,0.21174018906251035,0.2136582054687466,744,755,1.0147849462365592,10,22.15718157181572,2,340,0.0,942.6705767350928,742,776,6.0625,0.22268040703124825,True
0.85,45,36099,1024,2942,368,34,402,3.140625,2.873046875,5250,0.640869140625,1847,0.3518095238095238,6438.47265625,55.990234375,10.042975052523337,0.13879991953325524,0.2254638671875,0.21174018906251035,0.2136582054687466,368,379,1.0298913043478262,71,4.395449620801734,8,1237,0.0,6489.169291338582,376,410,3.203125,0.22268040703124825,True
0.85,46,39260,1024,1711,214,34,248,1.9375,1.6708984375,6481,0.7911376953125,1514,0.2336059250115723,1024.341796875,17.29296875,18.02635466993162,0.27437954019269106,0.184814453125,0.21174018906251035,0.2136582054687466,214,225,1.0514018691588785,175,5.296100462656973,13,999,0.0,1045.7886340977068,218,252,1.96875,0.22268040703124825,True
0.85,47,46517,1024,4635,580,34,614,4.796875,4.5263671875,3557,0.4342041015625,784,0.2204104582513354,2010.48828125,25.935546875,15.09778814840715,0.24508746315481902,0.095703125,0.21174018906251035,0.2136582054687466,580,591,1.0189655172413794,58,10.237547892720306,4,643,0.0,2024.3264503441494,592,626,4.890625,0.22268040703124825,True
0.85,48,33095,1024,6213,777,34,811,6.3359375,6.0673828125,1979,0.2415771484375,311,0.1571500757958565,934.375,12.6875,18.425591508633868,0.44606115228714915,0.0379638671875,0.21174018906251035,0.2136582054687466,777,788,1.0141570141570142,49,25.993548387096773,3,251,0.0,939.8821218074656,769,803,6.2734375,0.22268040703124825,True
0.85,49,3,1024,5601,701,34,735,5.7421875,5.4697265625,2591,0.3162841796875,302,0.11655731377846391,549.375,9.1875,20.732114684500633,0.49382830184759186,0.036865234375,0.21174018906251035,0.2136582054687466,701,712,1.0156918687589158,58,26.976744186046513,3,228,0.0,553.1563421828909,694,728,5.6875,0.22268040703124825,True
0.85,50,21683,1024,5229,654,34,688,5.375,5.1064453125,2963,0.3616943359375,603,0.20350995612554842,3166.859375,29.34765625,13.124515819978832,0.4414914359466794,0.0736083984375,0.21174018906251035,0.2136582054687466,654,665,1.0168195718654434,10,13.318936877076412,3,499,0.0,3169.9550342130988,643,677,5.2890625,0.22268040703124825,True
0.85,51,13446,1024,5459,683,34,717,5.6015625,5.3310546875,2733,0.3336181640625,712,0.2605195755579949,2367.3359375,28.59375,14.388204698799633,0.4282401375250848,0.0869140625,0.21174018906251035,0.2136582054687466,683,694,1.0161054172767203,18,11.49507735583685,5,614,0.0,2371.968688845401,687,721,5.6328125,0.22268040703124825,True
0.85,52,49515,1024,4473,560,34,594,4.640625,4.3681640625,3719,0.4539794921875,1330,0.3576230169400376,4529.75390625,47.931640625,11.57005752687491,0.21268380847101773,0.162353515625,0.21174018906251035,0.2136582054687466,560,571,1.019642857142857,177,6.00902934537246,6,934,0.0,4629.209580838324,574,608,4.75,0.22268040703124825,True
0.85,53,27943,1024,5575,697,34,731,5.7109375,5.4443359375,2617,0.3194580078125,647,0.24722965227359572,3850.28515625,36.216796875,12.275874658529645,0.24177412693102082,0.0789794921875,0.21174018906251035,0.2136582054687466,697,708,1.0157819225251077,49,12.58513931888545,4,548,0.0,3872.9783889980354,699,733,5.7265625,0.22268040703124825,True
0.85,54,29059,1024,6018,753,34,787,6.1484375,5.876953125,2174,0.265380859375,497,0.22861085556577737,2758.9921875,25.642578125,13.723298901569176,0.6128649290754914,0.0606689453125,0.21174018906251035,0.2136582054687466,753,764,1.0146082337317397,9,16.389112903225808,5,403,0.0,2761.689149560117,753,787,6.1484375,0.22268040703124825,True
0.85,55,32738,1024,3199,400,34,434,3.390625,3.1240234375,4993,0.6094970703125,1009,0.20208291608251552,732.5244140625,13.7021484375,19.482582571442446,0.616970506309593,0.1231689453125,0.21174018906251035,0.2136582054687466,400,411,1.0275,222,7.902777777777778,5,661,0.0,752.3620862587763,384,418,3.265625,0.22268040703124825,True
0.85,56,445,1024,6030,754,34,788,6.15625,5.888671875,2162,0.263916015625,645,0.29833487511563367,4706.734375,40.49609375,11.403606713199379,0.23271596055419946,0.0787353515625,0.21174018906251035,0.2136582054687466,754,765,1.0145888594164456,33,12.638198757763975,3,552,0.0,4725.192156862745,762,796,6.21875,0.22268040703124825,True
0.85,57,32216,1024,5324,666,34,700,5.46875,5.19921875,2868,0.35009765625,845,0.29463040446304045,4131.4140625,40.83984375,11.969816374363948,0.21912060259062305,0.1031494140625,0.21174018906251035,0.2136582054687466,666,677,1.0165165165165164,90,9.585308056872037,4,685,0.0,4176.276406712735,664,698,5.453125,0.22268040703124825,True
0.85,58,18250,1024,6189,774,34,808,6.3125,6.0439453125,2003,0.2445068359375,452,0.22566150773839241,1465.015625,17.52734375,16.472381042220874,0.3872537409119294,0.05517578125,0.21174018906251035,0.2136582054687466,774,785,1.0142118863049097,32,18.07760532150776,4,345,0.0,1470.7607843137255,779,813,6.3515625,0.22268040703124825,True
0.85,59,1684,1024,4378,548,34,582,4.546875,4.275390625,3814,0.465576171875,967,0.2535395909805978,3577.31640625,35.478515625,12.595230065698589,0.1281811938237173,0.1180419921875,0.21174018906251035,0.2136582054687466,548,559,1.02007299270073,136,8.335403726708075,5,734,0.0,3637.708043694141,558,592,4.625,0.22268040703124825,True
0.85,60,2899,1024,5029,629,34,663,5.1796875,4.9111328125,3163,0.3861083984375,555,0.17546632943408158,1249.08984375,17.353515625,17.16486683709491,0.4467034965070786,0.0677490234375,0.21174018906251035,0.2136582054687466,629,640,1.0174880763116056,19,14.743682310469314,4,436,0.0,1251.5342465753424,638,672,5.25,0.22268040703124825,True
0.85,61,39428,1024,3767,471,34,505,3.9453125,3.6787109375,4425,0.5401611328125,1171,0.2646327683615819,2036.873046875,25.2421875,15.041163994965267,0.3730419686772573,0.1429443359375,0.21174018906251035,0.2136582054687466,471,482,1.0233545647558386,54,6.952991452991453,5,886,0.0,2048.878192534381,483,517,4.0390625,0.22268040703124825,True
0.85,62,40758,1024,5580,698,34,732,5.71875,5.44921875,2612,0.31884765625,466,0.1784073506891271,2588.5703125,24.6015625,14.000203947889652,0.5676501803235026,0.056884765625,0.21174018906251035,0.2136582054687466,698,709,1.015759312320917,9,17.350537634408603,4,408,0.0,2591.1006842619745,700,734,5.734375,0.22268040703124825,True
0.85,63,29154,1024,5758,720,34,754,5.890625,5.623046875,2434,0.297119140625,628,0.2580115036976171,3340.609375,32.30859375,12.89254665295678,0.2736663472574343,0.07666015625,0.21174018906251035,0.2136582054687466,720,731,1.0152777777777777,42,12.937799043062201,3,520,0.0,3357.000981354269,720,754,5.890625,0.22268040703124825,True
0.85,64,43958,1024,5506,689,34,723,5.6484375,5.376953125,2686,0.327880859375,403,0.15003723008190617,624.75,11.796875,20.17374096069423,0.3056596330894567,0.0491943359375,0.21174018906251035,0.2136582054687466,689,700,1.0159651669085632,9,20.303482587064675,3,328,0.0,625.3607038123167,689,723,5.6484375,0.22268040703124825,True
0.85,65,33814,1024,6052,757,34,791,6.1796875,5.91015625,2140,0.26123046875,588,0.27476635514018694,2946.9765625,29.66015625,13.437036789770609,0.3203872362080852,0.07177734375,0.21174018906251035,0.2136582054687466,757,768,1.0145310435931307,18,13.916524701873936,4,516,0.0,2952.743639921722,762,796,6.21875,0.22268040703124825,True
0.85,66,34153,1024,4782,598,34,632,4.9375,4.669921875,3410,0.416259765625,1128,0.330791788856305,5042.23828125,48.943359375,11.10456995571355,0.24826606062956968,0.1376953125,0.21174018906251035,0.2136582054687466,598,609,1.0183946488294315,188,7.095829636202307,5,853,0.0,5158.093906093906,617,651,5.0859375,0.22268040703124825,True
0.85,67,43609,1024,5190,649,34,683,5.3359375,5.068359375,3002,0.366455078125,893,0.2974683544303797,3000.83984375,35.693359375,13.358375433276546,0.399775142139292,0.1090087890625,0.21174018906251035,0.2136582054687466,649,660,1.0169491525423728,35,9.141255605381167,4,660,0.0,3012.607843137255,645,679,5.3046875,0.22268040703124825,True
0.85,68,10762,1024,4673,585,34,619,4.8359375,4.5634765625,3519,0.4295654296875,1111,0.315714691673771,4735.4619140625,43.0322265625,11.377180128096768,0.24534964525440872,0.1356201171875,0.21174018906251035,0.2136582054687466,585,596,1.0188034188034187,87,7.294594594594595,7,760,0.0,4782.162721893491,600,634,4.953125,0.22268040703124825,True
0.85,69,17898,1024,4787,599,34,633,4.9453125,4.6748046875,3405,0.4156494140625,579,0.17004405286343613,1309.81640625,16.052734375,16.958699349375795,0.379131496394532,0.0706787109375,0.21174018906251035,0.2136582054687466,599,610,1.018363939899833,181,13.825259515570934,5,389,0.0,1338.5748502994013,587,621,4.8515625,0.22268040703124825,True
0.85,70,43653,1024,4786,599,34,633,4.9453125,4.673828125,3406,0.415771484375,709,0.2081620669406929,4993.7890625,41.455078125,11.146501670510254,0.32043891191153034,0.0865478515625,0.21174018906251035,0.2136582054687466,599,610,1.018363939899833,91,10.692090395480227,5,602,0.0,5048.015794669299,584,618,4.828125,0.22268040703124825,True
0.85,71,14233,1024,5875,735,34,769,6.0078125,5.7373046875,2317,0.2828369140625,524,0.22615451014242555,1550.0,21.546875,16.227486626976187,0.3762641064494069,0.06396484375,0.21174018906251035,0.2136582054687466,735,746,1.014965986394558,90,15.483747609942638,4,415,0.0,1566.8311944718657,738,772,6.03125,0.22268040703124825,True
0.85,72,39520,1024,5711,714,34,748,5.84375,5.5771484375,2481,0.3028564453125,623,0.25110842402257155,3500.234375,33.51171875,12.689832352715559,0.22986047422588216,0.0760498046875,0.21174018906251035,0.2136582054687466,714,725,1.015406162464986,133,12.52250803858521,4,520,0.0,3555.7936507936506,699,733,5.7265625,0.22268040703124825,True
0.85,73,18138,1024,5202,651,34,685,5.3515625,5.080078125,2990,0.364990234375,570,0.19063545150501673,1187.84375,16.8125,17.383210439396425,0.5092063652012797,0.069580078125,0.21174018906251035,0.2136582054687466,651,662,1.0168970814132103,154,14.115992970123022,5,437,0.0,1210.300497512438,652,686,5.359375,0.22268040703124825,True
0.85,74,9212,1024,4999,625,34,659,5.1484375,4.8818359375,3193,0.3897705078125,492,0.15408706545568432,1891.205078125,18.029296875,15.363417355295319,0.5367315188163344,0.06005859375,0.21174018906251035,0.2136582054687466,625,636,1.0176,45,15.94908350305499,4,387,0.0,1900.4847890088322,612,646,5.046875,0.22268040703124825,True
0.85,75,6456,1024,5297,663,34,697,5.4453125,5.1728515625,2895,0.3533935546875,915,0.3160621761658031,2776.42578125,32.841796875,13.695942923603855,0.20179918885531317,0.1116943359375,0.21174018906251035,0.2136582054687466,663,674,1.0165912518853695,27,8.927789934354486,5,691,0.0,2784.583741429971,682,716,5.59375,0.22268040703124825,True
0.85,76,22948,1024,4947,619,34,653,5.1015625,4.8310546875,3245,0.3961181640625,649,0.2,681.109375,13.97265625,19.79863502780652,0.4880701317003095,0.0792236328125,0.21174018906251035,0.2136582054687466,619,630,1.0177705977382876,70,12.233024691358025,4,497,0.0,686.4724409448819,618,652,5.09375,0.22268040703124825,True
0.85,77,7591,1024,6082,761,34,795,6.2109375,5.939453125,2110,0.257568359375,469,0.22227488151658767,2176.390625,23.99609375,14.753435143928824,0.2820116617242498,0.0572509765625,0.21174018906251035,0.2136582054687466,761,772,1.014454664914586,11,17.47008547008547,3,415,0.0,2178.518084066471,771,805,6.2890625,0.22268040703124825,True
0.85,78,29996,1024,4856,607,34,641,5.0078125,4.7421875,3336,0.4072265625,1055,0.3162470023980815,6967.7744140625,59.3837890625,9.699862791888783,0.045508709542283865,0.1287841796875,0.21174018906251035,0.2136582054687466,607,618,1.0181219110378912,52,7.717267552182163,5,878,0.0,7008.84184675835,606,640,5.0,0.22268040703124825,True
0.85,79,10378,1024,3943,493,34,527,4.1171875,3.8505859375,4249,0.5186767578125,1201,0.2826547422923041,2539.7001953125,31.6689453125,14.082979085023869,0.40383262876672443,0.1466064453125,0.21174018906251035,0.2136582054687466,493,504,1.0223123732251522,78,6.758333333333334,5,888,0.0,2562.2197044334976,524,558,4.359375,0.22268040703124825,True
0.85,80,27337,1024,4279,535,34,569,4.4453125,4.1787109375,3913,0.4776611328125,658,0.16815742397137745,1096.109375,14.4375,17.73226468590962,0.5778614520501215,0.080322265625,0.21174018906251035,0.2136582054687466,535,546,1.0205607476635514,35,12.409436834094368,4,492,0.0,1100.407843137255,518,552,4.3125,0.22268040703124825,True
0.85,81,19965,1024,4893,612,34,646,5.046875,4.7783203125,3299,0.4027099609375,674,0.20430433464686268,1966.2265625,21.5703125,15.1944680201347,0.41933860149397234,0.082275390625,0.21174018906251035,0.2136582054687466,612,623,1.0179738562091503,33,11.986627043090639,4,470,0.0,1973.9372549019608,598,632,4.9375,0.22268040703124825,True
0.85,82,24405,1024,5698,713,34,747,5.8359375,5.564453125,2494,0.304443359375,544,0.2181234963913392,1024.703125,16.76953125,18.024823002072164,0.48622232165709733,0.06640625,0.21174018906251035,0.2136582054687466,713,724,1.0154277699859748,57,14.974217311233886,3,386,0.0,1031.756145526057,700,734,5.734375,0.22268040703124825,True
0.85,83,45135,1024,5311,664,34,698,5.453125,5.1865234375,2881,0.3516845703125,863,0.29954876778896217,5651.390625,46.60546875,10.609250340303076,0.36721579882251154,0.1053466796875,0.21174018906251035,0.2136582054687466,664,675,1.016566265060241,36,9.452436194895592,4,685,0.0,5673.552941176471,663,697,5.4453125,0.22268040703124825,True
0.85,84,11274,1024,4894,612,34,646,5.046875,4.779296875,3298,0.402587890625,863,0.2616737416616131,2234.27734375,28.091796875,14.639432792037324,0.3506687636953753,0.1053466796875,0.21174018906251035,0.2136582054687466,612,623,1.0179738562091503,43,9.448955916473318,5,669,0.0,2245.2404317958785,625,659,5.1484375,0.22268040703124825,True
0.85,85,1941,1024,5566,696,34,730,5.703125,5.435546875,2626,0.320556640625,549,0.20906321401370906,1093.21875,16.234375,17.74373289117225,0.3444372701697885,0.0670166015625,0.21174018906251035,0.2136582054687466,696,707,1.0158045977011494,19,14.671532846715328,3,428,0.0,1095.358121330724,707,741,5.7890625,0.22268040703124825,True
0.85,86,48940,1024,5618,703,34,737,5.7578125,5.486328125,2574,0.314208984375,530,0.20590520590520592,1128.203125,18.06640625,17.606930625283702,0.42355063739253374,0.064697265625,0.21174018906251035,0.2136582054687466,703,714,1.0156472261735419,10,15.444234404536862,3,448,0.0,1129.30596285435,713,747,5.8359375,0.22268040703124825,True
0.85,87,36794,1024,5325,666,34,700,5.46875,5.2001953125,2867,0.3499755859375,687,0.23962329961632367,3406.546875,33.91015625,12.80765991542655,0.3806516256721759,0.0838623046875,0.21174018906251035,0.2136582054687466,666,677,1.0165165165165164,112,11.725947521865889,3,566,0.0,3453.7663366336633,664,698,5.453125,0.22268040703124825,True
0.85,88,21994,1024,5265,659,34,693,5.4140625,5.1416015625,2927,0.3572998046875,915,0.312606764605398,3287.203125,36.53515625,12.962538197491615,0.21631119371163593,0.1116943359375,0.21174018906251035,0.2136582054687466,659,670,1.0166919575113809,51,8.901531728665208,5,742,0.0,3306.5776031434184,663,697,5.4453125,0.22268040703124825,True
0.85,89,49944,1024,4155,520,34,554,4.328125,4.0576171875,4037,0.4927978515625,1331,0.329700272479564,2723.1728515625,30.9853515625,13.780051521033146,0.2918763559968318,0.1624755859375,0.21174018906251035,0.2136582054687466,520,531,1.021153846153846,46,6.097744360902255,6,773,0.0,2736.534838076546,536,570,4.453125,0.22268040703124825,True
0.85,90,43442,1024,2200,275,34,309,2.4140625,2.1484375,5992,0.7314453125,664,0.11081441922563418,354.287109375,6.109375,22.637250099153462,0.5778200845288113,0.0810546875,0.21174018906251035,0.2136582054687466,275,286,1.04,175,11.992458521870287,6,512,0.0,361.7048853439681,242,276,2.15625,0.22268040703124825,True
0.85,91,45096,1024,4902,613,34,647,5.0546875,4.787109375,3290,0.401611328125,599,0.18206686930091184,1243.78125,18.7890625,17.183363553295546,0.26746901358990083,0.0731201171875,0.21174018906251035,0.2136582054687466,613,624,1.0179445350734095,531,12.80267558528428,5,472,0.0,1329.4697286012527,602,636,4.96875,0.22268040703124825,True
0.85,92,42430,1024,3528,441,34,475,3.7109375,3.4453125,4664,0.5693359375,1091,0.23391938250428818,549.529296875,11.34765625,20.73089510092054,0.2890451709353484,0.1331787109375,0.21174018906251035,0.2136582054687466,441,452,1.0249433106575965,92,7.427522935779817,7,607,0.0,555.4965449160908,447,481,3.7578125,0.22268040703124825,True
0.85,93,42255,1024,4896,612,34,646,5.046875,4.78125,3296,0.40234375,1252,0.37985436893203883,7867.36328125,69.240234375,9.172511563706236,0.03168437287309335,0.15283203125,0.21174018906251035,0.2136582054687466,612,623,1.0179738562091503,188,6.394084732214228,5,1042,0.0,8048.131868131868,625,659,5.1484375,0.22268040703124825,True
0.85,94,5771,1024,3936,492,34,526,4.109375,3.84375,4256,0.51953125,1524,0.3580827067669173,10277.8232421875,62.9970703125,8.01179216442934,0.3515018161382496,0.18603515625,0.21174018906251035,0.2136582054687466,492,503,1.0223577235772359,23,5.3604727511490475,9,867,0.0,10297.93639921722,496,530,4.140625,0.22268040703124825,True
0.85,95,8320,1024,5569,697,34,731,5.7109375,5.4384765625,2623,0.3201904296875,710,0.2706824247045368,2347.125,28.3515625,14.425441415868953,0.21769366360046702,0.086669921875,0.21174018906251035,0.2136582054687466,697,708,1.0157819225251077,18,11.52327221438646,4,563,0.0,2351.7181996086106,717,751,5.8671875,0.22268040703124825,True
0.85,96,48807,1024,5648,706,34,740,5.78125,5.515625,2544,0.310546875,645,0.2535377358490566,2957.328125,29.78515625,13.421808473086486,0.4002772458125898,0.0787353515625,0.21174018906251035,0.2136582054687466,706,717,1.0155807365439093,18,12.680124223602485,4,470,0.0,2963.1154598825833,703,737,5.7578125,0.22268040703124825,True
0.85,97,2675,1024,3670,459,34,493,3.8515625,3.583984375,4522,0.552001953125,1033,0.22843874391862007,3460.1875,36.05859375,12.739807279684708,0.44803507272552767,0.1260986328125,0.21174018906251035,0.2136582054687466,459,470,1.0239651416122004,98,7.839147286821706,5,845,0.0,3501.217391304348,450,484,3.78125,0.22268040703124825,True
0.85,98,37658,1024,4086,511,34,545,4.2578125,3.990234375,4106,0.501220703125,886,0.21578178275694107,2209.9208984375,20.7080078125,14.687036319732593,0.6834497063940285,0.108154296875,0.21174018906251035,0.2136582054687466,511,522,1.0215264187866928,19,9.228248587570622,5,625,0.0,2214.2455968688846,506,540,4.21875,0.22268040703124825,True
0.85,99,45710,1024,5811,727,34,761,5.9453125,5.6748046875,2381,0.2906494140625,353,0.1482570348593028,1223.0,15.125,17.256539038316248,0.520729641109303,0.0430908203125,0.21174018906251035,0.2136582054687466,727,738,1.015130674002751,17,23.09659090909091,3,294,0.0,1225.3933463796477,721,755,5.8984375,0.22268040703124825,True
0.85,100,15813,1024,4827,604,34,638,4.984375,4.7138671875,3365,0.4107666015625,549,0.16315007429420506,462.828125,9.55078125,21.476606187101268,0.5689865329711415,0.0670166015625,0.21174018906251035,0.2136582054687466,604,615,1.0182119205298013,197,14.50912408759124,4,356,0.0,473.936,599,633,4.9453125,0.22268040703124825,True
0.85,101,7135,1024,6021,753,34,787,6.1484375,5.8798828125,2171,0.2650146484375,461,0.21234454168585906,1556.765625,18.16796875,16.20857127510461,0.45353688118240437,0.0562744140625,0.21174018906251035,0.2136582054687466,753,764,1.0146082337317397,80,17.621739130434783,4,358,0.0,1572.1183431952663,756,790,6.171875,0.22268040703124825,True
0.85,102,31775,1024,5419,678,34,712,5.5625,5.2919921875,2773,0.3385009765625,540,0.19473494410385864,1342.140625,16.74609375,16.85282338729489,0.3855233938866724,0.06591796875,0.21174018906251035,0.2136582054687466,678,689,1.0162241887905605,9,15.174397031539888,4,394,0.0,1343.4525904203324,677,711,5.5546875,0.22268040703124825,True
0.85,103,31772,1024,5016,627,34,661,5.1640625,4.8984375,3176,0.3876953125,1019,0.32084382871536526,6288.95703125,46.783203125,10.14501733408367,0.30020868096407627,0.1243896484375,0.21174018906251035,0.2136582054687466,627,638,1.0175438596491229,88,7.956777996070727,5,752,0.0,6357.24777887463,635,669,5.2265625,0.22268040703124825,True
0.85,104,25160,1024,5086,636,34,670,5.234375,4.966796875,3106,0.379150390625,486,0.15647134578235672,1594.68359375,17.525390625,16.104058346783702,0.2692986779963124,0.059326171875,0.21174018906251035,0.2136582054687466,636,647,1.0172955974842768,131,16.5979381443299,5,360,0.0,1619.9960317460318,619,653,5.1015625,0.22268040703124825,True
0.85,105,36108,1024,3715,465,34,499,3.8984375,3.6279296875,4477,0.5465087890625,1105,0.24681706499888317,1646.888671875,27.58203125,15.96416118604356,0.29506422659608506,0.1348876953125,0.21174018906251035,0.2136582054687466,465,476,1.0236559139784946,54,7.3478260869565215,5,875,0.0,1656.5952848722986,466,500,3.90625,0.22268040703124825,True
0.85,106,1260,1024,4886,611,34,645,5.0390625,4.771484375,3306,0.403564453125,707,0.21385359951603145,1753.42578125,21.896484375,15.691929730146557,0.32951316043929707,0.0863037109375,0.21174018906251035,0.2136582054687466,611,622,1.0180032733224222,20,11.569405099150142,3,617,0.0,1756.857142857143,606,640,5.0,0.22268040703124825,True
0.85,107,37885,1024,5521,691,34,725,5.6640625,5.3916015625,2671,0.3260498046875,542,0.20292025458629726,2401.671875,24.87109375,14.325666886132868,0.29651106726395343,0.066162109375,0.21174018906251035,0.2136582054687466,691,702,1.015918958031838,268,14.621072088724585,3,455,0.0,2481.6468213925327,692,726,5.671875,0.22268040703124825,True
0.85,108,41535,1024,3567,446,34,480,3.75,3.4833984375,4625,0.5645751953125,1349,0.29167567567567565,4726.0888671875,42.8955078125,11.385784772223655,0.27050191018929,0.1646728515625,0.21174018906251035,0.2136582054687466,446,457,1.0246636771300448,127,5.954005934718101,7,877,0.0,4796.3478691774035,457,491,3.8359375,0.22268040703124825,True
0.85,109,44889,1024,3252,407,34,441,3.4453125,3.17578125,4940,0.60302734375,1887,0.3819838056680162,6644.255859375,59.94921875,9.906340127996934,0.0834882170766559,0.2303466796875,0.21174018906251035,0.2136582054687466,407,418,1.027027027027027,55,4.313891834570519,7,1203,0.0,6683.416502946955,428,462,3.609375,0.22268040703124825,True
0.85,110,28184,1024,5838,730,34,764,5.96875,5.701171875,2354,0.287353515625,302,0.12829226847918437,1025.0,12.703125,18.023564954761373,0.4480778522122336,0.036865234375,0.21174018906251035,0.2136582054687466,730,741,1.015068493150685,9,27.13953488372093,3,256,0.0,1026.001955034213,715,749,5.8515625,0.22268040703124825,True
0.85,111,25319,1024,5596,700,34,734,5.734375,5.46484375,2596,0.31689453125,605,0.2330508474576271,2862.125,29.5234375,13.563917637206156,0.42488994545894454,0.0738525390625,0.21174018906251035,0.2136582054687466,700,711,1.0157142857142858,27,13.504966887417218,3,507,0.0,2870.5347698334967,707,741,5.7890625,0.22268040703124825,True
0.85,112,11010,1024,4522,566,34,600,4.6875,4.416015625,3670,0.447998046875,758,0.20653950953678474,1272.2265625,17.5,17.085159020069387,0.4830290634490423,0.092529296875,0.21174018906251035,0.2136582054687466,566,577,1.019434628975265,36,10.661822985468957,4,536,0.0,1277.2156862745098,558,592,4.625,0.22268040703124825,True
0.85,113,33880,1024,5619,703,34,737,5.7578125,5.4873046875,2573,0.3140869140625,353,0.1371939370384765,1013.390625,13.80859375,18.07303478605779,0.2673121013459714,0.0430908203125,0.21174018906251035,0.2136582054687466,703,714,1.0156472261735419,8,22.963068181818183,3,287,0.0,1014.3812316715542,693,727,5.6796875,0.22268040703124825,True
0.85,114,19307,1024,4155,520,34,554,4.328125,4.0576171875,4037,0.4927978515625,1117,0.2766906118404756,2106.6826171875,34.2333984375,14.89481249078784,0.16912280822324954,0.1363525390625,0.21174018906251035,0.2136582054687466,520,531,1.021153846153846,55,7.28494623655914,5,890,0.0,2119.099214145383,524,558,4.359375,0.22268040703124825,True
0.85,115,12236,1024,1001,126,34,160,1.25,0.9775390625,7191,0.8778076171875,1538,0.2138784591850925,4703.09375,33.982421875,11.406967249451618,0.3182328353075687,0.187744140625,0.21174018906251035,0.2136582054687466,126,137,1.0873015873015872,31,5.262199089134678,7,995,0.0,4716.912830558276,131,165,1.2890625,0.22268040703124825,True
0.85,116,13805,1024,4366,546,34,580,4.53125,4.263671875,3826,0.467041015625,1256,0.3282801881860951,2117.1845703125,35.5185546875,14.873216406027876,0.2864219116788788,0.1533203125,0.21174018906251035,0.2136582054687466,546,557,1.02014652014652,90,6.420717131474103,5,951,0.0,2140.1747285291212,541,575,4.4921875,0.22268040703124825,True
0.85,117,5814,1024,4105,514,34,548,4.28125,4.0087890625,4087,0.4989013671875,882,0.21580621482750184,3275.3212890625,32.5263671875,12.978264528078963,0.21593808611842386,0.107666015625,0.21174018906251035,0.2136582054687466,514,525,1.0214007782101167,37,9.171396140749149,5,689,0.0,3288.16568627451,510,544,4.25,0.22268040703124825,True
0.85,118,48485,1024,5515,690,34,724,5.65625,5.3857421875,2677,0.3267822265625,630,0.23533806499813223,2625.96875,30.25,13.937908073487657,0.27170717917247167,0.076904296875,0.21174018906251035,0.2136582054687466,690,701,1.0159420289855072,19,12.972972972972974,4,538,0.0,2631.1076320939333,690,724,5.65625,0.22268040703124825,True
0.85,119,12248,1024,4567,571,34,605,4.7265625,4.4599609375,3625,0.4425048828125,684,0.1886896551724138,1679.140625,20.09765625,15.879932918268933,0.46095117284105436,0.08349609375,0.21174018906251035,0.2136582054687466,571,582,1.0192644483362523,13,11.875549048316252,5,548,0.0,1680.7820136852395,576,610,4.765625,0.22268040703124825,True
0.85,120,458,1024,5323,666,34,700,5.46875,5.1982421875,2869,0.3502197265625,993,0.34611362844196586,2369.875,32.9609375,14.38354921288989,0.22593175698982393,0.1212158203125,0.21174018906251035,0.2136582054687466,666,677,1.0165165165165164,16,8.235887096774194,5,725,0.0,2374.5127201565556,679,713,5.5703125,0.22268040703124825,True
0.85,121,319,1024,4897,613,34,647,5.0546875,4.7822265625,3295,0.4022216796875,698,0.2118361153262519,3219.3798828125,30.2099609375,13.053081349511446,0.4361217268895955,0.085205078125,0.21174018906251035,0.2136582054687466,613,624,1.0179445350734095,132,11.499282639885223,5,574,0.0,3270.4811507936506,623,657,5.1328125,0.22268040703124825,True
0.85,122,21496,1024,4926,616,34,650,5.078125,4.810546875,3266,0.398681640625,856,0.262094304960196,3474.7392578125,35.4931640625,12.721581398962556,0.3803661309156386,0.1044921875,0.21174018906251035,0.2136582054687466,616,627,1.0178571428571428,44,9.504093567251463,6,657,0.0,3491.7890088321883,621,655,5.1171875,0.22268040703124825,True
0.85,123,20390,1024,3964,496,34,530,4.140625,3.87109375,4228,0.51611328125,1555,0.36778618732261115,2724.5,37.22265625,13.777935486277826,0.14133967249479423,0.1898193359375,0.21174018906251035,0.2136582054687466,496,507,1.0221774193548387,27,5.224581724581725,5,965,0.0,2732.505386875612,517,551,4.3046875,0.22268040703124825,True
0.85,124,33691,1024,4299,538,34,572,4.46875,4.1982421875,3893,0.4752197265625,920,0.23632160287695864,5189.32421875,45.564453125,10.979695554619965,0.3063469948716206,0.1123046875,0.21174018906251035,0.2136582054687466,538,549,1.020446096654275,21,8.884657236126225,6,688,0.0,5199.479452054795,545,579,4.5234375,0.22268040703124825,True
0.85,125,33872,1024,3908,489,34,523,4.0859375,3.81640625,4284,0.52294921875,1940,0.45284780578898226,9135.607421875,74.416015625,8.523429322008816,0.1646074665411612,0.23681640625,0.21174018906251035,0.2136582054687466,489,500,1.0224948875255624,12,4.215575038679732,8,1267,0.0,9144.537634408602,509,543,4.2421875,0.22268040703124825,True
0.85,126,46987,1024,4326,541,34,575,4.4921875,4.224609375,3866,0.471923828125,540,0.1396792550439731,624.7939453125,12.1279296875,20.173435485935958,0.4941680039387264,0.06591796875,0.21174018906251035,0.2136582054687466,541,552,1.0203327171903882,148,14.857142857142858,5,396,0.0,635.9731610337972,525,559,4.3671875,0.22268040703124825,True
0.85,127,26772,1024,5338,668,34,702,5.484375,5.212890625,2854,0.348388671875,512,0.17939733707077785,1268.6875,17.5546875,17.097256999544232,0.3155154671238147,0.0625,0.21174018906251035,0.2136582054687466,668,679,1.0164670658682635,227,15.469667318982388,4,413,0.0,1304.3534136546184,675,709,5.5390625,0.22268040703124825,True
0.85,128,7057,1024,4596,575,34,609,4.7578125,4.48828125,3596,0.43896484375,740,0.20578420467185762,2290.8447265625,25.9072265625,14.530847071575142,0.2252946991241475,0.09033203125,0.21174018906251035,0.2136582054687466,575,586,1.0191304347826087,94,10.948579161028416,3,601,0.0,2315.720631786772,575,609,4.7578125,0.22268040703124825,True
0.85,129,30014,1024,5201,651,34,685,5.3515625,5.0791015625,2991,0.3651123046875,763,0.2550986292209963,4551.859375,43.64453125,11.54891524353676,0.2509555472767019,0.0931396484375,0.21174018906251035,0.2136582054687466,651,662,1.0168970814132103,18,10.717847769028872,5,669,0.0,4560.767123287671,638,672,5.25,0.22268040703124825,True
0.85,130,48237,1024,4655,582,34,616,4.8125,4.5458984375,3537,0.4317626953125,556,0.15719536330223352,519.21875,9.7734375,20.977299935730866,0.4586909835138494,0.06787109375,0.21174018906251035,0.2136582054687466,582,593,1.0189003436426116,236,14.326126126126127,3,427,0.0,534.3517587939698,589,623,4.8671875,0.22268040703124825,True
0.85,131,4823,1024,5303,663,34,697,5.4453125,5.1787109375,2889,0.3526611328125,554,0.19176185531325718,1438.07421875,19.447265625,16.55299060383077,0.7129276028725302,0.067626953125,0.21174018906251035,0.2136582054687466,663,674,1.0165912518853695,155,14.52983725135624,4,464,0.0,1465.2616915422886,650,684,5.34375,0.22268040703124825,True
0.85,132,26627,1024,5741,718,34,752,5.875,5.6064453125,2451,0.2991943359375,640,0.26111791105671156,1645.765625,24.06640625,15.967123738657158,0.3149088338445346,0.078125,0.21174018906251035,0.2136582054687466,718,729,1.0153203342618384,51,12.732394366197184,3,505,0.0,1655.4656188605109,715,749,5.8515625,0.22268040703124825,True
0.85,133,12293,1024,6100,763,34,797,6.2265625,5.95703125,2092,0.25537109375,572,0.2734225621414914,2003.75,24.203125,15.112368255057092,0.24038087490743573,0.06982421875,0.21174018906251035,0.2136582054687466,763,774,1.0144167758846658,11,14.31523642732049,4,440,0.0,2005.7086999022483,780,814,6.359375,0.22268040703124825,True
0.85,134,32803,1024,4627,579,34,613,4.7890625,4.5185546875,3565,0.4351806640625,630,0.1767180925666199,546.140625,13.12109375,20.757758778736406,0.43243868523400564,0.076904296875,0.21174018906251035,0.2136582054687466,579,590,1.0189982728842832,34,12.965023847376788,4,504,0.0,548.2823529411764,577,611,4.7734375,0.22268040703124825,True
0.85,135,41882,1024,235,30,34,64,0.5,0.2294921875,7957,0.9713134765625,3857,0.4847304260399648,19532.3681640625,119.8037109375,5.223254591963386,0.1618237194860635,0.4708251953125,0.21174018906251035,0.2136582054687466,30,41,1.3666666666666667,125,2.0910269709543567,8,2058,0.0,19822.740336967294,34,68,0.53125,0.22268040703124825,True
0.85,136,10235,1024,5245,656,34,690,5.390625,5.1220703125,2947,0.3597412109375,497,0.16864608076009502,993.91015625,13.708984375,18.15733232414597,0.3943969348097025,0.0606689453125,0.2052941992187698,0.21639500859373584,656,667,1.016768292682927,25,16.391129032258064,3,360,0.0,996.8305582761998,667,701,5.4765625,0.21959241406250385,True
0.85,137,30033,1024,5275,660,34,694,5.421875,5.1513671875,2917,0.3560791015625,585,0.20054850874185806,2252.98046875,23.541015625,14.60322934057913,0.4575281711366715,0.0714111328125,0.2052941992187698,0.21639500859373584,660,671,1.0166666666666666,20,13.977739726027398,4,485,0.0,2257.3894324853227,677,711,5.5546875,0.21959241406250385,True
0.85,138,20042,1024,5780,723,34,757,5.9140625,5.64453125,2412,0.29443359375,544,0.22553897180762852,2271.984375,24.29296875,14.566750205695161,0.32668684760529726,0.06640625,0.2052941992187698,0.21639500859373584,723,734,1.0152143845089903,19,14.83609576427256,4,442,0.0,2276.430528375734,722,756,5.90625,0.21959241406250385,True
0.85,139,29399,1024,5419,678,34,712,5.5625,5.2919921875,2773,0.3385009765625,620,0.22358456545257843,2508.2470703125,27.9228515625,14.137100472146427,0.3034544102792505,0.07568359375,0.2052941992187698,0.21639500859373584,678,689,1.0162241887905605,11,13.205169628432957,5,497,0.0,2510.6989247311826,682,716,5.59375,0.21959241406250385,True
0.85,140,6463,1024,6256,782,34,816,6.375,6.109375,1936,0.236328125,370,0.19111570247933884,865.21875,14.34375,18.759544384812287,0.38140928529787194,0.045166015625,0.2052941992187698,0.21639500859373584,782,793,1.014066496163683,11,21.959349593495936,3,305,0.0,866.0645161290323,791,825,6.4453125,0.21959241406250385,True
0.85,141,25920,1024,3820,478,34,512,4.0,3.73046875,4372,0.53369140625,999,0.22849954254345836,2543.3203125,29.61328125,14.076793010496813,0.21707603464141212,0.1219482421875,0.2052941992187698,0.21639500859373584,478,489,1.0230125523012552,70,8.094188376753507,5,829,0.0,2563.3464566929133,497,531,4.1484375,0.21959241406250385,True
0.85,142,10327,1024,6049,757,34,791,6.1796875,5.9072265625,2143,0.2615966796875,781,0.36444237050863276,5531.44921875,41.642578125,10.70241431145419,0.32815182157035916,0.0953369140625,0.2052941992187698,0.21639500859373584,757,768,1.0145310435931307,12,10.253846153846155,8,534,0.0,5536.856304985337,776,810,6.328125,0.21959241406250385,True
0.85,143,3805,1024,5210,652,34,686,5.359375,5.087890625,2982,0.364013671875,723,0.24245472837022133,1219.78125,17.71875,17.267984075997298,0.35914818843296287,0.0882568359375,0.2052941992187698,0.21639500859373584,652,663,1.0168711656441718,76,11.132963988919668,3,535,0.0,1230.5970443349754,668,702,5.484375,0.21959241406250385,True
0.85,144,37879,1024,3345,419,34,453,3.5390625,3.2666015625,4847,0.5916748046875,752,0.15514751392613987,2114.1181640625,20.9501953125,14.879511032673062,0.38647709864338714,0.091796875,0.2052941992187698,0.21639500859373584,419,430,1.026252983293556,35,10.773635153129161,5,579,0.0,2122.4088235294116,390,424,3.3125,0.21959241406250385,True
0.85,145,22721,1024,4935,617,34,651,5.0859375,4.8193359375,3257,0.3975830078125,630,0.1934295363831747,2128.62890625,22.650390625,14.8498040540202,0.2829123128829123,0.076904296875,0.2052941992187698,0.21639500859373584,617,628,1.0178282009724473,253,12.410174880763115,5,457,0.0,2195.081570996979,609,643,5.0234375,0.21959241406250385,True
0.85,146,43932,1024,5508,689,34,723,5.6484375,5.37890625,2684,0.32763671875,648,0.2414307004470939,3345.75,30.90625,12.885868742345936,0.5337459984592173,0.0791015625,0.2052941992187698,0.21639500859373584,689,700,1.0159651669085632,35,12.513137557959814,5,524,0.0,3358.8705882352942,695,729,5.6953125,0.21959241406250385,True
0.85,147,47270,1024,5551,694,34,728,5.6875,5.4208984375,2641,0.3223876953125,904,0.3422945853843241,5626.078125,53.25390625,10.628746022849382,0.2274453282912755,0.1103515625,0.2052941992187698,0.21639500859373584,694,705,1.015850144092219,50,9.011074197120708,4,809,0.0,5659.237721021611,716,750,5.859375,0.21959241406250385,True
0.85,148,11091,1024,4570,572,34,606,4.734375,4.462890625,3622,0.442138671875,1038,0.2865819988956378,4420.75390625,45.759765625,11.675840215178857,0.12011497109681231,0.126708984375,0.2052941992187698,0.21639500859373584,572,583,1.0192307692307692,17,7.802314368370299,4,855,0.0,4429.405088062622,561,595,4.6484375,0.21959241406250385,True
0.85,149,9736,1024,5347,669,34,703,5.4921875,5.2216796875,2845,0.3472900390625,470,0.16520210896309315,616.109375,10.93359375,20.2342254360219,0.45070998550176317,0.057373046875,0.2052941992187698,0.21639500859373584,669,680,1.0164424514200299,128,16.976545842217483,4,338,0.0,625.8888888888889,675,709,5.5390625,0.21959241406250385,True
0.85,150,23206,1024,4079,510,34,544,4.25,3.9833984375,4113,0.5020751953125,1115,0.2710916605883783,1464.453125,23.11328125,16.474048857582094,0.15998043543849313,0.1361083984375,0.2052941992187698,0.21639500859373584,510,521,1.0215686274509803,29,7.324057450628366,5,756,0.0,1468.7561214495593,524,558,4.359375,0.21959241406250385,True
0.85,151,25039,1024,6245,781,34,815,6.3671875,6.0986328125,1947,0.2376708984375,575,0.2953261427837699,2428.75,27.5,14.276975472600714,0.28291444612984923,0.0701904296875,0.2052941992187698,0.21639500859373584,781,792,1.0140845070422535,9,14.205574912891986,3,457,0.0,2431.1241446725317,807,841,6.5703125,0.21959241406250385,True
0.85,152,21014,1024,2861,358,34,392,3.0625,2.7939453125,5331,0.6507568359375,1294,0.24273119489776776,7381.5302734375,47.1396484375,9.4493395562799,0.21474733798487905,0.157958984375,0.2052941992187698,0.21639500859373584,358,369,1.0307262569832403,87,6.193348801237432,8,865,0.0,7454.326429980276,361,395,3.0859375,0.21959241406250385,True
0.85,153,32412,1024,5416,677,34,711,5.5546875,5.2890625,2776,0.3388671875,918,0.33069164265129686,2571.23828125,31.1015625,14.029380355137182,0.16969843244079028,0.112060546875,0.2052941992187698,0.21639500859373584,677,688,1.016248153618907,10,8.914940021810251,5,702,0.0,2573.7517106549367,701,735,5.7421875,0.21959241406250385,True
0.85,154,34022,1024,2885,361,34,395,3.0859375,2.8173828125,5307,0.6478271484375,1306,0.24609006971923875,672.474609375,13.3359375,19.854044695414206,0.4104508069053237,0.159423828125,0.2052941992187698,0.21639500859373584,361,372,1.0304709141274238,29,6.154789272030651,8,811,0.0,674.4505386875612,359,393,3.0703125,0.21959241406250385,True
0.85,155,21369,1024,4291,537,34,571,4.4609375,4.1904296875,3901,0.4761962890625,1032,0.26454755190976675,2667.40234375,26.943359375,13.869918324328287,0.46449626020940465,0.1259765625,0.2052941992187698,0.21639500859373584,537,548,1.0204841713221602,375,7.5761396702230845,6,686,0.0,2792.8629856850716,529,563,4.3984375,0.21959241406250385,True
0.85,156,41654,1024,5457,683,34,717,5.6015625,5.3291015625,2735,0.3338623046875,617,0.22559414990859233,2273.41015625,23.158203125,14.564025650344343,0.3187008396513776,0.0753173828125,0.2052941992187698,0.21639500859373584,683,694,1.0161054172767203,58,13.194805194805195,4,464,0.0,2289.0580137659786,687,721,5.6328125,0.21959241406250385,True
0.85,157,11953,1024,3912,489,34,523,4.0859375,3.8203125,4280,0.5224609375,1403,0.327803738317757,6580.896484375,48.87109375,9.947953013425385,0.32849407386508955,0.1712646484375,0.2052941992187698,0.21639500859373584,489,500,1.0224948875255624,55,5.799572039942938,8,885,0.0,6619.683693516699,486,520,4.0625,0.21959241406250385,True
0.85,158,13700,1024,4987,624,34,658,5.140625,4.8701171875,3205,0.3912353515625,851,0.2655226209048362,2374.70703125,28.291015625,14.374703227216255,0.28424194743303904,0.1038818359375,0.2052941992187698,0.21639500859373584,624,635,1.017628205128205,28,9.534117647058823,5,622,0.0,2381.684622918707,632,666,5.203125,0.21959241406250385,True
0.85,159,38205,1024,4269,534,34,568,4.4375,4.1689453125,3923,0.4788818359375,695,0.17716033647718582,1316.087890625,17.064453125,16.93795467685052,0.5646325090149615,0.0848388671875,0.2052941992187698,0.21639500859373584,534,545,1.0205992509363295,107,11.561959654178674,5,507,0.0,1333.0108803165183,535,569,4.4453125,0.21959241406250385,True
0.85,160,40129,1024,4280,535,34,569,4.4453125,4.1796875,3912,0.4775390625,640,0.16359918200409,298.3046875,8.7109375,23.384202830358873,0.41335022639709895,0.078125,0.2052941992187698,0.21639500859373584,535,546,1.0205607476635514,81,12.651017214397497,5,442,0.0,301.2465483234714,532,566,4.421875,0.21959241406250385,True
0.85,161,17080,1024,3748,469,34,503,3.9296875,3.66015625,4444,0.54248046875,1103,0.2481998199819982,1355.6552734375,21.6630859375,16.809310930753018,0.3877376972390472,0.1346435546875,0.2052941992187698,0.21639500859373584,469,480,1.023454157782516,93,7.0989110707803995,6,750,0.0,1370.3761105626852,471,505,3.9453125,0.21959241406250385,True
0.85,162,1505,1024,5336,667,34,701,5.4765625,5.2109375,2856,0.3486328125,842,0.29481792717086835,3764.7548828125,34.6884765625,12.37343655631953,0.3701113237240556,0.102783203125,0.2052941992187698,0.21639500859373584,667,678,1.0164917541229386,62,9.659928656361474,5,651,0.0,3790.6676499508358,672,706,5.515625,0.21959241406250385,True
0.85,163,36391,1024,5818,728,34,762,5.953125,5.681640625,2374,0.289794921875,639,0.2691659646166807,2086.8125,26.6953125,14.93596931387266,0.4079330405238855,0.0780029296875,0.2052941992187698,0.21639500859373584,728,739,1.01510989010989,11,12.79153605015674,4,506,0.0,2088.852394916911,722,756,5.90625,0.21959241406250385,True
0.85,164,24660,1024,5646,706,34,740,5.78125,5.513671875,2546,0.310791015625,707,0.2776904948939513,2901.21875,32.5859375,13.504998853102359,0.12108832201065152,0.0863037109375,0.2052941992187698,0.21639500859373584,706,717,1.0155807365439093,11,11.559490084985836,4,554,0.0,2904.0547409579667,701,735,5.7421875,0.21959241406250385,True
0.85,165,24061,1024,4415,552,34,586,4.578125,4.3115234375,3777,0.4610595703125,740,0.19592268996558115,1412.4365234375,17.9658203125,16.631114216438842,0.3673680783990415,0.09033203125,0.2052941992187698,0.21639500859373584,552,563,1.019927536231884,68,10.621109607577807,4,599,0.0,1423.5580708661416,549,583,4.5546875,0.21959241406250385,True
0.85,166,10964,1024,3881,486,34,520,4.0625,3.7900390625,4311,0.5262451171875,1006,0.23335652980746927,837.9794921875,18.4853515625,18.89846970565542,0.5067932555324727,0.122802734375,0.2052941992187698,0.21639500859373584,486,497,1.022633744855967,69,8.076616915422886,5,745,0.0,844.5777559055118,494,528,4.125,0.21959241406250385,True
0.85,167,20807,1024,5655,707,34,741,5.7890625,5.5224609375,2537,0.3096923828125,883,0.34804887662593614,4128.890625,44.69921875,11.972469823739559,0.21991296821642342,0.1077880859375,0.2052941992187698,0.21639500859373584,707,718,1.0155586987270155,9,9.273242630385488,4,737,0.0,4132.926686217009,722,756,5.90625,0.21959241406250385,True
0.85,168,33388,1024,6342,793,34,827,6.4609375,6.193359375,1850,0.225830078125,447,0.24162162162162162,2147.4375,23.5234375,14.81159828085288,0.40468750708821066,0.0545654296875,0.2052941992187698,0.21639500859373584,793,804,1.0138713745271122,19,18.221973094170405,3,364,0.0,2151.6399217221133,799,833,6.5078125,0.21959241406250385,True
0.85,169,34571,1024,4693,587,34,621,4.8515625,4.5830078125,3499,0.4271240234375,820,0.23435267219205488,4634.4521484375,36.0615234375,11.470819585196626,0.45567969554959203,0.10009765625,0.2052941992187698,0.21639500859373584,587,598,1.018739352640545,44,9.945054945054945,5,627,0.0,4657.192345436702,597,631,4.9296875,0.21959241406250385,True
0.85,170,21194,1024,5109,639,34,673,5.2578125,4.9892578125,3083,0.3763427734375,900,0.2919234511839118,2387.712890625,30.095703125,14.350982567998628,0.1460199032971477,0.10986328125,0.2052941992187698,0.21639500859373584,639,650,1.0172143974960877,18,9.086763070077865,5,647,0.0,2392.385518590998,646,680,5.3125,0.21959241406250385,True
0.85,171,32696,1024,5331,667,34,701,5.4765625,5.2060546875,2861,0.3492431640625,495,0.1730164278224397,1508.078125,17.98046875,16.346565204100557,0.5704543812321399,0.0604248046875,0.2052941992187698,0.21639500859373584,667,678,1.0164917541229386,9,16.53846153846154,3,385,0.0,1509.5522971652003,661,695,5.4296875,0.21959241406250385,True
0.85,172,46005,1024,2465,309,34,343,2.6796875,2.4072265625,5727,0.6990966796875,1079,0.18840579710144928,153.56640625,7.41015625,26.2678413980733,0.5704029354712906,0.1317138671875,0.2052941992187698,0.21639500859373584,309,320,1.035598705501618,183,7.423933209647496,6,825,0.0,156.93812375249502,315,349,2.7265625,0.21959241406250385,True
0.85,173,19269,1024,3232,404,34,438,3.421875,3.15625,4960,0.60546875,681,0.1372983870967742,824.701171875,11.2578125,18.967837491852396,0.48040269615948233,0.0831298828125,0.2052941992187698,0.21639500859373584,404,415,1.0272277227722773,98,11.897058823529411,4,499,0.0,834.4802371541502,396,430,3.359375,0.21959241406250385,True
0.85,174,5503,1024,6356,795,34,829,6.4765625,6.20703125,1836,0.22412109375,474,0.2581699346405229,2765.390625,27.04296875,13.713238746667072,0.45051370651867306,0.057861328125,0.2052941992187698,0.21639500859373584,795,806,1.0138364779874214,9,17.287526427061312,3,417,0.0,2768.0938416422287,805,839,6.5546875,0.21959241406250385,True
0.85,175,32979,1024,4912,614,34,648,5.0625,4.796875,3280,0.400390625,918,0.27987804878048783,5693.685546875,52.30859375,10.576868827826635,0.3391510755620386,0.112060546875,0.2052941992187698,0.21639500859373584,614,625,1.017915309446254,9,8.919302071973828,5,799,0.0,5699.251221896383,608,642,5.015625,0.21959241406250385,True
0.85,176,32764,1024,5727,716,34,750,5.859375,5.5927734375,2465,0.3009033203125,727,0.2949290060851927,1902.25,24.53125,15.338127680953214,0.40737957324973995,0.0887451171875,0.2052941992187698,0.21639500859373584,716,727,1.01536312849162,20,11.24931129476584,6,509,0.0,1905.972602739726,723,757,5.9140625,0.21959241406250385,True
0.85,177,36396,1024,4602,576,34,610,4.765625,4.494140625,3590,0.438232421875,768,0.2139275766016713,1744.13671875,21.474609375,15.714998356202972,0.13860994370557042,0.09375,0.2052941992187698,0.21639500859373584,576,587,1.0190972222222223,44,10.607561929595828,5,588,0.0,1752.6947988223749,578,612,4.78125,0.21959241406250385,True
0.85,178,16139,1024,1964,246,34,280,2.1875,1.91796875,6228,0.76025390625,1466,0.23538856775850994,1194.96484375,15.81640625,17.3572523247913,0.4619633804611203,0.178955078125,0.2052941992187698,0.21639500859373584,246,257,1.0447154471544715,191,5.456655290102389,5,945,0.0,1222.4215784215785,239,273,2.1328125,0.21959241406250385,True
0.85,179,32110,1024,2638,330,34,364,2.84375,2.576171875,5554,0.677978515625,1499,0.26989557075981274,5818.6318359375,44.4130859375,10.482594820520744,0.18254695174537078,0.1829833984375,0.2052941992187698,0.21639500859373584,330,341,1.0333333333333334,173,5.349799732977303,7,922,0.0,5940.457627118644,340,374,2.921875,0.21959241406250385,True
0.85,180,37930,1024,4765,596,34,630,4.921875,4.6533203125,3427,0.4183349609375,981,0.2862562007586811,1700.1650390625,27.2060546875,15.82589279445418,0.3320793026099849,0.1197509765625,0.2052941992187698,0.21639500859373584,596,607,1.0184563758389262,77,8.260204081632653,5,783,0.0,1715.24039408867,601,635,4.9609375,0.21959241406250385,True
0.85,181,5624,1024,5453,682,34,716,5.59375,5.3251953125,2739,0.3343505859375,776,0.2833150784958014,2114.5625,25.828125,14.878598347787122,0.07770871301352568,0.0947265625,0.2052941992187698,0.21639500859373584,682,693,1.0161290322580645,60,10.381935483870969,4,572,0.0,2129.117010816126,694,728,5.6875,0.21959241406250385,True
0.85,182,37946,1024,5160,645,34,679,5.3046875,5.0390625,3032,0.3701171875,546,0.18007915567282323,1822.5390625,19.68359375,15.524035155396835,0.3206839748466424,0.066650390625,0.2052941992187698,0.21639500859373584,645,656,1.0170542635658915,28,14.840366972477064,4,421,0.0,1827.8942213516161,620,654,5.109375,0.21959241406250385,True
0.85,183,6616,1024,6137,768,34,802,6.265625,5.9931640625,2055,0.2508544921875,516,0.2510948905109489,1702.34375,22.640625,15.820331002695232,0.42427345315534754,0.06298828125,0.2052941992187698,0.21639500859373584,768,779,1.0143229166666667,18,15.846601941747572,3,420,0.0,1705.6751467710371,771,805,6.2890625,0.21959241406250385,True
0.85,184,11706,1024,4878,610,34,644,5.03125,4.763671875,3314,0.404541015625,813,0.24532287266143632,2144.740234375,25.708984375,14.817056618339613,0.38555266219126927,0.0992431640625,0.2052941992187698,0.21639500859373584,610,621,1.018032786885246,203,9.770935960591133,4,639,0.0,2198.4124124124123,624,658,5.140625,0.21959241406250385,True
0.85,185,10558,1024,2323,291,34,325,2.5390625,2.2685546875,5869,0.7164306640625,1861,0.31708979383199865,7420.47265625,51.82421875,9.4264879177978,0.30324378210378716,0.2271728515625,0.2052941992187698,0.21639500859373584,291,302,1.0378006872852235,6,4.383333333333334,8,1097,,7420.47265625,301,335,2.6171875,0.21959241406250385,True
0.85,186,18351,1024,1853,232,34,266,2.078125,1.8095703125,6339,0.7738037109375,1650,0.26029342167534314,6992.50390625,54.326171875,9.684476432126406,0.16838253124267266,0.201416015625,0.2052941992187698,0.21639500859373584,232,243,1.0474137931034482,71,4.9144936325045485,8,1062,0.0,7047.562992125984,242,276,2.15625,0.21959241406250385,True
0.85,187,15023,1024,4390,549,34,583,4.5546875,4.287109375,3802,0.464111328125,1317,0.34639663335086796,7965.6728515625,66.2451171875,9.118578948074937,0.13613859396247144,0.1607666015625,0.2052941992187698,0.21639500859373584,549,560,1.0200364298724955,239,6.03951367781155,7,928,0.0,8197.838190954773,546,580,4.53125,0.21959241406250385,True
0.85,188,9490,1024,4779,598,34,632,4.9375,4.6669921875,3413,0.4166259765625,566,0.16583650747143275,719.125,13.7109375,19.562759738343548,0.5910283535500983,0.069091796875,0.2052941992187698,0.21639500859373584,598,609,1.0183946488294315,52,14.35575221238938,4,435,0.0,723.3634577603143,585,619,4.8359375,0.21959241406250385,True
0.85,189,6355,1024,5242,656,34,690,5.390625,5.119140625,2950,0.360107421875,892,0.3023728813559322,2976.46875,43.015625,13.393790336219336,0.1782726487344895,0.10888671875,0.2052941992187698,0.21639500859373584,656,667,1.016768292682927,8,9.177328843995511,4,787,0.0,2979.3782991202347,648,682,5.328125,0.21959241406250385,True
0.85,190,8857,1024,3157,395,34,429,3.3515625,3.0830078125,5035,0.6146240234375,892,0.17715988083416087,942.7685546875,17.2001953125,18.386752723289984,0.3850291567561268,0.10888671875,0.2052941992187698,0.21639500859373584,395,406,1.0278481012658227,509,8.618406285072952,5,720,0.0,1004.573361082206,375,409,3.1953125,0.21959241406250385,True
0.85,191,31811,1024,4261,533,34,567,4.4296875,4.1611328125,3931,0.4798583984375,810,0.20605443907402696,2401.34765625,26.306640625,14.326253210687048,0.44598214877738374,0.098876953125,0.2052941992187698,0.21639500859373584,533,544,1.020637898686679,212,9.859085290482076,5,658,0.0,2463.9078156312626,530,564,4.40625,0.21959241406250385,True
0.85,192,10400,1024,6026,754,34,788,6.15625,5.884765625,2166,0.264404296875,401,0.18513388734995384,1369.8125,15.5078125,16.764192358926632,0.2448754802713717,0.0489501953125,0.2052941992187698,0.21639500859373584,754,765,1.0145888594164456,20,20.355,4,290,0.0,1372.4931506849316,758,792,6.1875,0.21959241406250385,True
0.85,193,275,1024,5398,675,34,709,5.5390625,5.271484375,2794,0.341064453125,343,0.1227630637079456,927.16015625,12.685546875,18.459256008681162,0.6727723825619374,0.0418701171875,0.2052941992187698,0.21639500859373584,675,686,1.0162962962962963,25,23.86842105263158,3,290,0.0,929.8844270323212,661,695,5.4296875,0.21959241406250385,True
0.85,194,26152,1024,3573,447,34,481,3.7578125,3.4892578125,4619,0.5638427734375,1468,0.3178177094609223,5464.9931640625,43.2119140625,10.754907378231387,0.2145710495482269,0.17919921875,0.2052941992187698,0.21639500859373584,447,458,1.0246085011185682,287,5.385821404226312,7,875,0.0,5658.395348837209,454,488,3.8125,0.21959241406250385,True
0.85,195,13037,1024,2380,298,34,332,2.59375,2.32421875,5812,0.70947265625,1386,0.2384721266345492,5422.2646484375,40.9912109375,10.788996501776415,0.22497969044555324,0.169189453125,0.2052941992187698,0.21639500859373584,298,309,1.0369127516778522,279,5.541516245487364,8,866,0.0,5608.483838383839,300,334,2.609375,0.21959241406250385,True
0.85,196,41203,1024,6137,768,34,802,6.265625,5.9931640625,2055,0.2508544921875,372,0.181021897810219,1287.828125,16.53515625,17.032224554100456,0.4356977270171867,0.04541015625,0.2052941992187698,0.21639500859373584,768,779,1.0143229166666667,19,22.013477088948786,3,310,0.0,1290.3483365949119,777,811,6.3359375,0.21959241406250385,True
0.85,197,43709,1024,3733,467,34,501,3.9140625,3.6455078125,4459,0.5443115234375,695,0.15586454361964566,612.1142578125,10.2080078125,20.262478653465422,0.5619680372985808,0.0848388671875,0.2052941992187698,0.21639500859373584,467,478,1.0235546038543897,67,11.70028818443804,5,512,0.0,616.9340551181102,466,500,3.90625,0.21959241406250385,True
0.85,198,43572,1024,5001,626,34,660,5.15625,4.8837890625,3191,0.3895263671875,824,0.2582262613600752,2725.4609375,30.26953125,13.776403989583395,0.31486847968143544,0.1005859375,0.2052941992187698,0.21639500859373584,626,637,1.0175718849840256,20,9.806804374240583,4,610,0.0,2730.794520547945,614,648,5.0625,0.21959241406250385,True
0.85,199,23390,1024,5748,719,34,753,5.8828125,5.61328125,2444,0.29833984375,382,0.15630114566284778,948.15625,12.515625,18.362004487184848,0.6446654471610899,0.046630859375,0.2052941992187698,0.21639500859373584,719,730,1.015299026425591,21,21.433070866141733,4,288,0.0,950.0117416829746,720,754,5.890625,0.21959241406250385,True
0.9,0,712,1024,6155,770,34,804,6.28125,6.0107421875,2037,0.2486572265625,220,0.10800196367206677,888.0625,10.6640625,18.646368292672957,0.7383671787562291,0.02685546875,0.2052941992187698,0.21639500859373584,770,781,1.0142857142857142,20,37.29223744292238,4,178,0.0,889.8003913894324,725,759,5.9296875,0.21959241406250385,True
0.9,1,24774,1024,5511,689,34,723,5.6484375,5.3818359375,2681,0.3272705078125,516,0.19246549794852666,2060.5546875,24.22265625,14.990962155990017,0.48079650147773384,0.06298828125,0.2052941992187698,0.21639500859373584,689,700,1.0159651669085632,88,15.693203883495146,5,441,0.0,2082.9299111549853,661,695,5.4296875,0.21959241406250385,True
0.9,2,45142,1024,6411,802,34,836,6.53125,6.2607421875,1781,0.2174072265625,210,0.11791128579449747,1110.0,12.59375,17.67757382081253,0.425530160708463,0.025634765625,0.2052941992187698,0.21639500859373584,802,813,1.013715710723192,34,38.54066985645933,2,196,0.0,1114.3529411764705,786,820,6.40625,0.21959241406250385,True
0.9,3,27119,1024,2721,341,34,375,2.9296875,2.6572265625,5471,0.6678466796875,867,0.15847194297203437,2565.869140625,21.728515625,14.03845857291061,0.5985072030679172,0.1058349609375,0.2052941992187698,0.21639500859373584,341,352,1.032258064516129,12,9.444572748267898,5,587,0.0,2568.377321603128,345,379,2.9609375,0.21959241406250385,True
0.9,4,21139,1024,5365,671,34,705,5.5078125,5.2392578125,2827,0.3450927734375,508,0.17969579059073224,1880.265625,20.50390625,15.3886115451755,0.29489913380166166,0.06201171875,0.2052941992187698,0.21639500859373584,671,682,1.0163934426229508,357,15.437869822485206,3,408,0.0,1964.6857142857143,652,686,5.359375,0.21959241406250385,True
0.9,5,19129,1024,5706,714,34,748,5.84375,5.572265625,2486,0.303466796875,278,0.11182622687047465,956.28125,12.0546875,18.324947203080093,0.683180485330796,0.033935546875,0.2052941992187698,0.21639500859373584,714,725,1.015406162464986,81,28.740072202166065,3,245,0.0,965.7120315581855,674,708,5.53125,0.21959241406250385,True
0.9,6,6433,1024,4806,601,34,635,4.9609375,4.693359375,3386,0.413330078125,424,0.12522150029533372,598.3046875,9.53125,20.361579554729484,0.35832412143858905,0.0517578125,0.2052941992187698,0.21639500859373584,601,612,1.0183028286189684,51,18.62647754137116,4,312,0.0,601.8310412573674,579,613,4.7890625,0.21959241406250385,True
0.9,7,38854,1024,5811,727,34,761,5.9453125,5.6748046875,2381,0.2906494140625,320,0.13439731205375893,1300.25,14.546875,16.990534984210406,0.5511227899914081,0.0390625,0.2052941992187698,0.21639500859373584,727,738,1.015130674002751,45,25.517241379310345,4,281,0.0,1306.630029440628,691,725,5.6640625,0.21959241406250385,True
0.9,8,22489,1024,6117,765,34,799,6.2421875,5.9736328125,2075,0.2532958984375,265,0.12771084337349398,1743.015625,16.87109375,15.71779080573256,0.6777576248568445,0.0323486328125,0.2052941992187698,0.21639500859373584,765,776,1.0143790849673202,74,30.458333333333332,3,238,0.0,1758.470935960591,723,757,5.9140625,0.21959241406250385,True
0.9,9,31104,1024,5161,646,34,680,5.3125,5.0400390625,3031,0.3699951171875,442,0.14582645991421972,1868.0166015625,19.8603515625,15.416996292656204,0.590471680729847,0.053955078125,0.2052941992187698,0.21639500859373584,646,657,1.0170278637770898,114,17.834467120181404,4,368,0.0,1893.909900990099,603,637,4.9765625,0.21959241406250385,True
0.9,10,21349,1024,6317,790,34,824,6.4375,6.1689453125,1875,0.2288818359375,286,0.15253333333333333,744.5625,9.9765625,19.4117920174029,0.6643284066098387,0.034912109375,0.2052941992187698,0.21639500859373584,790,801,1.0139240506329115,72,28.473684210526315,4,198,0.0,751.1645320197044,771,805,6.2890625,0.21959241406250385,True
0.9,11,29116,1024,5379,673,34,707,5.5234375,5.2529296875,2813,0.3433837890625,331,0.11766797013864203,1054.07421875,12.427734375,17.90209169669964,0.8032629369832448,0.0404052734375,0.2052941992187698,0.21639500859373584,673,684,1.0163447251114412,140,24.096969696969698,3,273,0.0,1071.8689175769612,646,680,5.3125,0.21959241406250385,True
0.9,12,10772,1024,6438,805,34,839,6.5546875,6.287109375,1754,0.214111328125,338,0.19270239452679588,2482.73828125,22.853515625,14.181494202096967,0.6435486607120807,0.041259765625,0.2052941992187698,0.21639500859373584,805,816,1.013664596273292,24,23.456973293768545,3,306,0.0,2490.033300685602,792,826,6.453125,0.21959241406250385,True
0.9,13,18332,1024,6499,813,34,847,6.6171875,6.3466796875,1693,0.2066650390625,237,0.13998818665091553,1659.0625,15.8984375,15.932176138466595,0.5397969790465165,0.0289306640625,0.2052941992187698,0.21639500859373584,813,824,1.013530135301353,25,34.34322033898305,2,217,0.0,1663.9373163565133,782,816,6.375,0.21959241406250385,True
0.9,14,1003,1024,6377,798,34,832,6.5,6.2275390625,1815,0.2215576171875,320,0.1763085399449036,2172.189453125,18.29296875,14.761826601819488,0.5176785769891741,0.0390625,0.2052941992187698,0.21639500859373584,798,809,1.0137844611528821,35,25.219435736677116,5,250,0.0,2180.7078431372547,779,813,6.3515625,0.21959241406250385,True
0.9,15,22156,1024,6170,772,34,806,6.296875,6.025390625,2022,0.246826171875,177,0.08753709198813056,913.265625,9.83984375,18.52483249605385,0.6450859816402816,0.0216064453125,0.2052941992187698,0.21639500859373584,772,783,1.0142487046632125,65,45.61363636363637,3,162,0.0,920.4566929133858,748,782,6.109375,0.21959241406250385,True
0.9,16,26453,1024,5420,678,34,712,5.5625,5.29296875,2772,0.33837890625,253,0.09126984126984126,1380.671875,13.33203125,16.729898827301678,0.39091075916838436,0.0308837890625,0.2052941992187698,0.21639500859373584,678,689,1.0162241887905605,36,29.71031746031746,3,237,0.0,1386.0862745098038,643,677,5.2890625,0.21959241406250385,True
0.9,17,17039,1024,5958,745,34,779,6.0859375,5.818359375,2234,0.272705078125,195,0.08728737690241718,651.3359375,8.75390625,19.992753198082692,0.6388768898285537,0.0238037109375,0.2052941992187698,0.21639500859373584,745,756,1.014765100671141,10,41.78865979381443,5,163,0.0,651.9726295210166,692,726,5.671875,0.21959241406250385,True
0.9,18,7166,1024,5873,735,34,769,6.0078125,5.7353515625,2319,0.2830810546875,524,0.22595946528676153,2538.375,26.8203125,14.08524579042933,0.47090933594825685,0.06396484375,0.2052941992187698,0.21639500859373584,735,746,1.014965986394558,9,15.632887189292543,4,436,0.0,2540.8563049853374,699,733,5.7265625,0.21959241406250385,True
0.9,19,48310,1024,5352,669,34,703,5.4921875,5.2265625,2840,0.3466796875,385,0.13556338028169015,1656.5595703125,17.6748046875,15.9387330302673,0.5762853281338257,0.0469970703125,0.2052941992187698,0.21639500859373584,669,680,1.0164424514200299,55,20.4921875,3,342,0.0,1666.3231827111983,620,654,5.109375,0.21959241406250385,True
0.9,20,12187,1024,4705,589,34,623,4.8671875,4.5947265625,3487,0.4256591796875,390,0.11184399197017493,1724.5703125,16.5078125,15.763994551721833,0.4426839935851936,0.047607421875,0.2052941992187698,0.21639500859373584,589,600,1.0186757215619695,253,20.40102827763496,4,310,0.0,1778.4088620342397,544,578,4.515625,0.21959241406250385,True
0.9,21,20284,1024,4740,593,34,627,4.8984375,4.62890625,3452,0.42138671875,270,0.07821552723059096,230.08203125,5.474609375,24.51197658034505,0.7388919741093818,0.032958984375,0.2052941992187698,0.21639500859373584,593,604,1.0185497470489038,147,29.71003717472119,3,223,0.0,234.19880715705764,553,587,4.5859375,0.21959241406250385,True
0.9,22,1052,1024,6195,775,34,809,6.3203125,6.0498046875,1997,0.2437744140625,205,0.10265398097145718,1195.390625,11.87109375,17.355705153655073,0.7955224262655712,0.0250244140625,0.2052941992187698,0.21639500859373584,775,786,1.0141935483870967,34,39.333333333333336,5,177,0.0,1200.078431372549,737,771,6.0234375,0.21959241406250385,True
0.9,23,13752,1024,3963,496,34,530,4.140625,3.8701171875,4229,0.5162353515625,314,0.07424923149680776,261.7275390625,4.5966796875,23.95230939207634,0.6519931574654827,0.038330078125,0.2052941992187698,0.21639500859373584,496,507,1.0221774193548387,130,25.51437699680511,4,225,0.0,265.88194444444446,467,501,3.9140625,0.21959241406250385,True
0.9,24,37139,1024,5995,750,34,784,6.125,5.8544921875,2197,0.2681884765625,319,0.14519799726900318,749.41015625,11.806640625,19.383607863702814,0.6367773053879457,0.0389404296875,0.2052941992187698,0.21639500859373584,750,761,1.0146666666666666,27,24.849056603773583,3,273,0.0,751.6121449559256,698,732,5.71875,0.21959241406250385,True
0.9,25,29727,1024,6878,860,34,894,6.984375,6.716796875,1314,0.160400390625,179,0.13622526636225266,1256.0,11.953125,17.14090721466733,0.7691946334907593,0.0218505859375,0.2052941992187698,0.21639500859373584,860,871,1.0127906976744185,192,43.37640449438202,3,162,0.0,1286.144,827,861,6.7265625,0.21959241406250385,True
0.9,26,41854,1024,5761,721,34,755,5.8984375,5.6259765625,2431,0.2967529296875,142,0.058412176059234884,253.5625,4.6328125,24.08995335819509,0.7384238310713045,0.017333984375,0.2052941992187698,0.21639500859373584,721,732,1.015256588072122,130,54.46808510638298,3,121,0.0,257.58730158730157,669,703,5.4921875,0.21959241406250385,True
0.9,27,40333,1024,6572,822,34,856,6.6875,6.41796875,1620,0.19775390625,198,0.12222222222222222,853.25,10.078125,18.82004063917234,0.7783663400681788,0.024169921875,0.2052941992187698,0.21639500859373584,822,833,1.0133819951338199,8,40.74111675126903,3,175,0.0,854.0840664711633,795,829,6.4765625,0.21959241406250385,True
0.9,28,33248,1024,4997,625,34,659,5.1484375,4.8798828125,3195,0.3900146484375,278,0.08701095461658842,656.98046875,9.703125,19.95527902175988,0.5944641245721545,0.033935546875,0.2052941992187698,0.21639500859373584,625,636,1.0176,375,27.657039711191334,5,221,0.0,687.8813905930471,583,617,4.8203125,0.21959241406250385,True
0.9,29,9680,1024,6209,777,34,811,6.3359375,6.0634765625,1983,0.2420654296875,288,0.14523449319213314,1739.08203125,17.482421875,15.72760293023343,0.7074699310334482,0.03515625,0.2052941992187698,0.21639500859373584,777,788,1.0141570141570142,17,27.825783972125436,3,263,0.0,1742.4853228962818,740,774,6.046875,0.21959241406250385,True
0.9,30,16805,1024,6566,821,34,855,6.6796875,6.412109375,1626,0.198486328125,207,0.12730627306273062,1013.5,11.96875,18.072566078388828,0.5343306185025832,0.0252685546875,0.2052941992187698,0.21639500859373584,821,832,1.0133982947624847,19,39.64563106796116,2,189,0.0,1015.4833659491194,793,827,6.4609375,0.21959241406250385,True
0.9,31,14652,1024,5330,667,34,701,5.4765625,5.205078125,2862,0.349365234375,316,0.11041229909154437,1644.46875,16.25,15.970547359112075,0.2525904218939023,0.03857421875,0.2052941992187698,0.21639500859373584,667,678,1.0164917541229386,20,25.85079365079365,4,256,0.0,1647.6868884540118,618,652,5.09375,0.21959241406250385,True
0.9,32,15793,1024,5228,654,34,688,5.375,5.10546875,2964,0.36181640625,258,0.08704453441295547,751.1171875,9.87890625,19.373726609952723,0.6404017608488887,0.031494140625,0.2052941992187698,0.21639500859373584,654,665,1.0168195718654434,86,31.486381322957197,2,231,0.0,758.5246548323471,611,645,5.0390625,0.21959241406250385,True
0.9,33,30210,1024,4295,537,34,571,4.4609375,4.1943359375,3897,0.4757080078125,488,0.1252245316910444,786.5390625,11.12109375,19.17360064669026,0.6635034579973897,0.0595703125,0.2052941992187698,0.21639500859373584,537,548,1.0204841713221602,35,16.739219712525667,4,422,0.0,789.6235294117647,506,540,4.21875,0.21959241406250385,True
0.9,34,47426,1024,6115,765,34,799,6.2421875,5.9716796875,2077,0.2535400390625,197,0.09484833895040924,926.45703125,10.126953125,18.462550791706413,0.8201743274754981,0.0240478515625,0.2052941992187698,0.21639500859373584,765,776,1.0143790849673202,10,40.525510204081634,3,182,0.0,927.3626588465298,744,778,6.078125,0.21959241406250385,True
0.9,35,20875,1024,6023,753,34,787,6.1484375,5.8818359375,2169,0.2647705078125,184,0.08483171968649147,941.125,8.90625,18.394330507191896,0.7332168040562206,0.0224609375,0.2052941992187698,0.21639500859373584,753,764,1.0146082337317397,169,43.80327868852459,2,147,0.0,960.8295114656032,701,735,5.7421875,0.21959241406250385,True
0.9,36,4161,1024,6243,781,34,815,6.3671875,6.0966796875,1949,0.2379150390625,271,0.13904566444330427,2210.703125,19.68359375,14.685499357161532,0.47265524231282297,0.0330810546875,0.2052941992187698,0.21639500859373584,781,792,1.0140845070422535,74,29.925925925925927,3,243,0.0,2230.305418719212,742,776,6.0625,0.21959241406250385,True
0.9,37,40340,1024,5084,636,34,670,5.234375,4.96484375,3108,0.37939453125,568,0.18275418275418276,1714.1181640625,19.5595703125,15.790396038224817,0.38990569898300753,0.0693359375,0.2052941992187698,0.21639500859373584,636,647,1.0172955974842768,191,13.70546737213404,4,431,0.0,1753.5034965034965,631,665,5.1953125,0.21959241406250385,True
0.9,38,28286,1024,6121,766,34,800,6.25,5.9775390625,2071,0.2528076171875,316,0.15258329309512314,1272.921875,15.01953125,17.08278611022247,0.6808992909096605,0.03857421875,0.2052941992187698,0.21639500859373584,766,777,1.014360313315927,27,25.825396825396826,3,286,0.0,1276.6620959843292,737,771,6.0234375,0.21959241406250385,True
0.9,39,13256,1024,6494,812,34,846,6.609375,6.341796875,1698,0.207275390625,253,0.14899882214369847,1375.25,14.609375,16.746987072461067,0.4029220998183582,0.0308837890625,0.2052941992187698,0.21639500859373584,812,823,1.0135467980295567,19,32.40873015873016,3,213,0.0,1377.9412915851271,797,831,6.4921875,0.21959241406250385,True
0.9,40,48934,1024,5873,735,34,769,6.0078125,5.7353515625,2319,0.2830810546875,356,0.15351444588184562,1753.484375,17.48046875,15.691784605571545,0.561632451437853,0.04345703125,0.2052941992187698,0.21639500859373584,735,746,1.014965986394558,338,22.101408450704227,3,308,0.0,1828.4806517311608,734,768,6.0,0.21959241406250385,True
0.9,41,11935,1024,5214,652,34,686,5.359375,5.091796875,2978,0.363525390625,230,0.07723304231027535,1158.97265625,11.369140625,17.490071711336718,0.5373575835037097,0.028076171875,0.2052941992187698,0.21639500859373584,652,663,1.0168711656441718,19,35.6768558951965,5,180,0.0,1161.2407045009784,617,651,5.0859375,0.21959241406250385,True
0.9,42,48447,1024,6524,816,34,850,6.640625,6.37109375,1668,0.20361328125,173,0.10371702637889688,985.75,9.609375,18.193135751226496,0.5167403106330447,0.0211181640625,0.2052941992187698,0.21639500859373584,816,827,1.0134803921568627,312,44.656976744186046,3,123,0.0,1024.7796954314722,785,819,6.3984375,0.21959241406250385,True
0.9,43,15492,1024,7036,880,34,914,7.140625,6.87109375,1156,0.14111328125,175,0.1513840830449827,1320.5,12.65625,16.923419553249673,0.6331177581724406,0.0213623046875,0.2052941992187698,0.21639500859373584,880,891,1.0125,96,46.40229885057471,2,155,0.0,1336.1581027667985,865,899,7.0234375,0.21959241406250385,True
0.9,44,32513,1024,6321,791,34,825,6.4453125,6.1728515625,1871,0.2283935546875,192,0.10261892036344201,626.25,8.515625,20.163326219926084,0.6994502691889368,0.0234375,0.2052941992187698,0.21639500859373584,791,802,1.013906447534766,10,41.717277486910994,3,171,0.0,626.8621700879766,766,800,6.25,0.21959241406250385,True
0.9,45,36099,1024,4959,620,34,654,5.109375,4.8427734375,3233,0.3946533203125,638,0.1973399319517476,1476.671875,18.091796875,16.437963575723334,0.4429462929650876,0.077880859375,0.2052941992187698,0.21639500859373584,620,631,1.017741935483871,71,12.700156985871272,5,487,0.0,1488.2992125984251,606,640,5.0,0.21959241406250385,True
0.9,46,39260,1024,3285,411,34,445,3.4765625,3.2080078125,4907,0.5989990234375,462,0.09415121255349501,720.8623046875,8.4072265625,19.552280448661087,0.6528120626732982,0.056396484375,0.2052941992187698,0.21639500859373584,411,422,1.02676399026764,619,16.316702819956618,5,355,0.0,779.4751847940865,388,422,3.296875,0.21959241406250385,True
0.9,47,46517,1024,5017,628,34,662,5.171875,4.8994140625,3175,0.3875732421875,342,0.10771653543307087,610.17578125,8.947265625,20.27625394988955,0.6265981097669324,0.041748046875,0.2052941992187698,0.21639500859373584,628,639,1.017515923566879,58,23.50733137829912,4,275,0.0,614.3756145526057,612,646,5.046875,0.21959241406250385,True
0.9,48,33095,1024,6580,823,34,857,6.6953125,6.42578125,1612,0.19677734375,162,0.10049627791563276,679.25,8.265625,19.81050713777982,0.6594406119732124,0.019775390625,0.2052941992187698,0.21639500859373584,823,834,1.0133657351154313,73,49.298136645962735,3,143,0.0,685.2729064039409,787,821,6.4140625,0.21959241406250385,True
0.9,49,3,1024,6136,767,34,801,6.2578125,5.9921875,2056,0.2509765625,138,0.06712062256809338,379.25,5.921875,22.34154771409142,0.6649790284522364,0.016845703125,0.2052941992187698,0.21639500859373584,767,778,1.014341590612777,58,59.27007299270073,2,115,0.0,381.86037364798426,736,770,6.015625,0.21959241406250385,True
0.9,50,21683,1024,5927,741,34,775,6.0546875,5.7880859375,2265,0.2764892578125,187,0.08256070640176601,1146.4375,11.0234375,17.537299774626504,0.6499318634535349,0.0228271484375,0.2052941992187698,0.21639500859373584,741,752,1.0148448043184886,10,42.93010752688172,2,166,0.0,1147.5581622678396,691,725,5.6640625,0.21959241406250385,True
0.9,51,13446,1024,6102,763,34,797,6.2265625,5.958984375,2090,0.255126953125,382,0.18277511961722487,1220.5625,16.8671875,17.26520338105972,0.7000405227109735,0.046630859375,0.2052941992187698,0.21639500859373584,763,774,1.0144167758846658,73,20.58267716535433,2,358,0.0,1231.385221674877,737,771,6.0234375,0.21959241406250385,True
0.9,52,49515,1024,5607,701,34,735,5.7421875,5.4755859375,2585,0.3155517578125,417,0.16131528046421664,1696.921875,20.0078125,15.834185126795365,0.48631988336674914,0.0509033203125,0.2052941992187698,0.21639500859373584,701,712,1.0156918687589158,177,19.197115384615383,4,342,0.0,1734.179640718563,674,708,5.53125,0.21959241406250385,True
0.9,53,27943,1024,6116,765,34,799,6.2421875,5.97265625,2076,0.25341796875,324,0.15606936416184972,2338.578125,21.58203125,14.441284778828896,0.4285302064936952,0.03955078125,0.2052941992187698,0.21639500859373584,765,776,1.0143790849673202,74,25.092879256965944,3,292,0.0,2359.3142857142857,733,767,5.9921875,0.21959241406250385,True
0.9,54,29059,1024,6649,832,34,866,6.765625,6.4931640625,1543,0.1883544921875,224,0.14517174335709657,1155.3330078125,11.9873046875,17.503731795742922,0.8175419056395655,0.02734375,0.2052941992187698,0.21639500859373584,832,843,1.0132211538461537,9,36.663677130044846,5,194,0.0,1156.4623655913979,804,838,6.546875,0.21959241406250385,True
0.9,55,32738,1024,4032,504,34,538,4.203125,3.9375,4160,0.5078125,363,0.08725961538461538,772.91796875,8.984375,19.249469570008976,0.7038440241832045,0.0443115234375,0.2052941992187698,0.21639500859373584,504,515,1.0218253968253967,222,21.994475138121548,5,249,0.0,793.8495486459378,448,482,3.765625,0.21959241406250385,True
0.9,56,445,1024,6510,814,34,848,6.625,6.357421875,1682,0.205322265625,344,0.20451843043995244,1797.25,19.453125,15.584718685843377,0.4130064473764538,0.0419921875,0.2052941992187698,0.21639500859373584,814,825,1.0135135135135136,33,23.67930029154519,3,309,0.0,1804.2980392156862,803,837,6.5390625,0.21959241406250385,True
0.9,57,32216,1024,5900,738,34,772,6.03125,5.76171875,2292,0.27978515625,171,0.07460732984293193,605.455078125,7.626953125,20.309984347697817,0.7491844519110645,0.0208740234375,0.2052941992187698,0.21639500859373584,738,749,1.0149051490514904,507,45.1764705882353,3,151,0.0,645.146722164412,703,737,5.7578125,0.21959241406250385,True
0.9,58,18250,1024,6676,835,34,869,6.7890625,6.51953125,1516,0.18505859375,140,0.09234828496042216,622.0,6.875,20.192899761770917,0.7353337187861375,0.01708984375,0.2052941992187698,0.21639500859373584,835,846,1.0131736526946107,32,58.431654676258994,3,114,0.0,624.4392156862746,805,839,6.5546875,0.21959241406250385,True
0.9,59,1684,1024,5681,711,34,745,5.8203125,5.5478515625,2511,0.3065185546875,404,0.1608920748705695,2161.46875,21.75,14.783313998789556,0.4700311594749631,0.04931640625,0.2052941992187698,0.21639500859373584,711,722,1.0154711673699015,136,19.918114143920594,5,340,0.0,2197.958291956306,667,701,5.4765625,0.21959241406250385,True
0.9,60,2899,1024,5786,724,34,758,5.921875,5.650390625,2406,0.293701171875,252,0.10473815461346633,875.3125,10.3359375,18.709172303642482,0.6292682863243324,0.03076171875,0.2052941992187698,0.21639500859373584,724,735,1.0151933701657458,91,31.836653386454184,4,202,0.0,884.817374136229,704,738,5.765625,0.21959241406250385,True
0.9,61,39428,1024,5319,665,34,699,5.4609375,5.1943359375,2873,0.3507080078125,247,0.08597285067873303,614.5302734375,7.4130859375,20.245370785876567,0.7140932777164083,0.0301513671875,0.2052941992187698,0.21639500859373584,665,676,1.0165413533834586,54,33.06910569105691,3,211,0.0,618.1522593320236,629,663,5.1796875,0.21959241406250385,True
0.9,62,40758,1024,6215,777,34,811,6.3359375,6.0693359375,1977,0.2413330078125,144,0.07283763277693475,1291.40625,10.578125,17.02017476944331,0.7457377659398619,0.017578125,0.2052941992187698,0.21639500859373584,777,788,1.0141570141570142,9,54.68531468531469,4,130,0.0,1292.6686217008798,743,777,6.0703125,0.21959241406250385,True
0.9,63,29154,1024,6292,787,34,821,6.4140625,6.14453125,1900,0.23193359375,354,0.1863157894736842,1966.75,20.15625,15.193312020267417,0.5783076513048419,0.043212890625,0.2052941992187698,0.21639500859373584,787,798,1.013977128335451,98,22.81869688385269,3,309,0.0,1990.0711462450593,761,795,6.2109375,0.21959241406250385,True
0.9,64,43958,1024,6261,783,34,817,6.3828125,6.1142578125,1931,0.2357177734375,120,0.06214396685655101,381.5,5.25,22.31585818577011,0.6237675876782645,0.0146484375,0.2118313359375179,0.21595073125001818,783,794,1.0140485312899106,138,67.42857142857143,2,110,0.0,387.94041708043693,741,775,6.0546875,0.22933663593749998,True
0.9,65,33814,1024,6178,773,34,807,6.3046875,6.033203125,2014,0.245849609375,467,0.23187686196623636,2049.2197265625,19.3701171875,15.01491832960891,0.6334970367930286,0.0570068359375,0.2118313359375179,0.21595073125001818,773,784,1.0142302716688227,18,16.976394849785407,6,339,0.0,2053.229941291585,762,796,6.21875,0.22933663593749998,True
0.9,66,34153,1024,5759,720,34,754,5.890625,5.6240234375,2433,0.2969970703125,487,0.20016440608302508,1930.23828125,21.146484375,15.274694363967336,0.505770700579253,0.0594482421875,0.2118313359375179,0.21595073125001818,720,731,1.0152777777777777,188,16.224279835390945,3,387,0.0,1974.5894105894106,710,744,5.8125,0.22933663593749998,True
0.9,67,43609,1024,5607,701,34,735,5.7421875,5.4755859375,2585,0.3155517578125,363,0.14042553191489363,869.513671875,12.46484375,18.738039458078575,0.6714594319296658,0.0443115234375,0.2118313359375179,0.21595073125001818,701,712,1.0156918687589158,35,22.527624309392266,4,320,0.0,872.9235294117647,675,709,5.5390625,0.22933663593749998,True
0.9,68,10762,1024,5549,694,34,728,5.6875,5.4189453125,2643,0.3226318359375,578,0.218690881573969,3638.64453125,33.560546875,12.52140730579056,0.31096218126651587,0.070556640625,0.2118313359375179,0.21595073125001818,694,705,1.015850144092219,110,13.400346620450607,5,461,0.0,3685.4322453016816,678,712,5.5625,0.22933663593749998,True
0.9,69,17898,1024,5439,680,34,714,5.578125,5.3115234375,2753,0.3360595703125,176,0.06393025790047221,1000.203125,9.49609375,18.12992153759505,0.5127512937004084,0.021484375,0.2118313359375179,0.21595073125001818,680,691,1.0161764705882352,402,44.25714285714286,3,143,0.0,1051.5482546201233,623,657,5.1328125,0.22933663593749998,True
0.9,70,43653,1024,5656,707,34,741,5.7890625,5.5234375,2536,0.3095703125,263,0.10370662460567823,2439.4931640625,20.4482421875,14.257807553960935,0.49465737892885453,0.0321044921875,0.2118313359375179,0.21595073125001818,707,718,1.0155586987270155,91,25.6793893129771,4,233,0.0,2465.98321816387,653,687,5.3671875,0.22933663593749998,True
0.9,71,14233,1024,6344,793,34,827,6.4609375,6.1953125,1848,0.2255859375,329,0.17803030303030304,1710.1875,19.0078125,15.800366330773311,0.44107089730515237,0.0401611328125,0.2118313359375179,0.21595073125001818,793,804,1.0138713745271122,90,24.661585365853657,3,296,0.0,1728.7581441263574,784,818,6.390625,0.22933663593749998,True
0.9,72,39520,1024,6319,790,34,824,6.4375,6.1708984375,1873,0.2286376953125,223,0.1190603310197544,1181.328125,11.93359375,17.407098171203696,0.5370921240073245,0.0272216796875,0.2118313359375179,0.21595073125001818,790,801,1.0139240506329115,133,34.472972972972975,3,205,0.0,1200.079365079365,733,767,5.9921875,0.22933663593749998,True
0.9,73,18138,1024,5754,720,34,754,5.890625,5.619140625,2438,0.297607421875,211,0.08654634946677604,611.0625,7.8828125,20.269947283390284,0.6852901389547218,0.0257568359375,0.2118313359375179,0.21595073125001818,720,731,1.0152777777777777,154,38.24761904761905,4,174,0.0,622.6149253731344,684,718,5.609375,0.22933663593749998,True
0.9,74,9212,1024,5609,702,34,736,5.75,5.4775390625,2583,0.3153076171875,129,0.04994192799070848,634.421875,6.34765625,20.10702211734899,0.7489191962571665,0.0157470703125,0.2118313359375179,0.21595073125001818,702,713,1.0156695156695157,82,58.8203125,2,116,0.0,640.6785009861933,646,680,5.3125,0.22933663593749998,True
0.9,75,6456,1024,6307,789,34,823,6.4296875,6.1591796875,1885,0.2301025390625,355,0.1883289124668435,2421.5,22.2109375,14.289958874853522,0.374859202491236,0.0433349609375,0.2118313359375179,0.21595073125001818,789,800,1.0139416983523448,27,22.872881355932204,4,298,0.0,2428.615083251714,769,803,6.2734375,0.22933663593749998,True
0.9,76,22948,1024,5709,714,34,748,5.84375,5.5751953125,2483,0.3031005859375,390,0.15706806282722513,959.20703125,16.490234375,18.311680072680648,0.5164638265821454,0.047607421875,0.2118313359375179,0.21595073125001818,714,725,1.015406162464986,70,20.02313624678663,4,363,0.0,966.7598425196851,677,711,5.5546875,0.22933663593749998,True
0.9,77,7591,1024,6682,836,34,870,6.796875,6.525390625,1510,0.184326171875,178,0.11788079470198676,1069.5625,11.2734375,17.838741931739776,0.5746584151862281,0.021728515625,0.2118313359375179,0.21595073125001818,836,847,1.013157894736842,11,45.50282485875706,2,166,0.0,1070.6080156402736,819,853,6.6640625,0.22933663593749998,True
0.9,78,29996,1024,5608,701,34,735,5.7421875,5.4765625,2584,0.3154296875,460,0.1780185758513932,3742.4609375,32.501953125,12.399230848432639,0.22154326115890038,0.05615234375,0.2118313359375179,0.21595073125001818,701,712,1.0156918687589158,108,17.342047930283226,4,417,0.0,3790.583580613254,669,703,5.4921875,0.22933663593749998,True
0.9,79,10378,1024,5725,716,34,750,5.859375,5.5908203125,2467,0.3011474609375,278,0.11268747466558574,1138.4140625,12.48046875,17.567801090442906,0.7203923314918631,0.033935546875,0.2118313359375179,0.21595073125001818,716,727,1.01536312849162,78,28.927797833935017,4,234,0.0,1148.5083743842365,683,717,5.6015625,0.22933663593749998,True
0.9,80,27337,1024,4920,615,34,649,5.0703125,4.8046875,3272,0.3994140625,178,0.054400977995110025,191.0703125,3.5,25.318871469631436,0.8210235616636328,0.021728515625,0.2118313359375179,0.21595073125001818,615,626,1.0178861788617886,35,44.61581920903955,4,145,0.0,191.81960784313725,553,587,4.5859375,0.22933663593749998,True
0.9,81,19965,1024,5367,671,34,705,5.5078125,5.2412109375,2825,0.3448486328125,401,0.14194690265486726,1331.046875,15.05078125,16.88887010731047,0.5030739374068705,0.0489501953125,0.2118313359375179,0.21595073125001818,671,682,1.0163934426229508,33,20.285,4,298,0.0,1336.2666666666667,634,668,5.21875,0.22933663593749998,True
0.9,82,24405,1024,6217,778,34,812,6.34375,6.0712890625,1975,0.2410888671875,232,0.11746835443037974,684.265625,9.49609375,19.778556376884854,0.6979469000771915,0.0283203125,0.2118313359375179,0.21595073125001818,778,789,1.0141388174807198,57,35.19047619047619,3,201,0.0,688.9754178957719,740,774,6.046875,0.22933663593749998,True
0.9,83,45135,1024,6348,794,34,828,6.46875,6.19921875,1844,0.22509765625,150,0.08134490238611713,696.9375,7.5703125,19.69886527708447,0.8017565849556825,0.018310546875,0.2118313359375179,0.21595073125001818,794,805,1.013853904282116,36,51.86577181208054,2,135,0.0,699.6705882352941,754,788,6.15625,0.22933663593749998,True
0.9,84,11274,1024,5809,727,34,761,5.9453125,5.6728515625,2383,0.2908935546875,371,0.1556861099454469,1436.5625,16.3671875,16.557558354375068,0.5467333387135433,0.0452880859375,0.2118313359375179,0.21595073125001818,727,738,1.015130674002751,43,21.854054054054053,3,325,0.0,1443.611383709519,709,743,5.8046875,0.22933663593749998,True
0.9,85,1941,1024,6109,764,34,798,6.234375,5.9658203125,2083,0.2542724609375,224,0.10753720595295248,556.0625,7.6015625,20.6795675295557,0.6046282660936311,0.02734375,0.2118313359375179,0.21595073125001818,764,775,1.0143979057591623,19,36.053811659192824,3,175,0.0,557.1506849315068,736,770,6.015625,0.22933663593749998,True
0.9,86,48940,1024,6401,801,34,835,6.5234375,6.2509765625,1791,0.2186279296875,208,0.11613623673925182,728.125,9.75,19.508744181617974,0.7037974024321387,0.025390625,0.2118313359375179,0.21595073125001818,801,812,1.013732833957553,114,38.410628019323674,2,199,0.0,738.2178217821782,777,811,6.3359375,0.22933663593749998,True
0.9,87,36794,1024,6036,755,34,789,6.1640625,5.89453125,2156,0.26318359375,331,0.15352504638218925,1992.109375,19.28515625,15.137671815719296,0.5558267069024909,0.0404052734375,0.2118313359375179,0.21595073125001818,755,766,1.014569536423841,112,24.2,3,291,0.0,2019.7227722772277,718,752,5.875,0.22933663593749998,True
0.9,88,21994,1024,6069,759,34,793,6.1953125,5.9267578125,2123,0.2591552734375,265,0.12482336316533207,1317.609375,12.23828125,16.932936846209945,0.4536312819806045,0.0323486328125,0.2118313359375179,0.21595073125001818,759,770,1.0144927536231885,51,30.75378787878788,4,209,0.0,1325.3752455795677,724,758,5.921875,0.22933663593749998,True
0.9,89,49944,1024,5898,738,34,772,6.03125,5.759765625,2294,0.280029296875,234,0.1020052310374891,1165.03125,11.6328125,17.467427861320196,0.5762004903722912,0.028564453125,0.2118313359375179,0.21595073125001818,738,749,1.0149051490514904,572,32.48497854077253,4,183,0.0,1251.8279118572927,704,738,5.765625,0.22933663593749998,True
0.9,90,43442,1024,2807,351,34,385,3.0078125,2.7412109375,5385,0.6573486328125,196,0.03639740018570102,340.0068359375,3.9345703125,22.815927121195074,0.6804203044726621,0.02392578125,0.2118313359375179,0.21595073125001818,351,362,1.0313390313390314,188,40.46153846153846,6,162,0.0,347.8191808191808,273,307,2.3984375,0.22933663593749998,True
0.9,91,45096,1024,5380,673,34,707,5.5234375,5.25390625,2812,0.34326171875,232,0.08250355618776671,802.0625,10.0546875,19.08872149257651,0.5510387371970006,0.0283203125,0.2118313359375179,0.21595073125001818,673,684,1.0163447251114412,531,33.108225108225106,4,189,0.0,857.3194154488518,626,660,5.15625,0.22933663593749998,True
0.9,92,42430,1024,4200,525,34,559,4.3671875,4.1015625,3992,0.4873046875,594,0.14879759519038077,733.3984375,9.91796875,19.47740380503554,0.31697834276073283,0.072509765625,0.2118313359375179,0.21595073125001818,525,536,1.020952380952381,141,13.556492411467117,6,386,0.0,745.7795431976167,499,533,4.1640625,0.22933663593749998,True
0.9,93,42255,1024,5590,699,34,733,5.7265625,5.458984375,2602,0.317626953125,455,0.17486548808608762,3162.359375,28.60546875,13.130691386269289,0.2958476063926916,0.0555419921875,0.2118313359375179,0.21595073125001818,699,710,1.0157367668097281,298,17.006607929515418,5,363,0.0,3280.9078014184397,677,711,5.5546875,0.22933663593749998,True
0.9,94,5771,1024,5330,667,34,701,5.4765625,5.205078125,2862,0.349365234375,751,0.26240391334730956,4716.5205078125,33.1904296875,11.39458633741544,0.6716837148898235,0.0916748046875,0.2118313359375179,0.21595073125001818,667,678,1.0164917541229386,23,10.882666666666667,8,493,0.0,4725.750489236791,637,671,5.2421875,0.22933663593749998,True
0.9,95,8320,1024,6521,816,34,850,6.640625,6.3681640625,1671,0.2039794921875,224,0.13405146618791142,1176.828125,12.14453125,17.423673218262536,0.594486604217258,0.02734375,0.2118313359375179,0.21595073125001818,816,827,1.0134803921568627,169,35.946188340807176,4,178,0.0,1201.4675972083749,807,841,6.5703125,0.22933663593749998,True
0.9,96,48807,1024,6226,779,34,813,6.3515625,6.080078125,1966,0.239990234375,252,0.12817904374364192,1183.9375,12.6953125,17.397515842593506,0.5441324588456786,0.03076171875,0.2118313359375179,0.21595073125001818,779,790,1.0141206675224648,18,32.322709163346616,3,209,0.0,1186.2544031311154,747,781,6.1015625,0.22933663593749998,True
0.9,97,2675,1024,4268,534,34,568,4.4375,4.16796875,3924,0.47900390625,434,0.11060142711518858,799.98828125,11.056640625,19.099967356581367,0.5672002856070761,0.052978515625,0.2118313359375179,0.21595073125001818,534,545,1.0205992509363295,98,18.676674364896073,5,343,0.0,809.4743083003953,495,529,4.1328125,0.22933663593749998,True
0.9,98,37658,1024,5681,711,34,745,5.8203125,5.5478515625,2511,0.3065185546875,219,0.08721624850657109,584.2138671875,7.0751953125,20.465084994807484,0.8875994702132203,0.0267333984375,0.2118313359375179,0.21595073125001818,711,722,1.0154711673699015,19,37.42660550458716,5,177,0.0,585.3571428571429,652,686,5.359375,0.22933663593749998,True
0.9,99,45710,1024,6134,767,34,801,6.2578125,5.990234375,2058,0.251220703125,173,0.08406219630709427,571.046875,7.30859375,20.56408601626825,0.7277310895110793,0.0211181640625,0.2118313359375179,0.21595073125001818,767,778,1.014341590612777,17,47.26744186046512,3,153,0.0,572.1643835616438,723,757,5.9140625,0.22933663593749998,True
0.9,100,15813,1024,5417,678,34,712,5.5625,5.2900390625,2775,0.3387451171875,277,0.09981981981981981,474.28125,7.2578125,21.370444050595868,0.6701475859993162,0.0338134765625,0.2118313359375179,0.21595073125001818,678,689,1.0162241887905605,691,26.985507246376812,4,193,0.0,517.7654584221748,643,677,5.2890625,0.22933663593749998,True
0.9,101,7135,1024,6399,800,34,834,6.515625,6.2490234375,1793,0.2188720703125,228,0.1271611823759063,836.5625,9.8671875,18.905819680008836,0.6491045102252103,0.02783203125,0.2118313359375179,0.21595073125001818,800,811,1.01375,80,35.709251101321584,3,181,0.0,844.8126232741618,773,807,6.3046875,0.22933663593749998,True
0.9,102,31775,1024,5974,747,34,781,6.1015625,5.833984375,2218,0.270751953125,263,0.11857529305680793,1230.6875,12.4296875,17.22932571344377,0.5087244800787973,0.0321044921875,0.2118313359375179,0.21595073125001818,747,758,1.0147255689424364,257,28.49236641221374,4,210,0.0,1270.3870967741937,717,751,5.8671875,0.22933663593749998,True
0.9,103,31772,1024,5802,726,34,760,5.9375,5.666015625,2390,0.291748046875,205,0.08577405857740586,788.4453125,8.9609375,19.163087853375995,0.6844587486702561,0.0250244140625,0.2118313359375179,0.21595073125001818,726,737,1.0151515151515151,88,39.705882352941174,3,183,0.0,797.0069101678183,690,724,5.65625,0.22933663593749998,True
0.9,104,25160,1024,5385,674,34,708,5.53125,5.2587890625,2807,0.3426513671875,296,0.10545065906661917,1149.89453125,12.216796875,17.524223523374957,0.36846100331908466,0.0361328125,0.2118313359375179,0.21595073125001818,674,685,1.0163204747774481,240,26.91864406779661,4,235,0.0,1184.599597585513,620,654,5.109375,0.22933663593749998,True
0.9,105,36108,1024,4699,588,34,622,4.859375,4.5888671875,3493,0.4263916015625,522,0.14944174062410534,1163.578125,15.2265625,17.472848128520944,0.41039838698102815,0.063720703125,0.2118313359375179,0.21595073125001818,588,599,1.0187074829931972,54,15.057581573896353,5,429,0.0,1170.4361493123772,567,601,4.6953125,0.22933663593749998,True
0.9,106,1260,1024,5685,711,34,745,5.8203125,5.5517578125,2507,0.3060302734375,200,0.07977662544874352,666.75390625,7.853515625,19.89114792137267,0.7025418507934185,0.0244140625,0.2118313359375179,0.21595073125001818,711,722,1.0154711673699015,34,40.81909547738694,2,188,0.0,669.3686274509804,666,700,5.46875,0.22933663593749998,True
0.9,107,37885,1024,6194,775,34,809,6.3203125,6.048828125,1998,0.243896484375,194,0.0970970970970971,1289.125,11.9375,17.027853301101686,0.489230794143779,0.023681640625,0.2118313359375179,0.21595073125001818,775,786,1.0141935483870967,562,39.461139896373055,3,174,0.0,1383.7148846960167,742,776,6.0625,0.22933663593749998,True
0.9,108,41535,1024,4584,573,34,607,4.7421875,4.4765625,3608,0.4404296875,762,0.21119733924611975,2293.591796875,22.1640625,14.525642341987064,0.5266836059467139,0.093017578125,0.2118313359375179,0.21595073125001818,573,584,1.019197207678883,127,10.565045992115637,11,489,0.0,2327.688800792864,550,584,4.5625,0.22933663593749998,True
0.9,109,44889,1024,5689,712,34,746,5.828125,5.5556640625,2503,0.3055419921875,390,0.1558130243707551,1788.71875,18.34765625,15.605383014214539,0.564279777900077,0.047607421875,0.2118313359375179,0.21595073125001818,712,723,1.0154494382022472,61,20.874035989717225,5,306,0.0,1801.030481809243,677,711,5.5546875,0.22933663593749998,True
0.9,110,28184,1024,6335,792,34,826,6.453125,6.1865234375,1857,0.2266845703125,93,0.050080775444264945,274.5625,3.8515625,23.744391402585148,0.7874898053740313,0.0113525390625,0.2118313359375179,0.21595073125001818,792,803,1.0138888888888888,10,88.78260869565217,3,82,0.0,274.83088954056694,738,772,6.03125,0.22933663593749998,True
0.9,111,25319,1024,6237,780,34,814,6.359375,6.0908203125,1955,0.2386474609375,278,0.1421994884910486,2328.4375,20.7421875,14.460157757902309,0.4884386260366917,0.033935546875,0.2118313359375179,0.21595073125001818,780,791,1.014102564102564,27,29.447653429602887,3,248,0.0,2335.279138099902,754,788,6.15625,0.22933663593749998,True
0.9,112,11010,1024,5560,695,34,729,5.6953125,5.4296875,2632,0.3212890625,571,0.2169452887537994,1969.1875,28.4140625,15.187932905710994,0.4358511591552729,0.0697021484375,0.2118313359375179,0.21595073125001818,695,706,1.0158273381294964,40,13.35438596491228,3,488,0.0,1978.8498527968598,648,682,5.328125,0.22933663593749998,True
0.9,113,33880,1024,5989,749,34,783,6.1171875,5.8486328125,2203,0.2689208984375,199,0.09033136631865638,891.5,9.625,18.62959013356537,0.4244982978675174,0.0242919921875,0.2118313359375179,0.21595073125001818,749,760,1.014686248331108,8,40.823232323232325,3,165,0.0,892.3714565004888,708,742,5.796875,0.22933663593749998,True
0.9,114,19307,1024,5151,644,34,678,5.296875,5.0302734375,3041,0.3712158203125,435,0.14304505097007564,983.0390625,15.375,18.205095853642206,0.509942874464495,0.0531005859375,0.2118313359375179,0.21595073125001818,644,655,1.0170807453416149,165,18.47926267281106,3,402,0.0,1002.6215139442231,597,631,4.9296875,0.22933663593749998,True
0.9,115,12236,1024,3384,423,34,457,3.5703125,3.3046875,4808,0.5869140625,458,0.09525790349417637,1093.294921875,9.92578125,17.74343029965016,0.8035703769302611,0.055908203125,0.2118313359375179,0.21595073125001818,423,434,1.0260047281323876,31,17.698030634573303,4,356,0.0,1096.507345739471,408,442,3.453125,0.22933663593749998,True
0.9,116,13805,1024,4996,625,34,659,5.1484375,4.87890625,3196,0.39013671875,518,0.1620775969962453,1683.98828125,20.439453125,15.867412959169688,0.38153267916481354,0.063232421875,0.2118313359375179,0.21595073125001818,625,636,1.0176,90,15.553191489361701,4,428,0.0,1702.274432379072,590,624,4.875,0.22933663593749998,True
0.9,117,5814,1024,4722,591,34,625,4.8828125,4.611328125,3470,0.423583984375,401,0.11556195965417868,999.72265625,12.373046875,18.13200826434084,0.5764275224169374,0.0489501953125,0.2118313359375179,0.21595073125001818,591,602,1.0186125211505923,516,18.5975,4,322,0.0,1066.3708333333334,558,592,4.625,0.22933663593749998,True
0.9,118,48485,1024,6144,768,34,802,6.265625,6.0,2048,0.25,277,0.13525390625,1618.875,17.09375,16.038670444839237,0.5265370001546359,0.0338134765625,0.2118313359375179,0.21595073125001818,768,779,1.0143229166666667,305,28.528985507246375,3,253,0.0,1681.265720081136,734,768,6.0,0.22933663593749998,True
0.9,119,12248,1024,4901,613,34,647,5.0546875,4.7861328125,3291,0.4017333984375,438,0.13309024612579762,756.513671875,11.041015625,19.342635797760988,0.7096679003371873,0.053466796875,0.2118313359375179,0.21595073125001818,613,624,1.0179445350734095,13,18.498855835240274,5,359,0.0,757.2531769305963,608,642,5.015625,0.22933663593749998,True
0.9,120,458,1024,6187,774,34,808,6.3125,6.0419921875,2005,0.2447509765625,350,0.1745635910224439,1821.140625,19.05859375,15.527368783879274,0.4124111589215733,0.042724609375,0.2118313359375179,0.21595073125001818,774,785,1.0142118863049097,16,23.40974212034384,4,287,0.0,1824.7045009784736,748,782,6.109375,0.22933663593749998,True
0.9,121,319,1024,5622,703,34,737,5.7578125,5.490234375,2570,0.313720703125,284,0.11050583657587548,1013.66015625,10.185546875,18.07187984769761,0.7880721220770317,0.03466796875,0.2118313359375179,0.21595073125001818,703,714,1.0156472261735419,132,28.381625441696112,3,230,0.0,1029.75,677,711,5.5546875,0.22933663593749998,True
0.9,122,21496,1024,5794,725,34,759,5.9296875,5.658203125,2398,0.292724609375,269,0.1121768140116764,1010.6015625,11.67578125,18.085003954986462,0.7441439649816673,0.0328369140625,0.2118313359375179,0.21595073125001818,725,736,1.0151724137931035,44,30.32089552238806,3,229,0.0,1015.5603532875368,692,726,5.671875,0.22933663593749998,True
0.9,123,20390,1024,5449,682,34,716,5.59375,5.3212890625,2743,0.3348388671875,460,0.16769959897921982,1177.15625,14.2109375,17.422462480593154,0.33372598343262905,0.05615234375,0.2118313359375179,0.21595073125001818,682,693,1.0161290322580645,338,17.06318082788671,4,332,0.0,1227.5030549898167,657,691,5.3984375,0.22933663593749998,True
0.9,124,33691,1024,5451,682,34,716,5.59375,5.3232421875,2741,0.3345947265625,262,0.09558555271798613,1400.25,13.5390625,16.66874779527132,0.6098630999329929,0.031982421875,0.2118313359375179,0.21595073125001818,682,693,1.0161290322580645,157,28.06513409961686,4,217,0.0,1426.7223880597014,626,660,5.15625,0.22933663593749998,True
0.9,125,33872,1024,6857,858,34,892,6.96875,6.6962890625,1335,0.1629638671875,222,0.1662921348314607,1158.25,12.359375,17.492780519927177,0.5431782461520658,0.027099609375,0.2118313359375179,0.21595073125001818,858,869,1.0128205128205128,27,36.07692307692308,3,183,0.0,1161.6532810969638,833,867,6.7734375,0.22933663593749998,True
0.9,126,46987,1024,4813,602,34,636,4.96875,4.7001953125,3379,0.4124755859375,195,0.05770938147380882,658.6171875,7.83984375,19.944473008463948,0.658649498107018,0.0238037109375,0.2118313359375179,0.21595073125001818,602,613,1.0182724252491695,181,40.52577319587629,3,182,0.0,673.0778443113772,554,588,4.59375,0.22933663593749998,True
0.9,127,26772,1024,6006,751,34,785,6.1328125,5.865234375,2186,0.266845703125,249,0.11390667886550777,925.640625,11.44921875,18.46637953962512,0.5369073995684781,0.0303955078125,0.2118313359375179,0.21595073125001818,751,762,1.014647137150466,250,30.548387096774192,3,210,0.0,954.5377643504531,729,763,5.9609375,0.22933663593749998,True
0.9,128,7057,1024,5254,657,34,691,5.3984375,5.130859375,2938,0.358642578125,502,0.1708645336963921,2103.7548828125,21.9150390625,14.90085223885901,0.3680808311916025,0.061279296875,0.2118313359375179,0.21595073125001818,657,668,1.0167427701674276,99,16.107784431137723,4,419,0.0,2128.7005928853755,634,668,5.21875,0.22933663593749998,True
0.9,129,30014,1024,5796,725,34,759,5.9296875,5.66015625,2396,0.29248046875,227,0.09474123539232053,482.34375,7.203125,21.29723705369702,0.7468638526089347,0.0277099609375,0.2118313359375179,0.21595073125001818,725,736,1.0151724137931035,18,35.93362831858407,4,186,0.0,483.28767123287673,676,710,5.546875,0.22933663593749998,True
0.9,130,48237,1024,5464,683,34,717,5.6015625,5.3359375,2728,0.3330078125,199,0.07294721407624634,438.453125,6.71484375,21.711571910837826,0.5924046236169512,0.0242919921875,0.2118313359375179,0.21595073125001818,683,694,1.0161054172767203,377,39.01010101010101,3,170,0.0,459.5455475946776,657,691,5.3984375,0.22933663593749998,True
0.9,131,4823,1024,5939,743,34,777,6.0703125,5.7998046875,2253,0.2750244140625,222,0.0985352862849534,668.4921875,8.9296875,19.879840247305893,0.8310402113835709,0.027099609375,0.2118313359375179,0.21595073125001818,743,754,1.0148048452220726,155,36.09049773755656,3,195,0.0,681.1303482587065,701,735,5.7421875,0.22933663593749998,True
0.9,132,26627,1024,6300,788,34,822,6.421875,6.15234375,1892,0.23095703125,213,0.11257928118393234,924.375,10.609375,18.47232169526943,0.7770000227618646,0.0260009765625,0.2118313359375179,0.21595073125001818,788,799,1.013959390862944,51,37.424528301886795,2,187,0.0,929.8231827111985,752,786,6.140625,0.22933663593749998,True
0.9,133,12293,1024,6857,858,34,892,6.96875,6.6962890625,1335,0.1629638671875,190,0.14232209737827714,1268.5,12.65625,17.097898893101608,0.6347566756017018,0.023193359375,0.2118313359375179,0.21595073125001818,858,869,1.0128205128205128,312,41.66137566137566,3,166,0.0,1318.7248730964468,849,883,6.8984375,0.22933663593749998,True
0.9,134,32803,1024,5241,656,34,690,5.390625,5.1181640625,2951,0.3602294921875,365,0.12368688580142324,563.3125,9.9921875,20.623309724573566,0.5481615251602121,0.0445556640625,0.2118313359375179,0.21595073125001818,656,667,1.016768292682927,34,22.395604395604394,4,317,0.0,565.521568627451,632,666,5.203125,0.22933663593749998,True
0.9,135,41882,1024,4920,615,34,649,5.0703125,4.8046875,3272,0.3994140625,267,0.08160146699266503,673.109375,9.05078125,19.849947214589672,0.7131420807515164,0.0325927734375,0.2118313359375179,0.21595073125001818,615,626,1.0178861788617886,532,28.022556390977442,3,210,0.0,719.4822546972861,565,599,4.6796875,0.22933663593749998,True
0.9,136,10235,1024,5815,727,34,761,5.9453125,5.6787109375,2377,0.2901611328125,272,0.11442995372318047,929.265625,10.62109375,18.44940488658146,0.39381707771435837,0.033203125,0.2118313359375179,0.21595073125001818,727,738,1.015130674002751,531,28.099630996309962,3,209,0.0,993.286012526096,705,739,5.7734375,0.22933663593749998,True
0.9,137,30033,1024,6152,769,34,803,6.2734375,6.0078125,2040,0.2490234375,201,0.09852941176470588,1195.9462890625,11.9287109375,17.35368685302115,0.6756776333174196,0.0245361328125,0.2118313359375179,0.21595073125001818,769,780,1.0143042912873863,20,40.72,4,180,0.0,1198.2866927592954,756,790,6.171875,0.22933663593749998,True
0.9,138,20042,1024,6472,809,34,843,6.5859375,6.3203125,1720,0.2099609375,176,0.10232558139534884,608.875,7.984375,20.28552218288084,0.7384733081038742,0.021484375,0.2118313359375179,0.21595073125001818,809,820,1.0135970333745365,33,45.95428571428572,4,146,0.0,611.2627450980392,775,809,6.3203125,0.22933663593749998,True
0.9,139,29399,1024,5850,732,34,766,5.984375,5.712890625,2342,0.285888671875,211,0.09009393680614859,860.625,10.140625,18.782664032669114,0.6235245197262256,0.0257568359375,0.2118313359375179,0.21595073125001818,732,743,1.0150273224043715,99,38.24285714285714,3,184,0.0,870.8300395256917,696,730,5.703125,0.22933663593749998,True
0.9,140,6463,1024,6887,861,34,895,6.9921875,6.7255859375,1305,0.1593017578125,137,0.1049808429118774,678.03125,7.5234375,19.81830650201733,0.7071657400687111,0.0167236328125,0.2118313359375179,0.21595073125001818,861,872,1.0127758420441346,11,59.580882352941174,3,122,0.0,678.6940371456501,853,887,6.9296875,0.22933663593749998,True
0.9,141,25920,1024,4572,572,34,606,4.734375,4.46484375,3620,0.44189453125,507,0.14005524861878452,2375.66015625,23.166015625,14.372960469583926,0.3664385624393481,0.0618896484375,0.2118313359375179,0.21595073125001818,572,583,1.0192307692307692,70,15.91699604743083,4,434,0.0,2394.3661417322833,551,585,4.5703125,0.22933663593749998,True
0.9,142,10327,1024,6105,764,34,798,6.234375,5.9619140625,2087,0.2547607421875,830,0.39770004791566843,6138.4228515625,37.3193359375,10.250235589202125,0.5783948383648168,0.101318359375,0.2118313359375179,0.21595073125001818,764,775,1.0143979057591623,12,9.55006031363088,8,469,0.0,6144.4232649071355,751,785,6.1328125,0.22933663593749998,True
0.9,143,3805,1024,5916,740,34,774,6.046875,5.77734375,2276,0.27783203125,337,0.14806678383128294,1016.953125,12.74609375,18.057794256669045,0.5064743158011751,0.0411376953125,0.2118313359375179,0.21595073125001818,740,751,1.0148648648648648,76,23.922619047619047,3,264,0.0,1025.9704433497536,724,758,5.921875,0.22933663593749998,True
0.9,144,37879,1024,3929,492,34,526,4.109375,3.8369140625,4263,0.5203857421875,343,0.08045977011494253,937.3984375,10.35546875,18.411561355856747,0.7143171029557442,0.0418701171875,0.2118313359375179,0.21595073125001818,492,503,1.0223577235772359,220,23.0906432748538,3,289,0.0,962.7843530591775,419,453,3.5390625,0.22933663593749998,True
0.9,145,22721,1024,5438,680,34,714,5.578125,5.310546875,2754,0.336181640625,258,0.09368191721132897,1205.80078125,12.091796875,17.31804799954886,0.40502740869454906,0.031494140625,0.2118313359375179,0.21595073125001818,680,691,1.0161764705882352,478,29.151750972762645,4,200,0.0,1279.5233160621763,632,666,5.203125,0.22933663593749998,True
0.9,146,43932,1024,6089,762,34,796,6.21875,5.9462890625,2103,0.2567138671875,305,0.14503090822634332,2383.640625,19.77734375,14.358395822595739,0.8232986539674224,0.0372314453125,0.2118313359375179,0.21595073125001818,762,773,1.0144356955380578,35,26.49671052631579,2,256,0.0,2392.9882352941177,729,763,5.9609375,0.22933663593749998,True
0.9,147,47270,1024,6364,796,34,830,6.484375,6.21484375,1828,0.22314453125,203,0.11105032822757112,701.578125,8.61328125,19.67004321473291,0.7260287362739732,0.0247802734375,0.2118313359375179,0.21595073125001818,796,807,1.013819095477387,50,40.242574257425744,3,159,0.0,705.713163064833,769,803,6.2734375,0.22933663593749998,True
0.9,148,11091,1024,5371,672,34,706,5.515625,5.2451171875,2821,0.3443603515625,344,0.12194257355547679,945.69140625,12.759765625,18.373309183634635,0.48200455016359056,0.0419921875,0.2118313359375179,0.21595073125001818,672,683,1.0163690476190477,17,23.31195335276968,4,288,0.0,947.5420743639921,625,659,5.1484375,0.22933663593749998,True
0.9,149,9736,1024,5879,735,34,769,6.0078125,5.7412109375,2313,0.2823486328125,215,0.09295287505404237,429.0,6.40625,21.80623068683186,0.5862648157399228,0.0262451171875,0.2118313359375179,0.21595073125001818,735,746,1.014965986394558,128,37.205607476635514,4,150,0.0,435.8095238095238,715,749,5.8515625,0.22933663593749998,True
0.9,150,23206,1024,5012,627,34,661,5.1640625,4.89453125,3180,0.38818359375,561,0.17641509433962263,1426.1953125,18.27734375,16.589013561566823,0.19402979055833347,0.0684814453125,0.2118313359375179,0.21595073125001818,627,638,1.0175438596491229,29,14.523214285714285,4,407,0.0,1430.3858961802155,605,639,4.9921875,0.22933663593749998,True
0.9,151,25039,1024,6790,849,34,883,6.8984375,6.630859375,1402,0.171142578125,303,0.2161198288159772,2164.3125,20.5703125,14.77760393145397,0.2862864500508215,0.0369873046875,0.2118313359375179,0.21595073125001818,849,860,1.0129564193168434,400,25.774834437086092,3,271,0.0,2275.4168377823407,847,881,6.8828125,0.22933663593749998,True
0.9,152,21014,1024,4425,554,34,588,4.59375,4.3212890625,3767,0.4598388671875,470,0.12476771967082559,2636.234375,19.931640625,13.920963421825352,0.547357978894533,0.057373046875,0.2118313359375179,0.21595073125001818,554,565,1.01985559566787,87,16.98720682302772,4,375,0.0,2662.232741617357,538,572,4.46875,0.22933663593749998,True
0.9,153,32412,1024,6495,812,34,846,6.609375,6.3427734375,1697,0.2071533203125,369,0.21744254566882734,2341.5625,22.7421875,14.435746065897153,0.29460807508055337,0.0450439453125,0.2118313359375179,0.21595073125001818,812,823,1.0135467980295567,10,22.154891304347824,3,334,0.0,2343.8514173998046,805,839,6.5546875,0.22933663593749998,True
0.9,154,34022,1024,4188,524,34,558,4.359375,4.08984375,4004,0.48876953125,365,0.09115884115884115,413.2138671875,6.0615234375,21.96905473136603,0.6743097689224182,0.0445556640625,0.2118313359375179,0.21595073125001818,524,535,1.0209923664122138,183,21.62087912087912,7,243,0.0,422.28642714570856,476,510,3.984375,0.22933663593749998,True
0.9,155,21369,1024,4878,610,34,644,5.03125,4.763671875,3314,0.404541015625,290,0.08750754375377187,1121.1533203125,11.5615234375,17.63415353435677,0.608408247768725,0.035400390625,0.2118313359375179,0.21595073125001818,610,621,1.018032786885246,990,21.352941176470587,4,235,0.0,1274.2075471698113,565,599,4.6796875,0.22933663593749998,True
0.9,156,41654,1024,6159,770,34,804,6.28125,6.0146484375,2033,0.2481689453125,316,0.15543531726512544,1785.15625,17.078125,15.614041261099096,0.48878080695518045,0.03857421875,0.2118313359375179,0.21595073125001818,770,781,1.0142857142857142,58,25.803174603174604,3,260,0.0,1797.4434611602753,743,777,6.0703125,0.22933663593749998,True
0.9,157,11953,1024,4992,624,34,658,5.140625,4.875,3200,0.390625,790,0.246875,3078.0576171875,27.2431640625,13.24803615875246,0.4776202540366564,0.096435546875,0.2118313359375179,0.21595073125001818,624,635,1.017628205128205,55,10.305449936628644,6,534,0.0,3096.1994106090374,609,643,5.0234375,0.22933663593749998,True
0.9,158,13700,1024,5769,722,34,756,5.90625,5.6337890625,2423,0.2957763671875,190,0.07841518778373917,579.796875,6.70703125,20.498044906111144,0.8301895505894372,0.023193359375,0.2118313359375179,0.21595073125001818,722,733,1.0152354570637119,104,42.560846560846564,3,142,0.0,587.2522255192879,676,710,5.546875,0.22933663593749998,True
0.9,159,38205,1024,4898,613,34,647,5.0546875,4.783203125,3294,0.402099609375,353,0.1071645415907711,832.0126953125,9.9775390625,18.92950407819854,0.7612791062628671,0.0430908203125,0.2118313359375179,0.21595073125001818,613,624,1.0179445350734095,107,22.795454545454547,4,275,0.0,842.7111770524233,577,611,4.7734375,0.22933663593749998,True
0.9,160,40129,1024,5233,655,34,689,5.3828125,5.1103515625,2959,0.3612060546875,197,0.06657654613044947,299.046875,5.76171875,23.373410924155444,0.6586268401603809,0.0240478515625,0.2118313359375179,0.21595073125001818,655,666,1.016793893129771,81,38.05102040816327,3,174,0.0,301.99605522682447,610,644,5.03125,0.22933663593749998,True
0.9,161,17080,1024,4840,605,34,639,4.9921875,4.7265625,3352,0.4091796875,506,0.1509546539379475,986.3876953125,13.5322265625,18.190327148504032,0.5344961007619371,0.061767578125,0.2118313359375179,0.21595073125001818,605,616,1.018181818181818,286,14.62970297029703,6,359,0.0,1021.2952477249747,564,598,4.671875,0.22933663593749998,True
0.9,162,1505,1024,6233,780,34,814,6.359375,6.0869140625,1959,0.2391357421875,291,0.14854517611026033,1472.140625,14.56640625,16.45131063268287,0.6366030741595476,0.0355224609375,0.2118313359375179,0.21595073125001818,780,791,1.014102564102564,69,26.77241379310345,3,248,0.0,1483.732283464567,753,787,6.1484375,0.22933663593749998,True
0.9,163,36391,1024,6335,792,34,826,6.453125,6.1865234375,1857,0.2266845703125,256,0.13785675821217017,986.30859375,11.39453125,18.19067543700959,0.7573851893354995,0.03125,0.2118313359375179,0.21595073125001818,792,803,1.0138888888888888,11,31.87450980392157,5,201,0.0,987.2727272727273,759,793,6.1953125,0.22933663593749998,True
0.9,164,24660,1024,6126,766,34,800,6.25,5.982421875,2066,0.252197265625,319,0.15440464666021297,1843.5,17.296875,15.47437218925775,0.2819179322796235,0.0389404296875,0.2118313359375179,0.21595073125001818,766,777,1.014360313315927,240,24.89308176100629,3,260,0.0,1899.138832997988,740,774,6.046875,0.22933663593749998,True
0.9,165,24061,1024,5003,626,34,660,5.15625,4.8857421875,3189,0.3892822265625,443,0.13891502038256506,1324.20703125,14.060546875,16.911244713076826,0.5747374661596887,0.0540771484375,0.2118313359375179,0.21595073125001818,626,637,1.0175718849840256,68,17.902714932126695,4,366,0.0,1334.6338582677165,588,622,4.859375,0.22933663593749998,True
0.9,166,10964,1024,4573,572,34,606,4.734375,4.4658203125,3619,0.4417724609375,279,0.07709311964631113,419.5625,6.828125,21.902836963389145,0.7168889377963753,0.0340576171875,0.2118313359375179,0.21595073125001818,572,583,1.0192307692307692,245,25.6294964028777,4,211,0.0,432.22535211267603,540,574,4.484375,0.22933663593749998,True
0.9,167,20807,1024,6565,821,34,855,6.6796875,6.4111328125,1627,0.1986083984375,347,0.2132759680393362,2769.9375,26.4921875,13.706103909772322,0.49499553140857194,0.0423583984375,0.2118313359375179,0.21595073125001818,821,832,1.0133982947624847,9,23.63294797687861,2,333,0.0,2772.6451612903224,791,825,6.4453125,0.22933663593749998,True
0.9,168,33388,1024,6848,856,34,890,6.953125,6.6875,1344,0.1640625,206,0.15327380952380953,1236.0625,12.5703125,17.21039929986577,0.6871172193183352,0.025146484375,0.2118313359375179,0.21595073125001818,856,867,1.0128504672897196,90,39.25853658536585,3,172,0.0,1249.4846989141165,838,872,6.8125,0.22933663593749998,True
0.9,169,34571,1024,5549,694,34,728,5.6875,5.4189453125,2643,0.3226318359375,333,0.12599318955732122,1336.759765625,13.58984375,16.87026995369474,0.7828339661749655,0.0406494140625,0.2118313359375179,0.21595073125001818,694,705,1.015850144092219,93,23.981927710843372,4,280,0.0,1351.2754195459033,675,709,5.5390625,0.22933663593749998,True
0.9,170,21194,1024,6314,790,34,824,6.4375,6.166015625,1878,0.229248046875,143,0.07614483493077742,550.203125,6.81640625,20.725573081359435,0.6060589413810707,0.0174560546875,0.2118313359375179,0.21595073125001818,790,801,1.0139240506329115,18,57.528169014084504,2,123,0.0,551.279843444227,758,792,6.1875,0.22933663593749998,True
0.9,171,32696,1024,5944,743,34,777,6.0703125,5.8046875,2248,0.2744140625,241,0.10720640569395018,517.34375,7.6796875,20.99301154099729,0.7843366772763293,0.0294189453125,0.2118313359375179,0.21595073125001818,743,754,1.0148048452220726,9,33.875,4,199,0.0,517.8494623655914,700,734,5.734375,0.22933663593749998,True
0.9,172,46005,1024,3404,426,34,460,3.59375,3.32421875,4788,0.58447265625,393,0.08208020050125313,89.361328125,3.087890625,28.619307460482666,0.7253316328172563,0.0479736328125,0.2118313359375179,0.21595073125001818,426,437,1.0258215962441315,183,20.1734693877551,6,294,0.0,91.32335329341318,411,445,3.4765625,0.22933663593749998,True
0.9,173,19269,1024,3904,488,34,522,4.078125,3.8125,4288,0.5234375,342,0.07975746268656717,632.3359375,7.78125,20.121324961281918,0.6053181820661316,0.041748046875,0.2118313359375179,0.21595073125001818,488,499,1.0225409836065573,98,23.419354838709676,4,252,0.0,639.8339920948616,447,481,3.7578125,0.22933663593749998,True
0.9,174,5503,1024,6815,852,34,886,6.921875,6.6552734375,1377,0.1680908203125,227,0.16485112563543936,1397.9375,13.9609375,16.675926057757607,0.7868284249978977,0.0277099609375,0.2118313359375179,0.21595073125001818,852,863,1.0129107981220657,131,35.64601769911504,2,208,0.0,1420.126984126984,839,873,6.8203125,0.22933663593749998,True
0.9,175,32979,1024,5543,693,34,727,5.6796875,5.4130859375,2649,0.3233642578125,554,0.2091355228388071,3294.4375,31.48828125,12.952990880684624,0.48211831225390595,0.067626953125,0.2118313359375179,0.21595073125001818,693,704,1.0158730158730158,9,14.790235081374322,4,505,0.0,3297.6578690127076,646,680,5.3125,0.22933663593749998,True
0.9,176,32764,1024,6583,823,34,857,6.6953125,6.4287109375,1609,0.1964111328125,180,0.11187072715972654,657.8125,8.6171875,19.949782390161293,0.7510956810909938,0.02197265625,0.2118313359375179,0.21595073125001818,823,834,1.0133657351154313,128,44.927374301675975,3,156,0.0,668.2539682539683,788,822,6.421875,0.22933663593749998,True
0.9,177,36396,1024,5183,648,34,682,5.328125,5.0615234375,3009,0.3673095703125,251,0.08341641741442339,305.609375,5.50390625,23.279136881621717,0.5684331650392432,0.0306396484375,0.2118313359375179,0.21595073125001818,648,659,1.0169753086419753,308,30.976,4,196,0.0,317.3874239350913,610,644,5.03125,0.22933663593749998,True
0.9,178,16139,1024,3035,380,34,414,3.234375,2.9638671875,5157,0.6295166015625,1001,0.19410509986426216,1001.1533203125,21.4189453125,18.125797688363473,0.5080414920108877,0.1221923828125,0.2118313359375179,0.21595073125001818,380,391,1.0289473684210526,1037,7.149,4,790,0.0,1145.4536312849161,339,373,2.9140625,0.22933663593749998,True
0.9,179,32110,1024,4045,506,34,540,4.21875,3.9501953125,4147,0.5062255859375,689,0.16614420062695925,2245.2998046875,19.7900390625,14.618060222865637,0.5453188863278721,0.0841064453125,0.2118313359375179,0.21595073125001818,506,517,1.0217391304347827,173,11.613372093023257,7,460,0.0,2292.310069790628,499,533,4.1640625,0.22933663593749998,True
0.9,180,37930,1024,5699,713,34,747,5.8359375,5.5654296875,2493,0.3043212890625,383,0.15363016446048938,1062.390625,14.74609375,17.867961312317053,0.575908916178823,0.0467529296875,0.2118313359375179,0.21595073125001818,713,724,1.0154277699859748,116,19.730366492146597,4,329,0.0,1077.1168316831684,680,714,5.578125,0.22933663593749998,True
0.9,181,5624,1024,6310,789,34,823,6.4296875,6.162109375,1882,0.229736328125,250,0.13283740701381508,1084.3125,11.3671875,17.77925896500578,0.6441561438654471,0.030517578125,0.2118313359375179,0.21595073125001818,789,800,1.0139416983523448,248,31.879518072289155,3,186,0.0,1118.1631419939577,755,789,6.1640625,0.22933663593749998,True
0.9,182,37946,1024,5754,720,34,754,5.890625,5.619140625,2438,0.297607421875,250,0.10254306808859721,1660.671875,15.35546875,15.927965303154997,0.5256399711818136,0.030517578125,0.2118313359375179,0.21595073125001818,720,731,1.0152777777777777,181,30.991967871485944,3,212,0.0,1697.1337325349302,659,693,5.4140625,0.22933663593749998,True
0.9,183,6616,1024,6668,834,34,868,6.78125,6.51171875,1524,0.18603515625,209,0.13713910761154854,1050.8125,11.6171875,17.91555130548382,0.6779571090690352,0.0255126953125,0.2118313359375179,0.21595073125001818,834,845,1.013189448441247,18,39.27884615384615,2,195,0.0,1052.8688845401175,811,845,6.6015625,0.22933663593749998,True
0.9,184,11706,1024,5706,714,34,748,5.84375,5.572265625,2486,0.303466796875,332,0.1335478680611424,1620.19140625,15.791015625,16.03514036592087,0.6397034506279323,0.04052734375,0.2118313359375179,0.21595073125001818,714,725,1.015406162464986,203,24.11178247734139,3,276,0.0,1660.7367367367367,696,730,5.703125,0.22933663593749998,True
0.9,185,10558,1024,3820,478,34,512,4.0,3.73046875,4372,0.53369140625,1028,0.23513266239707228,4967.1796875,32.849609375,11.169704900053219,0.5315958903427042,0.12548828125,0.2118313359375179,0.21595073125001818,478,489,1.0230125523012552,108,7.693281402142162,8,599,0.0,5031.050445103858,464,498,3.890625,0.22933663593749998,True
0.9,186,18351,1024,3522,441,34,475,3.7109375,3.439453125,4670,0.570068359375,889,0.19036402569593147,3272.7470703125,28.4658203125,12.981679181056219,0.4553417745174234,0.1085205078125,0.2118313359375179,0.21595073125001818,441,452,1.0249433106575965,71,9.126126126126126,7,604,0.0,3298.5167322834645,426,460,3.59375,0.22933663593749998,True
0.9,187,15023,1024,5576,697,34,731,5.7109375,5.4453125,2616,0.3193359375,494,0.18883792048929662,2573.2314453125,23.8076171875,14.026015109569832,0.4763627462227168,0.060302734375,0.2118313359375179,0.21595073125001818,697,708,1.0157819225251077,239,15.636916835699797,5,405,0.0,2648.230150753769,653,687,5.3671875,0.22933663593749998,True
0.9,188,9490,1024,5337,668,34,702,5.484375,5.2119140625,2855,0.3485107421875,253,0.08861646234676007,567.28125,9.3203125,20.592819315357257,0.6671354895817554,0.0308837890625,0.2118313359375179,0.21595073125001818,668,679,1.0164670658682635,76,32.18650793650794,3,222,0.0,572.3113300492611,610,644,5.03125,0.22933663593749998,True
0.9,189,6355,1024,5597,700,34,734,5.734375,5.4658203125,2595,0.3167724609375,269,0.10366088631984585,1190.21875,13.0,17.37453573267655,0.6114143783138719,0.0328369140625,0.2118313359375179,0.21595073125001818,700,711,1.0157142857142858,8,30.21268656716418,3,230,0.0,1191.382209188661,664,698,5.453125,0.22933663593749998,True
0.9,190,8857,1024,3670,459,34,493,3.8515625,3.583984375,4522,0.552001953125,215,0.0475453339230429,575.3837890625,6.8876953125,20.531227390103,0.5663300731299983,0.0262451171875,0.2118313359375179,0.21595073125001818,459,470,1.0239651416122004,509,30.6588785046729,4,167,0.0,613.1040582726326,396,430,3.359375,0.22933663593749998,True
0.9,191,31811,1024,4975,622,34,656,5.125,4.8583984375,3217,0.3927001953125,424,0.13179981349082998,2513.1875,22.75,14.128554698966349,0.43304746164252417,0.0517578125,0.2118313359375179,0.21595073125001818,622,633,1.017684887459807,212,17.64302600472813,4,365,0.0,2578.6613226452905,586,620,4.84375,0.22933663593749998,True
0.9,192,10400,1024,6422,803,34,837,6.5390625,6.271484375,1770,0.216064453125,146,0.08248587570621468,695.5625,7.4609375,19.707442011112434,0.4917409854111966,0.017822265625,0.2111708039062421,0.2142566156250041,803,814,1.0136986301369864,58,55.9448275862069,2,122,0.0,700.3500491642085,769,803,6.2734375,0.23080027031249983,True
0.9,193,275,1024,5788,724,34,758,5.921875,5.65234375,2404,0.29345703125,171,0.07113144758735442,590.5,7.2578125,20.41860458918377,0.7918666243013244,0.0208740234375,0.2111708039062421,0.2142566156250041,724,735,1.0151933701657458,25,47.694117647058825,3,150,0.0,592.2350636630754,674,708,5.53125,0.23080027031249983,True
0.9,194,26152,1024,5097,638,34,672,5.25,4.9775390625,3095,0.3778076171875,707,0.2284329563812601,2951.4501953125,25.2568359375,13.430449018160166,0.5413621285393516,0.0863037109375,0.2111708039062421,0.2142566156250041,638,649,1.0172413793103448,287,11.087818696883852,6,470,0.0,3055.8998988877656,640,674,5.265625,0.23080027031249983,True
0.9,195,13037,1024,4284,536,34,570,4.453125,4.18359375,3908,0.47705078125,337,0.08623336745138178,1046.7021484375,10.7119140625,17.932572452760486,0.742382987226186,0.0411376953125,0.2111708039062421,0.2142566156250041,536,547,1.0205223880597014,839,21.5625,5,251,0.0,1165.025,513,547,4.2734375,0.23080027031249983,True
0.9,196,41203,1024,6513,815,34,849,6.6328125,6.3603515625,1679,0.2049560546875,208,0.12388326384752829,947.875,11.09375,18.363292918732913,0.5894401921249639,0.025390625,0.2111708039062421,0.2142566156250041,815,826,1.0134969325153373,52,39.29468599033817,3,179,0.0,953.4616895874263,792,826,6.453125,0.23080027031249983,True
0.9,197,43709,1024,4586,574,34,608,4.75,4.478515625,3606,0.440185546875,271,0.07515252357182474,404.1328125,6.08203125,22.065562475963475,0.7467034410534023,0.0330810546875,0.2111708039062421,0.2142566156250041,574,585,1.019163763066202,67,30.048148148148147,4,212,0.0,407.31496062992125,531,565,4.4140625,0.23080027031249983,True
0.9,198,43572,1024,5759,720,34,754,5.890625,5.6240234375,2433,0.2969970703125,390,0.16029593094944514,1485.61328125,17.005859375,16.411745875649657,0.4342598388540128,0.047607421875,0.2111708039062421,0.2142566156250041,720,731,1.0152777777777777,20,20.724935732647815,3,325,0.0,1488.5205479452054,677,711,5.5546875,0.23080027031249983,True
0.9,199,23390,1024,6321,791,34,825,6.4453125,6.1728515625,1871,0.2283935546875,174,0.09299839657936933,737.828125,7.84765625,19.451251549493406,0.8470736322112474,0.021240234375,0.2111708039062421,0.2142566156250041,791,802,1.013906447534766,144,45.96531791907515,4,125,0.0,751.0298210735587,754,788,6.15625,0.23080027031249983,True
0.925,0,712,1024,6571,822,34,856,6.6875,6.4169921875,1621,0.1978759765625,177,0.10919185687847008,1646.0,14.59375,15.966505299916594,0.5821505118990931,0.0216064453125,0.2111708039062421,0.2142566156250041,822,833,1.0133819951338199,107,44.30113636363637,4,152,0.0,1667.1651829871414,750,784,6.125,0.23080027031249983,True
0.925,1,24774,1024,5832,729,34,763,5.9609375,5.6953125,2360,0.2880859375,356,0.15084745762711865,983.55078125,13.697265625,18.20283573178575,0.6383007827195071,0.04345703125,0.2111708039062421,0.2142566156250041,729,740,1.0150891632373114,116,21.853521126760562,4,297,0.0,997.1841584158416,682,716,5.59375,0.23080027031249983,True
0.925,2,45142,1024,6743,843,34,877,6.8515625,6.5849609375,1449,0.1768798828125,122,0.0841959972394755,692.0,8.0,19.729742664111527,0.5796952928295054,0.014892578125,0.2111708039062421,0.2142566156250041,843,854,1.0130486358244366,561,59.900826446280995,2,116,0.0,742.7756813417191,810,844,6.59375,0.23080027031249983,True
0.925,3,27119,1024,3887,486,34,520,4.0625,3.7958984375,4305,0.5255126953125,427,0.0991869918699187,1391.09375,12.119140625,16.697239614756548,0.8595738968541387,0.0521240234375,0.2111708039062421,0.2142566156250041,486,497,1.022633744855967,12,19.199530516431924,5,295,0.0,1392.453567937439,476,510,3.984375,0.23080027031249983,True
0.925,4,21139,1024,5833,730,34,764,5.96875,5.6962890625,2359,0.2879638671875,195,0.08266214497668503,1397.078125,12.93359375,16.678596682056153,0.6594824885620786,0.0238037109375,0.2111708039062421,0.2142566156250041,730,741,1.015068493150685,700,38.597938144329895,3,175,0.0,1526.7961579509072,669,703,5.4921875,0.23080027031249983,True
0.925,5,19129,1024,5915,740,34,774,6.046875,5.7763671875,2277,0.2779541015625,108,0.04743083003952569,230.5625,3.6953125,24.502916882970318,0.8950878084183517,0.01318359375,0.2111708039062421,0.2142566156250041,740,751,1.0148648648648648,81,73.88785046728972,4,95,0.0,232.83629191321498,682,716,5.59375,0.23080027031249983,True
0.925,6,6433,1024,5146,644,34,678,5.296875,5.025390625,3046,0.371826171875,267,0.087655942219304,541.99609375,7.189453125,20.790842043460053,0.48387206352247386,0.0325927734375,0.2111708039062421,0.2142566156250041,644,655,1.0170807453416149,710,27.1203007518797,4,203,0.0,592.9529914529915,595,629,4.9140625,0.23080027031249983,True
0.925,7,38854,1024,6280,785,34,819,6.3984375,6.1328125,1912,0.2333984375,154,0.08054393305439331,967.4375,9.0703125,18.274574432822654,0.7521269043276985,0.018798828125,0.2111708039062421,0.2142566156250041,785,796,1.0140127388535032,48,52.1437908496732,4,138,0.0,973.139489194499,723,757,5.9140625,0.23080027031249983,True
0.925,8,22489,1024,6322,791,34,825,6.4453125,6.173828125,1870,0.228271484375,166,0.08877005347593583,1431.140625,12.74609375,16.573980508950694,0.7542903114722285,0.020263671875,0.2111708039062421,0.2142566156250041,791,802,1.013906447534766,74,48.67878787878788,2,156,0.0,1443.8305418719212,726,760,5.9375,0.23080027031249983,True
0.925,9,31104,1024,5434,680,34,714,5.578125,5.306640625,2758,0.336669921875,313,0.11348803480783176,1664.3203125,16.77734375,15.91843447228149,0.5816482584282788,0.0382080078125,0.2111708039062421,0.2142566156250041,680,691,1.0161764705882352,114,25.208333333333332,3,266,0.0,1687.390099009901,621,655,5.1171875,0.23080027031249983,True
0.925,10,21349,1024,6461,808,34,842,6.578125,6.3095703125,1731,0.2113037109375,99,0.05719237435008666,250.75,3.609375,24.138394191754546,0.8423384542184065,0.0120849609375,0.2111708039062421,0.2142566156250041,808,819,1.0136138613861385,72,81.23469387755102,3,73,0.0,252.97339901477832,762,796,6.21875,0.23080027031249983,True
0.925,11,29116,1024,5746,719,34,753,5.8828125,5.611328125,2446,0.298583984375,174,0.07113654946852004,669.79296875,6.884765625,19.871397767102014,0.8921252979408084,0.021240234375,0.2111708039062421,0.2142566156250041,719,730,1.015299026425591,140,44.09826589595376,3,135,0.0,681.1002979145978,653,687,5.3671875,0.23080027031249983,True
0.925,12,10772,1024,6850,857,34,891,6.9609375,6.689453125,1342,0.163818359375,126,0.09388971684053651,1005.75,9.765625,18.105903196246114,0.7641610347403647,0.015380859375,0.2111708039062421,0.2142566156250041,857,868,1.0128354725787632,24,63.24,3,122,0.0,1008.7051909892263,817,851,6.6484375,0.23080027031249983,True
0.925,13,18332,1024,6842,856,34,890,6.953125,6.681640625,1350,0.164794921875,134,0.09925925925925926,1012.75,9.734375,18.075781090122845,0.692040266175234,0.016357421875,0.2111708039062421,0.2142566156250041,856,867,1.0128504672897196,25,55.578947368421055,2,127,0.0,1015.7257590597453,796,830,6.484375,0.23080027031249983,True
0.925,14,1003,1024,6635,830,34,864,6.75,6.4794921875,1557,0.1900634765625,184,0.11817597944765575,776.625,9.078125,19.22868994246739,0.6857582219349792,0.0224609375,0.2111708039062421,0.2142566156250041,830,841,1.0132530120481928,35,43.96174863387978,4,151,0.0,779.6705882352941,783,817,6.3828125,0.23080027031249983,True
0.925,15,22156,1024,6529,817,34,851,6.6484375,6.3759765625,1663,0.2030029296875,73,0.043896572459410706,394.8125,4.4296875,22.166894666294674,0.8019267239042787,0.0089111328125,0.2111708039062421,0.2142566156250041,817,828,1.0134638922888617,65,110.25,2,72,0.0,397.9212598425197,761,795,6.2109375,0.23080027031249983,True
0.925,16,26453,1024,5743,718,34,752,5.875,5.6083984375,2449,0.2989501953125,152,0.0620661494487546,984.84375,9.421875,18.197130277261827,0.5610735718911919,0.0185546875,0.2111708039062421,0.2142566156250041,718,729,1.0153203342618384,36,49.58278145695364,3,143,0.0,988.7058823529412,664,698,5.453125,0.23080027031249983,True
0.925,17,17039,1024,6198,775,34,809,6.3203125,6.052734375,1994,0.243408203125,110,0.055165496489468405,235.84375,4.34375,24.404559891964183,0.7927908941187166,0.013427734375,0.2111708039062421,0.2142566156250041,775,786,1.0141935483870967,10,74.44954128440367,3,97,0.0,236.07429130009774,697,731,5.7109375,0.23080027031249983,True
0.925,18,7166,1024,6178,773,34,807,6.3046875,6.033203125,2014,0.245849609375,375,0.1861966236345581,2648.6875,24.9609375,13.900496388981342,0.5340461962868552,0.0457763671875,0.2111708039062421,0.2142566156250041,773,784,1.0142302716688227,9,21.628342245989305,4,323,0.0,2651.2766373411537,707,741,5.7890625,0.23080027031249983,True
0.925,19,48310,1024,5691,712,34,746,5.828125,5.5576171875,2501,0.3052978515625,293,0.1171531387445022,2171.302734375,20.162109375,14.763599815854882,0.6544682975410735,0.0357666015625,0.2111708039062421,0.2142566156250041,712,723,1.0154494382022472,244,26.32191780821918,3,269,0.0,2236.835010060362,639,673,5.2578125,0.23080027031249983,True
0.925,20,12187,1024,5057,633,34,667,5.2109375,4.9384765625,3135,0.3826904296875,298,0.09505582137161085,1556.70703125,15.072265625,16.20873473851098,0.40359810732639256,0.036376953125,0.2111708039062421,0.2142566156250041,633,644,1.0173775671406002,253,26.02020202020202,4,232,0.0,1605.3051359516617,571,605,4.7265625,0.23080027031249983,True
0.925,21,20284,1024,5184,648,34,682,5.328125,5.0625,3008,0.3671875,155,0.05152925531914894,451.359375,5.70703125,21.585578934263445,0.779533242474372,0.0189208984375,0.2111708039062421,0.2142566156250041,648,659,1.0169753086419753,147,51.896103896103895,3,136,0.0,459.43538767395626,580,614,4.796875,0.23080027031249983,True
0.925,22,1052,1024,6456,807,34,841,6.5703125,6.3046875,1736,0.2119140625,171,0.09850230414746544,984.125,9.953125,18.200300964178343,0.7771810731602212,0.0208740234375,0.2111708039062421,0.2142566156250041,807,818,1.01363073110285,34,46.205882352941174,3,151,0.0,987.9843137254902,749,783,6.1171875,0.23080027031249983,True
0.925,23,13752,1024,4245,531,34,565,4.4140625,4.1455078125,3947,0.4818115234375,207,0.05244489485685331,395.83203125,5.056640625,22.155694258932876,0.6352323491764827,0.0252685546875,0.2111708039062421,0.2142566156250041,531,542,1.0207156308851224,454,37.15533980582524,4,147,0.0,418.7314049586777,479,513,4.0078125,0.23080027031249983,True
0.925,24,37139,1024,6265,784,34,818,6.390625,6.1181640625,1927,0.2352294921875,191,0.09911779968863518,490.890625,7.15234375,21.22095622819062,0.7849097694993774,0.0233154296875,0.2111708039062421,0.2142566156250041,784,795,1.0140306122448979,44,41.5,3,154,0.0,493.29931305201177,708,742,5.796875,0.23080027031249983,True
0.925,25,29727,1024,7120,890,34,924,7.21875,6.953125,1072,0.130859375,96,0.08955223880597014,691.25,6.828125,19.734452165551556,0.8896471622190959,0.01171875,0.2111708039062421,0.2142566156250041,890,901,1.0123595505617977,192,80.85263157894737,3,89,0.0,707.84,842,876,6.84375,0.23080027031249983,True
0.925,26,41854,1024,6002,751,34,785,6.1328125,5.861328125,2190,0.267333984375,76,0.034703196347031964,165.5625,2.6640625,25.941183852266043,0.8958900737572186,0.00927734375,0.2111708039062421,0.2142566156250041,751,762,1.014647137150466,184,101.68,2,65,0.0,169.36663336663338,675,709,5.5390625,0.23080027031249983,True
0.925,27,40333,1024,6851,857,34,891,6.9609375,6.6904296875,1341,0.1636962890625,103,0.07680835197613721,513.0625,5.8359375,21.02910087857886,0.8400913894796677,0.0125732421875,0.2111708039062421,0.2142566156250041,857,868,1.0128354725787632,8,78.75490196078431,3,93,0.0,513.564027370479,813,847,6.6171875,0.23080027031249983,True
0.925,28,33248,1024,5188,649,34,683,5.3359375,5.06640625,3004,0.36669921875,130,0.043275632490013316,343.7197265625,3.8017578125,22.7687590323928,0.8448452231607213,0.015869140625,0.2111708039062421,0.2142566156250041,649,660,1.0169491525423728,375,59.27131782945737,5,101,0.0,359.8865030674847,582,616,4.8125,0.23080027031249983,True
0.925,29,9680,1024,6486,811,34,845,6.6015625,6.333984375,1706,0.208251953125,111,0.06506447831184056,863.453125,7.84765625,18.76841595231269,0.8462788430971259,0.0135498046875,0.2111708039062421,0.2142566156250041,811,822,1.0135635018495683,17,72.6,3,102,0.0,865.1428571428571,741,775,6.0546875,0.23080027031249983,True
0.925,30,16805,1024,6731,842,34,876,6.84375,6.5732421875,1461,0.1783447265625,117,0.08008213552361396,602.25,6.890625,20.333035521975297,0.6356840539067935,0.0142822265625,0.2111708039062421,0.2142566156250041,842,853,1.013064133016627,19,70.40517241379311,2,106,0.0,603.4285714285714,796,830,6.484375,0.23080027031249983,True
0.925,31,14652,1024,5569,697,34,731,5.7109375,5.4384765625,2623,0.3201904296875,212,0.08082348455966451,1733.203125,14.83984375,15.74230897463205,0.3760802285084763,0.02587890625,0.2111708039062421,0.2142566156250041,697,708,1.0157819225251077,235,37.573459715639814,4,174,0.0,1783.7185929648242,626,660,5.15625,0.23080027031249983,True
0.925,32,15793,1024,5628,704,34,738,5.765625,5.49609375,2564,0.31298828125,105,0.04095163806552262,295.203125,3.65234375,23.42959410281024,0.8209273958615405,0.0128173828125,0.2111708039062421,0.2142566156250041,704,715,1.015625,172,71.8076923076923,2,102,0.0,301.3838484546361,626,660,5.15625,0.23080027031249983,True
0.925,33,30210,1024,4556,570,34,604,4.71875,4.44921875,3636,0.44384765625,381,0.10478547854785479,447.69921875,7.509765625,21.62094024342093,0.770895586014714,0.0465087890625,0.2111708039062421,0.2142566156250041,570,581,1.0192982456140351,35,21.45263157894737,4,325,0.0,449.4549019607843,513,547,4.2734375,0.23080027031249983,True
0.925,34,47426,1024,6384,798,34,832,6.5,6.234375,1808,0.220703125,102,0.05641592920353982,699.25,6.828125,19.684478858243455,0.8383190204494317,0.012451171875,0.2111708039062421,0.2142566156250041,798,809,1.0137844611528821,10,72.63366336633663,2,100,0.0,699.9335288367546,748,782,6.109375,0.23080027031249983,True
0.925,35,20875,1024,6213,777,34,811,6.3359375,6.0673828125,1979,0.2415771484375,127,0.06417382516422436,626.6875,6.0390625,20.16029328582434,0.7473760954952151,0.0155029296875,0.2111708039062421,0.2142566156250041,777,788,1.0141570141570142,1019,56.87301587301587,2,98,0.0,715.4158305462653,702,736,5.75,0.23080027031249983,True
0.925,36,4161,1024,6533,817,34,851,6.6484375,6.3798828125,1659,0.2025146484375,137,0.08257986738999397,1089.8125,10.0546875,17.75728575973072,0.6777184843865224,0.0167236328125,0.2111708039062421,0.2142566156250041,817,828,1.0134638922888617,74,59.411764705882355,2,130,0.0,1099.4758620689656,752,786,6.140625,0.23080027031249983,True
0.925,37,40340,1024,5728,716,34,750,5.859375,5.59375,2464,0.30078125,249,0.1010551948051948,760.6484375,9.23046875,19.318963833774497,0.7421008205942741,0.0303955078125,0.2111708039062421,0.2142566156250041,716,727,1.01536312849162,205,32.153225806451616,4,194,0.0,779.6836836836837,678,712,5.5625,0.23080027031249983,True
0.925,38,28286,1024,6465,809,34,843,6.5859375,6.3134765625,1727,0.2108154296875,143,0.08280254777070063,752.65625,8.0,19.364836885373634,0.8334311669715768,0.0174560546875,0.2111708039062421,0.2142566156250041,809,820,1.0135970333745365,27,56.00704225352113,2,130,0.0,754.86777668952,748,782,6.109375,0.23080027031249983,True
0.925,39,13256,1024,6739,843,34,877,6.8515625,6.5810546875,1453,0.1773681640625,197,0.13558155540261527,1168.75,11.703125,17.45358736987336,0.5526320992006027,0.0240478515625,0.2111708039062421,0.2142566156250041,843,854,1.0130486358244366,19,40.36224489795919,3,160,0.0,1171.037181996086,808,842,6.578125,0.23080027031249983,True
0.925,40,48934,1024,6244,781,34,815,6.3671875,6.09765625,1948,0.23779296875,178,0.09137577002053388,1065.578125,10.32421875,17.85495064478344,0.7217920848140056,0.021728515625,0.2111708039062421,0.2142566156250041,781,792,1.0140845070422535,564,43.067796610169495,3,161,0.0,1143.7651991614255,751,785,6.1328125,0.23080027031249983,True
0.925,41,11935,1024,5379,673,34,707,5.5234375,5.2529296875,2813,0.3433837890625,161,0.05723426946320654,839.70703125,8.259765625,18.889525711210624,0.6381965275538978,0.0196533203125,0.2111708039062421,0.2142566156250041,673,684,1.0163447251114412,275,49.4625,3,127,0.0,868.5454545454545,616,650,5.078125,0.23080027031249983,True
0.925,42,48447,1024,6725,841,34,875,6.8359375,6.5673828125,1467,0.1790771484375,96,0.065439672801636,575.75,5.671875,20.528464142316416,0.6364329467896594,0.01171875,0.2111708039062421,0.2142566156250041,841,852,1.0130796670630202,312,80.85263157894737,3,73,0.0,598.546192893401,786,820,6.40625,0.23080027031249983,True
0.925,43,15492,1024,7270,909,34,943,7.3671875,7.099609375,922,0.112548828125,113,0.12255965292841649,955.5,8.875,18.328496694768784,0.7253965918642277,0.0137939453125,0.2111708039062421,0.2142566156250041,909,920,1.012101210121012,162,71.19642857142857,2,104,0.0,974.5338645418327,880,914,7.140625,0.23080027031249983,True
0.925,44,32513,1024,6565,821,34,855,6.6796875,6.4111328125,1627,0.1986083984375,145,0.08912108174554395,693.75,8.109375,19.718773647371776,0.7623713001607516,0.0177001953125,0.2111708039062421,0.2142566156250041,821,832,1.0133982947624847,10,56.5,2,138,0.0,694.4281524926686,782,816,6.375,0.23080027031249983,True
0.925,45,36099,1024,5510,689,34,723,5.6484375,5.380859375,2682,0.327392578125,381,0.14205816554809844,929.958984375,11.724609375,18.44616566348835,0.6800188836985054,0.0465087890625,0.2111708039062421,0.2142566156250041,689,700,1.0159651669085632,71,21.289473684210527,5,300,0.0,937.2814960629921,653,687,5.3671875,0.23080027031249983,True
0.925,46,39260,1024,3713,465,34,499,3.8984375,3.6259765625,4479,0.5467529296875,293,0.06541638758651484,833.0615234375,8.3173828125,18.92403284667905,0.6394207310824118,0.0357666015625,0.2111708039062421,0.2142566156250041,465,476,1.0236559139784946,619,25.76027397260274,4,234,0.0,900.7972544878564,409,443,3.4609375,0.23080027031249983,True
0.925,47,46517,1024,5288,661,34,695,5.4296875,5.1640625,2904,0.3544921875,186,0.0640495867768595,290.99609375,4.978515625,23.491932016902723,0.7352605467675112,0.022705078125,0.2111708039062421,0.2142566156250041,661,672,1.0166414523449319,547,40.68108108108108,4,153,0.0,311.69456066945605,620,654,5.109375,0.23080027031249983,True
0.925,48,33095,1024,6754,845,34,879,6.8671875,6.595703125,1438,0.175537109375,85,0.05910987482614743,526.75,5.390625,20.914758165877725,0.7225713881687386,0.0103759765625,0.2111708039062421,0.2142566156250041,845,856,1.01301775147929,73,94.48809523809524,2,79,0.0,531.4206896551724,793,827,6.4609375,0.23080027031249983,True
0.925,49,3,1024,6328,791,34,825,6.4453125,6.1796875,1864,0.2275390625,121,0.06491416309012875,546.75,6.578125,20.752915691582356,0.6528557524402783,0.0147705078125,0.2111708039062421,0.2142566156250041,791,802,1.013906447534766,58,67.66666666666667,2,105,0.0,550.5132743362832,738,772,6.03125,0.23080027031249983,True
0.925,50,21683,1024,6189,774,34,808,6.3125,6.0439453125,2003,0.2445068359375,119,0.05941088367448827,632.6875,6.5859375,20.118911066753185,0.8324346476783404,0.0145263671875,0.2111708039062421,0.2142566156250041,774,785,1.0142118863049097,10,67.60169491525424,2,104,0.0,633.3059628543499,702,736,5.75,0.23080027031249983,True
0.925,51,13446,1024,6338,793,34,827,6.4609375,6.189453125,1854,0.226318359375,162,0.08737864077669903,748.25,9.328125,19.390336353556815,0.8297306831228579,0.019775390625,0.2111708039062421,0.2142566156250041,793,804,1.0138713745271122,73,48.807453416149066,2,157,0.0,754.8847290640394,744,778,6.078125,0.23080027031249983,True
0.925,52,49515,1024,5803,726,34,760,5.9375,5.6669921875,2389,0.2916259765625,327,0.13687735454164923,1574.296875,17.66796875,16.159937274974236,0.7064749425076482,0.0399169921875,0.2111708039062421,0.2142566156250041,726,737,1.0151515151515151,177,24.466257668711656,4,278,0.0,1608.8622754491018,681,715,5.5859375,0.23080027031249983,True
0.925,53,27943,1024,6428,804,34,838,6.546875,6.27734375,1764,0.21533203125,214,0.12131519274376418,1991.5,17.203125,15.139000501225635,0.44799603373880775,0.026123046875,0.2111708039062421,0.2142566156250041,804,815,1.013681592039801,74,38.051643192488264,3,196,0.0,2009.1586206896552,753,787,6.1484375,0.23080027031249983,True
0.925,54,29059,1024,7019,878,34,912,7.125,6.8544921875,1173,0.1431884765625,133,0.113384484228474,867.2978515625,8.5478515625,18.74912090294155,0.8834707830709843,0.0162353515625,0.2111708039062421,0.2142566156250041,878,889,1.0125284738041003,9,61.93939393939394,2,121,0.0,868.1456500488758,826,860,6.71875,0.23080027031249983,True
0.925,55,32738,1024,4353,545,34,579,4.5234375,4.2509765625,3839,0.4686279296875,186,0.04845011721802553,494.5087890625,6.0517578125,21.18906346011711,0.5851267211202028,0.022705078125,0.2111708039062421,0.2142566156250041,545,556,1.0201834862385322,222,40.983783783783785,3,154,0.0,507.90070210631893,463,497,3.8828125,0.23080027031249983,True
0.925,56,445,1024,6776,847,34,881,6.8828125,6.6171875,1416,0.1728515625,210,0.1483050847457627,1261.875,12.96875,17.120640245801958,0.5809759529483525,0.025634765625,0.2111708039062421,0.2142566156250041,847,858,1.0129870129870129,33,38.822966507177036,3,191,0.0,1266.8235294117646,814,848,6.625,0.23080027031249983,True
0.925,57,32216,1024,6168,771,34,805,6.2890625,6.0234375,2024,0.2470703125,108,0.0533596837944664,501.21875,5.84375,21.130530517995425,0.7701547061891815,0.01318359375,0.2111708039062421,0.2142566156250041,771,782,1.014267185473411,507,70.57009345794393,3,101,0.0,534.0770031217481,711,745,5.8203125,0.23080027031249983,True
0.925,58,18250,1024,6839,855,34,889,6.9453125,6.6787109375,1353,0.1651611328125,78,0.057649667405764965,237.75,3.109375,24.36959835258459,0.8314881768840146,0.009521484375,0.2111708039062421,0.2142566156250041,855,866,1.0128654970760234,32,105.88311688311688,3,58,0.0,238.68235294117648,802,836,6.53125,0.23080027031249983,True
0.925,59,1684,1024,5957,745,34,779,6.0859375,5.8173828125,2235,0.2728271484375,318,0.14228187919463087,1758.53125,17.375,15.679302705112407,0.6257819863937449,0.038818359375,0.2111708039062421,0.2142566156250041,745,756,1.014765100671141,136,25.37539432176656,4,265,0.0,1788.2184707050646,688,722,5.640625,0.23080027031249983,True
0.925,60,2899,1024,6095,762,34,796,6.21875,5.9521484375,2097,0.2559814453125,124,0.05913209346685742,476.890625,5.64453125,21.34661575969769,0.7618332378579701,0.01513671875,0.2111708039062421,0.2142566156250041,762,773,1.0144356955380578,98,64.77235772357723,4,98,0.0,482.54545454545456,721,755,5.8984375,0.23080027031249983,True
0.925,61,39428,1024,5716,715,34,749,5.8515625,5.58203125,2476,0.30224609375,129,0.05210016155088853,394.34375,4.59765625,22.172053988351212,0.7757252511587068,0.0157470703125,0.2111708039062421,0.2142566156250041,715,726,1.0153846153846153,54,63.5546875,2,119,0.0,396.6679764243615,652,686,5.359375,0.23080027031249983,True
0.925,62,40758,1024,6432,804,34,838,6.546875,6.28125,1760,0.21484375,98,0.05568181818181818,1006.34375,8.265625,18.103340071579435,0.8234911429172306,0.011962890625,0.2111708039062421,0.2142566156250041,804,815,1.013681592039801,9,78.29896907216495,3,92,0.0,1007.3274682306941,751,785,6.1328125,0.23080027031249983,True
0.925,63,29154,1024,6592,824,34,858,6.703125,6.4375,1600,0.1953125,171,0.106875,943.75,10.234375,18.382233962306657,0.7147335566602251,0.0208740234375,0.2111708039062421,0.2142566156250041,824,835,1.0133495145631068,98,44.04117647058823,2,155,0.0,954.9407114624506,781,815,6.3671875,0.23080027031249983,True
0.925,64,43958,1024,6446,806,34,840,6.5625,6.294921875,1746,0.213134765625,93,0.05326460481099656,362.125,4.578125,22.542218526560923,0.663945934693007,0.0113525390625,0.2111708039062421,0.2142566156250041,806,817,1.0136476426799008,618,82.0,2,85,0.0,391.56916578669484,747,781,6.1015625,0.23080027031249983,True
0.925,65,33814,1024,6981,873,34,907,7.0859375,6.8173828125,1211,0.1478271484375,104,0.08587943848059455,845.625,7.765625,18.85902546926212,0.7792035740484141,0.0126953125,0.2111708039062421,0.2142566156250041,873,884,1.0126002290950744,18,74.2621359223301,2,97,0.0,847.279843444227,830,864,6.75,0.23080027031249983,True
0.925,66,34153,1024,6183,773,34,807,6.3046875,6.0380859375,2009,0.2452392578125,306,0.1523145843703335,2010.796875,18.85546875,15.097121592528467,0.6371842238599557,0.037353515625,0.2111708039062421,0.2142566156250041,773,784,1.0142302716688227,188,25.852459016393443,3,255,0.0,2056.999000999001,736,770,6.015625,0.23080027031249983,True
0.925,67,43609,1024,5910,739,34,773,6.0390625,5.771484375,2282,0.278564453125,266,0.1165644171779141,766.9140625,10.65625,19.283336595956595,0.7127775648405307,0.032470703125,0.2111708039062421,0.2142566156250041,739,750,1.0148849797023005,35,30.30943396226415,4,235,0.0,769.9215686274509,689,723,5.6484375,0.23080027031249983,True
0.925,68,10762,1024,6060,758,34,792,6.1875,5.91796875,2132,0.26025390625,278,0.1303939962476548,1138.43359375,12.333984375,17.567726581161825,0.5961602706676942,0.033935546875,0.2111708039062421,0.2142566156250041,758,769,1.0145118733509235,110,26.9927797833935,5,215,0.0,1153.0722057368941,708,742,5.796875,0.23080027031249983,True
0.925,69,17898,1024,5704,713,34,747,5.8359375,5.5703125,2488,0.3037109375,166,0.06672025723472669,1161.96875,10.4453125,17.478859125769862,0.48739079239789657,0.020263671875,0.2111708039062421,0.2142566156250041,713,724,1.0154277699859748,637,45.666666666666664,4,132,0.0,1259.1068783068783,631,665,5.1953125,0.23080027031249983,True
0.925,70,43653,1024,5935,742,34,776,6.0625,5.7958984375,2257,0.2755126953125,171,0.07576428887904298,1672.84375,14.16796875,15.896249827757016,0.5903304569652765,0.0208740234375,0.2111708039062421,0.2142566156250041,742,753,1.0148247978436657,91,36.705882352941174,4,155,0.0,1691.0088845014807,667,701,5.4765625,0.23080027031249983,True
0.925,71,14233,1024,6591,824,34,858,6.703125,6.4365234375,1601,0.1954345703125,169,0.10555902560899438,1251.75,12.234375,17.155627607969638,0.6030008675142554,0.0206298828125,0.2111708039062421,0.2142566156250041,824,835,1.0133495145631068,90,46.19642857142857,3,155,0.0,1265.3425468904245,787,821,6.4140625,0.23080027031249983,True
0.925,72,39520,1024,6482,811,34,845,6.6015625,6.330078125,1710,0.208740234375,129,0.07543859649122807,748.0,7.375,19.39178763003449,0.7649684493745229,0.0157470703125,0.2111708039062421,0.2142566156250041,811,822,1.0135635018495683,179,56.1171875,3,119,0.0,764.4231536926147,732,766,5.984375,0.23080027031249983,True
0.925,73,18138,1024,6122,766,34,800,6.25,5.978515625,2070,0.252685546875,82,0.03961352657004831,324.0,3.859375,23.025353506612984,0.8078324610745448,0.010009765625,0.2111708039062421,0.2142566156250041,766,777,1.014360313315927,642,90.66666666666667,2,77,0.0,351.45762711864404,697,731,5.7109375,0.23080027031249983,True
0.925,74,9212,1024,5832,729,34,763,5.9609375,5.6953125,2360,0.2880859375,81,0.034322033898305085,472.625,4.515625,21.385636704973187,0.8264013295431847,0.0098876953125,0.2111708039062421,0.2142566156250041,729,740,1.0150891632373114,82,84.325,4,71,0.0,477.2859960552268,647,681,5.3203125,0.23080027031249983,True
0.925,75,6456,1024,6666,834,34,868,6.78125,6.509765625,1526,0.186279296875,145,0.09501965923984272,738.0625,7.8359375,19.449872209204532,0.6089933937713818,0.0177001953125,0.2111708039062421,0.2142566156250041,834,845,1.013189448441247,27,56.166666666666664,4,134,0.0,740.2311459353575,786,820,6.40625,0.23080027031249983,True
0.925,76,22948,1024,5750,719,34,753,5.8828125,5.615234375,2442,0.298095703125,210,0.085995085995086,257.66015625,6.001953125,24.020330950473358,0.7467940080927334,0.025634765625,0.2111708039062421,0.2142566156250041,719,730,1.015299026425591,70,37.11483253588517,4,188,0.0,259.68897637795277,653,687,5.3671875,0.23080027031249983,True
0.925,77,7591,1024,6948,869,34,903,7.0546875,6.78515625,1244,0.15185546875,99,0.07958199356913183,611.75,6.609375,20.265063828440834,0.7048378024518493,0.0120849609375,0.2111708039062421,0.2142566156250041,869,880,1.0126582278481013,18,80.15306122448979,2,98,0.0,612.9471624266145,828,862,6.734375,0.23080027031249983,True
0.925,78,29996,1024,5839,730,34,764,5.96875,5.7021484375,2353,0.2872314453125,311,0.1321716957076073,2210.685546875,19.994140625,14.685533889672726,0.5361400955506722,0.0379638671875,0.2111708039062421,0.2142566156250041,730,741,1.015068493150685,108,25.98709677419355,3,276,0.0,2239.1117705242336,677,711,5.5546875,0.23080027031249983,True
0.925,79,10378,1024,6105,764,34,798,6.234375,5.9619140625,2087,0.2547607421875,147,0.07043603258265453,672.1875,7.0859375,19.85589928800354,0.8268572487176524,0.0179443359375,0.2111708039062421,0.2142566156250041,764,775,1.0143979057591623,317,53.19178082191781,4,121,0.0,698.8020304568528,706,740,5.78125,0.23080027031249983,True
0.925,80,27337,1024,5134,642,34,676,5.28125,5.013671875,3058,0.373291015625,136,0.04447351209941138,479.4375,5.109375,21.32348360777837,0.8393383615124397,0.0166015625,0.2111708039062421,0.2142566156250041,642,653,1.017133956386293,35,60.27407407407407,4,105,0.0,481.3176470588235,558,592,4.625,0.23080027031249983,True
0.925,81,19965,1024,5694,712,34,746,5.828125,5.560546875,2498,0.304931640625,306,0.12249799839871897,1288.90625,13.6640625,17.02859031247922,0.4915179973996926,0.037353515625,0.2111708039062421,0.2142566156250041,712,723,1.0154494382022472,33,26.60327868852459,3,240,0.0,1293.9607843137255,652,686,5.359375,0.23080027031249983,True
0.925,82,24405,1024,6452,807,34,841,6.5703125,6.30078125,1740,0.21240234375,143,0.08218390804597701,477.125,6.015625,21.344481879107555,0.8813181474424114,0.0174560546875,0.2111708039062421,0.2142566156250041,807,818,1.01363073110285,57,57.24647887323944,3,123,0.0,480.40904621435595,749,783,6.1171875,0.23080027031249983,True
0.925,83,45135,1024,6567,821,34,855,6.6796875,6.4130859375,1625,0.1983642578125,84,0.05169230769230769,529.75,5.109375,20.890093954850784,0.9021589037074635,0.01025390625,0.2111708039062421,0.2142566156250041,821,832,1.0133982947624847,36,81.02409638554217,2,77,0.0,531.8274509803922,757,791,6.1796875,0.23080027031249983,True
0.925,84,11274,1024,6193,775,34,809,6.3203125,6.0478515625,1999,0.2440185546875,149,0.07453726863431716,679.67578125,7.255859375,19.807785657976062,0.6853711465085944,0.0181884765625,0.2111708039062421,0.2142566156250041,775,786,1.0141935483870967,43,54.63513513513514,3,131,0.0,683.0107948969578,729,763,5.9609375,0.23080027031249983,True
0.925,85,1941,1024,6364,796,34,830,6.484375,6.21484375,1828,0.22314453125,102,0.05579868708971553,269.3125,3.6796875,23.828238494354675,0.7752803349937767,0.012451171875,0.2111708039062421,0.2142566156250041,796,807,1.013819095477387,19,79.60396039603961,3,81,0.0,269.839530332681,737,771,6.0234375,0.23080027031249983,True
0.925,86,48940,1024,6677,835,34,869,6.7890625,6.5205078125,1515,0.1849365234375,98,0.06468646864686468,487.3125,5.6015625,21.2527280930316,0.8545228024768562,0.011962890625,0.2111708039062421,0.2142566156250041,835,846,1.0131736526946107,114,81.96907216494846,2,96,0.0,494.0673267326733,786,820,6.40625,0.23080027031249983,True
0.925,87,36794,1024,6420,803,34,837,6.5390625,6.26953125,1772,0.21630859375,146,0.08239277652370203,990.578125,9.08984375,18.171916276683614,0.7287734572293354,0.017822265625,0.2111708039062421,0.2142566156250041,803,814,1.0136986301369864,112,55.40689655172414,2,131,0.0,1004.3089108910891,745,779,6.0859375,0.23080027031249983,True
0.925,88,21994,1024,6375,797,34,831,6.4921875,6.2255859375,1817,0.2218017578125,137,0.07539900935608146,858.6875,7.5390625,18.792452199914745,0.683135610037258,0.0167236328125,0.2111708039062421,0.2142566156250041,797,808,1.013801756587202,51,59.705882352941174,4,114,0.0,863.7485265225934,733,767,5.9921875,0.23080027031249983,True
0.925,89,49944,1024,6188,774,34,808,6.3125,6.04296875,2004,0.24462890625,193,0.09630738522954092,1201.4375,11.4609375,17.333791775807757,0.5880360762566798,0.0235595703125,0.2111708039062421,0.2142566156250041,774,785,1.0142118863049097,572,39.114583333333336,4,157,0.0,1290.94648478489,717,751,5.8671875,0.23080027031249983,True
0.925,90,43442,1024,3136,392,34,426,3.328125,3.0625,5056,0.6171875,97,0.019185126582278483,61.40234375,1.169921875,30.248954122305648,0.9338981654521733,0.0118408203125,0.2111708039062421,0.2142566156250041,392,403,1.028061224489796,188,82.1875,4,79,0.0,62.81318681318681,290,324,2.53125,0.23080027031249983,True
0.925,91,45096,1024,5546,694,34,728,5.6875,5.416015625,2646,0.322998046875,104,0.039304610733182165,324.625,4.125,23.01698398230551,0.861568225489143,0.0126953125,0.2111708039062421,0.2142566156250041,694,705,1.015850144092219,1001,67.66990291262135,4,80,0.0,369.761957730812,618,652,5.09375,0.23080027031249983,True
0.925,92,42430,1024,4634,580,34,614,4.796875,4.525390625,3558,0.434326171875,408,0.11467116357504216,712.98828125,8.294921875,19.599979690669343,0.4097815896507407,0.0498046875,0.2111708039062421,0.2142566156250041,580,591,1.0189655172413794,141,19.75184275184275,5,269,0.0,725.0248262164846,525,559,4.3671875,0.23080027031249983,True
0.925,93,42255,1024,5798,725,34,759,5.9296875,5.662109375,2394,0.292236328125,210,0.08771929824561403,1544.609375,14.09765625,16.242616944090564,0.4652799848800224,0.025634765625,0.2111708039062421,0.2142566156250041,725,736,1.0151724137931035,493,31.89952153110048,5,172,0.0,1642.4506749740394,673,707,5.5234375,0.23080027031249983,True
0.925,94,5771,1024,6300,788,34,822,6.421875,6.15234375,1892,0.23095703125,277,0.1464059196617336,1528.91015625,14.072265625,16.286983952667526,0.797211119366302,0.0338134765625,0.2111708039062421,0.2142566156250041,788,799,1.013959390862944,23,29.57246376811594,4,213,0.0,1531.9021526418787,728,762,5.953125,0.23080027031249983,True
0.925,95,8320,1024,6837,855,34,889,6.9453125,6.6767578125,1355,0.1654052734375,124,0.09151291512915129,867.0625,8.5234375,18.750299572477395,0.7379033861817046,0.01513671875,0.2111708039062421,0.2142566156250041,855,866,1.0128654970760234,169,63.34959349593496,3,108,0.0,885.2163509471585,821,855,6.6796875,0.23080027031249983,True
0.925,96,48807,1024,6428,804,34,838,6.546875,6.27734375,1764,0.21533203125,106,0.060090702947845805,370.5625,4.4296875,22.442188931788714,0.8314869245035681,0.012939453125,0.2111708039062421,0.2142566156250041,804,815,1.013681592039801,272,74.84761904761905,3,90,0.0,383.2888888888889,745,779,6.0859375,0.23080027031249983,True
0.925,97,2675,1024,4647,581,34,615,4.8046875,4.5380859375,3545,0.4327392578125,253,0.07136812411847673,581.265625,7.62890625,20.48705720543967,0.7020080262072569,0.0308837890625,0.2111708039062421,0.2142566156250041,581,592,1.0189328743545611,98,32.09126984126984,5,207,0.0,588.1581027667984,508,542,4.234375,0.23080027031249983,True
0.925,98,37658,1024,6092,762,34,796,6.21875,5.94921875,2100,0.25634765625,74,0.035238095238095235,183.056640625,2.611328125,25.504948727501528,0.9722154867371694,0.009033203125,0.2111708039062421,0.2142566156250041,762,773,1.0144356955380578,323,107.26027397260275,2,66,0.0,190.4979674796748,673,707,5.5234375,0.23080027031249983,True
0.925,99,45710,1024,6288,786,34,820,6.40625,6.140625,1904,0.232421875,162,0.08508403361344538,628.7607421875,6.5849609375,20.145949429504043,0.7636821304478135,0.019775390625,0.2111708039062421,0.2142566156250041,786,797,1.0139949109414759,17,50.49689440993789,6,122,0.0,629.9911937377691,725,759,5.9296875,0.23080027031249983,True
0.925,100,15813,1024,5613,702,34,736,5.75,5.4814453125,2579,0.3148193359375,218,0.08452888716556806,392.125,5.921875,22.196558291621088,0.7373585780751034,0.026611328125,0.2111708039062421,0.2142566156250041,702,713,1.0156695156695157,691,34.32258064516129,4,155,0.0,428.0767590618337,646,680,5.3125,0.23080027031249983,True
0.925,101,7135,1024,6627,829,34,863,6.7421875,6.4716796875,1565,0.1910400390625,176,0.11246006389776358,820.5,8.8125,18.99001775478798,0.7003618489571317,0.021484375,0.2111708039062421,0.2142566156250041,829,840,1.0132689987937273,80,46.32,3,141,0.0,828.5917159763313,783,817,6.3828125,0.23080027031249983,True
0.925,102,31775,1024,6239,780,34,814,6.359375,6.0927734375,1953,0.2384033203125,118,0.06041986687147977,683.25,6.609375,19.785007205032123,0.6293841478029222,0.014404296875,0.2111708039062421,0.2142566156250041,780,791,1.014102564102564,257,64.00854700854701,4,89,0.0,705.2903225806451,726,760,5.9375,0.23080027031249983,True
0.925,103,31772,1024,5992,749,34,783,6.1171875,5.8515625,2200,0.2685546875,111,0.05045454545454545,252.7734375,3.9453125,24.103489263575526,0.8804555310536366,0.0135498046875,0.2111708039062421,0.2142566156250041,749,760,1.014686248331108,88,73.55454545454545,3,96,0.0,255.5182625863771,689,723,5.6484375,0.23080027031249983,True
0.925,104,25160,1024,5595,700,34,734,5.734375,5.4638671875,2597,0.3170166015625,182,0.07008086253369272,552.6875,7.2109375,20.706007185087024,0.5997856238867861,0.022216796875,0.2111708039062421,0.2142566156250041,700,711,1.0157142857142858,240,43.78453038674033,4,146,0.0,569.3682092555332,625,659,5.1484375,0.23080027031249983,True
0.925,105,36108,1024,5058,633,34,667,5.2109375,4.939453125,3134,0.382568359375,276,0.08806636885768986,459.7333984375,6.7255859375,21.505743056052424,0.7487349671551499,0.03369140625,0.2111708039062421,0.2142566156250041,633,644,1.0173775671406002,134,27.30909090909091,4,236,0.0,467.030753968254,586,620,4.84375,0.23080027031249983,True
0.925,106,1260,1024,5926,741,34,775,6.0546875,5.787109375,2266,0.276611328125,110,0.04854368932038835,351.84765625,4.228515625,22.66725698444903,0.8530693723651429,0.013427734375,0.2111708039062421,0.2142566156250041,741,752,1.0148448043184886,34,74.5229357798165,2,103,0.0,353.2274509803922,672,706,5.515625,0.23080027031249983,True
0.925,107,37885,1024,6389,799,34,833,6.5078125,6.2392578125,1803,0.2200927734375,137,0.07598447032723239,1143.3125,9.9921875,17.549154091460906,0.595785674848416,0.0167236328125,0.2111708039062421,0.2142566156250041,799,810,1.0137672090112642,1202,40.24264705882353,2,130,0.0,1339.5331807780321,746,780,6.09375,0.23080027031249983,True
0.925,108,41535,1024,5096,637,34,671,5.2421875,4.9765625,3096,0.3779296875,564,0.1821705426356589,1764.75,16.4453125,15.663971703001891,0.7504838722055994,0.06884765625,0.2111708039062421,0.2142566156250041,637,648,1.0172684458398744,127,14.280639431616342,11,345,0.0,1790.9851337958376,591,625,4.8828125,0.23080027031249983,True
0.925,109,44889,1024,5881,736,34,770,6.015625,5.7431640625,2311,0.2821044921875,274,0.11856339247079187,1709.6640625,16.03515625,15.801695780402875,0.609733997082584,0.033447265625,0.2111708039062421,0.2142566156250041,736,747,1.014945652173913,396,28.516483516483518,5,216,0.0,1795.585641025641,684,718,5.609375,0.23080027031249983,True
0.925,110,28184,1024,6525,816,34,850,6.640625,6.3720703125,1667,0.2034912109375,57,0.03419316136772645,189.75,2.484375,25.348985763003924,0.852768355016669,0.0069580078125,0.2111708039062421,0.2142566156250041,816,827,1.0134803921568627,10,145.85714285714286,3,46,0.0,189.93548387096774,743,777,6.0703125,0.23080027031249983,True
0.925,111,25319,1024,6470,809,34,843,6.5859375,6.318359375,1722,0.210205078125,204,0.11846689895470383,2035.25,17.796875,15.044625974531677,0.5853700315254163,0.02490234375,0.2111708039062421,0.2142566156250041,809,820,1.0135970333745365,65,39.995073891625616,3,190,0.0,2051.2755905511813,758,792,6.1875,0.23080027031249983,True
0.925,112,11010,1024,5755,720,34,754,5.890625,5.6201171875,2437,0.2974853515625,448,0.18383258104226508,1448.640625,21.82421875,16.521197006811533,0.6365514918800843,0.0546875,0.2111708039062421,0.2142566156250041,720,731,1.0152777777777777,40,16.75391498881432,3,401,0.0,1455.748773307164,652,686,5.359375,0.23080027031249983,True
0.925,113,33880,1024,6282,786,34,820,6.40625,6.134765625,1910,0.233154296875,112,0.05863874345549738,805.25,7.546875,19.071496273761813,0.5040888350917966,0.013671875,0.2111708039062421,0.2142566156250041,786,797,1.0139949109414759,8,61.630630630630634,3,98,0.0,806.0371456500488,716,750,5.859375,0.23080027031249983,True
0.925,114,19307,1024,5410,677,34,711,5.5546875,5.283203125,2782,0.339599609375,252,0.0905823148813803,441.74609375,7.150390625,21.67907643029393,0.6834579881794406,0.03076171875,0.2111708039062421,0.2142566156250041,677,688,1.016248153618907,165,31.705179282868524,3,229,0.0,450.54581673306774,600,634,4.953125,0.23080027031249983,True
0.925,115,12236,1024,4353,545,34,579,4.5234375,4.2509765625,3839,0.4686279296875,139,0.03620734566293306,342.7080078125,4.0185546875,22.78156108471456,0.9185164562514305,0.0169677734375,0.2111708039062421,0.2142566156250041,545,556,1.0201834862385322,61,58.391304347826086,4,115,0.0,345.0668633235005,488,522,4.078125,0.23080027031249983,True
0.925,116,13805,1024,5389,674,34,708,5.53125,5.2626953125,2803,0.3421630859375,318,0.11344987513378522,1325.2265625,14.58984375,16.907902286839743,0.47046331604027486,0.038818359375,0.2111708039062421,0.2142566156250041,674,685,1.0163204747774481,90,25.141955835962143,4,264,0.0,1339.6169792694966,609,643,5.0234375,0.23080027031249983,True
0.925,117,5814,1024,4872,609,34,643,5.0234375,4.7578125,3320,0.4052734375,294,0.08855421686746988,845.59375,9.4765625,18.859185965384352,0.6393096523442068,0.035888671875,0.2111708039062421,0.2142566156250041,609,620,1.0180623973727423,1053,23.77815699658703,4,225,0.0,969.6394176931691,548,582,4.546875,0.23080027031249983,True
0.925,118,48485,1024,6376,797,34,831,6.4921875,6.2265625,1816,0.2216796875,178,0.09801762114537445,1007.5625,10.8828125,18.098083655453472,0.7535001240425643,0.021728515625,0.2111708039062421,0.2142566156250041,797,808,1.013801756587202,305,44.16949152542373,2,161,0.0,1046.393509127789,736,770,6.015625,0.23080027031249983,True
0.925,119,12248,1024,5302,663,34,697,5.4453125,5.177734375,2890,0.352783203125,249,0.08615916955017301,332.59765625,5.45703125,22.911611763610736,0.8279061662668045,0.0303955078125,0.2111708039062421,0.2142566156250041,663,674,1.0165912518853695,13,32.596774193548384,4,206,0.0,332.9227761485826,629,663,5.1796875,0.23080027031249983,True
0.925,120,458,1024,6467,809,34,843,6.5859375,6.3154296875,1725,0.2105712890625,194,0.11246376811594203,1107.21875,11.59375,17.688469292098997,0.5721667662652755,0.023681640625,0.2086528304687647,0.21938519453124172,809,820,1.0135970333745365,16,40.5440414507772,4,174,0.0,1109.3855185909981,749,783,6.1171875,0.22445399218750595,True
0.925,121,319,1024,5931,742,34,776,6.0625,5.7919921875,2261,0.2760009765625,209,0.09243697478991597,761.7421875,8.03515625,19.312723521156855,0.8597778364801496,0.0255126953125,0.2086528304687647,0.21938519453124172,742,753,1.0148247978436657,132,38.61538461538461,3,176,0.0,773.8333333333334,692,726,5.671875,0.22445399218750595,True
0.925,122,21496,1024,6057,758,34,792,6.1875,5.9150390625,2135,0.2606201171875,220,0.10304449648711944,699.61328125,10.009765625,19.68222315466019,0.7924067125125014,0.02685546875,0.2086528304687647,0.21938519453124172,758,769,1.0145118733509235,44,37.10502283105023,4,189,0.0,703.0461236506379,701,735,5.7421875,0.22445399218750595,True
0.925,123,20390,1024,5777,723,34,757,5.9140625,5.6416015625,2415,0.2947998046875,234,0.0968944099378882,1374.71875,13.703125,16.748665047502648,0.3967122547600371,0.028564453125,0.2086528304687647,0.21938519453124172,723,734,1.0152143845089903,338,33.48068669527897,3,204,0.0,1433.5152749490835,666,700,5.46875,0.22445399218750595,True
0.925,124,33691,1024,5815,727,34,761,5.9453125,5.6787109375,2377,0.2901611328125,99,0.041649137568363484,258.84375,3.421875,24.000426778288908,0.9043962722314024,0.0120849609375,0.2086528304687647,0.21938519453124172,727,738,1.015130674002751,203,74.27551020408163,3,88,0.0,265.3213213213213,636,670,5.234375,0.22445399218750595,True
0.925,125,33872,1024,7215,902,34,936,7.3125,7.0458984375,977,0.1192626953125,114,0.11668372569089049,907.5,8.625,18.552337271597604,0.6010437493710545,0.013916015625,0.2086528304687647,0.21938519453124172,902,913,1.0121951219512195,296,66.83185840707965,3,108,0.0,941.5197568389058,857,891,6.9609375,0.22445399218750595,True
0.925,126,46987,1024,5030,629,34,663,5.1796875,4.912109375,3162,0.385986328125,106,0.033523086654016446,563.859375,5.67578125,20.619095552472682,0.7041286222904514,0.012939453125,0.2086528304687647,0.21938519453124172,629,640,1.0174880763116056,181,72.2,2,95,0.0,576.2395209580839,559,593,4.6328125,0.22445399218750595,True
0.925,127,26772,1024,6318,790,34,824,6.4375,6.169921875,1874,0.228759765625,160,0.08537886872998933,935.3125,9.6953125,18.42123622347625,0.594584763109693,0.01953125,0.2086528304687647,0.21938519453124172,790,801,1.0139240506329115,498,46.088050314465406,3,151,0.0,995.5925155925156,748,782,6.109375,0.22445399218750595,True
0.925,128,7057,1024,5619,703,34,737,5.7578125,5.4873046875,2573,0.3140869140625,296,0.1150408083948698,1362.9775390625,13.7998046875,16.7859166185025,0.6365090642146777,0.0361328125,0.2086528304687647,0.21938519453124172,703,714,1.0156472261735419,99,27.301694915254238,3,247,0.0,1379.139328063241,647,681,5.3203125,0.22445399218750595,True
0.925,129,30014,1024,5987,749,34,783,6.1171875,5.8466796875,2205,0.2691650390625,161,0.07301587301587302,483.09375,6.109375,21.29048942007079,0.8715323300810489,0.0196533203125,0.2086528304687647,0.21938519453124172,749,760,1.014686248331108,18,50.75625,4,136,0.0,484.03913894324853,682,716,5.59375,0.22445399218750595,True
0.925,130,48237,1024,5787,724,34,758,5.921875,5.6513671875,2405,0.2935791015625,131,0.05446985446985447,355.90625,5.109375,22.617447462367007,0.6893677549876526,0.0159912109375,0.2086528304687647,0.21938519453124172,724,735,1.0151933701657458,377,59.41538461538462,3,108,0.0,373.0276356192426,673,707,5.5234375,0.22445399218750595,True
0.925,131,4823,1024,6061,758,34,792,6.1875,5.9189453125,2131,0.2601318359375,171,0.08024401689347724,711.328125,8.05078125,19.6101038038484,0.8669021888217885,0.0208740234375,0.2086528304687647,0.21938519453124172,758,769,1.0145118733509235,155,46.917647058823526,3,155,0.0,724.776119402985,699,733,5.7265625,0.22445399218750595,True
0.925,132,26627,1024,6556,820,34,854,6.671875,6.40234375,1636,0.19970703125,163,0.09963325183374083,792.4375,8.6015625,19.141153416822206,0.8210858025621945,0.0198974609375,0.2086528304687647,0.21938519453124172,820,831,1.0134146341463415,51,48.97530864197531,2,141,0.0,797.1080550098231,761,795,6.2109375,0.22445399218750595,True
0.925,133,12293,1024,7035,880,34,914,7.140625,6.8701171875,1157,0.1412353515625,106,0.09161624891961971,650.25,6.609375,20.0,0.8007932900985677,0.012939453125,0.2086528304687647,0.21938519453124172,880,891,1.0125,312,74.5904761904762,2,95,0.0,675.9959390862945,852,886,6.921875,0.22445399218750595,True
0.925,134,32803,1024,5578,698,34,732,5.71875,5.447265625,2614,0.319091796875,195,0.07459831675592961,269.0625,5.2578125,23.83227187734162,0.7336833754924532,0.0238037109375,0.2086528304687647,0.21938519453124172,698,709,1.015759312320917,34,40.49484536082474,3,173,0.0,270.11764705882354,649,683,5.3359375,0.22445399218750595,True
0.925,135,41882,1024,5114,640,34,674,5.265625,4.994140625,3078,0.375732421875,141,0.04580896686159844,282.078125,4.16015625,23.62710952699603,0.8799046366276446,0.0172119140625,0.2086528304687647,0.21938519453124172,640,651,1.0171875,532,53.24285714285714,4,116,0.0,301.5114822546973,564,598,4.671875,0.22445399218750595,True
0.925,136,10235,1024,6105,764,34,798,6.234375,5.9619140625,2087,0.2547607421875,155,0.07426928605654048,651.453125,6.86328125,19.991971891481338,0.5759594381419056,0.0189208984375,0.2086528304687647,0.21938519453124172,764,775,1.0143979057591623,531,49.35064935064935,3,121,0.0,696.3340292275574,717,751,5.8671875,0.22445399218750595,True
0.925,137,30033,1024,6438,805,34,839,6.5546875,6.287109375,1754,0.214111328125,119,0.06784492588369441,890.328125,8.26171875,18.635302681394414,0.7474030837693142,0.0145263671875,0.2086528304687647,0.21938519453124172,805,816,1.013664596273292,139,68.00847457627118,3,109,0.0,905.3584905660377,772,806,6.296875,0.22445399218750595,True
0.925,138,20042,1024,6671,834,34,868,6.78125,6.5146484375,1521,0.1856689453125,93,0.0611439842209073,436.3125,5.1796875,21.732827055174425,0.8188438269307432,0.0113525390625,0.2086528304687647,0.21938519453124172,834,845,1.013189448441247,33,84.55434782608695,3,82,0.0,438.0235294117647,780,814,6.359375,0.22445399218750595,True
0.925,139,29399,1024,6067,759,34,793,6.1953125,5.9248046875,2125,0.2593994140625,125,0.058823529411764705,645.8125,7.0078125,20.029739141346056,0.7003146683655044,0.0152587890625,0.2086528304687647,0.21938519453124172,759,770,1.0144927536231885,99,64.76612903225806,3,114,0.0,653.4703557312253,701,735,5.7421875,0.22445399218750595,True
0.925,140,6463,1024,7095,887,34,921,7.1953125,6.9287109375,1097,0.1339111328125,69,0.06289881494986327,389.75,4.140625,22.22294237007031,0.7839715258026632,0.0084228515625,0.2086528304687647,0.21938519453124172,887,898,1.012401352874859,378,107.19117647058823,2,63,0.0,408.4994882292733,857,891,6.9609375,0.22445399218750595,True
0.925,141,25920,1024,4765,596,34,630,4.921875,4.6533203125,3427,0.4183349609375,332,0.09687773562882988,1558.1875,16.0234375,16.204606448126068,0.555744301566818,0.04052734375,0.2086528304687647,0.21938519453124172,596,607,1.0184563758389262,349,23.48942598187311,4,289,0.0,1626.487257900102,554,588,4.59375,0.22445399218750595,True
0.925,142,10327,1024,6811,852,34,886,6.921875,6.6513671875,1381,0.1685791015625,409,0.2961622013034033,2947.0341796875,19.5029296875,13.436951880435728,0.780795252287603,0.0499267578125,0.2086528304687647,0.21938519453124172,852,863,1.0129107981220657,12,19.208333333333332,8,252,0.0,2949.9149560117303,829,863,6.7421875,0.22445399218750595,True
0.925,143,3805,1024,6180,773,34,807,6.3046875,6.03515625,2012,0.24560546875,209,0.10387673956262425,1092.625,11.0625,17.74609227623783,0.5413312734892223,0.0255126953125,0.2086528304687647,0.21938519453124172,773,784,1.0142302716688227,76,38.60576923076923,3,172,0.0,1102.3133004926108,737,771,6.0234375,0.22445399218750595,True
0.925,144,37879,1024,4233,530,34,564,4.40625,4.1337890625,3959,0.4832763671875,224,0.05657994443041172,462.44140625,5.759765625,21.48023647694181,0.8400380901830077,0.02734375,0.2086528304687647,0.21938519453124172,530,541,1.0207547169811322,220,35.403587443946186,3,185,0.0,474.9648946840522,434,468,3.65625,0.22445399218750595,True
0.925,145,22721,1024,5770,722,34,756,5.90625,5.634765625,2422,0.295654296875,194,0.08009909165978531,1294.00390625,12.111328125,17.011447735149357,0.4115228341996067,0.023681640625,0.2086528304687647,0.21938519453124172,722,733,1.0152354570637119,478,38.818652849740936,4,162,0.0,1373.1191709844559,647,681,5.3203125,0.22445399218750595,True
0.925,146,43932,1024,6313,790,34,824,6.4375,6.1650390625,1879,0.2293701171875,218,0.11601915912719532,1857.921875,14.66015625,15.440529127655864,0.894055377028517,0.026611328125,0.2086528304687647,0.21938519453124172,790,801,1.0139240506329115,35,37.11981566820276,2,181,0.0,1865.207843137255,743,777,6.0703125,0.22445399218750595,True
0.925,147,47270,1024,6702,838,34,872,6.8125,6.544921875,1490,0.181884765625,97,0.06510067114093959,622.8125,5.9765625,20.187230404873286,0.8277912605635671,0.0118408203125,0.2086528304687647,0.21938519453124172,838,849,1.0131264916467781,50,84.67708333333333,3,81,0.0,626.483300589391,788,822,6.421875,0.22445399218750595,True
0.925,148,11091,1024,5488,686,34,720,5.625,5.359375,2704,0.330078125,272,0.10059171597633136,689.2109375,9.41796875,19.74728199958715,0.6559204171595745,0.033203125,0.2086528304687647,0.21938519453124172,686,697,1.0160349854227406,17,29.505535055350553,4,218,0.0,690.559686888454,624,658,5.140625,0.22445399218750595,True
0.925,149,9736,1024,6265,784,34,818,6.390625,6.1181640625,1927,0.2352294921875,141,0.07317073170731707,738.25,7.703125,19.448769052307945,0.41926072896872313,0.0172119140625,0.2086528304687647,0.21938519453124172,784,795,1.0140306122448979,128,55.84285714285714,3,111,0.0,749.968253968254,739,773,6.0390625,0.22445399218750595,True
0.925,150,23206,1024,5402,676,34,710,5.546875,5.275390625,2790,0.340576171875,401,0.14372759856630823,1171.21875,15.125,17.44442344492772,0.39063272817128025,0.0489501953125,0.2086528304687647,0.21938519453124172,676,687,1.0162721893491125,29,20.3975,4,324,0.0,1174.6601371204702,630,664,5.1875,0.22445399218750595,True
0.925,151,25039,1024,7134,892,34,926,7.234375,6.966796875,1058,0.129150390625,133,0.12570888468809074,893.75,9.078125,18.618643060587733,0.6525045309051808,0.0162353515625,0.2086528304687647,0.21938519453124172,892,903,1.0123318385650224,400,58.25757575757576,3,120,0.0,939.6303901437371,863,897,7.0078125,0.22445399218750595,True
0.925,152,21014,1024,4910,614,34,648,5.0625,4.794921875,3282,0.400634765625,232,0.07068860450944546,797.1171875,6.498046875,19.115581873471378,0.7933728967701419,0.0283203125,0.2086528304687647,0.21938519453124172,614,625,1.017915309446254,87,34.489177489177486,3,197,0.0,804.9783037475345,574,608,4.75,0.22445399218750595,True
0.925,153,32412,1024,6837,855,34,889,6.9453125,6.6767578125,1355,0.1654052734375,171,0.12619926199261994,1224.5,11.59375,17.251215714071776,0.4826713911464488,0.0208740234375,0.2086528304687647,0.21938519453124172,855,866,1.0128654970760234,88,47.5,3,150,0.0,1237.796643632774,819,853,6.6640625,0.22445399218750595,True
0.925,154,34022,1024,4561,571,34,605,4.7265625,4.4541015625,3631,0.4432373046875,159,0.04378958964472597,326.1328125,4.29296875,22.996858651260546,0.7426223695102298,0.0194091796875,0.2086528304687647,0.21938519453124172,571,582,1.0192644483362523,397,48.45569620253165,4,134,0.0,342.5230769230769,502,536,4.1875,0.22445399218750595,True
0.925,155,21369,1024,5230,654,34,688,5.375,5.107421875,2962,0.361572265625,189,0.06380823767724511,830.0703125,8.16015625,18.93965479290142,0.6698603182093149,0.0230712890625,0.2086528304687647,0.21938519453124172,654,665,1.0168195718654434,990,32.82446808510638,3,155,0.0,943.3873473917869,586,620,4.84375,0.22445399218750595,True
0.925,156,41654,1024,6378,798,34,832,6.5,6.228515625,1814,0.221435546875,261,0.14388092613009923,2015.265625,16.51171875,15.087480638057396,0.501155156110736,0.0318603515625,0.2086528304687647,0.21938519453124172,798,809,1.0137844611528821,58,31.26153846153846,3,215,0.0,2029.1366764995084,746,780,6.09375,0.22445399218750595,True
0.925,157,11953,1024,6145,769,34,803,6.2734375,6.0009765625,2047,0.2498779296875,193,0.09428431851489985,667.396484375,7.373046875,19.886964462634896,0.7240170415069507,0.0235595703125,0.2086528304687647,0.21938519453124172,769,780,1.0143042912873863,55,42.265625,5,155,0.0,671.3300589390963,718,752,5.875,0.22445399218750595,True
0.925,158,13700,1024,5949,744,34,778,6.078125,5.8095703125,2243,0.2738037109375,140,0.06241640659830584,430.890625,5.10546875,21.78713315735356,0.864289596975866,0.01708984375,0.2086528304687647,0.21938519453124172,744,755,1.0147849462365592,104,57.8705035971223,3,100,0.0,436.43125618199804,676,710,5.546875,0.22445399218750595,True
0.925,159,38205,1024,5150,644,34,678,5.296875,5.029296875,3042,0.371337890625,167,0.05489809335963182,367.734375,4.62109375,22.475461322091796,0.9037997360076504,0.0203857421875,0.2086528304687647,0.21938519453124172,644,655,1.0170807453416149,107,47.36746987951807,3,130,0.0,372.46290801186944,577,611,4.7734375,0.22445399218750595,True
0.925,160,40129,1024,5465,684,34,718,5.609375,5.3369140625,2727,0.3328857421875,77,0.028236156949028236,114.1875,2.2890625,27.55461796171297,0.8259301524524431,0.0093994140625,0.2086528304687647,0.21938519453124172,684,695,1.0160818713450293,339,94.21052631578948,2,68,0.0,119.07128309572302,609,643,5.0234375,0.22445399218750595,True
0.925,161,17080,1024,4983,623,34,657,5.1328125,4.8662109375,3209,0.3917236328125,248,0.07728264256777813,505.85546875,7.08984375,21.090539114007804,0.7539399723358994,0.0302734375,0.2086528304687647,0.21938519453124172,623,634,1.0176565008025682,734,30.016194331983804,6,192,0.0,555.1939978563772,573,607,4.7421875,0.22445399218750595,True
0.925,162,1505,1024,6513,815,34,849,6.6328125,6.3603515625,1679,0.2049560546875,176,0.10482430017867779,1061.015625,9.69140625,17.873585813008642,0.7425629545938169,0.021484375,0.2086528304687647,0.21938519453124172,815,826,1.0134969325153373,69,44.36571428571428,3,151,0.0,1069.3700787401574,771,805,6.2890625,0.22445399218750595,True
0.925,163,36391,1024,6677,835,34,869,6.7890625,6.5205078125,1515,0.1849365234375,143,0.09438943894389439,1034.5625,10.2734375,17.983236284710785,0.7921959356879188,0.0174560546875,0.2086528304687647,0.21938519453124172,835,846,1.0131736526946107,34,55.83098591549296,2,137,0.0,1038.6196078431371,781,815,6.3671875,0.22445399218750595,True
0.925,164,24660,1024,6425,804,34,838,6.546875,6.2744140625,1767,0.2156982421875,194,0.10979060554612337,956.4375,10.3359375,18.324237652729856,0.509361866886441,0.023681640625,0.2086528304687647,0.21938519453124172,804,815,1.013681592039801,240,41.015544041450774,3,164,0.0,985.3038229376258,756,790,6.171875,0.22445399218750595,True
0.925,165,24061,1024,5460,683,34,717,5.6015625,5.33203125,2732,0.33349609375,263,0.09626647144948755,1019.7265625,10.4765625,18.045966286330255,0.6310089543748869,0.0321044921875,0.2086528304687647,0.21938519453124172,683,694,1.0161054172767203,68,29.408396946564885,4,231,0.0,1027.755905511811,618,652,5.09375,0.22445399218750595,True
0.925,166,10964,1024,4902,613,34,647,5.0546875,4.787109375,3290,0.401611328125,178,0.05410334346504559,342.40625,5.1328125,22.785386775387906,0.7528996627294525,0.021728515625,0.2086528304687647,0.21938519453124172,613,624,1.0179445350734095,245,40.259887005649716,4,143,0.0,352.7404426559356,555,589,4.6015625,0.22445399218750595,True
0.925,167,20807,1024,6821,853,34,887,6.9296875,6.6611328125,1371,0.1673583984375,137,0.099927060539752,1132.9375,10.5390625,17.588744087748626,0.7132820922485779,0.0167236328125,0.2086528304687647,0.21938519453124172,853,864,1.0128956623681125,9,60.125,2,132,0.0,1134.0449657869012,803,837,6.5390625,0.22445399218750595,True
0.925,168,33388,1024,7170,897,34,931,7.2734375,7.001953125,1022,0.124755859375,121,0.11839530332681017,811.5625,8.0703125,19.037583895585136,0.7953213573132373,0.0147705078125,0.2086528304687647,0.21938519453124172,897,908,1.0122630992196209,177,66.34166666666667,3,109,0.0,829.38123752495,856,890,6.953125,0.22445399218750595,True
0.925,169,34571,1024,5974,747,34,781,6.1015625,5.833984375,2218,0.270751953125,161,0.07258791704238052,718.2861328125,7.4892578125,19.567828788159908,0.8990230246035669,0.0196533203125,0.2086528304687647,0.21938519453124172,747,758,1.0147255689424364,93,49.75,3,141,0.0,726.0858835143139,700,734,5.734375,0.22445399218750595,True
0.925,170,21194,1024,6508,814,34,848,6.625,6.35546875,1684,0.20556640625,102,0.060570071258907364,490.1875,5.4921875,21.227181285137444,0.6356706862952648,0.012451171875,0.2086528304687647,0.21938519453124172,814,825,1.0135135135135136,18,80.88118811881188,2,88,0.0,491.146771037182,764,798,6.234375,0.22445399218750595,True
0.925,171,32696,1024,6196,775,34,809,6.3203125,6.05078125,1996,0.24365234375,159,0.07965931863727455,544.0625,6.5859375,20.774315680704852,0.8243390937825474,0.0194091796875,0.2086528304687647,0.21938519453124172,775,786,1.0141935483870967,9,51.40506329113924,3,133,0.0,544.594330400782,710,744,5.8125,0.22445399218750595,True
0.925,172,46005,1024,3663,458,34,492,3.84375,3.5771484375,4529,0.5528564453125,302,0.06668138661956281,90.919921875,2.900390625,28.544213069921764,0.7181745145454665,0.036865234375,0.2086528304687647,0.21938519453124172,458,469,1.0240174672489082,494,25.239202657807308,6,238,0.0,96.6791277258567,426,460,3.59375,0.22445399218750595,True
0.925,173,19269,1024,4111,514,34,548,4.28125,4.0146484375,4081,0.4981689453125,212,0.05194805194805195,591.484375,6.39453125,20.411370843315325,0.5869985700492967,0.02587890625,0.2086528304687647,0.21938519453124172,514,525,1.0214007782101167,98,36.55924170616114,4,168,0.0,598.498023715415,448,482,3.765625,0.22445399218750595,True
0.925,174,5503,1024,7119,890,34,924,7.21875,6.9521484375,1073,0.1309814453125,106,0.09878844361602983,863.75,8.015625,18.766923004856555,0.8505532718360592,0.012939453125,0.2086528304687647,0.21938519453124172,890,901,1.0123595505617977,240,75.36190476190477,2,100,0.0,889.8189134808853,857,891,6.9609375,0.22445399218750595,True
0.925,175,32979,1024,5793,725,34,759,5.9296875,5.6572265625,2399,0.2928466796875,256,0.1067111296373489,2194.1875,19.125,14.718066242581935,0.7231496002690346,0.03125,0.2086528304687647,0.21938519453124172,725,736,1.0151724137931035,9,32.03529411764706,4,231,0.0,2196.332355816227,657,691,5.3984375,0.22445399218750595,True
0.925,176,32764,1024,6808,851,34,885,6.9140625,6.6484375,1384,0.1689453125,128,0.09248554913294797,702.5,7.53125,19.664340322907925,0.7519663950576047,0.015625,0.2086528304687647,0.21938519453124172,851,862,1.0129259694477086,128,63.32283464566929,3,120,0.0,713.6507936507936,799,833,6.5078125,0.22445399218750595,True
0.925,177,36396,1024,5513,690,34,724,5.65625,5.3837890625,2679,0.3270263671875,138,0.051511758118701005,153.09375,2.875,26.281228997314855,0.7625034878064147,0.016845703125,0.2086528304687647,0.21938519453124172,690,701,1.0159420289855072,308,56.52554744525548,4,95,0.0,158.99391480730222,617,651,5.0859375,0.22445399218750595,True
0.925,178,16139,1024,3337,418,34,452,3.53125,3.2587890625,4855,0.5926513671875,528,0.10875386199794027,563.923828125,8.4765625,20.61859915145373,0.7298913591673212,0.064453125,0.2086528304687647,0.21938519453124172,418,429,1.0263157894736843,1037,13.565464895635674,4,380,0.0,645.204469273743,366,400,3.125,0.22445399218750595,True
0.925,179,32110,1024,4933,617,34,651,5.0859375,4.8173828125,3259,0.3978271484375,304,0.09328014728444307,809.33984375,8.408203125,19.049494396588244,0.7953008132076977,0.037109375,0.2086528304687647,0.21938519453124172,617,628,1.0178282009724473,173,26.36963696369637,5,218,0.0,826.2851445663011,582,616,4.8125,0.22445399218750595,True
0.925,180,37930,1024,5992,749,34,783,6.1171875,5.8515625,2200,0.2685546875,179,0.08136363636363636,553.52734375,7.419921875,20.699412813687573,0.755311213494591,0.0218505859375,0.2086528304687647,0.21938519453124172,749,760,1.014686248331108,116,42.325842696629216,4,152,0.0,561.2,696,730,5.703125,0.22445399218750595,True
0.925,181,5624,1024,6646,831,34,865,6.7578125,6.490234375,1546,0.188720703125,110,0.07115135834411385,716.765625,6.76953125,19.577031918237648,0.7623774059864593,0.013427734375,0.2086528304687647,0.21938519453124172,831,842,1.01323706377858,659,68.68807339449542,3,92,0.0,779.1592356687898,772,806,6.296875,0.22445399218750595,True
0.925,182,37946,1024,5986,749,34,783,6.1171875,5.845703125,2206,0.269287109375,167,0.0757026291931097,1138.21875,10.6796875,17.56854625356925,0.5892426251069532,0.0203857421875,0.2086528304687647,0.21938519453124172,749,760,1.014686248331108,181,46.48795180722892,2,148,0.0,1163.2095808383233,668,702,5.484375,0.22445399218750595,True
0.925,183,6616,1024,6880,860,34,894,6.984375,6.71875,1312,0.16015625,117,0.08917682926829268,724.4375,7.5234375,19.530794376942133,0.751932146902736,0.0142822265625,0.2086528304687647,0.21938519453124172,860,871,1.0127906976744185,18,70.35344827586206,2,111,0.0,725.8551859099804,820,854,6.671875,0.22445399218750595,True
0.925,184,11706,1024,6044,756,34,790,6.171875,5.90234375,2148,0.26220703125,236,0.10986964618249534,1640.81640625,14.560546875,15.980203710476895,0.6686972942909185,0.02880859375,0.2086528304687647,0.21938519453124172,756,767,1.0145502645502646,203,33.96170212765958,3,207,0.0,1681.8778778778778,718,752,5.875,0.22445399218750595,True
0.925,185,10558,1024,5602,701,34,735,5.7421875,5.470703125,2590,0.316162109375,206,0.07953667953667953,859.9931640625,7.1357421875,18.78585361742638,0.9401514654711993,0.025146484375,0.2086528304687647,0.21938519453124172,701,712,1.0156918687589158,108,37.40487804878049,8,145,0.0,871.051434223541,639,673,5.2578125,0.22445399218750595,True
0.925,186,18351,1024,4328,541,34,575,4.4921875,4.2265625,3864,0.4716796875,597,0.1545031055900621,1936.626953125,17.427734375,15.260343889883831,0.6786853179318616,0.0728759765625,0.2086528304687647,0.21938519453124172,541,552,1.0203327171903882,71,13.59731543624161,7,397,0.0,1951.8759842519685,501,535,4.1796875,0.22445399218750595,True
0.925,187,15023,1024,6006,751,34,785,6.1328125,5.865234375,2186,0.266845703125,239,0.10933211344922232,1216.470703125,11.734375,17.279787068072885,0.5688434241706577,0.0291748046875,0.2086528304687647,0.21938519453124172,751,762,1.014647137150466,239,32.390756302521005,3,220,0.0,1251.9256281407036,677,711,5.5546875,0.22445399218750595,True
0.925,188,9490,1024,5597,700,34,734,5.734375,5.4658203125,2595,0.3167724609375,142,0.054720616570327556,357.03125,5.1796875,22.603741304459284,0.7029823995866077,0.017333984375,0.2086528304687647,0.21938519453124172,700,711,1.0157142857142858,275,56.11347517730496,2,127,0.0,369.2929292929293,623,657,5.1328125,0.22445399218750595,True
0.925,189,6355,1024,5770,722,34,756,5.90625,5.634765625,2422,0.295654296875,239,0.09867877786952932,1222.5625,13.0234375,17.25809290445428,0.6568593379144099,0.0291748046875,0.2086528304687647,0.21938519453124172,722,733,1.0152354570637119,8,34.02100840336134,3,206,0.0,1223.7575757575758,667,701,5.4765625,0.22445399218750595,True
0.925,190,8857,1024,3822,478,34,512,4.0,3.732421875,4370,0.533447265625,167,0.03821510297482838,573.81640625,5.998046875,20.5430739966622,0.5701091259666289,0.0203857421875,0.2086528304687647,0.21938519453124172,478,489,1.0230125523012552,2325,28.58433734939759,4,132,0.0,800.5286103542235,397,431,3.3671875,0.22445399218750595,True
0.925,191,31811,1024,5359,670,34,704,5.5,5.2333984375,2833,0.3458251953125,271,0.09565831274267561,1850.984375,17.44140625,15.456776081765518,0.5786879977150492,0.0330810546875,0.2086528304687647,0.21938519453124172,670,681,1.016417910447761,212,26.514814814814816,3,247,0.0,1899.2064128256513,613,647,5.0546875,0.22445399218750595,True
0.925,192,10400,1024,6646,831,34,865,6.7578125,6.490234375,1546,0.188720703125,85,0.054980595084087966,419.5625,4.3359375,21.902836963389145,0.6617595798140341,0.0103759765625,0.2086528304687647,0.21938519453124172,831,842,1.01323706377858,162,92.95238095238095,3,69,0.0,427.9203187250996,774,808,6.3125,0.22445399218750595,True
0.925,193,275,1024,6035,755,34,789,6.1640625,5.8935546875,2157,0.2633056640625,116,0.05377839592025962,420.5625,5.2578125,21.89249815221205,0.8457310201492699,0.01416015625,0.2086528304687647,0.21938519453124172,755,766,1.014569536423841,25,68.2,3,101,0.0,421.79823702252696,686,720,5.625,0.22445399218750595,True
0.925,194,26152,1024,5501,688,34,722,5.640625,5.3720703125,2691,0.3284912109375,512,0.1902638424377555,1409.9794921875,14.5673828125,16.638675648753498,0.6982646144254425,0.0625,0.2086528304687647,0.21938519453124172,688,699,1.0159883720930232,287,15.46183953033268,6,330,0.0,1459.8776541961577,672,706,5.515625,0.22445399218750595,True
0.925,195,13037,1024,4832,604,34,638,4.984375,4.71875,3360,0.41015625,149,0.0443452380952381,654.1748046875,6.5791015625,19.97386547456054,0.806464149673754,0.0181884765625,0.2086528304687647,0.21938519453124172,604,615,1.0182119205298013,839,46.12837837837838,4,123,0.0,728.125,554,588,4.59375,0.22445399218750595,True
0.925,196,41203,1024,6731,842,34,876,6.84375,6.5732421875,1461,0.1783447265625,147,0.10061601642710473,992.875,10.03125,18.16185785310463,0.63612253779129,0.0179443359375,0.2086528304687647,0.21938519453124172,842,853,1.013064133016627,52,55.71232876712329,3,129,0.0,998.7269155206287,805,839,6.5546875,0.22445399218750595,True
0.925,197,43709,1024,4883,611,34,645,5.0390625,4.7685546875,3309,0.4039306640625,179,0.05409489271683288,320.515625,4.28515625,23.07231154826262,0.7666565824475806,0.0218505859375,0.2086528304687647,0.21938519453124172,611,622,1.0180032733224222,67,45.57865168539326,4,141,0.0,323.03937007874015,547,581,4.5390625,0.22445399218750595,True
0.925,198,43572,1024,6134,767,34,801,6.2578125,5.990234375,2058,0.251220703125,137,0.06656948493683187,615.171875,6.58984375,20.240838890997583,0.7492388414197115,0.0167236328125,0.2086528304687647,0.21938519453124172,767,778,1.014341590612777,20,59.330882352941174,3,112,0.0,616.3757338551859,701,735,5.7421875,0.22445399218750595,True
0.925,199,23390,1024,6432,804,34,838,6.546875,6.28125,1760,0.21484375,98,0.05568181818181818,517.328125,5.39453125,20.993142710142685,0.8862229885451686,0.011962890625,0.2086528304687647,0.21938519453124172,804,815,1.013681592039801,475,77.42268041237114,3,78,0.0,548.9575129533679,753,787,6.1484375,0.22445399218750595,True
0.95,0,712,1024,6890,862,34,896,7.0,6.728515625,1302,0.158935546875,61,0.04685099846390169,450.0,4.5,21.598678470925666,0.908677247971223,0.0074462890625,0.2086528304687647,0.21938519453124172,862,873,1.0127610208816706,168,128.93333333333334,2,53,0.0,459.42173479561313,754,788,6.15625,0.22445399218750595,True
0.95,1,24774,1024,6385,799,34,833,6.5078125,6.2353515625,1807,0.2205810546875,123,0.06806862202545656,500.26953125,5.888671875,21.13876307740538,0.8519226105731251,0.0150146484375,0.2086528304687647,0.21938519453124172,799,810,1.0137672090112642,363,61.49180327868852,4,107,0.0,523.2645556690501,713,747,5.8359375,0.22445399218750595,True
0.95,2,45142,1024,7075,885,34,919,7.1796875,6.9091796875,1117,0.1363525390625,55,0.049239033124440466,461.0,4.59375,21.493794354782622,0.7416378963659932,0.0067138671875,0.2086528304687647,0.21938519453124172,885,896,1.0124293785310734,561,133.77777777777777,2,53,0.0,494.82599580712787,827,861,6.7265625,0.22445399218750595,True
0.95,3,27119,1024,4783,598,34,632,4.9375,4.6708984375,3409,0.4161376953125,184,0.053974772660604284,537.5908203125,5.2626953125,20.82628516599047,0.9344680314704833,0.0224609375,0.2086528304687647,0.21938519453124172,598,609,1.0183946488294315,12,44.69398907103825,5,138,0.0,538.1163245356794,538,572,4.46875,0.22445399218750595,True
0.95,4,21139,1024,6097,763,34,797,6.2265625,5.9541015625,2095,0.2557373046875,72,0.03436754176610979,476.625,4.640625,21.349035425861835,0.8035498308786495,0.0087890625,0.2086528304687647,0.21938519453124172,763,774,1.0144167758846658,700,101.6056338028169,2,67,0.0,520.8794023479189,664,698,5.453125,0.22445399218750595,True
0.95,5,19129,1024,6218,778,34,812,6.34375,6.072265625,1974,0.240966796875,71,0.03596757852077001,117.375,2.328125,27.43504755593743,0.9143844853018069,0.0086669921875,0.2086528304687647,0.21938519453124172,778,789,1.0141388174807198,138,111.54285714285714,3,62,0.0,119.35650446871897,691,725,5.6640625,0.22445399218750595,True
0.95,6,6433,1024,5545,694,34,728,5.6875,5.4150390625,2647,0.3231201171875,137,0.051756705704571214,441.046875,5.01953125,21.685956115996454,0.6345341131809697,0.0167236328125,0.2086528304687647,0.21938519453124172,694,705,1.015850144092219,948,51.294117647058826,4,107,0.0,498.49006622516555,619,653,5.1015625,0.22445399218750595,True
0.95,7,38854,1024,6571,822,34,856,6.6875,6.4169921875,1621,0.1978759765625,41,0.025293028994447873,260.0,2.46875,23.981070128970924,0.906726974498893,0.0050048828125,0.2086528304687647,0.21938519453124172,822,833,1.0133819951338199,48,182.875,2,37,0.0,261.53241650294694,720,754,5.890625,0.22445399218750595,True
0.95,8,22489,1024,6600,825,34,859,6.7109375,6.4453125,1592,0.1943359375,113,0.07097989949748744,1303.0625,10.9296875,16.981151141851363,0.8377596056572124,0.0137939453125,0.2086528304687647,0.21938519453124172,825,836,1.0133333333333334,74,68.9375,2,109,0.0,1314.616748768473,727,761,5.9453125,0.22445399218750595,True
0.95,9,31104,1024,5775,722,34,756,5.90625,5.6396484375,2417,0.2950439453125,126,0.05213074058750517,597.9453125,6.50390625,20.364188952165296,0.727240758941161,0.015380859375,0.2086528304687647,0.21938519453124172,722,733,1.0152354570637119,114,56.76,3,112,0.0,606.2336633663366,628,662,5.171875,0.22445399218750595,True
0.95,10,21349,1024,6783,848,34,882,6.890625,6.6240234375,1409,0.1719970703125,35,0.0248403122782115,137.0,1.71875,26.763597937115037,0.9412378228991319,0.0042724609375,0.2086528304687647,0.21938519453124172,848,859,1.0129716981132075,72,230.85294117647058,3,26,0.0,138.21477832512315,767,801,6.2578125,0.22445399218750595,True
0.95,11,29116,1024,6137,768,34,802,6.265625,5.9931640625,2055,0.2508544921875,73,0.035523114355231145,378.53125,3.515625,22.349786219662132,0.9295505261125939,0.0089111328125,0.2086528304687647,0.21938519453124172,768,779,1.0143229166666667,140,105.5,3,59,0.0,384.9215491559086,672,706,5.515625,0.22445399218750595,True
0.95,12,10772,1024,7165,896,34,930,7.265625,6.9970703125,1027,0.1253662109375,62,0.06037000973709834,526.5,5.125,20.916819853464048,0.8759483178345505,0.007568359375,0.2086528304687647,0.21938519453124172,896,907,1.0122767857142858,24,129.59016393442624,2,61,0.0,528.047012732615,832,866,6.765625,0.22445399218750595,True
0.95,13,18332,1024,7034,880,34,914,7.140625,6.869140625,1158,0.141357421875,55,0.047495682210708115,332.75,3.453125,22.909622967211977,0.8626555840239492,0.0067138671875,0.2086528304687647,0.21938519453124172,880,891,1.0125,800,115.70370370370371,2,50,0.0,368.76190476190476,793,827,6.4609375,0.22445399218750595,True
0.95,14,1003,1024,6929,867,34,901,7.0390625,6.7666015625,1263,0.1541748046875,105,0.0831353919239905,556.5,6.28125,20.67615192197183,0.7694069589626403,0.0128173828125,0.2086528304687647,0.21938519453124172,867,878,1.0126874279123415,187,75.91346153846153,3,93,0.0,569.2867132867133,790,824,6.4375,0.22445399218750595,True
0.95,15,22156,1024,6777,848,34,882,6.890625,6.6181640625,1415,0.1727294921875,35,0.024734982332155476,165.3125,1.8671875,25.947746671526307,0.9051143171831398,0.0042724609375,0.2086528304687647,0.21938519453124172,848,859,1.0129716981132075,65,233.47058823529412,1,35,0.0,166.61417322834646,767,801,6.2578125,0.22445399218750595,True
0.95,16,26453,1024,6084,761,34,795,6.2109375,5.94140625,2108,0.25732421875,80,0.03795066413662239,749.125,6.875,19.38526070163369,0.6990711270428546,0.009765625,0.2086528304687647,0.21938519453124172,761,772,1.014454664914586,36,82.40506329113924,1,80,0.0,752.0627450980393,678,712,5.5625,0.22445399218750595,True
0.95,17,17039,1024,6490,812,34,846,6.609375,6.337890625,1702,0.207763671875,35,0.020564042303172738,63.0625,1.2734375,30.133091772869246,0.9760929008522106,0.0042724609375,0.2086528304687647,0.21938519453124172,812,823,1.0135467980295567,250,228.47058823529412,3,31,0.0,65.03121852970796,702,736,5.75,0.22445399218750595,True
0.95,18,7166,1024,6544,818,34,852,6.65625,6.390625,1648,0.201171875,312,0.18932038834951456,1509.125,16.625,16.34355147227574,0.6116937341694632,0.0380859375,0.2086528304687647,0.21938519453124172,818,829,1.0134474327628362,218,25.617363344051448,4,255,0.0,1549.9939819458375,725,759,5.9296875,0.22445399218750595,True
0.95,19,48310,1024,6080,760,34,794,6.203125,5.9375,2112,0.2578125,97,0.045928030303030304,553.296875,5.81640625,20.701221435257775,0.8543074999069054,0.0118408203125,0.2086528304687647,0.21938519453124172,760,771,1.0144736842105264,244,80.0625,2,86,0.0,569.9959758551308,656,690,5.390625,0.22445399218750595,True
0.95,20,12187,1024,5343,668,34,702,5.484375,5.2177734375,2849,0.3477783203125,115,0.040365040365040364,630.609375,6.36328125,20.133199379376244,0.7105833835884124,0.0140380859375,0.2086528304687647,0.21938519453124172,668,679,1.0164670658682635,1276,58.81578947368421,3,98,0.0,746.5248554913295,573,607,4.7421875,0.22445399218750595,True
0.95,21,20284,1024,5440,680,34,714,5.578125,5.3125,2752,0.3359375,98,0.03561046511627907,401.625,4.53125,22.09259622308336,0.7971568595192131,0.011962890625,0.2086528304687647,0.21938519453124172,680,691,1.0161764705882352,147,82.3917525773196,3,88,0.0,408.8111332007952,583,617,4.8203125,0.22445399218750595,True
0.95,22,1052,1024,6748,844,34,878,6.859375,6.58984375,1444,0.17626953125,83,0.0574792243767313,695.5,6.375,19.70783226539845,0.9079197286343671,0.0101318359375,0.2086528304687647,0.21938519453124172,844,855,1.0130331753554502,34,95.60975609756098,2,76,0.0,698.2274509803922,748,782,6.109375,0.22445399218750595,True
0.95,23,13752,1024,4669,584,34,618,4.828125,4.5595703125,3523,0.4300537109375,76,0.02157252341754187,181.82421875,2.208984375,25.53428630667573,0.8214329299193461,0.00927734375,0.2086528304687647,0.21938519453124172,584,595,1.018835616438356,454,91.81333333333333,2,59,0.0,192.34297520661158,487,521,4.0703125,0.22445399218750595,True
0.95,24,37139,1024,6518,815,34,849,6.6328125,6.365234375,1674,0.204345703125,51,0.03046594982078853,241.0,2.625,24.31063318293042,0.905832213688429,0.0062255859375,0.2086528304687647,0.21938519453124172,815,826,1.0134969325153373,44,150.5,3,46,0.0,242.18253189401375,708,742,5.796875,0.22445399218750595,True
0.95,25,29727,1024,7378,923,34,957,7.4765625,7.205078125,814,0.099365234375,28,0.0343980343980344,170.75,1.859375,25.8071964851434,0.9692578871777681,0.00341796875,0.2086528304687647,0.21938519453124172,923,934,1.0119176598049837,321,276.1111111111111,1,28,0.0,177.6910569105691,842,876,6.84375,0.22445399218750595,True
0.95,26,41854,1024,6366,796,34,830,6.484375,6.216796875,1826,0.222900390625,30,0.01642935377875137,63.5625,1.1796875,30.098793906010904,0.9345342684583565,0.003662109375,0.2086528304687647,0.21938519453124172,796,807,1.013819095477387,4305,113.6896551724138,2,26,0.0,133.92592592592592,683,717,5.6015625,0.22445399218750595,True
0.95,27,40333,1024,7145,894,34,928,7.25,6.9775390625,1047,0.1278076171875,54,0.05157593123209169,356.625,3.640625,22.608685762027775,0.8930910693518921,0.006591796875,0.2086528304687647,0.21938519453124172,894,905,1.012304250559284,8,151.56603773584905,2,53,0.0,356.9736070381232,819,853,6.6640625,0.22445399218750595,True
0.95,28,33248,1024,5529,692,34,726,5.671875,5.3994140625,2663,0.3250732421875,122,0.04581299286518964,274.3505859375,3.4033203125,23.747744688010894,0.923489496057607,0.014892578125,0.2086528304687647,0.21938519453124172,692,703,1.0158959537572254,375,62.37190082644628,5,87,0.0,287.2546012269939,593,627,4.8984375,0.22445399218750595,True
0.95,29,9680,1024,6788,849,34,883,6.8984375,6.62890625,1404,0.17138671875,65,0.046296296296296294,541.25,4.921875,20.796824515064888,0.8941202646879459,0.0079345703125,0.2086528304687647,0.21938519453124172,849,860,1.0129564193168434,17,124.765625,2,61,0.0,542.3091976516635,749,783,6.1171875,0.22445399218750595,True
0.95,30,16805,1024,6941,868,34,902,7.046875,6.7783203125,1251,0.1527099609375,41,0.032773780975219824,212.25,2.515625,24.8623266195192,0.8907187823912692,0.0050048828125,0.2086528304687647,0.21938519453124172,868,879,1.012672811059908,58,202.2,2,38,0.0,213.7109144542773,794,828,6.46875,0.22445399218750595,True
0.95,31,14652,1024,5801,726,34,760,5.9375,5.6650390625,2391,0.2918701171875,76,0.03178586365537432,652.375,5.59375,19.985830510043936,0.6180341356679336,0.00927734375,0.2086528304687647,0.21938519453124172,726,737,1.0151515151515151,1816,81.73333333333333,5,59,0.0,838.1831869510665,617,651,5.0859375,0.22445399218750595,True
0.95,32,15793,1024,5970,747,34,781,6.1015625,5.830078125,2222,0.271240234375,46,0.020702070207020702,113.375,1.625,27.585630607997587,0.9054534336164811,0.005615234375,0.2086528304687647,0.21938519453124172,747,758,1.0147255689424364,243,164.37777777777777,2,45,0.0,116.79678068410463,633,667,5.2109375,0.22445399218750595,True
0.95,33,30210,1024,5100,638,34,672,5.25,4.98046875,3092,0.37744140625,140,0.045278137128072445,158.421875,2.69921875,26.132652117971062,0.8913556480737247,0.01708984375,0.2086528304687647,0.21938519453124172,638,649,1.0172413793103448,35,54.84892086330935,3,120,0.0,159.04313725490195,529,563,4.3984375,0.22445399218750595,True
0.95,34,47426,1024,6699,838,34,872,6.8125,6.5419921875,1493,0.1822509765625,67,0.044876088412592094,590.0625,5.2109375,20.42182345890952,0.8834333906550773,0.0081787109375,0.2086528304687647,0.21938519453124172,838,849,1.0131264916467781,43,110.65151515151516,2,64,0.0,592.9578017664377,758,792,6.1875,0.22445399218750595,True
0.95,35,20875,1024,6525,816,34,850,6.640625,6.3720703125,1667,0.2034912109375,59,0.03539292141571686,297.875,2.9375,23.390463055133978,0.9102119543363977,0.0072021484375,0.2086528304687647,0.21938519453124172,816,827,1.0134803921568627,1073,122.62068965517241,2,50,0.0,342.723595505618,710,744,5.8125,0.22445399218750595,True
0.95,36,4161,1024,6838,855,34,889,6.9453125,6.677734375,1354,0.165283203125,69,0.05096011816838995,555.5,5.28125,20.683962975910237,0.8037758466811998,0.0084228515625,0.2086528304687647,0.21938519453124172,855,866,1.0128654970760234,74,116.73529411764706,2,68,0.0,560.4256157635468,759,793,6.1953125,0.22445399218750595,True
0.95,37,40340,1024,6103,763,34,797,6.2265625,5.9599609375,2089,0.2550048828125,101,0.04834849210148397,275.71875,4.0859375,23.726140599610844,0.8229370733275034,0.0123291015625,0.2086528304687647,0.21938519453124172,763,774,1.0144167758846658,205,75.16,3,85,0.0,282.6186186186186,685,719,5.6171875,0.22445399218750595,True
0.95,38,28286,1024,6738,843,34,877,6.8515625,6.580078125,1454,0.177490234375,60,0.04126547455295736,217.5625,2.8359375,24.754963202395466,0.9304128238767989,0.00732421875,0.2086528304687647,0.21938519453124172,843,854,1.0130486358244366,27,134.79661016949152,2,55,0.0,218.20176297747307,749,783,6.1171875,0.22445399218750595,True
0.95,39,13256,1024,7078,885,34,919,7.1796875,6.912109375,1114,0.135986328125,55,0.04937163375224417,392.25,3.890625,22.195174086089363,0.8298010765065938,0.0067138671875,0.2086528304687647,0.21938519453124172,885,896,1.0124293785310734,19,130.64814814814815,2,50,0.0,393.01761252446187,816,850,6.640625,0.22445399218750595,True
0.95,40,48934,1024,6611,827,34,861,6.7265625,6.4560546875,1581,0.1929931640625,77,0.048703352308665404,482.0,4.703125,21.300333226290608,0.8830272206846532,0.0093994140625,0.2086528304687647,0.21938519453124172,827,838,1.0133010882708586,570,100.22368421052632,2,72,0.0,517.909758656873,759,793,6.1953125,0.22445399218750595,True
0.95,41,11935,1024,5694,712,34,746,5.828125,5.560546875,2498,0.304931640625,83,0.03322658126501201,435.078125,4.46484375,21.745131126260198,0.7731207269930253,0.0101318359375,0.2086528304687647,0.21938519453124172,712,723,1.0154494382022472,275,96.51219512195122,3,65,0.0,450.020202020202,620,654,5.109375,0.22445399218750595,True
0.95,42,48447,1024,6943,868,34,902,7.046875,6.7802734375,1249,0.1524658203125,39,0.03122497998398719,168.25,1.890625,25.87125287971896,0.9019350005575448,0.0047607421875,0.2086528304687647,0.21938519453124172,868,879,1.012672811059908,312,202.1315789473684,2,29,0.0,174.91167512690356,780,814,6.359375,0.22445399218750595,True
0.95,43,15492,1024,7504,938,34,972,7.59375,7.328125,688,0.083984375,38,0.055232558139534885,309.0,3.09375,23.231218814430758,0.8993625842809654,0.004638671875,0.2086528304687647,0.21938519453124172,938,949,1.011727078891258,441,185.94594594594594,1,38,0.0,326.5386996904025,882,916,7.15625,0.22445399218750595,True
0.95,44,32513,1024,6974,872,34,906,7.078125,6.810546875,1218,0.148681640625,41,0.03366174055829228,287.5,2.9375,23.544425118422613,0.8905332351303661,0.0050048828125,0.2086528304687647,0.21938519453124172,872,883,1.0126146788990826,425,185.6,1,41,0.0,303.1925849639547,796,830,6.484375,0.22445399218750595,True
0.95,45,36099,1024,6201,776,34,810,6.328125,6.0556640625,1991,0.2430419921875,109,0.05474635861376193,144.58203125,2.916015625,26.529660389597293,0.8612857676498277,0.0133056640625,0.2086528304687647,0.21938519453124172,776,787,1.0141752577319587,237,73.38888888888889,3,92,0.0,148.7959798994975,704,738,5.765625,0.22445399218750595,True
0.95,46,39260,1024,4168,521,34,555,4.3359375,4.0703125,4024,0.4912109375,162,0.04025844930417495,647.15625,6.34375,20.02071211079848,0.7198024529802147,0.019775390625,0.2086528304687647,0.21938519453124172,521,532,1.021113243761996,1315,42.39751552795031,4,129,0.0,770.5674418604651,427,461,3.6015625,0.22445399218750595,True
0.95,47,46517,1024,5633,705,34,739,5.7734375,5.5009765625,2559,0.3123779296875,88,0.03438843298163345,228.8984375,3.328125,24.534375327518823,0.7104131701864581,0.0107421875,0.2086528304687647,0.21938519453124172,705,716,1.0156028368794325,646,85.0,2,79,0.0,248.29661016949152,635,669,5.2265625,0.22445399218750595,True
0.95,48,33095,1024,6984,873,34,907,7.0859375,6.8203125,1208,0.1474609375,63,0.052152317880794705,401.25,4.015625,22.09665315454982,0.8304072020274561,0.0076904296875,0.21324629843749676,0.215281954687498,873,884,1.0126002290950744,73,128.01612903225808,2,58,0.0,404.807881773399,795,829,6.4765625,0.22845457109374934,True
0.95,49,3,1024,6595,825,34,859,6.7109375,6.4404296875,1597,0.1949462890625,60,0.03757044458359424,197.0,2.96875,25.186141347063177,0.8090607855586553,0.00732421875,0.21324629843749676,0.215281954687498,825,836,1.0133333333333334,58,137.5084745762712,2,54,0.0,198.3559488692232,739,773,6.0390625,0.22845457109374934,True
0.95,50,21683,1024,6559,820,34,854,6.671875,6.4052734375,1633,0.1993408203125,53,0.032455603184323334,248.1875,2.7421875,24.18300456459952,0.9008851478572181,0.0064697265625,0.21324629843749676,0.215281954687498,820,831,1.0134146341463415,10,153.40384615384616,2,45,0.0,248.43010752688173,720,754,5.890625,0.22845457109374934,True
0.95,51,13446,1024,6709,839,34,873,6.8203125,6.5517578125,1483,0.1810302734375,48,0.03236682400539447,233.375,2.609375,24.450260299107754,0.9371511435837574,0.005859375,0.21324629843749676,0.215281954687498,839,850,1.0131108462455305,73,159.36170212765958,2,45,0.0,235.44433497536946,750,784,6.125,0.22845457109374934,True
0.95,52,49515,1024,6257,783,34,817,6.3828125,6.1103515625,1935,0.2362060546875,199,0.10284237726098192,1293.328125,13.47265625,17.013716389276293,0.8039536539002687,0.0242919921875,0.21324629843749676,0.215281954687498,783,794,1.0140485312899106,177,40.282828282828284,3,182,0.0,1321.7245508982037,706,740,5.78125,0.22845457109374934,True
0.95,53,27943,1024,6641,831,34,865,6.7578125,6.4853515625,1551,0.1893310546875,119,0.07672469374597034,1161.5,10.09375,17.48061146731656,0.6679043945016127,0.0145263671875,0.21324629843749676,0.215281954687498,831,842,1.01323706377858,250,65.89830508474576,2,109,0.0,1197.7603222557905,750,784,6.125,0.22845457109374934,True
0.95,54,29059,1024,7289,912,34,946,7.390625,7.1181640625,903,0.1102294921875,65,0.07198228128460686,458.5,4.625,21.517410208618703,0.9444770929261314,0.0079345703125,0.21324629843749676,0.215281954687498,912,923,1.0120614035087718,9,127.015625,2,63,0.0,458.9481915933529,832,866,6.765625,0.22845457109374934,True
0.95,55,32738,1024,4701,588,34,622,4.859375,4.5908203125,3491,0.4261474609375,135,0.038670867946147235,333.9814453125,4.5771484375,22.893580210690146,0.7151812829913968,0.0164794921875,0.21324629843749676,0.215281954687498,588,599,1.0187074829931972,222,56.582089552238806,3,119,0.0,343.02607823470413,472,506,3.953125,0.22845457109374934,True
0.95,56,445,1024,7080,885,34,919,7.1796875,6.9140625,1112,0.1357421875,110,0.09892086330935251,843.8125,7.9765625,18.868344062586278,0.7218493646257386,0.013427734375,0.21324629843749676,0.215281954687498,885,896,1.0124293785310734,289,70.53211009174312,3,105,0.0,874.5587044534414,828,862,6.734375,0.22845457109374934,True
0.95,57,32216,1024,6472,809,34,843,6.5859375,6.3203125,1720,0.2099609375,62,0.03604651162790698,193.78125,2.8828125,25.257686078408653,0.9441593471205546,0.007568359375,0.21324629843749676,0.215281954687498,809,820,1.0135970333745365,1275,111.19672131147541,3,59,0.0,229.40115606936416,717,751,5.8671875,0.22845457109374934,True
0.95,58,18250,1024,7083,886,34,920,7.1875,6.9169921875,1109,0.1353759765625,36,0.032461677186654644,142.5,1.625,26.592654965233816,0.8882446035802767,0.00439453125,0.21324629843749676,0.215281954687498,886,897,1.012415349887133,32,232.97142857142856,3,29,0.0,143.05882352941177,806,840,6.5625,0.22845457109374934,True
0.95,59,1684,1024,6387,799,34,833,6.5078125,6.2373046875,1805,0.2203369140625,150,0.08310249307479224,891.4375,8.6171875,18.62989461316861,0.8350062413512288,0.018310546875,0.21324629843749676,0.215281954687498,799,810,1.0137672090112642,136,53.986577181208055,4,125,0.0,906.4865938430983,708,742,5.796875,0.22845457109374934,True
0.95,60,2899,1024,6415,802,34,836,6.53125,6.2646484375,1777,0.2169189453125,52,0.029262802476083285,155.5625,2.2890625,26.211754469152417,0.9226326645756422,0.00634765625,0.21324629843749676,0.215281954687498,802,813,1.013715710723192,98,151.0392156862745,4,41,0.0,157.40711462450594,730,764,5.96875,0.22845457109374934,True
0.95,61,39428,1024,6032,754,34,788,6.15625,5.890625,2160,0.263671875,36,0.016666666666666666,84.1328125,1.08984375,28.881149535544157,0.9304460724175528,0.00439453125,0.21324629843749676,0.215281954687498,754,765,1.0145888594164456,54,232.42857142857142,2,34,0.0,84.6286836935167,659,693,5.4140625,0.22845457109374934,True
0.95,62,40758,1024,6787,849,34,883,6.8984375,6.6279296875,1405,0.1715087890625,56,0.0398576512455516,602.765625,4.91015625,20.3293188381207,0.9232639407427558,0.0068359375,0.21324629843749676,0.215281954687498,849,860,1.0129564193168434,9,128.78181818181818,2,55,0.0,603.3548387096774,757,791,6.1796875,0.22845457109374934,True
0.95,63,29154,1024,6837,855,34,889,6.9453125,6.6767578125,1355,0.1654052734375,101,0.07453874538745388,769.25,7.578125,19.270128559484142,0.6372294188120253,0.0123291015625,0.21324629843749676,0.215281954687498,855,866,1.0128654970760234,98,72.71,2,99,0.0,778.3715415019763,790,824,6.4375,0.22845457109374934,True
0.95,64,43958,1024,6809,852,34,886,6.921875,6.6494140625,1383,0.1688232421875,52,0.03759942154736081,316.0,3.3125,23.133932782495066,0.7076996877313869,0.00634765625,0.21324629843749676,0.215281954687498,852,863,1.0129107981220657,1065,139.15686274509804,2,48,0.0,363.16947250280583,756,790,6.171875,0.22845457109374934,True
0.95,65,33814,1024,7293,912,34,946,7.390625,7.1220703125,899,0.1097412109375,54,0.060066740823136816,529.5625,4.5859375,20.89163137116952,0.8727672364289608,0.006591796875,0.21324629843749676,0.215281954687498,912,923,1.0120614035087718,18,149.24528301886792,2,52,0.0,530.5988258317026,837,871,6.8046875,0.22845457109374934,True
0.95,66,34153,1024,6395,800,34,834,6.515625,6.2451171875,1797,0.2193603515625,77,0.04284919309961046,421.875,4.5625,21.878965706928103,0.8795608639725316,0.0093994140625,0.21324629843749676,0.215281954687498,800,811,1.01375,858,94.85526315789474,2,73,0.0,471.1014176663032,726,760,5.9375,0.22845457109374934,True
0.95,67,43609,1024,6258,783,34,817,6.3828125,6.111328125,1934,0.236083984375,170,0.08790072388831438,404.75,6.4375,22.05893503442499,0.8407297661515801,0.020751953125,0.21324629843749676,0.215281954687498,783,794,1.0140485312899106,233,46.20710059171598,4,158,0.0,416.5467336683417,709,743,5.8046875,0.22845457109374934,True
0.95,68,10762,1024,6263,783,34,817,6.3828125,6.1162109375,1929,0.2354736328125,144,0.07465007776049767,587.765625,6.26171875,20.438761777522053,0.742024291518756,0.017578125,0.21324629843749676,0.215281954687498,783,794,1.0140485312899106,664,48.34965034965035,5,110,0.0,639.6089266737513,711,745,5.8203125,0.22845457109374934,True
0.95,69,17898,1024,5974,747,34,781,6.1015625,5.833984375,2218,0.270751953125,86,0.0387736699729486,851.0625,7.1953125,18.831189060613237,0.6220379312714499,0.010498046875,0.21324629843749676,0.215281954687498,747,758,1.0147255689424364,1107,70.37647058823529,2,76,0.0,983.6207674943566,637,671,5.2421875,0.22845457109374934,True
0.95,70,43653,1024,6194,775,34,809,6.3203125,6.048828125,1998,0.243896484375,85,0.04254254254254254,710.0234375,6.421875,19.61807676079934,0.7122787121347598,0.0103759765625,0.21324629843749676,0.215281954687498,775,786,1.0141935483870967,91,70.91666666666667,4,75,0.0,717.7334649555775,668,702,5.484375,0.22845457109374934,True
0.95,71,14233,1024,6851,857,34,891,6.9609375,6.6904296875,1341,0.1636962890625,127,0.0947054436987323,1087.0,10.125,17.768508167816158,0.6717513929913295,0.0155029296875,0.21324629843749676,0.215281954687498,857,868,1.0128354725787632,90,61.595238095238095,2,120,0.0,1098.8035538005922,793,827,6.4609375,0.22845457109374934,True
0.95,72,39520,1024,6823,853,34,887,6.9296875,6.6630859375,1369,0.1671142578125,21,0.015339663988312637,56.3125,0.8515625,30.62475552544772,0.9552646350236361,0.0025634765625,0.21324629843749676,0.215281954687498,853,864,1.0128956623681125,179,222.75,2,19,0.0,57.54890219560878,737,771,6.0234375,0.22845457109374934,True
0.95,73,18138,1024,6402,801,34,835,6.5234375,6.251953125,1790,0.218505859375,45,0.025139664804469275,200.25,2.296875,25.11507836111635,0.8628822718688302,0.0054931640625,0.21324629843749676,0.215281954687498,801,812,1.013732833957553,642,166.9090909090909,2,41,0.0,217.22033898305085,702,736,5.75,0.22845457109374934,True
0.95,74,9212,1024,6084,761,34,795,6.2109375,5.94140625,2108,0.25732421875,34,0.016129032258064516,236.25,2.234375,24.3970854368661,0.8959324837727278,0.004150390625,0.21324629843749676,0.215281954687498,761,772,1.014454664914586,82,180.33333333333334,2,31,0.0,238.57988165680473,652,686,5.359375,0.22845457109374934,True
0.95,75,6456,1024,6961,871,34,905,7.0703125,6.7978515625,1231,0.1502685546875,58,0.047116165718927704,506.75,4.609375,21.082866035028637,0.7221556781592308,0.007080078125,0.21324629843749676,0.215281954687498,871,882,1.0126291618828933,1265,115.9298245614035,1,58,0.0,599.2055427251732,790,824,6.4375,0.22845457109374934,True
0.95,76,22948,1024,6117,765,34,799,6.2421875,5.9736328125,2075,0.2532958984375,24,0.011566265060240964,56.81640625,0.994140625,30.58606600596682,0.9422440751345044,0.0029296875,0.21324629843749676,0.215281954687498,765,776,1.0143790849673202,70,308.0,2,22,0.0,57.26377952755905,659,693,5.4140625,0.22845457109374934,True
0.95,77,7591,1024,7195,900,34,934,7.296875,7.0263671875,997,0.1217041015625,37,0.037111334002006016,223.75,2.359375,24.63317316879961,0.899322273686813,0.0045166015625,0.21324629843749676,0.215281954687498,900,911,1.0122222222222221,130,209.55555555555554,1,37,0.0,227.3015873015873,834,868,6.78125,0.22845457109374934,True
0.95,78,29996,1024,6146,769,34,803,6.2734375,6.001953125,2046,0.249755859375,181,0.0884652981427175,1380.0830078125,12.4541015625,16.73175152183516,0.6826821430098509,0.0220947265625,0.21324629843749676,0.215281954687498,769,780,1.0143042912873863,108,44.138888888888886,3,158,0.0,1397.8288822947577,687,721,5.6328125,0.22845457109374934,True
0.95,79,10378,1024,6456,807,34,841,6.5703125,6.3046875,1736,0.2119140625,68,0.03917050691244239,357.125,3.953125,22.60260107477111,0.9101682658106885,0.00830078125,0.21324629843749676,0.215281954687498,807,818,1.01363073110285,571,109.85074626865672,2,63,0.0,383.73137460650577,713,747,5.8359375,0.22845457109374934,True
0.95,80,27337,1024,5442,681,34,715,5.5859375,5.314453125,2750,0.335693359375,67,0.024363636363636365,84.09375,1.53125,28.88316641424062,0.9443365127845825,0.0081787109375,0.21324629843749676,0.215281954687498,681,692,1.0161527165932451,1388,98.66666666666667,3,52,0.0,101.1891891891892,563,597,4.6640625,0.22845457109374934,True
0.95,81,19965,1024,6060,758,34,792,6.1875,5.91796875,2132,0.26025390625,134,0.06285178236397748,582.9375,6.3359375,20.47458366760981,0.7464150662933552,0.016357421875,0.21324629843749676,0.215281954687498,758,769,1.0145118733509235,33,58.285714285714285,3,107,0.0,585.2235294117647,658,692,5.40625,0.22845457109374934,True
0.95,82,24405,1024,6803,851,34,885,6.9140625,6.6435546875,1389,0.1695556640625,97,0.06983441324694024,527.5,5.46875,20.9085789689818,0.9089130093629415,0.0118408203125,0.21324629843749676,0.215281954687498,851,862,1.0129259694477086,57,84.65625,2,84,0.0,531.1307767944936,761,795,6.2109375,0.22845457109374934,True
0.95,83,45135,1024,6827,854,34,888,6.9375,6.6669921875,1365,0.1666259765625,43,0.0315018315018315,312.625,2.796875,23.18056656129351,0.9577511711319384,0.0052490234375,0.21324629843749676,0.215281954687498,854,865,1.0128805620608898,36,145.26190476190476,2,39,0.0,313.8509803921569,760,794,6.203125,0.22845457109374934,True
0.95,84,11274,1024,6599,825,34,859,6.7109375,6.4443359375,1593,0.1944580078125,76,0.04770872567482737,469.6875,4.8359375,21.412713586009083,0.7863125581032429,0.00927734375,0.21324629843749676,0.215281954687498,825,836,1.0133333333333334,43,107.81333333333333,2,70,0.0,471.99214916584884,744,778,6.078125,0.22845457109374934,True
0.95,85,1941,1024,6634,830,34,864,6.75,6.478515625,1558,0.190185546875,42,0.026957637997432605,111.75,1.703125,27.648328290639363,0.9115211142489674,0.005126953125,0.21324629843749676,0.215281954687498,830,841,1.0132530120481928,19,194.5121951219512,2,35,0.0,111.96868884540118,737,771,6.0234375,0.22845457109374934,True
0.95,86,48940,1024,6960,870,34,904,7.0625,6.796875,1232,0.150390625,41,0.033279220779220776,228.75,2.515625,24.537192581294246,0.9197661788739129,0.0050048828125,0.21324629843749676,0.215281954687498,870,881,1.0126436781609196,858,180.175,2,40,0.0,255.44165757906217,795,829,6.4765625,0.22845457109374934,True
0.95,87,36794,1024,6690,837,34,871,6.8046875,6.533203125,1502,0.183349609375,62,0.041278295605858856,454.375,4.15625,21.556659326647974,0.8811886596245262,0.007568359375,0.21324629843749676,0.215281954687498,837,848,1.013142174432497,112,131.70491803278688,2,58,0.0,460.6732673267327,739,773,6.0390625,0.22845457109374934,True
0.95,88,21994,1024,6667,834,34,868,6.78125,6.5107421875,1525,0.1861572265625,56,0.036721311475409836,251.25,2.546875,24.12974290439365,0.9035265372637845,0.0068359375,0.21324629843749676,0.215281954687498,834,845,1.013189448441247,204,144.85454545454544,4,47,0.0,257.53753753753756,739,773,6.0390625,0.22845457109374934,True
0.95,89,49944,1024,6447,806,34,840,6.5625,6.2958984375,1745,0.2130126953125,76,0.04355300859598854,366.125,3.859375,22.494509761782552,0.8265881353588983,0.00927734375,0.21324629843749676,0.215281954687498,806,817,1.0136476426799008,572,100.13333333333334,4,59,0.0,393.401888772298,708,742,5.796875,0.22845457109374934,True
0.95,90,43442,1024,3488,436,34,470,3.671875,3.40625,4704,0.57421875,39,0.008290816326530613,26.08984375,0.451171875,33.96608882715026,0.9592160719507518,0.0047607421875,0.21324629843749676,0.215281954687498,436,447,1.025229357798165,188,126.42105263157895,4,29,0.0,26.68931068931069,303,337,2.6328125,0.22845457109374934,True
0.95,91,45096,1024,5895,737,34,771,6.0234375,5.7568359375,2297,0.2803955078125,67,0.029168480626904657,324.0625,3.5703125,23.024515827987756,0.8289504617165145,0.0081787109375,0.21324629843749676,0.215281954687498,737,748,1.0149253731343284,1001,105.22727272727273,3,57,0.0,369.12124582869853,629,663,5.1796875,0.22845457109374934,True
0.95,92,42430,1024,4987,624,34,658,5.140625,4.8701171875,3205,0.3912353515625,242,0.07550702028081123,395.83203125,4.615234375,22.155694258932876,0.7216432554438287,0.029541015625,0.21324629843749676,0.215281954687498,624,635,1.017628205128205,141,33.356846473029044,5,146,0.0,402.51439920556106,533,567,4.4296875,0.22845457109374934,True
0.95,93,42255,1024,5956,745,34,779,6.0859375,5.81640625,2236,0.27294921875,96,0.04293381037567084,734.6875,6.6328125,19.469777100628768,0.622837813466777,0.01171875,0.21324629843749676,0.215281954687498,745,756,1.014765100671141,595,66.41052631578947,3,84,0.0,791.9157894736842,670,704,5.5,0.22845457109374934,True
0.95,94,5771,1024,6693,837,34,871,6.8046875,6.5361328125,1499,0.1829833984375,185,0.12341561040693796,604.826171875,6.294921875,20.314497852944523,0.8787914686400672,0.0225830078125,0.21324629843749676,0.215281954687498,837,848,1.013142174432497,23,44.358695652173914,4,130,0.0,606.0097847358121,743,777,6.0703125,0.22845457109374934,True
0.95,95,8320,1024,7128,891,34,925,7.2265625,6.9609375,1064,0.1298828125,68,0.06390977443609022,528.875,4.984375,20.897273225285595,0.830355317935988,0.00830078125,0.21324629843749676,0.215281954687498,891,902,1.0123456790123457,169,116.29850746268657,4,58,0.0,539.9481555333998,831,865,6.7578125,0.22845457109374934,True
0.95,96,48807,1024,6716,840,34,874,6.828125,6.55859375,1476,0.18017578125,45,0.03048780487804878,215.25,2.3125,24.80137200742218,0.9306994736746602,0.0054931640625,0.21324629843749676,0.215281954687498,840,851,1.013095238095238,272,178.27272727272728,2,37,0.0,222.64242424242425,749,783,6.1171875,0.22845457109374934,True
0.95,97,2675,1024,5016,627,34,661,5.1640625,4.8984375,3176,0.3876953125,110,0.034634760705289674,155.0625,2.4609375,26.225735792516257,0.8359050697488335,0.013427734375,0.21324629843749676,0.215281954687498,627,638,1.0175438596491229,338,69.58715596330275,4,84,0.0,161.69450101832993,511,545,4.2578125,0.22845457109374934,True
0.95,98,37658,1024,6401,801,34,835,6.5234375,6.2509765625,1791,0.2186279296875,47,0.026242322724734785,154.203125,1.90234375,26.24987185878627,0.9875390291544661,0.0057373046875,0.21324629843749676,0.215281954687498,801,812,1.013732833957553,618,163.80434782608697,3,41,0.0,166.74128827877507,680,714,5.578125,0.22845457109374934,True
0.95,99,45710,1024,6655,832,34,866,6.765625,6.4990234375,1537,0.1876220703125,41,0.026675341574495772,227.5625,2.5546875,24.559796645898913,0.8858219981019803,0.0050048828125,0.21324629843749676,0.215281954687498,832,843,1.0132211538461537,97,201.25,2,38,0.0,230.2608695652174,737,771,6.0234375,0.22845457109374934,True
0.95,100,15813,1024,5982,748,34,782,6.109375,5.841796875,2210,0.269775390625,106,0.04796380090497738,497.375,5.0,21.16396408713466,0.826832881410371,0.012939453125,0.21324629843749676,0.215281954687498,748,759,1.0147058823529411,691,70.9047619047619,3,82,0.0,542.9765458422174,658,692,5.40625,0.22845457109374934,True
0.95,101,7135,1024,6899,863,34,897,7.0078125,6.7373046875,1293,0.1578369140625,56,0.04331013147718484,144.0,2.03125,26.547178687726607,0.8824799226240787,0.0068359375,0.21324629843749676,0.215281954687498,863,874,1.0127462340672073,80,144.03636363636363,3,42,0.0,145.42011834319527,776,810,6.328125,0.22845457109374934,True
0.95,102,31775,1024,6551,819,34,853,6.6640625,6.3974609375,1641,0.2003173828125,81,0.04936014625228519,681.0,6.125,19.79933248955125,0.6520781041249997,0.0098876953125,0.21324629843749676,0.215281954687498,819,830,1.0134310134310134,257,89.5125,4,74,0.0,702.9677419354839,734,768,6.0,0.22845457109374934,True
0.95,103,31772,1024,6224,778,34,812,6.34375,6.078125,1968,0.240234375,62,0.031504065040650404,156.7890625,2.16015625,26.177645975550373,0.9464706230814809,0.007568359375,0.21324629843749676,0.215281954687498,778,789,1.0141388174807198,88,132.672131147541,2,52,0.0,158.49160908193485,691,725,5.6640625,0.22845457109374934,True
0.95,104,25160,1024,5834,730,34,764,5.96875,5.697265625,2358,0.287841796875,91,0.03859202714164546,486.53125,5.0,21.25969620545773,0.6682215004281707,0.0111083984375,0.21324629843749676,0.215281954687498,730,741,1.015068493150685,888,80.85555555555555,3,77,0.0,545.6823658269442,626,660,5.15625,0.22845457109374934,True
0.95,105,36108,1024,5614,702,34,736,5.75,5.482421875,2578,0.314697265625,121,0.04693560899922421,229.890625,3.65625,24.515590998804292,0.8625948900275479,0.0147705078125,0.21324629843749676,0.215281954687498,702,713,1.0156695156695157,382,60.516666666666666,3,112,0.0,240.949846468782,616,650,5.078125,0.22845457109374934,True
0.95,106,1260,1024,6267,784,34,818,6.390625,6.1201171875,1925,0.2349853515625,41,0.0212987012987013,174.56640625,1.962890625,25.711196895623843,0.923699192687087,0.0050048828125,0.21324629843749676,0.215281954687498,784,795,1.0140306122448979,347,189.0,2,39,0.0,182.21814475025485,683,717,5.6015625,0.22845457109374934,True
0.95,107,37885,1024,6629,829,34,863,6.7421875,6.4736328125,1563,0.1907958984375,52,0.03326935380678183,290.25,3.015625,23.50308132457299,0.8019639281520508,0.00634765625,0.21324629843749676,0.215281954687498,829,840,1.0132689987937273,1202,75.45098039215686,2,48,0.0,340.0640732265446,741,775,6.0546875,0.22845457109374934,True
0.95,108,41535,1024,5728,716,34,750,5.859375,5.59375,2464,0.30078125,324,0.1314935064935065,1011.88671875,9.662109375,18.07948465138353,0.8733218468276073,0.03955078125,0.21324629843749676,0.215281954687498,716,727,1.01536312849162,127,24.888544891640866,5,197,0.0,1026.9296333002974,634,668,5.21875,0.22845457109374934,True
0.95,109,44889,1024,6200,775,34,809,6.3203125,6.0546875,1992,0.2431640625,176,0.08835341365461848,1186.73828125,11.478515625,17.38725409008027,0.716987509927941,0.021484375,0.21324629843749676,0.215281954687498,775,786,1.0141935483870967,396,44.48571428571429,5,148,0.0,1246.3794871794871,694,728,5.6875,0.22845457109374934,True
0.95,110,28184,1024,6721,841,34,875,6.8359375,6.5634765625,1471,0.1795654296875,26,0.017675050985723997,90.5,1.15625,28.56431781662707,0.9256181502368802,0.003173828125,0.21324629843749676,0.215281954687498,841,852,1.0130796670630202,104,311.44,3,22,0.0,91.66369930761623,743,777,6.0703125,0.22845457109374934,True
0.95,111,25319,1024,6743,843,34,877,6.8515625,6.5849609375,1449,0.1768798828125,109,0.07522429261559696,1238.75,10.546875,17.200966933745786,0.6808556649017377,0.0133056640625,0.21324629843749676,0.215281954687498,843,854,1.0130486358244366,65,72.14814814814815,2,102,0.0,1248.5039370078741,759,793,6.1953125,0.22845457109374934,True
0.95,112,11010,1024,6143,768,34,802,6.265625,5.9990234375,2049,0.2501220703125,84,0.040995607613469986,346.671875,4.21484375,22.731617514808068,0.9086108277049562,0.01025390625,0.21324629843749676,0.215281954687498,768,779,1.0143229166666667,168,88.6867469879518,2,75,0.0,353.93020937188436,663,697,5.4453125,0.22845457109374934,True
0.95,113,33880,1024,6548,819,34,853,6.6640625,6.39453125,1644,0.20068359375,66,0.040145985401459854,511.5,4.78125,21.042347228197315,0.6509635332255678,0.008056640625,0.21324629843749676,0.215281954687498,819,830,1.0134310134310134,8,105.24615384615385,2,56,0.0,512.0,729,763,5.9609375,0.22845457109374934,True
0.95,114,19307,1024,5841,731,34,765,5.9765625,5.7041015625,2351,0.2869873046875,55,0.02339430029774564,91.72265625,1.552734375,28.50603737640214,0.946201087967574,0.0067138671875,0.21324629843749676,0.215281954687498,731,742,1.015047879616963,547,135.38888888888889,2,51,0.0,98.24686192468619,616,650,5.078125,0.22845457109374934,True
0.95,115,12236,1024,4858,608,34,642,5.015625,4.744140625,3334,0.406982421875,49,0.014697060587882423,178.3173828125,1.8701171875,25.618866795457432,0.9615767481165863,0.0059814453125,0.21324629843749676,0.215281954687498,608,619,1.018092105263158,61,167.20833333333334,2,43,0.0,179.54473942969517,516,550,4.296875,0.22845457109374934,True
0.95,116,13805,1024,5815,727,34,761,5.9453125,5.6787109375,2377,0.2901611328125,161,0.06773243584350021,816.5,8.765625,19.011241717952235,0.6877125233165527,0.0196533203125,0.21324629843749676,0.215281954687498,727,738,1.015130674002751,90,49.8125,3,145,0.0,825.3662388943732,624,658,5.140625,0.22845457109374934,True
0.95,117,5814,1024,5260,658,34,692,5.40625,5.13671875,2932,0.35791015625,121,0.041268758526603,264.27734375,3.310546875,23.910204278009314,0.8936446000617763,0.0147705078125,0.21324629843749676,0.215281954687498,658,669,1.0167173252279635,1053,57.59166666666667,4,84,0.0,303.04591265397534,560,594,4.640625,0.22845457109374934,True
0.95,118,48485,1024,6682,836,34,870,6.796875,6.525390625,1510,0.184326171875,85,0.056291390728476824,518.0,5.5625,20.987506011226774,0.9186459614619262,0.0103759765625,0.21324629843749676,0.215281954687498,836,847,1.013157894736842,305,92.88095238095238,2,78,0.0,537.9634888438134,736,770,6.015625,0.22845457109374934,True
0.95,119,12248,1024,5822,728,34,762,5.953125,5.685546875,2370,0.289306640625,83,0.0350210970464135,145.767578125,2.5234375,26.494194226692848,0.9331899342295658,0.0101318359375,0.21324629843749676,0.215281954687498,728,739,1.01510989010989,157,96.82926829268293,4,71,0.0,148.52338308457712,650,684,5.34375,0.22845457109374934,True
0.95,120,458,1024,6752,844,34,878,6.859375,6.59375,1440,0.17578125,92,0.06388888888888888,559.5625,5.6953125,20.65231759030924,0.6898972327541876,0.01123046875,0.21324629843749676,0.215281954687498,844,855,1.0130331753554502,16,75.71428571428571,4,83,0.0,560.6575342465753,755,789,6.1640625,0.22845457109374934,True
0.95,121,319,1024,6231,779,34,813,6.3515625,6.0849609375,1961,0.2393798828125,79,0.04028556858745538,310.42578125,3.017578125,23.21122578083143,0.9672408771556731,0.0096435546875,0.21324629843749676,0.215281954687498,779,790,1.0141206675224648,132,102.97435897435898,3,69,0.0,315.3531746031746,703,737,5.7578125,0.22845457109374934,True
0.95,122,21496,1024,6438,805,34,839,6.5546875,6.287109375,1754,0.214111328125,83,0.04732041049030787,312.890625,4.16796875,23.17687810095522,0.8850842141243045,0.0101318359375,0.21324629843749676,0.215281954687498,805,816,1.013664596273292,65,98.82926829268293,3,71,0.0,315.3543307086614,712,746,5.828125,0.22845457109374934,True
0.95,123,20390,1024,5911,739,34,773,6.0390625,5.7724609375,2281,0.2784423828125,139,0.060938185006576065,906.9140625,8.55859375,18.555142248003985,0.6184771565726538,0.0169677734375,0.21324629843749676,0.215281954687498,739,750,1.0148849797023005,338,51.01449275362319,3,125,0.0,945.7026476578411,654,688,5.375,0.22845457109374934,True
0.95,124,33691,1024,6152,769,34,803,6.2734375,6.0078125,2040,0.2490234375,36,0.01764705882352941,143.0625,1.7109375,26.575545508492922,0.9352678770095523,0.00439453125,0.21324629843749676,0.215281954687498,769,780,1.0143042912873863,203,182.8,3,32,0.0,146.64264264264264,637,671,5.2421875,0.22845457109374934,True
0.95,125,33872,1024,7403,926,34,960,7.5,7.2294921875,789,0.0963134765625,57,0.07224334600760456,490.0,4.5,21.228842808393967,0.7953233162002781,0.0069580078125,0.21324629843749676,0.215281954687498,926,937,1.011879049676026,296,125.73214285714286,2,54,0.0,508.36879432624113,861,895,6.9921875,0.22845457109374934,True
0.95,126,46987,1024,5308,664,34,698,5.453125,5.18359375,2884,0.35205078125,42,0.014563106796116505,272.09375,2.609375,23.783617947283066,0.8425811089158841,0.005126953125,0.21324629843749676,0.215281954687498,664,675,1.016566265060241,181,167.53658536585365,2,40,0.0,278.0678642714571,559,593,4.6328125,0.22845457109374934,True
0.95,127,26772,1024,6646,831,34,865,6.7578125,6.490234375,1546,0.188720703125,71,0.04592496765847348,484.5,4.84375,21.277865794811262,0.7522490192926848,0.0086669921875,0.21324629843749676,0.215281954687498,831,842,1.01323706377858,1337,92.7,2,69,0.0,578.9124854142357,754,788,6.15625,0.22845457109374934,True
0.95,128,7057,1024,5944,743,34,777,6.0703125,5.8046875,2248,0.2744140625,169,0.07517793594306049,569.3046875,6.703125,20.57735601178964,0.8582804239299868,0.0206298828125,0.21324629843749676,0.215281954687498,743,754,1.0148048452220726,99,48.142857142857146,3,142,0.0,576.0553359683795,652,686,5.359375,0.22845457109374934,True
0.95,129,30014,1024,6320,790,34,824,6.4375,6.171875,1872,0.228515625,93,0.049679487179487176,242.140625,3.52734375,24.290127018136012,0.8989740582473785,0.0113525390625,0.21324629843749676,0.215281954687498,790,801,1.0139240506329115,18,85.30434782608695,4,80,0.0,242.61448140900197,694,728,5.6875,0.22845457109374934,True
0.95,130,48237,1024,6031,754,34,788,6.15625,5.8896484375,2161,0.2637939453125,97,0.04488662656177696,340.875,4.390625,22.80485209918224,0.7387354417096748,0.0118408203125,0.21324629843749676,0.215281954687498,754,765,1.0145888594164456,377,80.27083333333333,3,83,0.0,357.2732855680655,679,713,5.5703125,0.22845457109374934,True
0.95,131,4823,1024,6465,809,34,843,6.5859375,6.3134765625,1727,0.2108154296875,70,0.04053271569195136,308.375,3.40625,23.24001198370118,0.9597427024898042,0.008544921875,0.21324629843749676,0.215281954687498,809,820,1.0135970333745365,155,115.59420289855072,2,66,0.0,314.2049751243781,708,742,5.796875,0.22845457109374934,True
0.95,132,26627,1024,6916,865,34,899,7.0234375,6.75390625,1276,0.15576171875,80,0.06269592476489028,579.5625,5.6640625,20.499800837408678,0.888678570162271,0.009765625,0.21324629843749676,0.215281954687498,865,876,1.0127167630057803,92,86.0379746835443,2,72,0.0,585.8558736426456,776,810,6.328125,0.22845457109374934,True
0.95,133,12293,1024,7318,915,34,949,7.4140625,7.146484375,874,0.106689453125,43,0.04919908466819222,296.25,2.921875,23.414220018497502,0.8767648695849716,0.0052490234375,0.21324629843749676,0.215281954687498,915,926,1.0120218579234972,944,154.9047619047619,2,40,0.0,334.8344370860927,858,892,6.96875,0.22845457109374934,True
0.95,134,32803,1024,5856,732,34,766,5.984375,5.71875,2336,0.28515625,88,0.03767123287671233,120.0625,2.2890625,27.336729786621415,0.8260382464312634,0.0107421875,0.21324629843749676,0.215281954687498,732,743,1.0150273224043715,900,80.34482758620689,3,78,0.0,134.80701754385964,652,686,5.359375,0.22845457109374934,True
0.95,135,41882,1024,5394,675,34,709,5.5390625,5.267578125,2798,0.341552734375,73,0.026090064331665476,238.125,2.984375,24.362753678482157,0.9084019237654225,0.0089111328125,0.21324629843749676,0.215281954687498,675,686,1.0162962962962963,1275,92.86111111111111,2,66,0.0,281.8959537572254,572,606,4.734375,0.22845457109374934,True
0.95,136,10235,1024,6302,788,34,822,6.421875,6.154296875,1890,0.230712890625,74,0.039153439153439155,225.3125,2.7578125,24.602950744683874,0.7558541860713401,0.009033203125,0.21324629843749676,0.215281954687498,788,799,1.013959390862944,531,103.54794520547945,3,58,0.0,240.83507306889354,718,752,5.875,0.22845457109374934,True
0.95,137,30033,1024,6733,842,34,876,6.84375,6.5751953125,1459,0.1781005859375,61,0.041809458533241944,382.5,3.9375,22.30448921378274,0.8881004194126288,0.0074462890625,0.21324629843749676,0.215281954687498,842,853,1.013064133016627,139,133.75,3,56,0.0,388.9572989076465,780,814,6.359375,0.22845457109374934,True
0.95,138,20042,1024,6980,873,34,907,7.0859375,6.81640625,1212,0.14794921875,31,0.02557755775577558,166.75,2.046875,25.910145182793237,0.9148601528414201,0.0037841796875,0.21324629843749676,0.215281954687498,873,884,1.0126002290950744,33,247.53333333333333,1,31,0.0,167.40392156862745,787,821,6.4140625,0.22845457109374934,True
0.95,139,29399,1024,6351,794,34,828,6.46875,6.2021484375,1841,0.2247314453125,37,0.020097772949483977,186.0,2.03125,25.43567416649994,0.8952447255390563,0.0045166015625,0.21324629843749676,0.215281954687498,794,805,1.013853904282116,99,223.08333333333334,2,36,0.0,188.20553359683794,700,734,5.734375,0.22845457109374934,True
0.95,140,6463,1024,7352,919,34,953,7.4453125,7.1796875,840,0.1025390625,30,0.03571428571428571,232.0,2.3125,24.475923759770104,0.8473756711148557,0.003662109375,0.21324629843749676,0.215281954687498,919,930,1.0119695321001088,378,233.3448275862069,2,28,0.0,243.16069600818832,858,892,6.96875,0.22845457109374934,True
0.95,141,25920,1024,5055,632,34,666,5.203125,4.9365234375,3137,0.3829345703125,84,0.0267771756455212,236.171875,3.05078125,24.39852183337962,0.7522759805077114,0.01025390625,0.21324629843749676,0.215281954687498,632,643,1.0174050632911393,349,85.93975903614458,3,73,0.0,246.52395514780835,552,586,4.578125,0.22845457109374934,True
0.95,142,10327,1024,7628,954,34,988,7.71875,7.44921875,564,0.06884765625,42,0.07446808510638298,374.673828125,2.857421875,22.39427003236792,0.9465848472077704,0.005126953125,0.21324629843749676,0.215281954687498,954,965,1.0115303983228512,12,189.3658536585366,4,29,0.0,375.04007820136854,898,932,7.28125,0.22845457109374934,True
0.95,143,3805,1024,6457,808,34,842,6.578125,6.3056640625,1735,0.2117919921875,132,0.0760806916426513,718.125,7.390625,19.5688031483555,0.633608494410939,0.01611328125,0.21324629843749676,0.215281954687498,808,819,1.0136138613861385,76,58.54961832061068,3,115,0.0,724.4926108374384,733,767,5.9921875,0.22845457109374934,True
0.95,144,37879,1024,4626,579,34,613,4.7890625,4.517578125,3566,0.435302734375,121,0.03393157599551318,317.4296875,3.57421875,23.11432819310768,0.9159352970123356,0.0147705078125,0.21324629843749676,0.215281954687498,579,590,1.0189982728842832,379,64.46666666666667,3,98,0.0,332.7001023541453,442,476,3.71875,0.22845457109374934,True
0.95,145,22721,1024,6128,766,34,800,6.25,5.984375,2064,0.251953125,71,0.03439922480620155,348.078125,3.62890625,22.71403630000472,0.8490477391052659,0.0086669921875,0.21324629843749676,0.215281954687498,766,777,1.014360313315927,803,61.357142857142854,3,61,0.0,385.74891774891773,654,688,5.375,0.22845457109374934,True
0.95,146,43932,1024,6798,850,34,884,6.90625,6.638671875,1394,0.170166015625,52,0.03730272596843615,433.5,3.40625,21.760912590556813,0.950277016231001,0.00634765625,0.21324629843749676,0.215281954687498,850,861,1.0129411764705882,120,154.68627450980392,3,41,0.0,439.9444995044599,757,791,6.1796875,0.22845457109374934,True
0.95,147,47270,1024,6926,866,34,900,7.03125,6.763671875,1266,0.154541015625,52,0.04107424960505529,355.75,3.390625,22.619354521115884,0.913529591718518,0.00634765625,0.21324629843749676,0.215281954687498,866,877,1.01270207852194,50,153.37254901960785,3,43,0.0,357.8467583497053,789,823,6.4296875,0.22845457109374934,True
0.95,148,11091,1024,5893,737,34,771,6.0234375,5.7548828125,2299,0.2806396484375,175,0.07612005219660722,658.578125,7.85546875,19.9447305955969,0.6226139089006498,0.0213623046875,0.21324629843749676,0.215281954687498,737,748,1.0149253731343284,17,45.9080459770115,4,143,0.0,659.866927592955,641,675,5.2734375,0.22845457109374934,True
0.95,149,9736,1024,6660,833,34,867,6.7734375,6.50390625,1532,0.18701171875,60,0.0391644908616188,380.0,3.9375,22.332967642511004,0.7790092711026992,0.00732421875,0.21324629843749676,0.215281954687498,833,844,1.0132052821128452,936,118.8135593220339,2,53,0.0,429.01874310915105,751,785,6.1328125,0.22845457109374934,True
0.95,150,23206,1024,5867,734,34,768,6.0,5.7294921875,2325,0.2838134765625,195,0.08387096774193549,945.0625,10.2890625,18.376198301284262,0.5254834529329879,0.0238037109375,0.21324629843749676,0.215281954687498,734,745,1.0149863760217983,593,39.149484536082475,3,167,0.0,1018.6778947368421,663,697,5.4453125,0.22845457109374934,True
0.95,151,25039,1024,7390,924,34,958,7.484375,7.216796875,802,0.097900390625,53,0.06608478802992519,473.0,4.40625,21.382192201300988,0.8518932782078871,0.0064697265625,0.21324629843749676,0.215281954687498,924,935,1.0119047619047619,448,145.07692307692307,2,52,0.0,500.3636363636364,867,901,7.0390625,0.22845457109374934,True
0.95,152,21014,1024,5477,685,34,719,5.6171875,5.3486328125,2715,0.3314208984375,96,0.03535911602209945,201.396484375,2.228515625,25.090284757320592,0.9181824372750436,0.01171875,0.21324629843749676,0.215281954687498,685,696,1.0160583941605839,134,83.36842105263158,2,88,0.0,204.59325396825398,603,637,4.9765625,0.22845457109374934,True
0.95,153,32412,1024,7050,882,34,916,7.15625,6.884765625,1142,0.139404296875,78,0.06830122591943957,750.0,6.6875,19.380190974762105,0.6651122668027852,0.009521484375,0.21324629843749676,0.215281954687498,882,893,1.0124716553287982,88,104.84415584415585,2,72,0.0,758.1441263573544,821,855,6.6796875,0.22845457109374934,True
0.95,154,34022,1024,5008,626,34,660,5.15625,4.890625,3184,0.388671875,78,0.024497487437185928,140.515625,2.0234375,26.65355741438338,0.882429882403309,0.009521484375,0.21324629843749676,0.215281954687498,626,637,1.0175718849840256,397,99.42857142857143,3,65,0.0,147.5774358974359,515,549,4.2890625,0.22845457109374934,True
0.95,155,21369,1024,5647,706,34,740,5.78125,5.5146484375,2545,0.3106689453125,75,0.029469548133595286,322.08203125,3.216796875,23.051138643830534,0.8827267347328172,0.0091552734375,0.21324629843749676,0.215281954687498,706,717,1.0155807365439093,1670,65.87837837837837,3,62,0.0,404.1813725490196,602,636,4.96875,0.22845457109374934,True
0.95,156,41654,1024,6699,838,34,872,6.8125,6.5419921875,1493,0.1822509765625,177,0.11855324849296718,1648.203125,12.16015625,15.960696276387749,0.6778569997113516,0.0216064453125,0.21324629843749676,0.215281954687498,838,849,1.0131264916467781,58,42.08522727272727,3,140,0.0,1659.5476892822026,760,794,6.203125,0.22845457109374934,True
0.95,157,11953,1024,6657,833,34,867,6.7734375,6.5009765625,1535,0.1873779296875,32,0.020846905537459284,182.0625,1.9765625,25.528598588961678,0.9037752922787152,0.00390625,0.21324629843749676,0.215281954687498,833,844,1.0132052821128452,819,237.1290322580645,2,31,0.0,202.20390455531452,740,774,6.046875,0.22845457109374934,True
0.95,158,13700,1024,6344,793,34,827,6.4609375,6.1953125,1848,0.2255859375,62,0.03354978354978355,223.9375,2.4765625,24.629535353577246,0.99456976632494,0.007568359375,0.21324629843749676,0.215281954687498,793,804,1.0138713745271122,104,129.34426229508196,3,39,0.0,226.8170128585559,694,728,5.6875,0.22845457109374934,True
0.95,159,38205,1024,5525,691,34,725,5.6640625,5.3955078125,2667,0.3255615234375,52,0.01949756280464942,106.7421875,1.34375,27.847442621806998,0.9513647183611185,0.00634765625,0.21324629843749676,0.215281954687498,691,702,1.015918958031838,310,150.05882352941177,3,40,0.0,110.85598377281947,584,618,4.828125,0.22845457109374934,True
0.95,160,40129,1024,5788,724,34,758,5.921875,5.65234375,2404,0.29345703125,49,0.02038269550748752,80.1875,1.5390625,29.089736871489066,0.8860577415084089,0.0059814453125,0.21324629843749676,0.215281954687498,724,735,1.0151933701657458,339,147.0,2,42,0.0,83.61710794297352,613,647,5.0546875,0.22845457109374934,True
0.95,161,17080,1024,5513,690,34,724,5.65625,5.3837890625,2679,0.3270263671875,117,0.043673012318029114,301.462890625,4.09375,23.338465017340088,0.8631224414388506,0.0142822265625,0.21324629843749676,0.215281954687498,690,701,1.0159420289855072,734,62.31896551724138,4,96,0.0,330.8660235798499,602,636,4.96875,0.22845457109374934,True
0.95,162,1505,1024,6907,864,34,898,7.015625,6.7451171875,1285,0.1568603515625,73,0.05680933852140078,500.640625,4.67578125,21.135542728920115,0.8443378387758678,0.0089111328125,0.21324629843749676,0.215281954687498,864,875,1.0127314814814814,69,107.83333333333333,3,68,0.0,504.5826771653543,784,818,6.390625,0.22845457109374934,True
0.95,163,36391,1024,6943,868,34,902,7.046875,6.7802734375,1249,0.1524658203125,69,0.055244195356285025,307.5,4.03125,23.25235240756475,0.8512052016117735,0.0084228515625,0.21324629843749676,0.215281954687498,868,879,1.012672811059908,34,116.58823529411765,2,67,0.0,308.70588235294116,782,816,6.375,0.22845457109374934,True
0.95,164,24660,1024,6630,829,34,863,6.7421875,6.474609375,1562,0.190673828125,128,0.08194622279129321,462.45703125,5.455078125,21.480089739721695,0.7805935503664243,0.015625,0.21324629843749676,0.215281954687498,829,840,1.0132689987937273,240,62.330708661417326,5,100,0.0,476.4144869215292,751,785,6.1328125,0.22845457109374934,True
0.95,165,24061,1024,5817,728,34,762,5.953125,5.6806640625,2375,0.2899169921875,166,0.06989473684210526,719.80078125,7.298828125,19.558680471806653,0.6782678237864656,0.020263671875,0.21324629843749676,0.215281954687498,728,739,1.01510989010989,68,41.68484848484849,4,146,0.0,725.4685039370079,627,661,5.1640625,0.22845457109374934,True
0.95,166,10964,1024,5304,663,34,697,5.4453125,5.1796875,2888,0.3525390625,91,0.03150969529085872,189.5,2.7421875,25.35471146563819,0.8237614934557103,0.0111083984375,0.21324629843749676,0.215281954687498,663,674,1.0165912518853695,245,76.22222222222223,3,71,0.0,195.21931589537223,568,602,4.703125,0.22845457109374934,True
0.95,167,20807,1024,7103,888,34,922,7.203125,6.9365234375,1089,0.1329345703125,46,0.04224058769513315,216.5,2.53125,24.776224601785263,0.9522735992577587,0.005615234375,0.21324629843749676,0.215281954687498,888,899,1.0123873873873874,9,181.7111111111111,1,46,0.0,216.71163245356794,805,839,6.5546875,0.22845457109374934,True
0.95,168,33388,1024,7387,924,34,958,7.484375,7.2138671875,805,0.0982666015625,65,0.08074534161490683,489.3125,4.7734375,21.23494050459122,0.8526667968563137,0.0079345703125,0.21324629843749676,0.215281954687498,924,935,1.0119047619047619,177,124.375,2,59,0.0,500.05588822355287,863,897,7.0078125,0.22845457109374934,True
0.95,169,34571,1024,6285,786,34,820,6.40625,6.1376953125,1907,0.2327880859375,81,0.042475091767173574,429.4765625,3.93359375,21.80140892478656,0.950767670853551,0.0098876953125,0.21324629843749676,0.215281954687498,786,797,1.0139949109414759,93,99.5125,2,73,0.0,434.1401776900296,712,746,5.828125,0.22845457109374934,True
0.95,170,21194,1024,6845,856,34,890,6.953125,6.6845703125,1347,0.1644287109375,47,0.034892353377876766,270.8125,2.9921875,23.804116544894605,0.8115523176275447,0.0057373046875,0.21324629843749676,0.215281954687498,856,867,1.0128504672897196,18,177.56521739130434,2,45,0.0,271.3424657534247,778,812,6.34375,0.22845457109374934,True
0.95,171,32696,1024,6440,805,34,839,6.5546875,6.2890625,1752,0.2138671875,92,0.05251141552511415,265.9375,3.4453125,23.883007791032284,0.903528720958747,0.01123046875,0.21324629843749676,0.215281954687498,805,816,1.013664596273292,264,86.45054945054945,3,75,0.0,274.7931382441978,716,750,5.859375,0.22845457109374934,True
0.95,172,46005,1024,4214,527,34,561,4.3828125,4.115234375,3978,0.485595703125,108,0.027149321266968326,63.1689453125,1.6396484375,30.12576735022857,0.8429713354558102,0.01318359375,0.21324629843749676,0.215281954687498,527,538,1.0208728652751422,1375,62.76635514018692,4,88,0.0,75.83235638921454,449,483,3.7734375,0.22845457109374934,True
0.95,173,19269,1024,4383,548,34,582,4.546875,4.2802734375,3809,0.4649658203125,100,0.026253609871357313,144.74609375,1.857421875,26.524735085769745,0.8221272269115332,0.01220703125,0.21324629843749676,0.215281954687498,548,559,1.02007299270073,510,73.75757575757575,4,70,0.0,154.23517169614985,446,480,3.75,0.22845457109374934,True
0.95,174,5503,1024,7363,921,34,955,7.4609375,7.1904296875,829,0.1011962890625,40,0.04825090470446321,366.0,3.4375,22.495992754734996,0.9641758481885818,0.0048828125,0.21324629843749676,0.215281954687498,921,932,1.011943539630836,240,201.84615384615384,1,40,0.0,377.046277665996,856,890,6.953125,0.22845457109374934,True
0.95,175,32979,1024,6244,781,34,815,6.3671875,6.09765625,1948,0.23779296875,42,0.021560574948665298,288.765625,2.95703125,23.525348678198775,0.9029946774307823,0.005126953125,0.21324629843749676,0.215281954687498,781,792,1.0140845070422535,9,181.2439024390244,2,40,0.0,289.04789833822093,659,693,5.4140625,0.22845457109374934,True
0.95,176,32764,1024,7024,878,34,912,7.125,6.859375,1168,0.142578125,62,0.053082191780821915,314.5,3.40625,23.154597110866227,0.9257306941266645,0.007568359375,0.21186183437501427,0.21518123749999063,878,889,1.0125284738041003,128,123.01639344262296,3,55,0.0,319.4920634920635,795,829,6.4765625,0.22911948359373469,True
0.95,177,36396,1024,5837,730,34,764,5.96875,5.7001953125,2355,0.2874755859375,75,0.03184713375796178,115.3125,1.8359375,27.51203973028756,0.852613432202794,0.0091552734375,0.21186183437501427,0.21518123749999063,730,741,1.015068493150685,308,104.64864864864865,4,52,0.0,119.75659229208925,628,662,5.171875,0.22911948359373469,True
0.95,178,16139,1024,3750,469,34,503,3.9296875,3.662109375,4442,0.542236328125,202,0.045475011256190905,254.1298828125,3.7138671875,24.0802462467424,0.821910016465351,0.024658203125,0.21186183437501427,0.21518123749999063,469,480,1.023454157782516,1037,34.13930348258707,3,183,0.0,290.7586592178771,387,421,3.2890625,0.22911948359373469,True
0.95,179,32110,1024,5599,700,34,734,5.734375,5.4677734375,2593,0.3165283203125,184,0.07096027767065176,487.45703125,5.384765625,21.251440216815013,0.9032898062857135,0.0224609375,0.21186183437501427,0.21518123749999063,700,711,1.0157142857142858,173,43.66120218579235,5,131,0.0,497.6630109670987,620,654,5.109375,0.22911948359373469,True
0.95,180,37930,1024,6389,799,34,833,6.5078125,6.2392578125,1803,0.2200927734375,107,0.059345535219079315,281.08984375,4.193359375,23.642352067688858,0.8755004272299429,0.0130615234375,0.21186183437501427,0.21518123749999063,799,810,1.0137672090112642,116,71.0754716981132,4,93,0.0,284.9861386138614,708,742,5.796875,0.22911948359373469,True
0.95,181,5624,1024,6853,857,34,891,6.9609375,6.6923828125,1339,0.1634521484375,67,0.05003734129947722,693.25,5.921875,19.72190482618011,0.8747690509852503,0.0081787109375,0.21186183437501427,0.21518123749999063,857,868,1.0128354725787632,953,108.10606060606061,2,61,0.0,784.4066298342541,765,799,6.2421875,0.22911948359373469,True
0.95,182,37946,1024,6315,790,34,824,6.4375,6.1669921875,1877,0.2291259765625,67,0.03569525839104955,541.9375,4.9140625,20.791311573004492,0.6630119323311167,0.0081787109375,0.21186183437501427,0.21518123749999063,790,801,1.0139240506329115,243,115.98484848484848,2,60,0.0,558.2937625754527,671,705,5.5078125,0.22911948359373469,True
0.95,183,6616,1024,7239,905,34,939,7.3359375,7.0693359375,953,0.1163330078125,51,0.053515215110178385,281.5625,3.1640625,23.635055482087534,0.9197648109295463,0.0062255859375,0.21186183437501427,0.21518123749999063,905,916,1.0121546961325967,401,155.56,1,51,0.0,296.01642710472277,834,868,6.78125,0.22911948359373469,True
0.95,184,11706,1024,6389,799,34,833,6.5078125,6.2392578125,1803,0.2200927734375,80,0.044370493621741544,429.046875,4.32421875,21.805756177700655,0.830820870047024,0.009765625,0.21186183437501427,0.21518123749999063,799,810,1.0137672090112642,203,97.37974683544304,2,76,0.0,439.7837837837838,730,764,5.96875,0.22911948359373469,True
0.95,185,10558,1024,6057,758,34,792,6.1875,5.9150390625,2135,0.2606201171875,113,0.052927400468384074,455.5078125,3.900390625,21.54584530828831,0.9800804593297086,0.0137939453125,0.21186183437501427,0.21518123749999063,758,769,1.0145118733509235,108,68.46428571428571,8,80,0.0,461.3649851632047,657,691,5.3984375,0.22911948359373469,True
0.95,186,18351,1024,5873,735,34,769,6.0078125,5.7353515625,2319,0.2830810546875,87,0.037516170763260026,462.1689453125,4.1748046875,21.48279600452909,0.8512429569270508,0.0106201171875,0.21186183437501427,0.21518123749999063,735,746,1.014965986394558,71,93.80232558139535,4,67,0.0,465.80807086614175,633,667,5.2109375,0.22911948359373469,True
0.95,187,15023,1024,6329,792,34,826,6.453125,6.1806640625,1863,0.2274169921875,28,0.015029522275899088,146.0009765625,1.5634765625,26.487246001910997,0.864290990218864,0.00341796875,0.21186183437501427,0.21518123749999063,792,803,1.0138888888888888,239,243.88888888888889,2,24,0.0,150.25628140703517,680,714,5.578125,0.22911948359373469,True
0.95,188,9490,1024,5996,750,34,784,6.125,5.85546875,2196,0.26806640625,46,0.020947176684881604,104.6875,1.7578125,27.931855321509712,0.8795835314455723,0.005615234375,0.21186183437501427,0.21518123749999063,750,761,1.0146666666666666,490,171.04444444444445,2,44,0.0,111.31879543094496,634,668,5.21875,0.22911948359373469,True
0.95,189,6355,1024,6255,782,34,816,6.375,6.1083984375,1937,0.2364501953125,35,0.018069179143004648,143.5,1.78125,26.562284597978994,0.9591016705695612,0.0042724609375,0.21186183437501427,0.21518123749999063,782,793,1.014066496163683,8,238.14705882352942,2,32,0.0,143.64027370478982,674,708,5.53125,0.22911948359373469,True
0.95,190,8857,1024,4043,506,34,540,4.21875,3.9482421875,4149,0.5064697265625,130,0.03133285128946734,354.82421875,4.173828125,22.63067105653778,0.6947452121457569,0.015869140625,0.21186183437501427,0.21518123749999063,506,517,1.0217391304347827,2325,36.78294573643411,3,108,0.0,495.0136239782016,402,436,3.40625,0.22911948359373469,True
0.95,191,31811,1024,5922,741,34,775,6.0546875,5.783203125,2270,0.277099609375,71,0.03127753303964758,280.625,3.375,23.64954002520512,0.8719920886391074,0.0086669921875,0.21186183437501427,0.21518123749999063,741,752,1.0148448043184886,212,102.27142857142857,3,66,0.0,287.935871743487,638,672,5.25,0.22911948359373469,True
0.95,192,10400,1024,6843,856,34,890,6.953125,6.6826171875,1349,0.1646728515625,29,0.021497405485544848,82.25,1.109375,28.979444542458985,0.9270304662812436,0.0035400390625,0.21186183437501427,0.21518123749999063,856,867,1.0128504672897196,754,247.14285714285714,2,23,0.0,90.56344086021505,772,806,6.296875,0.22911948359373469,True
0.95,193,275,1024,6386,799,34,833,6.5078125,6.236328125,1806,0.220458984375,53,0.029346622369878183,168.875,2.375,25.855149988378233,0.9309462787862244,0.0064697265625,0.21186183437501427,0.21518123749999063,799,810,1.0137672090112642,201,152.67307692307693,2,49,0.0,173.1011011011011,698,732,5.71875,0.22911948359373469,True
0.95,194,26152,1024,6381,798,34,832,6.5,6.2314453125,1811,0.2210693359375,183,0.10104914411927111,592.9990234375,5.9228515625,20.400263827077865,0.874111662898766,0.0223388671875,0.21186183437501427,0.21518123749999063,798,809,1.0137844611528821,287,43.41208791208791,5,125,0.0,613.9848331648129,734,768,6.0,0.22911948359373469,True
0.95,195,13037,1024,5299,663,34,697,5.4453125,5.1748046875,2893,0.3531494140625,68,0.023505012098167993,231.1767578125,2.5361328125,24.49136192283682,0.9287096737363325,0.00830078125,0.21186183437501427,0.21518123749999063,663,674,1.0165912518853695,903,101.02985074626865,4,58,0.0,259.5668859649123,575,609,4.7578125,0.22911948359373469,True
0.95,196,41203,1024,7066,884,34,918,7.171875,6.900390625,1126,0.137451171875,82,0.07282415630550622,835.0,7.40625,18.91393885384308,0.7209166272165568,0.010009765625,0.21186183437501427,0.21518123749999063,884,895,1.012443438914027,481,92.95061728395062,2,79,0.0,886.9709543568465,811,845,6.6015625,0.22911948359373469,True
0.95,197,43709,1024,5153,645,34,679,5.3046875,5.0322265625,3039,0.3709716796875,135,0.044422507403751234,324.68359375,3.767578125,23.016200165716203,0.7849718883799203,0.0164794921875,0.21186183437501427,0.21518123749999063,645,656,1.0170542635658915,67,60.17910447761194,4,108,0.0,327.24015748031496,554,588,4.59375,0.22911948359373469,True
0.95,198,43572,1024,6387,799,34,833,6.5078125,6.2373046875,1805,0.2203369140625,79,0.04376731301939058,383.8125,3.9921875,22.28961246141667,0.8564928599093642,0.0096435546875,0.21186183437501427,0.21518123749999063,799,810,1.0137672090112642,241,100.5,3,58,0.0,395.3963782696177,705,739,5.7734375,0.22911948359373469,True
0.95,199,23390,1024,6686,836,34,870,6.796875,6.529296875,1506,0.183837890625,24,0.01593625498007968,107.0,1.28125,27.83696583182701,0.965222729283982,0.0029296875,0.21186183437501427,0.21518123749999063,836,847,1.013157894736842,1234,270.2173913043478,2,21,0.0,125.94022988505748,744,778,6.078125,0.22911948359373469,True
0.975,0,712,1024,7236,905,34,939,7.3359375,7.06640625,956,0.11669921875,39,0.04079497907949791,325.0,3.15625,23.01196999889036,0.9518808262008978,0.0047607421875,0.21186183437501427,0.21518123749999063,905,916,1.0121546961325967,168,203.57894736842104,2,36,0.0,331.8045862412762,757,791,6.1796875,0.22911948359373469,True
0.975,1,24774,1024,6933,867,34,901,7.0390625,6.7705078125,1259,0.1536865234375,53,0.04209690230341541,333.109375,3.31640625,22.904935052602724,0.8841719223084211,0.0064697265625,0.21186183437501427,0.21518123749999063,867,878,1.0126874279123415,363,143.17307692307693,2,51,0.0,348.4208375893769,732,766,5.984375,0.22911948359373469,True
0.975,2,45142,1024,7417,928,34,962,7.515625,7.2431640625,775,0.0946044921875,12,0.015483870967741935,84.0,0.9375,28.88801074806029,0.9459821236491427,0.00146484375,0.21186183437501427,0.21518123749999063,928,939,1.011853448275862,801,359.27272727272725,1,12,0.0,93.0909090909091,829,863,6.7421875,0.22911948359373469,True
0.975,3,27119,1024,5508,689,34,723,5.6484375,5.37890625,2684,0.32763671875,75,0.027943368107302535,233.4208984375,2.3876953125,24.449406245408262,0.9675718216984409,0.0091552734375,0.21186183437501427,0.21518123749999063,689,700,1.0159651669085632,245,107.32432432432432,4,58,0.0,240.46579476861166,575,609,4.7578125,0.22911948359373469,True
0.975,4,21139,1024,6507,814,34,848,6.625,6.3544921875,1685,0.2056884765625,34,0.020178041543026708,324.5,2.84375,23.01865659731522,0.9406028955147878,0.004150390625,0.21186183437501427,0.21518123749999063,814,825,1.0135135135135136,1211,195.78787878787878,2,31,0.0,380.6277205040092,663,697,5.4453125,0.22911948359373469,True
0.975,5,19129,1024,6613,827,34,861,6.7265625,6.4580078125,1579,0.1927490234375,23,0.014566181127295756,21.25,0.515625,34.8572142648158,0.9926680119948292,0.0028076171875,0.21186183437501427,0.21518123749999063,827,838,1.0133010882708586,2298,193.77272727272728,3,18,0.0,29.525101763907735,695,729,5.6953125,0.22911948359373469,True
0.975,6,6433,1024,6106,764,34,798,6.234375,5.962890625,2086,0.254638671875,61,0.029242569511025888,172.203125,2.09765625,25.770393324614158,0.8050734436235885,0.0074462890625,0.21186183437501427,0.21518123749999063,764,775,1.0143979057591623,948,115.85,3,51,0.0,194.63134657836645,630,664,5.1875,0.22911948359373469,True
0.975,7,38854,1024,6996,875,34,909,7.1015625,6.83203125,1196,0.14599609375,9,0.007525083612040134,73.5,0.6875,29.467930217837154,0.9624501799330172,0.0010986328125,0.21186183437501427,0.21518123749999063,875,886,1.0125714285714287,2681,584.25,1,9,0.0,109.23657474600871,725,759,5.9296875,0.22911948359373469,True
0.975,8,22489,1024,6910,864,34,898,7.015625,6.748046875,1282,0.156494140625,16,0.0124804992199688,189.0,1.59375,25.366185566946662,0.9600963372399572,0.001953125,0.21186183437501427,0.21518123749999063,864,875,1.0127314814814814,776,95.06666666666666,2,15,0.0,208.7766990291262,726,760,5.9375,0.22911948359373469,True
0.975,9,31104,1024,6172,772,34,806,6.296875,6.02734375,2020,0.24658203125,45,0.022277227722772276,81.390625,1.23828125,29.025059774191003,0.9575442166057483,0.0054931640625,0.21186183437501427,0.21518123749999063,772,783,1.0142487046632125,114,131.13636363636363,3,41,0.0,82.51881188118811,625,659,5.1484375,0.22911948359373469,True
0.975,10,21349,1024,7216,902,34,936,7.3125,7.046875,976,0.119140625,13,0.01331967213114754,64.0,0.75,30.069003868840234,0.9939307559624078,0.0015869140625,0.21186183437501427,0.21518123749999063,902,913,1.0121951219512195,72,654.0833333333334,2,10,0.0,64.56748768472906,771,805,6.2890625,0.22911948359373469,True
0.975,11,29116,1024,6570,822,34,856,6.6875,6.416015625,1622,0.197998046875,42,0.025893958076448828,107.6875,1.2734375,27.809150660758068,0.9789715752952832,0.005126953125,0.21186183437501427,0.21518123749999063,822,833,1.0133819951338199,140,172.78048780487805,3,38,0.0,109.50546176762661,676,710,5.546875,0.22911948359373469,True
0.975,12,10772,1024,7472,934,34,968,7.5625,7.296875,720,0.087890625,16,0.022222222222222223,217.0,1.78125,24.76620627019381,0.9445738769406693,0.001953125,0.21186183437501427,0.21518123749999063,934,945,1.011777301927195,24,443.73333333333335,1,16,0.0,217.63761018609208,826,860,6.71875,0.22911948359373469,True
0.975,13,18332,1024,7441,931,34,965,7.5390625,7.2666015625,751,0.0916748046875,9,0.011984021304926764,37.25,0.453125,32.41954083783598,0.9829592401038724,0.0010986328125,0.21186183437501427,0.21518123749999063,931,942,1.011815252416756,1817,653.875,1,9,0.0,47.8594730238394,797,831,6.4921875,0.22911948359373469,True
0.975,14,1003,1024,7270,909,34,943,7.3671875,7.099609375,922,0.112548828125,31,0.033622559652928416,173.75,2.046875,25.731555476057586,0.9558468107685681,0.0037841796875,0.21186183437501427,0.21518123749999063,909,920,1.012101210121012,442,237.03333333333333,1,31,0.0,183.61197110423117,789,823,6.4296875,0.22911948359373469,True
0.975,15,22156,1024,7137,893,34,927,7.2421875,6.9697265625,1055,0.1287841796875,13,0.012322274881516588,58.75,0.609375,30.440724899241363,0.9510394230912054,0.0015869140625,0.21186183437501427,0.21518123749999063,893,904,1.0123180291153415,3392,384.25,1,13,0.0,100.26666666666667,771,805,6.2890625,0.22911948359373469,True
0.975,16,26453,1024,6530,817,34,851,6.6484375,6.376953125,1662,0.202880859375,13,0.007821901323706379,61.0,0.78125,30.277505258571434,0.9618137623754985,0.0015869140625,0.21186183437501427,0.21518123749999063,817,828,1.0134638922888617,938,375.25,1,13,0.0,68.86879823594266,681,715,5.5859375,0.22911948359373469,True
0.975,17,17039,1024,6828,854,34,888,6.9375,6.66796875,1364,0.16650390625,22,0.016129032258064516,19.0625,0.5859375,35.32900504177049,0.9992193706118652,0.002685546875,0.21186183437501427,0.21518123749999063,854,865,1.0128805620608898,2027,285.2857142857143,3,20,0.0,25.317769130998702,705,739,5.7734375,0.22911948359373469,True
0.975,18,7166,1024,6920,865,34,899,7.0234375,6.7578125,1272,0.1552734375,65,0.05110062893081761,649.3125,5.8359375,20.00626597254712,0.8720636496169607,0.0079345703125,0.21186183437501427,0.21518123749999063,865,876,1.0127167630057803,520,102.015625,2,64,0.0,693.3222106360793,716,750,5.859375,0.22911948359373469,True
0.975,19,48310,1024,6535,817,34,851,6.6484375,6.3818359375,1657,0.2022705078125,45,0.02715751357875679,347.3125,3.4296875,22.72359946738456,0.9450803247752956,0.0054931640625,0.21186183437501427,0.21518123749999063,817,828,1.0134638922888617,244,168.6818181818182,2,44,0.0,357.79476861167,658,692,5.40625,0.22911948359373469,True
0.975,20,12187,1024,5818,728,34,762,5.953125,5.681640625,2374,0.289794921875,39,0.016427969671440605,351.765625,2.95703125,22.668269635015168,0.848474099935597,0.0047607421875,0.21186183437501427,0.21518123749999063,728,739,1.01510989010989,1276,141.47368421052633,3,33,0.0,416.42543352601155,576,610,4.765625,0.22911948359373469,True
0.975,21,20284,1024,5811,727,34,761,5.9453125,5.6748046875,2381,0.2906494140625,53,0.022259554808903823,227.8125,2.6171875,24.555028108698416,0.8546045636336435,0.0064697265625,0.21186183437501427,0.21518123749999063,727,738,1.015130674002751,2002,118.01923076923077,2,50,0.0,301.3953488372093,581,615,4.8046875,0.22911948359373469,True
0.975,22,1052,1024,7163,896,34,930,7.265625,6.9951171875,1029,0.1256103515625,22,0.021379980563654033,111.25,1.203125,27.66780341214941,0.9611187216951794,0.002685546875,0.21186183437501427,0.21518123749999063,896,907,1.0122767857142858,34,301.6190476190476,2,19,0.0,111.68627450980392,752,786,6.140625,0.22911948359373469,True
0.975,23,13752,1024,5182,648,34,682,5.328125,5.060546875,3010,0.367431640625,20,0.006644518272425249,76.4375,0.8203125,29.297738864875495,0.9222012558592902,0.00244140625,0.21186183437501427,0.21518123749999063,648,659,1.0169753086419753,1004,293.3157894736842,2,15,0.0,87.06562847608454,491,525,4.1015625,0.22911948359373469,True
0.975,24,37139,1024,6881,861,34,895,6.9921875,6.7197265625,1311,0.1600341796875,26,0.019832189168573607,140.1875,1.4609375,26.663710699408675,0.9474910004147516,0.003173828125,0.21186183437501427,0.21518123749999063,861,872,1.0127758420441346,44,301.0,2,25,0.0,140.87536800785082,708,742,5.796875,0.22911948359373469,True
0.975,25,29727,1024,7699,963,34,997,7.7890625,7.5185546875,493,0.0601806640625,13,0.02636916835699797,85.0,0.96875,28.836614351536177,0.9855925853881794,0.0015869140625,0.21186183437501427,0.21518123749999063,963,974,1.011422637590862,321,619.9166666666666,1,13,0.0,88.45528455284553,846,880,6.875,0.22911948359373469,True
0.975,26,41854,1024,6843,856,34,890,6.953125,6.6826171875,1349,0.1646728515625,11,0.00815418828762046,31.0,0.53125,33.217186670336375,0.9722088588460325,0.0013427734375,0.21186183437501427,0.21518123749999063,856,867,1.0128504672897196,4553,280.1,2,10,0.0,69.76703296703296,687,721,5.6328125,0.22911948359373469,True
0.975,27,40333,1024,7471,934,34,968,7.5625,7.2958984375,721,0.0880126953125,24,0.033287101248266296,182.75,1.734375,25.512229752380122,0.9559301112891332,0.0029296875,0.21186183437501427,0.21518123749999063,934,945,1.011777301927195,8,349.2608695652174,2,23,0.0,182.9286412512219,817,851,6.6484375,0.22911948359373469,True
0.975,28,33248,1024,5976,747,34,781,6.1015625,5.8359375,2216,0.2705078125,78,0.0351985559566787,160.52734375,2.091796875,26.07531341396268,0.949936517070929,0.009521484375,0.21186183437501427,0.21518123749999063,747,758,1.0147255689424364,375,97.79220779220779,4,50,0.0,168.07770961145195,604,638,4.984375,0.22911948359373469,True
0.975,29,9680,1024,7165,896,34,930,7.265625,6.9970703125,1027,0.1253662109375,22,0.021421616358325218,199.5,1.8125,25.131374608451434,0.970812092139815,0.002685546875,0.21186183437501427,0.21518123749999063,896,907,1.0122767857142858,17,350.5238095238095,1,22,0.0,199.8904109589041,750,784,6.125,0.22911948359373469,True
0.975,30,16805,1024,7335,917,34,951,7.4296875,7.1630859375,857,0.1046142578125,7,0.008168028004667444,40.0,0.5,32.11020369539948,0.9895412119948456,0.0008544921875,0.21186183437501427,0.21518123749999063,917,928,1.0119956379498365,4169,634.5,1,7,0.0,81.43141153081511,803,837,6.5390625,0.22911948359373469,True
0.975,31,14652,1024,6271,784,34,818,6.390625,6.1240234375,1921,0.2344970703125,23,0.011972930765226444,184.0,1.75,25.48262537858374,0.9137896684184301,0.0028076171875,0.21186183437501427,0.21518123749999063,784,795,1.0140306122448979,1816,165.8181818181818,2,19,0.0,236.4065244667503,621,655,5.1171875,0.22911948359373469,True
0.975,32,15793,1024,6439,805,34,839,6.5546875,6.2880859375,1753,0.2139892578125,19,0.010838562464346835,70.5,0.90625,29.648912438765116,0.9230183252995605,0.0023193359375,0.21186183437501427,0.21518123749999063,805,816,1.013664596273292,243,387.44444444444446,1,19,0.0,72.62776659959759,640,674,5.265625,0.22911948359373469,True
0.975,33,30210,1024,5546,694,34,728,5.6875,5.416015625,2646,0.322998046875,31,0.011715797430083144,13.65625,0.3984375,36.777489022173945,0.9806893864314602,0.0037841796875,0.21186183437501427,0.21518123749999063,694,705,1.015850144092219,556,236.76666666666668,3,23,0.0,14.642931937172776,534,568,4.4375,0.22911948359373469,True
0.975,34,47426,1024,7068,884,34,918,7.171875,6.90234375,1124,0.13720703125,16,0.014234875444839857,171.25,1.484375,25.79449780703447,0.9564318707396817,0.001953125,0.21186183437501427,0.21518123749999063,884,895,1.012443438914027,72,484.93333333333334,1,16,0.0,172.76847290640393,770,804,6.28125,0.22911948359373469,True
0.975,35,20875,1024,6892,862,34,896,7.0,6.73046875,1300,0.15869140625,44,0.033846153846153845,261.625,2.546875,23.954011195211674,0.9509193223060495,0.00537109375,0.21186183437501427,0.21518123749999063,862,873,1.0127610208816706,3056,119.27906976744185,2,40,0.0,417.29595015576325,717,751,5.8671875,0.22911948359373469,True
0.975,36,4161,1024,7214,902,34,936,7.3125,7.044921875,978,0.119384765625,26,0.026584867075664622,239.0,2.28125,24.346824599197724,0.8675390359336907,0.003173828125,0.21186183437501427,0.21518123749999063,902,913,1.0121951219512195,74,317.76,1,26,0.0,241.1192118226601,761,795,6.2109375,0.22911948359373469,True
0.975,37,40340,1024,6600,825,34,859,6.7109375,6.4453125,1592,0.1943359375,37,0.023241206030150754,82.203125,1.17578125,28.981920330546384,0.9599036756874527,0.0045166015625,0.21186183437501427,0.21518123749999063,825,836,1.0133333333333334,228,203.72222222222223,3,26,0.0,84.5140562248996,689,723,5.6484375,0.22911948359373469,True
0.975,38,28286,1024,7079,885,34,919,7.1796875,6.9130859375,1113,0.1358642578125,22,0.019766397124887692,46.625,0.859375,31.444615160511663,0.9828935457748499,0.002685546875,0.21186183437501427,0.21518123749999063,885,896,1.0124293785310734,27,362.95238095238096,2,19,0.0,46.76199804113614,751,785,6.1328125,0.22911948359373469,True
0.975,39,13256,1024,7462,933,34,967,7.5546875,7.287109375,730,0.089111328125,13,0.01780821917808219,134.0,1.125,26.859755625031028,0.9969184223753372,0.0015869140625,0.21186183437501427,0.21518123749999063,933,944,1.0117899249732047,280,86.0,2,12,0.0,138.74216380182003,819,853,6.6640625,0.22911948359373469,True
0.975,40,48934,1024,7002,876,34,910,7.109375,6.837890625,1190,0.145263671875,26,0.021848739495798318,170.375,1.671875,25.8167449202518,0.9558223973476099,0.003173828125,0.21186183437501427,0.21518123749999063,876,887,1.0125570776255708,698,289.24,2,25,0.0,186.19423692636073,768,802,6.265625,0.22911948359373469,True
0.975,41,11935,1024,6107,764,34,798,6.234375,5.9638671875,2085,0.2545166015625,13,0.006235011990407674,42.0,0.53125,31.898310704700098,0.966156457758163,0.0015869140625,0.21186183437501427,0.21518123749999063,764,775,1.0143979057591623,275,515.8333333333334,2,11,0.0,43.442424242424245,618,652,5.09375,0.22911948359373469,True
0.975,42,48447,1024,7167,896,34,930,7.265625,6.9990234375,1025,0.1251220703125,6,0.005853658536585366,14.0,0.25,36.66952325189672,0.9806921070637206,0.000732421875,0.21186183437501427,0.21518123749999063,896,907,1.0122767857142858,498,1011.0,2,5,0.0,14.902286902286903,769,803,6.2734375,0.22911948359373469,True
0.975,43,15492,1024,7766,971,34,1005,7.8515625,7.583984375,426,0.052001953125,11,0.025821596244131457,68.0,0.8125,29.80571448161674,0.9873035175163238,0.0013427734375,0.21186183437501427,0.21518123749999063,971,982,1.011328527291452,441,688.0,1,11,0.0,71.85964912280701,882,916,7.15625,0.22911948359373469,True
0.975,44,32513,1024,7399,925,34,959,7.4921875,7.2255859375,793,0.0968017578125,21,0.02648171500630517,245.25,2.078125,24.234713448159244,0.9385461677929767,0.0025634765625,0.21186183437501427,0.21518123749999063,925,936,1.011891891891892,696,354.4,1,21,0.0,268.0213447171825,800,834,6.515625,0.22911948359373469,True
0.975,45,36099,1024,6663,833,34,867,6.7734375,6.5068359375,1529,0.1866455078125,40,0.026160889470241987,90.26953125,1.392578125,28.575391735988944,0.9121138418826285,0.0048828125,0.21186183437501427,0.21518123749999063,833,844,1.0132052821128452,237,192.71794871794873,3,35,0.0,92.90050251256281,716,750,5.859375,0.22911948359373469,True
0.975,46,39260,1024,4970,622,34,656,5.125,4.853515625,3222,0.393310546875,32,0.009931719428926133,192.3828125,1.73046875,25.289140913461292,0.8834284539640709,0.00390625,0.21186183437501427,0.21518123749999063,622,633,1.017684887459807,1518,165.29032258064515,4,26,0.0,235.92814371257484,450,484,3.78125,0.22911948359373469,True
0.975,47,46517,1024,6061,758,34,792,6.1875,5.9189453125,2131,0.2601318359375,22,0.010323791647114031,61.375,0.9375,30.250888557368857,0.9522876786500032,0.002685546875,0.21186183437501427,0.21518123749999063,758,769,1.0145118733509235,2075,268.1904761904762,2,20,0.0,82.15424836601308,632,666,5.203125,0.22911948359373469,True
0.975,48,33095,1024,7305,914,34,948,7.40625,7.1337890625,887,0.1082763671875,7,0.007891770011273957,24.25,0.296875,34.283686179296275,0.9957206507578708,0.0008544921875,0.21186183437501427,0.21518123749999063,914,925,1.012035010940919,824,1197.6666666666667,1,7,0.0,26.96199782844734,787,821,6.4140625,0.22911948359373469,True
0.975,49,3,1024,7076,885,34,919,7.1796875,6.91015625,1116,0.13623046875,15,0.013440860215053764,57.0,0.90625,30.57205505195419,0.9107284729794914,0.0018310546875,0.21186183437501427,0.21518123749999063,885,896,1.0124293785310734,442,362.7857142857143,1,15,0.0,60.23529411764706,741,775,6.0546875,0.22911948359373469,True
0.975,50,21683,1024,6942,868,34,902,7.046875,6.779296875,1250,0.152587890625,13,0.0104,67.0,0.71875,29.87005558167084,0.9714321421138769,0.0015869140625,0.21186183437501427,0.21518123749999063,868,879,1.012672811059908,1776,450.8333333333333,2,11,0.0,85.54613466334165,714,748,5.84375,0.22911948359373469,True
0.975,51,13446,1024,7072,884,34,918,7.171875,6.90625,1120,0.13671875,19,0.016964285714285713,92.5625,1.0234375,28.466452850026265,0.9818565225960969,0.0023193359375,0.21186183437501427,0.21518123749999063,884,895,1.012443438914027,329,265.8333333333333,2,16,0.0,96.42319430315361,751,785,6.1328125,0.22911948359373469,True
0.975,52,49515,1024,6738,843,34,877,6.8515625,6.580078125,1454,0.177490234375,75,0.0515818431911967,316.5,4.5,23.127066465145365,0.9517539804393436,0.0091552734375,0.21186183437501427,0.21518123749999063,843,854,1.0130486358244366,265,106.58108108108108,2,72,0.0,327.0393541876892,713,747,5.8359375,0.22911948359373469,True
0.975,53,27943,1024,6940,868,34,902,7.046875,6.77734375,1252,0.15283203125,50,0.039936102236421724,469.25,4.109375,21.416760795745265,0.8998164576509792,0.006103515625,0.21186183437501427,0.21518123749999063,868,879,1.012672811059908,592,149.12244897959184,2,46,0.0,505.8021052631579,747,781,6.1015625,0.22911948359373469,True
0.975,54,29059,1024,7608,951,34,985,7.6953125,7.4296875,584,0.0712890625,23,0.039383561643835614,152.0,1.6875,26.31236772923138,0.985167514965197,0.0028076171875,0.21186183437501427,0.21518123749999063,951,962,1.0115667718191377,9,362.54545454545456,1,23,0.0,152.1485826001955,832,866,6.765625,0.22911948359373469,True
0.975,55,32738,1024,5242,656,34,690,5.390625,5.119140625,2950,0.360107421875,21,0.00711864406779661,36.09375,0.4921875,32.55648354959653,0.9593562715639263,0.0025634765625,0.21186183437501427,0.21518123749999063,656,667,1.016768292682927,1219,322.8,3,18,0.0,42.38532110091743,475,509,3.9765625,0.22911948359373469,True
0.975,56,445,1024,7475,935,34,969,7.5703125,7.2998046875,717,0.0875244140625,30,0.04184100418410042,218.75,2.171875,24.731322991735595,0.9345330322456334,0.003662109375,0.21186183437501427,0.21518123749999063,935,946,1.011764705882353,289,265.1034482758621,1,30,0.0,226.72064777327935,829,863,6.7421875,0.22911948359373469,True
0.975,57,32216,1024,6850,857,34,891,6.9609375,6.689453125,1342,0.163818359375,5,0.0037257824143070045,9.25,0.171875,38.46938628128878,0.9990102643987029,0.0006103515625,0.21186183437501427,0.21518123749999063,857,868,1.0128354725787632,6417,342.25,2,4,0.0,42.666666666666664,717,751,5.8671875,0.22911948359373469,True
0.975,58,18250,1024,7442,931,34,965,7.5390625,7.267578125,750,0.091552734375,8,0.010666666666666666,36.5,0.46875,32.50787496411436,0.9623771900353002,0.0009765625,0.21186183437501427,0.21518123749999063,931,942,1.011815252416756,67,1087.7142857142858,1,8,0.0,36.78740157480315,806,840,6.5625,0.22911948359373469,True
0.975,59,1684,1024,6929,867,34,901,7.0390625,6.7666015625,1263,0.1541748046875,57,0.04513064133016627,419.25,3.921875,21.906072895897868,0.8906088713452991,0.0069580078125,0.21186183437501427,0.21518123749999063,867,878,1.0126874279123415,136,137.32142857142858,3,46,0.0,426.3277060575968,714,748,5.84375,0.22911948359373469,True
0.975,60,2899,1024,6758,845,34,879,6.8671875,6.599609375,1434,0.175048828125,17,0.011854951185495118,61.0625,0.8515625,30.27305779805062,0.9572582272390375,0.0020751953125,0.21186183437501427,0.21518123749999063,845,856,1.01301775147929,353,457.0,3,14,0.0,63.80408163265306,730,764,5.96875,0.22911948359373469,True
0.975,61,39428,1024,6421,803,34,837,6.5390625,6.2705078125,1771,0.2161865234375,9,0.005081874647092038,62.5,0.59375,30.172003435238352,0.946159307228426,0.0010986328125,0.21186183437501427,0.21518123749999063,803,814,1.0136986301369864,1130,668.125,1,9,0.0,72.480181200453,665,699,5.4609375,0.22911948359373469,True
0.975,62,40758,1024,7119,890,34,924,7.21875,6.9521484375,1073,0.1309814453125,6,0.005591798695246971,88.0,0.625,28.685976887177418,0.9957254290849215,0.000732421875,0.21186183437501427,0.21518123749999063,890,901,1.0123595505617977,32,485.0,2,5,0.0,88.34509803921569,759,793,6.1953125,0.22911948359373469,True
0.975,63,29154,1024,7209,902,34,936,7.3125,7.0400390625,983,0.1199951171875,33,0.0335707019328586,250.25,2.546875,24.147062747165542,0.8715901515106017,0.0040283203125,0.21186183437501427,0.21518123749999063,902,913,1.0121951219512195,609,210.78125,1,33,0.0,270.3122362869198,787,821,6.4140625,0.22911948359373469,True
0.975,64,43958,1024,7220,903,34,937,7.3203125,7.05078125,972,0.11865234375,20,0.0205761316872428,205.0,1.78125,25.013264998121556,0.8594768527405982,0.00244140625,0.21186183437501427,0.21518123749999063,903,914,1.0121816168327795,4048,216.52631578947367,1,20,0.0,405.25096525096524,759,793,6.1953125,0.22911948359373469,True
0.975,65,33814,1024,7605,951,34,985,7.6953125,7.4267578125,587,0.0716552734375,16,0.027257240204429302,166.0,1.5,25.92972272827855,0.9543413078113836,0.001953125,0.21186183437501427,0.21518123749999063,951,962,1.0115667718191377,18,505.0,1,16,0.0,166.3248532289628,833,867,6.7734375,0.22911948359373469,True
0.975,66,34153,1024,6809,852,34,886,6.921875,6.6494140625,1383,0.1688232421875,43,0.03109182935647144,336.8125,3.3046875,22.856921599278095,0.9038263425750328,0.0052490234375,0.21186183437501427,0.21518123749999063,852,863,1.0129107981220657,1004,144.66666666666666,2,42,0.0,383.6440489432703,736,770,6.015625,0.22911948359373469,True
0.975,67,43609,1024,6738,843,34,877,6.8515625,6.580078125,1454,0.177490234375,62,0.04264099037138927,261.5,3.3125,23.956086676646173,0.8668337925163643,0.007568359375,0.21186183437501427,0.21518123749999063,843,854,1.0130486358244366,233,114.78688524590164,1,62,0.0,269.121608040201,724,758,5.921875,0.22911948359373469,True
0.975,68,10762,1024,6764,846,34,880,6.875,6.60546875,1428,0.17431640625,79,0.055322128851540614,280.34375,3.3125,23.653894825121146,0.8789120971324749,0.0096435546875,0.21186183437501427,0.21518123749999063,846,857,1.0130023640661938,664,83.2948717948718,4,57,0.0,305.0712008501594,735,769,6.0078125,0.22911948359373469,True
0.975,69,17898,1024,6273,785,34,819,6.3984375,6.1259765625,1919,0.2342529296875,11,0.005732152162584679,47.5,0.5,31.36386751243044,0.941802629548349,0.0013427734375,0.21186183437501427,0.21518123749999063,785,796,1.0140127388535032,1107,339.9,2,10,0.0,54.89841986455982,625,659,5.1484375,0.22911948359373469,True
0.975,70,43653,1024,6618,828,34,862,6.734375,6.462890625,1574,0.192138671875,29,0.018424396442185513,197.69140625,1.919921875,25.17092570154761,0.9033262260804653,0.0035400390625,0.21186183437501427,0.21518123749999063,828,839,1.0132850241545894,91,212.75,3,26,0.0,199.8381046396841,673,707,5.5234375,0.22911948359373469,True
0.975,71,14233,1024,7174,897,34,931,7.2734375,7.005859375,1018,0.124267578125,8,0.007858546168958742,80.0,0.75,29.099903738759668,0.9469965529239911,0.0009765625,0.21186183437501427,0.21518123749999063,897,908,1.0122630992196209,657,701.7142857142857,1,8,0.0,86.96390658174097,782,816,6.375,0.22911948359373469,True
0.975,72,39520,1024,7194,900,34,934,7.296875,7.025390625,998,0.121826171875,10,0.01002004008016032,37.25,0.484375,32.41954083783598,0.9572904705473716,0.001220703125,0.21186183437501427,0.21518123749999063,900,911,1.0122222222222221,179,428.1111111111111,1,10,0.0,38.06786427145708,739,773,6.0390625,0.22911948359373469,True
0.975,73,18138,1024,6786,849,34,883,6.8984375,6.626953125,1406,0.171630859375,0,0.0,0.0,0.0,,1.0,0.0,0.21186183437501427,0.21518123749999063,849,860,1.0129564193168434,,,0,0,,,703,737,5.7578125,0.22911948359373469,True
0.975,74,9212,1024,6500,813,34,847,6.6171875,6.34765625,1692,0.20654296875,2,0.001182033096926714,2.0,0.0625,45.12050365203929,0.9999904624293509,0.000244140625,0.21186183437501427,0.21518123749999063,813,824,1.013530135301353,82,8.0,1,2,0.0,2.019723865877712,650,684,5.34375,0.22911948359373469,True
0.975,75,6456,1024,7313,915,34,949,7.4140625,7.1416015625,879,0.1072998046875,11,0.012514220705346985,49.5,0.625,31.184751619343416,0.9942444840479816,0.0013427734375,0.21186183437501427,0.21518123749999063,915,926,1.0120218579234972,1265,660.8,1,11,0.0,58.531177829099306,789,823,6.4296875,0.22911948359373469,True
0.975,76,22948,1024,6462,808,34,842,6.578125,6.310546875,1730,0.211181640625,2,0.0011560693641618498,8.0,0.125,39.099903738759664,0.9894334985040221,0.000244140625,0.21186183437501427,0.21518123749999063,808,819,1.0136138613861385,5225,8.0,1,2,0.0,22.080862533692724,658,692,5.40625,0.22911948359373469,True
0.975,77,7591,1024,7461,933,34,967,7.5546875,7.2861328125,731,0.0892333984375,10,0.013679890560875513,97.0,0.90625,28.263086266016657,0.9589951430013668,0.001220703125,0.21186183437501427,0.21518123749999063,933,944,1.0117899249732047,817,761.8888888888889,1,10,0.0,107.73101952277658,837,871,6.8046875,0.22911948359373469,True
0.975,78,29996,1024,6553,820,34,854,6.671875,6.3994140625,1639,0.2000732421875,47,0.02867602196461257,277.40234375,2.396484375,23.699702347961384,0.957904896341332,0.0057373046875,0.21186183437501427,0.21518123749999063,820,831,1.0134146341463415,108,153.8695652173913,3,39,0.0,280.9693372898121,683,717,5.6015625,0.22911948359373469,True
0.975,79,10378,1024,6872,859,34,893,6.9765625,6.7109375,1320,0.1611328125,22,0.016666666666666666,138.375,1.375,26.72022726981131,0.9678545665532649,0.002685546875,0.21186183437501427,0.21518123749999063,859,870,1.0128055878928988,571,347.7142857142857,2,21,0.0,148.68415529905562,722,756,5.90625,0.22911948359373469,True
0.975,80,27337,1024,5840,730,34,764,5.96875,5.703125,2352,0.287109375,19,0.008078231292517007,31.84375,0.59375,33.1005615518139,0.968555520835782,0.0023193359375,0.21186183437501427,0.21518123749999063,730,741,1.015068493150685,1604,64.77777777777777,3,16,0.0,39.57281553398058,568,602,4.703125,0.22911948359373469,True
0.975,81,19965,1024,6437,805,34,839,6.5546875,6.2861328125,1755,0.2142333984375,40,0.022792022792022793,97.0625,1.3515625,28.260288877952764,0.9629754857706353,0.0048828125,0.21186183437501427,0.21518123749999063,805,816,1.013664596273292,796,174.92307692307693,2,35,0.0,107.45081081081081,647,681,5.3203125,0.22911948359373469,True
0.975,82,24405,1024,7248,906,34,940,7.34375,7.078125,944,0.115234375,24,0.025423728813559324,141.25,1.453125,26.630919043764344,0.9315659227820748,0.0029296875,0.21186183437501427,0.21518123749999063,906,917,1.0121412803532008,57,315.0869565217391,2,23,0.0,142.22222222222223,769,803,6.2734375,0.22911948359373469,True
0.975,83,45135,1024,7184,898,34,932,7.28125,7.015625,1008,0.123046875,4,0.003968253968253968,52.0,0.4375,30.97077017233111,0.9969076365259906,0.00048828125,0.21186183437501427,0.21518123749999063,898,909,1.012249443207127,641,901.0,1,4,0.0,56.40677966101695,756,790,6.171875,0.22911948359373469,True
0.975,84,11274,1024,6999,875,34,909,7.1015625,6.8349609375,1193,0.1456298828125,16,0.013411567476948869,141.5625,1.3046875,26.621321371749843,0.9493214202728472,0.001953125,0.21186183437501427,0.21518123749999063,875,886,1.0125714285714287,1632,402.93333333333334,1,16,0.0,176.78048780487805,744,778,6.078125,0.22911948359373469,True
0.975,85,1941,1024,6973,872,34,906,7.078125,6.8095703125,1219,0.1488037109375,8,0.006562756357670222,31.0,0.40625,33.217186670336375,0.9802886638083588,0.0009765625,0.21186183437501427,0.21518123749999063,872,883,1.0126146788990826,450,830.8571428571429,2,7,0.0,32.79338842975206,742,776,6.0625,0.22911948359373469,True
0.975,86,48940,1024,7270,909,34,943,7.3671875,7.099609375,922,0.112548828125,11,0.01193058568329718,62.0,0.6875,30.206886713696566,0.984617596156649,0.0013427734375,0.21186183437501427,0.21518123749999063,909,920,1.012101210121012,5017,269.6,2,10,0.0,159.91939546599497,797,831,6.4921875,0.22911948359373469,True
0.975,87,36794,1024,7123,891,34,925,7.2265625,6.9560546875,1069,0.1304931640625,32,0.029934518241347054,232.5,2.1875,24.466574036419377,0.9548666291423374,0.00390625,0.21186183437501427,0.21518123749999063,891,902,1.0123456790123457,112,259.16129032258067,2,30,0.0,235.72277227722773,747,781,6.1015625,0.22911948359373469,True
0.975,88,21994,1024,7058,883,34,917,7.1640625,6.892578125,1134,0.138427734375,16,0.014109347442680775,80.5,0.84375,29.07284480500042,0.959070402295458,0.001953125,0.21186183437501427,0.21518123749999063,883,894,1.0124575311438277,1913,417.2,3,13,0.0,105.00891719745223,744,778,6.078125,0.22911948359373469,True
0.975,89,49944,1024,6845,856,34,890,6.953125,6.6845703125,1347,0.1644287109375,18,0.013363028953229399,125.0,1.21875,27.16170347859854,0.9276520091992568,0.002197265625,0.21186183437501427,0.21518123749999063,856,867,1.0128504672897196,1312,258.3529411764706,3,14,0.0,148.8372093023256,709,743,5.8046875,0.22911948359373469,True
0.975,90,43442,1024,4051,507,34,541,4.2265625,3.9560546875,4141,0.5054931640625,8,0.001931900507123883,0.328125,0.04296875,52.97041040117878,0.9991105866775942,0.0009765625,0.21186183437501427,0.21518123749999063,507,518,1.0216962524654833,188,537.1428571428571,2,6,0.0,0.3356643356643357,302,336,2.625,0.22911948359373469,True
0.975,91,45096,1024,6316,790,34,824,6.4375,6.16796875,1876,0.22900390625,26,0.013859275053304905,133.0,1.53125,26.892287199008248,0.923446352116361,0.003173828125,0.21186183437501427,0.21518123749999063,790,801,1.0139240506329115,1001,197.44,2,22,0.0,151.49276974416017,631,665,5.1953125,0.22911948359373469,True
0.975,92,42430,1024,5509,689,34,723,5.6484375,5.3798828125,2683,0.3275146484375,102,0.0380171449869549,48.0625,1.25,31.31274003722404,0.9219551944904538,0.012451171875,0.21186183437501427,0.21518123749999063,689,700,1.0159651669085632,141,79.01980198019803,4,62,0.0,48.873882820258196,540,574,4.484375,0.22911948359373469,True
0.975,93,42255,1024,6263,783,34,817,6.3828125,6.1162109375,1929,0.2354736328125,18,0.00933125972006221,96.25,1.015625,28.29679622687372,0.9185715410709451,0.002197265625,0.21186183437501427,0.21518123749999063,783,794,1.0140485312899106,842,196.58823529411765,3,16,0.0,107.24700761697497,656,690,5.390625,0.22911948359373469,True
0.975,94,5771,1024,7275,910,34,944,7.375,7.1044921875,917,0.1119384765625,32,0.03489640130861505,181.23828125,1.849609375,25.548304259172628,0.978852120093064,0.00390625,0.21186183437501427,0.21518123749999063,910,921,1.012087912087912,171,245.09677419354838,2,29,0.0,185.03290129611167,777,811,6.3359375,0.22911948359373469,True
0.975,95,8320,1024,7438,930,34,964,7.53125,7.263671875,754,0.092041015625,18,0.023872679045092837,180.0,1.6875,25.578078557646045,0.9762537152620555,0.002197265625,0.21186183437501427,0.21518123749999063,930,941,1.0118279569892472,169,458.8235294117647,1,18,0.0,183.76869391824528,827,861,6.7265625,0.22911948359373469,True
0.975,96,48807,1024,7121,891,34,925,7.2265625,6.9541015625,1071,0.1307373046875,20,0.018674136321195144,196.0,1.6875,25.208242895114342,0.9699698782046389,0.00244140625,0.21186183437501427,0.21518123749999063,891,902,1.0123456790123457,272,145.68421052631578,2,16,0.0,202.73131313131313,755,789,6.1640625,0.22911948359373469,True
0.975,97,2675,1024,5534,692,34,726,5.671875,5.404296875,2658,0.324462890625,34,0.012791572610985704,70.75,0.953125,29.633539166715824,0.9250480179801468,0.004150390625,0.21186183437501427,0.21518123749999063,692,703,1.0158959537572254,586,222.27272727272728,4,27,0.0,76.18086225026288,515,549,4.2890625,0.22911948359373469,True
0.975,98,37658,1024,6817,853,34,887,6.9296875,6.6572265625,1375,0.1678466796875,1,0.0007272727272727272,0.25,0.015625,54.15140352195873,0.999885198222505,0.0001220703125,0.21186183437501427,0.21518123749999063,853,864,1.0128956623681125,5531,,1,1,0.0,0.7687687687687688,689,723,5.6484375,0.22911948359373469,True
0.975,99,45710,1024,6934,867,34,901,7.0390625,6.771484375,1258,0.153564453125,7,0.005564387917329093,60.0,0.5625,30.349291104842667,0.951506729243921,0.0008544921875,0.21186183437501427,0.21518123749999063,867,878,1.0126874279123415,2624,509.5,2,6,0.0,88.27586206896552,731,765,5.9765625,0.22911948359373469,True
0.975,100,15813,1024,6294,787,34,821,6.4140625,6.146484375,1898,0.231689453125,30,0.015806111696522657,149.0,1.46875,26.398940924556364,0.9622479586865674,0.003662109375,0.21186183437501427,0.21518123749999063,787,798,1.013977128335451,691,256.7241379310345,3,26,0.0,162.66098081023455,643,677,5.2890625,0.22911948359373469,True
0.975,101,7135,1024,7228,904,34,938,7.328125,7.05859375,964,0.11767578125,12,0.012448132780082987,52.0,0.625,30.97077017233111,0.9609202785865582,0.00146484375,0.21186183437501427,0.21518123749999063,904,915,1.0121681415929205,80,718.7272727272727,2,10,0.0,52.51282051282051,777,811,6.3359375,0.22911948359373469,True
0.975,102,31775,1024,6868,859,34,893,6.9765625,6.70703125,1324,0.16162109375,29,0.02190332326283988,350.0,3.0,22.69012316517635,0.8846595572850933,0.0035400390625,0.21186183437501427,0.21518123749999063,859,870,1.0128055878928988,1130,169.64285714285714,1,29,0.0,405.8890147225368,731,765,5.9765625,0.22911948359373469,True
0.975,103,31772,1024,6642,831,34,865,6.7578125,6.486328125,1550,0.189208984375,11,0.0070967741935483875,9.890625,0.22265625,38.178566248344424,0.9891668496622563,0.0013427734375,0.21186183437501427,0.21518123749999063,831,842,1.01323706377858,461,296.4,2,9,0.0,10.473629782833505,696,730,5.703125,0.22911948359373469,True
0.975,104,25160,1024,6254,782,34,816,6.375,6.107421875,1938,0.236572265625,27,0.01393188854489164,83.0625,1.2890625,28.93675362581103,0.907425737684565,0.0032958984375,0.21032319687500944,0.20771666093750696,782,793,1.014066496163683,888,238.0,2,23,0.0,93.16100766703177,627,661,5.1640625,0.21614751718749403,True
0.975,105,36108,1024,6063,758,34,792,6.1875,5.9208984375,2129,0.2598876953125,35,0.016439643024894316,84.09765625,1.087890625,28.882964684216702,0.9749247595555297,0.0042724609375,0.21032319687500944,0.20771666093750696,758,769,1.0145118733509235,565,134.5,1,35,0.0,90.26834381551363,624,658,5.140625,0.21614751718749403,True
0.975,106,1260,1024,6716,840,34,874,6.828125,6.55859375,1476,0.18017578125,14,0.009485094850948509,100.25,0.953125,28.119959795756905,0.9683393954710153,0.001708984375,0.21032319687500944,0.20771666093750696,840,851,1.013095238095238,1322,417.6923076923077,2,13,0.0,119.50640279394645,688,722,5.640625,0.21614751718749403,True
0.975,107,37885,1024,6999,875,34,909,7.1015625,6.8349609375,1193,0.1456298828125,19,0.01592623637887678,144.0,1.375,26.547178687726607,0.8985328060518715,0.0023193359375,0.21032319687500944,0.20771666093750696,875,886,1.0125714285714287,1202,154.61111111111111,2,18,0.0,168.71395881006865,744,778,6.078125,0.21614751718749403,True
0.975,108,41535,1024,6696,837,34,871,6.8046875,6.5390625,1496,0.1826171875,32,0.0213903743315508,220.90625,1.890625,24.688723575265175,0.9416089710922513,0.00390625,0.21032319687500944,0.20771666093750696,837,848,1.013142174432497,867,235.25806451612902,4,25,0.0,246.95196506550218,687,721,5.6328125,0.21614751718749403,True
0.975,109,44889,1024,6674,835,34,869,6.7890625,6.517578125,1518,0.185302734375,57,0.037549407114624504,393.23828125,3.884765625,22.184245716305455,0.8450750558927203,0.0069580078125,0.21032319687500944,0.20771666093750696,835,846,1.0131736526946107,396,139.01785714285714,2,53,0.0,413.00102564102565,706,740,5.78125,0.21614751718749403,True
0.975,110,28184,1024,7053,882,34,916,7.15625,6.8876953125,1139,0.1390380859375,2,0.001755926251097454,20.0,0.1875,35.12050365203929,0.9700248135805634,0.000244140625,0.21032319687500944,0.20771666093750696,882,893,1.0124716553287982,104,5585.0,1,2,0.0,20.25717111770524,741,775,6.0546875,0.21614751718749403,True
0.975,111,25319,1024,7067,884,34,918,7.171875,6.9013671875,1125,0.1373291015625,41,0.036444444444444446,363.0,3.40625,22.53173735831798,0.9489193316597765,0.0050048828125,0.21032319687500944,0.20771666093750696,884,895,1.012443438914027,3136,118.025,2,38,0.0,588.1518987341772,749,783,6.1171875,0.21614751718749403,True
0.975,112,11010,1024,6635,830,34,864,6.75,6.4794921875,1557,0.1900634765625,30,0.019267822736030827,224.25,2.109375,24.623479091517808,0.98004412194711,0.003662109375,0.21032319687500944,0.20771666093750696,830,841,1.0132530120481928,168,253.82758620689654,2,25,0.0,228.94516450648055,661,695,5.4296875,0.21614751718749403,True
0.975,113,33880,1024,6868,859,34,893,6.9765625,6.70703125,1324,0.16162109375,34,0.0256797583081571,231.25,2.234375,24.489986194568402,0.8369920223395774,0.004150390625,0.21032319687500944,0.20771666093750696,859,870,1.0128055878928988,264,199.54545454545453,2,29,0.0,238.9505549949546,731,765,5.9765625,0.21614751718749403,True
0.975,114,19307,1024,6278,785,34,819,6.3984375,6.130859375,1914,0.233642578125,7,0.0036572622779519333,13.5,0.25,36.827465923729044,0.9942811976874584,0.0008544921875,0.21032319687500944,0.20771666093750696,785,796,1.0140127388535032,547,1181.0,2,6,0.0,14.460251046025105,615,649,5.0703125,0.21614751718749403,True
0.975,115,12236,1024,5369,672,34,706,5.515625,5.2431640625,2823,0.3446044921875,16,0.005667729365922777,77.5,0.7734375,29.237786583616,0.9832787145820411,0.001953125,0.21032319687500944,0.20771666093750696,672,683,1.0163690476190477,1065,178.6,1,16,0.0,89.06846240179574,529,563,4.3984375,0.21614751718749403,True
0.975,116,13805,1024,6329,792,34,826,6.453125,6.1806640625,1863,0.2274169921875,54,0.028985507246376812,277.3125,2.7734375,23.701109148072803,0.8897221248863196,0.006591796875,0.21032319687500944,0.20771666093750696,792,803,1.0138888888888888,1346,126.18867924528301,3,47,0.0,331.7383177570093,630,664,5.1875,0.21614751718749403,True
0.975,117,5814,1024,5698,713,34,747,5.8359375,5.564453125,2494,0.304443359375,31,0.012429831595829992,106.390625,1.19140625,27.861770006734545,0.9602939385942837,0.0037841796875,0.21032319687500944,0.20771666093750696,713,724,1.0154277699859748,1053,230.36666666666667,3,27,0.0,121.99776035834266,571,605,4.7265625,0.21614751718749403,True
0.975,118,48485,1024,6994,875,34,909,7.1015625,6.830078125,1198,0.146240234375,50,0.041736227045075125,250.25,3.046875,24.147062747165542,0.980844943194109,0.006103515625,0.21032319687500944,0.20771666093750696,875,886,1.0125714285714287,305,159.20408163265307,2,47,0.0,259.894523326572,735,769,6.0078125,0.21614751718749403,True
0.975,119,12248,1024,6223,778,34,812,6.34375,6.0771484375,1969,0.2403564453125,14,0.007110208227526663,36.25,0.578125,32.53772349960898,0.9742604193618599,0.001708984375,0.21032319687500944,0.20771666093750696,778,789,1.0141388174807198,2314,371.15384615384613,3,12,0.0,50.50340136054422,648,682,5.328125,0.21614751718749403,True
0.975,120,458,1024,7107,889,34,923,7.2109375,6.9404296875,1085,0.1324462890625,21,0.01935483870967742,101.75,1.234375,28.055459429706527,0.9297865501980543,0.0025634765625,0.21032319687500944,0.20771666093750696,889,900,1.0123734533183353,1290,264.7,1,21,0.0,120.73232908458864,756,790,6.171875,0.21614751718749403,True
0.975,121,319,1024,6612,827,34,861,6.7265625,6.45703125,1580,0.19287109375,45,0.028481012658227847,227.859375,2.05859375,24.554134590575927,0.9840004613381382,0.0054931640625,0.21032319687500944,0.20771666093750696,827,838,1.0133010882708586,132,182.54545454545453,3,39,0.0,231.47619047619048,705,739,5.7734375,0.21614751718749403,True
0.975,122,21496,1024,6833,855,34,889,6.9453125,6.6728515625,1359,0.1658935546875,27,0.019867549668874173,105.75,1.140625,27.887999848208302,0.936729150114325,0.0032958984375,0.21032319687500944,0.20771666093750696,855,866,1.0128654970760234,65,280.0,3,19,0.0,106.58267716535433,713,747,5.8359375,0.21614751718749403,True
0.975,123,20390,1024,6388,799,34,833,6.5078125,6.23828125,1804,0.22021484375,43,0.02383592017738359,340.6875,3.1484375,22.807241614961384,0.9063862929416014,0.0052490234375,0.21032319687500944,0.20771666093750696,799,810,1.0137672090112642,338,120.19047619047619,2,41,0.0,355.25865580448067,663,697,5.4453125,0.21614751718749403,True
0.975,124,33691,1024,6585,824,34,858,6.703125,6.4306640625,1607,0.1961669921875,11,0.006845052893590542,60.5,0.71875,30.313249862154414,0.9875544526044279,0.0013427734375,0.21032319687500944,0.20771666093750696,824,835,1.0133495145631068,203,328.5,1,11,0.0,62.014014014014016,636,670,5.234375,0.21614751718749403,True
0.975,125,33872,1024,7715,965,34,999,7.8046875,7.5341796875,477,0.0582275390625,12,0.025157232704402517,126.0,1.0625,27.127098157503475,0.9558190421262603,0.00146484375,0.21032319687500944,0.20771666093750696,965,976,1.01139896373057,296,490.1818181818182,2,11,0.0,130.72340425531914,860,894,6.984375,0.21614751718749403,True
0.975,126,46987,1024,5756,720,34,754,5.890625,5.62109375,2436,0.29736328125,10,0.004105090311986864,25.125,0.421875,34.12974290439365,0.9685584878709851,0.001220703125,0.21032319687500944,0.20771666093750696,720,731,1.0152777777777777,3580,367.1111111111111,2,9,0.0,44.589254766031196,561,595,4.6484375,0.21614751718749403,True
0.975,127,26772,1024,7054,882,34,916,7.15625,6.888671875,1138,0.138916015625,15,0.013181019332161687,79.25,0.953125,29.140810899781215,0.9332851475051525,0.0018310546875,0.21032319687500944,0.20771666093750696,882,893,1.0124716553287982,1337,415.35714285714283,1,15,0.0,94.69311551925321,757,791,6.1796875,0.21614751718749403,True
0.975,128,7057,1024,6494,812,34,846,6.609375,6.341796875,1698,0.207275390625,44,0.02591283863368669,225.03125,2.46875,24.608375282669147,0.9692918191893316,0.00537109375,0.21032319687500944,0.20771666093750696,812,823,1.0135467980295567,99,173.53488372093022,2,40,0.0,227.699604743083,669,703,5.4921875,0.21614751718749403,True
0.975,129,30014,1024,6691,837,34,871,6.8046875,6.5341796875,1501,0.1832275390625,32,0.021319120586275817,107.875,1.46875,27.801595521446444,0.9727448282941392,0.00390625,0.21032319687500944,0.20771666093750696,837,848,1.013142174432497,18,243.83870967741936,4,28,0.0,108.08610567514677,691,725,5.6640625,0.21614751718749403,True
0.975,130,48237,1024,6540,818,34,852,6.65625,6.38671875,1652,0.20166015625,38,0.023002421307506054,229.25,2.359375,24.527710165258515,0.8623070063605315,0.004638671875,0.21032319687500944,0.20771666093750696,818,829,1.0134474327628362,377,208.27027027027026,2,33,0.0,240.27840327533266,693,727,5.6796875,0.21614751718749403,True
0.975,131,4823,1024,6937,868,34,902,7.046875,6.7744140625,1255,0.1531982421875,27,0.02151394422310757,119.625,1.359375,27.3525841008301,0.9810568734687758,0.0032958984375,0.21032319687500944,0.20771666093750696,868,879,1.012672811059908,155,257.1923076923077,1,27,0.0,121.8865671641791,714,748,5.84375,0.21614751718749403,True
0.975,132,26627,1024,7307,914,34,948,7.40625,7.1357421875,885,0.1080322265625,41,0.04632768361581921,491.0,4.03125,21.21998868744942,0.9347906160043284,0.0050048828125,0.21032319687500944,0.20771666093750696,914,925,1.012035010940919,656,155.825,2,38,0.0,533.7409766454352,780,814,6.359375,0.21614751718749403,True
0.975,133,12293,1024,7622,953,34,987,7.7109375,7.443359375,570,0.069580078125,19,0.03333333333333333,134.0,1.375,26.859755625031028,0.9564649358074157,0.0023193359375,0.21032319687500944,0.20771666093750696,953,964,1.011542497376705,944,344.0,2,18,0.0,151.45253863134658,858,892,6.96875,0.21614751718749403,True
0.975,134,32803,1024,6264,783,34,817,6.3828125,6.1171875,1928,0.2353515625,44,0.022821576763485476,87.9375,1.3515625,28.689062460890895,0.8895298514161308,0.00537109375,0.21032319687500944,0.20771666093750696,783,794,1.0140485312899106,1483,148.97674418604652,3,39,0.0,107.32777115613825,651,685,5.3515625,0.21614751718749403,True
0.975,135,41882,1024,5815,727,34,761,5.9453125,5.6787109375,2377,0.2901611328125,41,0.01724863273033235,91.25,1.421875,28.52847487739398,0.9631792791564285,0.0050048828125,0.21032319687500944,0.20771666093750696,727,738,1.015130674002751,2553,135.2,2,39,0.0,132.53900709219857,575,609,4.7578125,0.21614751718749403,True
0.975,136,10235,1024,6671,834,34,868,6.78125,6.5146484375,1521,0.1856689453125,21,0.013806706114398421,76.75,0.890625,29.280019767186864,0.9018540080855351,0.0025634765625,0.21032319687500944,0.20771666093750696,834,845,1.013189448441247,777,328.85,2,18,0.0,84.78101402373247,715,749,5.8515625,0.21614751718749403,True
0.975,137,30033,1024,7119,890,34,924,7.21875,6.9521484375,1073,0.1309814453125,15,0.013979496738117428,105.3125,1.0546875,27.906004383164777,0.9750507863566416,0.0018310546875,0.21032319687500944,0.20771666093750696,890,901,1.0123595505617977,4008,296.85714285714283,2,14,0.0,206.19502868068832,783,817,6.3828125,0.21614751718749403,True
0.975,138,20042,1024,7338,918,34,952,7.4375,7.166015625,854,0.104248046875,13,0.01522248243559719,74.0,0.8125,29.438486411369343,0.9820330189938623,0.0015869140625,0.21032319687500944,0.20771666093750696,918,929,1.0119825708061003,33,601.25,3,11,0.0,74.29019607843138,789,823,6.4296875,0.21614751718749403,True
0.975,139,29399,1024,6729,842,34,876,6.84375,6.5712890625,1463,0.1785888671875,12,0.008202323991797676,67.25,0.765625,29.85388072193465,0.9798819192301812,0.00146484375,0.21032319687500944,0.20771666093750696,842,853,1.013064133016627,353,706.1818181818181,1,12,0.0,70.26938775510204,703,737,5.7578125,0.21614751718749403,True
0.975,140,6463,1024,7676,960,34,994,7.765625,7.49609375,516,0.06298828125,4,0.007751937984496124,28.0,0.3125,33.65922329525691,0.9698818510364742,0.00048828125,0.21032319687500944,0.20771666093750696,960,971,1.0114583333333333,2153,1066.6666666666667,1,4,0.0,37.976158940397355,860,894,6.984375,0.21614751718749403,True
0.975,141,25920,1024,5431,679,34,713,5.5703125,5.3037109375,2761,0.3370361328125,13,0.004708438971387179,5.40625,0.1953125,40.801842360590214,0.9727982773272164,0.0015869140625,0.21032319687500944,0.20771666093750696,679,690,1.01620029455081,349,265.0833333333333,2,12,0.0,5.643221202854231,548,582,4.546875,0.21614751718749403,True
0.975,142,10327,1024,7906,989,34,1023,7.9921875,7.720703125,286,0.034912109375,6,0.02097902097902098,48.0,0.5,31.318391234923233,0.9810806807846953,0.000732421875,0.21032319687500944,0.20771666093750696,989,1000,1.0111223458038423,3577,580.6,1,6,0.0,85.18544194107453,902,936,7.3125,0.21614751718749403,True
0.975,143,3805,1024,6844,856,34,890,6.953125,6.68359375,1348,0.16455078125,32,0.02373887240356083,78.75,1.421875,29.168297984062722,0.9191712296138183,0.00390625,0.21032319687500944,0.20771666093750696,856,867,1.0128504672897196,530,176.2258064516129,2,30,0.0,84.17536534446764,729,763,5.9609375,0.21614751718749403,True
0.975,144,37879,1024,5142,643,34,677,5.2890625,5.021484375,3050,0.372314453125,43,0.014098360655737704,11.73828125,0.470703125,37.43475849841002,0.9697235774154584,0.0052490234375,0.21032319687500944,0.20771666093750696,643,654,1.0171073094867806,379,184.1904761904762,2,33,0.0,12.302968270214944,445,479,3.7421875,0.21614751718749403,True
0.975,145,22721,1024,6625,829,34,863,6.7421875,6.4697265625,1567,0.1912841796875,40,0.025526483726866625,285.0,2.625,23.582355008594003,0.8695138115947176,0.0048828125,0.21032319687500944,0.20771666093750696,829,840,1.0132689987937273,803,110.12820512820512,2,39,0.0,315.84415584415586,658,692,5.40625,0.21614751718749403,True
0.975,146,43932,1024,7198,900,34,934,7.296875,7.029296875,994,0.121337890625,9,0.009054325955734407,86.0,0.6875,28.785819096243426,0.9935251356288932,0.0010986328125,0.21032319687500944,0.20771666093750696,900,911,1.0122222222222221,120,329.25,2,8,0.0,87.2784935579782,759,793,6.1953125,0.21614751718749403,True
0.975,147,47270,1024,7275,910,34,944,7.375,7.1044921875,917,0.1119384765625,5,0.0054525627044711015,26.0,0.25,33.98107012897092,0.9991168407999457,0.0006103515625,0.21032319687500944,0.20771666093750696,910,921,1.012087912087912,4841,757.75,2,4,0.0,63.5417661097852,790,824,6.4375,0.21614751718749403,True
0.975,148,11091,1024,6359,795,34,829,6.4765625,6.2099609375,1833,0.2237548828125,52,0.028368794326241134,132.0,2.1875,26.925064296620604,0.937143303664756,0.00634765625,0.21032319687500944,0.20771666093750696,795,806,1.0138364779874214,537,141.37254901960785,2,48,0.0,141.24137931034483,639,673,5.2578125,0.21614751718749403,True
0.975,149,9736,1024,6872,859,34,893,6.9765625,6.7109375,1320,0.1611328125,24,0.01818181818181818,78.0,1.25,29.2098575817743,0.9155248116107451,0.0029296875,0.21032319687500944,0.20771666093750696,859,870,1.0128055878928988,936,294.3478260869565,2,22,0.0,88.06174200661522,740,774,6.046875,0.21614751718749403,True
0.975,150,23206,1024,6329,792,34,826,6.453125,6.1806640625,1863,0.2274169921875,50,0.026838432635534086,257.3125,2.9140625,24.02619476526349,0.8733875689315824,0.006103515625,0.21032319687500944,0.20771666093750696,792,803,1.0138888888888888,593,138.30612244897958,2,44,0.0,277.3557894736842,667,701,5.4765625,0.21614751718749403,True
0.975,151,25039,1024,7708,964,34,998,7.796875,7.52734375,484,0.05908203125,16,0.03305785123966942,128.0,1.25,27.05870391220042,0.959629862360961,0.001953125,0.21032319687500944,0.20771666093750696,964,975,1.0114107883817427,1752,348.8,1,16,0.0,162.8223602484472,865,899,7.0234375,0.21614751718749403,True
0.975,152,21014,1024,6028,754,34,788,6.15625,5.88671875,2164,0.26416015625,21,0.009704251386321626,63.66796875,0.662109375,30.09159366426377,0.9674922730771085,0.0025634765625,0.21032319687500944,0.20771666093750696,754,765,1.0145888594164456,421,381.65,1,21,0.0,67.07407407407408,617,651,5.0859375,0.21614751718749403,True
0.975,153,32412,1024,7391,924,34,958,7.484375,7.2177734375,801,0.0977783203125,51,0.06367041198501873,549.0,4.78125,20.735080164178186,0.7572925284010709,0.0062255859375,0.21032319687500944,0.20771666093750696,924,935,1.0119047619047619,88,161.64,2,49,0.0,554.9615004935835,823,857,6.6953125,0.21614751718749403,True
0.975,154,34022,1024,5513,690,34,724,5.65625,5.3837890625,2679,0.3270263671875,20,0.007465472191116088,43.34375,0.75,31.761538781145315,0.959474297039313,0.00244140625,0.21032319687500944,0.20771666093750696,690,701,1.0159420289855072,397,262.94736842105266,2,18,0.0,45.52205128205128,523,557,4.3515625,0.21614751718749403,True
0.975,155,21369,1024,6150,769,34,803,6.2734375,6.005859375,2042,0.249267578125,18,0.00881488736532811,152.28515625,1.283203125,26.304227876230662,0.9521601869516889,0.002197265625,0.21032319687500944,0.20771666093750696,769,780,1.0143042912873863,1670,286.7647058823529,2,17,0.0,191.10294117647058,610,644,5.03125,0.21614751718749403,True
0.975,156,41654,1024,7257,908,34,942,7.359375,7.0869140625,935,0.1141357421875,21,0.022459893048128343,72.25,1.078125,29.54242509439325,0.9666532558977433,0.0025634765625,0.21032319687500944,0.20771666093750696,908,919,1.0121145374449338,58,322.3,1,21,0.0,72.7472959685349,773,807,6.3046875,0.21614751718749403,True
0.975,157,11953,1024,7126,891,34,925,7.2265625,6.958984375,1066,0.130126953125,4,0.00375234521575985,16.0,0.25,36.08960378211985,0.9886095224102239,0.00048828125,0.21032319687500944,0.20771666093750696,891,902,1.0123456790123457,2873,338.6666666666667,1,4,0.0,24.637593984962407,747,781,6.1015625,0.21614751718749403,True
0.975,158,13700,1024,6751,844,34,878,6.859375,6.5927734375,1441,0.1759033203125,18,0.012491325468424705,150.125,1.328125,26.366273404569476,0.99806623624379,0.002197265625,0.21032319687500944,0.20771666093750696,844,855,1.0130331753554502,233,441.3529411764706,3,16,0.0,154.5005025125628,696,730,5.703125,0.21614751718749403,True
0.975,159,38205,1024,5952,744,34,778,6.078125,5.8125,2240,0.2734375,15,0.006696428571428571,43.875,0.5,31.7086323139403,0.9821514552264805,0.0018310546875,0.21032319687500944,0.20771666093750696,744,755,1.0147849462365592,2188,412.35714285714283,2,12,0.0,59.82423435419441,583,617,4.8203125,0.21614751718749403,True
0.975,160,40129,1024,6091,762,34,796,6.21875,5.9482421875,2101,0.2564697265625,9,0.004283674440742504,13.0,0.28125,36.99137008561073,0.9742290694709441,0.0010986328125,0.21032319687500944,0.20771666093750696,762,773,1.0144356955380578,905,407.125,2,7,0.0,14.612513721185511,606,640,5.0,0.21614751718749403,True
0.975,161,17080,1024,6179,773,34,807,6.3046875,6.0341796875,2013,0.2457275390625,42,0.020864381520119227,246.36328125,2.408203125,24.215043811532215,0.9332946458191976,0.005126953125,0.21032319687500944,0.20771666093750696,773,784,1.0142302716688227,1428,135.390243902439,2,40,0.0,298.1985815602837,620,654,5.109375,0.21614751718749403,True
0.975,162,1505,1024,7206,901,34,935,7.3046875,7.037109375,986,0.120361328125,34,0.034482758620689655,324.953125,2.79296875,23.012596430338768,0.9001391713092841,0.004150390625,0.21032319687500944,0.20771666093750696,901,912,1.0122086570477247,322,227.6060606060606,2,33,0.0,338.1626016260163,788,822,6.421875,0.21614751718749403,True
0.975,163,36391,1024,7313,915,34,949,7.4140625,7.1416015625,879,0.1072998046875,16,0.01820250284414107,91.0,0.96875,28.540389685468167,0.9607762721449506,0.001953125,0.21032319687500944,0.20771666093750696,915,926,1.0120218579234972,2233,373.8666666666667,1,16,0.0,125.07919463087248,780,814,6.359375,0.21614751718749403,True
0.975,164,24660,1024,7081,886,34,920,7.1875,6.9150390625,1111,0.1356201171875,31,0.0279027902790279,117.015625,1.43359375,27.448365042652956,0.9335533472301334,0.0037841796875,0.21032319687500944,0.20771666093750696,886,897,1.012415349887133,1680,213.93333333333334,4,26,0.0,147.2039312039312,756,790,6.171875,0.21614751718749403,True
0.975,165,24061,1024,6354,795,34,829,6.4765625,6.205078125,1838,0.224365234375,47,0.025571273122959738,240.59375,2.5078125,24.31796019558878,0.9319583939864079,0.0057373046875,0.21032319687500944,0.20771666093750696,795,806,1.0138364779874214,429,141.47826086956522,2,44,0.0,253.72605561277035,635,669,5.2265625,0.21614751718749403,True
0.975,166,10964,1024,5879,735,34,769,6.0078125,5.7412109375,2313,0.2823486328125,33,0.014267185473411154,85.75,1.125,28.798462321531023,0.9111118430122113,0.0040283203125,0.21032319687500944,0.20771666093750696,735,746,1.014965986394558,499,190.4375,3,26,0.0,91.27650727650727,586,620,4.84375,0.21614751718749403,True
0.975,167,20807,1024,7450,932,34,966,7.546875,7.275390625,742,0.090576171875,10,0.013477088948787063,51.5,0.5625,31.012731318267193,0.9879089740645637,0.001220703125,0.21032319687500944,0.20771666093750696,932,943,1.011802575107296,625,768.0,1,10,0.0,55.74630021141649,809,843,6.5859375,0.21614751718749403,True
0.975,168,33388,1024,7684,961,34,995,7.7734375,7.50390625,508,0.06201171875,13,0.025590551181102362,92.0,0.9375,28.49292533522355,0.9673421572955877,0.0015869140625,0.21032319687500944,0.20771666093750696,961,972,1.0114464099895941,1393,547.3333333333334,2,11,0.0,110.83294117647058,866,900,7.03125,0.21614751718749403,True
0.975,169,34571,1024,6743,843,34,877,6.8515625,6.5849609375,1449,0.1768798828125,39,0.026915113871635612,150.08203125,1.548828125,26.36751661936488,0.9901116255265036,0.0047607421875,0.21032319687500944,0.20771666093750696,843,854,1.0130486358244366,93,209.5,2,37,0.0,151.7117472852912,724,758,5.921875,0.21614751718749403,True
0.975,170,21194,1024,7261,908,34,942,7.359375,7.0908203125,931,0.1136474609375,21,0.022556390977443608,132.25,1.453125,26.91684680160687,0.9092059761440179,0.0025634765625,0.21032319687500944,0.20771666093750696,908,919,1.0121145374449338,282,395.2,1,21,0.0,136.93023255813952,778,812,6.34375,0.21614751718749403,True
0.975,171,32696,1024,6859,858,34,892,6.96875,6.6982421875,1333,0.1627197265625,34,0.025506376594148537,182.625,1.890625,25.51520131925557,0.9143732569338898,0.004150390625,0.21032319687500944,0.20771666093750696,858,869,1.0128205128205128,264,238.57575757575756,2,32,0.0,188.7063572149344,722,756,5.90625,0.21614751718749403,True
0.975,172,46005,1024,4769,597,34,631,4.9296875,4.6572265625,3423,0.4178466796875,43,0.012562080046742623,65.92578125,1.025390625,29.94025075788049,0.8458467247207659,0.0052490234375,0.21032319687500944,0.20771666093750696,597,608,1.018425460636516,1622,150.73809523809524,2,39,0.0,82.1265206812652,464,498,3.890625,0.21614751718749403,True
0.975,173,19269,1024,4866,609,34,643,5.0234375,4.751953125,3326,0.406005859375,58,0.017438364401683705,97.703125,1.18359375,28.231719061711292,0.8670295096135139,0.007080078125,0.21032319687500944,0.20771666093750696,609,620,1.0180623973727423,1018,119.19298245614036,4,42,0.0,111.53623188405797,457,491,3.8359375,0.21614751718749403,True
0.975,174,5503,1024,7659,958,34,992,7.75,7.4794921875,533,0.0650634765625,21,0.039399624765478425,174.0,1.75,25.725311125853104,0.9863588849101006,0.0025634765625,0.21032319687500944,0.20771666093750696,958,969,1.011482254697286,240,393.6,1,21,0.0,179.25150905432596,860,894,6.984375,0.21614751718749403,True
0.975,175,32979,1024,6797,850,34,884,6.90625,6.6376953125,1395,0.1702880859375,12,0.008602150537634409,102.0,1.0,28.04480189105993,0.9642447334843685,0.00146484375,0.21032319687500944,0.20771666093750696,850,861,1.0129411764705882,1801,512.6363636363636,1,12,0.0,130.72340425531914,665,699,5.4609375,0.21614751718749403,True
0.975,176,32764,1024,7332,917,34,951,7.4296875,7.16015625,860,0.10498046875,28,0.03255813953488372,246.25,2.234375,24.217041216982608,0.915212100882497,0.00341796875,0.21032319687500944,0.20771666093750696,917,928,1.0119956379498365,2289,197.59259259259258,2,26,0.0,341.68021680216805,797,831,6.4921875,0.21614751718749403,True
0.975,177,36396,1024,6287,786,34,820,6.40625,6.1396484375,1905,0.2325439453125,16,0.008398950131233596,28.75,0.546875,33.54442511842261,0.9524666134191885,0.001953125,0.21032319687500944,0.20771666093750696,786,797,1.0139949109414759,2027,402.1333333333333,3,13,0.0,38.184176394293125,640,674,5.265625,0.21614751718749403,True
0.975,178,16139,1024,4283,536,34,570,4.453125,4.1826171875,3909,0.4771728515625,94,0.024047070862113072,111.03125,1.4609375,27.676351316984885,0.9438162182507803,0.011474609375,0.21032319687500944,0.20771666093750696,536,547,1.0205223880597014,1373,66.63440860215054,2,89,0.0,133.28956623681125,394,428,3.34375,0.21614751718749403,True
0.975,179,32110,1024,6263,783,34,817,6.3828125,6.1162109375,1929,0.2354736328125,80,0.041472265422498704,131.23046875,1.748046875,26.95045680754006,0.94731050299548,0.009765625,0.21032319687500944,0.20771666093750696,783,794,1.0140485312899106,173,97.39240506329114,4,57,0.0,133.97806580259223,650,684,5.34375,0.21614751718749403,True
0.975,180,37930,1024,6805,851,34,885,6.9140625,6.6455078125,1387,0.1693115234375,48,0.03460706560922855,156.3125,2.3671875,26.190866517933323,0.9048593810497598,0.005859375,0.21032319687500944,0.20771666093750696,851,862,1.0129259694477086,116,119.74468085106383,2,46,0.0,158.47920792079208,714,748,5.84375,0.21614751718749403,True
0.975,181,5624,1024,7188,899,34,933,7.2890625,7.01953125,1004,0.12255859375,22,0.021912350597609563,243.0,2.09375,24.274740872695983,0.9701752545952347,0.002685546875,0.21032319687500944,0.20771666093750696,899,910,1.0122358175750834,953,339.85714285714283,2,21,0.0,274.9524861878453,762,796,6.21875,0.21614751718749403,True
0.975,182,37946,1024,6700,838,34,872,6.8125,6.54296875,1492,0.18212890625,9,0.006032171581769437,40.25,0.453125,32.08314476164023,0.998380958553412,0.0010986328125,0.21032319687500944,0.20771666093750696,838,849,1.0131264916467781,243,956.875,2,8,0.0,41.46478873239437,668,702,5.484375,0.21614751718749403,True
0.975,183,6616,1024,7618,953,34,987,7.7109375,7.439453125,574,0.070068359375,15,0.02613240418118467,73.5625,0.9296875,29.464238806804005,0.978845047954995,0.0018310546875,0.21032319687500944,0.20771666093750696,953,964,1.011542497376705,4024,230.92857142857142,1,15,0.0,144.5834932821497,839,873,6.8203125,0.21614751718749403,True
0.975,184,11706,1024,6742,843,34,877,6.8515625,6.583984375,1450,0.177001953125,20,0.013793103448275862,95.078125,1.01171875,28.349997522857137,0.9874114675678559,0.00244140625,0.21032319687500944,0.20771666093750696,843,854,1.0130486358244366,203,417.57894736842104,2,18,0.0,97.45745745745745,736,770,6.015625,0.21614751718749403,True
0.975,185,10558,1024,6751,844,34,878,6.859375,6.5927734375,1441,0.1759033203125,39,0.027064538514920196,93.8291015625,0.9365234375,28.40742803002321,0.9997552150253621,0.0047607421875,0.21032319687500944,0.20771666093750696,844,855,1.0130331753554502,108,118.52631578947368,2,28,0.0,95.03560830860535,677,711,5.5546875,0.21614751718749403,True
0.975,186,18351,1024,6442,806,34,840,6.5625,6.291015625,1750,0.213623046875,24,0.013714285714285714,155.51953125,1.384765625,26.21295422286773,0.957600324304074,0.0029296875,0.21032319687500944,0.20771666093750696,806,817,1.0136476426799008,195,344.82608695652175,3,20,0.0,159.252,643,677,5.2890625,0.21614751718749403,True
0.975,187,15023,1024,6707,839,34,873,6.8203125,6.5498046875,1485,0.1812744140625,5,0.003367003367003367,10.0,0.1875,38.1308036086791,0.9884496060052717,0.0006103515625,0.21032319687500944,0.20771666093750696,839,850,1.0131108462455305,522,1101.75,2,4,0.0,10.67778936392075,679,713,5.5703125,0.21614751718749403,True
0.975,188,9490,1024,6461,808,34,842,6.578125,6.3095703125,1731,0.2113037109375,8,0.00462160600808781,17.25,0.328125,35.76291261458617,0.9913790247790742,0.0009765625,0.21032319687500944,0.20771666093750696,808,819,1.0136138613861385,490,146.14285714285714,1,8,0.0,18.342679127725855,633,667,5.2109375,0.21614751718749403,True
0.975,189,6355,1024,6565,821,34,855,6.6796875,6.4111328125,1627,0.1986083984375,18,0.011063306699446834,104.25,1.171875,27.950042972221155,0.9795059127477767,0.002197265625,0.21032319687500944,0.20771666093750696,821,832,1.0133982947624847,472,449.0,2,17,0.0,110.6238341968912,672,706,5.515625,0.21614751718749403,True
0.975,190,8857,1024,4668,584,34,618,4.828125,4.55859375,3524,0.43017578125,45,0.012769580022701475,131.42578125,1.517578125,26.943997935411108,0.8513260396082818,0.0054931640625,0.21032319687500944,0.20771666093750696,584,595,1.018835616438356,2580,102.04545454545455,2,38,0.0,191.7094017094017,424,458,3.578125,0.21614751718749403,True
0.975,191,31811,1024,6397,800,34,834,6.515625,6.2470703125,1795,0.2191162109375,15,0.008356545961002786,81.25,0.921875,29.032569912169986,0.9607088536828661,0.0018310546875,0.21032319687500944,0.20771666093750696,800,811,1.01375,225,397.7142857142857,2,14,0.0,83.53413654618474,646,680,5.3125,0.21614751718749403,True
0.975,192,10400,1024,7178,898,34,932,7.28125,7.009765625,1014,0.123779296875,3,0.0029585798816568047,48.0,0.375,31.318391234923233,0.9618751799279773,0.0003662109375,0.21032319687500944,0.20771666093750696,898,909,1.012249443207127,4624,664.0,1,3,0.0,110.20627802690584,776,810,6.328125,0.21614751718749403,True
0.975,193,275,1024,6772,847,34,881,6.8828125,6.61328125,1420,0.17333984375,29,0.020422535211267606,133.0,1.65625,26.892287199008248,0.9325147010095344,0.0035400390625,0.21032319687500944,0.20771666093750696,847,858,1.0129870129870129,457,255.5,2,28,0.0,140.83971044467424,699,733,5.7265625,0.21614751718749403,True
0.975,194,26152,1024,6921,866,34,900,7.03125,6.7587890625,1271,0.1551513671875,76,0.05979543666404406,251.3828125,2.4140625,24.12744780006358,0.9509089939084822,0.00927734375,0.21032319687500944,0.20771666093750696,866,877,1.01270207852194,300,96.4,4,44,0.0,260.806484295846,749,783,6.1171875,0.21614751718749403,True
0.975,195,13037,1024,5764,721,34,755,5.8984375,5.62890625,2428,0.29638671875,20,0.008237232289950576,82.27734375,0.853515625,28.978000984254226,0.959293532214105,0.00244140625,0.21032319687500944,0.20771666093750696,721,732,1.015256588072122,1310,236.73684210526315,3,18,0.0,97.85365853658537,580,614,4.796875,0.21614751718749403,True
0.975,196,41203,1024,7385,924,34,958,7.484375,7.2119140625,807,0.0985107421875,19,0.023543990086741014,162.0,1.5625,26.035653463252793,0.9506394315989629,0.0023193359375,0.21032319687500944,0.20771666093750696,924,935,1.0119047619047619,609,236.0,2,18,0.0,174.9873417721519,813,847,6.6171875,0.21614751718749403,True
0.975,197,43709,1024,5760,720,34,754,5.890625,5.625,2432,0.296875,29,0.011924342105263159,97.4375,0.9921875,28.243542283349935,0.9542930720701337,0.0035400390625,0.21032319687500944,0.20771666093750696,720,731,1.0152777777777777,140,285.39285714285717,4,22,0.0,99.08242303872889,566,600,4.6875,0.21614751718749403,True
0.975,198,43572,1024,6898,863,34,897,7.0078125,6.736328125,1294,0.157958984375,28,0.021638330757341576,179.0,1.78125,25.60227329888017,0.9551018928920222,0.00341796875,0.21032319687500944,0.20771666093750696,863,874,1.0127462340672073,241,290.3333333333333,2,22,0.0,184.40241448692154,708,742,5.796875,0.21614751718749403,True
0.975,199,23390,1024,7002,876,34,910,7.109375,6.837890625,1190,0.145263671875,3,0.0025210084033613447,20.0,0.1875,35.12050365203929,0.9855773651799298,0.0003662109375,0.21032319687500944,0.20771666093750696,876,887,1.0125570776255708,7024,4.0,2,2,0.0,140.27397260273972,745,779,6.0859375,0.21614751718749403,True
0.99,0,712,1024,7591,949,34,983,7.6796875,7.4130859375,601,0.0733642578125,10,0.016638935108153077,100.0,0.9375,28.130803608679106,0.967022749189257,0.001220703125,0.21032319687500944,0.20771666093750696,949,960,1.01159114857745,2400,611.5555555555555,1,10,0.0,141.4364640883978,754,788,6.15625,0.21614751718749403,True
0.99,1,24774,1024,7375,922,34,956,7.46875,7.2021484375,817,0.0997314453125,15,0.01835985312117503,78.25,0.890625,29.195960146494244,0.9693753164794847,0.0018310546875,0.21032319687500944,0.20771666093750696,922,933,1.0119305856832972,363,302.2142857142857,1,15,0.0,81.84678243105209,733,767,5.9921875,0.21614751718749403,True
0.99,2,45142,1024,7764,971,34,1005,7.8515625,7.58203125,428,0.05224609375,2,0.004672897196261682,8.0,0.125,39.099903738759664,0.9999388819007029,0.000244140625,0.21032319687500944,0.20771666093750696,971,982,1.011328527291452,3569,8.0,1,2,0.0,14.173010380622838,832,866,6.765625,0.21614751718749403,True
0.99,3,27119,1024,6144,768,34,802,6.265625,6.0,2048,0.25,25,0.01220703125,59.98828125,0.693359375,30.35013941909852,0.9892652075485591,0.0030517578125,0.21032319687500944,0.20771666093750696,768,776,1.0104166666666667,245,330.9166666666667,3,20,0.0,61.798792756539235,588,622,4.859375,0.21614751718749403,True
0.99,4,21139,1024,6864,858,34,892,6.96875,6.703125,1328,0.162109375,7,0.005271084337349397,42.0,0.4375,31.898310704700098,0.9998024679974147,0.0008544921875,0.21032319687500944,0.20771666093750696,858,869,1.0128205128205128,7145,45.166666666666664,2,6,0.0,328.30534351145036,659,693,5.4140625,0.21614751718749403,True
0.99,5,19129,1024,7057,883,34,917,7.1640625,6.8916015625,1135,0.1385498046875,5,0.004405286343612335,9.0,0.15625,38.58837851428585,0.9966014735570813,0.0006103515625,0.21032319687500944,0.20771666093750696,883,894,1.0124575311438277,5401,238.25,3,3,0.0,26.406876790830946,698,732,5.71875,0.21614751718749403,True
0.99,6,6433,1024,6725,841,34,875,6.8359375,6.5673828125,1467,0.1790771484375,9,0.006134969325153374,57.3125,0.5546875,30.54831007853814,0.9297758411158913,0.0010986328125,0.21032319687500944,0.20771666093750696,841,852,1.0130796670630202,948,494.875,2,8,0.0,64.77704194260485,636,670,5.234375,0.21614751718749403,True
0.99,7,38854,1024,7377,923,34,957,7.4765625,7.2041015625,815,0.0994873046875,3,0.0036809815950920245,32.25,0.265625,33.04550641896624,0.9847463446335439,0.0003662109375,0.21032319687500944,0.20771666093750696,923,934,1.0119176598049837,5232,433.5,1,3,0.0,89.25405405405405,725,759,5.9296875,0.21614751718749403,True
0.99,8,22489,1024,7257,908,34,942,7.359375,7.0869140625,935,0.1141357421875,1,0.0010695187165775401,4.0,0.0625,42.11020369539948,0.9998595949394664,0.0001220703125,0.21032319687500944,0.20771666093750696,908,919,1.0121145374449338,2033,,1,1,0.0,5.3194805194805195,725,759,5.9296875,0.21614751718749403,True
0.99,9,31104,1024,6662,833,34,867,6.7734375,6.505859375,1530,0.186767578125,4,0.00261437908496732,4.0,0.125,42.11020369539948,0.9975591258592984,0.00048828125,0.21032319687500944,0.20771666093750696,833,844,1.0132052821128452,1042,1221.3333333333333,1,4,0.0,4.58165548098434,631,665,5.1953125,0.21614751718749403,True
0.99,10,21349,1024,7508,939,34,973,7.6015625,7.33203125,684,0.08349609375,1,0.0014619883040935672,4.0,0.0625,42.11020369539948,0.9999384363745452,0.0001220703125,0.21032319687500944,0.20771666093750696,939,950,1.0117145899893503,7849,,1,1,0.0,95.25581395348837,765,799,6.2421875,0.21614751718749403,True
0.99,11,29116,1024,7024,878,34,912,7.125,6.859375,1168,0.142578125,10,0.008561643835616438,66.25,0.609375,29.91894478259065,0.9897930899603753,0.001220703125,0.21032319687500944,0.20771666093750696,878,889,1.0125284738041003,731,721.4444444444445,1,10,0.0,72.71168274383709,674,708,5.53125,0.21614751718749403,True
0.99,12,10772,1024,7765,971,34,1005,7.8515625,7.5830078125,427,0.0521240234375,6,0.01405152224824356,84.0,0.6875,28.88801074806029,0.9840967949742974,0.000732421875,0.21032319687500944,0.20771666093750696,971,982,1.011328527291452,24,1003.2,1,6,0.0,84.24681684622918,827,861,6.7265625,0.21614751718749403,True
0.99,13,18332,1024,7791,974,34,1008,7.875,7.6083984375,401,0.0489501953125,0,0.0,0.0,0.0,,1.0,0.0,0.21032319687500944,0.20771666093750696,974,985,1.01129363449692,,,0,0,,,796,830,6.484375,0.21614751718749403,True
0.99,14,1003,1024,7623,953,34,987,7.7109375,7.4443359375,569,0.0694580078125,8,0.014059753954305799,53.0,0.59375,30.888044912671212,0.9958711778933439,0.0009765625,0.21032319687500944,0.20771666093750696,953,964,1.011542497376705,442,1015.8571428571429,1,8,0.0,56.008255933952526,795,829,6.4765625,0.21614751718749403,True
0.99,15,22156,1024,7497,938,34,972,7.59375,7.3212890625,695,0.0848388671875,2,0.0028776978417266188,0.5,0.03125,51.141103565318915,0.9999994809646913,0.000244140625,0.21032319687500944,0.20771666093750696,938,949,1.011727078891258,7979,8.0,1,2,0.0,18.962962962962962,773,807,6.3046875,0.21614751718749403,True
0.99,16,26453,1024,6882,861,34,895,6.9921875,6.720703125,1310,0.159912109375,1,0.0007633587786259542,4.0,0.0625,42.11020369539948,0.9967433137427774,0.0001220703125,0.21032319687500944,0.20771666093750696,861,872,1.0127758420441346,2145,,1,1,0.0,5.417989417989418,684,718,5.609375,0.21614751718749403,True
0.99,17,17039,1024,7250,907,34,941,7.3515625,7.080078125,942,0.114990234375,1,0.0010615711252653928,1.0,0.03125,48.1308036086791,0.9999992831344177,0.0001220703125,0.21032319687500944,0.20771666093750696,907,918,1.0121278941565601,7418,,1,1,0.0,10.556701030927835,709,743,5.8046875,0.21614751718749403,True
0.99,18,7166,1024,7301,913,34,947,7.3984375,7.1298828125,891,0.1087646484375,2,0.002244668911335578,8.0,0.125,39.099903738759664,0.9953120314259123,0.000244140625,0.21032319687500944,0.20771666093750696,913,924,1.0120481927710843,1145,8.0,1,2,0.0,9.298524404086265,712,746,5.828125,0.21614751718749403,True
0.99,19,48310,1024,7077,885,34,919,7.1796875,6.9111328125,1115,0.1361083984375,14,0.012556053811659192,68.0,0.875,29.80571448161674,0.9802293033260036,0.001708984375,0.21032319687500944,0.20771666093750696,885,896,1.0124293785310734,1266,492.3076923076923,1,14,0.0,80.40646651270208,660,694,5.421875,0.21614751718749403,True
0.99,20,12187,1024,6319,790,34,824,6.4375,6.1708984375,1873,0.2286376953125,0,0.0,0.0,0.0,,1.0,0.0,0.21032319687500944,0.20771666093750696,790,801,1.0139240506329115,,,0,0,,,568,602,4.703125,0.21614751718749403,True
0.99,21,20284,1024,6245,781,34,815,6.3671875,6.0986328125,1947,0.2376708984375,0,0.0,0.0,0.0,,1.0,0.0,0.21032319687500944,0.20771666093750696,781,792,1.0140845070422535,,,0,0,,,570,604,4.71875,0.21614751718749403,True
0.99,22,1052,1024,7581,948,34,982,7.671875,7.4033203125,611,0.0745849609375,6,0.009819967266775777,50.0,0.4375,31.141103565318918,0.9890336310635841,0.000732421875,0.21032319687500944,0.20771666093750696,948,959,1.011603375527426,6104,52.8,1,6,0.0,196.16858237547893,753,787,6.1484375,0.21614751718749403,True
0.99,23,13752,1024,5666,709,34,743,5.8046875,5.533203125,2526,0.308349609375,10,0.00395882818685669,48.25,0.484375,31.29583043188099,0.9372616867056736,0.001220703125,0.21032319687500944,0.20771666093750696,709,720,1.0155148095909732,4026,279.8888888888889,2,8,0.0,94.83301343570058,489,523,4.0859375,0.21614751718749403,True
0.99,24,37139,1024,7278,910,34,944,7.375,7.107421875,914,0.111572265625,11,0.012035010940919038,102.75,0.890625,28.012985303198036,0.992074163405752,0.0013427734375,0.21032319687500944,0.20771666093750696,910,921,1.012087912087912,7115,45.4,1,11,0.0,779.3777777777777,709,743,5.8046875,0.21614751718749403,True
0.99,25,29727,1024,7987,999,34,1033,8.0703125,7.7998046875,205,0.0250244140625,2,0.00975609756097561,8.0,0.125,39.099903738759664,0.9925246290243922,0.000244140625,0.21032319687500944,0.20771666093750696,999,1010,1.011011011011011,3265,8.0,1,2,0.0,13.2987012987013,846,880,6.875,0.21614751718749403,True
0.99,26,41854,1024,7316,915,34,949,7.4140625,7.14453125,876,0.10693359375,2,0.00228310502283105,2.0,0.0625,45.12050365203929,0.9997422738843005,0.000244140625,0.21032319687500944,0.20771666093750696,915,926,1.0120218579234972,7378,8.0,1,2,0.0,20.07843137254902,688,722,5.640625,0.21614751718749403,True
0.99,27,40333,1024,7809,977,34,1011,7.8984375,7.6259765625,383,0.0467529296875,4,0.010443864229765013,41.0,0.34375,32.00296504148175,0.9998171304024638,0.00048828125,0.21032319687500944,0.20771666093750696,977,988,1.0112589559877174,8,760.6666666666666,1,4,0.0,41.04007820136852,818,852,6.65625,0.21614751718749403,True
0.99,28,33248,1024,6365,796,34,830,6.484375,6.2158203125,1827,0.2230224609375,13,0.0071154898741105635,26.63671875,0.287109375,33.87599635735127,0.9993909480173375,0.0015869140625,0.21032319687500944,0.20771666093750696,796,807,1.013819095477387,878,395.5,4,7,0.0,29.80983606557377,603,637,4.9765625,0.21614751718749403,True
0.99,29,9680,1024,7495,937,34,971,7.5859375,7.3193359375,697,0.0850830078125,4,0.005738880918220947,52.0,0.4375,30.97077017233111,0.9995659316523502,0.00048828125,0.21032319687500944,0.20771666093750696,937,948,1.0117395944503735,17,261.0,1,4,0.0,52.10176125244618,751,785,6.1328125,0.21614751718749403,True
0.99,30,16805,1024,7685,961,34,995,7.7734375,7.5048828125,507,0.0618896484375,2,0.0039447731755424065,8.0,0.125,39.099903738759664,0.9936015107659795,0.000244140625,0.21032319687500944,0.20771666093750696,961,972,1.0114464099895941,7089,184.0,1,2,0.0,59.36231884057971,803,837,6.5390625,0.21614751718749403,True
0.99,31,14652,1024,6695,837,34,871,6.8046875,6.5380859375,1497,0.1827392578125,2,0.0013360053440213762,8.0,0.125,39.099903738759664,0.9952547997597037,0.000244140625,0.21032319687500944,0.20771666093750696,837,848,1.013142174432497,2849,1464.0,1,2,0.0,12.263473053892216,615,649,5.0703125,0.21614751718749403,True
0.99,32,15793,1024,6895,862,34,896,7.0,6.7333984375,1297,0.1583251953125,6,0.004626060138781804,34.75,0.328125,32.721255519417774,0.98112665213708,0.000732421875,0.20306095078126418,0.2039235648437625,862,873,1.0127610208816706,1003,1167.4,1,6,0.0,39.581757508342605,644,678,5.296875,0.22126595234377078,True
0.99,33,30210,1024,6210,777,34,811,6.3359375,6.064453125,1982,0.241943359375,9,0.004540867810292634,3.0625,0.1328125,43.270042634953214,0.984830378318313,0.0010986328125,0.20306095078126418,0.2039235648437625,777,788,1.0141570141570142,556,857.875,2,7,0.0,3.2837696335078532,542,576,4.5,0.22126595234377078,True
0.99,34,47426,1024,7377,923,34,957,7.4765625,7.2041015625,815,0.0994873046875,4,0.0049079754601227,34.0,0.3125,32.81601443825655,0.9850958935471447,0.00048828125,0.20306095078126418,0.2039235648437625,923,934,1.0119176598049837,5776,523.3333333333334,1,4,0.0,115.28476821192054,773,807,6.3046875,0.22126595234377078,True
0.99,35,20875,1024,7303,913,34,947,7.3984375,7.1318359375,889,0.1085205078125,7,0.007874015748031496,49.0,0.46875,31.228842808393967,0.9843776729632056,0.0008544921875,0.20306095078126418,0.2039235648437625,913,924,1.0120481927710843,3056,170.83333333333334,2,6,0.0,78.15576323987538,713,747,5.8359375,0.22126595234377078,True
0.99,36,4161,1024,7523,941,34,975,7.6171875,7.3466796875,669,0.0816650390625,5,0.007473841554559043,20.0,0.3125,35.12050365203929,0.9890041892956024,0.0006103515625,0.20306095078126418,0.2039235648437625,941,952,1.0116896918172158,4225,592.0,1,5,0.0,41.29032258064516,759,793,6.1953125,0.22126595234377078,True
0.99,37,40340,1024,7137,893,34,927,7.2421875,6.9697265625,1055,0.1287841796875,11,0.01042654028436019,17.625,0.3125,35.66951235204474,0.9984773160586312,0.0013427734375,0.20306095078126418,0.2039235648437625,893,904,1.0123180291153415,460,79.0,2,7,0.0,18.66390899689762,693,727,5.6796875,0.22126595234377078,True
0.99,38,28286,1024,7554,945,34,979,7.6484375,7.376953125,638,0.077880859375,6,0.009404388714733543,25.5,0.3125,34.06540180433955,0.9985082525608081,0.000732421875,0.20306095078126418,0.2039235648437625,945,956,1.0116402116402117,27,1514.8,1,6,0.0,25.57492654260529,756,790,6.171875,0.22126595234377078,True
0.99,39,13256,1024,7770,972,34,1006,7.859375,7.587890625,422,0.051513671875,13,0.030805687203791468,134.0,1.125,26.859755625031028,0.9969184223753372,0.0015869140625,0.20306095078126418,0.2039235648437625,972,983,1.0113168724279835,280,86.0,2,12,0.0,138.74216380182003,820,854,6.671875,0.22126595234377078,True
0.99,40,48934,1024,7320,915,34,949,7.4140625,7.1484375,872,0.1064453125,11,0.01261467889908257,51.0625,0.5859375,31.049782869914196,0.9884286331603561,0.0013427734375,0.20306095078126418,0.2039235648437625,915,926,1.0120218579234972,937,699.2,1,11,0.0,57.649393605292175,768,802,6.265625,0.22126595234377078,True
0.99,41,11935,1024,6600,825,34,859,6.7109375,6.4453125,1592,0.1943359375,2,0.001256281407035176,8.0,0.125,39.099903738759664,0.9912960350398397,0.000244140625,0.20306095078126418,0.2039235648437625,825,836,1.0133333333333334,2505,8.0,1,2,0.0,11.521800281293952,619,653,5.1015625,0.22126595234377078,True
0.99,42,48447,1024,7453,932,34,966,7.546875,7.2783203125,739,0.0902099609375,0,0.0,0.0,0.0,,1.0,0.0,0.20306095078126418,0.2039235648437625,932,943,1.011802575107296,,,0,0,,,771,805,6.2890625,0.22126595234377078,True
0.99,43,15492,1024,8020,1003,34,1037,8.1015625,7.83203125,172,0.02099609375,3,0.01744186046511628,12.0,0.1875,37.33899114820285,0.9993796208024814,0.0003662109375,0.20306095078126418,0.2039235648437625,1003,1014,1.0109670987038883,441,3436.0,1,3,0.0,12.681114551083592,886,920,7.1875,0.22126595234377078,True
0.99,44,32513,1024,7677,960,34,994,7.765625,7.4970703125,515,0.0628662109375,5,0.009708737864077669,80.0,0.625,29.099903738759668,0.9701437971018672,0.0006103515625,0.20306095078126418,0.2039235648437625,960,971,1.0114583333333333,4808,196.0,1,5,0.0,193.6643026004728,796,830,6.484375,0.22126595234377078,True
0.99,45,36099,1024,7113,890,34,924,7.21875,6.9462890625,1079,0.1317138671875,23,0.021316033364226137,40.19140625,0.724609375,32.0894715895727,0.9525189973133169,0.0028076171875,0.20306095078126418,0.2039235648437625,890,901,1.0123595505617977,237,311.5,3,18,0.0,41.36281407035176,716,750,5.859375,0.22126595234377078,True
0.99,46,39260,1024,5660,708,34,742,5.796875,5.52734375,2532,0.30908203125,6,0.002369668246445498,29.0,0.34375,33.50682362968954,0.9873627307708895,0.000732421875,0.20306095078126418,0.2039235648437625,708,719,1.015536723163842,2018,271.8,2,5,0.0,38.46632124352332,458,492,3.84375,0.22126595234377078,True
0.99,47,46517,1024,6541,818,34,852,6.65625,6.3876953125,1651,0.2015380859375,9,0.005451241671714113,17.375,0.3125,35.731555476057586,0.9923442266506841,0.0010986328125,0.20306095078126418,0.2039235648437625,818,829,1.0134474327628362,2075,160.75,2,7,0.0,23.25751633986928,635,669,5.2265625,0.22126595234377078,True
0.99,48,33095,1024,7649,957,34,991,7.7421875,7.4697265625,543,0.0662841796875,5,0.009208103130755065,27.0,0.28125,33.81716596708923,0.9950672796655932,0.0006103515625,0.20306095078126418,0.2039235648437625,957,968,1.0114942528735633,824,1796.5,1,5,0.0,30.019543973941367,791,825,6.4453125,0.22126595234377078,True
0.99,49,3,1024,7463,933,34,967,7.5546875,7.2880859375,729,0.0889892578125,10,0.013717421124828532,40.0,0.625,32.11020369539948,0.9574553410495954,0.001220703125,0.20306095078126418,0.2039235648437625,933,944,1.0117899249732047,3377,238.22222222222223,1,10,0.0,68.03986710963456,742,776,6.0625,0.22126595234377078,True
0.99,50,21683,1024,7323,916,34,950,7.421875,7.1513671875,869,0.1060791015625,6,0.006904487917146145,36.25,0.359375,32.53772349960898,0.9928100309010782,0.000732421875,0.20306095078126418,0.2039235648437625,916,927,1.012008733624454,1776,521.6,2,5,0.0,46.28428927680798,717,751,5.8671875,0.22126595234377078,True
0.99,51,13446,1024,7401,926,34,960,7.5,7.2275390625,791,0.0965576171875,7,0.008849557522123894,21.0,0.34375,34.90861066133991,0.9982909974622878,0.0008544921875,0.20306095078126418,0.2039235648437625,926,937,1.011879049676026,745,682.6666666666666,2,6,0.0,23.097744360902254,752,786,6.140625,0.22126595234377078,True
0.99,52,49515,1024,7181,898,34,932,7.28125,7.0126953125,1011,0.1234130859375,63,0.06231454005934718,241.5,3.71875,24.301632257803796,0.9745924930851978,0.0076904296875,0.20306095078126418,0.2039235648437625,898,909,1.012249443207127,265,127.20967741935483,2,61,0.0,249.54187689202826,712,746,5.828125,0.22126595234377078,True
0.99,53,27943,1024,7339,918,34,952,7.4375,7.1669921875,853,0.1041259765625,7,0.008206330597889801,89.0,0.71875,28.636903542229977,0.991153062329635,0.0008544921875,0.20306095078126418,0.2039235648437625,918,929,1.0119825708061003,592,1120.0,1,7,0.0,95.93263157894737,751,785,6.1328125,0.22126595234377078,True
0.99,54,29059,1024,7912,989,34,1023,7.9921875,7.7265625,280,0.0341796875,6,0.02142857142857143,36.0,0.4375,32.56777860100623,0.9951013358844595,0.000732421875,0.20306095078126418,0.2039235648437625,989,1000,1.0111223458038423,9,1593.4,1,6,0.0,36.03519061583578,836,870,6.796875,0.22126595234377078,True
0.99,55,32738,1024,5902,738,34,772,6.03125,5.763671875,2290,0.279541015625,9,0.003930131004366812,25.703125,0.26953125,34.03094432565804,0.9741234265915008,0.0010986328125,0.20306095078126418,0.2039235648437625,738,749,1.0149051490514904,1219,514.625,2,8,0.0,30.18348623853211,476,510,3.984375,0.22126595234377078,True
0.99,56,445,1024,7786,974,34,1008,7.875,7.603515625,406,0.049560546875,4,0.009852216748768473,22.25,0.234375,34.6575034555096,0.9997725428856038,0.00048828125,0.20306095078126418,0.2039235648437625,974,985,1.01129363449692,289,2560.0,1,4,0.0,23.060728744939272,830,864,6.75,0.22126595234377078,True
0.99,57,32216,1024,7192,899,34,933,7.2890625,7.0234375,1000,0.1220703125,0,0.0,0.0,0.0,,1.0,0.0,0.20306095078126418,0.2039235648437625,899,910,1.0122358175750834,,,0,0,,,718,752,5.875,0.22126595234377078,True
0.99,58,18250,1024,7772,972,34,1006,7.859375,7.58984375,420,0.05126953125,0,0.0,0.0,0.0,,1.0,0.0,0.20306095078126418,0.2039235648437625,972,983,1.0113168724279835,,,0,0,,,808,842,6.578125,0.22126595234377078,True
0.99,59,1684,1024,7405,926,34,960,7.5,7.2314453125,787,0.0960693359375,12,0.015247776365946633,70.25,0.765625,29.664340322907925,0.9746947120284677,0.00146484375,0.20306095078126418,0.2039235648437625,926,937,1.011879049676026,649,582.4545454545455,1,12,0.0,76.28419936373277,707,741,5.7890625,0.22126595234377078,True
0.99,60,2899,1024,7118,890,34,924,7.21875,6.951171875,1074,0.131103515625,5,0.004655493482309125,14.0,0.25,36.66952325189672,0.9950326060312159,0.0006103515625,0.20306095078126418,0.2039235648437625,890,901,1.0123595505617977,353,1894.25,1,5,0.0,14.628571428571428,731,765,5.9765625,0.22126595234377078,True
0.99,61,39428,1024,6828,854,34,888,6.9375,6.66796875,1364,0.16650390625,1,0.0007331378299120235,4.0,0.0625,42.11020369539948,0.9948351756092823,0.0001220703125,0.20306095078126418,0.2039235648437625,854,865,1.0128805620608898,5545,,1,1,0.0,12.374622356495468,665,699,5.4609375,0.22126595234377078,True
0.99,62,40758,1024,7404,926,34,960,7.5,7.23046875,788,0.09619140625,2,0.0025380710659898475,32.0,0.25,33.07930382548004,0.9999950793127567,0.000244140625,0.20306095078126418,0.2039235648437625,926,937,1.011879049676026,32,8.0,1,2,0.0,32.12549019607843,759,793,6.1953125,0.22126595234377078,True
0.99,63,29154,1024,7560,945,34,979,7.6484375,7.3828125,632,0.0771484375,5,0.007911392405063292,44.0,0.4375,31.69627684381723,0.9893722876132318,0.0006103515625,0.20306095078126418,0.2039235648437625,945,956,1.0116402116402117,609,1598.0,1,5,0.0,47.527426160337555,788,822,6.421875,0.22126595234377078,True
0.99,64,43958,1024,7633,955,34,989,7.7265625,7.4541015625,559,0.0682373046875,5,0.008944543828264758,65.0,0.53125,30.00167004225055,0.9620076100442594,0.0006103515625,0.20306095078126418,0.2039235648437625,955,966,1.0115183246073298,6016,536.5,1,5,0.0,244.7058823529412,759,793,6.1953125,0.22126595234377078,True
0.99,65,33814,1024,7844,981,34,1015,7.9296875,7.66015625,348,0.04248046875,2,0.005747126436781609,32.0,0.25,33.07930382548004,0.9855261286090687,0.000244140625,0.20306095078126418,0.2039235648437625,981,992,1.0112130479102956,3240,8.0,1,2,0.0,52.93699515347335,834,868,6.78125,0.22126595234377078,True
0.99,66,34153,1024,7234,905,34,939,7.3359375,7.064453125,958,0.116943359375,8,0.008350730688935281,64.0625,0.6328125,30.06476478132062,0.9839440176165782,0.0009765625,0.20306095078126418,0.2039235648437625,905,916,1.0121546961325967,1004,639.5714285714286,1,8,0.0,72.96996662958843,736,770,6.015625,0.22126595234377078,True
0.99,67,43609,1024,7216,902,34,936,7.3125,7.046875,976,0.119140625,3,0.0030737704918032786,8.25,0.140625,38.966264123179855,0.9915085327631085,0.0003662109375,0.20306095078126418,0.2039235648437625,902,913,1.0121951219512195,1409,2913.0,1,3,0.0,9.962264150943396,725,759,5.9296875,0.22126595234377078,True
0.99,68,10762,1024,7199,900,34,934,7.296875,7.0302734375,993,0.1212158203125,11,0.011077542799597181,37.5,0.375,32.390490931401914,0.9777399819439803,0.0013427734375,0.20306095078126418,0.2039235648437625,900,911,1.0122222222222221,664,646.5,4,6,0.0,40.807651434643994,734,768,6.0,0.22126595234377078,True
0.99,69,17898,1024,6790,849,34,883,6.8984375,6.630859375,1402,0.171142578125,0,0.0,0.0,0.0,,1.0,0.0,0.20306095078126418,0.2039235648437625,849,860,1.0129564193168434,,,0,0,,,623,657,5.1328125,0.22126595234377078,True
0.99,70,43653,1024,7032,879,34,913,7.1328125,6.8671875,1160,0.1416015625,6,0.005172413793103448,50.0,0.4375,31.141103565318918,0.9683519385817925,0.000732421875,0.20306095078126418,0.2039235648437625,879,890,1.012514220705347,3504,508.8,1,6,0.0,87.37201365187714,669,703,5.4921875,0.22126595234377078,True
0.99,71,14233,1024,7550,944,34,978,7.640625,7.373046875,642,0.078369140625,0,0.0,0.0,0.0,,1.0,0.0,0.20306095078126418,0.2039235648437625,944,955,1.0116525423728813,,,0,0,,,782,816,6.375,0.22126595234377078,True
0.99,72,39520,1024,7558,945,34,979,7.6484375,7.380859375,634,0.077392578125,0,0.0,0.0,0.0,,1.0,0.0,0.20306095078126418,0.2039235648437625,945,956,1.0116402116402117,,,0,0,,,736,770,6.015625,0.22126595234377078,True
0.99,73,18138,1024,7175,897,34,931,7.2734375,7.0068359375,1017,0.1241455078125,0,0.0,0.0,0.0,,1.0,0.0,0.20306095078126418,0.2039235648437625,897,908,1.0122630992196209,,,0,0,,,704,738,5.765625,0.22126595234377078,True
0.99,74,9212,1024,6877,860,34,894,6.984375,6.7158203125,1315,0.1605224609375,0,0.0,0.0,0.0,,1.0,0.0,0.20306095078126418,0.2039235648437625,860,871,1.0127906976744185,,,0,0,,,652,686,5.359375,0.22126595234377078,True
0.99,75,6456,1024,7662,958,34,992,7.75,7.482421875,530,0.064697265625,6,0.011320754716981131,48.0,0.5,31.318391234923233,0.9951359784155859,0.000732421875,0.20306095078126418,0.2039235648437625,958,969,1.011482254697286,1265,1270.2,1,6,0.0,56.75750577367206,793,827,6.4609375,0.22126595234377078,True
0.99,76,22948,1024,6914,865,34,899,7.0234375,6.751953125,1278,0.156005859375,0,0.0,0.0,0.0,,1.0,0.0,0.20306095078126418,0.2039235648437625,865,876,1.0127167630057803,,,0,0,,,659,693,5.4140625,0.22126595234377078,True
0.99,77,7591,1024,7718,965,34,999,7.8046875,7.537109375,474,0.057861328125,2,0.004219409282700422,32.0,0.25,33.07930382548004,0.9825438179433243,0.000244140625,0.20306095078126418,0.2039235648437625,965,976,1.01139896373057,4136,8.0,1,2,0.0,64.63116370808679,837,871,6.8046875,0.22126595234377078,True
0.99,78,29996,1024,7026,879,34,913,7.1328125,6.861328125,1166,0.142333984375,4,0.003430531732418525,36.0009765625,0.3134765625,32.56766079268605,0.995299779050152,0.00048828125,0.20306095078126418,0.2039235648437625,879,890,1.012514220705347,239,699.0,1,4,0.0,37.050251256281406,682,716,5.59375,0.22126595234377078,True
0.99,79,10378,1024,7245,906,34,940,7.34375,7.0751953125,947,0.1156005859375,2,0.0021119324181626186,8.0,0.125,39.099903738759664,0.9999369966234922,0.000244140625,0.20306095078126418,0.2039235648437625,906,917,1.0121412803532008,7801,8.0,1,2,0.0,167.18367346938774,722,756,5.90625,0.22126595234377078,True
0.99,80,27337,1024,6320,790,34,824,6.4375,6.171875,1872,0.228515625,0,0.0,0.0,0.0,,1.0,0.0,0.20306095078126418,0.2039235648437625,790,801,1.0139240506329115,,,0,0,,,573,607,4.7421875,0.22126595234377078,True
0.99,81,19965,1024,7014,877,34,911,7.1171875,6.849609375,1178,0.143798828125,7,0.005942275042444821,31.0,0.34375,33.217186670336375,0.9930046483126413,0.0008544921875,0.20306095078126418,0.2039235648437625,877,888,1.0125427594070695,1082,1003.8333333333334,2,6,0.0,35.70753655793026,653,687,5.3671875,0.22126595234377078,True
0.99,82,24405,1024,7563,946,34,980,7.65625,7.3857421875,629,0.0767822265625,5,0.00794912559618442,57.0,0.46875,30.57205505195419,0.9548653043064275,0.0006103515625,0.20306095078126418,0.2039235648437625,946,957,1.0116279069767442,1344,256.0,1,5,0.0,68.18691588785046,767,801,6.2578125,0.22126595234377078,True
0.99,83,45135,1024,7592,949,34,983,7.6796875,7.4140625,600,0.0732421875,2,0.0033333333333333335,20.0,0.1875,35.12050365203929,0.9991330421585053,0.000244140625,0.20306095078126418,0.2039235648437625,949,960,1.01159114857745,641,7.0,1,2,0.0,21.694915254237287,757,791,6.1796875,0.22126595234377078,True
0.99,84,11274,1024,7367,921,34,955,7.4609375,7.1943359375,825,0.1007080078125,4,0.0048484848484848485,32.5625,0.2734375,33.00362620224311,0.9845720496591759,0.00048828125,0.20306095078126418,0.2039235648437625,921,932,1.011943539630836,1632,2014.6666666666667,1,4,0.0,40.66341463414634,744,778,6.078125,0.22126595234377078,True
0.99,85,1941,1024,7343,918,34,952,7.4375,7.1708984375,849,0.1036376953125,0,0.0,0.0,0.0,,1.0,0.0,0.20306095078126418,0.2039235648437625,918,929,1.0119825708061003,,,0,0,,,741,775,6.0546875,0.22126595234377078,True
0.99,86,48940,1024,7531,942,34,976,7.625,7.3544921875,661,0.0806884765625,6,0.009077155824508321,37.0,0.40625,32.44878636800915,0.9925563987597752,0.000732421875,0.20306095078126418,0.2039235648437625,942,953,1.0116772823779194,6952,101.0,1,6,0.0,244.43870967741935,795,829,6.4765625,0.22126595234377078,True
0.99,87,36794,1024,7534,942,34,976,7.625,7.357421875,658,0.080322265625,17,0.025835866261398176,165.0,1.46875,25.955964166540042,0.9745521121964871,0.0020751953125,0.20306095078126418,0.2039235648437625,942,953,1.0116772823779194,112,376.5625,2,16,0.0,167.2871287128713,751,785,6.1328125,0.22126595234377078,True
0.99,88,21994,1024,7416,927,34,961,7.5078125,7.2421875,776,0.0947265625,4,0.005154639175257732,10.0,0.1875,38.1308036086791,0.9965115024196521,0.00048828125,0.20306095078126418,0.2039235648437625,927,938,1.011866235167206,1913,2085.6666666666665,1,4,0.0,13.044585987261147,748,782,6.109375,0.22126595234377078,True
0.99,89,49944,1024,7292,912,34,946,7.390625,7.12109375,900,0.10986328125,0,0.0,0.0,0.0,,1.0,0.0,0.20306095078126418,0.2039235648437625,912,923,1.0120614035087718,,,0,0,,,706,740,5.78125,0.22126595234377078,True
0.99,90,43442,1024,4800,600,34,634,4.953125,4.6875,3392,0.4140625,0,0.0,0.0,0.0,,1.0,0.0,0.20306095078126418,0.2039235648437625,600,611,1.0183333333333333,,,0,0,,,302,336,2.625,0.22126595234377078,True
0.99,91,45096,1024,6725,841,34,875,6.8359375,6.5673828125,1467,0.1790771484375,6,0.00408997955010225,11.0,0.21875,37.71687675709685,0.9968945811139267,0.000732421875,0.20306095078126418,0.2039235648437625,841,852,1.0130796670630202,1001,654.6,2,5,0.0,12.529477196885429,630,664,5.1875,0.22126595234377078,True
0.99,92,42430,1024,6167,771,34,805,6.2890625,6.0224609375,2025,0.2471923828125,25,0.012345679012345678,11.90625,0.3984375,37.37305363512197,0.9735951000510423,0.0030517578125,0.20306095078126418,0.2039235648437625,771,782,1.014267185473411,1563,252.0,4,17,0.0,14.706875753920386,548,582,4.546875,0.22126595234377078,True
0.99,93,42255,1024,6661,833,34,867,6.7734375,6.5048828125,1531,0.1868896484375,4,0.002612671456564337,8.25,0.140625,38.966264123179855,0.9990462437303876,0.00048828125,0.20306095078126418,0.2039235648437625,833,844,1.0132052821128452,842,5.333333333333333,1,4,0.0,9.19260065288357,653,687,5.3671875,0.22126595234377078,True
0.99,94,5771,1024,7626,954,34,988,7.71875,7.447265625,566,0.069091796875,2,0.0035335689045936395,0.5625,0.0234375,50.6295783408451,0.9999992388169245,0.000244140625,0.20306095078126418,0.2039235648437625,954,965,1.0115303983228512,171,1.0,2,1,0.0,0.5742771684945165,788,822,6.421875,0.22126595234377078,True
0.99,95,8320,1024,7725,966,34,1000,7.8125,7.5439453125,467,0.0570068359375,1,0.0021413276231263384,4.0,0.0625,42.11020369539948,0.9999988372506335,0.0001220703125,0.20306095078126418,0.2039235648437625,966,977,1.0113871635610765,7697,,1,1,0.0,66.06451612903226,829,863,6.7421875,0.22126595234377078,True
0.99,96,48807,1024,7462,933,34,967,7.5546875,7.287109375,730,0.089111328125,9,0.012328767123287671,88.0,0.75,28.685976887177418,0.9816616926659071,0.0010986328125,0.20306095078126418,0.2039235648437625,933,944,1.0117899249732047,272,346.0,2,7,0.0,91.02222222222223,751,785,6.1328125,0.22126595234377078,True
0.99,97,2675,1024,6122,766,34,800,6.25,5.978515625,2070,0.252685546875,1,0.0004830917874396135,4.0,0.0625,42.11020369539948,0.9974510320042446,0.0001220703125,0.20306095078126418,0.2039235648437625,766,777,1.014360313315927,4817,,1,1,0.0,9.706161137440759,517,551,4.3046875,0.22126595234377078,True
0.99,98,37658,1024,7235,905,34,939,7.3359375,7.0654296875,957,0.1168212890625,0,0.0,0.0,0.0,,1.0,0.0,0.20306095078126418,0.2039235648437625,905,916,1.0121546961325967,,,0,0,,,691,725,5.6640625,0.22126595234377078,True
0.99,99,45710,1024,7288,911,34,945,7.3828125,7.1171875,904,0.1103515625,0,0.0,0.0,0.0,,1.0,0.0,0.20306095078126418,0.2039235648437625,911,922,1.0120746432491767,,,0,0,,,730,764,5.96875,0.22126595234377078,True
0.99,100,15813,1024,6742,843,34,877,6.8515625,6.583984375,1450,0.177001953125,8,0.005517241379310344,54.25,0.484375,30.786806183473434,0.9924190849940753,0.0009765625,0.20306095078126418,0.2039235648437625,843,854,1.0130486358244366,7576,75.42857142857143,2,6,0.0,721.4545454545455,641,675,5.2734375,0.22126595234377078,True
0.99,101,7135,1024,7535,942,34,976,7.625,7.3583984375,657,0.0802001953125,3,0.0045662100456621,5.0,0.09375,41.141103565318915,0.9997383306229666,0.0003662109375,0.20306095078126418,0.2039235648437625,942,953,1.0116772823779194,80,3693.0,2,2,0.0,5.04930966469428,777,811,6.3359375,0.22126595234377078,True
0.99,102,31775,1024,7186,899,34,933,7.2890625,7.017578125,1006,0.122802734375,4,0.003976143141153081,10.0,0.1875,38.1308036086791,0.9910625595523913,0.00048828125,0.20306095078126418,0.2039235648437625,899,910,1.0122358175750834,1274,1693.3333333333333,1,4,0.0,11.83815028901734,723,757,5.9140625,0.22126595234377078,True
0.99,103,31772,1024,7067,884,34,918,7.171875,6.9013671875,1125,0.1373291015625,4,0.0035555555555555557,4.078125,0.07421875,42.026198275135165,0.9940291760326792,0.00048828125,0.20306095078126418,0.2039235648437625,884,895,1.012443438914027,461,676.0,2,3,0.0,4.318510858324716,696,730,5.703125,0.22126595234377078,True
0.99,104,25160,1024,6762,846,34,880,6.875,6.603515625,1430,0.174560546875,1,0.0006993006993006993,4.0,0.0625,42.11020369539948,0.9948968893756913,0.0001220703125,0.20306095078126418,0.2039235648437625,846,857,1.0130023640661938,3761,,1,1,0.0,7.393501805054152,631,665,5.1953125,0.22126595234377078,True
0.99,105,36108,1024,6559,820,34,854,6.671875,6.4052734375,1633,0.1993408203125,16,0.009797917942437232,77.8125,0.7890625,29.220309920920798,0.9800952485675468,0.001953125,0.20306095078126418,0.2039235648437625,820,831,1.0134146341463415,618,300.8,1,16,0.0,84.13938753959873,633,667,5.2109375,0.22126595234377078,True
0.99,106,1260,1024,7090,887,34,921,7.1953125,6.923828125,1102,0.134521484375,0,0.0,0.0,0.0,,1.0,0.0,0.20306095078126418,0.2039235648437625,887,898,1.012401352874859,,,0,0,,,691,725,5.6640625,0.22126595234377078,True
0.99,107,37885,1024,7417,928,34,962,7.515625,7.2431640625,775,0.0946044921875,0,0.0,0.0,0.0,,1.0,0.0,0.20306095078126418,0.2039235648437625,928,939,1.011853448275862,,,0,0,,,744,778,6.078125,0.22126595234377078,True
0.99,108,41535,1024,7140,893,34,927,7.2421875,6.97265625,1052,0.12841796875,16,0.015209125475285171,104.765625,0.98046875,27.928615526641796,0.9916086750733025,0.001953125,0.20306095078126418,0.2039235648437625,893,904,1.0123180291153415,3832,288.0,4,13,0.0,196.8440366972477,683,717,5.6015625,0.22126595234377078,True
0.99,109,44889,1024,7102,888,34,922,7.203125,6.935546875,1090,0.133056640625,8,0.007339449541284404,29.125,0.359375,33.488144268338345,0.9868676109878773,0.0009765625,0.20306095078126418,0.2039235648437625,888,899,1.0123873873873874,834,774.5714285714286,1,8,0.0,32.417391304347824,718,752,5.875,0.22126595234377078,True
0.99,110,28184,1024,7576,947,34,981,7.6640625,7.3984375,616,0.0751953125,0,0.0,0.0,0.0,,1.0,0.0,0.20306095078126418,0.2039235648437625,947,958,1.0116156282998945,,,0,0,,,742,776,6.0625,0.22126595234377078,True
0.99,111,25319,1024,7449,932,34,966,7.546875,7.2744140625,743,0.0906982421875,0,0.0,0.0,0.0,,1.0,0.0,0.20306095078126418,0.2039235648437625,932,943,1.011802575107296,,,0,0,,,745,779,6.0859375,0.22126595234377078,True
0.99,112,11010,1024,7157,895,34,929,7.2578125,6.9892578125,1035,0.1263427734375,4,0.003864734299516908,13.0,0.21875,36.99137008561073,0.9890822589269337,0.00048828125,0.20306095078126418,0.2039235648437625,895,906,1.012290502793296,3282,682.3333333333334,1,4,0.0,21.680781758957654,660,694,5.421875,0.22126595234377078,True
0.99,113,33880,1024,7311,914,34,948,7.40625,7.1396484375,881,0.1075439453125,10,0.011350737797956867,81.0,0.78125,29.045953419892605,0.9308114936844201,0.001220703125,0.20306095078126418,0.2039235648437625,914,925,1.012035010940919,1408,604.5555555555555,2,9,0.0,97.81132075471699,730,764,5.96875,0.22126595234377078,True
0.99,114,19307,1024,6751,844,34,878,6.859375,6.5927734375,1441,0.1759033203125,4,0.002775850104094379,10.25,0.171875,38.02356495476137,0.9973244599643526,0.00048828125,0.20306095078126418,0.2039235648437625,844,855,1.0130331753554502,3409,1408.0,1,4,0.0,17.551839464882942,618,652,5.09375,0.22126595234377078,True
0.99,115,12236,1024,5861,733,34,767,5.9921875,5.7236328125,2331,0.2845458984375,6,0.002574002574002574,20.15625,0.2109375,35.08670624552549,0.9960858114827034,0.000732421875,0.20306095078126418,0.2039235648437625,733,744,1.015006821282401,1065,308.6,1,6,0.0,23.164983164983166,533,567,4.4296875,0.22126595234377078,True
0.99,116,13805,1024,6867,859,34,893,6.9765625,6.7060546875,1325,0.1617431640625,28,0.021132075471698115,157.0,1.5625,26.171807084586764,0.922828122917574,0.00341796875,0.20306095078126418,0.2039235648437625,859,870,1.0128055878928988,1848,229.11111111111111,3,22,0.0,202.73392181588903,632,666,5.203125,0.22126595234377078,True
0.99,117,5814,1024,6238,780,34,814,6.359375,6.091796875,1954,0.238525390625,6,0.0030706243602865915,2.03125,0.0703125,45.05316982544961,0.9996539891332835,0.000732421875,0.20306095078126418,0.2039235648437625,780,791,1.014102564102564,1053,1012.2,2,4,0.0,2.3292273236282193,574,608,4.75,0.22126595234377078,True
0.99,118,48485,1024,7411,927,34,961,7.5078125,7.2373046875,781,0.0953369140625,4,0.005121638924455826,24.0,0.25,34.32869119156304,0.9968232588482812,0.00048828125,0.20306095078126418,0.2039235648437625,927,938,1.011866235167206,2153,1498.3333333333333,2,3,0.0,32.550993377483444,734,768,6.0,0.22126595234377078,True
0.99,119,12248,1024,6643,831,34,865,6.7578125,6.4873046875,1549,0.1890869140625,6,0.003873466752743706,21.0,0.34375,34.90861066133991,0.9932548481044844,0.000732421875,0.20306095078126418,0.2039235648437625,831,842,1.01323706377858,4289,8.2,1,6,0.0,44.0655737704918,648,682,5.328125,0.22126595234377078,True
0.99,120,458,1024,7492,937,34,971,7.5859375,7.31640625,700,0.08544921875,2,0.002857142857142857,17.0,0.15625,35.826314394896364,0.9864580838488288,0.000244140625,0.20306095078126418,0.2039235648437625,937,948,1.0117395944503735,6194,390.0,1,2,0.0,69.632,756,790,6.171875,0.22126595234377078,True
0.99,121,319,1024,7042,881,34,915,7.1484375,6.876953125,1150,0.140380859375,11,0.009565217391304347,115.375,0.859375,27.509686468339417,0.9981595988588121,0.0013427734375,0.20306095078126418,0.2039235648437625,881,892,1.0124858115777526,132,218.8,2,10,0.0,117.2063492063492,710,744,5.8125,0.22126595234377078,True
0.99,122,21496,1024,7258,908,34,942,7.359375,7.087890625,934,0.114013671875,6,0.006423982869379015,5.25,0.109375,40.92921057461954,0.9979290482598652,0.000732421875,0.20306095078126418,0.2039235648437625,908,919,1.0121145374449338,281,1412.8,3,3,0.0,5.435793731041456,706,740,5.78125,0.22126595234377078,True
0.99,123,20390,1024,6818,853,34,887,6.9296875,6.658203125,1374,0.167724609375,14,0.010189228529839884,48.6875,0.5859375,31.256628858512705,0.9918214420196362,0.001708984375,0.20306095078126418,0.2039235648437625,853,864,1.0128956623681125,338,126.15384615384616,1,14,0.0,50.76985743380855,664,698,5.453125,0.22126595234377078,True
0.99,124,33691,1024,7052,882,34,916,7.15625,6.88671875,1140,0.13916015625,0,0.0,0.0,0.0,,1.0,0.0,0.20306095078126418,0.2039235648437625,882,893,1.0124716553287982,,,0,0,,,638,672,5.25,0.22126595234377078,True
0.99,125,33872,1024,7966,996,34,1030,8.046875,7.779296875,226,0.027587890625,2,0.008849557522123894,32.0,0.25,33.07930382548004,0.9997898958702651,0.000244140625,0.20306095078126418,0.2039235648437625,996,1007,1.0110441767068272,296,8.0,1,2,0.0,33.19959473150963,860,894,6.984375,0.22126595234377078,True
0.99,126,46987,1024,6331,792,34,826,6.453125,6.1826171875,1861,0.2271728515625,3,0.0016120365394948952,9.0,0.15625,38.58837851428585,0.979010259861685,0.0003662109375,0.20306095078126418,0.2039235648437625,792,803,1.0138888888888888,4681,436.5,1,3,0.0,20.993166287015946,564,598,4.671875,0.22126595234377078,True
0.99,127,26772,1024,7387,924,34,958,7.484375,7.2138671875,805,0.0982666015625,7,0.008695652173913044,29.0,0.40625,33.50682362968954,0.9736275142431475,0.0008544921875,0.20306095078126418,0.2039235648437625,924,935,1.0119047619047619,1337,812.0,1,7,0.0,34.651108518086346,754,788,6.15625,0.22126595234377078,True
0.99,128,7057,1024,6926,866,34,900,7.03125,6.763671875,1266,0.154541015625,5,0.0039494470774091624,64.0625,0.5078125,30.06476478132062,0.9931905257016026,0.0006103515625,0.20306095078126418,0.2039235648437625,866,877,1.01270207852194,1852,1323.0,1,5,0.0,82.72383354350568,668,702,5.484375,0.22126595234377078,True
0.99,129,30014,1024,7150,894,34,928,7.25,6.982421875,1042,0.127197265625,13,0.012476007677543186,29.5,0.5,33.432583448897475,0.9923398669365304,0.0015869140625,0.20306095078126418,0.2039235648437625,894,905,1.012304250559284,169,617.3333333333334,3,10,0.0,30.11764705882353,694,728,5.6875,0.22126595234377078,True
0.99,130,48237,1024,7041,881,34,915,7.1484375,6.8759765625,1151,0.1405029296875,9,0.007819287576020852,71.0,0.65625,29.61822012148835,0.9624867936893913,0.0010986328125,0.20306095078126418,0.2039235648437625,881,892,1.0124858115777526,378,160.75,1,9,0.0,74.41555783009211,697,731,5.7109375,0.22126595234377078,True
0.99,131,4823,1024,7354,920,34,954,7.453125,7.181640625,838,0.102294921875,10,0.011933174224343675,43.0,0.53125,31.79611905288324,0.9900400902360366,0.001220703125,0.20306095078126418,0.2039235648437625,920,931,1.0119565217391304,466,168.0,1,10,0.0,45.581780538302276,715,749,5.8515625,0.22126595234377078,True
0.99,132,26627,1024,7610,952,34,986,7.703125,7.431640625,582,0.071044921875,0,0.0,0.0,0.0,,1.0,0.0,0.20306095078126418,0.2039235648437625,952,963,1.0115546218487395,,,0,0,,,779,813,6.3515625,0.22126595234377078,True
0.99,133,12293,1024,7877,985,34,1019,7.9609375,7.6923828125,315,0.0384521484375,6,0.01904761904761905,48.0,0.5,31.318391234923233,0.9869654369613,0.000732421875,0.20306095078126418,0.2039235648437625,985,996,1.0111675126903554,2089,1009.4,1,6,0.0,64.41939711664482,855,889,6.9453125,0.22126595234377078,True
0.99,134,32803,1024,6661,833,34,867,6.7734375,6.5048828125,1531,0.1868896484375,8,0.005225342913128674,11.25,0.234375,37.61927838420529,0.9890133645700409,0.0009765625,0.20306095078126418,0.2039235648437625,833,844,1.0132052821128452,5921,225.42857142857142,1,8,0.0,40.563380281690144,645,679,5.3046875,0.22126595234377078,True
0.99,135,41882,1024,6365,796,34,830,6.484375,6.2158203125,1827,0.2230224609375,19,0.010399562123700055,73.5,0.875,29.467930217837154,0.9814027460109573,0.0023193359375,0.20306095078126418,0.2039235648437625,796,807,1.013819095477387,2553,300.05555555555554,2,18,0.0,106.75744680851064,577,611,4.7734375,0.22126595234377078,True
0.99,136,10235,1024,7111,889,34,923,7.2109375,6.9443359375,1081,0.1319580078125,4,0.0037002775208140612,36.0,0.3125,32.56777860100623,0.9493034423868881,0.00048828125,0.20306095078126418,0.2039235648437625,889,900,1.0123734533183353,1936,1045.6666666666667,2,3,0.0,47.14066496163683,714,748,5.84375,0.22126595234377078,True
0.99,137,30033,1024,7397,925,34,959,7.4921875,7.2236328125,795,0.0970458984375,5,0.006289308176100629,32.0,0.375,33.07930382548004,0.9990412191035716,0.0006103515625,0.20306095078126418,0.2039235648437625,925,936,1.011891891891892,6169,321.75,1,5,0.0,129.5177865612648,784,818,6.390625,0.22126595234377078,True
0.99,138,20042,1024,7690,962,34,996,7.78125,7.509765625,502,0.061279296875,6,0.01195219123505976,44.0,0.4375,31.69627684381723,0.9947262786074826,0.000732421875,0.20306095078126418,0.2039235648437625,962,973,1.0114345114345114,33,1443.0,2,5,0.0,44.17254901960784,789,823,6.4296875,0.22126595234377078,True
0.99,139,29399,1024,7095,887,34,921,7.1953125,6.9287109375,1097,0.1339111328125,7,0.006381039197812215,35.25,0.390625,32.65921239540493,0.9870561038443398,0.0008544921875,0.20306095078126418,0.2039235648437625,887,898,1.012401352874859,353,1294.6666666666667,1,7,0.0,36.83265306122449,702,736,5.75,0.22126595234377078,True
0.99,140,6463,1024,7923,991,34,1025,8.0078125,7.7373046875,269,0.0328369140625,1,0.0037174721189591076,4.0,0.0625,42.11020369539948,0.9997850150201516,0.0001220703125,0.20306095078126418,0.2039235648437625,991,1002,1.0110998990918265,5353,,1,1,0.0,11.538028169014085,860,894,6.984375,0.22126595234377078,True
0.99,141,25920,1024,5979,748,34,782,6.109375,5.8388671875,2213,0.2701416015625,3,0.0013556258472661546,2.25,0.046875,44.60897842756548,0.9893990810448196,0.0003662109375,0.20306095078126418,0.2039235648437625,748,759,1.0147058823529411,3456,1.5,2,2,0.0,3.891891891891892,549,583,4.5546875,0.22126595234377078,True
0.99,142,10327,1024,8084,1011,34,1045,8.1640625,7.89453125,108,0.01318359375,0,0.0,0.0,0.0,,1.0,0.0,0.20306095078126418,0.2039235648437625,1011,1022,1.0108803165182987,,,0,0,,,903,937,7.3203125,0.22126595234377078,True
0.99,143,3805,1024,7279,910,34,944,7.375,7.1083984375,913,0.1114501953125,8,0.008762322015334063,25.25,0.421875,34.10818978413231,0.9560719925661706,0.0009765625,0.20306095078126418,0.2039235648437625,910,921,1.012087912087912,1346,98.42857142857143,1,8,0.0,30.205607476635514,731,765,5.9765625,0.22126595234377078,True
0.99,144,37879,1024,5761,721,34,755,5.8984375,5.6259765625,2431,0.2967529296875,10,0.004113533525298231,4.0625,0.1640625,42.042869868809795,0.9966039181032761,0.001220703125,0.20306095078126418,0.2039235648437625,721,732,1.015256588072122,1138,774.4444444444445,2,8,0.0,4.716553287981859,452,486,3.796875,0.22126595234377078,True
0.99,145,22721,1024,7175,897,34,931,7.2734375,7.0068359375,1017,0.1241455078125,6,0.0058997050147492625,27.25,0.296875,33.77713854255249,0.9973756465437311,0.000732421875,0.20306095078126418,0.2039235648437625,897,908,1.0122630992196209,1219,628.2,1,6,0.0,32.0,658,692,5.40625,0.22126595234377078,True
0.99,146,43932,1024,7591,949,34,983,7.6796875,7.4130859375,601,0.0733642578125,2,0.0033277870216306157,32.0,0.25,33.07930382548004,0.9999774681201785,0.000244140625,0.20306095078126418,0.2039235648437625,949,960,1.01159114857745,120,8.0,1,2,0.0,32.47571853320119,758,792,6.1875,0.22126595234377078,True
0.99,147,47270,1024,7520,940,34,974,7.609375,7.34375,672,0.08203125,0,0.0,0.0,0.0,,1.0,0.0,0.20306095078126418,0.2039235648437625,940,951,1.0117021276595746,,,0,0,,,786,820,6.40625,0.22126595234377078,True
0.99,148,11091,1024,6722,841,34,875,6.8359375,6.564453125,1470,0.179443359375,18,0.012244897959183673,52.25,0.890625,30.94994066084819,0.9736205756396902,0.002197265625,0.20306095078126418,0.2039235648437625,841,852,1.0130796670630202,2224,308.3529411764706,2,17,0.0,71.72117962466488,631,665,5.1953125,0.22126595234377078,True
0.99,149,9736,1024,7293,912,34,946,7.390625,7.1220703125,899,0.1097412109375,9,0.010011123470522803,36.0,0.5625,32.56777860100623,0.9457991866905264,0.0010986328125,0.20306095078126418,0.2039235648437625,912,923,1.0120614035087718,3929,298.0,1,9,0.0,69.16322701688556,741,775,6.0546875,0.22126595234377078,True
0.99,150,23206,1024,6770,847,34,881,6.8828125,6.611328125,1422,0.173583984375,12,0.008438818565400843,43.0,0.59375,31.79611905288324,0.9594961018508423,0.00146484375,0.20306095078126418,0.2039235648437625,847,858,1.0129870129870129,593,569.5454545454545,2,10,0.0,46.34947368421053,665,699,5.4609375,0.22126595234377078,True
0.99,151,25039,1024,7995,1000,34,1034,8.078125,7.8076171875,197,0.0240478515625,0,0.0,0.0,0.0,,1.0,0.0,0.20306095078126418,0.2039235648437625,1000,1011,1.011,,,0,0,,,869,903,7.0546875,0.22126595234377078,True
0.99,152,21014,1024,6548,819,34,853,6.6640625,6.39453125,1644,0.20068359375,4,0.0024330900243309003,48.00390625,0.376953125,31.318037819549392,0.9710420102815583,0.00048828125,0.20306095078126418,0.2039235648437625,819,830,1.0134310134310134,5248,858.0,1,4,0.0,133.57608695652175,619,653,5.1015625,0.22126595234377078,True
0.99,153,32412,1024,7757,970,34,1004,7.84375,7.5751953125,435,0.0531005859375,5,0.011494252873563218,17.0,0.28125,35.826314394896364,0.990332076119003,0.0006103515625,0.20306095078126418,0.2039235648437625,970,981,1.011340206185567,5585,646.25,1,5,0.0,53.39877300613497,817,851,6.6484375,0.22126595234377078,True
0.99,154,34022,1024,6053,757,34,791,6.1796875,5.9111328125,2139,0.2611083984375,6,0.002805049088359046,19.0,0.28125,35.34326759915081,0.9893046721408424,0.000732421875,0.20306095078126418,0.2039235648437625,757,768,1.0145310435931307,930,105.6,2,5,0.0,21.427312775330396,523,557,4.3515625,0.22126595234377078,True
0.99,155,21369,1024,6558,820,34,854,6.671875,6.404296875,1634,0.199462890625,6,0.0036719706242350062,96.0,0.75,28.30809127828342,0.9678182313415812,0.000732421875,0.20306095078126418,0.2039235648437625,820,831,1.0134146341463415,5016,204.8,1,6,0.0,247.61712846347606,611,645,5.0390625,0.22126595234377078,True
0.99,156,41654,1024,7598,950,34,984,7.6875,7.419921875,594,0.072509765625,1,0.0016835016835016834,4.0,0.0625,42.11020369539948,0.9999667320349112,0.0001220703125,0.20306095078126418,0.2039235648437625,950,961,1.0115789473684211,313,,1,1,0.0,4.158375634517767,772,806,6.296875,0.22126595234377078,True
0.99,157,11953,1024,7524,941,34,975,7.6171875,7.34765625,668,0.08154296875,0,0.0,0.0,0.0,,1.0,0.0,0.20306095078126418,0.2039235648437625,941,952,1.0116896918172158,,,0,0,,,748,782,6.109375,0.22126595234377078,True
0.99,158,13700,1024,7083,886,34,920,7.1875,6.9169921875,1109,0.1353759765625,0,0.0,0.0,0.0,,1.0,0.0,0.20306095078126418,0.2039235648437625,886,897,1.012415349887133,,,0,0,,,684,718,5.609375,0.22126595234377078,True
0.99,159,38205,1024,6427,804,34,838,6.546875,6.2763671875,1765,0.2154541015625,2,0.0011331444759206798,32.0,0.25,33.07930382548004,0.9884902542845463,0.000244140625,0.20306095078126418,0.2039235648437625,804,815,1.013681592039801,4952,8.0,1,2,0.0,80.90864197530864,585,619,4.8359375,0.22126595234377078,True
0.99,160,40129,1024,6520,815,34,849,6.6328125,6.3671875,1672,0.2041015625,0,0.0,0.0,0.0,,1.0,0.0,0.20960191874999623,0.07421929453124676,815,826,1.0134969325153373,,,0,0,,,606,640,5.0,0.21083749218749404,True
0.99,161,17080,1024,6630,829,34,863,6.7421875,6.474609375,1562,0.190673828125,8,0.005121638924455826,45.0,0.46875,31.598678470925666,0.9742617946555404,0.0009765625,0.20960191874999623,0.07421929453124676,829,840,1.0132689987937273,1984,675.7142857142857,1,8,0.0,59.381443298969074,617,651,5.0859375,0.21083749218749404,True
0.99,162,1505,1024,7597,950,34,984,7.6875,7.4189453125,595,0.0726318359375,1,0.0016806722689075631,16.0,0.125,36.08960378211985,0.9970602651376823,0.0001220703125,0.20960191874999623,0.07421929453124676,950,961,1.0115789473684211,7096,,1,1,0.0,119.5912408759124,789,823,6.4296875,0.21083749218749404,True
0.99,163,36391,1024,7659,958,34,992,7.75,7.4794921875,533,0.0650634765625,5,0.009380863039399626,27.0,0.28125,33.81716596708923,0.9922537283488477,0.0006103515625,0.20960191874999623,0.07421929453124676,958,969,1.011482254697286,4930,549.5,1,5,0.0,67.76470588235294,777,811,6.3359375,0.21083749218749404,True
0.99,164,24660,1024,7479,935,34,969,7.5703125,7.3037109375,713,0.0870361328125,1,0.001402524544179523,4.0,0.0625,42.11020369539948,0.9877322864492007,0.0001220703125,0.20960191874999623,0.07421929453124676,935,946,1.011764705882353,1881,,1,1,0.0,5.191381495564005,759,793,6.1953125,0.21083749218749404,True
0.99,165,24061,1024,6773,847,34,881,6.8828125,6.6142578125,1419,0.1732177734375,17,0.011980267794221282,116.59375,1.109375,27.464050901469868,0.9660512519575514,0.0020751953125,0.20960191874999623,0.07421929453124676,847,858,1.0129870129870129,429,390.75,2,16,0.0,122.9577754891864,634,668,5.21875,0.21083749218749404,True
0.99,166,10964,1024,6413,802,34,836,6.53125,6.2626953125,1779,0.2171630859375,10,0.005621135469364812,33.25,0.421875,32.91288711228787,0.9491314605561609,0.001220703125,0.20960191874999623,0.07421929453124676,802,813,1.013715710723192,1945,487.0,3,7,0.0,43.59539052496799,590,624,4.875,0.21083749218749404,True
0.99,167,20807,1024,7863,983,34,1017,7.9453125,7.6787109375,329,0.0401611328125,0,0.0,0.0,0.0,,1.0,0.0,0.20960191874999623,0.07421929453124676,983,994,1.0111902339776195,,,0,0,,,809,843,6.5859375,0.21083749218749404,True
0.99,168,33388,1024,7954,995,34,1029,8.0390625,7.767578125,238,0.029052734375,0,0.0,0.0,0.0,,1.0,0.0,0.20960191874999623,0.07421929453124676,995,1006,1.0110552763819096,,,0,0,,,867,901,7.0390625,0.21083749218749404,True
0.99,169,34571,1024,7105,889,34,923,7.2109375,6.9384765625,1087,0.1326904296875,6,0.005519779208831647,46.0,0.4375,31.503225291863362,0.9998343544701555,0.000732421875,0.20960191874999623,0.07421929453124676,889,900,1.0123734533183353,370,385.6,1,6,0.0,48.16359918200409,724,758,5.921875,0.21083749218749404,True
0.99,170,21194,1024,7652,957,34,991,7.7421875,7.47265625,540,0.06591796875,9,0.016666666666666666,51.0,0.59375,31.05510184769974,0.9352988075797163,0.0010986328125,0.20960191874999623,0.07421929453124676,957,968,1.0114942528735633,282,988.0,1,9,0.0,52.80485338725986,778,812,6.34375,0.21083749218749404,True
0.99,171,32696,1024,7328,916,34,950,7.421875,7.15625,864,0.10546875,4,0.004629629629629629,26.0,0.25,33.98107012897092,0.9778803252233266,0.00048828125,0.20960191874999623,0.07421929453124676,916,927,1.012008733624454,264,1910.0,1,4,0.0,26.86579212916246,722,756,5.90625,0.21083749218749404,True
0.99,172,46005,1024,5485,686,34,720,5.625,5.3564453125,2707,0.3304443359375,5,0.001847063169560399,40.25,0.390625,32.08314476164023,0.9015730375858578,0.0006103515625,0.20960191874999623,0.07421929453124676,686,697,1.0160349854227406,3193,1190.0,1,5,0.0,65.9456,472,506,3.953125,0.21083749218749404,True
0.99,173,19269,1024,5361,671,34,705,5.5078125,5.2353515625,2831,0.3455810546875,13,0.0045920169551395265,5.59375,0.1875,40.653773082079226,0.9727922661311144,0.0015869140625,0.20960191874999623,0.07421929453124676,671,682,1.0163934426229508,2669,428.5833333333333,2,12,0.0,8.289435600578871,452,486,3.796875,0.21083749218749404,True
0.99,174,5503,1024,7963,996,34,1030,8.046875,7.7763671875,229,0.0279541015625,9,0.039301310043668124,81.0,0.78125,29.045953419892605,0.9951331668478866,0.0010986328125,0.20960191874999623,0.07421929453124676,996,1007,1.0110441767068272,1754,668.75,1,9,0.0,103.0360248447205,856,890,6.953125,0.21083749218749404,True
0.99,175,32979,1024,7296,912,34,946,7.390625,7.125,896,0.109375,1,0.0011160714285714285,16.0,0.125,36.08960378211985,0.9930429843364839,0.0001220703125,0.20960191874999623,0.07421929453124676,912,923,1.0120614035087718,5760,,1,1,0.0,53.89473684210526,665,699,5.4609375,0.21083749218749404,True
0.99,176,32764,1024,7625,954,34,988,7.71875,7.4462890625,567,0.0692138671875,4,0.007054673721340388,13.0,0.21875,36.99137008561073,0.999309467151447,0.00048828125,0.20960191874999623,0.07421929453124676,954,965,1.0115303983228512,2289,1125.6666666666667,1,4,0.0,18.037940379403793,792,826,6.453125,0.21083749218749404,True
0.99,177,36396,1024,6777,848,34,882,6.890625,6.6181640625,1415,0.1727294921875,5,0.0035335689045936395,14.25,0.203125,36.59265496523381,0.9576053583054382,0.0006103515625,0.20960191874999623,0.07421929453124676,848,859,1.0129716981132075,2027,1001.75,1,5,0.0,18.926070038910506,646,680,5.3125,0.21083749218749404,True
0.99,178,16139,1024,4911,614,34,648,5.0625,4.7958984375,3281,0.4005126953125,15,0.004571776897287412,72.3125,0.8046875,29.538669845720857,0.9818011906785288,0.0018310546875,0.20960191874999623,0.07421929453124676,614,625,1.017915309446254,4236,237.42857142857142,2,12,0.0,149.5919191919192,398,432,3.375,0.21083749218749404,True
0.99,179,32110,1024,6885,861,34,895,6.9921875,6.7236328125,1307,0.1595458984375,34,0.026013771996939557,14.98828125,0.416015625,36.37328526981443,0.999669991657335,0.004150390625,0.20960191874999623,0.07421929453124676,861,850,0.9872241579558653,173,79.39393939393939,3,24,0.0,15.30209371884347,657,691,5.3984375,0.21083749218749404,True
0.99,180,37930,1024,7284,911,34,945,7.3828125,7.11328125,908,0.11083984375,11,0.012114537444933921,32.0,0.5,33.07930382548004,0.9763886571755629,0.0013427734375,0.20960191874999623,0.07421929453124676,911,922,1.0120746432491767,824,369.8,2,10,0.0,35.57871878393051,720,754,5.890625,0.21083749218749404,True
0.99,181,5624,1024,7573,947,34,981,7.6640625,7.3955078125,619,0.0755615234375,0,0.0,0.0,0.0,,1.0,0.0,0.20960191874999623,0.07421929453124676,947,958,1.0116156282998945,,,0,0,,,758,792,6.1875,0.21083749218749404,True
0.99,182,37946,1024,7197,900,34,934,7.296875,7.0283203125,995,0.1214599609375,3,0.003015075376884422,25.0,0.21875,34.15140352195873,0.9993702736163597,0.0003662109375,0.20960191874999623,0.07421929453124676,900,911,1.0122222222222221,7624,4.0,1,3,0.0,360.5633802816901,673,707,5.5234375,0.21083749218749404,True
0.99,183,6616,1024,7881,986,34,1020,7.96875,7.6962890625,311,0.0379638671875,7,0.022508038585209004,28.0,0.4375,33.65922329525691,0.9978438604773495,0.0008544921875,0.20960191874999623,0.07421929453124676,986,997,1.011156186612576,5097,44.0,1,7,0.0,74.08785529715762,839,873,6.8203125,0.21083749218749404,True
0.99,184,11706,1024,7214,902,34,936,7.3125,7.044921875,978,0.119384765625,4,0.00408997955010225,1.0,0.0625,48.1308036086791,0.9955797289805035,0.00048828125,0.20960191874999623,0.07421929453124676,902,913,1.0121951219512195,203,512.0,1,4,0.0,1.025025025025025,738,772,6.03125,0.21083749218749404,True
0.99,185,10558,1024,7269,909,34,943,7.3671875,7.0986328125,923,0.1126708984375,9,0.009750812567713976,5.78515625,0.142578125,40.507652676585515,0.999821220821846,0.0010986328125,0.20960191874999623,0.07421929453124676,909,920,1.012101210121012,108,97.75,2,7,0.0,5.859545004945598,691,725,5.6640625,0.21083749218749404,True
0.99,186,18351,1024,6911,864,34,898,7.015625,6.7490234375,1281,0.1563720703125,5,0.0039032006245121,32.390625,0.27734375,33.02661032757937,0.9985801752245416,0.0006103515625,0.20960191874999623,0.07421929453124676,864,875,1.0127314814814814,195,1982.5,2,4,0.0,33.168,646,680,5.3125,0.21083749218749404,True
0.99,187,15023,1024,7144,893,34,927,7.2421875,6.9765625,1048,0.1279296875,2,0.0019083969465648854,5.0,0.09375,41.141103565318915,0.9999773188735712,0.000244140625,0.20960191874999623,0.07421929453124676,893,904,1.0123180291153415,522,255.0,1,2,0.0,5.338894681960375,680,714,5.578125,0.21083749218749404,True
0.99,188,9490,1024,6905,864,34,898,7.015625,6.7431640625,1287,0.1571044921875,2,0.001554001554001554,2.0,0.0625,45.12050365203929,0.9999983959334797,0.000244140625,0.20960191874999623,0.07421929453124676,864,875,1.0127314814814814,490,8.0,1,2,0.0,2.12668743509865,632,666,5.203125,0.21083749218749404,True
0.99,189,6355,1024,6992,874,34,908,7.09375,6.828125,1200,0.146484375,6,0.005,18.25,0.296875,35.51817492075416,0.9928037251242725,0.000732421875,0.20960191874999623,0.07421929453124676,874,885,1.0125858123569793,1449,1331.2,1,6,0.0,22.16844602609727,669,703,5.4921875,0.21083749218749404,True
0.99,190,8857,1024,5320,665,34,699,5.4609375,5.1953125,2872,0.3505859375,4,0.001392757660167131,20.25,0.203125,35.06655333317223,0.9795360591834091,0.00048828125,0.20960191874999623,0.07421929453124676,665,676,1.0165413533834586,3035,87.0,2,3,0.0,32.14883720930233,425,459,3.5859375,0.21083749218749404,True
0.99,191,31811,1024,6867,859,34,893,6.9765625,6.7060546875,1325,0.1617431640625,2,0.0015094339622641509,17.0,0.15625,35.826314394896364,0.9936913102497735,0.000244140625,0.20960191874999623,0.07421929453124676,859,870,1.0128055878928988,1930,6.0,1,2,0.0,22.232439335887612,648,682,5.328125,0.21083749218749404,True
0.99,192,10400,1024,7466,934,34,968,7.5625,7.291015625,726,0.088623046875,0,0.0,0.0,0.0,,1.0,0.0,0.20960191874999623,0.07421929453124676,934,945,1.011777301927195,,,0,0,,,775,809,6.3203125,0.21083749218749404,True
0.99,193,275,1024,7154,895,34,929,7.2578125,6.986328125,1038,0.126708984375,2,0.0019267822736030828,4.25,0.078125,41.84691430817598,0.9965066724407963,0.000244140625,0.20960191874999623,0.07421929453124676,895,906,1.012290502793296,4753,2858.0,1,2,0.0,10.12093023255814,701,735,5.7421875,0.21083749218749404,True
0.99,194,26152,1024,7370,922,34,956,7.46875,7.197265625,822,0.100341796875,25,0.030413625304136254,35.7421875,0.5,32.59899232113312,0.9992324113695433,0.0030517578125,0.20960191874999623,0.07421929453124676,922,933,1.0119305856832972,444,295.1666666666667,4,13,0.0,37.77089783281734,759,793,6.1953125,0.21083749218749404,True
0.99,195,13037,1024,6233,780,34,814,6.359375,6.0869140625,1959,0.2391357421875,9,0.004594180704441042,5.703125,0.15234375,40.569674703953226,0.9875653711755679,0.0010986328125,0.20960191874999623,0.07421929453124676,780,791,1.014102564102564,2772,324.875,3,7,0.0,8.613569321533923,582,616,4.8125,0.21083749218749404,True
0.99,196,41203,1024,7737,968,34,1002,7.828125,7.5556640625,455,0.0555419921875,6,0.013186813186813187,96.0,0.75,28.30809127828342,0.9566793904315637,0.000732421875,0.20960191874999623,0.07421929453124676,968,979,1.0113636363636365,3104,51.2,1,6,0.0,154.56603773584905,812,846,6.609375,0.21083749218749404,True
0.99,197,43709,1024,6206,776,34,810,6.328125,6.060546875,1986,0.242431640625,5,0.0025176233635448137,0.5,0.046875,51.141103565318915,0.9983438934508717,0.0006103515625,0.20960191874999623,0.07421929453124676,776,787,1.0141752577319587,340,438.0,1,5,0.0,0.5213849287169042,558,592,4.625,0.21083749218749404,True
0.99,198,43572,1024,7344,918,34,952,7.4375,7.171875,848,0.103515625,6,0.007075471698113208,28.0,0.3125,33.65922329525691,0.9954912491888604,0.000732421875,0.20960191874999623,0.07421929453124676,918,929,1.0119825708061003,3560,843.2,2,4,0.0,49.51986183074266,705,739,5.7734375,0.21083749218749404,True
0.99,199,23390,1024,7314,915,34,949,7.4140625,7.142578125,878,0.107177734375,0,0.0,0.0,0.0,,1.0,0.0,0.20960191874999623,0.07421929453124676,915,926,1.0120218579234972,,,0,0,,,744,778,6.078125,0.21083749218749404,True
1.0,0,712,1024,8192,1024,34,1058,8.265625,8.0,0,0.0,0,,0.0,0.0,,1.0,0.0,0.20960191874999623,0.07421929453124676,1024,994,0.970703125,,,0,0,,,755,789,6.1640625,0.21083749218749404,True
1.0,1,24774,1024,8192,1024,34,1058,8.265625,8.0,0,0.0,0,,0.0,0.0,,1.0,0.0,0.20960191874999623,0.07421929453124676,1024,1035,1.0107421875,,,0,0,,,733,767,5.9921875,0.21083749218749404,True
1.0,2,45142,1024,8192,1024,34,1058,8.265625,8.0,0,0.0,0,,0.0,0.0,,1.0,0.0,0.20960191874999623,0.07421929453124676,1024,968,0.9453125,,,0,0,,,832,866,6.765625,0.21083749218749404,True
1.0,3,27119,1024,8192,1024,34,1058,8.265625,8.0,0,0.0,0,,0.0,0.0,,1.0,0.0,0.20960191874999623,0.07421929453124676,1024,796,0.77734375,,,0,0,,,593,627,4.8984375,0.21083749218749404,True
1.0,4,21139,1024,8192,1024,34,1058,8.265625,8.0,0,0.0,0,,0.0,0.0,,1.0,0.0,0.20960191874999623,0.07421929453124676,1024,984,0.9609375,,,0,0,,,658,692,5.40625,0.21083749218749404,True
1.0,5,19129,1024,8192,1024,34,1058,8.265625,8.0,0,0.0,0,,0.0,0.0,,1.0,0.0,0.20960191874999623,0.07421929453124676,1024,1032,1.0078125,,,0,0,,,699,733,5.7265625,0.21083749218749404,True
1.0,6,6433,1024,8192,1024,34,1058,8.265625,8.0,0,0.0,0,,0.0,0.0,,1.0,0.0,0.20960191874999623,0.07421929453124676,1024,884,0.86328125,,,0,0,,,633,667,5.2109375,0.21083749218749404,True
1.0,7,38854,1024,8192,1024,34,1058,8.265625,8.0,0,0.0,0,,0.0,0.0,,1.0,0.0,0.20960191874999623,0.07421929453124676,1024,1007,0.9833984375,,,0,0,,,724,758,5.921875,0.21083749218749404,True
1.0,8,22489,1024,8192,1024,34,1058,8.265625,8.0,0,0.0,0,,0.0,0.0,,1.0,0.0,0.20960191874999623,0.07421929453124676,1024,998,0.974609375,,,0,0,,,725,759,5.9296875,0.21083749218749404,True
1.0,9,31104,1024,8192,1024,34,1058,8.265625,8.0,0,0.0,0,,0.0,0.0,,1.0,0.0,0.20960191874999623,0.07421929453124676,1024,953,0.9306640625,,,0,0,,,629,663,5.1796875,0.21083749218749404,True
1.0,10,21349,1024,8192,1024,34,1058,8.265625,8.0,0,0.0,0,,0.0,0.0,,1.0,0.0,0.20960191874999623,0.07421929453124676,1024,923,0.9013671875,,,0,0,,,765,799,6.2421875,0.21083749218749404,True
1.0,11,29116,1024,8192,1024,34,1058,8.265625,8.0,0,0.0,0,,0.0,0.0,,1.0,0.0,0.20960191874999623,0.07421929453124676,1024,993,0.9697265625,,,0,0,,,674,708,5.53125,0.21083749218749404,True
1.0,12,10772,1024,8192,1024,34,1058,8.265625,8.0,0,0.0,0,,0.0,0.0,,1.0,0.0,0.20960191874999623,0.07421929453124676,1024,1035,1.0107421875,,,0,0,,,828,862,6.734375,0.21083749218749404,True
1.0,13,18332,1024,8192,1024,34,1058,8.265625,8.0,0,0.0,0,,0.0,0.0,,1.0,0.0,0.20960191874999623,0.07421929453124676,1024,1035,1.0107421875,,,0,0,,,797,831,6.4921875,0.21083749218749404,True
1.0,14,1003,1024,8192,1024,34,1058,8.265625,8.0,0,0.0,0,,0.0,0.0,,1.0,0.0,0.20960191874999623,0.07421929453124676,1024,999,0.9755859375,,,0,0,,,795,829,6.4765625,0.21083749218749404,True
1.0,15,22156,1024,8192,1024,34,1058,8.265625,8.0,0,0.0,0,,0.0,0.0,,1.0,0.0,0.20960191874999623,0.07421929453124676,1024,1027,1.0029296875,,,0,0,,,773,807,6.3046875,0.21083749218749404,True
1.0,16,26453,1024,8192,1024,34,1058,8.265625,8.0,0,0.0,0,,0.0,0.0,,1.0,0.0,0.20960191874999623,0.07421929453124676,1024,934,0.912109375,,,0,0,,,685,719,5.6171875,0.21083749218749404,True
1.0,17,17039,1024,8192,1024,34,1058,8.265625,8.0,0,0.0,0,,0.0,0.0,,1.0,0.0,0.20960191874999623,0.07421929453124676,1024,884,0.86328125,,,0,0,,,709,743,5.8046875,0.21083749218749404,True
1.0,18,7166,1024,8192,1024,34,1058,8.265625,8.0,0,0.0,0,,0.0,0.0,,1.0,0.0,0.20960191874999623,0.07421929453124676,1024,1020,0.99609375,,,0,0,,,712,746,5.828125,0.21083749218749404,True
1.0,19,48310,1024,8192,1024,34,1058,8.265625,8.0,0,0.0,0,,0.0,0.0,,1.0,0.0,0.20960191874999623,0.07421929453124676,1024,998,0.974609375,,,0,0,,,664,698,5.453125,0.21083749218749404,True
1.0,20,12187,1024,8192,1024,34,1058,8.265625,8.0,0,0.0,0,,0.0,0.0,,1.0,0.0,0.20960191874999623,0.07421929453124676,1024,879,0.8583984375,,,0,0,,,569,603,4.7109375,0.21083749218749404,True
1.0,21,20284,1024,8192,1024,34,1058,8.265625,8.0,0,0.0,0,,0.0,0.0,,1.0,0.0,0.20960191874999623,0.07421929453124676,1024,781,0.7626953125,,,0,0,,,571,605,4.7265625,0.21083749218749404,True
1.0,22,1052,1024,8192,1024,34,1058,8.265625,8.0,0,0.0,0,,0.0,0.0,,1.0,0.0,0.20960191874999623,0.07421929453124676,1024,1014,0.990234375,,,0,0,,,752,786,6.140625,0.21083749218749404,True
1.0,23,13752,1024,8192,1024,34,1058,8.265625,8.0,0,0.0,0,,0.0,0.0,,1.0,0.0,0.20960191874999623,0.07421929453124676,1024,760,0.7421875,,,0,0,,,489,523,4.0859375,0.21083749218749404,True
1.0,24,37139,1024,8192,1024,34,1058,8.265625,8.0,0,0.0,0,,0.0,0.0,,1.0,0.0,0.20960191874999623,0.07421929453124676,1024,1035,1.0107421875,,,0,0,,,709,743,5.8046875,0.21083749218749404,True
1.0,25,29727,1024,8192,1024,34,1058,8.265625,8.0,0,0.0,0,,0.0,0.0,,1.0,0.0,0.20960191874999623,0.07421929453124676,1024,1035,1.0107421875,,,0,0,,,847,881,6.8828125,0.21083749218749404,True
1.0,26,41854,1024,8192,1024,34,1058,8.265625,8.0,0,0.0,0,,0.0,0.0,,1.0,0.0,0.20960191874999623,0.07421929453124676,1024,896,0.875,,,0,0,,,689,723,5.6484375,0.21083749218749404,True
1.0,27,40333,1024,8192,1024,34,1058,8.265625,8.0,0,0.0,0,,0.0,0.0,,1.0,0.0,0.20960191874999623,0.07421929453124676,1024,1014,0.990234375,,,0,0,,,816,850,6.640625,0.21083749218749404,True
1.0,28,33248,1024,8192,1024,34,1058,8.265625,8.0,0,0.0,0,,0.0,0.0,,1.0,0.0,0.20960191874999623,0.07421929453124676,1024,899,0.8779296875,,,0,0,,,602,636,4.96875,0.21083749218749404,True
1.0,29,9680,1024,8192,1024,34,1058,8.265625,8.0,0,0.0,0,,0.0,0.0,,1.0,0.0,0.20960191874999623,0.07421929453124676,1024,1019,0.9951171875,,,0,0,,,751,785,6.1328125,0.21083749218749404,True
1.0,30,16805,1024,8192,1024,34,1058,8.265625,8.0,0,0.0,0,,0.0,0.0,,1.0,0.0,0.20960191874999623,0.07421929453124676,1024,1012,0.98828125,,,0,0,,,804,838,6.546875,0.21083749218749404,True
1.0,31,14652,1024,8192,1024,34,1058,8.265625,8.0,0,0.0,0,,0.0,0.0,,1.0,0.0,0.20960191874999623,0.07421929453124676,1024,915,0.8935546875,,,0,0,,,616,650,5.078125,0.21083749218749404,True
1.0,32,15793,1024,8192,1024,34,1058,8.265625,8.0,0,0.0,0,,0.0,0.0,,1.0,0.0,0.20960191874999623,0.07421929453124676,1024,848,0.828125,,,0,0,,,644,678,5.296875,0.21083749218749404,True
1.0,33,30210,1024,8192,1024,34,1058,8.265625,8.0,0,0.0,0,,0.0,0.0,,1.0,0.0,0.20960191874999623,0.07421929453124676,1024,885,0.8642578125,,,0,0,,,546,580,4.53125,0.21083749218749404,True
1.0,34,47426,1024,8192,1024,34,1058,8.265625,8.0,0,0.0,0,,0.0,0.0,,1.0,0.0,0.20960191874999623,0.07421929453124676,1024,1015,0.9912109375,,,0,0,,,773,807,6.3046875,0.21083749218749404,True
1.0,35,20875,1024,8192,1024,34,1058,8.265625,8.0,0,0.0,0,,0.0,0.0,,1.0,0.0,0.20960191874999623,0.07421929453124676,1024,1018,0.994140625,,,0,0,,,711,745,5.8203125,0.21083749218749404,True
1.0,36,4161,1024,8192,1024,34,1058,8.265625,8.0,0,0.0,0,,0.0,0.0,,1.0,0.0,0.20960191874999623,0.07421929453124676,1024,1035,1.0107421875,,,0,0,,,759,793,6.1953125,0.21083749218749404,True
1.0,37,40340,1024,8192,1024,34,1058,8.265625,8.0,0,0.0,0,,0.0,0.0,,1.0,0.0,0.20960191874999623,0.07421929453124676,1024,977,0.9541015625,,,0,0,,,695,729,5.6953125,0.21083749218749404,True
1.0,38,28286,1024,8192,1024,34,1058,8.265625,8.0,0,0.0,0,,0.0,0.0,,1.0,0.0,0.20960191874999623,0.07421929453124676,1024,1035,1.0107421875,,,0,0,,,753,787,6.1484375,0.21083749218749404,True
1.0,39,13256,1024,8192,1024,34,1058,8.265625,8.0,0,0.0,0,,0.0,0.0,,1.0,0.0,0.20960191874999623,0.07421929453124676,1024,1022,0.998046875,,,0,0,,,822,856,6.6875,0.21083749218749404,True
1.0,40,48934,1024,8192,1024,34,1058,8.265625,8.0,0,0.0,0,,0.0,0.0,,1.0,0.0,0.20960191874999623,0.07421929453124676,1024,1029,1.0048828125,,,0,0,,,770,804,6.28125,0.21083749218749404,True
1.0,41,11935,1024,8192,1024,34,1058,8.265625,8.0,0,0.0,0,,0.0,0.0,,1.0,0.0,0.20960191874999623,0.07421929453124676,1024,923,0.9013671875,,,0,0,,,619,653,5.1015625,0.21083749218749404,True
1.0,42,48447,1024,8192,1024,34,1058,8.265625,8.0,0,0.0,0,,0.0,0.0,,1.0,0.0,0.20960191874999623,0.07421929453124676,1024,913,0.8916015625,,,0,0,,,771,805,6.2890625,0.21083749218749404,True
1.0,43,15492,1024,8192,1024,34,1058,8.265625,8.0,0,0.0,0,,0.0,0.0,,1.0,0.0,0.20960191874999623,0.07421929453124676,1024,1001,0.9775390625,,,0,0,,,887,921,7.1953125,0.21083749218749404,True
1.0,44,32513,1024,8192,1024,34,1058,8.265625,8.0,0,0.0,0,,0.0,0.0,,1.0,0.0,0.20960191874999623,0.07421929453124676,1024,938,0.916015625,,,0,0,,,796,830,6.484375,0.21083749218749404,True
1.0,45,36099,1024,8192,1024,34,1058,8.265625,8.0,0,0.0,0,,0.0,0.0,,1.0,0.0,0.20960191874999623,0.07421929453124676,1024,1016,0.9921875,,,0,0,,,720,754,5.890625,0.21083749218749404,True
1.0,46,39260,1024,8192,1024,34,1058,8.265625,8.0,0,0.0,0,,0.0,0.0,,1.0,0.0,0.20960191874999623,0.07421929453124676,1024,759,0.7412109375,,,0,0,,,458,492,3.84375,0.21083749218749404,True
1.0,47,46517,1024,8192,1024,34,1058,8.265625,8.0,0,0.0,0,,0.0,0.0,,1.0,0.0,0.20960191874999623,0.07421929453124676,1024,979,0.9560546875,,,0,0,,,636,670,5.234375,0.21083749218749404,True
1.0,48,33095,1024,8192,1024,34,1058,8.265625,8.0,0,0.0,0,,0.0,0.0,,1.0,0.0,0.20960191874999623,0.07421929453124676,1024,1008,0.984375,,,0,0,,,789,823,6.4296875,0.21083749218749404,True
1.0,49,3,1024,8192,1024,34,1058,8.265625,8.0,0,0.0,0,,0.0,0.0,,1.0,0.0,0.20960191874999623,0.07421929453124676,1024,938,0.916015625,,,0,0,,,745,779,6.0859375,0.21083749218749404,True
1.0,50,21683,1024,8192,1024,34,1058,8.265625,8.0,0,0.0,0,,0.0,0.0,,1.0,0.0,0.20960191874999623,0.07421929453124676,1024,1023,0.9990234375,,,0,0,,,716,750,5.859375,0.21083749218749404,True
1.0,51,13446,1024,8192,1024,34,1058,8.265625,8.0,0,0.0,0,,0.0,0.0,,1.0,0.0,0.20960191874999623,0.07421929453124676,1024,1035,1.0107421875,,,0,0,,,752,786,6.140625,0.21083749218749404,True
1.0,52,49515,1024,8192,1024,34,1058,8.265625,8.0,0,0.0,0,,0.0,0.0,,1.0,0.0,0.20960191874999623,0.07421929453124676,1024,949,0.9267578125,,,0,0,,,707,741,5.7890625,0.21083749218749404,True
1.0,53,27943,1024,8192,1024,34,1058,8.265625,8.0,0,0.0,0,,0.0,0.0,,1.0,0.0,0.20960191874999623,0.07421929453124676,1024,1018,0.994140625,,,0,0,,,750,784,6.125,0.21083749218749404,True
1.0,54,29059,1024,8192,1024,34,1058,8.265625,8.0,0,0.0,0,,0.0,0.0,,1.0,0.0,0.20960191874999623,0.07421929453124676,1024,1035,1.0107421875,,,0,0,,,835,869,6.7890625,0.21083749218749404,True
1.0,55,32738,1024,8192,1024,34,1058,8.265625,8.0,0,0.0,0,,0.0,0.0,,1.0,0.0,0.20960191874999623,0.07421929453124676,1024,772,0.75390625,,,0,0,,,476,510,3.984375,0.21083749218749404,True
1.0,56,445,1024,8192,1024,34,1058,8.265625,8.0,0,0.0,0,,0.0,0.0,,1.0,0.0,0.20960191874999623,0.07421929453124676,1024,1035,1.0107421875,,,0,0,,,828,862,6.734375,0.21083749218749404,True
1.0,57,32216,1024,8192,1024,34,1058,8.265625,8.0,0,0.0,0,,0.0,0.0,,1.0,0.0,0.20960191874999623,0.07421929453124676,1024,1008,0.984375,,,0,0,,,718,752,5.875,0.21083749218749404,True
1.0,58,18250,1024,8192,1024,34,1058,8.265625,8.0,0,0.0,0,,0.0,0.0,,1.0,0.0,0.20960191874999623,0.07421929453124676,1024,975,0.9521484375,,,0,0,,,808,842,6.578125,0.21083749218749404,True
1.0,59,1684,1024,8192,1024,34,1058,8.265625,8.0,0,0.0,0,,0.0,0.0,,1.0,0.0,0.20960191874999623,0.07421929453124676,1024,1004,0.98046875,,,0,0,,,707,741,5.7890625,0.21083749218749404,True
1.0,60,2899,1024,8192,1024,34,1058,8.265625,8.0,0,0.0,0,,0.0,0.0,,1.0,0.0,0.20960191874999623,0.07421929453124676,1024,958,0.935546875,,,0,0,,,732,766,5.984375,0.21083749218749404,True
1.0,61,39428,1024,8192,1024,34,1058,8.265625,8.0,0,0.0,0,,0.0,0.0,,1.0,0.0,0.20960191874999623,0.07421929453124676,1024,961,0.9384765625,,,0,0,,,665,699,5.4609375,0.21083749218749404,True
1.0,62,40758,1024,8192,1024,34,1058,8.265625,8.0,0,0.0,0,,0.0,0.0,,1.0,0.0,0.20960191874999623,0.07421929453124676,1024,1015,0.9912109375,,,0,0,,,760,794,6.203125,0.21083749218749404,True
1.0,63,29154,1024,8192,1024,34,1058,8.265625,8.0,0,0.0,0,,0.0,0.0,,1.0,0.0,0.20960191874999623,0.07421929453124676,1024,1035,1.0107421875,,,0,0,,,785,819,6.3984375,0.21083749218749404,True
1.0,64,43958,1024,8192,1024,34,1058,8.265625,8.0,0,0.0,0,,0.0,0.0,,1.0,0.0,0.20960191874999623,0.07421929453124676,1024,905,0.8837890625,,,0,0,,,760,794,6.203125,0.21083749218749404,True
1.0,65,33814,1024,8192,1024,34,1058,8.265625,8.0,0,0.0,0,,0.0,0.0,,1.0,0.0,0.20960191874999623,0.07421929453124676,1024,1035,1.0107421875,,,0,0,,,834,868,6.78125,0.21083749218749404,True
1.0,66,34153,1024,8192,1024,34,1058,8.265625,8.0,0,0.0,0,,0.0,0.0,,1.0,0.0,0.20960191874999623,0.07421929453124676,1024,1035,1.0107421875,,,0,0,,,736,770,6.015625,0.21083749218749404,True
1.0,67,43609,1024,8192,1024,34,1058,8.265625,8.0,0,0.0,0,,0.0,0.0,,1.0,0.0,0.20960191874999623,0.07421929453124676,1024,1035,1.0107421875,,,0,0,,,726,760,5.9375,0.21083749218749404,True
1.0,68,10762,1024,8192,1024,34,1058,8.265625,8.0,0,0.0,0,,0.0,0.0,,1.0,0.0,0.20960191874999623,0.07421929453124676,1024,1012,0.98828125,,,0,0,,,732,766,5.984375,0.21083749218749404,True
1.0,69,17898,1024,8192,1024,34,1058,8.265625,8.0,0,0.0,0,,0.0,0.0,,1.0,0.0,0.20960191874999623,0.07421929453124676,1024,889,0.8681640625,,,0,0,,,624,658,5.140625,0.21083749218749404,True
1.0,70,43653,1024,8192,1024,34,1058,8.265625,8.0,0,0.0,0,,0.0,0.0,,1.0,0.0,0.20960191874999623,0.07421929453124676,1024,983,0.9599609375,,,0,0,,,669,703,5.4921875,0.21083749218749404,True
1.0,71,14233,1024,8192,1024,34,1058,8.265625,8.0,0,0.0,0,,0.0,0.0,,1.0,0.0,0.20960191874999623,0.07421929453124676,1024,1028,1.00390625,,,0,0,,,782,816,6.375,0.21083749218749404,True
1.0,72,39520,1024,8192,1024,34,1058,8.265625,8.0,0,0.0,0,,0.0,0.0,,1.0,0.0,0.20960191874999623,0.07421929453124676,1024,1019,0.9951171875,,,0,0,,,737,771,6.0234375,0.21083749218749404,True
1.0,73,18138,1024,8192,1024,34,1058,8.265625,8.0,0,0.0,0,,0.0,0.0,,1.0,0.0,0.20960191874999623,0.07421929453124676,1024,995,0.9716796875,,,0,0,,,705,739,5.7734375,0.21083749218749404,True
1.0,74,9212,1024,8192,1024,34,1058,8.265625,8.0,0,0.0,0,,0.0,0.0,,1.0,0.0,0.20960191874999623,0.07421929453124676,1024,968,0.9453125,,,0,0,,,653,687,5.3671875,0.21083749218749404,True
1.0,75,6456,1024,8192,1024,34,1058,8.265625,8.0,0,0.0,0,,0.0,0.0,,1.0,0.0,0.20960191874999623,0.07421929453124676,1024,1035,1.0107421875,,,0,0,,,791,825,6.4453125,0.21083749218749404,True
1.0,76,22948,1024,8192,1024,34,1058,8.265625,8.0,0,0.0,0,,0.0,0.0,,1.0,0.0,0.20960191874999623,0.07421929453124676,1024,1032,1.0078125,,,0,0,,,660,694,5.421875,0.21083749218749404,True
1.0,77,7591,1024,8192,1024,34,1058,8.265625,8.0,0,0.0,0,,0.0,0.0,,1.0,0.0,0.20960191874999623,0.07421929453124676,1024,990,0.966796875,,,0,0,,,836,870,6.796875,0.21083749218749404,True
1.0,78,29996,1024,8192,1024,34,1058,8.265625,8.0,0,0.0,0,,0.0,0.0,,1.0,0.0,0.20960191874999623,0.07421929453124676,1024,990,0.966796875,,,0,0,,,683,717,5.6015625,0.21083749218749404,True
1.0,79,10378,1024,8192,1024,34,1058,8.265625,8.0,0,0.0,0,,0.0,0.0,,1.0,0.0,0.20960191874999623,0.07421929453124676,1024,912,0.890625,,,0,0,,,723,757,5.9140625,0.21083749218749404,True
1.0,80,27337,1024,8192,1024,34,1058,8.265625,8.0,0,0.0,0,,0.0,0.0,,1.0,0.0,0.20960191874999623,0.07421929453124676,1024,924,0.90234375,,,0,0,,,574,608,4.75,0.21083749218749404,True
1.0,81,19965,1024,8192,1024,34,1058,8.265625,8.0,0,0.0,0,,0.0,0.0,,1.0,0.0,0.20960191874999623,0.07421929453124676,1024,979,0.9560546875,,,0,0,,,652,686,5.359375,0.21083749218749404,True
1.0,82,24405,1024,8192,1024,34,1058,8.265625,8.0,0,0.0,0,,0.0,0.0,,1.0,0.0,0.20960191874999623,0.07421929453124676,1024,984,0.9609375,,,0,0,,,768,802,6.265625,0.21083749218749404,True
1.0,83,45135,1024,8192,1024,34,1058,8.265625,8.0,0,0.0,0,,0.0,0.0,,1.0,0.0,0.20960191874999623,0.07421929453124676,1024,1025,1.0009765625,,,0,0,,,757,791,6.1796875,0.21083749218749404,True
1.0,84,11274,1024,8192,1024,34,1058,8.265625,8.0,0,0.0,0,,0.0,0.0,,1.0,0.0,0.20960191874999623,0.07421929453124676,1024,985,0.9619140625,,,0,0,,,741,775,6.0546875,0.21083749218749404,True
1.0,85,1941,1024,8192,1024,34,1058,8.265625,8.0,0,0.0,0,,0.0,0.0,,1.0,0.0,0.20960191874999623,0.07421929453124676,1024,923,0.9013671875,,,0,0,,,741,775,6.0546875,0.21083749218749404,True
1.0,86,48940,1024,8192,1024,34,1058,8.265625,8.0,0,0.0,0,,0.0,0.0,,1.0,0.0,0.20960191874999623,0.07421929453124676,1024,962,0.939453125,,,0,0,,,795,829,6.4765625,0.21083749218749404,True
1.0,87,36794,1024,8192,1024,34,1058,8.265625,8.0,0,0.0,0,,0.0,0.0,,1.0,0.0,0.20960191874999623,0.07421929453124676,1024,1035,1.0107421875,,,0,0,,,749,783,6.1171875,0.21083749218749404,True
1.0,88,21994,1024,8192,1024,34,1058,8.265625,8.0,0,0.0,0,,0.0,0.0,,1.0,0.0,0.1970536044642748,0.000120570535727893,1024,1032,1.0078125,,,0,0,,,749,783,6.1171875,0.2129790785714444,True
1.0,89,49944,1024,8192,1024,34,1058,8.265625,8.0,0,0.0,0,,0.0,0.0,,1.0,0.0,0.1970536044642748,0.000120570535727893,1024,1013,0.9892578125,,,0,0,,,707,741,5.7890625,0.2129790785714444,True
1.0,90,43442,1024,8192,1024,34,1058,8.265625,8.0,0,0.0,0,,0.0,0.0,,1.0,0.0,0.1970536044642748,0.000120570535727893,1024,460,0.44921875,,,0,0,,,303,337,2.6328125,0.2129790785714444,True
1.0,91,45096,1024,8192,1024,34,1058,8.265625,8.0,0,0.0,0,,0.0,0.0,,1.0,0.0,0.1970536044642748,0.000120570535727893,1024,935,0.9130859375,,,0,0,,,628,662,5.171875,0.2129790785714444,True
1.0,92,42430,1024,8192,1024,34,1058,8.265625,8.0,0,0.0,0,,0.0,0.0,,1.0,0.0,0.1970536044642748,0.000120570535727893,1024,791,0.7724609375,,,0,0,,,554,588,4.59375,0.2129790785714444,True
1.0,93,42255,1024,8192,1024,34,1058,8.265625,8.0,0,0.0,0,,0.0,0.0,,1.0,0.0,0.1970536044642748,0.000120570535727893,1024,983,0.9599609375,,,0,0,,,656,690,5.390625,0.2129790785714444,True
1.0,94,5771,1024,8192,1024,34,1058,8.265625,8.0,0,0.0,0,,0.0,0.0,,1.0,0.0,0.1970536044642748,0.000120570535727893,1024,1014,0.990234375,,,0,0,,,789,823,6.4296875,0.2129790785714444,True
1.0,95,8320,1024,8192,1024,34,1058,8.265625,8.0,0,0.0,0,,0.0,0.0,,1.0,0.0,0.1970536044642748,0.000120570535727893,1024,1017,0.9931640625,,,0,0,,,830,864,6.75,0.2129790785714444,True
1.0,96,48807,1024,8192,1024,34,1058,8.265625,8.0,0,0.0,0,,0.0,0.0,,1.0,0.0,0.1970536044642748,0.000120570535727893,1024,1015,0.9912109375,,,0,0,,,747,781,6.1015625,0.2129790785714444,True
1.0,97,2675,1024,8192,1024,34,1058,8.265625,8.0,0,0.0,0,,0.0,0.0,,1.0,0.0,0.1970536044642748,0.000120570535727893,1024,839,0.8193359375,,,0,0,,,519,553,4.3203125,0.2129790785714444,True
1.0,98,37658,1024,8192,1024,34,1058,8.265625,8.0,0,0.0,0,,0.0,0.0,,1.0,0.0,0.1970536044642748,0.000120570535727893,1024,1035,1.0107421875,,,0,0,,,691,725,5.6640625,0.2129790785714444,True
1.0,99,45710,1024,8192,1024,34,1058,8.265625,8.0,0,0.0,0,,0.0,0.0,,1.0,0.0,0.1970536044642748,0.000120570535727893,1024,1029,1.0048828125,,,0,0,,,731,765,5.9765625,0.2129790785714444,True
1.0,100,15813,1024,8192,1024,34,1058,8.265625,8.0,0,0.0,0,,0.0,0.0,,1.0,0.0,0.1970536044642748,0.000120570535727893,1024,884,0.86328125,,,0,0,,,636,670,5.234375,0.2129790785714444,True
1.0,101,7135,1024,8192,1024,34,1058,8.265625,8.0,0,0.0,0,,0.0,0.0,,1.0,0.0,0.1970536044642748,0.000120570535727893,1024,935,0.9130859375,,,0,0,,,778,812,6.34375,0.2129790785714444,True
1.0,102,31775,1024,8192,1024,34,1058,8.265625,8.0,0,0.0,0,,0.0,0.0,,1.0,0.0,0.1970536044642748,0.000120570535727893,1024,874,0.853515625,,,0,0,,,725,759,5.9296875,0.2129790785714444,True
1.0,103,31772,1024,8192,1024,34,1058,8.265625,8.0,0,0.0,0,,0.0,0.0,,1.0,0.0,0.1970536044642748,0.000120570535727893,1024,1011,0.9873046875,,,0,0,,,698,732,5.71875,0.2129790785714444,True
1.0,104,25160,1024,8192,1024,34,1058,8.265625,8.0,0,0.0,0,,0.0,0.0,,1.0,0.0,0.1970536044642748,0.000120570535727893,1024,904,0.8828125,,,0,0,,,632,666,5.203125,0.2129790785714444,True
1.0,105,36108,1024,8192,1024,34,1058,8.265625,8.0,0,0.0,0,,0.0,0.0,,1.0,0.0,0.1970536044642748,0.000120570535727893,1024,947,0.9248046875,,,0,0,,,635,669,5.2265625,0.2129790785714444,True
1.0,106,1260,1024,8192,1024,34,1058,8.265625,8.0,0,0.0,0,,0.0,0.0,,1.0,0.0,0.1970536044642748,0.000120570535727893,1024,984,0.9609375,,,0,0,,,691,725,5.6640625,0.2129790785714444,True
1.0,107,37885,1024,8192,1024,34,1058,8.265625,8.0,0,0.0,0,,0.0,0.0,,1.0,0.0,0.1970536044642748,0.000120570535727893,1024,1035,1.0107421875,,,0,0,,,745,779,6.0859375,0.2129790785714444,True
1.0,108,41535,1024,8192,1024,34,1058,8.265625,8.0,0,0.0,0,,0.0,0.0,,1.0,0.0,0.1970536044642748,0.000120570535727893,1024,969,0.9462890625,,,0,0,,,682,716,5.59375,0.2129790785714444,True
1.0,109,44889,1024,8192,1024,34,1058,8.265625,8.0,0,0.0,0,,0.0,0.0,,1.0,0.0,0.1970536044642748,0.000120570535727893,1024,984,0.9609375,,,0,0,,,719,753,5.8828125,0.2129790785714444,True
1.0,110,28184,1024,8192,1024,34,1058,8.265625,8.0,0,0.0,0,,0.0,0.0,,1.0,0.0,0.1970536044642748,0.000120570535727893,1024,932,0.91015625,,,0,0,,,742,776,6.0625,0.2129790785714444,True
1.0,111,25319,1024,8192,1024,34,1058,8.265625,8.0,0,0.0,0,,0.0,0.0,,1.0,0.0,0.1970536044642748,0.000120570535727893,1024,1023,0.9990234375,,,0,0,,,746,780,6.09375,0.2129790785714444,True
1.0,112,11010,1024,8192,1024,34,1058,8.265625,8.0,0,0.0,0,,0.0,0.0,,1.0,0.0,0.1970536044642748,0.000120570535727893,1024,997,0.9736328125,,,0,0,,,659,693,5.4140625,0.2129790785714444,True
1.0,113,33880,1024,8192,1024,34,1058,8.265625,8.0,0,0.0,0,,0.0,0.0,,1.0,0.0,0.1970536044642748,0.000120570535727893,1024,934,0.912109375,,,0,0,,,727,761,5.9453125,0.2129790785714444,True
1.0,114,19307,1024,8192,1024,34,1058,8.265625,8.0,0,0.0,0,,0.0,0.0,,1.0,0.0,0.1970536044642748,0.000120570535727893,1024,926,0.904296875,,,0,0,,,616,650,5.078125,0.2129790785714444,True
1.0,115,12236,1024,8192,1024,34,1058,8.265625,8.0,0,0.0,0,,0.0,0.0,,1.0,0.0,0.1970536044642748,0.000120570535727893,1024,770,0.751953125,,,0,0,,,535,569,4.4453125,0.2129790785714444,True
1.0,116,13805,1024,8192,1024,34,1058,8.265625,8.0,0,0.0,0,,0.0,0.0,,1.0,0.0,0.1970536044642748,0.000120570535727893,1024,952,0.9296875,,,0,0,,,628,662,5.171875,0.2129790785714444,True
1.0,117,5814,1024,8192,1024,34,1058,8.265625,8.0,0,0.0,0,,0.0,0.0,,1.0,0.0,0.1970536044642748,0.000120570535727893,1024,906,0.884765625,,,0,0,,,574,608,4.75,0.2129790785714444,True
1.0,118,48485,1024,8192,1024,34,1058,8.265625,8.0,0,0.0,0,,0.0,0.0,,1.0,0.0,0.1970536044642748,0.000120570535727893,1024,1025,1.0009765625,,,0,0,,,732,766,5.984375,0.2129790785714444,True
1.0,119,12248,1024,8192,1024,34,1058,8.265625,8.0,0,0.0,0,,0.0,0.0,,1.0,0.0,0.1970536044642748,0.000120570535727893,1024,963,0.9404296875,,,0,0,,,649,683,5.3359375,0.2129790785714444,True
1.0,120,458,1024,8192,1024,34,1058,8.265625,8.0,0,0.0,0,,0.0,0.0,,1.0,0.0,0.1970536044642748,0.000120570535727893,1024,1015,0.9912109375,,,0,0,,,756,790,6.171875,0.2129790785714444,True
1.0,121,319,1024,8192,1024,34,1058,8.265625,8.0,0,0.0,0,,0.0,0.0,,1.0,0.0,0.1970536044642748,0.000120570535727893,1024,1023,0.9990234375,,,0,0,,,711,745,5.8203125,0.2129790785714444,True
1.0,122,21496,1024,8192,1024,34,1058,8.265625,8.0,0,0.0,0,,0.0,0.0,,1.0,0.0,0.1970536044642748,0.000120570535727893,1024,1007,0.9833984375,,,0,0,,,705,739,5.7734375,0.2129790785714444,True
1.0,123,20390,1024,8192,1024,34,1058,8.265625,8.0,0,0.0,0,,0.0,0.0,,1.0,0.0,0.1970536044642748,0.000120570535727893,1024,906,0.884765625,,,0,0,,,661,695,5.4296875,0.2129790785714444,True
1.0,124,33691,1024,8192,1024,34,1058,8.265625,8.0,0,0.0,0,,0.0,0.0,,1.0,0.0,0.1970536044642748,0.000120570535727893,1024,902,0.880859375,,,0,0,,,639,673,5.2578125,0.2129790785714444,True
1.0,125,33872,1024,8192,1024,34,1058,8.265625,8.0,0,0.0,0,,0.0,0.0,,1.0,0.0,0.1970536044642748,0.000120570535727893,1024,1028,1.00390625,,,0,0,,,860,894,6.984375,0.2129790785714444,True
1.0,126,46987,1024,8192,1024,34,1058,8.265625,8.0,0,0.0,0,,0.0,0.0,,1.0,0.0,0.1970536044642748,0.000120570535727893,1024,924,0.90234375,,,0,0,,,566,600,4.6875,0.2129790785714444,True
1.0,127,26772,1024,8192,1024,34,1058,8.265625,8.0,0,0.0,0,,0.0,0.0,,1.0,0.0,0.1970536044642748,0.000120570535727893,1024,1021,0.9970703125,,,0,0,,,753,787,6.1484375,0.2129790785714444,True
1.0,128,7057,1024,8192,1024,34,1058,8.265625,8.0,0,0.0,0,,0.0,0.0,,1.0,0.0,0.1970536044642748,0.000120570535727893,1024,960,0.9375,,,0,0,,,672,706,5.515625,0.2129790785714444,True
1.0,129,30014,1024,8192,1024,34,1058,8.265625,8.0,0,0.0,0,,0.0,0.0,,1.0,0.0,0.1970536044642748,0.000120570535727893,1024,1030,1.005859375,,,0,0,,,690,724,5.65625,0.2129790785714444,True
1.0,130,48237,1024,8192,1024,34,1058,8.265625,8.0,0,0.0,0,,0.0,0.0,,1.0,0.0,0.1970536044642748,0.000120570535727893,1024,898,0.876953125,,,0,0,,,698,732,5.71875,0.2129790785714444,True
1.0,131,4823,1024,8192,1024,34,1058,8.265625,8.0,0,0.0,0,,0.0,0.0,,1.0,0.0,0.1970536044642748,0.000120570535727893,1024,1035,1.0107421875,,,0,0,,,716,750,5.859375,0.2129790785714444,True
1.0,132,26627,1024,8192,1024,34,1058,8.265625,8.0,0,0.0,0,,0.0,0.0,,1.0,0.0,0.1970536044642748,0.000120570535727893,1024,1021,0.9970703125,,,0,0,,,779,813,6.3515625,0.2129790785714444,True
1.0,133,12293,1024,8192,1024,34,1058,8.265625,8.0,0,0.0,0,,0.0,0.0,,1.0,0.0,0.1970536044642748,0.000120570535727893,1024,1016,0.9921875,,,0,0,,,855,889,6.9453125,0.2129790785714444,True
1.0,134,32803,1024,8192,1024,34,1058,8.265625,8.0,0,0.0,0,,0.0,0.0,,1.0,0.0,0.1970536044642748,0.000120570535727893,1024,878,0.857421875,,,0,0,,,647,681,5.3203125,0.2129790785714444,True
1.0,135,41882,1024,8192,1024,34,1058,8.265625,8.0,0,0.0,0,,0.0,0.0,,1.0,0.0,0.1970536044642748,0.000120570535727893,1024,1006,0.982421875,,,0,0,,,580,614,4.796875,0.2129790785714444,True
1.0,136,10235,1024,8192,1024,34,1058,8.265625,8.0,0,0.0,0,,0.0,0.0,,1.0,0.0,0.1970536044642748,0.000120570535727893,1024,935,0.9130859375,,,0,0,,,713,747,5.8359375,0.2129790785714444,True
1.0,137,30033,1024,8192,1024,34,1058,8.265625,8.0,0,0.0,0,,0.0,0.0,,1.0,0.0,0.1970536044642748,0.000120570535727893,1024,1035,1.0107421875,,,0,0,,,786,820,6.40625,0.2129790785714444,True
1.0,138,20042,1024,8192,1024,34,1058,8.265625,8.0,0,0.0,0,,0.0,0.0,,1.0,0.0,0.1970536044642748,0.000120570535727893,1024,1035,1.0107421875,,,0,0,,,789,823,6.4296875,0.2129790785714444,True
1.0,139,29399,1024,8192,1024,34,1058,8.265625,8.0,0,0.0,0,,0.0,0.0,,1.0,0.0,0.1970536044642748,0.000120570535727893,1024,1035,1.0107421875,,,0,0,,,700,734,5.734375,0.2129790785714444,True
1.0,140,6463,1024,8192,1024,34,1058,8.265625,8.0,0,0.0,0,,0.0,0.0,,1.0,0.0,0.1970536044642748,0.000120570535727893,1024,985,0.9619140625,,,0,0,,,861,895,6.9921875,0.2129790785714444,True
1.0,141,25920,1024,8192,1024,34,1058,8.265625,8.0,0,0.0,0,,0.0,0.0,,1.0,0.0,0.1970536044642748,0.000120570535727893,1024,850,0.830078125,,,0,0,,,551,585,4.5703125,0.2129790785714444,True
1.0,142,10327,1024,8192,1024,34,1058,8.265625,8.0,0,0.0,0,,0.0,0.0,,1.0,0.0,0.1970536044642748,0.000120570535727893,1024,1031,1.0068359375,,,0,0,,,903,937,7.3203125,0.2129790785714444,True
1.0,143,3805,1024,8192,1024,34,1058,8.265625,8.0,0,0.0,0,,0.0,0.0,,1.0,0.0,0.1970536044642748,0.000120570535727893,1024,971,0.9482421875,,,0,0,,,730,764,5.96875,0.2129790785714444,True
1.0,144,37879,1024,8192,1024,34,1058,8.265625,8.0,0,0.0,0,,0.0,0.0,,1.0,0.0,0.1970536044642748,0.000120570535727893,1024,796,0.77734375,,,0,0,,,451,485,3.7890625,0.2129790785714444,True
1.0,145,22721,1024,8192,1024,34,1058,8.265625,8.0,0,0.0,0,,0.0,0.0,,1.0,0.0,0.1970536044642748,0.000120570535727893,1024,953,0.9306640625,,,0,0,,,656,690,5.390625,0.2129790785714444,True
1.0,146,43932,1024,8192,1024,34,1058,8.265625,8.0,0,0.0,0,,0.0,0.0,,1.0,0.0,0.1970536044642748,0.000120570535727893,1024,1035,1.0107421875,,,0,0,,,757,791,6.1796875,0.2129790785714444,True
1.0,147,47270,1024,8192,1024,34,1058,8.265625,8.0,0,0.0,0,,0.0,0.0,,1.0,0.0,0.1970536044642748,0.000120570535727893,1024,1008,0.984375,,,0,0,,,787,821,6.4140625,0.2129790785714444,True
1.0,148,11091,1024,8192,1024,34,1058,8.265625,8.0,0,0.0,0,,0.0,0.0,,1.0,0.0,0.1970536044642748,0.000120570535727893,1024,969,0.9462890625,,,0,0,,,632,666,5.203125,0.2129790785714444,True
1.0,149,9736,1024,8192,1024,34,1058,8.265625,8.0,0,0.0,0,,0.0,0.0,,1.0,0.0,0.1970536044642748,0.000120570535727893,1024,938,0.916015625,,,0,0,,,745,779,6.0859375,0.2129790785714444,True
1.0,150,23206,1024,8192,1024,34,1058,8.265625,8.0,0,0.0,0,,0.0,0.0,,1.0,0.0,0.1970536044642748,0.000120570535727893,1024,982,0.958984375,,,0,0,,,664,698,5.453125,0.2129790785714444,True
1.0,151,25039,1024,8192,1024,34,1058,8.265625,8.0,0,0.0,0,,0.0,0.0,,1.0,0.0,0.1970536044642748,0.000120570535727893,1024,1027,1.0029296875,,,0,0,,,869,903,7.0546875,0.2129790785714444,True
1.0,152,21014,1024,8192,1024,34,1058,8.265625,8.0,0,0.0,0,,0.0,0.0,,1.0,0.0,0.1970536044642748,0.000120570535727893,1024,865,0.8447265625,,,0,0,,,620,654,5.109375,0.2129790785714444,True
1.0,153,32412,1024,8192,1024,34,1058,8.265625,8.0,0,0.0,0,,0.0,0.0,,1.0,0.0,0.1970536044642748,0.000120570535727893,1024,957,0.9345703125,,,0,0,,,819,853,6.6640625,0.2129790785714444,True
1.0,154,34022,1024,8192,1024,34,1058,8.265625,8.0,0,0.0,0,,0.0,0.0,,1.0,0.0,0.1970536044642748,0.000120570535727893,1024,813,0.7939453125,,,0,0,,,525,559,4.3671875,0.2129790785714444,True
1.0,155,21369,1024,8192,1024,34,1058,8.265625,8.0,0,0.0,0,,0.0,0.0,,1.0,0.0,0.1970536044642748,0.000120570535727893,1024,871,0.8505859375,,,0,0,,,611,645,5.0390625,0.2129790785714444,True
1.0,156,41654,1024,8192,1024,34,1058,8.265625,8.0,0,0.0,0,,0.0,0.0,,1.0,0.0,0.1970536044642748,0.000120570535727893,1024,1023,0.9990234375,,,0,0,,,770,804,6.28125,0.2129790785714444,True
1.0,157,11953,1024,8192,1024,34,1058,8.265625,8.0,0,0.0,0,,0.0,0.0,,1.0,0.0,0.1970536044642748,0.000120570535727893,1024,1021,0.9970703125,,,0,0,,,748,782,6.109375,0.2129790785714444,True
1.0,158,13700,1024,8192,1024,34,1058,8.265625,8.0,0,0.0,0,,0.0,0.0,,1.0,0.0,0.1970536044642748,0.000120570535727893,1024,988,0.96484375,,,0,0,,,684,718,5.609375,0.2129790785714444,True
1.0,159,38205,1024,8192,1024,34,1058,8.265625,8.0,0,0.0,0,,0.0,0.0,,1.0,0.0,0.1970536044642748,0.000120570535727893,1024,920,0.8984375,,,0,0,,,586,620,4.84375,0.2129790785714444,True
1.0,160,40129,1024,8192,1024,34,1058,8.265625,8.0,0,0.0,0,,0.0,0.0,,1.0,0.0,0.1970536044642748,0.000120570535727893,1024,800,0.78125,,,0,0,,,607,641,5.0078125,0.2129790785714444,True
1.0,161,17080,1024,8192,1024,34,1058,8.265625,8.0,0,0.0,0,,0.0,0.0,,1.0,0.0,0.1970536044642748,0.000120570535727893,1024,919,0.8974609375,,,0,0,,,612,646,5.046875,0.2129790785714444,True
1.0,162,1505,1024,8192,1024,34,1058,8.265625,8.0,0,0.0,0,,0.0,0.0,,1.0,0.0,0.1970536044642748,0.000120570535727893,1024,1035,1.0107421875,,,0,0,,,789,823,6.4296875,0.2129790785714444,True
1.0,163,36391,1024,8192,1024,34,1058,8.265625,8.0,0,0.0,0,,0.0,0.0,,1.0,0.0,0.1970536044642748,0.000120570535727893,1024,1035,1.0107421875,,,0,0,,,775,809,6.3203125,0.2129790785714444,True
1.0,164,24660,1024,8192,1024,34,1058,8.265625,8.0,0,0.0,0,,0.0,0.0,,1.0,0.0,0.1970536044642748,0.000120570535727893,1024,1027,1.0029296875,,,0,0,,,759,793,6.1953125,0.2129790785714444,True
1.0,165,24061,1024,8192,1024,34,1058,8.265625,8.0,0,0.0,0,,0.0,0.0,,1.0,0.0,0.1970536044642748,0.000120570535727893,1024,880,0.859375,,,0,0,,,635,669,5.2265625,0.2129790785714444,True
1.0,166,10964,1024,8192,1024,34,1058,8.265625,8.0,0,0.0,0,,0.0,0.0,,1.0,0.0,0.1970536044642748,0.000120570535727893,1024,1004,0.98046875,,,0,0,,,588,622,4.859375,0.2129790785714444,True
1.0,167,20807,1024,8192,1024,34,1058,8.265625,8.0,0,0.0,0,,0.0,0.0,,1.0,0.0,0.1970536044642748,0.000120570535727893,1024,1035,1.0107421875,,,0,0,,,809,843,6.5859375,0.2129790785714444,True
1.0,168,33388,1024,8192,1024,34,1058,8.265625,8.0,0,0.0,0,,0.0,0.0,,1.0,0.0,0.1970536044642748,0.000120570535727893,1024,1035,1.0107421875,,,0,0,,,867,901,7.0390625,0.2129790785714444,True
1.0,169,34571,1024,8192,1024,34,1058,8.265625,8.0,0,0.0,0,,0.0,0.0,,1.0,0.0,0.1970536044642748,0.000120570535727893,1024,983,0.9599609375,,,0,0,,,726,760,5.9375,0.2129790785714444,True
1.0,170,21194,1024,8192,1024,34,1058,8.265625,8.0,0,0.0,0,,0.0,0.0,,1.0,0.0,0.1970536044642748,0.000120570535727893,1024,996,0.97265625,,,0,0,,,778,812,6.34375,0.2129790785714444,True
1.0,171,32696,1024,8192,1024,34,1058,8.265625,8.0,0,0.0,0,,0.0,0.0,,1.0,0.0,0.1970536044642748,0.000120570535727893,1024,1017,0.9931640625,,,0,0,,,719,753,5.8828125,0.2129790785714444,True
1.0,172,46005,1024,8192,1024,34,1058,8.265625,8.0,0,0.0,0,,0.0,0.0,,1.0,0.0,0.1970536044642748,0.000120570535727893,1024,667,0.6513671875,,,0,0,,,471,505,3.9453125,0.2129790785714444,True
1.0,173,19269,1024,8192,1024,34,1058,8.265625,8.0,0,0.0,0,,0.0,0.0,,1.0,0.0,0.1970536044642748,0.000120570535727893,1024,754,0.736328125,,,0,0,,,455,489,3.8203125,0.2129790785714444,True
1.0,174,5503,1024,8192,1024,34,1058,8.265625,8.0,0,0.0,0,,0.0,0.0,,1.0,0.0,0.1970536044642748,0.000120570535727893,1024,1035,1.0107421875,,,0,0,,,859,893,6.9765625,0.2129790785714444,True
1.0,175,32979,1024,8192,1024,34,1058,8.265625,8.0,0,0.0,0,,0.0,0.0,,1.0,0.0,0.1970536044642748,0.000120570535727893,1024,1012,0.98828125,,,0,0,,,664,698,5.453125,0.2129790785714444,True
1.0,176,32764,1024,8192,1024,34,1058,8.265625,8.0,0,0.0,0,,0.0,0.0,,1.0,0.0,0.1970536044642748,0.000120570535727893,1024,1022,0.998046875,,,0,0,,,793,827,6.4609375,0.2129790785714444,True
1.0,177,36396,1024,8192,1024,34,1058,8.265625,8.0,0,0.0,0,,0.0,0.0,,1.0,0.0,0.1970536044642748,0.000120570535727893,1024,947,0.9248046875,,,0,0,,,647,681,5.3203125,0.2129790785714444,True
1.0,178,16139,1024,8192,1024,34,1058,8.265625,8.0,0,0.0,0,,0.0,0.0,,1.0,0.0,0.1970536044642748,0.000120570535727893,1024,548,0.53515625,,,0,0,,,399,433,3.3828125,0.2129790785714444,True
1.0,179,32110,1024,8192,1024,34,1058,8.265625,8.0,0,0.0,0,,0.0,0.0,,1.0,0.0,0.1970536044642748,0.000120570535727893,1024,889,0.8681640625,,,0,0,,,668,702,5.484375,0.2129790785714444,True
1.0,180,37930,1024,8192,1024,34,1058,8.265625,8.0,0,0.0,0,,0.0,0.0,,1.0,0.0,0.1970536044642748,0.000120570535727893,1024,978,0.955078125,,,0,0,,,720,754,5.890625,0.2129790785714444,True
1.0,181,5624,1024,8192,1024,34,1058,8.265625,8.0,0,0.0,0,,0.0,0.0,,1.0,0.0,0.1970536044642748,0.000120570535727893,1024,919,0.8974609375,,,0,0,,,759,793,6.1953125,0.2129790785714444,True
1.0,182,37946,1024,8192,1024,34,1058,8.265625,8.0,0,0.0,0,,0.0,0.0,,1.0,0.0,0.1970536044642748,0.000120570535727893,1024,1007,0.9833984375,,,0,0,,,672,706,5.515625,0.2129790785714444,True
1.0,183,6616,1024,8192,1024,34,1058,8.265625,8.0,0,0.0,0,,0.0,0.0,,1.0,0.0,0.1970536044642748,0.000120570535727893,1024,1035,1.0107421875,,,0,0,,,840,874,6.828125,0.2129790785714444,True
1.0,184,11706,1024,8192,1024,34,1058,8.265625,8.0,0,0.0,0,,0.0,0.0,,1.0,0.0,0.1970536044642748,0.000120570535727893,1024,1009,0.9853515625,,,0,0,,,741,775,6.0546875,0.2129790785714444,True
1.0,185,10558,1024,8192,1024,34,1058,8.265625,8.0,0,0.0,0,,0.0,0.0,,1.0,0.0,0.1970536044642748,0.000120570535727893,1024,957,0.9345703125,,,0,0,,,693,727,5.6796875,0.2129790785714444,True
1.0,186,18351,1024,8192,1024,34,1058,8.265625,8.0,0,0.0,0,,0.0,0.0,,1.0,0.0,0.1970536044642748,0.000120570535727893,1024,861,0.8408203125,,,0,0,,,648,682,5.328125,0.2129790785714444,True
1.0,187,15023,1024,8192,1024,34,1058,8.265625,8.0,0,0.0,0,,0.0,0.0,,1.0,0.0,0.1970536044642748,0.000120570535727893,1024,901,0.8798828125,,,0,0,,,681,715,5.5859375,0.2129790785714444,True
1.0,188,9490,1024,8192,1024,34,1058,8.265625,8.0,0,0.0,0,,0.0,0.0,,1.0,0.0,0.1970536044642748,0.000120570535727893,1024,1028,1.00390625,,,0,0,,,632,666,5.203125,0.2129790785714444,True
1.0,189,6355,1024,8192,1024,34,1058,8.265625,8.0,0,0.0,0,,0.0,0.0,,1.0,0.0,0.1970536044642748,0.000120570535727893,1024,922,0.900390625,,,0,0,,,670,704,5.5,0.2129790785714444,True
1.0,190,8857,1024,8192,1024,34,1058,8.265625,8.0,0,0.0,0,,0.0,0.0,,1.0,0.0,0.1970536044642748,0.000120570535727893,1024,604,0.58984375,,,0,0,,,426,460,3.59375,0.2129790785714444,True
1.0,191,31811,1024,8192,1024,34,1058,8.265625,8.0,0,0.0,0,,0.0,0.0,,1.0,0.0,0.1970536044642748,0.000120570535727893,1024,1013,0.9892578125,,,0,0,,,648,682,5.328125,0.2129790785714444,True
1.0,192,10400,1024,8192,1024,34,1058,8.265625,8.0,0,0.0,0,,0.0,0.0,,1.0,0.0,0.1970536044642748,0.000120570535727893,1024,929,0.9072265625,,,0,0,,,775,809,6.3203125,0.2129790785714444,True
1.0,193,275,1024,8192,1024,34,1058,8.265625,8.0,0,0.0,0,,0.0,0.0,,1.0,0.0,0.1970536044642748,0.000120570535727893,1024,1023,0.9990234375,,,0,0,,,701,735,5.7421875,0.2129790785714444,True
1.0,194,26152,1024,8192,1024,34,1058,8.265625,8.0,0,0.0,0,,0.0,0.0,,1.0,0.0,0.1970536044642748,0.000120570535727893,1024,1019,0.9951171875,,,0,0,,,762,796,6.21875,0.2129790785714444,True
1.0,195,13037,1024,8192,1024,34,1058,8.265625,8.0,0,0.0,0,,0.0,0.0,,1.0,0.0,0.1970536044642748,0.000120570535727893,1024,854,0.833984375,,,0,0,,,585,619,4.8359375,0.2129790785714444,True
1.0,196,41203,1024,8192,1024,34,1058,8.265625,8.0,0,0.0,0,,0.0,0.0,,1.0,0.0,0.1970536044642748,0.000120570535727893,1024,988,0.96484375,,,0,0,,,811,845,6.6015625,0.2129790785714444,True
1.0,197,43709,1024,8192,1024,34,1058,8.265625,8.0,0,0.0,0,,0.0,0.0,,1.0,0.0,0.1970536044642748,0.000120570535727893,1024,908,0.88671875,,,0,0,,,561,595,4.6484375,0.2129790785714444,True
1.0,198,43572,1024,8192,1024,34,1058,8.265625,8.0,0,0.0,0,,0.0,0.0,,1.0,0.0,0.1970536044642748,0.000120570535727893,1024,1003,0.9794921875,,,0,0,,,700,734,5.734375,0.2129790785714444,True
1.0,199,23390,1024,8192,1024,34,1058,8.265625,8.0,0,0.0,0,,0.0,0.0,,1.0,0.0,0.1970536044642748,0.000120570535727893,1024,956,0.93359375,,,0,0,,,744,778,6.078125,0.2129790785714444,True
