threshold,image_index,dataset_index,original_bytes,payload_bits,payload_bytes,header_bytes,file_bytes,file_bpp,payload_bpp,predicted_bits,omitted_fraction,incorrect_omitted_predictions,omitted_error_rate,mse,mae,psnr_db,ssim,bit_error_rate,encode_seconds,decode_seconds,raw_payload_bytes,zlib_payload_bytes,payload_zlib_to_raw_ratio,first_incorrect_omission,mean_gap_between_errors,max_error_run,error_runs,mse_before_first_error_pixel,mse_after_first_error_pixel,range_payload_bytes,range_file_bytes,range_file_bpp,range_decode_seconds,encoder_decoder_equal
0.5,0,712,1024,0,0,34,34,0.265625,0.0,8192,1.0,3871,0.4725341796875,2724.7734375,38.263671875,13.777499639558602,0.16199348345164807,0.4725341796875,0.15991105859376376,0.15842987265625652,0,8,,2,2.115762273901809,13,1841,,2724.7734375,4,38,0.296875,0.16379098281248616,True
0.5,1,24774,1024,0,0,34,34,0.265625,0.0,8192,1.0,4417,0.5391845703125,4889.0498046875,58.5146484375,11.238558994292369,0.06770458982966578,0.5391845703125,0.15991105859376376,0.15842987265625652,0,8,,0,1.8546195652173914,22,1932,,4889.0498046875,4,38,0.296875,0.16379098281248616,True
0.5,2,45142,1024,0,0,34,34,0.265625,0.0,8192,1.0,4672,0.5703125,5392.1396484375,65.3427734375,10.813192296105926,0.062384794755481296,0.5703125,0.15991105859376376,0.15842987265625652,0,8,,0,1.7525155213016486,19,1911,,5392.1396484375,4,38,0.296875,0.16379098281248616,True
0.5,3,27119,1024,0,0,34,34,0.265625,0.0,8192,1.0,4361,0.5323486328125,10134.8974609375,94.4638671875,8.07261001758399,0.054752908459767664,0.5323486328125,0.15991105859376376,0.15842987265625652,0,8,,1,1.878440366972477,12,2113,,10134.8974609375,4,38,0.296875,0.16379098281248616,True
0.5,4,21139,1024,0,0,34,34,0.265625,0.0,8192,1.0,4300,0.52490234375,4544.08984375,58.642578125,11.556334514001755,0.17090695486297436,0.52490234375,0.15991105859376376,0.15842987265625652,0,8,,0,1.9050942079553383,15,1978,,4544.08984375,4,38,0.296875,0.16379098281248616,True
0.5,5,19129,1024,0,0,34,34,0.265625,0.0,8192,1.0,4329,0.5284423828125,4279.4091796875,57.8173828125,11.8169654692793,0.06881683317701365,0.5284423828125,0.15991105859376376,0.15842987265625652,0,8,,2,1.8918669131238448,14,1966,,4279.4091796875,4,38,0.296875,0.16379098281248616,True
0.5,6,6433,1024,0,0,34,34,0.265625,0.0,8192,1.0,4759,0.5809326171875,3377.5029296875,53.2294921875,12.84484626461314,0.16063168033939904,0.5809326171875,0.15991105859376376,0.15842987265625652,0,8,,0,1.721521647751156,23,1962,,3377.5029296875,4,38,0.296875,0.16379098281248616,True
0.5,7,38854,1024,0,0,34,34,0.265625,0.0,8192,1.0,4004,0.48876953125,4296.1923828125,51.8798828125,11.799966401030504,0.06817841633814357,0.48876953125,0.15991105859376376,0.15842987265625652,0,8,,14,2.0419685236072946,18,1930,0.0,4300.391984359726,4,38,0.296875,0.16379098281248616,True
0.5,8,22489,1024,0,0,34,34,0.265625,0.0,8192,1.0,4401,0.5372314453125,3861.7333984375,53.1572265625,12.26298072673636,0.10954328160310378,0.5372314453125,0.15991105859376376,0.15842987265625652,0,8,,0,1.861590909090909,14,1988,,3861.7333984375,4,38,0.296875,0.16379098281248616,True
0.5,9,31104,1024,0,0,34,34,0.265625,0.0,8192,1.0,3979,0.4857177734375,6218.91796875,69.0703125,10.193655326207448,0.07930956674092961,0.4857177734375,0.15991105859376376,0.15842987265625652,0,8,,1,2.0588235294117645,16,2110,,6218.91796875,4,38,0.296875,0.16379098281248616,True
0.5,10,21349,1024,0,0,34,34,0.265625,0.0,8192,1.0,4820,0.58837890625,2038.1279296875,37.2041015625,15.038489204449801,0.11349204538675563,0.58837890625,0.15991105859376376,0.15842987265625652,0,8,,0,1.6984851628968665,25,1733,,2038.1279296875,4,38,0.296875,0.16379098281248616,True
0.5,11,29116,1024,0,0,34,34,0.265625,0.0,8192,1.0,4116,0.50244140625,4527.4931640625,57.6787109375,11.572225576106218,0.1011133029609569,0.50244140625,0.15991105859376376,0.15842987265625652,0,8,,1,1.9900364520048603,14,2012,,4527.4931640625,4,38,0.296875,0.16379098281248616,True
0.5,12,10772,1024,0,0,34,34,0.265625,0.0,8192,1.0,4031,0.4920654296875,5603.46484375,63.794921875,10.64623709362014,0.03220064349069498,0.4920654296875,0.15991105859376376,0.15842987265625652,0,8,,2,2.0320099255583126,12,2084,,5603.46484375,4,38,0.296875,0.16379098281248616,True
0.5,13,18332,1024,0,0,34,34,0.265625,0.0,8192,1.0,4233,0.5167236328125,2952.4326171875,47.2822265625,13.429003662902613,0.07143827095718265,0.5167236328125,0.15991105859376376,0.15842987265625652,0,8,,5,1.9340737240075614,15,1981,,2952.4326171875,4,38,0.296875,0.16379098281248616,True
0.5,14,1003,1024,0,0,34,34,0.265625,0.0,8192,1.0,4163,0.5081787109375,2635.044921875,38.947265625,13.922923374650253,0.07952311869641629,0.5081787109375,0.15991105859376376,0.15842987265625652,0,8,,1,1.9678039404132628,14,1768,,2635.044921875,4,38,0.296875,0.16379098281248616,True
0.5,15,22156,1024,0,0,34,34,0.265625,0.0,8192,1.0,4484,0.54736328125,5562.7470703125,66.9013671875,10.677910471907563,0.04915963769445913,0.54736328125,0.15991105859376376,0.15842987265625652,0,8,,2,1.826455498550078,23,2031,,5562.7470703125,4,38,0.296875,0.16379098281248616,True
0.5,16,26453,1024,0,0,34,34,0.265625,0.0,8192,1.0,4078,0.497802734375,11238.7490234375,100.8916015625,7.62362387931459,0.07039264501898822,0.497802734375,0.15991105859376376,0.15842987265625652,0,8,,0,2.009075300466029,28,2164,,11238.7490234375,4,38,0.296875,0.16379098281248616,True
0.5,17,17039,1024,0,0,34,34,0.265625,0.0,8192,1.0,3547,0.4329833984375,2557.4462890625,45.7705078125,14.052738393473373,0.2924010834009281,0.4329833984375,0.15991105859376376,0.15842987265625652,0,8,,2,2.3093626621545402,7,2296,,2557.4462890625,4,38,0.296875,0.16379098281248616,True
0.5,18,7166,1024,0,0,34,34,0.265625,0.0,8192,1.0,4265,0.5206298828125,4019.1455078125,50.5205078125,12.08946631337703,0.13139844382892363,0.5206298828125,0.15991105859376376,0.15842987265625652,0,8,,1,1.9202626641651033,17,1864,,4019.1455078125,4,38,0.296875,0.16379098281248616,True
0.5,19,48310,1024,0,0,34,34,0.265625,0.0,8192,1.0,4195,0.5120849609375,4665.9736328125,59.2392578125,11.441380805799986,0.04712313960408019,0.5120849609375,0.15991105859376376,0.15842987265625652,0,8,,1,1.9527896995708154,15,2067,,4665.9736328125,4,38,0.296875,0.16379098281248616,True
0.5,20,12187,1024,0,0,34,34,0.265625,0.0,8192,1.0,3830,0.467529296875,1749.73828125,32.1484375,15.701072673296945,0.2286415844944482,0.467529296875,0.15991105859376376,0.15842987265625652,0,8,,3,2.13763384695743,22,1792,,1749.73828125,4,38,0.296875,0.16379098281248616,True
0.5,21,20284,1024,0,0,34,34,0.265625,0.0,8192,1.0,3113,0.3800048828125,769.720703125,18.443359375,19.26747192962418,0.24554706183624733,0.3800048828125,0.15991105859376376,0.15842987265625652,0,8,,3,2.6307840616966582,12,1761,,769.720703125,4,38,0.296875,0.16379098281248616,True
0.5,22,1052,1024,0,0,34,34,0.265625,0.0,8192,1.0,4429,0.5406494140625,5802.7763671875,65.6962890625,10.494445272270257,0.060180591857449624,0.5406494140625,0.15991105859376376,0.15842987265625652,0,8,,0,1.8498193315266487,12,2011,,5802.7763671875,4,38,0.296875,0.16379098281248616,True
0.5,23,13752,1024,0,0,34,34,0.265625,0.0,8192,1.0,3467,0.4232177734375,832.9091796875,25.2998046875,18.92482712295339,0.41684805309705436,0.4232177734375,0.15991105859376376,0.15842987265625652,0,8,,3,2.3623773802654355,9,1866,,832.9091796875,4,38,0.296875,0.16379098281248616,True
0.5,24,37139,1024,0,0,34,34,0.265625,0.0,8192,1.0,4107,0.5013427734375,6050.3896484375,70.0458984375,10.312970165101238,0.0507041993663998,0.5013427734375,0.15991105859376376,0.15842987265625652,0,8,,1,1.9946419873356065,13,2063,,6050.3896484375,4,38,0.296875,0.16379098281248616,True
0.5,25,29727,1024,0,0,34,34,0.265625,0.0,8192,1.0,4115,0.5023193359375,4373.4833984375,54.8134765625,11.722528785673203,0.07044578121893713,0.5023193359375,0.15991105859376376,0.15842987265625652,0,8,,0,1.9890617403986388,12,1961,,4373.4833984375,4,38,0.296875,0.16379098281248616,True
0.5,26,41854,1024,0,0,34,34,0.265625,0.0,8192,1.0,4876,0.59521484375,2984.41015625,50.111328125,13.382218515997309,0.24882192657249338,0.59521484375,0.15991105859376376,0.15842987265625652,0,8,,0,1.6802051282051282,21,1882,,2984.41015625,4,38,0.296875,0.16379098281248616,True
0.5,27,40333,1024,0,0,34,34,0.265625,0.0,8192,1.0,3583,0.4373779296875,2781.236328125,40.759765625,13.688424674227107,0.06535118692866836,0.4373779296875,0.15991105859376376,0.15842987265625652,0,8,,0,2.286711334450028,9,1961,,2781.236328125,4,38,0.296875,0.16379098281248616,True
0.5,28,33248,1024,0,0,34,34,0.265625,0.0,8192,1.0,4045,0.4937744140625,4882.974609375,58.12890625,11.243958948342474,0.1597810892128189,0.4937744140625,0.15991105859376376,0.15842987265625652,0,8,,1,2.0252225519287834,14,1980,,4882.974609375,4,38,0.296875,0.16379098281248616,True
0.5,29,9680,1024,0,0,34,34,0.265625,0.0,8192,1.0,3907,0.4769287109375,7985.6181640625,78.8154296875,9.107718204998477,0.044266363415062814,0.4769287109375,0.15991105859376376,0.15842987265625652,0,8,,0,2.096774193548387,13,2145,,7985.6181640625,4,38,0.296875,0.16379098281248616,True
0.5,30,16805,1024,0,0,34,34,0.265625,0.0,8192,1.0,3640,0.4443359375,2191.09765625,38.13671875,14.724186265635485,0.12636907908598358,0.4443359375,0.15991105859376376,0.15842987265625652,0,8,,3,2.2500687001923607,13,1939,,2191.09765625,4,38,0.296875,0.16379098281248616,True
0.5,31,14652,1024,0,0,34,34,0.265625,0.0,8192,1.0,4645,0.5670166015625,1838.392578125,38.169921875,15.48642102834114,0.24321967912097417,0.5670166015625,0.15991105859376376,0.15842987265625652,0,8,,0,1.7631352282515074,21,1779,,1838.392578125,4,38,0.296875,0.16379098281248616,True
0.5,32,15793,1024,0,0,34,34,0.265625,0.0,8192,1.0,3809,0.4649658203125,10891.328125,97.009765625,7.759995185603403,0.138842304624407,0.4649658203125,0.15991105859376376,0.15842987265625652,0,8,,0,2.150997899159664,13,2079,,10891.328125,4,38,0.296875,0.16379098281248616,True
0.5,33,30210,1024,0,0,34,34,0.265625,0.0,8192,1.0,4230,0.516357421875,6963.3369140625,73.3291015625,9.702629522816752,0.24442697462251348,0.516357421875,0.15991105859376376,0.15842987265625652,0,8,,1,1.9361551194135729,12,1854,,6963.3369140625,4,38,0.296875,0.16379098281248616,True
0.5,34,47426,1024,0,0,34,34,0.265625,0.0,8192,1.0,4227,0.5159912109375,9101.14453125,87.802734375,8.539843496072173,0.042580728228734765,0.5159912109375,0.15991105859376376,0.15842987265625652,0,8,,2,1.936819687647894,11,2201,,9101.14453125,4,38,0.296875,0.16379098281248616,True
0.5,35,20875,1024,0,0,34,34,0.265625,0.0,8192,1.0,4399,0.5369873046875,5807.4130859375,67.8486328125,10.490976420220168,0.07128487089932928,0.5369873046875,0.15991105859376376,0.15842987265625652,0,8,,0,1.86243747157799,14,2063,,5807.4130859375,4,38,0.296875,0.16379098281248616,True
0.5,36,4161,1024,0,0,34,34,0.265625,0.0,8192,1.0,3844,0.46923828125,5885.267578125,61.193359375,10.433141477137092,0.09680618418262474,0.46923828125,0.15991105859376376,0.15842987265625652,0,8,,0,2.131407754358574,16,1940,,5885.267578125,4,38,0.296875,0.16379098281248616,True
0.5,37,40340,1024,0,0,34,34,0.265625,0.0,8192,1.0,4244,0.51806640625,2703.6865234375,45.9013671875,13.811240245721944,0.16516248826504465,0.51806640625,0.15991105859376376,0.15842987265625652,0,8,,2,1.9300023568230027,21,1932,,2703.6865234375,4,38,0.296875,0.16379098281248616,True
0.5,38,28286,1024,0,0,34,34,0.265625,0.0,8192,1.0,4248,0.5185546875,5865.306640625,68.34375,10.44789638730062,0.13318769322457727,0.5185546875,0.15991105859376376,0.15842987265625652,0,8,,0,1.9286555215446197,13,2106,,5865.306640625,4,38,0.296875,0.16379098281248616,True
0.5,39,13256,1024,0,0,34,34,0.265625,0.0,8192,1.0,3867,0.4720458984375,2284.212890625,39.013671875,14.54343782784903,0.1019676613977519,0.4720458984375,0.15991105859376376,0.15842987265625652,0,8,,2,2.1182100362131404,20,1919,,2284.212890625,4,38,0.296875,0.16379098281248616,True
0.5,40,48934,1024,0,0,34,34,0.265625,0.0,8192,1.0,4202,0.512939453125,7610.83203125,78.435546875,9.316482235679862,0.029405715566390614,0.512939453125,0.15991105859376376,0.15842987265625652,0,8,,0,1.9497738633658652,12,2070,,7610.83203125,4,38,0.296875,0.16379098281248616,True
0.5,41,11935,1024,0,0,34,34,0.265625,0.0,8192,1.0,3747,0.4573974609375,1469.1240234375,29.1708984375,16.460219003935663,0.10614383429587844,0.4573974609375,0.15991105859376376,0.15842987265625652,0,8,,0,2.1860651361452215,41,1841,,1469.1240234375,4,38,0.296875,0.16379098281248616,True
0.5,42,48447,1024,0,0,34,34,0.265625,0.0,8192,1.0,4598,0.561279296875,1154.9951171875,28.8095703125,17.50500212642351,0.16248389234779728,0.561279296875,0.15991105859376376,0.15842987265625652,0,8,,0,1.7818142266695671,32,1685,,1154.9951171875,4,38,0.296875,0.16379098281248616,True
0.5,43,15492,1024,0,0,34,34,0.265625,0.0,8192,1.0,3842,0.468994140625,1773.51171875,31.427734375,15.642462983832386,0.0702070401896789,0.468994140625,0.15991105859376376,0.15842987265625652,0,8,,2,2.13199687581359,17,1778,,1773.51171875,4,38,0.296875,0.16379098281248616,True
0.5,44,32513,1024,0,0,34,34,0.265625,0.0,8192,1.0,4866,0.593994140625,3759.62109375,54.5625,12.379362832768269,0.2225614130744651,0.593994140625,0.15991105859376376,0.15842987265625652,0,8,,8,1.6820143884892087,21,1923,0.0,3763.2961876832846,4,38,0.296875,0.16379098281248616,True
0.5,45,36099,1024,0,0,34,34,0.265625,0.0,8192,1.0,4529,0.5528564453125,5593.1982421875,66.0126953125,10.654201483763629,0.08612659494421003,0.5528564453125,0.15991105859376376,0.15842987265625652,0,8,,1,1.8085247349823321,17,2007,,5593.1982421875,4,38,0.296875,0.16379098281248616,True
0.5,46,39260,1024,0,0,34,34,0.265625,0.0,8192,1.0,4794,0.585205078125,3341.3251953125,51.7548828125,12.891616153534283,0.2591381152289409,0.585205078125,0.15991105859376376,0.15842987265625652,0,8,,0,1.7087419152931358,31,1949,,3341.3251953125,4,38,0.296875,0.16379098281248616,True
0.5,47,46517,1024,0,0,34,34,0.265625,0.0,8192,1.0,4142,0.505615234375,4295.8818359375,54.4619140625,11.800280338714956,0.1678775283953685,0.505615234375,0.15991105859376376,0.15842987265625652,0,8,,0,1.9775416566046848,12,1988,,4295.8818359375,4,38,0.296875,0.16379098281248616,True
0.5,48,33095,1024,0,0,34,34,0.265625,0.0,8192,1.0,4248,0.5185546875,2388.5732421875,40.5244140625,14.34941798024261,0.1042120569588538,0.5185546875,0.15991105859376376,0.15842987265625652,0,8,,0,1.9284200612196845,20,1861,,2388.5732421875,4,38,0.296875,0.16379098281248616,True
0.5,49,3,1024,0,0,34,34,0.265625,0.0,8192,1.0,4628,0.56494140625,4401.2265625,62.59375,11.69506635497201,0.1528594160617319,0.56494140625,0.15991105859376376,0.15842987265625652,0,8,,0,1.7700453857791225,22,1992,,4401.2265625,4,38,0.296875,0.16379098281248616,True
0.5,50,21683,1024,0,0,34,34,0.265625,0.0,8192,1.0,4325,0.5279541015625,6622.400390625,74.33203125,9.92064926194187,0.09157264123959152,0.5279541015625,0.15991105859376376,0.15842987265625652,0,8,,0,1.8940795559666974,12,2130,,6622.400390625,4,38,0.296875,0.16379098281248616,True
0.5,51,13446,1024,0,0,34,34,0.265625,0.0,8192,1.0,4181,0.5103759765625,5217.0361328125,64.8251953125,10.956565162431504,0.05237318830917869,0.5103759765625,0.15991105859376376,0.15842987265625652,0,8,,2,1.959090909090909,16,2060,,5217.0361328125,4,38,0.296875,0.16379098281248616,True
0.5,52,49515,1024,0,0,34,34,0.265625,0.0,8192,1.0,3581,0.4371337890625,2063.544921875,37.005859375,14.984664332759557,0.17657637726000322,0.4371337890625,0.15991105859376376,0.15842987265625652,0,8,,1,2.287150837988827,16,1904,,2063.544921875,4,38,0.296875,0.16379098281248616,True
0.5,53,27943,1024,0,0,34,34,0.265625,0.0,8192,1.0,4115,0.5023193359375,5700.5,65.630859375,10.571674108590143,0.11074817646023882,0.5023193359375,0.15991105859376376,0.15842987265625652,0,8,,0,1.9910063198833252,14,2086,,5700.5,4,38,0.296875,0.16379098281248616,True
0.5,54,29059,1024,0,0,34,34,0.265625,0.0,8192,1.0,4130,0.504150390625,5642.0263671875,64.9794921875,10.616452494318885,0.06498425216041823,0.504150390625,0.15991105859376376,0.15842987265625652,0,8,,6,1.9820779849842576,14,2142,,5642.0263671875,4,38,0.296875,0.16379098281248616,True
0.5,55,32738,1024,0,0,34,34,0.265625,0.0,8192,1.0,3554,0.433837890625,1878.5888671875,29.6259765625,15.392486165569943,0.4236987041263889,0.433837890625,0.15991105859376376,0.15842987265625652,0,8,,4,2.3042499296369265,13,1744,,1878.5888671875,4,38,0.296875,0.16379098281248616,True
0.5,56,445,1024,0,0,34,34,0.265625,0.0,8192,1.0,4355,0.5316162109375,4353.2548828125,57.9208984375,11.74266265050193,0.09604880601929584,0.5316162109375,0.15991105859376376,0.15842987265625652,0,8,,0,1.8810289389067525,14,2017,,4353.2548828125,4,38,0.296875,0.16379098281248616,True
0.5,57,32216,1024,0,0,34,34,0.265625,0.0,8192,1.0,4121,0.5030517578125,4984.1708984375,61.3095703125,11.154874357689808,0.12914147817639895,0.5030517578125,0.15991105859376376,0.15842987265625652,0,8,,0,1.987621359223301,18,2090,,4984.1708984375,4,38,0.296875,0.16379098281248616,True
0.5,58,18250,1024,0,0,34,34,0.265625,0.0,8192,1.0,4092,0.49951171875,1599.7265625,31.486328125,16.090346048031424,0.08800478423164623,0.49951171875,0.15991105859376376,0.15842987265625652,0,8,,3,2.001466634074798,15,1763,,1599.7265625,4,38,0.296875,0.16379098281248616,True
0.5,59,1684,1024,0,0,34,34,0.265625,0.0,8192,1.0,4550,0.555419921875,3919.326171875,55.853515625,12.19868953283926,0.08493995653481966,0.555419921875,0.15991105859376376,0.15842987265625652,0,8,,0,1.8006155198944822,32,1978,,3919.326171875,4,38,0.296875,0.16379098281248616,True
0.5,60,2899,1024,0,0,34,34,0.265625,0.0,8192,1.0,4581,0.5592041015625,5725.353515625,64.076171875,10.552780532367347,0.1468532743883944,0.5592041015625,0.15991105859376376,0.15842987265625652,0,8,,0,1.7884279475982532,21,1849,,5725.353515625,4,38,0.296875,0.16379098281248616,True
0.5,61,39428,1024,0,0,34,34,0.265625,0.0,8192,1.0,4109,0.5015869140625,5140.5703125,64.064453125,11.020690570804614,0.11614133289904496,0.5015869140625,0.15991105859376376,0.15842987265625652,0,8,,1,1.993427458617332,12,2035,,5140.5703125,4,38,0.296875,0.16379098281248616,True
0.5,62,40758,1024,0,0,34,34,0.265625,0.0,8192,1.0,3905,0.4766845703125,4693.6611328125,53.0849609375,11.41568629133678,0.036571715595047995,0.4766845703125,0.15991105859376376,0.15842987265625652,0,8,,1,2.0978483606557377,15,1996,,4693.6611328125,4,38,0.296875,0.16379098281248616,True
0.5,63,29154,1024,0,0,34,34,0.265625,0.0,8192,1.0,4089,0.4991455078125,4184.5654296875,55.0537109375,11.914299980101568,0.08962785267644657,0.4991455078125,0.15991105859376376,0.15842987265625652,0,8,,0,2.00366927592955,12,2031,,4184.5654296875,4,38,0.296875,0.16379098281248616,True
0.5,64,43958,1024,0,0,34,34,0.265625,0.0,8192,1.0,4678,0.571044921875,4641.451171875,63.73828125,11.464265748379868,0.14558128006095705,0.571044921875,0.15991105859376376,0.15842987265625652,0,8,,0,1.751336326705153,23,1973,,4641.451171875,4,38,0.296875,0.16379098281248616,True
0.5,65,33814,1024,0,0,34,34,0.265625,0.0,8192,1.0,4149,0.5064697265625,5054.9736328125,60.0458984375,11.093614662532346,0.0465822915405461,0.5064697265625,0.15991105859376376,0.15842987265625652,0,8,,1,1.9744455159112826,16,1980,,5054.9736328125,4,38,0.296875,0.16379098281248616,True
0.5,66,34153,1024,0,0,34,34,0.265625,0.0,8192,1.0,4137,0.5050048828125,3617.8388671875,49.4404296875,12.546311407016827,0.09904208809693121,0.5050048828125,0.15991105859376376,0.15842987265625652,0,8,,2,1.9799323017408124,16,1916,,3617.8388671875,4,38,0.296875,0.16379098281248616,True
0.5,67,43609,1024,0,0,34,34,0.265625,0.0,8192,1.0,4239,0.5174560546875,5856.2373046875,69.4541015625,10.454616941105739,0.06587083149836073,0.5174560546875,0.15991105859376376,0.15842987265625652,0,8,,0,1.9325153374233128,12,2132,,5856.2373046875,4,38,0.296875,0.16379098281248616,True
0.5,68,10762,1024,0,0,34,34,0.265625,0.0,8192,1.0,3876,0.47314453125,4543.7109375,51.501953125,11.55669666299157,0.04947258379428266,0.47314453125,0.15991105859376376,0.15842987265625652,0,8,,5,2.112258064516129,24,1872,,4543.7109375,4,38,0.296875,0.16379098281248616,True
0.5,69,17898,1024,0,0,34,34,0.265625,0.0,8192,1.0,4211,0.5140380859375,2366.9814453125,44.4677734375,14.388855073452403,0.26265152380593726,0.5140380859375,0.15991105859376376,0.15842987265625652,0,8,,0,1.945605700712589,16,1864,,2366.9814453125,4,38,0.296875,0.16379098281248616,True
0.5,70,43653,1024,0,0,34,34,0.265625,0.0,8192,1.0,3746,0.457275390625,7884.5166015625,74.3994140625,9.163052889112253,0.08387680735941508,0.457275390625,0.15991105859376376,0.15842987265625652,0,8,,0,2.1871829105473966,10,2019,,7884.5166015625,4,38,0.296875,0.16379098281248616,True
0.5,71,14233,1024,0,0,34,34,0.265625,0.0,8192,1.0,4352,0.53125,3114.1171875,49.001953125,13.197454093708792,0.0627470029111253,0.53125,0.15991105859376376,0.15842987265625652,0,8,,0,1.8825557343139507,24,1967,,3114.1171875,4,38,0.296875,0.16379098281248616,True
0.5,72,39520,1024,0,0,34,34,0.265625,0.0,8192,1.0,4299,0.5247802734375,3376.423828125,52.30859375,12.846234043529911,0.08866078973987372,0.5247802734375,0.15991105859376376,0.15842987265625652,0,8,,1,1.9055374592833876,13,1998,,3376.423828125,4,38,0.296875,0.16379098281248616,True
0.5,73,18138,1024,0,0,34,34,0.265625,0.0,8192,1.0,3778,0.461181640625,1869.619140625,32.65234375,15.413272152785268,0.17115073206734102,0.461181640625,0.15991105859376376,0.15842987265625652,0,8,,5,2.16732856764628,22,1805,,1869.619140625,4,38,0.296875,0.16379098281248616,True
0.5,74,9212,1024,0,0,34,34,0.265625,0.0,8192,1.0,3870,0.472412109375,4625.41015625,61.119140625,11.479301112094813,0.2605164022406209,0.472412109375,0.15991105859376376,0.15842987265625652,0,8,,0,2.117084517963298,10,2348,,4625.41015625,4,38,0.296875,0.16379098281248616,True
0.5,75,6456,1024,0,0,34,34,0.265625,0.0,8192,1.0,4453,0.5435791015625,5055.6025390625,58.9052734375,11.093074375787618,0.10051587583433508,0.5435791015625,0.15991105859376376,0.15842987265625652,0,8,,0,1.8398472596585804,15,1924,,5055.6025390625,4,38,0.296875,0.16379098281248616,True
0.5,76,22948,1024,0,0,34,34,0.265625,0.0,8192,1.0,3909,0.4771728515625,4691.732421875,58.953125,11.41747125330828,0.22564047077426413,0.4771728515625,0.15991105859376376,0.15842987265625652,0,8,,2,2.0954452405322415,16,2102,,4691.732421875,4,38,0.296875,0.16379098281248616,True
0.5,77,7591,1024,0,0,34,34,0.265625,0.0,8192,1.0,4394,0.536376953125,5330.1015625,61.83203125,10.863448764917909,0.12453968904977847,0.536376953125,0.15991105859376376,0.15842987265625652,0,8,,0,1.8643296152970634,14,1963,,5330.1015625,4,38,0.296875,0.16379098281248616,True
0.5,78,29996,1024,0,0,34,34,0.265625,0.0,8192,1.0,3843,0.4691162109375,6146.2763671875,66.3701171875,10.244682764662599,0.19682585551057677,0.4691162109375,0.15991105859376376,0.15842987265625652,0,8,,0,2.1319625195210827,8,2183,,6146.2763671875,4,38,0.296875,0.16379098281248616,True
0.5,79,10378,1024,0,0,34,34,0.265625,0.0,8192,1.0,3886,0.474365234375,6090.900390625,70.7265625,10.283988636740967,0.03010854225143637,0.474365234375,0.15991105859376376,0.15842987265625652,0,8,,1,2.108108108108108,9,2266,,6090.900390625,4,38,0.296875,0.16379098281248616,True
0.5,80,27337,1024,0,0,34,34,0.265625,0.0,8192,1.0,4368,0.533203125,2890.7255859375,50.0537109375,13.520734944375095,0.18475901995120297,0.533203125,0.15991105859376376,0.15842987265625652,0,8,,2,1.8747423860773986,15,1852,,2890.7255859375,4,38,0.296875,0.16379098281248616,True
0.5,81,19965,1024,0,0,34,34,0.265625,0.0,8192,1.0,4490,0.548095703125,3341.671875,52.990234375,12.891165574029845,0.1010474595545839,0.548095703125,0.15991105859376376,0.15842987265625652,0,8,,0,1.8246825573624414,12,1923,,3341.671875,4,38,0.296875,0.16379098281248616,True
0.5,82,24405,1024,0,0,34,34,0.265625,0.0,8192,1.0,4499,0.5491943359375,4045.5,54.982421875,12.06108155359338,0.10762484886931932,0.5491943359375,0.15991105859376376,0.15842987265625652,0,8,,0,1.821031569586483,13,2024,,4045.5,4,38,0.296875,0.16379098281248616,True
0.5,83,45135,1024,0,0,34,34,0.265625,0.0,8192,1.0,4558,0.556396484375,3992.365234375,57.212890625,12.118500957831523,0.15750672772864646,0.556396484375,0.15991105859376376,0.15842987265625652,0,8,,0,1.7972350230414746,19,2003,,3992.365234375,4,38,0.296875,0.16379098281248616,True
0.5,84,11274,1024,0,0,34,34,0.265625,0.0,8192,1.0,4130,0.504150390625,8552.607421875,81.4296875,8.809818231806943,0.060655408023532933,0.504150390625,0.15991105859376376,0.15842987265625652,0,8,,0,1.9832889319447808,12,1973,,8552.607421875,4,38,0.296875,0.16379098281248616,True
0.5,85,1941,1024,0,0,34,34,0.265625,0.0,8192,1.0,4152,0.5068359375,1072.865234375,26.751953125,17.82535188429513,0.18884162849494318,0.5068359375,0.15991105859376376,0.15842987265625652,0,8,,0,1.972777643941219,15,1711,,1072.865234375,4,38,0.296875,0.16379098281248616,True
0.5,86,48940,1024,0,0,34,34,0.265625,0.0,8192,1.0,4430,0.540771484375,7633.40234375,80.724609375,9.30362206954103,0.06461233176901807,0.540771484375,0.15991105859376376,0.15842987265625652,0,8,,0,1.849401670806051,14,2182,,7633.40234375,4,38,0.296875,0.16379098281248616,True
0.5,87,36794,1024,0,0,34,34,0.265625,0.0,8192,1.0,4245,0.5181884765625,4889.4326171875,61.3486328125,11.238218955113965,0.07258174983464755,0.5181884765625,0.15991105859376376,0.15842987265625652,0,8,,0,1.930018850141376,21,2131,,4889.4326171875,4,38,0.296875,0.16379098281248616,True
0.5,88,21994,1024,0,0,34,34,0.265625,0.0,8192,1.0,4010,0.489501953125,3636.216796875,51.32421875,12.52430592236667,0.06009975195631733,0.489501953125,0.15991105859376376,0.15842987265625652,0,8,,1,2.042654028436019,13,1989,,3636.216796875,4,38,0.296875,0.16379098281248616,True
0.5,89,49944,1024,0,0,34,34,0.265625,0.0,8192,1.0,4687,0.5721435546875,3954.8740234375,51.6279296875,12.15947706611282,0.11753204271112484,0.5721435546875,0.15991105859376376,0.15842987265625652,0,8,,0,1.7479726845924028,16,1766,,3954.8740234375,4,38,0.296875,0.16379098281248616,True
0.5,90,43442,1024,0,0,34,34,0.265625,0.0,8192,1.0,2243,0.2738037109375,382.490234375,7.21875,22.304600095121074,0.605024949146593,0.2738037109375,0.15991105859376376,0.15842987265625652,0,8,,4,3.651650312221231,9,1196,,382.490234375,4,38,0.296875,0.16379098281248616,True
0.5,91,45096,1024,0,0,34,34,0.265625,0.0,8192,1.0,3440,0.419921875,1371.6025390625,30.9697265625,16.75852080473551,0.23295631780371112,0.419921875,0.15991105859376376,0.15842987265625652,0,8,,2,2.3812154696132595,12,1942,,1371.6025390625,4,38,0.296875,0.16379098281248616,True
0.5,92,42430,1024,0,0,34,34,0.265625,0.0,8192,1.0,4235,0.5169677734375,527.6884765625,19.4091796875,20.907027505262278,0.398395753125377,0.5169677734375,0.15991105859376376,0.15842987265625652,0,8,,0,1.9345772319319792,22,1620,,527.6884765625,4,38,0.296875,0.16379098281248616,True
0.5,93,42255,1024,0,0,34,34,0.265625,0.0,8192,1.0,3832,0.4677734375,2135.625,34.6640625,14.835553647250723,0.17954207182071674,0.4677734375,0.15991105859376376,0.15842987265625652,0,8,,0,2.137823022709475,19,1816,,2135.625,4,38,0.296875,0.16379098281248616,True
0.5,94,5771,1024,0,0,34,34,0.265625,0.0,8192,1.0,3984,0.486328125,7473.6162109375,71.0087890625,9.395495688998682,0.034397456346682675,0.486328125,0.15991105859376376,0.15842987265625652,0,8,,1,2.05523474767763,15,1976,,7473.6162109375,4,38,0.296875,0.16379098281248616,True
0.5,95,8320,1024,0,0,34,34,0.265625,0.0,8192,1.0,4536,0.5537109375,4513.0615234375,57.0458984375,11.586091068719636,0.08333217693531858,0.5537109375,0.15991105859376376,0.15842987265625652,0,8,,0,1.8055126791620728,23,1873,,4513.0615234375,4,38,0.296875,0.16379098281248616,True
0.5,96,48807,1024,0,0,34,34,0.265625,0.0,8192,1.0,4178,0.510009765625,3101.005859375,47.1640625,13.215777740269639,0.08224311821045946,0.510009765625,0.15991105859376376,0.15842987265625652,0,8,,2,1.9600191525017956,15,2005,,3101.005859375,4,38,0.296875,0.16379098281248616,True
0.5,97,2675,1024,0,0,34,34,0.265625,0.0,8192,1.0,3825,0.4669189453125,1625.916015625,33.287109375,16.019822518931434,0.3536484418197071,0.4669189453125,0.15991105859376376,0.15842987265625652,0,8,,5,2.1406903765690375,13,1893,,1625.916015625,4,38,0.296875,0.16379098281248616,True
0.5,98,37658,1024,0,0,34,34,0.265625,0.0,8192,1.0,3900,0.47607421875,8061.212890625,76.349609375,9.06679970170009,0.030760405303682833,0.47607421875,0.15991105859376376,0.15842987265625652,0,8,,0,2.1000256476019494,9,2107,,8061.212890625,4,38,0.296875,0.16379098281248616,True
0.5,99,45710,1024,0,0,34,34,0.265625,0.0,8192,1.0,4456,0.5439453125,5012.7763671875,61.4072265625,11.130020308135741,0.07319833343675411,0.5439453125,0.15991105859376376,0.15842987265625652,0,8,,2,1.8379349046015712,15,1926,,5012.7763671875,4,38,0.296875,0.16379098281248616,True
0.5,100,15813,1024,0,0,34,34,0.265625,0.0,8192,1.0,3543,0.4324951171875,837.1416015625,20.1650390625,18.90281436236808,0.23921910822298714,0.4324951171875,0.15991105859376376,0.15842987265625652,0,8,,3,2.311688311688312,14,1662,,837.1416015625,4,38,0.296875,0.16379098281248616,True
0.5,101,7135,1024,0,0,34,34,0.265625,0.0,8192,1.0,4225,0.5157470703125,1368.669921875,29.25,16.76781637637265,0.20064434268907094,0.5157470703125,0.15991105859376376,0.15842987265625652,0,8,,0,1.939157196969697,17,1707,,1368.669921875,4,38,0.296875,0.16379098281248616,True
0.5,102,31775,1024,0,0,34,34,0.265625,0.0,8192,1.0,3420,0.41748046875,594.0087890625,17.8212890625,20.392874899387273,0.20597767770492362,0.41748046875,0.15991105859376376,0.15842987265625652,0,8,,1,2.3954372623574143,12,1641,,594.0087890625,4,38,0.296875,0.16379098281248616,True
0.5,103,31772,1024,0,0,34,34,0.265625,0.0,8192,1.0,4185,0.5108642578125,3389.2783203125,47.4091796875,12.829731272288594,0.06230460805031073,0.5108642578125,0.15991105859376376,0.15842987265625652,0,8,,0,1.9565009560229445,12,1866,,3389.2783203125,4,38,0.296875,0.16379098281248616,True
0.5,104,25160,1024,0,0,34,34,0.265625,0.0,8192,1.0,3869,0.4722900390625,885.193359375,22.203125,18.66042213630778,0.2392879586640611,0.4722900390625,0.15991105859376376,0.15842987265625652,0,8,,0,2.1165977249224404,16,1569,,885.193359375,4,38,0.296875,0.16379098281248616,True
0.5,105,36108,1024,0,0,34,34,0.265625,0.0,8192,1.0,4608,0.5625,7225.0146484375,74.7939453125,9.54241628923183,0.08362955798303358,0.5625,0.15991105859376376,0.15842987265625652,0,8,,0,1.7779466029954418,23,2050,,7225.0146484375,4,38,0.296875,0.16379098281248616,True
0.5,106,1260,1024,0,0,34,34,0.265625,0.0,8192,1.0,4226,0.515869140625,5405.08984375,64.333984375,10.802774436478558,0.0549185343354774,0.515869140625,0.15991105859376376,0.15842987265625652,0,8,,1,1.9379881656804734,12,1960,,5405.08984375,4,38,0.296875,0.16379098281248616,True
0.5,107,37885,1024,0,0,34,34,0.265625,0.0,8192,1.0,4170,0.509033203125,4407.4169921875,55.6201171875,11.688962191760508,0.08478045187710684,0.509033203125,0.15991105859376376,0.15842987265625652,0,8,,0,1.9644998800671625,19,2030,,4407.4169921875,4,38,0.296875,0.16379098281248616,True
0.5,108,41535,1024,0,0,34,34,0.265625,0.0,8192,1.0,4519,0.5516357421875,4822.478515625,57.720703125,11.298100593505975,0.09489113308551637,0.5516357421875,0.15991105859376376,0.15842987265625652,0,8,,1,1.8118636564851704,22,1851,,4822.478515625,4,38,0.296875,0.16379098281248616,True
0.5,109,44889,1024,0,0,34,34,0.265625,0.0,8192,1.0,4142,0.505615234375,3302.2744140625,46.7861328125,12.942672012199761,0.05345961716845292,0.505615234375,0.15991105859376376,0.15842987265625652,0,8,,2,1.9775416566046848,22,1863,,3302.2744140625,4,38,0.296875,0.16379098281248616,True
0.5,110,28184,1024,0,0,34,34,0.265625,0.0,8192,1.0,4687,0.5721435546875,2929.1328125,49.638671875,13.463412969950507,0.2235000214812562,0.5721435546875,0.15991105859376376,0.15842987265625652,0,8,,0,1.7479726845924028,14,1819,,2929.1328125,4,38,0.296875,0.16379098281248616,True
0.5,111,25319,1024,0,0,34,34,0.265625,0.0,8192,1.0,4285,0.5230712890625,3251.0009765625,48.0791015625,13.010632609148038,0.06857299026553433,0.5230712890625,0.15991105859376376,0.15842987265625652,0,8,,4,1.9108309990662933,19,1911,,3251.0009765625,4,38,0.296875,0.16379098281248616,True
0.5,112,11010,1024,0,0,34,34,0.265625,0.0,8192,1.0,3845,0.4693603515625,3734.3271484375,51.0615234375,12.408679989052175,0.11492122208649676,0.4693603515625,0.15991105859376376,0.15842987265625652,0,8,,0,2.130593132154006,15,2056,,3734.3271484375,4,38,0.296875,0.16379098281248616,True
0.5,113,33880,1024,0,0,34,34,0.265625,0.0,8192,1.0,3501,0.4273681640625,1305.509765625,30.58203125,16.973002360370305,0.10651877138563813,0.4273681640625,0.15991105859376376,0.15842987265625652,0,8,,2,2.339714285714286,12,1922,,1305.509765625,4,38,0.296875,0.16379098281248616,True
0.5,114,19307,1024,0,0,34,34,0.265625,0.0,8192,1.0,3723,0.4544677734375,2779.455078125,44.306640625,13.69120701554344,0.17826665684968337,0.4544677734375,0.15991105859376376,0.15842987265625652,0,8,,2,2.199892530897367,15,1968,,2779.455078125,4,38,0.296875,0.16379098281248616,True
0.5,115,12236,1024,0,0,34,34,0.265625,0.0,8192,1.0,4417,0.5391845703125,8772.8740234375,86.9013671875,8.699384678388538,0.05381308724943063,0.5391845703125,0.15991105859376376,0.15842987265625652,0,8,,1,1.8537137681159421,10,2076,,8772.8740234375,4,38,0.296875,0.16379098281248616,True
0.5,116,13805,1024,0,0,34,34,0.265625,0.0,8192,1.0,4016,0.490234375,2455.701171875,42.3203125,14.229048433913169,0.1179823586109585,0.490234375,0.15991105859376376,0.15842987265625652,0,8,,0,2.039601494396015,16,2015,,2455.701171875,4,38,0.296875,0.16379098281248616,True
0.5,117,5814,1024,0,0,34,34,0.265625,0.0,8192,1.0,3844,0.46923828125,2860.0888671875,45.7861328125,13.567008333579047,0.05867541610914809,0.46923828125,0.15991105859376376,0.15842987265625652,0,8,,1,2.1311475409836067,12,2151,,2860.0888671875,4,38,0.296875,0.16379098281248616,True
0.5,118,48485,1024,0,0,34,34,0.265625,0.0,8192,1.0,4129,0.5040283203125,2979.2431640625,48.3779296875,13.389744093478239,0.055885428561951465,0.5040283203125,0.15991105859376376,0.15842987265625652,0,8,,1,1.9825581395348837,17,2048,,2979.2431640625,4,38,0.296875,0.16379098281248616,True
0.5,119,12248,1024,0,0,34,34,0.265625,0.0,8192,1.0,4256,0.51953125,6410.07421875,70.263671875,10.062173028612653,0.03415771983254005,0.51953125,0.15991105859376376,0.15842987265625652,0,8,,1,1.9243243243243244,13,2075,,6410.07421875,4,38,0.296875,0.16379098281248616,True
0.5,120,458,1024,0,0,34,34,0.265625,0.0,8192,1.0,4025,0.4913330078125,2130.49609375,37.861328125,14.845996186066673,0.078241833112795,0.4913330078125,0.15991105859376376,0.15842987265625652,0,8,,0,2.0352882703777335,18,1917,,2130.49609375,4,38,0.296875,0.16379098281248616,True
0.5,121,319,1024,0,0,34,34,0.265625,0.0,8192,1.0,4006,0.489013671875,6940.5224609375,76.8974609375,9.716881968450847,0.03666167427574853,0.489013671875,0.15991105859376376,0.15842987265625652,0,8,,1,2.044943820224719,12,2268,,6940.5224609375,4,38,0.296875,0.16379098281248616,True
0.5,122,21496,1024,0,0,34,34,0.265625,0.0,8192,1.0,4125,0.5035400390625,3700.4248046875,54.8896484375,12.448287774112885,0.08455495345263349,0.5035400390625,0.15991105859376376,0.15842987265625652,0,8,,1,1.9859359844810862,15,2052,,3700.4248046875,4,38,0.296875,0.16379098281248616,True
0.5,123,20390,1024,0,0,34,34,0.265625,0.0,8192,1.0,4008,0.4892578125,2460.4150390625,41.3388671875,14.220719879226806,0.20116026708853163,0.4892578125,0.15991105859376376,0.15842987265625652,0,8,,0,2.0439231345145994,12,1758,,2460.4150390625,4,38,0.296875,0.16379098281248616,True
0.5,124,33691,1024,0,0,34,34,0.265625,0.0,8192,1.0,3733,0.4556884765625,3924.5595703125,41.6982421875,12.192894353064947,0.11434133153788552,0.4556884765625,0.15991105859376376,0.15842987265625652,0,8,,0,2.194533762057878,16,1774,,3924.5595703125,4,38,0.296875,0.16379098281248616,True
0.5,125,33872,1024,0,0,34,34,0.265625,0.0,8192,1.0,4129,0.5040283203125,2469.60546875,41.169921875,14.204527826813194,0.06937007075811917,0.5040283203125,0.15991105859376376,0.15842987265625652,0,8,,1,1.9830426356589148,12,1897,,2469.60546875,4,38,0.296875,0.16379098281248616,True
0.5,126,46987,1024,0,0,34,34,0.265625,0.0,8192,1.0,4230,0.516357421875,2810.1923828125,48.9384765625,13.64344308602006,0.28720193487002094,0.516357421875,0.15991105859376376,0.15842987265625652,0,8,,3,1.9359186568928826,21,1968,,2810.1923828125,4,38,0.296875,0.16379098281248616,True
0.5,127,26772,1024,0,0,34,34,0.265625,0.0,8192,1.0,4183,0.5106201171875,5995.314453125,66.451171875,10.352683941710694,0.06970605064524296,0.5106201171875,0.15991105859376376,0.15842987265625652,0,8,,0,1.9586322333811574,14,2057,,5995.314453125,4,38,0.296875,0.16379098281248616,True
0.5,128,7057,1024,0,0,34,34,0.265625,0.0,8192,1.0,3859,0.4710693359375,5985.4150390625,64.6298828125,10.359860903485254,0.13072831719463693,0.4710693359375,0.16853432109371624,0.1710173796874983,0,8,,0,2.123120787973043,12,2010,,5985.4150390625,4,38,0.296875,0.173500471093746,True
0.5,129,30014,1024,0,0,34,34,0.265625,0.0,8192,1.0,4139,0.5052490234375,4761.2001953125,58.1923828125,11.353639181265178,0.08385185940751891,0.5052490234375,0.16853432109371624,0.1710173796874983,0,8,,1,1.9792170130497826,14,2073,,4761.2001953125,4,38,0.296875,0.173500471093746,True
0.5,130,48237,1024,0,0,34,34,0.265625,0.0,8192,1.0,4977,0.6075439453125,3183.326171875,52.48046875,13.101992210253977,0.17707304405751975,0.6075439453125,0.16853432109371624,0.1710173796874983,0,8,,0,1.6461012861736335,16,1842,,3183.326171875,4,38,0.296875,0.173500471093746,True
0.5,131,4823,1024,0,0,34,34,0.265625,0.0,8192,1.0,4176,0.509765625,4191.3525390625,53.3681640625,11.907261695329028,0.13740809438366056,0.509765625,0.16853432109371624,0.1710173796874983,0,8,,1,1.961676646706587,12,1934,,4191.3525390625,4,38,0.296875,0.173500471093746,True
0.5,132,26627,1024,0,0,34,34,0.265625,0.0,8192,1.0,3875,0.4730224609375,2546.2705078125,41.3017578125,14.071758210122914,0.0939039458300083,0.4730224609375,0.16853432109371624,0.1710173796874983,0,8,,4,2.1125451729478577,14,1881,,2546.2705078125,4,38,0.296875,0.173500471093746,True
0.5,133,12293,1024,0,0,34,34,0.265625,0.0,8192,1.0,3931,0.4798583984375,2059.138671875,35.78515625,14.9939476587583,0.06615232610825104,0.4798583984375,0.16853432109371624,0.1710173796874983,0,8,,2,2.0837150127226463,16,1814,,2059.138671875,4,38,0.296875,0.173500471093746,True
0.5,134,32803,1024,0,0,34,34,0.265625,0.0,8192,1.0,5007,0.6112060546875,2711.1318359375,46.0908203125,13.799297240590782,0.20889856448298505,0.6112060546875,0.16853432109371624,0.1710173796874983,0,8,,0,1.6358369956052736,20,1746,,2711.1318359375,4,38,0.296875,0.173500471093746,True
0.5,135,41882,1024,0,0,34,34,0.265625,0.0,8192,1.0,4254,0.519287109375,5697.8232421875,70.0048828125,10.573713884343173,0.1489790083638667,0.519287109375,0.16853432109371624,0.1710173796874983,0,8,,1,1.924994121796379,15,2213,,5697.8232421875,4,38,0.296875,0.173500471093746,True
0.5,136,10235,1024,0,0,34,34,0.265625,0.0,8192,1.0,3491,0.4261474609375,1339.8291015625,25.3310546875,16.860309542804586,0.21381153645303025,0.4261474609375,0.16853432109371624,0.1710173796874983,0,8,,0,2.3469914040114612,12,1719,,1339.8291015625,4,38,0.296875,0.173500471093746,True
0.5,137,30033,1024,0,0,34,34,0.265625,0.0,8192,1.0,4065,0.4962158203125,7890.810546875,77.896484375,9.159587444829626,0.06800046145261789,0.4962158203125,0.16853432109371624,0.1710173796874983,0,8,,0,2.015255905511811,13,2162,,7890.810546875,4,38,0.296875,0.173500471093746,True
0.5,138,20042,1024,0,0,34,34,0.265625,0.0,8192,1.0,4335,0.5291748046875,2814.6064453125,44.8037109375,13.63662683022631,0.059816547015658625,0.5291748046875,0.16853432109371624,0.1710173796874983,0,8,,3,1.8890170742962622,15,1897,,2814.6064453125,4,38,0.296875,0.173500471093746,True
0.5,139,29399,1024,0,0,34,34,0.265625,0.0,8192,1.0,3830,0.467529296875,3819.544921875,52.39453125,12.310687387132171,0.10996136136148617,0.467529296875,0.16853432109371624,0.1710173796874983,0,8,,2,2.1386785061373725,14,2030,,3819.544921875,4,38,0.296875,0.173500471093746,True
0.5,140,6463,1024,0,0,34,34,0.265625,0.0,8192,1.0,4512,0.55078125,4295.9013671875,54.1884765625,11.800260593537732,0.05454487600950544,0.55078125,0.16853432109371624,0.1710173796874983,0,8,,5,1.814453557969408,19,1883,,4295.9013671875,4,38,0.296875,0.173500471093746,True
0.5,141,25920,1024,0,0,34,34,0.265625,0.0,8192,1.0,4610,0.562744140625,2880.482421875,50.28125,13.536151315764924,0.45646147223559863,0.562744140625,0.16853432109371624,0.1710173796874983,0,8,,0,1.7771750922108918,15,1872,,2880.482421875,4,38,0.296875,0.173500471093746,True
0.5,142,10327,1024,0,0,34,34,0.265625,0.0,8192,1.0,4124,0.50341796875,3206.4296875,44.26953125,13.070586399783092,0.04071445515755079,0.50341796875,0.16853432109371624,0.1710173796874983,0,8,,1,1.985690031530439,14,1850,,3206.4296875,4,38,0.296875,0.173500471093746,True
0.5,143,3805,1024,0,0,34,34,0.265625,0.0,8192,1.0,4596,0.56103515625,2419.4501953125,42.6044921875,14.293636743379523,0.10284259037633871,0.56103515625,0.16853432109371624,0.1710173796874983,0,8,,0,1.7823721436343851,15,1794,,2419.4501953125,4,38,0.296875,0.173500471093746,True
0.5,144,37879,1024,0,0,34,34,0.265625,0.0,8192,1.0,3550,0.433349609375,3237.8564453125,51.9345703125,13.028227710492853,0.41440134543825086,0.433349609375,0.16853432109371624,0.1710173796874983,0,8,,0,2.3076923076923075,8,2219,,3237.8564453125,4,38,0.296875,0.173500471093746,True
0.5,145,22721,1024,0,0,34,34,0.265625,0.0,8192,1.0,4221,0.5152587890625,2944.69921875,47.4921875,13.440394197442044,0.15990019166152386,0.5152587890625,0.16853432109371624,0.1710173796874983,0,8,,0,1.9407582938388626,15,1845,,2944.69921875,4,38,0.296875,0.173500471093746,True
0.5,146,43932,1024,0,0,34,34,0.265625,0.0,8192,1.0,4017,0.4903564453125,5592.673828125,62.791015625,10.654608694095216,0.06806238147609683,0.4903564453125,0.16853432109371624,0.1710173796874983,0,8,,0,2.0395916334661353,16,2029,,5592.673828125,4,38,0.296875,0.173500471093746,True
0.5,147,47270,1024,0,0,34,34,0.265625,0.0,8192,1.0,4092,0.49951171875,4933.298828125,56.890625,11.19942937788693,0.062275496976381406,0.49951171875,0.16853432109371624,0.1710173796874983,0,8,,0,2.0021999511121975,14,1925,,4933.298828125,4,38,0.296875,0.173500471093746,True
0.5,148,11091,1024,0,0,34,34,0.265625,0.0,8192,1.0,4179,0.5101318359375,2395.3955078125,37.6923828125,14.337031300987984,0.15281272660658438,0.5101318359375,0.16853432109371624,0.1710173796874983,0,8,,0,1.9605074198180947,29,1791,,2395.3955078125,4,38,0.296875,0.173500471093746,True
0.5,149,9736,1024,0,0,34,34,0.265625,0.0,8192,1.0,3570,0.435791015625,936.20703125,22.771484375,18.417084623571867,0.13194368791995592,0.435791015625,0.16853432109371624,0.1710173796874983,0,8,,0,2.2950406276267863,13,1696,,936.20703125,4,38,0.296875,0.173500471093746,True
0.5,150,23206,1024,0,0,34,34,0.265625,0.0,8192,1.0,3530,0.430908203125,3398.23046875,44.359375,12.818275313872107,0.14378296901100807,0.430908203125,0.16853432109371624,0.1710173796874983,0,8,,1,2.3207707565882685,12,1959,,3398.23046875,4,38,0.296875,0.173500471093746,True
0.5,151,25039,1024,0,0,34,34,0.265625,0.0,8192,1.0,4342,0.530029296875,2992.1240234375,46.1904296875,13.371007698111102,0.08804743296560075,0.530029296875,0.16853432109371624,0.1710173796874983,0,8,,0,1.8868924211011289,21,1947,,2992.1240234375,4,38,0.296875,0.173500471093746,True
0.5,152,21014,1024,0,0,34,34,0.265625,0.0,8192,1.0,4600,0.5615234375,8791.22265625,87.27734375,8.69031081250737,0.04667284244093734,0.5615234375,0.16853432109371624,0.1710173796874983,0,8,,1,1.7799521635138074,14,2095,,8791.22265625,4,38,0.296875,0.173500471093746,True
0.5,153,32412,1024,0,0,34,34,0.265625,0.0,8192,1.0,3642,0.444580078125,1096.6513671875,26.5107421875,17.73011776475647,0.12012595235767168,0.444580078125,0.16853432109371624,0.1710173796874983,0,8,,2,2.2491073880801977,11,1802,,1096.6513671875,4,38,0.296875,0.173500471093746,True
0.5,154,34022,1024,0,0,34,34,0.265625,0.0,8192,1.0,3701,0.4517822265625,1181.9306640625,21.7724609375,17.404883607171556,0.25255660955190207,0.4517822265625,0.16853432109371624,0.1710173796874983,0,8,,0,2.213783783783784,29,1480,,1181.9306640625,4,38,0.296875,0.173500471093746,True
0.5,155,21369,1024,0,0,34,34,0.265625,0.0,8192,1.0,4091,0.4993896484375,5552.6806640625,67.0751953125,10.685776630523545,0.10373867352671719,0.4993896484375,0.16853432109371624,0.1710173796874983,0,8,,1,2.001711491442543,10,2196,,5552.6806640625,4,38,0.296875,0.173500471093746,True
0.5,156,41654,1024,0,0,34,34,0.265625,0.0,8192,1.0,4586,0.559814453125,5073.9072265625,61.5927734375,11.077378387311775,0.06580169216644365,0.559814453125,0.16853432109371624,0.1710173796874983,0,8,,0,1.786041439476554,18,1941,,5073.9072265625,4,38,0.296875,0.173500471093746,True
0.5,157,11953,1024,0,0,34,34,0.265625,0.0,8192,1.0,4510,0.550537109375,6309.51171875,70.5546875,10.13084609556844,0.08623613977772948,0.550537109375,0.16853432109371624,0.1710173796874983,0,8,,1,1.815923708139277,12,2032,,6309.51171875,4,38,0.296875,0.173500471093746,True
0.5,158,13700,1024,0,0,34,34,0.265625,0.0,8192,1.0,4525,0.5523681640625,4439.20703125,56.26953125,11.657749611832063,0.13200299656853237,0.5523681640625,0.16853432109371624,0.1710173796874983,0,8,,2,1.8090185676392574,15,1906,,4439.20703125,4,38,0.296875,0.173500471093746,True
0.5,159,38205,1024,0,0,34,34,0.265625,0.0,8192,1.0,3817,0.4659423828125,3494.435546875,53.599609375,12.697033263298295,0.12152952867855502,0.4659423828125,0.16853432109371624,0.1710173796874983,0,8,,1,2.1462264150943398,15,2134,,3494.435546875,4,38,0.296875,0.173500471093746,True
0.5,160,40129,1024,0,0,34,34,0.265625,0.0,8192,1.0,4504,0.5498046875,8914.1162109375,92.5751953125,8.630020693003967,0.2281242534700812,0.5498046875,0.16853432109371624,0.1710173796874983,0,8,,0,1.8190095491894294,13,2341,,8914.1162109375,4,38,0.296875,0.173500471093746,True
0.5,161,17080,1024,0,0,34,34,0.265625,0.0,8192,1.0,4513,0.5509033203125,2005.9716796875,36.1552734375,15.107555635106621,0.11342641088072153,0.5509033203125,0.16853432109371624,0.1710173796874983,0,8,,0,1.8153812056737588,47,1764,,2005.9716796875,4,38,0.296875,0.173500471093746,True
0.5,162,1505,1024,0,0,34,34,0.265625,0.0,8192,1.0,4249,0.5186767578125,5328.154296875,63.966796875,10.8650356788301,0.03531684934193256,0.5186767578125,0.16853432109371624,0.1710173796874983,0,8,,1,1.9279661016949152,14,2042,,5328.154296875,4,38,0.296875,0.173500471093746,True
0.5,163,36391,1024,0,0,34,34,0.265625,0.0,8192,1.0,3981,0.4859619140625,2521.90625,40.630859375,14.11351422906996,0.08798792488781186,0.4859619140625,0.16853432109371624,0.1710173796874983,0,8,,1,2.057537688442211,14,1939,,2521.90625,4,38,0.296875,0.173500471093746,True
0.5,164,24660,1024,0,0,34,34,0.265625,0.0,8192,1.0,3985,0.4864501953125,3667.763671875,47.29296875,12.486790162328361,0.10685907286208558,0.4864501953125,0.16853432109371624,0.1710173796874983,0,8,,3,2.0552208835341363,13,1929,,3667.763671875,4,38,0.296875,0.173500471093746,True
0.5,165,24061,1024,0,0,34,34,0.265625,0.0,8192,1.0,3951,0.4822998046875,5356.4775390625,63.4814453125,10.842010727118893,0.13330012362858848,0.4822998046875,0.16853432109371624,0.1710173796874983,0,8,,1,2.073164556962025,9,2066,,5356.4775390625,4,38,0.296875,0.173500471093746,True
0.5,166,10964,1024,0,0,34,34,0.265625,0.0,8192,1.0,4355,0.5316162109375,5399.794921875,65.833984375,10.807030947466652,0.11650025954458322,0.5316162109375,0.16853432109371624,0.1710173796874983,0,8,,2,1.880799265043638,14,2019,,5399.794921875,4,38,0.296875,0.173500471093746,True
0.5,167,20807,1024,0,0,34,34,0.265625,0.0,8192,1.0,4063,0.4959716796875,4657.8037109375,59.4697265625,11.44899178312211,0.07686595069687509,0.4959716796875,0.16853432109371624,0.1710173796874983,0,8,,0,2.016248153618907,21,2117,,4657.8037109375,4,38,0.296875,0.173500471093746,True
0.5,168,33388,1024,0,0,34,34,0.265625,0.0,8192,1.0,4139,0.5052490234375,3367.1123046875,48.7177734375,12.858227590350086,0.04854121255505442,0.5052490234375,0.16853432109371624,0.1710173796874983,0,8,,3,1.9777670372160463,13,1976,,3367.1123046875,4,38,0.296875,0.173500471093746,True
0.5,169,34571,1024,0,0,34,34,0.265625,0.0,8192,1.0,4381,0.5347900390625,8980.228515625,86.14453125,8.59792972773851,0.02768614630241616,0.5347900390625,0.16853432109371624,0.1710173796874983,0,8,,1,1.86986301369863,13,2047,,8980.228515625,4,38,0.296875,0.173500471093746,True
0.5,170,21194,1024,0,0,34,34,0.265625,0.0,8192,1.0,3765,0.4595947265625,3094.6845703125,42.8271484375,13.224639712771634,0.16577421749450297,0.4595947265625,0.16853432109371624,0.1710173796874983,0,8,,2,2.175345377258236,12,1930,,3094.6845703125,4,38,0.296875,0.173500471093746,True
0.5,171,32696,1024,0,0,34,34,0.265625,0.0,8192,1.0,3702,0.451904296875,2806.48046875,40.765625,13.649183367043856,0.18942041525677514,0.451904296875,0.16853432109371624,0.1710173796874983,0,8,,0,2.21318562550662,9,1891,,2806.48046875,4,38,0.296875,0.173500471093746,True
0.5,172,46005,1024,0,0,34,34,0.265625,0.0,8192,1.0,5391,0.6580810546875,1847.3623046875,38.5107421875,15.465282832424492,0.48486147536526103,0.6580810546875,0.16853432109371624,0.1710173796874983,0,8,,0,1.5192949907235622,54,1570,,1847.3623046875,4,38,0.296875,0.173500471093746,True
0.5,173,19269,1024,0,0,34,34,0.265625,0.0,8192,1.0,3601,0.4395751953125,4008.9365234375,55.8251953125,12.100511810801155,0.3599121742095186,0.4395751953125,0.16853432109371624,0.1710173796874983,0,8,,1,2.275,12,2304,,4008.9365234375,4,38,0.296875,0.173500471093746,True
0.5,174,5503,1024,0,0,34,34,0.265625,0.0,8192,1.0,4477,0.5465087890625,4347.5009765625,58.8173828125,11.748406726392426,0.07787123768215673,0.5465087890625,0.16853432109371624,0.1710173796874983,0,8,,0,1.829982126899017,16,2017,,4347.5009765625,4,38,0.296875,0.173500471093746,True
0.5,175,32979,1024,0,0,34,34,0.265625,0.0,8192,1.0,4434,0.541259765625,4005.59375,55.341796875,12.104134601140233,0.05570890841019038,0.541259765625,0.16853432109371624,0.1710173796874983,0,8,,1,1.847507331378299,15,2082,,4005.59375,4,38,0.296875,0.173500471093746,True
0.5,176,32764,1024,0,0,34,34,0.265625,0.0,8192,1.0,4112,0.501953125,2186.234375,37.884765625,14.733836422693553,0.09382358501664603,0.501953125,0.16853432109371624,0.1710173796874983,0,8,,0,1.9924592556555583,15,1830,,2186.234375,4,38,0.296875,0.173500471093746,True
0.5,177,36396,1024,0,0,34,34,0.265625,0.0,8192,1.0,4220,0.51513671875,2328.94921875,40.791015625,14.459203417437468,0.273358358820444,0.51513671875,0.16853432109371624,0.1710173796874983,0,8,,0,1.9409812751836928,16,1867,,2328.94921875,4,38,0.296875,0.173500471093746,True
0.5,178,16139,1024,0,0,34,34,0.265625,0.0,8192,1.0,3722,0.454345703125,1309.52734375,28.474609375,16.95965789671564,0.5390384789355283,0.454345703125,0.16853432109371624,0.1710173796874983,0,8,,3,2.1994087610857296,11,2000,,1309.52734375,4,38,0.296875,0.173500471093746,True
0.5,179,32110,1024,0,0,34,34,0.265625,0.0,8192,1.0,4586,0.559814453125,7544.34765625,78.220703125,9.354586676561231,0.0752500534472966,0.559814453125,0.16853432109371624,0.1710173796874983,0,8,,1,1.786259541984733,13,1996,,7544.34765625,4,38,0.296875,0.173500471093746,True
0.5,180,37930,1024,0,0,34,34,0.265625,0.0,8192,1.0,4112,0.501953125,3967.6171875,56.125,12.145505979342847,0.09146976919514568,0.501953125,0.16853432109371624,0.1710173796874983,0,8,,2,1.9914862563853077,13,1930,,3967.6171875,4,38,0.296875,0.173500471093746,True
0.5,181,5624,1024,0,0,34,34,0.265625,0.0,8192,1.0,4507,0.5501708984375,1924.9208984375,37.9658203125,15.286674732976469,0.1250428151822455,0.5501708984375,0.16853432109371624,0.1710173796874983,0,8,,2,1.8173546382600976,16,1736,,1924.9208984375,4,38,0.296875,0.173500471093746,True
0.5,182,37946,1024,0,0,34,34,0.265625,0.0,8192,1.0,4032,0.4921875,3941.9052734375,53.7041015625,12.173741771796054,0.1226963458276091,0.4921875,0.16853432109371624,0.1710173796874983,0,8,,1,2.0317539072190525,15,2123,,3941.9052734375,4,38,0.296875,0.173500471093746,True
0.5,183,6616,1024,0,0,34,34,0.265625,0.0,8192,1.0,4247,0.5184326171875,3155.3154296875,48.1572265625,13.140375796886373,0.07352903081993171,0.5184326171875,0.16853432109371624,0.1710173796874983,0,8,,0,1.9288742345737164,20,1934,,3155.3154296875,4,38,0.296875,0.173500471093746,True
0.5,184,11706,1024,0,0,34,34,0.265625,0.0,8192,1.0,4065,0.4962158203125,3846.5947265625,51.9912109375,12.280039289903277,0.1051369260170299,0.4962158203125,0.16853432109371624,0.1710173796874983,0,8,,1,2.014271653543307,14,2086,,3846.5947265625,4,38,0.296875,0.173500471093746,True
0.5,185,10558,1024,0,0,34,34,0.265625,0.0,8192,1.0,4193,0.5118408203125,7374.1572265625,77.7607421875,9.453679677794561,0.09979997906087938,0.5118408203125,0.16853432109371624,0.1710173796874983,0,8,,1,1.952767175572519,13,2052,,7374.1572265625,4,38,0.296875,0.173500471093746,True
0.5,186,18351,1024,0,0,34,34,0.265625,0.0,8192,1.0,4408,0.5380859375,6510.7255859375,69.8486328125,9.994509697791292,0.04303799174926574,0.5380859375,0.16853432109371624,0.1710173796874983,0,8,,1,1.8574994327206718,16,1976,,6510.7255859375,4,38,0.296875,0.173500471093746,True
0.5,187,15023,1024,0,0,34,34,0.265625,0.0,8192,1.0,4556,0.55615234375,2662.37890625,40.146484375,13.878104971134695,0.17021357954068048,0.55615234375,0.16853432109371624,0.1710173796874983,0,8,,1,1.7967069154774973,17,1745,,2662.37890625,4,38,0.296875,0.173500471093746,True
0.5,188,9490,1024,0,0,34,34,0.265625,0.0,8192,1.0,4033,0.4923095703125,3505.0810546875,50.8916015625,12.683822954278597,0.13955405534094784,0.4923095703125,0.16853432109371624,0.1710173796874983,0,8,,1,2.0307539682539684,15,1973,,3505.0810546875,4,38,0.296875,0.173500471093746,True
0.5,189,6355,1024,0,0,34,34,0.265625,0.0,8192,1.0,3726,0.454833984375,3388.94921875,52.91796875,12.830152996085467,0.269909463198101,0.454833984375,0.16853432109371624,0.1710173796874983,0,8,,0,2.1989261744966444,17,2216,,3388.94921875,4,38,0.296875,0.173500471093746,True
0.5,190,8857,1024,0,0,34,34,0.265625,0.0,8192,1.0,3508,0.42822265625,862.556640625,23.49609375,18.77292737814515,0.35629985838443035,0.42822265625,0.16853432109371624,0.1710173796874983,0,8,,3,2.334759053321928,13,1848,,862.556640625,4,38,0.296875,0.173500471093746,True
0.5,191,31811,1024,0,0,34,34,0.265625,0.0,8192,1.0,4569,0.5577392578125,7701.822265625,80.5234375,9.264868686467581,0.17259348932532212,0.5577392578125,0.16853432109371624,0.1710173796874983,0,8,,1,1.792907180385289,31,2084,,7701.822265625,4,38,0.296875,0.173500471093746,True
0.5,192,10400,1024,0,0,34,34,0.265625,0.0,8192,1.0,4120,0.5029296875,1260.8330078125,27.3798828125,17.124227910181276,0.18393022669628542,0.5029296875,0.16853432109371624,0.1710173796874983,0,8,,0,1.9885894634620054,13,1692,,1260.8330078125,4,38,0.296875,0.173500471093746,True
0.5,193,275,1024,0,0,34,34,0.265625,0.0,8192,1.0,4426,0.540283203125,5970.6787109375,68.4990234375,10.370566589410487,0.05871568167087036,0.540283203125,0.16853432109371624,0.1710173796874983,0,8,,0,1.8497175141242939,22,2052,,5970.6787109375,4,38,0.296875,0.173500471093746,True
0.5,194,26152,1024,0,0,34,34,0.265625,0.0,8192,1.0,4404,0.53759765625,5061.3291015625,60.8974609375,11.088157836172684,0.060960102699219684,0.53759765625,0.16853432109371624,0.1710173796874983,0,8,,1,1.8600953895071541,15,1929,,5061.3291015625,4,38,0.296875,0.173500471093746,True
0.5,195,13037,1024,0,0,34,34,0.265625,0.0,8192,1.0,4239,0.5174560546875,8067.68359375,76.365234375,9.063315035759414,0.050509184082571885,0.5174560546875,0.16853432109371624,0.1710173796874983,0,8,,1,1.9325153374233128,16,1923,,8067.68359375,4,38,0.296875,0.173500471093746,True
0.5,196,41203,1024,0,0,34,34,0.265625,0.0,8192,1.0,4671,0.5701904296875,3576.267578125,49.931640625,12.596503553984773,0.08182813351808156,0.5701904296875,0.16853432109371624,0.1710173796874983,0,8,,0,1.7539614561027836,16,1859,,3576.267578125,4,38,0.296875,0.173500471093746,True
0.5,197,43709,1024,0,0,34,34,0.265625,0.0,8192,1.0,4041,0.4932861328125,2869.2900390625,46.9384765625,13.553059102176661,0.35565999863069686,0.4932861328125,0.16853432109371624,0.1710173796874983,0,8,,2,2.026237623762376,13,2049,,2869.2900390625,4,38,0.296875,0.173500471093746,True
0.5,198,43572,1024,0,0,34,34,0.265625,0.0,8192,1.0,3648,0.4453125,3693.8125,43.189453125,12.45605514236358,0.11849991642843873,0.4453125,0.16853432109371624,0.1710173796874983,0,8,,1,2.2456813819577737,15,1816,,3693.8125,4,38,0.296875,0.173500471093746,True
0.5,199,23390,1024,0,0,34,34,0.265625,0.0,8192,1.0,4706,0.574462890625,3405.8564453125,47.9248046875,12.808540220923309,0.10793393434224549,0.574462890625,0.16853432109371624,0.1710173796874983,0,8,,0,1.7407013815090329,14,1800,,3405.8564453125,4,38,0.296875,0.173500471093746,True
0.55,0,712,1024,202,26,34,60,0.46875,0.197265625,7990,0.975341796875,3795,0.47496871088861076,2759.21484375,38.6484375,13.722948431279674,0.1723708390996316,0.4632568359375,0.16853432109371624,0.1710173796874983,26,35,1.3461538461538463,2,2.158144438587243,15,1843,,2759.21484375,29,63,0.4921875,0.173500471093746,True
0.55,1,24774,1024,154,20,34,54,0.421875,0.150390625,8038,0.981201171875,4277,0.5320975367006718,13523.224609375,99.447265625,6.820000995079669,0.01798113644811872,0.5220947265625,0.16853432109371624,0.1710173796874983,20,29,1.45,5,1.9139382600561272,17,1986,,13523.224609375,23,57,0.4453125,0.173500471093746,True
0.55,2,45142,1024,257,33,34,67,0.5234375,0.2509765625,7935,0.9686279296875,4268,0.537870195337114,5041.732421875,60.841796875,11.105005680770343,0.038093052988163414,0.52099609375,0.16853432109371624,0.1710173796874983,33,42,1.2727272727272727,12,1.9168033747363487,18,1954,0.0,5046.660801564028,36,70,0.546875,0.173500471093746,True
0.55,3,27119,1024,152,19,34,53,0.4140625,0.1484375,8040,0.9814453125,3773,0.46927860696517415,12525.0166015625,92.1201171875,7.153020506829418,0.03325926496207172,0.4605712890625,0.16853432109371624,0.1710173796874983,19,27,1.4210526315789473,1,2.1704665959703076,16,1980,,12525.0166015625,22,56,0.4375,0.173500471093746,True
0.55,4,21139,1024,125,16,34,50,0.390625,0.1220703125,8067,0.9847412109375,3642,0.45146894756415024,1540.2841796875,31.2900390625,16.254795060806163,0.18687432582596927,0.444580078125,0.16853432109371624,0.1710173796874983,16,25,1.5625,20,2.243889041472123,10,1887,0.0,1543.29843444227,19,53,0.4140625,0.173500471093746,True
0.55,5,19129,1024,221,28,34,62,0.484375,0.2158203125,7971,0.9730224609375,4210,0.528164596662903,4386.2919921875,58.5693359375,11.709828219042326,0.029381086317872028,0.513916015625,0.16853432109371624,0.1710173796874983,28,39,1.3928571428571428,2,1.9453551912568305,13,2005,,4386.2919921875,31,65,0.5078125,0.173500471093746,True
0.55,6,6433,1024,137,18,34,52,0.40625,0.1337890625,8055,0.9832763671875,3189,0.395903165735568,716.283203125,19.556640625,19.579955938160268,0.1815128483005921,0.3892822265625,0.16853432109371624,0.1710173796874983,18,27,1.5,14,2.5574027603513176,11,1684,0.0,716.9833822091887,21,55,0.4296875,0.173500471093746,True
0.55,7,38854,1024,171,22,34,56,0.4375,0.1669921875,8021,0.9791259765625,3987,0.49707019074928316,5998.5478515625,62.3603515625,10.350342332148157,0.06626408197081544,0.4866943359375,0.16853432109371624,0.1710173796874983,22,31,1.4090909090909092,14,2.0501756146512795,10,1970,0.0,6004.411534701857,25,59,0.4609375,0.173500471093746,True
0.55,8,22489,1024,220,28,34,62,0.484375,0.21484375,7972,0.97314453125,4278,0.536628198695434,3831.3095703125,53.1435546875,12.297331164163491,0.1073926902420465,0.522216796875,0.16853432109371624,0.1710173796874983,28,37,1.3214285714285714,1,1.9137245732990413,16,1987,,3831.3095703125,31,65,0.5078125,0.173500471093746,True
0.55,9,31104,1024,204,26,34,60,0.46875,0.19921875,7988,0.97509765625,3829,0.47934401602403603,6190.076171875,68.53125,10.21384367611694,0.04245156159824646,0.4674072265625,0.16853432109371624,0.1710173796874983,26,35,1.3461538461538463,1,2.1389759665621733,12,2133,,6190.076171875,29,63,0.4921875,0.173500471093746,True
0.55,10,21349,1024,200,25,34,59,0.4609375,0.1953125,7992,0.9755859375,4084,0.511011011011011,5030.7734375,57.50390625,11.11445601693453,0.18722477308578095,0.49853515625,0.16853432109371624,0.1710173796874983,25,34,1.36,14,2.0026940974773453,15,1780,0.0,5035.691104594331,29,63,0.4921875,0.173500471093746,True
0.55,11,29116,1024,193,25,34,59,0.4609375,0.1884765625,7999,0.9764404296875,4084,0.5105638204775597,4489.447265625,57.423828125,11.608874862934716,0.08422172348205095,0.49853515625,0.16853432109371624,0.1710173796874983,25,34,1.36,1,2.005633112907176,12,2001,,4489.447265625,28,62,0.484375,0.173500471093746,True
0.55,12,10772,1024,183,23,34,57,0.4453125,0.1787109375,8009,0.9776611328125,3942,0.49219627918591585,5599.974609375,63.8984375,10.648943029748043,0.017824078263983408,0.481201171875,0.16853432109371624,0.1710173796874983,23,32,1.391304347826087,2,2.0776452676985535,11,2061,,5599.974609375,26,60,0.46875,0.173500471093746,True
0.55,13,18332,1024,204,26,34,60,0.46875,0.19921875,7988,0.97509765625,4120,0.5157736604907361,3038.0009765625,47.9013671875,13.304924517375758,0.06698130775062201,0.5029296875,0.16853432109371624,0.1710173796874983,26,35,1.3461538461538463,5,1.9873755765962613,16,1969,,3038.0009765625,29,63,0.4921875,0.173500471093746,True
0.55,14,1003,1024,223,28,34,62,0.484375,0.2177734375,7969,0.9727783203125,4052,0.5084703224996863,2602.60546875,38.7890625,13.9767202285132,0.07268576793320194,0.49462890625,0.16853432109371624,0.1710173796874983,28,39,1.3928571428571428,1,2.021229326092323,14,1802,,2602.60546875,31,65,0.5078125,0.173500471093746,True
0.55,15,22156,1024,224,28,34,62,0.484375,0.21875,7968,0.97265625,4358,0.5469377510040161,5450.283203125,66.025390625,10.766612915529294,0.043723222592076255,0.531982421875,0.16853432109371624,0.1710173796874983,28,37,1.3214285714285714,2,1.8790452145971999,15,2045,,5450.283203125,32,66,0.515625,0.173500471093746,True
0.55,16,26453,1024,131,17,34,51,0.3984375,0.1279296875,8061,0.9840087890625,3877,0.4809576975561345,3194.6484375,51.193359375,13.086572886879168,0.10376939971359796,0.4732666015625,0.16853432109371624,0.1710173796874983,17,25,1.4705882352941178,1,2.1127450980392157,9,2161,,3194.6484375,20,54,0.421875,0.173500471093746,True
0.55,17,17039,1024,201,26,34,60,0.46875,0.1962890625,7991,0.9754638671875,3436,0.42998373169816045,2384.6923828125,44.2763671875,14.356479963863027,0.28923385953287883,0.41943359375,0.16853432109371624,0.1710173796874983,26,37,1.4230769230769231,2,2.382532751091703,8,2230,,2384.6923828125,29,63,0.4921875,0.173500471093746,True
0.55,18,7166,1024,237,30,34,64,0.5,0.2314453125,7955,0.9710693359375,4116,0.5174104336895035,4093.5537109375,51.1865234375,12.009798677886641,0.14064200565690227,0.50244140625,0.16853432109371624,0.1710173796874983,30,41,1.3666666666666667,1,1.9897934386391252,14,1885,,4093.5537109375,33,67,0.5234375,0.173500471093746,True
0.55,19,48310,1024,220,28,34,62,0.484375,0.21484375,7972,0.97314453125,3889,0.48783241344706474,4884.228515625,60.208984375,11.242843860305046,-0.0005333461496776497,0.4747314453125,0.16853432109371624,0.1710173796874983,28,37,1.3214285714285714,1,2.106224279835391,13,2011,,4884.228515625,31,65,0.5078125,0.173500471093746,True
0.55,20,12187,1024,210,27,34,61,0.4765625,0.205078125,7982,0.974365234375,3550,0.4447506890503633,2105.1337890625,37.9287109375,14.89800658793522,0.21649213717392593,0.433349609375,0.16853432109371624,0.1710173796874983,27,36,1.3333333333333333,3,2.3060016906170753,11,1893,,2105.1337890625,30,64,0.5,0.173500471093746,True
0.55,21,20284,1024,216,27,34,61,0.4765625,0.2109375,7976,0.9736328125,3009,0.3772567703109328,909.505859375,19.689453125,18.54274859572825,0.2068099085953853,0.3673095703125,0.16853432109371624,0.1710173796874983,27,38,1.4074074074074074,3,2.721742021276596,9,1704,,909.505859375,31,65,0.5078125,0.173500471093746,True
0.55,22,1052,1024,214,27,34,61,0.4765625,0.208984375,7978,0.973876953125,4225,0.5295813487089496,6560.5146484375,69.8447265625,9.961424513383529,0.10172954575991072,0.5157470703125,0.16853432109371624,0.1710173796874983,27,38,1.4074074074074074,1,1.9389204545454546,16,2041,,6560.5146484375,30,64,0.5,0.173500471093746,True
0.55,23,13752,1024,213,27,34,61,0.4765625,0.2080078125,7979,0.9739990234375,3303,0.4139616493294899,875.302734375,26.419921875,18.709220756974393,0.38625878399168656,0.4031982421875,0.16853432109371624,0.1710173796874983,27,36,1.3333333333333333,3,2.479709267110842,14,1882,,875.302734375,30,64,0.5,0.173500471093746,True
0.55,24,37139,1024,205,26,34,60,0.46875,0.2001953125,7987,0.9749755859375,4045,0.5064479779641918,5912.837890625,68.974609375,10.412843885442864,0.06389081146778502,0.4937744140625,0.16853432109371624,0.1710173796874983,26,35,1.3461538461538463,1,2.0252225519287834,10,2075,,5912.837890625,29,63,0.4921875,0.173500471093746,True
0.55,25,29727,1024,128,16,34,50,0.390625,0.125,8064,0.984375,4012,0.4975198412698413,4297.689453125,53.162109375,11.798453302771232,0.0897645852585762,0.48974609375,0.16853432109371624,0.1710173796874983,16,25,1.5625,11,2.0388930441286464,12,1889,0.0,4301.890518084067,19,53,0.4140625,0.173500471093746,True
0.55,26,41854,1024,140,18,34,52,0.40625,0.13671875,8052,0.98291015625,3174,0.39418777943368105,609.4326171875,19.5322265625,20.281546666664084,0.2786013724774268,0.387451171875,0.16853432109371624,0.1710173796874983,18,27,1.5,12,2.5773715726441853,7,1797,0.0,610.0283479960899,21,55,0.4296875,0.173500471093746,True
0.55,27,40333,1024,135,17,34,51,0.3984375,0.1318359375,8057,0.9835205078125,4395,0.5454883951843118,6286.8095703125,72.3955078125,10.14650055252096,0.06187846743583676,0.5364990234375,0.16853432109371624,0.1710173796874983,17,25,1.4705882352941178,8,1.862084660901229,18,1928,0.0,6292.955034213099,20,54,0.421875,0.173500471093746,True
0.55,28,33248,1024,134,17,34,51,0.3984375,0.130859375,8058,0.983642578125,3876,0.4810126582278481,5179.6865234375,59.5458984375,10.987768839915717,0.10083606715933628,0.47314453125,0.16853432109371624,0.1710173796874983,17,26,1.5294117647058822,1,2.113290322580645,10,1977,,5179.6865234375,20,54,0.421875,0.173500471093746,True
0.55,29,9680,1024,148,19,34,53,0.4140625,0.14453125,8044,0.98193359375,3951,0.49117354549975134,5395.98046875,65.955078125,10.810099918342132,0.033720392953533344,0.4822998046875,0.16853432109371624,0.1710173796874983,19,27,1.4210526315789473,1,2.0734177215189873,12,2145,,5395.98046875,22,56,0.4375,0.173500471093746,True
0.55,30,16805,1024,212,27,34,61,0.4765625,0.20703125,7980,0.97412109375,3551,0.4449874686716792,2183.408203125,37.923828125,14.739454232385876,0.12669133380422085,0.4334716796875,0.16853432109371624,0.1710173796874983,27,36,1.3333333333333333,3,2.3059154929577463,11,1928,,2183.408203125,30,64,0.5,0.173500471093746,True
0.55,31,14652,1024,226,29,34,63,0.4921875,0.220703125,7966,0.972412109375,4279,0.5371579211649511,3339.4091796875,51.3232421875,12.894107242056245,0.2136115418284384,0.5223388671875,0.16853432109371624,0.1710173796874983,29,38,1.3103448275862069,20,1.910004675081814,13,1876,0.0,3345.9442270058707,32,66,0.515625,0.173500471093746,True
0.55,32,15793,1024,118,15,34,49,0.3828125,0.115234375,8074,0.985595703125,3636,0.4503344067376765,3243.8583984375,53.6904296875,13.020184728255359,0.22584061400425268,0.44384765625,0.16853432109371624,0.1710173796874983,15,23,1.5333333333333334,1,2.2514442916093533,10,2212,,3243.8583984375,18,52,0.40625,0.173500471093746,True
0.55,33,30210,1024,201,26,34,60,0.46875,0.1962890625,7991,0.9754638671875,4042,0.5058190464272306,6979.1474609375,73.2294921875,9.692779863283729,0.2345469132937695,0.493408203125,0.16853432109371624,0.1710173796874983,26,35,1.3461538461538463,1,2.026231130908191,12,1842,,6979.1474609375,28,62,0.484375,0.173500471093746,True
0.55,34,47426,1024,215,27,34,61,0.4765625,0.2099609375,7977,0.9737548828125,4013,0.5030713300739627,8377.7421875,83.8203125,8.899533694009454,0.028212997411816352,0.4898681640625,0.16853432109371624,0.1710173796874983,27,36,1.3333333333333333,2,2.0408773678963112,9,2167,,8377.7421875,30,64,0.5,0.173500471093746,True
0.55,35,20875,1024,133,17,34,51,0.3984375,0.1298828125,8059,0.9837646484375,3503,0.4346693138106465,2450.12109375,37.80859375,14.238928115859103,0.08330170983355374,0.4276123046875,0.16853432109371624,0.1710173796874983,17,26,1.5294117647058822,11,2.335237007424329,13,1877,0.0,2452.516129032258,20,54,0.421875,0.173500471093746,True
0.55,36,4161,1024,154,20,34,54,0.421875,0.150390625,8038,0.981201171875,4163,0.5179149042050262,5374.212890625,64.904296875,10.82765494566743,0.09304477637707359,0.5081787109375,0.16853432109371624,0.1710173796874983,20,29,1.45,1,1.9673234022104757,15,2089,,5374.212890625,23,57,0.4453125,0.173500471093746,True
0.55,37,40340,1024,248,31,34,65,0.5078125,0.2421875,7944,0.9697265625,4206,0.5294561933534743,2677.8125,45.544921875,13.853001963570268,0.12231084326054621,0.513427734375,0.16853432109371624,0.1710173796874983,31,42,1.3548387096774193,2,1.9469678953626635,15,1954,,2677.8125,35,69,0.5390625,0.173500471093746,True
0.55,38,28286,1024,153,20,34,54,0.421875,0.1494140625,8039,0.9813232421875,3811,0.4740639383007837,3633.822265625,47.548828125,12.52716679212895,0.17720686484996725,0.4652099609375,0.16853432109371624,0.1710173796874983,20,29,1.45,1,2.1493438320209974,11,1972,,3633.822265625,23,57,0.4453125,0.173500471093746,True
0.55,39,13256,1024,197,25,34,59,0.4609375,0.1923828125,7995,0.9759521484375,3839,0.48017510944340214,2247.0888671875,38.9794921875,14.614601127629864,0.10294925053981563,0.4686279296875,0.16853432109371624,0.1710173796874983,25,34,1.36,2,2.133402813965607,16,1882,,2247.0888671875,28,62,0.484375,0.173500471093746,True
0.55,40,48934,1024,138,18,34,52,0.40625,0.134765625,8054,0.983154296875,3692,0.4584057611124907,4677.2607421875,57.1650390625,11.430887797691515,0.029824494753288678,0.45068359375,0.16853432109371624,0.1710173796874983,18,27,1.5,1,2.218369005689515,8,1967,,4677.2607421875,21,55,0.4296875,0.173500471093746,True
0.55,41,11935,1024,151,19,34,53,0.4140625,0.1474609375,8041,0.9815673828125,4457,0.5542842929983833,4777.857421875,62.140625,11.338471752315362,0.09890638194863684,0.5440673828125,0.16853432109371624,0.1710173796874983,19,28,1.4736842105263157,18,1.8341561938958708,14,1950,0.0,4787.207436399217,22,56,0.4375,0.173500471093746,True
0.55,42,48447,1024,236,30,34,64,0.5,0.23046875,7956,0.97119140625,4262,0.5356963298139769,1300.923828125,30.73828125,16.98828492433497,0.19347292014134354,0.520263671875,0.16853432109371624,0.1710173796874983,30,39,1.3,4,1.9209105843698662,20,1707,,1300.923828125,33,67,0.5234375,0.173500471093746,True
0.55,43,15492,1024,215,27,34,61,0.4765625,0.2099609375,7977,0.9737548828125,3720,0.4663407295975931,1855.9248046875,32.5107421875,15.445199846590134,0.057060635774557625,0.4541015625,0.16853432109371624,0.1710173796874983,27,36,1.3333333333333333,2,2.2016671148158107,9,1807,,1855.9248046875,30,64,0.5,0.173500471093746,True
0.55,44,32513,1024,198,25,34,59,0.4609375,0.193359375,7994,0.975830078125,4773,0.5970728046034526,4050.19921875,56.966796875,12.056039753135025,0.20260905557730188,0.5826416015625,0.16853432109371624,0.1710173796874983,25,34,1.36,10,1.7139564124056998,21,1904,0.0,4054.158357771261,28,62,0.484375,0.173500471093746,True
0.55,45,36099,1024,194,25,34,59,0.4609375,0.189453125,7998,0.976318359375,4389,0.5487621905476369,5536.015625,65.873046875,10.698830536530053,0.09257678221484253,0.5357666015625,0.16853432109371624,0.1710173796874983,25,34,1.36,1,1.8662260711030083,13,2000,,5536.015625,28,62,0.484375,0.173500471093746,True
0.55,46,39260,1024,166,21,34,55,0.4296875,0.162109375,8026,0.979736328125,4463,0.5560677797159232,7201.646484375,72.43359375,9.556485620294492,0.13888602015463683,0.5447998046875,0.16853432109371624,0.1710173796874983,21,30,1.4285714285714286,11,1.8330345136709996,22,1700,0.0,7208.686217008798,24,58,0.453125,0.173500471093746,True
0.55,47,46517,1024,210,27,34,61,0.4765625,0.205078125,7982,0.974365234375,3951,0.49498872463041843,6173.0615234375,63.8759765625,10.22579755510024,0.06333658736222084,0.4822998046875,0.16853432109371624,0.1710173796874983,27,36,1.3333333333333333,13,2.069620253164557,16,1945,0.0,6179.095796676442,30,64,0.5,0.173500471093746,True
0.55,48,33095,1024,112,14,34,48,0.375,0.109375,8080,0.986328125,3875,0.47957920792079206,4716.0615234375,59.7099609375,11.39500898814,0.10054461100313916,0.4730224609375,0.16853432109371624,0.1710173796874983,14,22,1.5714285714285714,1,2.1140939597315436,12,1929,,4716.0615234375,18,52,0.40625,0.173500471093746,True
0.55,49,3,1024,132,17,34,51,0.3984375,0.12890625,8060,0.98388671875,3152,0.3910669975186104,1091.0380859375,22.3935546875,17.75240449671142,0.167394324070327,0.384765625,0.16853432109371624,0.1710173796874983,17,26,1.5294117647058822,1,2.5991748651221833,12,1705,,1091.0380859375,20,54,0.421875,0.173500471093746,True
0.55,50,21683,1024,130,17,34,51,0.3984375,0.126953125,8062,0.984130859375,3736,0.46340858347804514,2632.08203125,39.833984375,13.927809405293136,0.12819887150867218,0.4560546875,0.16853432109371624,0.1710173796874983,17,25,1.4705882352941178,1,2.1927710843373496,14,1902,,2632.08203125,19,53,0.4140625,0.173500471093746,True
0.55,51,13446,1024,194,25,34,59,0.4609375,0.189453125,7998,0.976318359375,4055,0.5070017504376094,5032.984375,63.259765625,11.11254778744527,0.04193109947095317,0.4949951171875,0.16853432109371624,0.1710173796874983,25,34,1.36,2,2.019486926492353,10,2091,,5032.984375,28,62,0.484375,0.173500471093746,True
0.55,52,49515,1024,227,29,34,63,0.4921875,0.2216796875,7965,0.9722900390625,3458,0.4341494036409291,2152.486328125,37.884765625,14.801399592271082,0.17367780145466258,0.422119140625,0.16853432109371624,0.1710173796874983,29,40,1.3793103448275863,1,2.368816893260052,10,1920,,2152.486328125,32,66,0.515625,0.173500471093746,True
0.55,53,27943,1024,212,27,34,61,0.4765625,0.20703125,7980,0.97412109375,3942,0.493984962406015,6398.8525390625,68.1201171875,10.069782588578066,0.11567153007476415,0.481201171875,0.16853432109371624,0.1710173796874983,27,36,1.3333333333333333,7,2.0766302968789647,13,2123,,6398.8525390625,30,64,0.5,0.173500471093746,True
0.55,54,29059,1024,194,25,34,59,0.4609375,0.189453125,7998,0.976318359375,4130,0.5163790947736934,5567.369140625,64.62890625,10.674303430059954,0.07628357226231489,0.504150390625,0.16853432109371624,0.1710173796874983,25,34,1.36,6,1.9823201743763623,12,2110,,5567.369140625,28,62,0.484375,0.173500471093746,True
0.55,55,32738,1024,179,23,34,57,0.4453125,0.1748046875,8013,0.9781494140625,3553,0.44340446773992265,3382.4111328125,40.2412109375,12.838539658084944,0.3081073426485692,0.4337158203125,0.16853432109371624,0.1710173796874983,23,32,1.391304347826087,4,2.3043355855855854,15,1670,,3382.4111328125,26,60,0.46875,0.173500471093746,True
0.55,56,445,1024,241,31,34,65,0.5078125,0.2353515625,7951,0.9705810546875,4129,0.5193057477046912,4749.4892578125,61.0419921875,11.364334511250902,0.0986105553571475,0.5040283203125,0.18431643984376933,0.1810231437499965,31,40,1.2903225806451613,1,1.9840116279069768,14,2040,,4749.4892578125,34,68,0.53125,0.18286641171874862,True
0.55,57,32216,1024,149,19,34,53,0.4140625,0.1455078125,8043,0.9818115234375,3808,0.4734551784160139,5857.6669921875,64.1396484375,10.453556824206295,0.11470204560758565,0.46484375,0.18431643984376933,0.1810231437499965,19,27,1.4210526315789473,1,2.1505122143420015,15,1927,,5857.6669921875,22,56,0.4375,0.18286641171874862,True
0.55,58,18250,1024,182,23,34,57,0.4453125,0.177734375,8010,0.977783203125,3963,0.4947565543071161,2152.634765625,36.814453125,14.801100109000906,0.10670700964541369,0.4837646484375,0.18431643984376933,0.1810231437499965,23,32,1.391304347826087,3,2.0653710247349824,17,1738,,2152.634765625,26,60,0.46875,0.18286641171874862,True
0.55,59,1684,1024,165,21,34,55,0.4296875,0.1611328125,8027,0.9798583984375,3747,0.46679955151364144,11711.80859375,89.560546875,7.444563947763262,0.05476277294819227,0.4573974609375,0.18431643984376933,0.1810231437499965,21,30,1.4285714285714286,12,2.183128670581954,17,1912,0.0,11723.257086999023,24,58,0.453125,0.18286641171874862,True
0.55,60,2899,1024,142,18,34,52,0.40625,0.138671875,8050,0.982666015625,3648,0.45316770186335403,1868.7431640625,37.5556640625,15.415307438631459,0.1677183877428794,0.4453125,0.18431643984376933,0.1810231437499965,18,27,1.5,1,2.2454071839868384,7,2014,,1868.7431640625,21,55,0.4296875,0.18286641171874862,True
0.55,61,39428,1024,155,20,34,54,0.421875,0.1513671875,8037,0.9810791015625,4057,0.5047903446559662,4231.07421875,57.4921875,11.866297173586736,0.0819737383249785,0.4952392578125,0.18431643984376933,0.1810231437499965,20,29,1.45,1,2.019230769230769,11,2063,,4231.07421875,23,57,0.4453125,0.18286641171874862,True
0.55,62,40758,1024,221,28,34,62,0.484375,0.2158203125,7971,0.9730224609375,3858,0.48400451637184794,4740.794921875,53.91015625,11.372291919282826,0.034988086548750075,0.470947265625,0.18431643984376933,0.1810231437499965,28,37,1.3214285714285714,1,2.123411978221416,14,2002,,4740.794921875,31,65,0.5078125,0.18286641171874862,True
0.55,63,29154,1024,133,17,34,51,0.3984375,0.1298828125,8059,0.9837646484375,3973,0.4929892046159573,4574.427734375,54.451171875,11.527435897546814,0.09696917915181942,0.4849853515625,0.18431643984376933,0.1810231437499965,17,25,1.4705882352941178,11,2.059164149043303,15,1953,0.0,4578.8993157380255,20,54,0.421875,0.18286641171874862,True
0.55,64,43958,1024,223,28,34,62,0.484375,0.2177734375,7969,0.9727783203125,4356,0.5466181453130882,4556.9462890625,63.1416015625,11.544064511139107,0.1837836661319441,0.53173828125,0.18431643984376933,0.1810231437499965,28,37,1.3214285714285714,1,1.8799081515499425,14,1968,,4556.9462890625,32,66,0.515625,0.18286641171874862,True
0.55,65,33814,1024,173,22,34,56,0.4375,0.1689453125,8019,0.9788818359375,3978,0.49607182940516276,5207.3935546875,61.7392578125,10.964599596527018,0.03663321416461821,0.485595703125,0.18431643984376933,0.1810231437499965,22,31,1.4090909090909092,1,2.0588383203419665,16,2010,,5207.3935546875,25,59,0.4609375,0.18286641171874862,True
0.55,66,34153,1024,181,23,34,57,0.4453125,0.1767578125,8011,0.9779052734375,3966,0.495069279740357,4144.1650390625,52.2275390625,11.956433182506894,0.09050006295489701,0.484130859375,0.18431643984376933,0.1810231437499965,23,32,1.391304347826087,2,2.0653215636822195,8,1934,,4144.1650390625,26,60,0.46875,0.18286641171874862,True
0.55,67,43609,1024,139,18,34,52,0.40625,0.1357421875,8053,0.9830322265625,3908,0.48528498696138084,7516.474609375,68.431640625,9.370661661125189,0.05642962125854872,0.47705078125,0.18431643984376933,0.1810231437499965,18,27,1.5,1,2.0962375223957,9,2059,,7516.474609375,21,55,0.4296875,0.18286641171874862,True
0.55,68,10762,1024,196,25,34,59,0.4609375,0.19140625,7996,0.97607421875,3812,0.4767383691845923,4465.994140625,50.82421875,11.63162211925572,0.05301106944335827,0.46533203125,0.18431643984376933,0.1810231437499965,25,34,1.36,5,2.1477302545263712,24,1840,,4465.994140625,28,62,0.484375,0.18286641171874862,True
0.55,69,17898,1024,123,16,34,50,0.390625,0.1201171875,8069,0.9849853515625,3358,0.4161606146982278,2326.177734375,32.5546875,14.464374664215809,0.2590024143382732,0.409912109375,0.18431643984376933,0.1810231437499965,16,25,1.5625,14,2.4352100089365507,16,1514,0.0,2328.451612903226,19,53,0.4140625,0.18286641171874862,True
0.55,70,43653,1024,144,18,34,52,0.40625,0.140625,8048,0.982421875,4134,0.5136679920477137,4881.130859375,64.572265625,11.245599099533157,0.07679687197448486,0.504638671875,0.18431643984376933,0.1810231437499965,18,27,1.5,1,1.9801596902976046,20,2093,,4881.130859375,22,56,0.4375,0.18286641171874862,True
0.55,71,14233,1024,139,18,34,52,0.40625,0.1357421875,8053,0.9830322265625,3822,0.4746057369924252,3399.0927734375,44.3330078125,12.81717342668456,0.05696773755858204,0.466552734375,0.18431643984376933,0.1810231437499965,18,27,1.5,12,2.1400157026956292,13,1875,0.0,3402.4154447702836,21,55,0.4296875,0.18286641171874862,True
0.55,72,39520,1024,229,29,34,63,0.4921875,0.2236328125,7963,0.9720458984375,4177,0.524551048599774,3190.158203125,50.373046875,13.09268140180459,0.0819372459301022,0.5098876953125,0.18431643984376933,0.1810231437499965,29,38,1.3103448275862069,1,1.9609674329501916,15,1984,,3190.158203125,32,66,0.515625,0.18286641171874862,True
0.55,73,18138,1024,190,24,34,58,0.453125,0.185546875,8002,0.976806640625,3711,0.4637590602349413,1843.015625,33.408203125,15.47551343704987,0.14157268157276445,0.4530029296875,0.18431643984376933,0.1810231437499965,24,33,1.375,5,2.205390835579515,15,1799,,1843.015625,27,61,0.4765625,0.18286641171874862,True
0.55,74,9212,1024,129,17,34,51,0.3984375,0.1259765625,8063,0.9842529296875,4220,0.523378395138286,12080.36328125,104.10546875,7.3100036626243465,0.20142560595501596,0.51513671875,0.18431643984376933,0.1810231437499965,17,25,1.4705882352941178,1,1.9409812751836928,14,2181,,12080.36328125,20,54,0.421875,0.18286641171874862,True
0.55,75,6456,1024,207,26,34,60,0.46875,0.2021484375,7985,0.9747314453125,4366,0.5467752035065748,7131.935546875,70.63671875,9.598729511771301,0.08726467513800798,0.532958984375,0.18431643984376933,0.1810231437499965,26,35,1.3461538461538463,12,1.872852233676976,14,1967,0.0,7138.907135874878,30,64,0.5,0.18286641171874862,True
0.55,76,22948,1024,200,25,34,59,0.4609375,0.1953125,7992,0.9755859375,3769,0.4715965965965966,4524.0869140625,57.8291015625,11.575494211274986,0.23191882798578056,0.4600830078125,0.18431643984376933,0.1810231437499965,25,34,1.36,2,2.1725053078556265,13,2083,,4524.0869140625,29,63,0.4921875,0.18286641171874862,True
0.55,77,7591,1024,155,20,34,54,0.421875,0.1513671875,8037,0.9810791015625,3695,0.4597486624362324,1718.921875,35.310546875,15.778242224167098,0.1060412038249546,0.4510498046875,0.18431643984376933,0.1810231437499965,20,29,1.45,1,2.2168381158635624,9,1970,,1718.921875,23,57,0.4453125,0.18286641171874862,True
0.55,78,29996,1024,202,26,34,60,0.46875,0.197265625,7990,0.975341796875,3901,0.48823529411764705,6480.2373046875,66.5908203125,10.014894509495901,0.2046018977864371,0.4761962890625,0.18431643984376933,0.1810231437499965,26,35,1.3461538461538463,1,2.0997435897435897,9,2164,,6480.2373046875,29,63,0.4921875,0.18286641171874862,True
0.55,79,10378,1024,222,28,34,62,0.484375,0.216796875,7970,0.972900390625,3799,0.4766624843161857,6115.89453125,70.896484375,10.266203734819584,0.032596030503431725,0.4637451171875,0.18431643984376933,0.1810231437499965,28,37,1.3214285714285714,1,2.155608214849921,10,2217,,6115.89453125,31,65,0.5078125,0.18286641171874862,True
0.55,80,27337,1024,190,24,34,58,0.453125,0.185546875,8002,0.976806640625,4192,0.5238690327418145,3802.931640625,58.005859375,12.329618420211915,0.15658210537325892,0.51171875,0.18431643984376933,0.1810231437499965,24,33,1.375,2,1.9532331185874492,14,1936,,3802.931640625,27,61,0.4765625,0.18286641171874862,True
0.55,81,19965,1024,199,25,34,59,0.4609375,0.1943359375,7993,0.9757080078125,4285,0.5360940823220318,3369.9345703125,53.5302734375,12.854588920523842,0.1402722581350102,0.5230712890625,0.18431643984376933,0.1810231437499965,25,33,1.32,1,1.911531279178338,22,1844,,3369.9345703125,29,63,0.4921875,0.18286641171874862,True
0.55,82,24405,1024,209,27,34,61,0.4765625,0.2041015625,7983,0.9744873046875,4284,0.5366403607666291,4314.5908203125,57.0029296875,11.781407457312907,0.10448938812238368,0.52294921875,0.18431643984376933,0.1810231437499965,27,36,1.3333333333333333,1,1.9110436609852908,15,2019,,4314.5908203125,30,64,0.5,0.18286641171874862,True
0.55,83,45135,1024,137,18,34,52,0.40625,0.1337890625,8055,0.9832763671875,3551,0.4408441961514587,5060.810546875,51.6328125,11.088602812131057,0.15604625087989443,0.4334716796875,0.18431643984376933,0.1810231437499965,18,26,1.4444444444444444,1,2.3067605633802817,8,1913,,5060.810546875,20,54,0.421875,0.18286641171874862,True
0.55,84,11274,1024,139,18,34,52,0.40625,0.1357421875,8053,0.9830322265625,3729,0.46305724574692664,2975.7353515625,47.1279296875,13.39486056462757,0.07578204158759304,0.4552001953125,0.18431643984376933,0.1810231437499965,18,27,1.5,1,2.1960836909871246,9,2083,,2975.7353515625,21,55,0.4296875,0.18286641171874862,True
0.55,85,1941,1024,225,29,34,63,0.4921875,0.2197265625,7967,0.9725341796875,3731,0.46830676540730515,1473.7021484375,32.4814453125,16.446706442113697,0.19062202463764327,0.4554443359375,0.18431643984376933,0.1810231437499965,29,40,1.3793103448275863,19,2.1898123324396783,12,1871,0.0,1476.5861056751469,32,66,0.515625,0.18286641171874862,True
0.55,86,48940,1024,165,21,34,55,0.4296875,0.1611328125,8027,0.9798583984375,3804,0.473900585523857,1707.6240234375,36.0458984375,15.806881048900461,0.08969871038265559,0.46435546875,0.18431643984376933,0.1810231437499965,21,30,1.4285714285714286,1,2.1533000262950304,8,1989,,1707.6240234375,24,58,0.453125,0.18286641171874862,True
0.55,87,36794,1024,182,23,34,57,0.4453125,0.177734375,8010,0.977783203125,3848,0.4803995006242197,5781.6015625,63.51953125,10.510322017881954,0.07637770472374548,0.4697265625,0.18431643984376933,0.1810231437499965,23,32,1.391304347826087,1,2.12867169222771,14,1975,,5781.6015625,27,61,0.4765625,0.18286641171874862,True
0.55,88,21994,1024,206,26,34,60,0.46875,0.201171875,7986,0.974853515625,4029,0.5045078888054094,4458.279296875,59.90234375,11.639130887173861,0.07644055739638352,0.4918212890625,0.18431643984376933,0.1810231437499965,26,35,1.3461538461538463,1,2.0330188679245285,11,2037,,4458.279296875,29,63,0.4921875,0.18286641171874862,True
0.55,89,49944,1024,209,27,34,61,0.4765625,0.2041015625,7983,0.9744873046875,4468,0.5596893398471753,3931.9951171875,50.9462890625,12.184673910210986,0.12430817107802446,0.54541015625,0.18431643984376933,0.1810231437499965,27,38,1.4074074074074074,5,1.8318782180434297,15,1764,,3931.9951171875,30,64,0.5,0.18286641171874862,True
0.55,90,43442,1024,213,27,34,61,0.4765625,0.2080078125,7979,0.9739990234375,1999,0.25053264820152904,388.001953125,7.423828125,22.24246449115778,0.5840493947576508,0.2440185546875,0.18431643984376933,0.1810231437499965,27,36,1.3333333333333333,4,4.097597597597598,7,1173,,388.001953125,30,64,0.5,0.18286641171874862,True
0.55,91,45096,1024,193,25,34,59,0.4609375,0.1884765625,7999,0.9764404296875,3485,0.4356794599324916,1539.45703125,32.265625,16.257127893249894,0.20890599297763637,0.4254150390625,0.18431643984376933,0.1810231437499965,25,34,1.36,2,2.3501722158438576,10,1885,,1539.45703125,28,62,0.484375,0.18286641171874862,True
0.55,92,42430,1024,166,21,34,55,0.4296875,0.162109375,8026,0.979736328125,3902,0.48616994767007227,1558.71875,34.431640625,16.20312601254514,0.3096575773532634,0.476318359375,0.18431643984376933,0.1810231437499965,21,30,1.4285714285714286,4,2.097410920276852,22,1886,,1558.71875,25,59,0.4609375,0.18286641171874862,True
0.55,93,42255,1024,188,24,34,58,0.453125,0.18359375,8004,0.97705078125,4310,0.5384807596201899,3786.1220703125,54.0693359375,12.348857487022348,0.15932955415481082,0.526123046875,0.18431643984376933,0.1810231437499965,24,33,1.375,13,1.8978881411000232,15,1890,0.0,3789.8230694037147,27,61,0.4765625,0.18286641171874862,True
0.55,94,5771,1024,207,26,34,60,0.46875,0.2021484375,7985,0.9747314453125,3922,0.49117094552285534,7782.2490234375,71.6982421875,9.219752372305106,0.016776984170472107,0.478759765625,0.18431643984376933,0.1810231437499965,26,35,1.3461538461538463,1,2.088497832185667,12,1988,,7782.2490234375,29,63,0.4921875,0.18286641171874862,True
0.55,95,8320,1024,144,18,34,52,0.40625,0.140625,8048,0.982421875,3682,0.45750497017892644,2062.67578125,37.64453125,14.986493914888948,0.0921091460471653,0.449462890625,0.18431643984376933,0.1810231437499965,18,27,1.5,13,2.221678891605542,13,1952,0.0,2064.692082111437,22,56,0.4375,0.18286641171874862,True
0.55,96,48807,1024,200,25,34,59,0.4609375,0.1953125,7992,0.9755859375,3961,0.4956206206206206,3577.306640625,49.259765625,12.595241921409286,0.06166995921940007,0.4835205078125,0.18431643984376933,0.1810231437499965,25,34,1.36,2,2.0679292929292927,15,1897,,3577.306640625,28,62,0.484375,0.18286641171874862,True
0.55,97,2675,1024,180,23,34,57,0.4453125,0.17578125,8012,0.97802734375,3355,0.4187468796804793,2175.8974609375,32.6865234375,14.754419354659841,0.2926815054159213,0.4095458984375,0.18431643984376933,0.1810231437499965,23,32,1.391304347826087,5,2.4403697078115685,12,1691,,2175.8974609375,26,60,0.46875,0.18286641171874862,True
0.55,98,37658,1024,144,18,34,52,0.40625,0.140625,8048,0.982421875,4189,0.5205019880715706,6998.6201171875,73.9814453125,9.680679400772721,0.030685098466877277,0.5113525390625,0.18431643984376933,0.1810231437499965,18,27,1.5,1,1.9551098376313276,14,2216,,6998.6201171875,22,56,0.4375,0.18286641171874862,True
0.55,99,45710,1024,211,27,34,61,0.4765625,0.2060546875,7981,0.9742431640625,4357,0.5459215637138203,4855.55859375,60.494140625,11.268411615922819,0.08321276617320077,0.5318603515625,0.18431643984376933,0.1810231437499965,27,36,1.3333333333333333,2,1.8799357208448118,21,1982,,4855.55859375,30,64,0.5,0.18286641171874862,True
0.55,100,15813,1024,182,23,34,57,0.4453125,0.177734375,8010,0.977783203125,3507,0.4378277153558052,1829.576171875,33.6484375,15.507298654184254,0.21183128449883018,0.4281005859375,0.18431643984376933,0.1810231437499965,23,32,1.391304347826087,3,2.334284084426697,10,1855,,1829.576171875,26,60,0.46875,0.18286641171874862,True
0.55,101,7135,1024,140,18,34,52,0.40625,0.13671875,8052,0.98291015625,4032,0.5007451564828614,4500.7490234375,60.8955078125,11.59795564942353,0.17225136915850126,0.4921875,0.18431643984376933,0.1810231437499965,18,26,1.4444444444444444,6,2.0300173654180105,16,1895,,4500.7490234375,21,55,0.4296875,0.18286641171874862,True
0.55,102,31775,1024,206,26,34,60,0.46875,0.201171875,7986,0.974853515625,3326,0.41647883796644125,559.2041015625,17.0498046875,20.655100127235823,0.2229028155293097,0.406005859375,0.18431643984376933,0.1810231437499965,26,35,1.3461538461538463,1,2.4580451127819547,14,1620,,559.2041015625,29,63,0.4921875,0.18286641171874862,True
0.55,103,31772,1024,208,26,34,60,0.46875,0.203125,7984,0.974609375,3967,0.4968687374749499,3529.3798828125,48.7509765625,12.653819549505307,0.10247194124531371,0.4842529296875,0.18431643984376933,0.1810231437499965,26,35,1.3461538461538463,1,2.0648008068582957,17,1890,,3529.3798828125,30,64,0.5,0.18286641171874862,True
0.55,104,25160,1024,171,22,34,56,0.4375,0.1669921875,8021,0.9791259765625,3810,0.47500311681835183,2704.43359375,43.23828125,13.810040388805504,0.17143445423743287,0.465087890625,0.18431643984376933,0.1810231437499965,22,30,1.3636363636363635,20,2.144657390391179,13,1937,0.0,2709.72602739726,25,59,0.4609375,0.18286641171874862,True
0.55,105,36108,1024,190,24,34,58,0.453125,0.185546875,8002,0.976806640625,3819,0.4772556860784804,12170.4423828125,95.1962890625,7.277739962021384,0.03666029934034289,0.4661865234375,0.18431643984376933,0.1810231437499965,24,33,1.375,5,2.14379256155055,12,2112,,12170.4423828125,27,61,0.4765625,0.18286641171874862,True
0.55,106,1260,1024,177,23,34,57,0.4453125,0.1728515625,8015,0.9783935546875,4195,0.5233936369307548,4934.728515625,61.8125,11.198170959411156,0.0594664420798332,0.5120849609375,0.18431643984376933,0.1810231437499965,23,32,1.391304347826087,1,1.9527896995708154,12,1955,,4934.728515625,26,60,0.46875,0.18286641171874862,True
0.55,107,37885,1024,149,19,34,53,0.4140625,0.1455078125,8043,0.9818115234375,4033,0.5014298147457417,2945.9296875,46.14453125,13.438579838382744,0.07598153525478563,0.4923095703125,0.18431643984376933,0.1810231437499965,19,28,1.4736842105263157,1,2.03125,13,1911,,2945.9296875,22,56,0.4375,0.18286641171874862,True
0.55,108,41535,1024,145,19,34,53,0.4140625,0.1416015625,8047,0.9822998046875,4306,0.5351062507766869,6281.1435546875,69.1611328125,10.150416416086895,0.06444141341702697,0.525634765625,0.18431643984376933,0.1810231437499965,19,28,1.4736842105263157,1,1.9017421602787457,13,1898,,6281.1435546875,22,56,0.4375,0.18286641171874862,True
0.55,109,44889,1024,169,22,34,56,0.4375,0.1650390625,8023,0.9793701171875,3949,0.49220989654742614,4895.8388671875,57.0419921875,11.232532450806696,0.058583594310781535,0.4820556640625,0.18431643984376933,0.1810231437499965,22,30,1.3636363636363635,2,2.0742147922998986,25,1910,,4895.8388671875,24,58,0.453125,0.18286641171874862,True
0.55,110,28184,1024,145,19,34,53,0.4140625,0.1416015625,8047,0.9822998046875,4645,0.5772337517087113,7608.1552734375,81.3720703125,9.318009934121385,0.20914805717519333,0.5670166015625,0.18431643984376933,0.1810231437499965,19,28,1.4736842105263157,1,1.7635658914728682,15,1869,,7608.1552734375,22,56,0.4375,0.18286641171874862,True
0.55,111,25319,1024,184,23,34,57,0.4453125,0.1796875,8008,0.9775390625,4178,0.5217282717282717,4090.1533203125,53.7216796875,12.013407729295984,0.06493544894234231,0.510009765625,0.18431643984376933,0.1810231437499965,23,32,1.391304347826087,4,1.9597797462293511,14,1921,,4090.1533203125,26,60,0.46875,0.18286641171874862,True
0.55,112,11010,1024,135,17,34,51,0.3984375,0.1318359375,8057,0.9835205078125,3671,0.4556286458979769,4285.1689453125,52.6181640625,11.811124119551168,0.09197283656833732,0.4481201171875,0.18431643984376933,0.1810231437499965,17,25,1.4705882352941178,15,2.2275204359673024,19,1965,0.0,4289.357771260997,20,54,0.421875,0.18286641171874862,True
0.55,113,33880,1024,187,24,34,58,0.453125,0.1826171875,8005,0.9771728515625,3431,0.42860712054965644,1427.279296875,32.3515625,16.585713946048035,0.1096520839788803,0.4188232421875,0.18431643984376933,0.1810231437499965,24,33,1.375,2,2.3862973760932946,9,1962,,1427.279296875,27,61,0.4765625,0.18286641171874862,True
0.55,114,19307,1024,200,25,34,59,0.4609375,0.1953125,7992,0.9755859375,3606,0.4512012012012012,2876.4267578125,45.2626953125,13.542270407656801,0.16794617726156,0.440185546875,0.18431643984376933,0.1810231437499965,25,34,1.36,2,2.27128987517337,14,1935,,2876.4267578125,29,63,0.4921875,0.18286641171874862,True
0.55,115,12236,1024,200,25,34,59,0.4609375,0.1953125,7992,0.9755859375,4321,0.5406656656656657,9250.1240234375,89.0751953125,8.46932805173911,0.05394893818962334,0.5274658203125,0.18431643984376933,0.1810231437499965,25,36,1.44,1,1.8956018518518518,11,2002,,9250.1240234375,28,62,0.484375,0.18286641171874862,True
0.55,116,13805,1024,207,26,34,60,0.46875,0.2021484375,7985,0.9747314453125,3725,0.4664996869129618,2620.337890625,41.1328125,13.947230639862372,0.07881344043137008,0.4547119140625,0.18431643984376933,0.1810231437499965,26,35,1.3461538461538463,1,2.1981740064446833,13,1963,,2620.337890625,29,63,0.4921875,0.18286641171874862,True
0.55,117,5814,1024,132,17,34,51,0.3984375,0.12890625,8060,0.98388671875,3545,0.43982630272952855,3528.580078125,47.74609375,12.654803830418748,-0.0014396598874870182,0.4327392578125,0.18431643984376933,0.1810231437499965,17,26,1.5294117647058822,1,2.310665914221219,15,1930,,3528.580078125,20,54,0.421875,0.18286641171874862,True
0.55,118,48485,1024,192,24,34,58,0.453125,0.1875,8000,0.9765625,3938,0.49225,2923.6025390625,47.9072265625,13.47162030483874,0.07131006630361954,0.480712890625,0.18431643984376933,0.1810231437499965,24,33,1.375,1,2.078740157480315,15,2005,,2923.6025390625,27,61,0.4765625,0.18286641171874862,True
0.55,119,12248,1024,180,23,34,57,0.4453125,0.17578125,8012,0.97802734375,3948,0.4927608587119321,6869.0009765625,69.2412109375,9.761867827480387,0.030723589408224825,0.48193359375,0.18431643984376933,0.1810231437499965,23,32,1.391304347826087,1,2.072966810235622,10,2004,,6869.0009765625,26,60,0.46875,0.18286641171874862,True
0.55,120,458,1024,198,25,34,59,0.4609375,0.193359375,7994,0.975830078125,3921,0.4904928696522392,2148.5771484375,37.8466796875,14.809294084615999,0.10155061665955063,0.4786376953125,0.18431643984376933,0.1810231437499965,25,33,1.32,4,2.088265306122449,21,1912,,2148.5771484375,28,62,0.484375,0.18286641171874862,True
0.55,121,319,1024,224,28,34,62,0.484375,0.21875,7968,0.97265625,3886,0.4877008032128514,6888.24609375,76.59765625,9.74971706271259,0.04730854580187589,0.474365234375,0.18431643984376933,0.1810231437499965,28,37,1.3214285714285714,1,2.108108108108108,8,2213,,6888.24609375,31,65,0.5078125,0.18286641171874862,True
0.55,122,21496,1024,192,24,34,58,0.453125,0.1875,8000,0.9765625,4032,0.504,4845.978515625,61.990234375,11.276988764824761,0.07068752536808523,0.4921875,0.18431643984376933,0.1810231437499965,24,33,1.375,1,2.0315058298189035,21,1966,,4845.978515625,27,61,0.4765625,0.18286641171874862,True
0.55,123,20390,1024,166,21,34,55,0.4296875,0.162109375,8026,0.979736328125,3992,0.4973835036132569,5807.3349609375,66.1826171875,10.491034844658241,0.09597789993640721,0.4873046875,0.18431643984376933,0.1810231437499965,21,29,1.380952380952381,12,2.0493610623903784,7,2242,0.0,5813.011730205279,24,58,0.453125,0.18286641171874862,True
0.55,124,33691,1024,233,30,34,64,0.5,0.2275390625,7959,0.9715576171875,3576,0.449302676215605,3915.9130859375,41.8916015625,12.202473168370735,0.13102793115381717,0.4365234375,0.18431643984376933,0.1810231437499965,30,39,1.3,4,2.2897902097902096,15,1770,,3915.9130859375,33,67,0.5234375,0.18286641171874862,True
0.55,125,33872,1024,214,27,34,61,0.4765625,0.208984375,7978,0.973876953125,4077,0.5110303334168965,2469.8447265625,41.3056640625,14.204107098417548,0.09227619110763241,0.4976806640625,0.18431643984376933,0.1810231437499965,27,36,1.3333333333333333,1,2.0088321884200195,15,1888,,2469.8447265625,30,64,0.5,0.18286641171874862,True
0.55,126,46987,1024,178,23,34,57,0.4453125,0.173828125,8014,0.978271484375,4158,0.518842026453706,4161.162109375,58.8828125,11.938657256239571,0.22513136349439392,0.507568359375,0.18431643984376933,0.1810231437499965,23,32,1.391304347826087,3,1.969689680057734,13,1998,,4161.162109375,26,60,0.46875,0.18286641171874862,True
0.55,127,26772,1024,230,29,34,63,0.4921875,0.224609375,7962,0.971923828125,4081,0.5125596583772921,5592.21484375,63.541015625,10.654965129259306,0.058800651526594375,0.4981689453125,0.18431643984376933,0.1810231437499965,29,38,1.3103448275862069,1,2.0073529411764706,14,2029,,5592.21484375,32,66,0.515625,0.18286641171874862,True
0.55,128,7057,1024,169,22,34,56,0.4375,0.1650390625,8023,0.9793701171875,4091,0.5099090115916739,5111.515625,62.6875,11.045306681738342,0.11080913030058073,0.4993896484375,0.18431643984376933,0.1810231437499965,22,31,1.4090909090909092,1,2.002200488997555,14,2066,,5111.515625,25,59,0.4609375,0.18286641171874862,True
0.55,129,30014,1024,216,27,34,61,0.4765625,0.2109375,7976,0.9736328125,4085,0.5121614844533601,4737.060546875,58.3515625,11.375714251571246,0.07623743437185922,0.4986572265625,0.18431643984376933,0.1810231437499965,27,38,1.4074074074074074,1,2.005386875612145,11,2123,,4737.060546875,31,65,0.5078125,0.18286641171874862,True
0.55,130,48237,1024,134,17,34,51,0.3984375,0.130859375,8058,0.983642578125,3215,0.3989823777612311,724.8583984375,20.8896484375,19.52827185722502,0.18148712126066446,0.3924560546875,0.18431643984376933,0.1810231437499965,17,26,1.5294117647058822,14,2.543559427504667,9,1798,0.0,725.5669599217987,20,54,0.421875,0.18286641171874862,True
0.55,131,4823,1024,199,25,34,59,0.4609375,0.1943359375,7993,0.9757080078125,4115,0.5148254722882523,4638.2080078125,56.5009765625,11.467301395026633,0.10512135925002208,0.5023193359375,0.18431643984376933,0.1810231437499965,25,34,1.36,1,1.9907632474477395,15,1889,,4638.2080078125,28,62,0.484375,0.18286641171874862,True
0.55,132,26627,1024,203,26,34,60,0.46875,0.1982421875,7989,0.9752197265625,3752,0.46964576292402055,2774.4140625,43.169921875,13.699090837847866,0.07033430724878936,0.4580078125,0.18431643984376933,0.1810231437499965,26,35,1.3461538461538463,4,2.1818181818181817,12,1912,,2774.4140625,29,63,0.4921875,0.18286641171874862,True
0.55,133,12293,1024,191,24,34,58,0.453125,0.1865234375,8001,0.9766845703125,3917,0.48956380452443443,1965.07421875,35.193359375,15.197014030089473,0.06352377527150378,0.4781494140625,0.18431643984376933,0.1810231437499965,24,33,1.375,2,2.0903983656792646,13,1838,,1965.07421875,28,62,0.484375,0.18286641171874862,True
0.55,134,32803,1024,151,19,34,53,0.4140625,0.1474609375,8041,0.9815673828125,3268,0.40641711229946526,686.2431640625,21.9560546875,19.766023295660048,0.24169738705189867,0.39892578125,0.18431643984376933,0.1810231437499965,19,28,1.4736842105263157,22,2.5004591368227733,7,1857,0.0,687.5861056751468,22,56,0.4375,0.18286641171874862,True
0.55,135,41882,1024,191,24,34,58,0.453125,0.1865234375,8001,0.9766845703125,4142,0.5176852893388326,6328.3720703125,73.4580078125,10.117883557175285,0.11632661825573944,0.505615234375,0.18431643984376933,0.1810231437499965,24,33,1.375,1,1.9777831441680753,11,2148,,6328.3720703125,27,61,0.4765625,0.18286641171874862,True
0.55,136,10235,1024,159,20,34,54,0.421875,0.1552734375,8033,0.9805908203125,3456,0.43022532055272,2492.3369140625,44.1689453125,14.164736109915282,0.29281513627583433,0.421875,0.18431643984376933,0.1810231437499965,20,29,1.45,1,2.370477568740955,10,1983,,2492.3369140625,23,57,0.4453125,0.18286641171874862,True
0.55,137,30033,1024,178,23,34,57,0.4453125,0.173828125,8014,0.978271484375,4030,0.5028699775393062,12090.6279296875,95.7314453125,7.306315042323952,0.10410021322781539,0.491943359375,0.18431643984376933,0.1810231437499965,23,32,1.391304347826087,1,2.032017870439315,13,2113,,12090.6279296875,26,60,0.46875,0.18286641171874862,True
0.55,138,20042,1024,211,27,34,61,0.4765625,0.2060546875,7981,0.9742431640625,4203,0.5266257361232928,2555.86328125,42.310546875,14.055427421275382,0.08220994714643645,0.5130615234375,0.18431643984376933,0.1810231437499965,27,36,1.3333333333333333,3,1.94859590671109,13,1872,,2555.86328125,30,64,0.5,0.18286641171874862,True
0.55,139,29399,1024,185,24,34,58,0.453125,0.1806640625,8007,0.9774169921875,3802,0.4748345197951792,5003.4306640625,59.8486328125,11.13812475019028,0.08540326534965532,0.464111328125,0.18431643984376933,0.1810231437499965,24,33,1.375,2,2.1541699552749276,12,2065,,5003.4306640625,27,61,0.4765625,0.18286641171874862,True
0.55,140,6463,1024,192,24,34,58,0.453125,0.1875,8000,0.9765625,4360,0.545,5953.13671875,65.076171875,10.383345042666223,0.05921547626664359,0.5322265625,0.18431643984376933,0.1810231437499965,24,33,1.375,5,1.877953659096123,21,1865,,5953.13671875,27,61,0.4765625,0.18286641171874862,True
0.55,141,25920,1024,137,18,34,52,0.40625,0.1337890625,8055,0.9832763671875,3156,0.3918063314711359,1043.634765625,21.373046875,17.94531822954471,0.4819816433980317,0.38525390625,0.18431643984376933,0.1810231437499965,18,27,1.5,38,2.583835182250396,9,1766,0.0,1047.7274509803922,21,55,0.4296875,0.18286641171874862,True
0.55,142,10327,1024,235,30,34,64,0.5,0.2294921875,7957,0.9713134765625,3917,0.4922709563905995,2956.75390625,42.486328125,13.422651816259597,0.05187765866324742,0.4781494140625,0.18431643984376933,0.1810231437499965,30,39,1.3,1,2.0914198161389175,13,1865,,2956.75390625,33,67,0.5234375,0.18286641171874862,True
0.55,143,3805,1024,129,17,34,51,0.3984375,0.1259765625,8063,0.9842529296875,3515,0.43594195708793254,1530.2412109375,29.2626953125,16.28320467094533,0.10248611993998677,0.4290771484375,0.18431643984376933,0.1810231437499965,17,26,1.5294117647058822,22,2.3247011952191237,10,1807,0.0,1533.2358121330724,20,54,0.421875,0.18286641171874862,True
0.55,144,37879,1024,208,26,34,60,0.46875,0.203125,7984,0.974609375,3819,0.47833166332665333,1566.0009765625,31.3623046875,16.182883323186722,0.47586513372999417,0.4661865234375,0.18431643984376933,0.1810231437499965,26,35,1.3461538461538463,6,2.14248297537978,8,1879,,1566.0009765625,29,63,0.4921875,0.18286641171874862,True
0.55,145,22721,1024,170,22,34,56,0.4375,0.166015625,8022,0.979248046875,4216,0.5255547245076041,3871.359375,54.17578125,12.252168724900365,0.14052652308630767,0.5146484375,0.18431643984376933,0.1810231437499965,22,31,1.4090909090909092,1,1.9430604982206405,15,1817,,3871.359375,25,59,0.4609375,0.18286641171874862,True
0.55,146,43932,1024,143,18,34,52,0.40625,0.1396484375,8049,0.9825439453125,4111,0.5107466766057895,4514.3427734375,58.1513671875,11.584858289527794,0.0585761757431262,0.5018310546875,0.18431643984376933,0.1810231437499965,18,27,1.5,1,1.991484184914842,22,1954,,4514.3427734375,21,55,0.4296875,0.18286641171874862,True
0.55,147,47270,1024,203,26,34,60,0.46875,0.1982421875,7989,0.9752197265625,3893,0.48729503066716734,4609.431640625,54.77734375,11.49432982236942,0.05978746893283388,0.4752197265625,0.18431643984376933,0.1810231437499965,26,35,1.3461538461538463,7,2.102517985611511,12,1932,,4609.431640625,29,63,0.4921875,0.18286641171874862,True
0.55,148,11091,1024,213,27,34,61,0.4765625,0.2080078125,7979,0.9739990234375,3865,0.4843965409199148,2740.455078125,40.4375,13.752576734096376,0.1280075942711414,0.4718017578125,0.18431643984376933,0.1810231437499965,27,36,1.3333333333333333,1,2.1193064182194616,16,1839,,2740.455078125,30,64,0.5,0.18286641171874862,True
0.55,149,9736,1024,161,21,34,55,0.4296875,0.1572265625,8031,0.9803466796875,3825,0.4762794172581248,5115.94921875,58.994140625,11.041541358756245,0.03734212065467315,0.4669189453125,0.18431643984376933,0.1810231437499965,21,30,1.4285714285714286,4,2.1409518828451883,12,2067,,5115.94921875,24,58,0.453125,0.18286641171874862,True
0.55,150,23206,1024,193,25,34,59,0.4609375,0.1884765625,7999,0.9764404296875,3623,0.4529316164520565,4540.7919921875,49.1708984375,11.55948752980208,0.1510539550236974,0.4422607421875,0.18431643984376933,0.1810231437499965,25,34,1.36,1,2.259525124240751,9,1972,,4540.7919921875,28,62,0.484375,0.18286641171874862,True
0.55,151,25039,1024,149,19,34,53,0.4140625,0.1455078125,8043,0.9818115234375,3841,0.47755812507770734,2984.4951171875,43.5615234375,13.382094881713815,0.0760881839503142,0.4688720703125,0.18431643984376933,0.1810231437499965,19,27,1.4210526315789473,9,2.13046875,15,1868,0.0,2987.412512218964,22,56,0.4375,0.18286641171874862,True
0.55,152,21014,1024,183,23,34,57,0.4453125,0.1787109375,8009,0.9776611328125,4032,0.503433637158197,8617.78125,86.705078125,8.77684894917331,0.058029455692434916,0.4921875,0.18431643984376933,0.1810231437499965,23,34,1.4782608695652173,1,2.0315058298189035,10,2175,,8617.78125,27,61,0.4765625,0.18286641171874862,True
0.55,153,32412,1024,197,25,34,59,0.4609375,0.1923828125,7995,0.9759521484375,3562,0.44552845528455287,1110.0693359375,27.0283203125,17.67730254806824,0.1264890334180399,0.434814453125,0.18431643984376933,0.1810231437499965,25,34,1.36,2,2.2996349340073015,14,1775,,1110.0693359375,28,62,0.484375,0.18286641171874862,True
0.55,154,34022,1024,215,27,34,61,0.4765625,0.2099609375,7977,0.9737548828125,3190,0.39989971167105426,1474.572265625,24.42578125,16.44414299617183,0.13687837909359588,0.389404296875,0.18431643984376933,0.1810231437499965,27,36,1.3333333333333333,5,2.5666353088742553,16,1524,,1474.572265625,31,65,0.5078125,0.18286641171874862,True
0.55,155,21369,1024,203,26,34,60,0.46875,0.1982421875,7989,0.9752197265625,3843,0.4810364250844912,5537.2685546875,66.9951171875,10.697847737853552,0.10779101295604053,0.4691162109375,0.18431643984376933,0.1810231437499965,26,35,1.3461538461538463,1,2.131181676210307,10,2163,,5537.2685546875,29,63,0.4921875,0.18286641171874862,True
0.55,156,41654,1024,142,18,34,52,0.40625,0.138671875,8050,0.982666015625,3645,0.45279503105590063,2212.1015625,36.931640625,14.682752983524496,0.08278422997855456,0.4449462890625,0.18431643984376933,0.1810231437499965,18,27,1.5,1,2.247530186608123,12,1975,,2212.1015625,21,55,0.4296875,0.18286641171874862,True
0.55,157,11953,1024,168,21,34,55,0.4296875,0.1640625,8024,0.9794921875,4397,0.5479810568295115,6921.2744140625,74.6162109375,9.728942924174277,0.07774890324619639,0.5367431640625,0.18431643984376933,0.1810231437499965,21,30,1.4285714285714286,1,1.8623748862602365,13,2041,,6921.2744140625,25,59,0.4609375,0.18286641171874862,True
0.55,158,13700,1024,196,25,34,59,0.4609375,0.19140625,7996,0.97607421875,4446,0.5560280140070035,4323.912109375,55.361328125,11.772035032465322,0.13478268133209803,0.542724609375,0.18431643984376933,0.1810231437499965,25,34,1.36,2,1.841169853768279,15,1883,,4323.912109375,28,62,0.484375,0.18286641171874862,True
0.55,159,38205,1024,202,26,34,60,0.46875,0.197265625,7990,0.975341796875,3733,0.4672090112640801,3504.736328125,53.66015625,12.684250106187992,0.12147336965229744,0.4556884765625,0.18431643984376933,0.1810231437499965,26,35,1.3461538461538463,1,2.194533762057878,11,2137,,3504.736328125,29,63,0.4921875,0.18286641171874862,True
0.55,160,40129,1024,131,17,34,51,0.3984375,0.1279296875,8061,0.9840087890625,3746,0.4647066120828681,15926.400390625,121.134765625,6.109627311520901,0.15777083975107337,0.457275390625,0.18431643984376933,0.1810231437499965,17,25,1.4705882352941178,1,2.1869158878504673,16,2238,,15926.400390625,20,54,0.421875,0.18286641171874862,True
0.55,161,17080,1024,223,28,34,62,0.484375,0.2177734375,7969,0.9727783203125,3717,0.4664324256493914,5304.8779296875,52.8095703125,10.88404966046776,0.07392908135227873,0.4537353515625,0.18431643984376933,0.1810231437499965,28,37,1.3214285714285714,12,2.2007534983853607,23,1893,0.0,5310.063538611926,31,65,0.5078125,0.18286641171874862,True
0.55,162,1505,1024,185,24,34,58,0.453125,0.1806640625,8007,0.9774169921875,4187,0.5229174472336705,7141.8486328125,75.0810546875,9.592697195240156,0.047879725262239124,0.5111083984375,0.18431643984376933,0.1810231437499965,24,33,1.375,1,1.956043956043956,15,2023,,7141.8486328125,27,61,0.4765625,0.18286641171874862,True
0.55,163,36391,1024,229,29,34,63,0.4921875,0.2236328125,7963,0.9720458984375,3871,0.4861233203566495,2516.056640625,40.779296875,14.123599472926092,0.09474641985908677,0.4725341796875,0.18431643984376933,0.1810231437499965,29,38,1.3103448275862069,1,2.1155038759689924,12,1929,,2516.056640625,32,66,0.515625,0.18286641171874862,True
0.55,164,24660,1024,164,21,34,55,0.4296875,0.16015625,8028,0.97998046875,3777,0.4704783258594918,5315.634765625,56.552734375,10.875252277098685,0.10030765858028544,0.4610595703125,0.18431643984376933,0.1810231437499965,21,30,1.4285714285714286,3,2.168167372881356,11,1870,,5315.634765625,24,58,0.453125,0.18286641171874862,True
0.55,165,24061,1024,183,23,34,57,0.4453125,0.1787109375,8009,0.9776611328125,3917,0.48907479086028216,4481.4560546875,58.8115234375,11.616612187946329,0.08700449119513405,0.4781494140625,0.18431643984376933,0.1810231437499965,23,32,1.391304347826087,1,2.090653728294178,15,2023,,4481.4560546875,26,60,0.46875,0.18286641171874862,True
0.55,166,10964,1024,207,26,34,60,0.46875,0.2021484375,7985,0.9747314453125,4194,0.5252348152786475,5250.826171875,64.798828125,10.92852719622381,0.08320407341829861,0.511962890625,0.18431643984376933,0.1810231437499965,26,35,1.3461538461538463,2,1.9518244693536848,23,2037,,5250.826171875,29,63,0.4921875,0.18286641171874862,True
0.55,167,20807,1024,182,23,34,57,0.4453125,0.177734375,8010,0.977783203125,4173,0.5209737827715356,6726.92578125,66.818359375,9.852637247670007,0.03732070737734582,0.5093994140625,0.18431643984376933,0.1810231437499965,23,32,1.391304347826087,7,1.9616490891658678,13,1983,,6726.92578125,26,60,0.46875,0.18286641171874862,True
0.55,168,33388,1024,206,26,34,60,0.46875,0.201171875,7986,0.974853515625,4057,0.5080140245429502,3457.8779296875,49.7197265625,12.742707031616066,0.03128400826705156,0.4952392578125,0.18431643984376933,0.1810231437499965,26,35,1.3461538461538463,3,2.018491124260355,13,2012,,3457.8779296875,29,63,0.4921875,0.18286641171874862,True
0.55,169,34571,1024,241,31,34,65,0.5078125,0.2353515625,7951,0.9705810546875,4166,0.5239592504087536,9110.5234375,86.89453125,8.535370311520653,0.020806612834150435,0.508544921875,0.18431643984376933,0.1810231437499965,31,40,1.2903225806451613,1,1.9663865546218486,12,2059,,9110.5234375,34,68,0.53125,0.18286641171874862,True
0.55,170,21194,1024,228,29,34,63,0.4921875,0.22265625,7964,0.97216796875,3632,0.45605223505775994,2990.46875,43.09375,13.373410924155444,0.14181369338119798,0.443359375,0.18431643984376933,0.1810231437499965,29,40,1.3793103448275863,2,2.2553015698154777,10,1914,,2990.46875,32,66,0.515625,0.18286641171874862,True
0.55,171,32696,1024,161,21,34,55,0.4296875,0.1572265625,8031,0.9803466796875,3485,0.43394346905740255,2133.875,35.63671875,14.839113855171524,0.2367432449642139,0.4254150390625,0.18431643984376933,0.1810231437499965,21,30,1.4285714285714286,1,2.3501722158438576,8,1828,,2133.875,24,58,0.453125,0.18286641171874862,True
0.55,172,46005,1024,184,23,34,57,0.4453125,0.1796875,8008,0.9775390625,4900,0.6118881118881119,2562.6982421875,43.6181640625,14.043828898643966,0.3116903778788817,0.59814453125,0.18431643984376933,0.1810231437499965,23,32,1.391304347826087,4,1.6707491324760155,29,1530,,2562.6982421875,27,61,0.4765625,0.18286641171874862,True
0.55,173,19269,1024,190,24,34,58,0.453125,0.185546875,8002,0.976806640625,3278,0.40964758810297425,3608.9248046875,52.9970703125,12.557025276445072,0.3466010644615702,0.400146484375,0.18431643984376933,0.1810231437499965,24,33,1.375,1,2.4992371071101616,7,2257,,3608.9248046875,27,61,0.4765625,0.18286641171874862,True
0.55,174,5503,1024,157,20,34,54,0.421875,0.1533203125,8035,0.9808349609375,3701,0.46060983198506533,3895.6748046875,44.4912109375,12.224976643102735,0.08403405071280276,0.4517822265625,0.18431643984376933,0.1810231437499965,20,29,1.45,9,2.21,10,1938,0.0,3899.4828934506354,23,57,0.4453125,0.18286641171874862,True
0.55,175,32979,1024,201,26,34,60,0.46875,0.1962890625,7991,0.9754638671875,4230,0.5293455137029158,4035.875,55.21875,12.071426541580724,0.059871425108313496,0.516357421875,0.18431643984376933,0.1810231437499965,26,35,1.3461538461538463,1,1.9359186568928826,16,2028,,4035.875,29,63,0.4921875,0.18286641171874862,True
0.55,176,32764,1024,221,28,34,62,0.484375,0.2158203125,7971,0.9730224609375,4020,0.5043281896876176,2207.9541015625,38.1357421875,14.690903197298246,0.07836882591589527,0.49072265625,0.18431643984376933,0.1810231437499965,28,37,1.3214285714285714,4,2.0365762627519284,16,1870,,2207.9541015625,31,65,0.5078125,0.18286641171874862,True
0.55,177,36396,1024,182,23,34,57,0.4453125,0.177734375,8010,0.977783203125,4253,0.5309612983770288,3655.7333984375,57.1376953125,12.501058444322739,0.25813835993775247,0.5191650390625,0.18431643984376933,0.1810231437499965,23,32,1.391304347826087,1,1.925917215428034,14,1909,,3655.7333984375,26,60,0.46875,0.18286641171874862,True
0.55,178,16139,1024,195,25,34,59,0.4609375,0.1904296875,7997,0.9761962890625,3371,0.42153307490308867,1309.4208984375,29.9404296875,16.960010928601676,0.5468545521166651,0.4114990234375,0.18431643984376933,0.1810231437499965,25,34,1.36,3,2.429673590504451,10,2137,,1309.4208984375,28,62,0.484375,0.18286641171874862,True
0.55,179,32110,1024,224,28,34,62,0.484375,0.21875,7968,0.97265625,4238,0.5318775100401606,7373.12890625,77.43359375,9.454285340197867,0.051137010210017576,0.517333984375,0.18431643984376933,0.1810231437499965,28,39,1.3928571428571428,1,1.93297144205806,12,1919,,7373.12890625,32,66,0.515625,0.18286641171874862,True
0.55,180,37930,1024,160,20,34,54,0.421875,0.15625,8032,0.98046875,3817,0.47522410358565736,2787.0908203125,46.5244140625,13.679292399773853,0.1236942095507338,0.4659423828125,0.18431643984376933,0.1810231437499965,20,29,1.45,2,2.1459643605870022,13,2061,,2787.0908203125,23,57,0.4453125,0.18286641171874862,True
0.55,181,5624,1024,208,26,34,60,0.46875,0.203125,7984,0.974609375,4375,0.5479709418837675,1879.84765625,37.306640625,15.38957705609979,0.1261045519654489,0.5340576171875,0.18431643984376933,0.1810231437499965,26,35,1.3461538461538463,2,1.8721993598536808,19,1756,,1879.84765625,30,64,0.5,0.18286641171874862,True
0.55,182,37946,1024,215,27,34,61,0.4765625,0.2099609375,7977,0.9737548828125,3951,0.4952989845806694,3905.4169921875,53.5712890625,12.21412949354323,0.11789830064750059,0.4822998046875,0.18431643984376933,0.1810231437499965,27,36,1.3333333333333333,1,2.073164556962025,12,2077,,3905.4169921875,30,64,0.5,0.18286641171874862,True
0.55,183,6616,1024,129,17,34,51,0.3984375,0.1259765625,8063,0.9842529296875,4022,0.49882177849435694,3748.3818359375,51.9384765625,12.392365361777545,0.047834761560923436,0.490966796875,0.18431643984376933,0.1810231437499965,17,26,1.5294117647058822,11,2.0340711265854265,9,2043,0.0,3752.045943304008,20,54,0.421875,0.18286641171874862,True
0.55,184,11706,1024,226,29,34,63,0.4921875,0.220703125,7966,0.972412109375,3802,0.4772784333417022,4884.87109375,56.994140625,11.242272532044632,0.05854194632897886,0.464111328125,0.1893256187499901,0.18140216874996895,29,40,1.3793103448275863,1,2.154696132596685,15,2029,,4884.87109375,32,66,0.515625,0.191073700000004,True
0.55,185,10558,1024,198,25,34,59,0.4609375,0.193359375,7994,0.975830078125,3979,0.49774831123342506,6629.5830078125,70.3955078125,9.915941481646914,0.10050942452417343,0.4857177734375,0.1893256187499901,0.18140216874996895,25,36,1.44,1,2.0588235294117645,11,2156,,6629.5830078125,28,62,0.484375,0.191073700000004,True
0.55,186,18351,1024,197,25,34,59,0.4609375,0.1923828125,7995,0.9759521484375,3995,0.4996873045653533,5128.2109375,62.720703125,11.031144802564892,0.04075896653313676,0.4876708984375,0.1893256187499901,0.18140216874996895,25,36,1.44,1,2.0505758637956935,17,2086,,5128.2109375,28,62,0.484375,0.191073700000004,True
0.55,187,15023,1024,188,24,34,58,0.453125,0.18359375,8004,0.97705078125,4367,0.5456021989005497,3751.384765625,51.9296875,12.388887504580632,0.12139868385081047,0.5330810546875,0.1893256187499901,0.18140216874996895,24,33,1.375,1,1.875858909757215,20,1899,,3751.384765625,27,61,0.4765625,0.191073700000004,True
0.55,188,9490,1024,210,27,34,61,0.4765625,0.205078125,7982,0.974365234375,3918,0.49085442245051364,3521.681640625,51.041015625,12.663302676037883,0.13636657101461347,0.478271484375,0.1893256187499901,0.18140216874996895,27,36,1.3333333333333333,1,2.090375287209599,13,1994,,3521.681640625,30,64,0.5,0.191073700000004,True
0.55,189,6355,1024,211,27,34,61,0.4765625,0.2060546875,7981,0.9742431640625,3958,0.4959278285929082,1666.1513671875,36.3447265625,15.913659070455877,0.32584563005027,0.483154296875,0.1893256187499901,0.18140216874996895,27,36,1.3333333333333333,8,2.0679807935304524,10,2022,0.0,1667.7800586510264,30,64,0.5,0.191073700000004,True
0.55,190,8857,1024,208,26,34,60,0.46875,0.203125,7984,0.974609375,3479,0.43574649298597196,843.81640625,22.5,18.868323957896038,0.35183936248106856,0.4246826171875,0.1893256187499901,0.18140216874996895,26,35,1.3461538461538463,3,2.3542265669925246,10,1752,,843.81640625,30,64,0.5,0.191073700000004,True
0.55,191,31811,1024,201,26,34,60,0.46875,0.1962890625,7991,0.9754638671875,4395,0.5499937429608309,7162.7216796875,77.5869140625,9.58002284667303,0.1831503262533516,0.5364990234375,0.1893256187499901,0.18140216874996895,26,35,1.3461538461538463,1,1.8634501593081474,15,2121,,7162.7216796875,29,63,0.4921875,0.191073700000004,True
0.55,192,10400,1024,208,26,34,60,0.46875,0.203125,7984,0.974609375,3925,0.49160821643286573,2112.525390625,37.611328125,14.8827842339195,0.1339893190364732,0.4791259765625,0.1893256187499901,0.18140216874996895,26,37,1.4230769230769231,18,2.0825688073394497,16,1864,0.0,2116.6594911937377,30,64,0.5,0.191073700000004,True
0.55,193,275,1024,177,23,34,57,0.4453125,0.1728515625,8015,0.9783935546875,4450,0.5552089831565814,10246.291015625,89.451171875,8.025136743007238,0.05279810164207409,0.543212890625,0.1893256187499901,0.18140216874996895,23,32,1.391304347826087,1,1.8408631153068105,14,1980,,10246.291015625,26,60,0.46875,0.191073700000004,True
0.55,194,26152,1024,182,23,34,57,0.4453125,0.177734375,8010,0.977783203125,4275,0.5337078651685393,5887.0615234375,68.1572265625,10.43181786385825,0.04969866248970113,0.5218505859375,0.1893256187499901,0.18140216874996895,23,32,1.391304347826087,1,1.9162377164248947,25,2027,,5887.0615234375,26,60,0.46875,0.191073700000004,True
0.55,195,13037,1024,160,20,34,54,0.421875,0.15625,8032,0.98046875,4101,0.5105826693227091,9265.4677734375,84.4677734375,8.462130110074375,0.011170366869088108,0.5006103515625,0.1893256187499901,0.18140216874996895,20,31,1.55,1,1.9970731707317073,9,2045,,9265.4677734375,23,57,0.4453125,0.191073700000004,True
0.55,196,41203,1024,134,17,34,51,0.3984375,0.130859375,8058,0.983642578125,3583,0.4446512782328121,1600.43359375,31.779296875,16.08842702048023,0.08686562560036969,0.4373779296875,0.1893256187499901,0.18140216874996895,17,25,1.4705882352941178,10,2.283640424343942,11,1792,0.0,1601.998044965787,20,54,0.421875,0.191073700000004,True
0.55,197,43709,1024,221,28,34,62,0.484375,0.2158203125,7971,0.9730224609375,3924,0.49228453142642076,3019.0791015625,47.4677734375,13.33205868937207,0.3718106915333475,0.47900390625,0.1893256187499901,0.18140216874996895,28,37,1.3214285714285714,2,2.087433086923273,15,2073,,3019.0791015625,31,65,0.5078125,0.191073700000004,True
0.55,198,43572,1024,188,24,34,58,0.453125,0.18359375,8004,0.97705078125,3526,0.44052973513243376,3654.2978515625,43.3818359375,12.502764182842913,0.1272546192558183,0.430419921875,0.1893256187499901,0.18140216874996895,24,33,1.375,1,2.323404255319149,15,1805,,3654.2978515625,27,61,0.4765625,0.191073700000004,True
0.55,199,23390,1024,210,27,34,61,0.4765625,0.205078125,7982,0.974365234375,4594,0.575544976196442,3516.7421875,48.158203125,12.669398295285482,0.08677707804900117,0.560791015625,0.1893256187499901,0.18140216874996895,27,36,1.3333333333333333,4,1.7820596559982582,16,1815,,3516.7421875,30,64,0.5,0.191073700000004,True
0.6,0,712,1024,235,30,34,64,0.5,0.2294921875,7957,0.9713134765625,3925,0.49327636043735074,6738.3544921875,69.8876953125,9.845265062039276,0.15965190425449208,0.4791259765625,0.1893256187499901,0.18140216874996895,30,39,1.3,20,2.081804281345566,14,1895,0.0,6751.541095890411,33,67,0.5234375,0.191073700000004,True
0.6,1,24774,1024,397,50,34,84,0.65625,0.3876953125,7795,0.9515380859375,4196,0.5382937780628608,6385.1826171875,65.6357421875,10.079070382030594,0.03669052925197203,0.51220703125,0.1893256187499901,0.18140216874996895,50,61,1.22,62,1.9373063170441,15,1948,0.0,6429.131760078662,53,87,0.6796875,0.191073700000004,True
0.6,2,45142,1024,299,38,34,72,0.5625,0.2919921875,7893,0.9635009765625,4268,0.5407322944381098,10755.298828125,92.291015625,7.8145787942171445,0.0252006596758236,0.52099609375,0.1893256187499901,0.18140216874996895,38,47,1.236842105263158,12,1.9163346613545817,20,2051,0.0,10765.812316715543,40,74,0.578125,0.191073700000004,True
0.6,3,27119,1024,214,27,34,61,0.4765625,0.208984375,7978,0.973876953125,3376,0.4231637001754826,9646.3408203125,72.0068359375,8.287177587074888,0.07121536136490055,0.412109375,0.1893256187499901,0.18140216874996895,27,38,1.4074074074074074,1,2.4260740740740743,16,2045,,9646.3408203125,30,64,0.5,0.191073700000004,True
0.6,4,21139,1024,291,37,34,71,0.5546875,0.2841796875,7901,0.9644775390625,3545,0.4486773826097962,1552.173828125,31.376953125,16.221400045332942,0.18157058517034888,0.4327392578125,0.1893256187499901,0.18140216874996895,37,46,1.2432432432432432,20,2.30558690744921,14,1860,0.0,1555.2113502935422,40,74,0.578125,0.191073700000004,True
0.6,5,19129,1024,238,30,34,64,0.5,0.232421875,7954,0.970947265625,4228,0.5315564495851144,8274.08984375,79.404296875,8.953601285200417,0.060288715907336934,0.51611328125,0.1893256187499901,0.18140216874996895,30,41,1.3666666666666667,10,1.9349420392713508,15,1963,0.0,8282.177908113392,33,67,0.5234375,0.191073700000004,True
0.6,6,6433,1024,314,40,34,74,0.578125,0.306640625,7878,0.961669921875,3076,0.3904544300583905,711.5654296875,18.9833984375,19.608655204732507,0.16676496167182708,0.37548828125,0.1893256187499901,0.18140216874996895,40,49,1.225,21,2.654308943089431,11,1650,0.0,712.9579256360079,43,77,0.6015625,0.191073700000004,True
0.6,7,38854,1024,384,48,34,82,0.640625,0.375,7808,0.953125,3756,0.48104508196721313,4328.7607421875,51.9248046875,11.767167785704068,0.06729392141707323,0.45849609375,0.1893256187499901,0.18140216874996895,48,59,1.2291666666666667,14,2.1762982689747004,15,1951,0.0,4332.992179863148,51,85,0.6640625,0.191073700000004,True
0.6,8,22489,1024,332,42,34,76,0.59375,0.32421875,7860,0.95947265625,3742,0.4760814249363868,3311.03515625,46.716796875,12.93116568794694,0.12433790566136303,0.456787109375,0.1893256187499901,0.18140216874996895,42,51,1.2142857142857142,13,2.185244587008821,9,2156,0.0,3314.271749755621,45,79,0.6171875,0.191073700000004,True
0.6,9,31104,1024,262,33,34,67,0.5234375,0.255859375,7930,0.968017578125,3762,0.47440100882723835,6757.7470703125,65.0009765625,9.832784279456396,0.056187877424621474,0.459228515625,0.1893256187499901,0.18140216874996895,33,42,1.2727272727272727,1,2.1773464504121245,12,2124,,6757.7470703125,36,70,0.546875,0.191073700000004,True
0.6,10,21349,1024,400,50,34,84,0.65625,0.390625,7792,0.951171875,3968,0.5092402464065708,4758.3125,55.568359375,11.356274001383063,0.16411855116068588,0.484375,0.1893256187499901,0.18140216874996895,50,61,1.22,19,2.0594907990925133,15,1777,0.0,4767.624266144814,54,88,0.6875,0.191073700000004,True
0.6,11,29116,1024,385,49,34,83,0.6484375,0.3759765625,7807,0.9530029296875,3922,0.5023696682464455,4352.40625,56.62109375,11.743509355980528,0.12038050175127946,0.478759765625,0.1893256187499901,0.18140216874996895,49,60,1.2244897959183674,1,2.088497832185667,16,1981,,4352.40625,52,86,0.671875,0.191073700000004,True
0.6,12,10772,1024,205,26,34,60,0.46875,0.2001953125,7987,0.9749755859375,4154,0.5200951546262677,15709.4169921875,108.0419921875,6.169202930637194,0.022619401230580625,0.507080078125,0.1893256187499901,0.18140216874996895,26,35,1.3461538461538463,9,1.969419696604864,13,2088,0.0,15724.77321603128,30,64,0.5,0.191073700000004,True
0.6,13,18332,1024,405,51,34,85,0.6640625,0.3955078125,7787,0.9505615234375,4028,0.5172723770386541,2961.28515625,47.3203125,13.416001311810746,0.08025293843422923,0.49169921875,0.1893256187499901,0.18140216874996895,51,62,1.2156862745098038,8,2.031537124410231,12,1955,0.0,2964.179863147605,54,88,0.6875,0.191073700000004,True
0.6,14,1003,1024,338,43,34,77,0.6015625,0.330078125,7854,0.958740234375,4025,0.5124777183600713,3019.62890625,43.087890625,13.331267867420564,0.07523855862076403,0.4913330078125,0.1893256187499901,0.18140216874996895,43,54,1.255813953488372,1,2.034045725646123,13,1827,,3019.62890625,46,80,0.625,0.191073700000004,True
0.6,15,22156,1024,202,26,34,60,0.46875,0.197265625,7990,0.975341796875,4239,0.5305381727158949,11229.0224609375,93.8232421875,7.627384103321198,0.0441219651618681,0.5174560546875,0.1893256187499901,0.18140216874996895,26,35,1.3461538461538463,17,1.9280320906087778,14,1978,0.0,11250.997064579256,29,63,0.4921875,0.191073700000004,True
0.6,16,26453,1024,179,23,34,57,0.4453125,0.1748046875,8013,0.9781494140625,3023,0.377261949332335,2654.6923828125,33.3232421875,13.890661571781564,0.11709106472506806,0.3690185546875,0.1893256187499901,0.18140216874996895,23,32,1.391304347826087,12,2.7054930509596296,8,1813,0.0,2657.2873900293257,26,60,0.46875,0.191073700000004,True
0.6,17,17039,1024,254,32,34,66,0.515625,0.248046875,7938,0.968994140625,3532,0.4449483497102545,563.9580078125,18.0419921875,20.61833593150983,0.2824531469888298,0.43115234375,0.1893256187499901,0.18140216874996895,32,43,1.34375,4,2.318606627017842,7,1747,,563.9580078125,35,69,0.5390625,0.191073700000004,True
0.6,18,7166,1024,416,52,34,86,0.671875,0.40625,7776,0.94921875,4124,0.5303497942386831,3906.4267578125,50.1455078125,12.21300674799063,0.14253457036458242,0.50341796875,0.1893256187499901,0.18140216874996895,52,63,1.2115384615384615,1,1.9864176570458405,13,1865,,3906.4267578125,56,90,0.703125,0.191073700000004,True
0.6,19,48310,1024,211,27,34,61,0.4765625,0.2060546875,7981,0.9742431640625,3828,0.4796391429645408,6486.818359375,62.326171875,10.010486236630687,0.08060277607922602,0.46728515625,0.1893256187499901,0.18140216874996895,27,36,1.3333333333333333,1,2.1397961850013063,9,1929,,6486.818359375,30,64,0.5,0.191073700000004,True
0.6,20,12187,1024,382,48,34,82,0.640625,0.373046875,7810,0.953369140625,3753,0.4805377720870679,1720.49609375,31.552734375,15.774266699410372,0.2191317584751339,0.4581298828125,0.1893256187499901,0.18140216874996895,48,59,1.2291666666666667,3,2.181503198294243,22,1766,,1720.49609375,51,85,0.6640625,0.191073700000004,True
0.6,21,20284,1024,401,51,34,85,0.6640625,0.3916015625,7791,0.9510498046875,2890,0.37094082916185345,750.28515625,18.20703125,19.37854006477568,0.23813776752201174,0.352783203125,0.1893256187499901,0.18140216874996895,51,62,1.2156862745098038,3,2.833852544132918,12,1691,,750.28515625,54,88,0.6875,0.191073700000004,True
0.6,22,1052,1024,343,43,34,77,0.6015625,0.3349609375,7849,0.9581298828125,3599,0.45852974901261306,3712.8955078125,48.4013671875,12.433676338391654,0.05204288488215019,0.4393310546875,0.1893256187499901,0.18140216874996895,43,54,1.255813953488372,13,2.272373540856031,7,2100,0.0,3716.524926686217,46,80,0.625,0.191073700000004,True
0.6,23,13752,1024,455,57,34,91,0.7109375,0.4443359375,7737,0.9444580078125,3132,0.40480806514152773,896.794921875,26.73828125,18.603872204780387,0.3868821989810501,0.38232421875,0.1893256187499901,0.18140216874996895,57,68,1.1929824561403508,3,2.6151389332481636,14,1863,,896.794921875,61,95,0.7421875,0.191073700000004,True
0.6,24,37139,1024,244,31,34,65,0.5078125,0.23828125,7948,0.97021484375,4034,0.5075490689481631,9141.7900390625,80.2763671875,8.520491183101019,0.05545045362843558,0.492431640625,0.1893256187499901,0.18140216874996895,31,42,1.3548387096774193,1,2.0304983882965533,15,2026,,9141.7900390625,34,68,0.53125,0.191073700000004,True
0.6,25,29727,1024,330,42,34,76,0.59375,0.322265625,7862,0.959716796875,3925,0.4992368354108369,4280.390625,53.0390625,11.815969566816387,0.08715295383431504,0.4791259765625,0.1893256187499901,0.18140216874996895,42,53,1.2619047619047619,11,2.083078491335372,22,1886,0.0,4284.574780058651,45,79,0.6171875,0.191073700000004,True
0.6,26,41854,1024,319,40,34,74,0.578125,0.3115234375,7873,0.9610595703125,3040,0.38612981074558617,786.955078125,21.984375,19.171304186984845,0.2575960406632632,0.37109375,0.1893256187499901,0.18140216874996895,40,51,1.275,12,2.690029615004936,8,1757,0.0,787.7243401759531,44,78,0.609375,0.191073700000004,True
0.6,27,40333,1024,334,42,34,76,0.59375,0.326171875,7858,0.959228515625,4327,0.5506490201068974,6014.0537109375,70.9873046875,10.339130584436823,0.06159399490840893,0.5281982421875,0.1893256187499901,0.18140216874996895,42,53,1.2619047619047619,8,1.8913546000924641,20,1908,0.0,6019.932551319648,46,80,0.625,0.191073700000004,True
0.6,28,33248,1024,68,9,34,43,0.3359375,0.06640625,8124,0.99169921875,3445,0.4240521910388971,10003.541015625,81.6484375,8.129266037344976,0.1720937920610103,0.4205322265625,0.1893256187499901,0.18140216874996895,9,14,1.5555555555555556,1,2.3780487804878048,8,1962,,10003.541015625,12,46,0.359375,0.191073700000004,True
0.6,29,9680,1024,185,24,34,58,0.453125,0.1806640625,8007,0.9774169921875,3470,0.43337080054951915,10255.6513671875,72.5400390625,8.021171119420147,0.03240379389071693,0.423583984375,0.1893256187499901,0.18140216874996895,24,33,1.375,13,2.3571634476794467,7,1955,0.0,10265.676441837732,27,61,0.4765625,0.191073700000004,True
0.6,30,16805,1024,366,46,34,80,0.625,0.357421875,7826,0.955322265625,3368,0.4303603373370815,2013.3798828125,35.0029296875,15.09154635932549,0.14306251704874243,0.4111328125,0.1893256187499901,0.18140216874996895,46,57,1.2391304347826086,3,2.4318384318384316,11,1909,,2013.3798828125,50,84,0.65625,0.191073700000004,True
0.6,31,14652,1024,502,63,34,97,0.7578125,0.490234375,7690,0.938720703125,4041,0.5254876462938881,1624.3740234375,35.2626953125,16.02394325117602,0.26191738824472444,0.4932861328125,0.1893256187499901,0.18140216874996895,63,74,1.1746031746031746,20,2.021782178217822,10,1777,0.0,1627.5528375733854,66,100,0.78125,0.191073700000004,True
0.6,32,15793,1024,173,22,34,56,0.4375,0.1689453125,8019,0.9788818359375,2858,0.3564035415887268,3175.9130859375,32.7529296875,13.112117521299279,0.3795834494762353,0.348876953125,0.1893256187499901,0.18140216874996895,22,31,1.4090909090909092,13,2.8624431221561077,7,1631,0.0,3179.017595307918,26,60,0.46875,0.191073700000004,True
0.6,33,30210,1024,255,32,34,66,0.515625,0.2490234375,7937,0.9688720703125,3635,0.4579816051404813,4801.0693359375,57.0107421875,11.3174238287258,0.2736305374727422,0.4437255859375,0.1893256187499901,0.18140216874996895,32,43,1.34375,1,2.2528893780957624,7,2377,,4801.0693359375,35,69,0.5390625,0.191073700000004,True
0.6,34,47426,1024,252,32,34,66,0.515625,0.24609375,7940,0.96923828125,4444,0.5596977329974812,24266.82421875,145.935546875,4.280674166133426,0.033081324436016586,0.54248046875,0.1893256187499901,0.18140216874996895,32,41,1.28125,9,1.8413234301147874,12,2073,0.0,24290.545454545456,35,69,0.5390625,0.191073700000004,True
0.6,35,20875,1024,323,41,34,75,0.5859375,0.3154296875,7869,0.9605712890625,3516,0.44681662218833396,2441.4326171875,37.7958984375,14.254356184806081,0.07268670162249162,0.42919921875,0.1893256187499901,0.18140216874996895,41,52,1.2682926829268293,11,2.3266002844950213,13,1898,0.0,2443.8191593352885,44,78,0.609375,0.191073700000004,True
0.6,36,4161,1024,176,22,34,56,0.4375,0.171875,8016,0.978515625,3738,0.4663173652694611,13153.9853515625,94.3837890625,6.94023006980002,0.030528604726852045,0.456298828125,0.1893256187499901,0.18140216874996895,22,31,1.4090909090909092,13,2.1881188118811883,13,2032,0.0,13166.843597262952,26,60,0.46875,0.191073700000004,True
0.6,37,40340,1024,228,29,34,63,0.4921875,0.22265625,7964,0.97216796875,3919,0.4920894023103968,5235.4287109375,59.3310546875,10.941281105414566,0.15492781127910585,0.4783935546875,0.1893256187499901,0.18140216874996895,29,38,1.3103448275862069,12,2.087034201123022,12,1953,0.0,5240.5464320625615,32,66,0.515625,0.191073700000004,True
0.6,38,28286,1024,191,24,34,58,0.453125,0.1865234375,8001,0.9766845703125,3694,0.461692288463942,9371.9921875,77.123046875,8.412484429710533,0.10570379938820007,0.450927734375,0.1893256187499901,0.18140216874996895,24,33,1.375,22,2.2114811806119685,8,2169,0.0,9390.332681017613,28,62,0.484375,0.191073700000004,True
0.6,39,13256,1024,280,35,34,69,0.5390625,0.2734375,7912,0.9658203125,3588,0.45348837209302323,4587.556640625,52.73828125,11.514989215240517,0.08979376309627264,0.43798828125,0.1893256187499901,0.18140216874996895,35,44,1.2571428571428571,19,2.277669361583496,13,1825,0.0,4596.534246575343,39,73,0.5703125,0.191073700000004,True
0.6,40,48934,1024,190,24,34,58,0.453125,0.185546875,8002,0.976806640625,3647,0.45576105973506625,10807.9443359375,78.4404296875,7.7933726159130075,0.008745819398565887,0.4451904296875,0.1893256187499901,0.18140216874996895,24,33,1.375,12,2.243280307185957,14,2003,0.0,10818.509286412513,28,62,0.484375,0.191073700000004,True
0.6,41,11935,1024,288,36,34,70,0.546875,0.28125,7904,0.96484375,4384,0.5546558704453441,4802.09765625,62.189453125,11.316493731728803,0.09882973666179706,0.53515625,0.1893256187499901,0.18140216874996895,36,45,1.25,18,1.863563769107917,12,1977,0.0,4811.495107632094,39,73,0.5703125,0.191073700000004,True
0.6,42,48447,1024,350,44,34,78,0.609375,0.341796875,7842,0.957275390625,3983,0.5079061463912268,3184.26171875,47.716796875,13.100716050881614,0.1519377798581031,0.4862060546875,0.1893256187499901,0.18140216874996895,44,55,1.25,19,2.051732797589151,16,1790,0.0,3190.4931506849316,47,81,0.6328125,0.191073700000004,True
0.6,43,15492,1024,282,36,34,70,0.546875,0.275390625,7910,0.965576171875,3842,0.4857142857142857,3606.7607421875,49.8251953125,12.55963026920513,0.07352963398810075,0.468994140625,0.1893256187499901,0.18140216874996895,36,45,1.25,4,2.1314761780786253,11,1941,,3606.7607421875,39,73,0.5703125,0.191073700000004,True
0.6,44,32513,1024,520,65,34,99,0.7734375,0.5078125,7672,0.9365234375,4268,0.5563086548488009,4505.921875,59.669921875,11.592967033404033,0.18489882522936316,0.52099609375,0.1893256187499901,0.18140216874996895,65,76,1.1692307692307693,10,1.9168033747363487,12,1939,0.0,4510.326490713587,69,103,0.8046875,0.191073700000004,True
0.6,45,36099,1024,289,37,34,71,0.5546875,0.2822265625,7903,0.9647216796875,3792,0.4798177907123877,14224.2646484375,105.3642578125,6.6005053693476725,0.13333390626144564,0.462890625,0.1893256187499901,0.18140216874996895,37,48,1.2972972972972974,1,2.159324716433659,14,2004,,14224.2646484375,41,75,0.5859375,0.191073700000004,True
0.6,46,39260,1024,455,57,34,91,0.7109375,0.4443359375,7737,0.9444580078125,3739,0.48326224634871395,2950.9453125,46.744140625,13.431191997242884,0.20080171026011187,0.4564208984375,0.1893256187499901,0.18140216874996895,57,68,1.1929824561403508,11,2.1883360085607277,12,1891,0.0,2953.8299120234606,60,94,0.734375,0.191073700000004,True
0.6,47,46517,1024,512,64,34,98,0.765625,0.5,7680,0.9375,3477,0.452734375,3907.0380859375,49.7724609375,12.21232716105405,0.10736595052369773,0.4244384765625,0.1893256187499901,0.18140216874996895,64,75,1.171875,21,2.3498273878020712,8,1949,0.0,3914.683953033268,69,103,0.8046875,0.191073700000004,True
0.6,48,33095,1024,377,48,34,82,0.640625,0.3681640625,7815,0.9539794921875,3819,0.4886756238003839,3775.2265625,48.91796875,12.361373408256133,0.10653220207439322,0.4661865234375,0.1893256187499901,0.18140216874996895,48,59,1.2291666666666667,12,2.142221058145626,14,1859,0.0,3778.9169110459434,52,86,0.671875,0.191073700000004,True
0.6,49,3,1024,173,22,34,56,0.4375,0.1689453125,8019,0.9788818359375,3680,0.45891008853971815,5499.3251953125,66.5830078125,10.727709589976449,0.07456032708721819,0.44921875,0.1893256187499901,0.18140216874996895,22,31,1.4090909090909092,10,2.2228866539820604,7,2306,0.0,5504.700879765396,26,60,0.46875,0.191073700000004,True
0.6,50,21683,1024,172,22,34,56,0.4375,0.16796875,8020,0.97900390625,3617,0.450997506234414,7671.275390625,72.3125,9.282127871322093,0.045965057089361314,0.4415283203125,0.1893256187499901,0.18140216874996895,22,31,1.4090909090909092,10,2.2616150442477876,7,2147,0.0,7678.774193548387,25,59,0.4609375,0.191073700000004,True
0.6,51,13446,1024,240,30,34,64,0.5,0.234375,7952,0.970703125,4003,0.5033953722334004,5820.361328125,61.345703125,10.481304143726856,0.04056710788147267,0.4886474609375,0.1893256187499901,0.18140216874996895,30,39,1.3,12,2.043728135932034,11,2124,0.0,5826.0508308895405,34,68,0.53125,0.191073700000004,True
0.6,52,49515,1024,357,45,34,79,0.6171875,0.3486328125,7835,0.9564208984375,3294,0.4204211869814933,2017.158203125,37.021484375,15.083404001614184,0.18809934370806988,0.402099609375,0.1893256187499901,0.18140216874996895,45,56,1.2444444444444445,1,2.4864864864864864,11,1882,,2017.158203125,49,83,0.6484375,0.191073700000004,True
0.6,53,27943,1024,439,55,34,89,0.6953125,0.4287109375,7753,0.9464111328125,3874,0.49967754417644783,5482.59375,64.423828125,10.740942942056147,0.0879751094650483,0.472900390625,0.1893256187499901,0.18140216874996895,55,66,1.2,11,2.1117996385231086,10,2093,0.0,5487.953079178886,58,92,0.71875,0.191073700000004,True
0.6,54,29059,1024,390,49,34,83,0.6484375,0.380859375,7802,0.952392578125,3967,0.5084593693924635,5875.53125,66.5859375,10.440332203900603,0.08779845950988835,0.4842529296875,0.1893256187499901,0.18140216874996895,49,60,1.2244897959183674,9,2.062783661119516,9,2151,0.0,5881.27468230694,52,86,0.671875,0.191073700000004,True
0.6,55,32738,1024,386,49,34,83,0.6484375,0.376953125,7806,0.952880859375,3226,0.4132718421726877,2620.68359375,33.45703125,13.94665770971801,0.41816921685099934,0.393798828125,0.1893256187499901,0.18140216874996895,49,60,1.2244897959183674,62,2.52,22,1518,0.0,2638.721730580138,52,86,0.671875,0.191073700000004,True
0.6,56,445,1024,267,34,34,68,0.53125,0.2607421875,7925,0.9674072265625,3671,0.46321766561514194,7130.20703125,65.126953125,9.599782207461846,0.053006471632834756,0.4481201171875,0.1893256187499901,0.18140216874996895,34,43,1.2647058823529411,28,2.219891008174387,8,2007,0.0,7151.157688540647,37,71,0.5546875,0.191073700000004,True
0.6,57,32216,1024,171,22,34,56,0.4375,0.1669921875,8021,0.9791259765625,3764,0.46926817105099117,15011.013671875,103.5859375,6.366703403609942,0.05208985957556883,0.45947265625,0.1893256187499901,0.18140216874996895,22,33,1.5,15,2.1719372840818494,8,2073,0.0,15025.687194525904,25,59,0.4609375,0.191073700000004,True
0.6,58,18250,1024,404,51,34,85,0.6640625,0.39453125,7788,0.95068359375,3863,0.4960195172059579,1554.302734375,30.82421875,16.215447498368526,0.08212765966093342,0.4715576171875,0.1893256187499901,0.18140216874996895,51,62,1.2156862745098038,3,2.1196271361988606,12,1758,,1554.302734375,54,88,0.6875,0.191073700000004,True
0.6,59,1684,1024,290,37,34,71,0.5546875,0.283203125,7902,0.964599609375,4192,0.5304986079473551,7466.8603515625,72.7626953125,9.39942331826108,0.052387907332086855,0.51171875,0.1893256187499901,0.18140216874996895,37,48,1.2972972972972974,12,1.9513242662848962,15,1882,0.0,7474.159335288367,39,73,0.5703125,0.191073700000004,True
0.6,60,2899,1024,173,22,34,56,0.4375,0.1689453125,8019,0.9788818359375,3698,0.4611547574510537,5490.8447265625,62.7548828125,10.734411982276573,0.07125255370345344,0.451416015625,0.1893256187499901,0.18140216874996895,22,30,1.3636363636363635,12,2.2123343251284826,7,1950,0.0,5496.212121212121,25,59,0.4609375,0.191073700000004,True
0.6,61,39428,1024,237,30,34,64,0.5,0.2314453125,7955,0.9710693359375,3447,0.43331238214959145,3520.390625,44.0390625,12.664895050972763,0.11225535153148496,0.4207763671875,0.1893256187499901,0.18140216874996895,30,39,1.3,1,2.375507835171213,7,2004,,3520.390625,33,67,0.5234375,0.191073700000004,True
0.6,62,40758,1024,362,46,34,80,0.625,0.353515625,7830,0.955810546875,3540,0.4521072796934866,5184.13671875,53.619140625,10.98403914414374,0.029964461714752984,0.43212890625,0.1893256187499901,0.18140216874996895,46,57,1.2391304347826086,1,2.313930488838655,9,1878,,5184.13671875,49,83,0.6484375,0.191073700000004,True
0.6,63,29154,1024,342,43,34,77,0.6015625,0.333984375,7850,0.958251953125,3991,0.5084076433121019,6991.546875,68.982421875,9.685070871317215,0.04415131967011233,0.4871826171875,0.1893256187499901,0.18140216874996895,43,54,1.255813953488372,11,2.0501253132832082,12,1874,0.0,6998.381231671554,46,80,0.625,0.191073700000004,True
0.6,64,43958,1024,284,36,34,70,0.546875,0.27734375,7908,0.96533203125,3827,0.48394031360647444,2531.2216796875,44.7509765625,14.097501793409688,0.12578982249184983,0.4671630859375,0.1893256187499901,0.18140216874996895,36,45,1.25,9,2.1382645060115,7,2048,0.0,2533.695992179863,40,74,0.578125,0.191073700000004,True
0.6,65,33814,1024,227,29,34,63,0.4921875,0.2216796875,7965,0.9722900390625,3863,0.4849968612680477,8182.79296875,74.6328125,9.001787975528517,0.047039586588791524,0.4715576171875,0.1893256187499901,0.18140216874996895,29,40,1.3793103448275863,1,2.1204039357845677,13,2071,,8182.79296875,33,67,0.5234375,0.191073700000004,True
0.6,66,34153,1024,236,30,34,64,0.5,0.23046875,7956,0.97119140625,4234,0.5321769733534439,7883.9619140625,76.2197265625,9.163358432504142,0.07643545099958768,0.516845703125,0.1893256187499901,0.18140216874996895,30,39,1.3,4,1.9336168202220647,16,1914,,7883.9619140625,33,67,0.5234375,0.191073700000004,True
0.6,67,43609,1024,174,22,34,56,0.4375,0.169921875,8018,0.978759765625,4046,0.5046146171114991,17013.4853515625,105.6611328125,5.822870693660546,0.027615925869911833,0.493896484375,0.1893256187499901,0.18140216874996895,22,31,1.4090909090909092,31,2.0170580964153277,22,2029,0.0,17063.476003917727,25,59,0.4609375,0.191073700000004,True
0.6,68,10762,1024,394,50,34,84,0.65625,0.384765625,7798,0.951904296875,3666,0.47012054372916134,4413.5712890625,50.8818359375,11.68290215059219,0.058788047729174224,0.447509765625,0.1893256187499901,0.18140216874996895,50,61,1.22,13,2.2313778990450204,22,1869,0.0,4417.885630498534,52,86,0.671875,0.191073700000004,True
0.6,69,17898,1024,306,39,34,73,0.5703125,0.298828125,7886,0.962646484375,3324,0.4215064671569871,2315.193359375,33.11328125,14.484930927697492,0.2763092086684342,0.40576171875,0.1893256187499901,0.18140216874996895,39,50,1.2820512820512822,35,2.4538068010833585,17,1511,0.0,2324.272549019608,42,76,0.59375,0.191073700000004,True
0.6,70,43653,1024,28,4,34,38,0.296875,0.02734375,8164,0.99658203125,3392,0.41548260656540914,12064.0302734375,84.6865234375,7.315879425237137,0.007886380448592554,0.4140625,0.1893256187499901,0.18140216874996895,4,12,3.0,7,2.413447360660572,8,1923,,12064.0302734375,7,41,0.3203125,0.191073700000004,True
0.6,71,14233,1024,277,35,34,69,0.5390625,0.2705078125,7915,0.9661865234375,3770,0.476310802274163,3405.4912109375,44.2861328125,12.809005970968148,0.05612562388655461,0.460205078125,0.1893256187499901,0.18140216874996895,35,44,1.2571428571428571,12,2.1695409923056515,13,1897,0.0,3408.820136852395,38,72,0.5625,0.191073700000004,True
0.6,72,39520,1024,379,48,34,82,0.640625,0.3701171875,7813,0.9537353515625,4119,0.5271982593114041,3174.81640625,50.23046875,13.113617449589459,0.07944794698864655,0.5028076171875,0.1893256187499901,0.18140216874996895,48,59,1.2291666666666667,1,1.9885866925692084,12,1975,,3174.81640625,51,85,0.6640625,0.191073700000004,True
0.6,73,18138,1024,390,49,34,83,0.6484375,0.380859375,7802,0.952392578125,3605,0.46206100999743654,1846.890625,33.044921875,15.46639184087908,0.1488281903785638,0.4400634765625,0.1893256187499901,0.18140216874996895,49,60,1.2244897959183674,12,2.2694228634850164,14,1756,0.0,1848.6959921798632,53,87,0.6796875,0.191073700000004,True
0.6,74,9212,1024,23,3,34,37,0.2890625,0.0224609375,8169,0.9971923828125,4419,0.5409474843922145,32783.2265625,169.525390625,2.9742866577225553,0.013876253936648496,0.5394287109375,0.1893256187499901,0.18140216874996895,3,11,3.6666666666666665,15,1.8506111362607516,36,1907,0.0,32815.27272727273,6,40,0.3125,0.191073700000004,True
0.6,75,6456,1024,354,45,34,79,0.6171875,0.345703125,7838,0.956787109375,4184,0.533809645317683,9063.3818359375,81.7568359375,8.557900838709461,0.12671995592382376,0.5107421875,0.1893256187499901,0.18140216874996895,45,56,1.2444444444444445,12,1.9550561797752808,15,2044,0.0,9072.241446725318,48,82,0.640625,0.191073700000004,True
0.6,76,22948,1024,249,32,34,66,0.515625,0.2431640625,7943,0.9696044921875,3708,0.46682613622057156,5370.4814453125,50.8056640625,10.830671404066754,0.24278011246156306,0.45263671875,0.1893256187499901,0.18140216874996895,32,41,1.28125,22,2.203398974912328,18,1917,0.0,5380.991193737769,35,69,0.5390625,0.191073700000004,True
0.6,77,7591,1024,173,22,34,56,0.4375,0.1689453125,8019,0.9788818359375,3615,0.4508043396932286,5714.7802734375,64.7138671875,10.560808239263048,0.04504162206964033,0.4412841796875,0.1893256187499901,0.18140216874996895,22,31,1.4090909090909092,11,2.263143331488655,8,2102,0.0,5720.366568914956,25,59,0.4609375,0.191073700000004,True
0.6,78,29996,1024,330,42,34,76,0.59375,0.322265625,7862,0.959716796875,3460,0.44009157975069957,8902.53515625,74.025390625,8.63566663482559,0.11020887850581808,0.42236328125,0.1893256187499901,0.18140216874996895,42,53,1.2619047619047619,46,2.3547267996530787,8,1971,0.0,8946.217860647694,45,79,0.6171875,0.191073700000004,True
0.6,79,10378,1024,278,35,34,69,0.5390625,0.271484375,7914,0.966064453125,3355,0.4239322719231741,4951.3916015625,62.6337890625,11.183530851782852,0.02853783541845393,0.4095458984375,0.1893256187499901,0.18140216874996895,35,44,1.2571428571428571,1,2.4412641621943947,11,2115,,4951.3916015625,39,73,0.5703125,0.191073700000004,True
0.6,80,27337,1024,246,31,34,65,0.5078125,0.240234375,7946,0.969970703125,3495,0.4398439466398188,9337.82421875,80.55859375,8.428346666367384,0.12420792923350592,0.4266357421875,0.1893256187499901,0.18140216874996895,31,40,1.2903225806451613,13,2.3402976531196336,8,2008,0.0,9346.952101661778,35,69,0.5390625,0.191073700000004,True
0.6,81,19965,1024,413,52,34,86,0.671875,0.4033203125,7779,0.9495849609375,4009,0.5153618717058748,6914.3046875,65.6328125,9.733318475093096,0.12081454988812045,0.4893798828125,0.1893256187499901,0.18140216874996895,52,63,1.2115384615384615,29,2.035928143712575,12,2110,0.0,6934.620959843291,56,90,0.703125,0.191073700000004,True
0.6,82,24405,1024,372,47,34,81,0.6328125,0.36328125,7820,0.95458984375,3543,0.4530690537084399,3465.564453125,45.005859375,12.733063805310735,0.14911728051900794,0.4324951171875,0.1893256187499901,0.18140216874996895,47,58,1.2340425531914894,12,2.3088650479954826,10,2013,0.0,3468.952101661779,51,85,0.6640625,0.191073700000004,True
0.6,83,45135,1024,174,22,34,56,0.4375,0.169921875,8018,0.978759765625,4095,0.5107258667997007,14365.4833984375,103.7783203125,6.557601162871258,0.06356434868737625,0.4998779296875,0.1893256187499901,0.18140216874996895,22,31,1.4090909090909092,12,1.9968246213971665,8,2099,0.0,14379.525904203323,25,59,0.4609375,0.191073700000004,True
0.6,84,11274,1024,191,24,34,58,0.453125,0.1865234375,8001,0.9766845703125,3152,0.3939507561554806,6193.1015625,58.57421875,10.21172158676578,0.06223063405723053,0.384765625,0.1893256187499901,0.18140216874996895,24,33,1.375,31,2.589336718502063,8,1875,0.0,6211.2987267384915,28,62,0.484375,0.191073700000004,True
0.6,85,1941,1024,400,50,34,84,0.65625,0.390625,7792,0.951171875,3735,0.47933778234086244,1900.8427734375,38.0380859375,15.34134164808566,0.23228294662205085,0.4559326171875,0.1893256187499901,0.18140216874996895,50,61,1.22,19,2.187198714515265,9,1939,0.0,1904.5626223091976,54,88,0.6875,0.191073700000004,True
0.6,86,48940,1024,172,22,34,56,0.4375,0.16796875,8020,0.97900390625,3432,0.427930174563591,3302.4638671875,45.9521484375,12.942422862443069,0.08476046988416976,0.4189453125,0.1893256187499901,0.18140216874996895,22,31,1.4090909090909092,10,2.3835616438356166,8,2011,0.0,3305.692082111437,26,60,0.46875,0.191073700000004,True
0.6,87,36794,1024,183,23,34,57,0.4453125,0.1787109375,8009,0.9776611328125,4159,0.519290797852416,18722.236328125,118.6328125,5.407226378890714,0.021674696296576416,0.5076904296875,0.1893256187499901,0.18140216874996895,23,32,1.391304347826087,46,1.9586339586339587,10,2084,0.0,18814.102060843965,27,61,0.4765625,0.191073700000004,True
0.6,88,21994,1024,458,58,34,92,0.71875,0.447265625,7734,0.944091796875,3891,0.5031031807602793,3767.796875,52.1015625,12.369928792854184,0.03600211538981216,0.4749755859375,0.1893256187499901,0.18140216874996895,58,69,1.1896551724137931,1,2.105141388174807,10,1923,,3767.796875,61,95,0.7421875,0.191073700000004,True
0.6,89,49944,1024,315,40,34,74,0.578125,0.3076171875,7877,0.9615478515625,4148,0.5265964199568364,6612.5439453125,67.3876953125,9.92711789602618,0.17119777688614732,0.50634765625,0.1893256187499901,0.18140216874996895,40,51,1.275,12,1.9708222811671088,15,2015,0.0,6619.007820136852,43,77,0.6015625,0.191073700000004,True
0.6,90,43442,1024,408,51,34,85,0.6640625,0.3984375,7784,0.9501953125,2031,0.2609198355601233,374.359375,7.25390625,22.39791647325887,0.6178626078666947,0.2479248046875,0.1893256187499901,0.18140216874996895,51,62,1.2156862745098038,28,4.020197044334975,9,1194,0.0,375.4593535749265,55,89,0.6953125,0.191073700000004,True
0.6,91,45096,1024,256,32,34,66,0.515625,0.25,7936,0.96875,3349,0.4220010080645161,1531.2509765625,29.2822265625,16.280339821858693,0.25853951422061994,0.4088134765625,0.1893256187499901,0.18140216874996895,32,43,1.34375,4,2.4444444444444446,8,1773,,1531.2509765625,36,70,0.546875,0.191073700000004,True
0.6,92,42430,1024,484,61,34,95,0.7421875,0.47265625,7708,0.94091796875,3633,0.47132848988064346,381.7041015625,14.9560546875,22.313535342266697,0.38595771673728063,0.4434814453125,0.1893256187499901,0.18140216874996895,61,72,1.180327868852459,38,2.2442180616740086,21,1460,0.0,383.20098039215685,65,99,0.7734375,0.191073700000004,True
0.6,93,42255,1024,365,46,34,80,0.625,0.3564453125,7827,0.9554443359375,4121,0.5265107959626932,3716.205078125,54.0859375,12.42980688420229,0.1907580989241664,0.5030517578125,0.1893256187499901,0.18140216874996895,46,57,1.2391304347826086,27,1.9808252427184465,18,1827,0.0,3727.124387855044,50,84,0.65625,0.191073700000004,True
0.6,94,5771,1024,241,31,34,65,0.5078125,0.2353515625,7951,0.9705810546875,4249,0.5343981889070557,20049.4208984375,126.8017578125,5.109785277643354,0.029707814718187613,0.5186767578125,0.1893256187499901,0.18140216874996895,31,40,1.2903225806451613,1,1.9277306967984935,13,2172,,20049.4208984375,34,68,0.53125,0.191073700000004,True
0.6,95,8320,1024,417,53,34,87,0.6796875,0.4072265625,7775,0.9490966796875,3536,0.4547909967845659,2188.451171875,38.70703125,14.729434996705784,0.07223742435796625,0.431640625,0.1893256187499901,0.18140216874996895,53,64,1.2075471698113207,13,2.3128712871287127,10,1928,0.0,2190.5904203323557,57,91,0.7109375,0.191073700000004,True
0.6,96,48807,1024,222,28,34,62,0.484375,0.216796875,7970,0.972900390625,4059,0.509284818067754,10910.6025390625,91.5263671875,7.752316256632341,0.0869857175793273,0.4954833984375,0.1893256187499901,0.18140216874996895,28,39,1.3928571428571428,11,2.015524889107935,12,2112,0.0,10921.267839687194,32,66,0.515625,0.191073700000004,True
0.6,97,2675,1024,402,51,34,85,0.6640625,0.392578125,7790,0.950927734375,3557,0.4566110397946085,1650.8896484375,32.7509765625,15.953623164823863,0.3150459489359052,0.4342041015625,0.1893256187499901,0.18140216874996895,51,62,1.2156862745098038,13,2.2994938132733407,13,1836,0.0,1652.503421309873,54,88,0.6875,0.191073700000004,True
0.6,98,37658,1024,24,3,34,37,0.2890625,0.0234375,8168,0.9970703125,3742,0.45812928501469147,16522.9267578125,99.5283203125,5.949933831264973,0.022460675595941205,0.456787109375,0.1893256187499901,0.18140216874996895,3,11,3.6666666666666665,12,2.186046511627907,15,1917,0.0,16539.078201368524,7,41,0.3203125,0.191073700000004,True
0.6,99,45710,1024,228,29,34,63,0.4921875,0.22265625,7964,0.97216796875,4260,0.5349070818684079,10806.6484375,94.5703125,7.793893376629702,0.07728203560619003,0.52001953125,0.1893256187499901,0.18140216874996895,29,40,1.3793103448275863,9,1.9204038506691712,13,1986,0.0,10817.212121212122,32,66,0.515625,0.191073700000004,True
0.6,100,15813,1024,367,46,34,80,0.625,0.3583984375,7825,0.9552001953125,3273,0.41827476038338657,1034.3388671875,22.1416015625,17.98417516462415,0.2711111148813961,0.3995361328125,0.1893256187499901,0.18140216874996895,46,57,1.2391304347826086,3,2.5021393643031784,13,1638,,1034.3388671875,51,85,0.6640625,0.191073700000004,True
0.6,101,7135,1024,501,63,34,97,0.7578125,0.4892578125,7691,0.9388427734375,3725,0.48433233649720453,1328.6240234375,28.3642578125,16.896782600211345,0.19024538448454095,0.4547119140625,0.1893256187499901,0.18140216874996895,63,74,1.1746031746031746,12,2.1957572502685285,16,1685,0.0,1329.9227761485827,66,100,0.78125,0.191073700000004,True
0.6,102,31775,1024,420,53,34,87,0.6796875,0.41015625,7772,0.94873046875,3298,0.4243437982501287,679.1640625,19.01953125,19.81105663418329,0.1909755569676362,0.402587890625,0.1893256187499901,0.18140216874996895,53,64,1.2075471698113207,1,2.483773127085229,15,1574,,679.1640625,56,90,0.703125,0.191073700000004,True
0.6,103,31772,1024,339,43,34,77,0.6015625,0.3310546875,7853,0.9586181640625,3759,0.4786705717560168,10353.017578125,87.4609375,7.980134094785896,0.058146475896487394,0.4588623046875,0.1893256187499901,0.18140216874996895,43,54,1.255813953488372,12,2.1764236295902077,9,2114,0.0,10363.137829912024,46,80,0.625,0.191073700000004,True
0.6,104,25160,1024,338,43,34,77,0.6015625,0.330078125,7854,0.958740234375,3695,0.47046091163738224,2523.53515625,42.376953125,14.110710014478883,0.2324607537611052,0.4510498046875,0.1893256187499901,0.18140216874996895,43,54,1.255813953488372,20,2.2119653492149434,15,1948,0.0,2528.473581213307,46,80,0.625,0.191073700000004,True
0.6,105,36108,1024,515,65,34,99,0.7734375,0.5029296875,7677,0.9371337890625,3569,0.4648951413312492,8557.953125,78.45703125,8.80710457501206,0.07173405135079056,0.4356689453125,0.1893256187499901,0.18140216874996895,65,76,1.1692307692307693,28,2.2858744394618835,10,2090,0.0,8583.098922624878,68,102,0.796875,0.191073700000004,True
0.6,106,1260,1024,340,43,34,77,0.6015625,0.33203125,7852,0.95849609375,4051,0.5159195109526236,5020.56640625,62.724609375,11.123276450709827,0.04990154984925026,0.4945068359375,0.1893256187499901,0.18140216874996895,43,54,1.255813953488372,1,2.021728395061728,12,1939,,5020.56640625,47,81,0.6328125,0.191073700000004,True
0.6,107,37885,1024,189,24,34,58,0.453125,0.1845703125,8003,0.9769287109375,3698,0.4620767212295389,9254.5341796875,80.9287109375,8.467257971288074,0.031456806134420694,0.451416015625,0.1893256187499901,0.18140216874996895,24,33,1.375,13,2.2117933459561807,7,2102,0.0,9263.58064516129,27,61,0.4765625,0.191073700000004,True
0.6,108,41535,1024,57,8,34,42,0.328125,0.0556640625,8135,0.9930419921875,3675,0.4517516902274124,19280.83984375,122.916015625,5.279544136889394,0.08565223251852334,0.4486083984375,0.1893256187499901,0.18140216874996895,8,16,2.0,1,2.2226456178551985,11,2008,,19280.83984375,11,45,0.3515625,0.191073700000004,True
0.6,109,44889,1024,236,30,34,64,0.5,0.23046875,7956,0.97119140625,3753,0.47171945701357465,6658.9541015625,64.8134765625,9.896743394438793,0.054986574374344045,0.4581298828125,0.1893256187499901,0.18140216874996895,30,41,1.3666666666666667,13,2.1791044776119404,17,1898,0.0,6665.463343108504,34,68,0.53125,0.191073700000004,True
0.6,110,28184,1024,289,37,34,71,0.5546875,0.2822265625,7903,0.9647216796875,3919,0.49588763760597243,4439.79296875,59.669921875,11.657176417951312,0.18549845487938302,0.4783935546875,0.1893256187499901,0.18140216874996895,37,48,1.2972972972972974,9,2.088055130168453,8,2137,0.0,4444.132942326491,40,74,0.578125,0.191073700000004,True
0.6,111,25319,1024,280,35,34,69,0.5390625,0.2734375,7912,0.9658203125,4128,0.5217391304347826,5868.2763671875,65.2333984375,10.445698020637108,0.048831463735137276,0.50390625,0.1893256187499901,0.18140216874996895,35,46,1.3142857142857143,11,1.9820692997334626,16,1861,0.0,5874.012707722385,39,73,0.5703125,0.191073700000004,True
0.6,112,11010,1024,432,54,34,88,0.6875,0.421875,7760,0.947265625,3554,0.45798969072164947,3843.8134765625,50.0166015625,12.283180557697001,0.06887330509570783,0.433837890625,0.1908511070312784,0.18467376718751893,54,65,1.2037037037037037,22,2.2986208837602025,9,1913,0.0,3851.3356164383563,57,91,0.7109375,0.18855195156254467,True
0.6,113,33880,1024,233,30,34,64,0.5,0.2275390625,7959,0.9715576171875,3176,0.3990451061691167,1544.8857421875,28.3974609375,16.24183995794702,0.13966564489044503,0.3876953125,0.1908511070312784,0.18467376718751893,30,39,1.3,8,2.576692913385827,9,1754,0.0,1546.3958944281526,33,67,0.5234375,0.18855195156254467,True
0.6,114,19307,1024,211,27,34,61,0.4765625,0.2060546875,7981,0.9742431640625,3577,0.4481894499436161,3112.5732421875,44.4365234375,13.199607812288166,0.1708424670291003,0.4366455078125,0.1908511070312784,0.18467376718751893,27,36,1.3333333333333333,63,2.2726510067114094,7,2023,0.0,3133.9970501474927,31,65,0.5078125,0.18855195156254467,True
0.6,115,12236,1024,159,20,34,54,0.421875,0.1552734375,8033,0.9805908203125,2416,0.3007593676086145,5931.7841796875,45.7412109375,10.398950194683925,0.07274571167503678,0.294921875,0.1908511070312784,0.18467376718751893,20,29,1.45,1,3.3614906832298135,11,1501,,5931.7841796875,24,58,0.453125,0.18855195156254467,True
0.6,116,13805,1024,316,40,34,74,0.578125,0.30859375,7876,0.96142578125,4363,0.5539614017267649,17202.048828125,122.794921875,5.775001847883837,0.06765972130628593,0.5325927734375,0.1908511070312784,0.18467376718751893,40,51,1.275,9,1.875515818431912,22,2068,0.0,17218.86412512219,44,78,0.609375,0.18855195156254467,True
0.6,117,5814,1024,347,44,34,78,0.609375,0.3388671875,7845,0.9576416015625,3683,0.46947100063734865,2998.0458984375,47.1396484375,13.362420834945594,0.038066029247100154,0.4495849609375,0.1908511070312784,0.18467376718751893,44,55,1.25,1,2.224063009234112,11,2079,,2998.0458984375,47,81,0.6328125,0.18855195156254467,True
0.6,118,48485,1024,391,49,34,83,0.6484375,0.3818359375,7801,0.9522705078125,3850,0.49352647096526087,2890.8408203125,47.7216796875,13.520561822941634,0.0561297538230515,0.469970703125,0.1908511070312784,0.18467376718751893,49,60,1.2244897959183674,1,2.1273057937126527,12,1992,,2890.8408203125,53,87,0.6796875,0.18855195156254467,True
0.6,119,12248,1024,299,38,34,72,0.5625,0.2919921875,7893,0.9635009765625,3752,0.4753579120739896,9549.59765625,75.244140625,8.33095286598445,0.0638699292884117,0.4580078125,0.1908511070312784,0.18467376718751893,38,49,1.2894736842105263,1,2.183151159690749,12,1997,,9549.59765625,42,76,0.59375,0.18855195156254467,True
0.6,120,458,1024,435,55,34,89,0.6953125,0.4248046875,7757,0.9468994140625,3860,0.49761505736753897,2551.0478515625,42.0224609375,14.063617558548918,0.06293920209735178,0.47119140625,0.1908511070312784,0.18467376718751893,55,66,1.2,16,2.118165327805131,9,1928,0.0,2556.0401174168296,58,92,0.71875,0.18855195156254467,True
0.6,121,319,1024,255,32,34,66,0.515625,0.2490234375,7937,0.9688720703125,3971,0.5003149804712108,8774.5419921875,77.2548828125,8.698559041581786,0.031091873734134745,0.4847412109375,0.1908511070312784,0.18467376718751893,32,41,1.28125,1,2.0622166246851386,14,2132,,8774.5419921875,36,70,0.546875,0.18855195156254467,True
0.6,122,21496,1024,389,49,34,83,0.6484375,0.3798828125,7803,0.9525146484375,3937,0.5045495322311931,4568.28125,60.232421875,11.533275271093286,0.044151381085228106,0.4805908203125,0.1908511070312784,0.18467376718751893,49,60,1.2244897959183674,1,2.080538617886179,15,1952,,4568.28125,52,86,0.671875,0.18855195156254467,True
0.6,123,20390,1024,337,43,34,77,0.6015625,0.3291015625,7855,0.9588623046875,4019,0.5116486314449396,3598.60546875,49.259765625,12.569461252561236,0.14983424102589624,0.4906005859375,0.1908511070312784,0.18467376718751893,43,54,1.255813953488372,27,2.031856645097063,7,2212,0.0,3609.179236043095,46,80,0.625,0.18855195156254467,True
0.6,124,33691,1024,380,48,34,82,0.640625,0.37109375,7812,0.95361328125,3664,0.4690220174091142,5818.046875,57.296875,10.48303144907054,0.05737845989441226,0.447265625,0.1908511070312784,0.18467376718751893,48,59,1.2291666666666667,21,2.2304122304122305,12,1930,0.0,5829.432485322896,51,85,0.6640625,0.18855195156254467,True
0.6,125,33872,1024,388,49,34,83,0.6484375,0.37890625,7804,0.95263671875,3946,0.5056381342901076,3492.2451171875,48.7216796875,12.699756420697884,0.06839429856956943,0.481689453125,0.1908511070312784,0.18467376718751893,49,60,1.2244897959183674,1,2.076045627376426,12,1849,,3492.2451171875,52,86,0.671875,0.18855195156254467,True
0.6,126,46987,1024,364,46,34,80,0.625,0.35546875,7828,0.95556640625,3983,0.5088145120081757,4030.3916015625,57.5830078125,12.077331156858016,0.21079406529104103,0.4862060546875,0.1908511070312784,0.18467376718751893,46,57,1.2391304347826086,3,2.055750878955299,13,2065,,4030.3916015625,50,84,0.65625,0.18855195156254467,True
0.6,127,26772,1024,302,38,34,72,0.5625,0.294921875,7890,0.963134765625,3586,0.45449936628643856,5644.501953125,57.57421875,10.614547332166515,0.07904708606624802,0.437744140625,0.1908511070312784,0.18467376718751893,38,49,1.2894736842105263,13,2.280613668061367,12,2010,0.0,5650.019550342131,42,76,0.59375,0.18855195156254467,True
0.6,128,7057,1024,183,23,34,57,0.4453125,0.1787109375,8009,0.9776611328125,3561,0.4446247971032588,13633.75390625,93.765625,6.784649102932119,0.0293382800560294,0.4346923828125,0.1908511070312784,0.18467376718751893,23,32,1.391304347826087,13,2.297191011235955,8,1925,0.0,13647.081133919844,27,61,0.4765625,0.18855195156254467,True
0.6,129,30014,1024,241,31,34,65,0.5078125,0.2353515625,7951,0.9705810546875,3837,0.48258080744560433,9777.181640625,80.931640625,8.228666772788536,0.06272101201941943,0.4683837890625,0.1908511070312784,0.18467376718751893,31,42,1.3548387096774193,1,2.1347758081334725,14,1868,,9777.181640625,33,67,0.5234375,0.18855195156254467,True
0.6,130,48237,1024,349,44,34,78,0.609375,0.3408203125,7843,0.9573974609375,3087,0.39359938798928984,756.6298828125,21.4560546875,19.34196871275328,0.16484614090529298,0.3768310546875,0.1908511070312784,0.18467376718751893,44,55,1.25,30,2.644199611147116,9,1776,0.0,758.8530852105779,47,81,0.6328125,0.18855195156254467,True
0.6,131,4823,1024,456,57,34,91,0.7109375,0.4453125,7736,0.9443359375,3924,0.5072388831437435,4372.208984375,54.119140625,11.723794485344985,0.07196657181102538,0.47900390625,0.1908511070312784,0.18467376718751893,57,68,1.1929824561403508,1,2.087687993882233,11,1889,,4372.208984375,62,96,0.75,0.18855195156254467,True
0.6,132,26627,1024,346,44,34,78,0.609375,0.337890625,7846,0.957763671875,3701,0.47170532755544226,2857.9111328125,43.3740234375,13.570316406569052,0.06975061019670419,0.4517822265625,0.1908511070312784,0.18467376718751893,44,55,1.25,27,2.205945945945946,13,1887,0.0,2866.3085210577865,47,81,0.6328125,0.18855195156254467,True
0.6,133,12293,1024,256,32,34,66,0.515625,0.25,7936,0.96875,3740,0.47127016129032256,4917.38671875,57.380859375,11.213459969513607,0.06325222339490283,0.45654296875,0.1908511070312784,0.18467376718751893,32,41,1.28125,4,2.1893554426317197,11,1864,,4917.38671875,36,70,0.546875,0.18855195156254467,True
0.6,134,32803,1024,289,37,34,71,0.5546875,0.2822265625,7903,0.9647216796875,3254,0.4117423763127926,678.8076171875,21.6689453125,19.813336537927817,0.235055146004948,0.397216796875,0.1908511070312784,0.18467376718751893,37,48,1.2972972972972974,34,2.5063018751921304,7,1795,0.0,681.4696078431373,40,74,0.578125,0.18855195156254467,True
0.6,135,41882,1024,404,51,34,85,0.6640625,0.39453125,7788,0.95068359375,4031,0.5175911658962506,6025.423828125,71.939453125,10.330927602861985,0.0927948053035022,0.4920654296875,0.1908511070312784,0.18467376718751893,51,62,1.2156862745098038,1,2.03151364764268,10,2165,,6025.423828125,55,89,0.6953125,0.18855195156254467,True
0.6,136,10235,1024,385,49,34,83,0.6484375,0.3759765625,7807,0.9530029296875,3896,0.49903932368387344,7470.3037109375,78.5986328125,9.397421021177102,0.12369219701649997,0.4755859375,0.1908511070312784,0.18467376718751893,49,60,1.2244897959183674,25,2.096277278562259,11,2325,0.0,7492.253672869736,52,86,0.671875,0.18855195156254467,True
0.6,137,30033,1024,295,37,34,71,0.5546875,0.2880859375,7897,0.9639892578125,3409,0.43168291756363175,4295.525390625,48.86328125,11.80064070396904,0.08144201816993131,0.4161376953125,0.1908511070312784,0.18467376718751893,37,48,1.2972972972972974,17,2.398180751173709,10,1945,0.0,4303.931506849315,41,75,0.5859375,0.18855195156254467,True
0.6,138,20042,1024,392,49,34,83,0.6484375,0.3828125,7800,0.9521484375,4147,0.5316666666666666,2768.5185546875,44.2216796875,13.708329223566418,0.04661035825693121,0.5062255859375,0.1908511070312784,0.18467376718751893,49,60,1.2244897959183674,3,1.9746743849493487,17,1907,,2768.5185546875,53,87,0.6796875,0.18855195156254467,True
0.6,139,29399,1024,234,30,34,64,0.5,0.228515625,7958,0.971435546875,3740,0.4699673284744911,5051.6474609375,52.6064453125,11.096473260138664,0.13271894309276636,0.45654296875,0.1908511070312784,0.18467376718751893,30,39,1.3,9,2.1882856378710884,15,1839,0.0,5056.585532746823,33,67,0.5234375,0.18855195156254467,True
0.6,140,6463,1024,436,55,34,89,0.6953125,0.42578125,7756,0.94677734375,4258,0.5489943269726664,4090.025390625,52.462890625,12.013543567788808,0.03990251595696577,0.519775390625,0.1908511070312784,0.18467376718751893,55,66,1.2,11,1.9213060840967817,19,1874,0.0,4094.023460410557,59,93,0.7265625,0.18855195156254467,True
0.6,141,25920,1024,276,35,34,69,0.5390625,0.26953125,7916,0.96630859375,3070,0.387822132390096,1048.646484375,21.37890625,17.924512556686285,0.47364216894523387,0.374755859375,0.1908511070312784,0.18467376718751893,35,46,1.3142857142857143,63,2.6480938416422286,8,1755,0.0,1055.8643067846608,38,72,0.5625,0.18855195156254467,True
0.6,142,10327,1024,249,32,34,66,0.515625,0.2431640625,7943,0.9696044921875,4148,0.5222208233664862,13067.78125,103.865234375,6.968785049384821,0.04565626916759489,0.50634765625,0.1908511070312784,0.18467376718751893,32,43,1.34375,1,1.9739570774053532,9,2218,,13067.78125,35,69,0.5390625,0.18855195156254467,True
0.6,143,3805,1024,291,37,34,71,0.5546875,0.2841796875,7901,0.9644775390625,3442,0.4356410580939122,1528.9677734375,29.1923828125,16.286820291284226,0.1046036737481844,0.420166015625,0.1908511070312784,0.18467376718751893,37,46,1.2432432432432432,22,2.3740191804707935,10,1796,0.0,1531.9598825831702,41,75,0.5859375,0.18855195156254467,True
0.6,144,37879,1024,300,38,34,72,0.5625,0.29296875,7892,0.96337890625,3831,0.4854282818043588,1183.595703125,25.177734375,17.398769810204854,0.524140202454706,0.4676513671875,0.1908511070312784,0.18467376718751893,38,49,1.2894736842105263,22,2.1326370757180158,8,1948,0.0,1185.9119373776907,41,75,0.5859375,0.18855195156254467,True
0.6,145,22721,1024,335,42,34,76,0.59375,0.3271484375,7857,0.9591064453125,3797,0.4832633320605829,3545.23828125,46.078125,12.634349307270291,0.15252046339755185,0.4635009765625,0.1908511070312784,0.18467376718751893,42,53,1.2619047619047619,28,2.1504214963119073,7,2118,0.0,3555.6552399608227,46,80,0.625,0.18855195156254467,True
0.6,146,43932,1024,180,23,34,57,0.4453125,0.17578125,8012,0.97802734375,3718,0.46405391912131805,13335.171875,96.59765625,6.880817432504866,0.024436362225359873,0.453857421875,0.1908511070312784,0.18467376718751893,23,31,1.3478260869565217,22,2.1977401129943503,8,2102,0.0,13361.268101761252,26,60,0.46875,0.18855195156254467,True
0.6,147,47270,1024,419,53,34,87,0.6796875,0.4091796875,7773,0.9488525390625,3681,0.47356233114627555,5082.046875,56.724609375,11.070416943566386,0.03502822595059789,0.4493408203125,0.1908511070312784,0.18467376718751893,53,64,1.2075471698113207,13,2.222282608695652,14,1950,0.0,5087.014662756598,56,90,0.703125,0.18855195156254467,True
0.6,148,11091,1024,331,42,34,76,0.59375,0.3232421875,7861,0.9595947265625,3859,0.4909044650807785,6886.90234375,74.23828125,9.750564361330905,0.10792590442304109,0.4710693359375,0.1908511070312784,0.18467376718751893,42,53,1.2619047619047619,17,2.1181959564541213,8,2299,0.0,6900.379647749511,46,80,0.625,0.18855195156254467,True
0.6,149,9736,1024,395,50,34,84,0.65625,0.3857421875,7797,0.9517822265625,3477,0.44594074644093884,963.1767578125,23.1474609375,18.29374366683776,0.11809758487019559,0.4244384765625,0.1908511070312784,0.18467376718751893,50,61,1.22,29,2.3475258918296893,14,1659,0.0,966.0068560235063,53,87,0.6796875,0.18855195156254467,True
0.6,150,23206,1024,382,48,34,82,0.640625,0.373046875,7810,0.953369140625,3446,0.4412291933418694,3201.1396484375,43.3544921875,13.077757403873491,0.15977522756929508,0.420654296875,0.1908511070312784,0.18467376718751893,48,59,1.2291666666666667,1,2.37677793904209,10,1973,,3201.1396484375,51,85,0.6640625,0.18855195156254467,True
0.6,151,25039,1024,454,57,34,91,0.7109375,0.443359375,7738,0.944580078125,3624,0.46833807185319204,1765.798828125,33.16796875,15.661391366047344,0.15045991928095115,0.4423828125,0.1908511070312784,0.18467376718751893,57,68,1.1929824561403508,9,2.2577974054650842,16,1798,0.0,1767.524926686217,61,95,0.7421875,0.18855195156254467,True
0.6,152,21014,1024,46,6,34,40,0.3125,0.044921875,8146,0.994384765625,3006,0.36901546771421556,17491.22265625,97.44140625,5.702601926526011,0.04387891606687986,0.366943359375,0.1908511070312784,0.18467376718751893,6,14,2.3333333333333335,1,2.69351081530782,8,1649,,17491.22265625,9,43,0.3359375,0.18855195156254467,True
0.6,153,32412,1024,216,27,34,61,0.4765625,0.2109375,7976,0.9736328125,3632,0.45536609829488467,2855.3994140625,44.8837890625,13.574134948041788,0.11694092424719803,0.443359375,0.1908511070312784,0.18467376718751893,27,36,1.3333333333333333,10,2.2528229137978517,11,1877,0.0,2858.190615835777,31,65,0.5078125,0.18855195156254467,True
0.6,154,34022,1024,365,46,34,80,0.625,0.3564453125,7827,0.9554443359375,3601,0.4600741024658234,2387.2607421875,37.2744140625,14.351805046140267,0.21288393518406365,0.4395751953125,0.1908511070312784,0.18467376718751893,46,57,1.2391304347826086,29,2.2669444444444444,16,1742,0.0,2394.2752203721843,49,83,0.6484375,0.18855195156254467,True
0.6,155,21369,1024,381,48,34,82,0.640625,0.3720703125,7811,0.9534912109375,3828,0.4900780949942389,5664.5830078125,68.0263671875,10.599124156131563,0.10838702833317242,0.46728515625,0.1908511070312784,0.18467376718751893,48,59,1.2291666666666667,1,2.1392735824405538,13,2198,,5664.5830078125,51,85,0.6640625,0.18855195156254467,True
0.6,156,41654,1024,329,42,34,76,0.59375,0.3212890625,7863,0.9598388671875,3674,0.46725168510746534,4661.662109375,55.359375,11.445395694508363,0.0667719125033514,0.448486328125,0.1908511070312784,0.18467376718751893,42,53,1.2619047619047619,31,2.2216172066430713,8,2097,0.0,4675.359451518119,45,79,0.6171875,0.18855195156254467,True
0.6,157,11953,1024,319,40,34,74,0.578125,0.3115234375,7873,0.9610595703125,3983,0.5059062619077861,16623.8271484375,116.1376953125,5.923493463471839,0.07800004979538165,0.4862060546875,0.1908511070312784,0.18467376718751893,40,51,1.275,1,2.0562531391260674,14,2014,,16623.8271484375,44,78,0.609375,0.18855195156254467,True
0.6,158,13700,1024,256,32,34,66,0.515625,0.25,7936,0.96875,4292,0.5408266129032258,10442.5068359375,92.0634765625,7.942755926301567,0.10490231262535454,0.52392578125,0.1908511070312784,0.18467376718751893,32,43,1.34375,4,1.9079468655325098,13,1980,,10442.5068359375,36,70,0.546875,0.18855195156254467,True
0.6,159,38205,1024,427,54,34,88,0.6875,0.4169921875,7765,0.9478759765625,3708,0.4775273663876368,3394.2900390625,52.5595703125,12.823314112237487,0.09584482073197008,0.45263671875,0.1908511070312784,0.18467376718751893,54,65,1.2037037037037037,1,2.2087941731858645,11,2091,,3394.2900390625,58,92,0.71875,0.18855195156254467,True
0.6,160,40129,1024,342,43,34,77,0.6015625,0.333984375,7850,0.958251953125,2768,0.3526114649681529,356.8427734375,13.5556640625,22.60603454753233,0.36680343812794275,0.337890625,0.1908511070312784,0.18467376718751893,43,54,1.255813953488372,12,2.9555475243946514,7,1726,0.0,357.1915933528837,46,80,0.625,0.18855195156254467,True
0.6,161,17080,1024,358,45,34,79,0.6171875,0.349609375,7834,0.956298828125,3502,0.4470257850395711,3826.6103515625,45.2646484375,12.302661188633232,0.09678485781247735,0.427490234375,0.1908511070312784,0.18467376718751893,45,56,1.2444444444444445,12,2.3356183947443587,14,1811,0.0,3830.3509286412514,49,83,0.6484375,0.18855195156254467,True
0.6,162,1505,1024,244,31,34,65,0.5078125,0.23828125,7948,0.97021484375,4146,0.5216406643180674,9006.68359375,83.146484375,8.585154546914968,0.02615736798454073,0.506103515625,0.1908511070312784,0.18467376718751893,31,40,1.2903225806451613,1,1.9756332931242462,13,1959,,9006.68359375,34,68,0.53125,0.18855195156254467,True
0.6,163,36391,1024,321,41,34,75,0.5859375,0.3134765625,7871,0.9608154296875,3801,0.4829119552788718,2544.212890625,40.427734375,14.075269121638085,0.06450193706805636,0.4639892578125,0.1908511070312784,0.18467376718751893,41,52,1.2682926829268293,1,2.155263157894737,9,1909,,2544.212890625,44,78,0.609375,0.18855195156254467,True
0.6,164,24660,1024,381,48,34,82,0.640625,0.3720703125,7811,0.9534912109375,3540,0.45320701574702343,4929.0419921875,53.0498046875,11.203178427948192,0.06987111035715171,0.43212890625,0.1908511070312784,0.18467376718751893,48,59,1.2291666666666667,3,2.313365357445606,14,1854,,4929.0419921875,52,86,0.671875,0.18855195156254467,True
0.6,165,24061,1024,229,29,34,63,0.4921875,0.2236328125,7963,0.9720458984375,3442,0.43224915232952404,2538.7529296875,39.7041015625,14.084599232846362,0.12221087563136408,0.420166015625,0.1908511070312784,0.18467376718751893,29,38,1.3103448275862069,1,2.3795408311537343,7,1971,,2538.7529296875,32,66,0.515625,0.18855195156254467,True
0.6,166,10964,1024,231,29,34,63,0.4921875,0.2255859375,7961,0.9718017578125,4125,0.518150986057028,10208.9931640625,84.6591796875,8.040974478557423,0.11255943915795338,0.5035400390625,0.1908511070312784,0.18467376718751893,29,38,1.3103448275862069,38,1.9762366634335597,14,1858,0.0,10249.02843137255,32,66,0.515625,0.18855195156254467,True
0.6,167,20807,1024,470,59,34,93,0.7265625,0.458984375,7722,0.942626953125,3855,0.49922299922299923,4645.6484375,59.16796875,11.46034019680661,0.025186662790632336,0.4705810546875,0.1908511070312784,0.18467376718751893,59,70,1.1864406779661016,9,2.1224701608718215,11,2104,0.0,4650.18963831867,62,96,0.75,0.18855195156254467,True
0.6,168,33388,1024,380,48,34,82,0.640625,0.37109375,7812,0.95361328125,3946,0.5051203277009728,3217.4208984375,47.6865234375,13.055724824614614,0.038558605330298125,0.481689453125,0.1908511070312784,0.18467376718751893,48,59,1.2291666666666667,3,2.0752851711026614,14,1946,,3217.4208984375,51,85,0.6640625,0.18855195156254467,True
0.6,169,34571,1024,220,28,34,62,0.484375,0.21484375,7972,0.97314453125,3873,0.48582538886101356,11351.5703125,93.69140625,7.5802441732282775,0.028955074422479445,0.4727783203125,0.1908511070312784,0.18467376718751893,28,37,1.3214285714285714,1,2.1136363636363638,11,2113,,11351.5703125,31,65,0.5078125,0.18855195156254467,True
0.6,170,21194,1024,225,29,34,63,0.4921875,0.2197265625,7967,0.9725341796875,3569,0.44797288816367514,6860.927734375,62.2734375,9.766975159078386,0.140099066165452,0.4356689453125,0.1908511070312784,0.18467376718751893,29,38,1.3103448275862069,18,2.2903587443946187,14,1906,0.0,6874.3542074363995,33,67,0.5234375,0.18855195156254467,True
0.6,171,32696,1024,389,49,34,83,0.6484375,0.3798828125,7803,0.9525146484375,4003,0.5130078175060874,13317.6201171875,107.6201171875,6.88653738309751,0.1242040627761184,0.4886474609375,0.1908511070312784,0.18467376718751893,49,60,1.2244897959183674,9,2.0442278860569716,10,2242,0.0,13330.638318670577,53,87,0.6796875,0.18855195156254467,True
0.6,172,46005,1024,547,69,34,103,0.8046875,0.5341796875,7645,0.9332275390625,4207,0.5502943100065403,1440.076171875,31.060546875,16.546948964462203,0.3679302704149672,0.5135498046875,0.1908511070312784,0.18467376718751893,69,80,1.1594202898550725,38,1.938183547313362,15,1613,0.0,1445.7235294117647,72,106,0.828125,0.18855195156254467,True
0.6,173,19269,1024,287,36,34,70,0.546875,0.2802734375,7905,0.9649658203125,3087,0.3905123339658444,2824.5908203125,47.3818359375,13.62124817509338,0.4093281637865801,0.3768310546875,0.1908511070312784,0.18467376718751893,36,47,1.3055555555555556,1,2.653596889176928,7,2130,,2824.5908203125,39,73,0.5703125,0.18855195156254467,True
0.6,174,5503,1024,303,38,34,72,0.5625,0.2958984375,7889,0.9630126953125,3642,0.46165546964127263,4086.5732421875,45.4677734375,12.017210738389998,0.08749510676591389,0.444580078125,0.1908511070312784,0.18467376718751893,38,47,1.236842105263158,9,2.246635539686899,10,1958,0.0,4090.567937438905,42,76,0.59375,0.18855195156254467,True
0.6,175,32979,1024,240,30,34,64,0.5,0.234375,7952,0.970703125,3998,0.5027665995975855,5577.966796875,67.560546875,10.666044360897056,-0.0063491949493245554,0.488037109375,0.1908511070312784,0.18467376718751893,30,39,1.3,1,2.048786589942457,13,2014,,5577.966796875,34,68,0.53125,0.18855195156254467,True
0.6,176,32764,1024,381,48,34,82,0.640625,0.3720703125,7811,0.9534912109375,3950,0.5056970938420177,4268.5205078125,50.9287109375,11.828029885673088,0.06841595765690264,0.482177734375,0.1908511070312784,0.18467376718751893,48,57,1.1875,20,2.068118511015447,13,1743,0.0,4276.8737769080235,51,85,0.6640625,0.18855195156254467,True
0.6,177,36396,1024,301,38,34,72,0.5625,0.2939453125,7891,0.9632568359375,3907,0.49512102395133695,5802.7080078125,67.2294921875,10.494496434459426,0.15991066706302517,0.4769287109375,0.1908511070312784,0.18467376718751893,38,49,1.2894736842105263,13,2.0937019969278032,11,2327,0.0,5808.380254154447,42,76,0.59375,0.18855195156254467,True
0.6,178,16139,1024,420,53,34,87,0.6796875,0.41015625,7772,0.94873046875,3345,0.43039114770972725,1270.5810546875,28.1962890625,17.090779854754814,0.545724429435736,0.4083251953125,0.1908511070312784,0.18467376718751893,53,64,1.2075471698113207,3,2.4485645933014353,15,1983,,1270.5810546875,56,90,0.703125,0.18855195156254467,True
0.6,179,32110,1024,283,36,34,70,0.546875,0.2763671875,7909,0.9654541015625,3708,0.4688329750916677,12297.294921875,92.640625,7.232707721688197,0.09330766888682253,0.45263671875,0.1908511070312784,0.18467376718751893,36,47,1.3055555555555556,1,2.2085244132721877,15,2023,,12297.294921875,39,73,0.5703125,0.18855195156254467,True
0.6,180,37930,1024,226,29,34,63,0.4921875,0.220703125,7966,0.972412109375,3705,0.46510168214913383,2555.328125,40.560546875,14.056336858581508,0.09545522071890908,0.4522705078125,0.1908511070312784,0.18467376718751893,29,38,1.3103448275862069,30,2.2024838012958963,12,1986,0.0,2562.836434867777,32,66,0.515625,0.18855195156254467,True
0.6,181,5624,1024,305,39,34,73,0.5703125,0.2978515625,7887,0.9627685546875,4532,0.5746164574616457,4124.6474609375,58.2568359375,11.97693526118303,0.12046042679530752,0.55322265625,0.1908511070312784,0.18467376718751893,39,50,1.2820512820512822,10,1.80534098433017,15,1774,0.0,4128.679374389052,42,76,0.59375,0.18855195156254467,True
0.6,182,37946,1024,380,48,34,82,0.640625,0.37109375,7812,0.95361328125,3980,0.5094726062467998,5666.828125,62.810546875,10.5974032018619,0.0894466222601744,0.48583984375,0.1908511070312784,0.18467376718751893,48,59,1.2291666666666667,1,2.0578034682080926,14,1908,,5666.828125,52,86,0.671875,0.18855195156254467,True
0.6,183,6616,1024,429,54,34,88,0.6875,0.4189453125,7763,0.9476318359375,3773,0.4860234445446348,2492.69140625,43.220703125,14.164118444412594,0.0877755084836753,0.4605712890625,0.1908511070312784,0.18467376718751893,54,65,1.2037037037037037,11,2.1683457051961823,14,1942,0.0,2495.128054740958,57,91,0.7109375,0.18855195156254467,True
0.6,184,11706,1024,448,56,34,90,0.703125,0.4375,7744,0.9453125,3827,0.49418904958677684,3781.9765625,51.9609375,12.353615277413484,0.045682167414624684,0.4671630859375,0.1908511070312784,0.18467376718751893,56,67,1.1964285714285714,1,2.1403554626241506,13,2061,,3781.9765625,60,94,0.734375,0.18855195156254467,True
0.6,185,10558,1024,236,30,34,64,0.5,0.23046875,7956,0.97119140625,3419,0.4297385620915033,6755.1552734375,58.5224609375,9.834450247382746,0.11750901699644187,0.4173583984375,0.1908511070312784,0.18467376718751893,30,41,1.3666666666666667,1,2.395260386190755,14,1912,,6755.1552734375,33,67,0.5234375,0.18855195156254467,True
0.6,186,18351,1024,53,7,34,41,0.3203125,0.0517578125,8139,0.9935302734375,2697,0.33136748986361964,9628.9169921875,70.6669921875,8.295029180597528,0.03708272891483533,0.3292236328125,0.1908511070312784,0.18467376718751893,7,16,2.2857142857142856,1,3.0318991097922847,8,1581,,9628.9169921875,10,44,0.34375,0.18855195156254467,True
0.6,187,15023,1024,292,37,34,71,0.5546875,0.28515625,7900,0.96435546875,3927,0.4970886075949367,10838.42578125,97.9140625,7.781141528504055,0.16731839384693184,0.4793701171875,0.1908511070312784,0.18467376718751893,37,48,1.2972972972972974,1,2.085838003056546,7,2288,,10838.42578125,40,74,0.578125,0.18855195156254467,True
0.6,188,9490,1024,424,53,34,87,0.6796875,0.4140625,7768,0.9482421875,3801,0.48931513903192586,3505.373046875,50.794921875,12.683461178581826,0.15087539273975903,0.4639892578125,0.1908511070312784,0.18467376718751893,53,64,1.2075471698113207,1,2.154736842105263,11,1960,,3505.373046875,57,91,0.7109375,0.18855195156254467,True
0.6,189,6355,1024,331,42,34,76,0.59375,0.3232421875,7861,0.9595947265625,3907,0.49701055845312303,1194.7158203125,29.4951171875,17.358157462509393,0.3447063247643483,0.4769287109375,0.1908511070312784,0.18467376718751893,42,53,1.2619047619047619,8,2.0944700460829493,10,2078,0.0,1195.8836754643207,45,79,0.6171875,0.18855195156254467,True
0.6,190,8857,1024,360,45,34,79,0.6171875,0.3515625,7832,0.9560546875,2631,0.33592951991828396,917.69921875,19.578125,18.503799988842932,0.35661552910178385,0.3211669921875,0.1908511070312784,0.18467376718751893,45,56,1.2444444444444445,3,3.1129277566539924,18,1590,,917.69921875,48,82,0.640625,0.18855195156254467,True
0.6,191,31811,1024,430,54,34,88,0.6875,0.419921875,7762,0.947509765625,4282,0.5516619427982479,7592.6357421875,79.8427734375,9.326877958316395,0.17211178255148502,0.522705078125,0.1908511070312784,0.18467376718751893,54,65,1.2037037037037037,1,1.9128708245736978,13,2108,,7592.6357421875,58,92,0.71875,0.18855195156254467,True
0.6,192,10400,1024,320,40,34,74,0.578125,0.3125,7872,0.9609375,4031,0.5120680894308943,3990.2255859375,54.7919921875,12.120829118081222,0.14949722061046086,0.4920654296875,0.1908511070312784,0.18467376718751893,40,51,1.275,18,2.026799007444169,15,1912,0.0,3998.0342465753424,44,78,0.609375,0.18855195156254467,True
0.6,193,275,1024,325,41,34,75,0.5859375,0.3173828125,7867,0.9603271484375,3558,0.45226897165374347,4481.1201171875,52.3974609375,11.61693775461329,0.055251239533865903,0.434326171875,0.1908511070312784,0.18467376718751893,41,52,1.2682926829268293,12,2.2994096148439698,13,1983,0.0,4485.500488758554,44,78,0.609375,0.18855195156254467,True
0.6,194,26152,1024,55,7,34,41,0.3203125,0.0537109375,8137,0.9932861328125,3846,0.47265576993978126,18279.1025390625,117.5576171875,5.511254917841529,0.049378114550730705,0.469482421875,0.1908511070312784,0.18467376718751893,7,15,2.142857142857143,1,2.130039011703511,8,2003,,18279.1025390625,11,45,0.3515625,0.18855195156254467,True
0.6,195,13037,1024,78,10,34,44,0.34375,0.076171875,8114,0.990478515625,3498,0.43110672911017994,15947.2958984375,96.3193359375,6.103933083303829,0.03328258319709984,0.427001953125,0.1908511070312784,0.18467376718751893,10,19,1.9,1,2.342007434944238,11,1791,,15947.2958984375,13,47,0.3671875,0.18855195156254467,True
0.6,196,41203,1024,282,36,34,70,0.546875,0.275390625,7910,0.965576171875,3552,0.4490518331226296,1633.541015625,32.099609375,15.999503174736681,0.07817298457762156,0.43359375,0.1908511070312784,0.18467376718751893,36,45,1.25,10,2.3035764573359616,12,1793,0.0,1635.1378299120236,39,73,0.5703125,0.18855195156254467,True
0.6,197,43709,1024,205,26,34,60,0.46875,0.2001953125,7987,0.9749755859375,4083,0.511205709277576,2652.521484375,43.703125,13.894214506667383,0.41284330475517883,0.4984130859375,0.1908511070312784,0.18467376718751893,26,35,1.3461538461538463,17,2.002204801567859,8,1965,0.0,2657.7123287671234,29,63,0.4921875,0.18855195156254467,True
0.6,198,43572,1024,303,38,34,72,0.5625,0.2958984375,7889,0.9630126953125,3635,0.460768158194955,4617.1083984375,49.1123046875,11.487102900225036,0.12680935978864516,0.4437255859375,0.1908511070312784,0.18467376718751893,38,49,1.2894736842105263,1,2.2531645569620253,12,1860,,4617.1083984375,42,76,0.59375,0.18855195156254467,True
0.6,199,23390,1024,363,46,34,80,0.625,0.3544921875,7829,0.9556884765625,4278,0.5464299399667901,7580.5302734375,74.4462890625,9.33380774395115,-0.0014517703758253663,0.522216796875,0.1908511070312784,0.18467376718751893,46,57,1.2391304347826086,21,1.9099836333878888,13,1844,0.0,7595.364970645793,49,83,0.6484375,0.18855195156254467,True
0.65,0,712,1024,393,50,34,84,0.65625,0.3837890625,7799,0.9520263671875,3721,0.47711245031414284,5176.9736328125,58.6455078125,10.99004407814429,0.1517145423336081,0.4542236328125,0.1908511070312784,0.18467376718751893,50,61,1.22,20,2.196505376344086,13,1957,0.0,5187.10469667319,53,87,0.6796875,0.18855195156254467,True
0.65,1,24774,1024,744,93,34,127,0.9921875,0.7265625,7448,0.9091796875,3510,0.4712674543501611,3438.3916015625,48.6552734375,12.767250235044873,0.09710117798709009,0.428466796875,0.1908511070312784,0.18467376718751893,93,104,1.118279569892473,63,2.3160444571102876,13,1960,0.0,3462.0580137659786,99,133,1.0390625,0.18855195156254467,True
0.65,2,45142,1024,835,105,34,139,1.0859375,0.8154296875,7357,0.8980712890625,3442,0.4678537447329074,3763.220703125,51.68359375,12.375206715571903,0.08669914498818714,0.420166015625,0.1908511070312784,0.18467376718751893,105,116,1.1047619047619048,12,2.3766346992153444,9,1985,0.0,3766.8993157380255,110,144,1.125,0.18855195156254467,True
0.65,3,27119,1024,8,1,34,35,0.2734375,0.0078125,8184,0.9990234375,2534,0.30962854349951124,13507.533203125,72.75,6.825043171078154,0.07215086947164974,0.309326171875,0.1908511070312784,0.18467376718751893,1,9,9.0,7,3.230951440979076,35,1205,,13507.533203125,5,39,0.3046875,0.18855195156254467,True
0.65,4,21139,1024,620,78,34,112,0.875,0.60546875,7572,0.92431640625,3351,0.4425515055467512,1566.197265625,31.18359375,16.182338994570067,0.199195319798324,0.4090576171875,0.1908511070312784,0.18467376718751893,78,89,1.141025641025641,20,2.4388059701492537,11,1822,0.0,1569.2622309197652,83,117,0.9140625,0.18855195156254467,True
0.65,5,19129,1024,399,50,34,84,0.65625,0.3896484375,7793,0.9512939453125,4116,0.5281663030925189,7175.02734375,74.1796875,9.572568003793561,0.07469154837327507,0.50244140625,0.1908511070312784,0.18467376718751893,50,61,1.22,10,1.987606318347509,20,1899,0.0,7182.041055718475,54,88,0.6875,0.18855195156254467,True
0.65,6,6433,1024,607,76,34,110,0.859375,0.5927734375,7585,0.9259033203125,2911,0.3837837837837838,692.5234375,18.849609375,19.72645884785324,0.21290433419207153,0.3553466796875,0.1908511070312784,0.18467376718751893,76,87,1.144736842105263,21,2.8072164948453606,7,1621,0.0,693.8786692759295,81,115,0.8984375,0.18855195156254467,True
0.65,7,38854,1024,537,68,34,102,0.796875,0.5244140625,7655,0.9344482421875,3734,0.4877857609405617,4853.91796875,55.75,11.269879283899702,0.07452706710889188,0.455810546875,0.1908511070312784,0.18467376718751893,68,79,1.161764705882353,14,2.1899276721135816,9,1963,0.0,4858.662756598241,70,104,0.8125,0.18855195156254467,True
0.65,8,22489,1024,652,82,34,116,0.90625,0.63671875,7540,0.92041015625,3584,0.4753315649867374,3370.99609375,47.283203125,12.853221115993275,0.11141968319402175,0.4375,0.1908511070312784,0.18467376718751893,82,93,1.1341463414634145,20,2.280212112754675,7,2085,0.0,3377.5929549902153,87,121,0.9453125,0.18855195156254467,True
0.65,9,31104,1024,8,1,34,35,0.2734375,0.0078125,8184,0.9990234375,3902,0.4767839687194526,14984.8115234375,97.5341796875,6.374290760384213,0.0921203891602987,0.476318359375,0.1908511070312784,0.18467376718751893,1,9,9.0,3,2.098948987439118,8,2082,,14984.8115234375,5,39,0.3046875,0.18855195156254467,True
0.65,10,21349,1024,653,82,34,116,0.90625,0.6376953125,7539,0.9202880859375,3675,0.48746518105849584,8166.2001953125,70.8994140625,9.010603383725563,0.06569713235885216,0.4486083984375,0.1908511070312784,0.18467376718751893,82,93,1.1341463414634145,19,2.2240065323897658,14,1936,0.0,8182.181017612525,87,121,0.9453125,0.18855195156254467,True
0.65,11,29116,1024,403,51,34,85,0.6640625,0.3935546875,7789,0.9508056640625,3614,0.46398767492617793,5880.9482421875,58.1748046875,10.436330036442909,0.09894281238483947,0.441162109375,0.1908511070312784,0.18467376718751893,51,62,1.2156862745098038,53,2.25103791862718,13,1985,0.0,5915.610019646366,56,90,0.703125,0.18855195156254467,True
0.65,12,10772,1024,300,38,34,72,0.5625,0.29296875,7892,0.96337890625,3907,0.4950582868727826,10620.8896484375,84.8564453125,7.869194643461078,0.024407681987300096,0.4769287109375,0.1908511070312784,0.18467376718751893,38,49,1.2894736842105263,9,2.0944700460829493,12,1911,0.0,10631.27174975562,41,75,0.5859375,0.18855195156254467,True
0.65,13,18332,1024,599,75,34,109,0.8515625,0.5849609375,7593,0.9268798828125,3957,0.5211378901619913,2967.6943359375,47.4189453125,13.406611930519484,0.08287052081425457,0.4830322265625,0.1908511070312784,0.18467376718751893,75,86,1.1466666666666667,8,2.0682507583417595,15,1955,0.0,2970.5953079178885,79,113,0.8828125,0.18855195156254467,True
0.65,14,1003,1024,439,55,34,89,0.6953125,0.4287109375,7753,0.9464111328125,3865,0.49851670321166003,10862.0830078125,93.0400390625,7.771672435292194,0.06638185179219787,0.4718017578125,0.1908511070312784,0.18467376718751893,55,66,1.2,13,2.1156832298136647,13,2363,0.0,10872.700879765396,59,93,0.7265625,0.18855195156254467,True
0.65,15,22156,1024,345,44,34,78,0.609375,0.3369140625,7847,0.9578857421875,4133,0.5266981011851664,11252.0068359375,93.9423828125,7.618503735275169,0.04551131536238715,0.5045166015625,0.1908511070312784,0.18467376718751893,44,55,1.25,17,1.9774927395934172,13,1989,0.0,11274.026418786692,47,81,0.6328125,0.18855195156254467,True
0.65,16,26453,1024,293,37,34,71,0.5546875,0.2861328125,7899,0.9642333984375,3032,0.3838460564628434,2514.1943359375,31.9912109375,14.126815172063665,0.12041441894599665,0.3701171875,0.1908511070312784,0.18467376718751893,37,48,1.2972972972972974,12,2.697789508413065,6,1808,0.0,2516.6520039100683,41,75,0.5859375,0.18855195156254467,True
0.65,17,17039,1024,315,40,34,74,0.578125,0.3076171875,7877,0.9615478515625,3426,0.43493715881680844,584.0341796875,18.3466796875,20.466420966060184,0.28434018368936315,0.418212890625,0.1908511070312784,0.18467376718751893,40,51,1.275,10,2.3886131386861313,7,1742,0.0,584.6050830889541,44,78,0.609375,0.18855195156254467,True
0.65,18,7166,1024,527,66,34,100,0.78125,0.5146484375,7665,0.9356689453125,3935,0.5133724722765819,16537.4140625,119.697265625,5.9461276049950404,0.10517315740355697,0.4803466796875,0.1908511070312784,0.18467376718751893,66,77,1.1666666666666667,9,2.079816980172852,23,2071,0.0,16553.579667644182,71,105,0.8203125,0.18855195156254467,True
0.65,19,48310,1024,5,1,34,35,0.2734375,0.0048828125,8187,0.9993896484375,3583,0.43764504702577256,11717.3720703125,89.2646484375,7.442501402554064,0.08144840342342438,0.4373779296875,0.1908511070312784,0.18467376718751893,1,9,9.0,5,2.285315466219989,8,2120,,11717.3720703125,4,38,0.296875,0.18855195156254467,True
0.65,20,12187,1024,468,59,34,93,0.7265625,0.45703125,7724,0.94287109375,3602,0.4663386846193682,1613.5986328125,33.2900390625,16.052848436368244,0.2524404704009203,0.439697265625,0.1908511070312784,0.18467376718751893,59,70,1.1864406779661016,12,2.2713135240211053,13,1745,0.0,1615.175953079179,63,97,0.7578125,0.18855195156254467,True
0.65,21,20284,1024,521,66,34,100,0.78125,0.5087890625,7671,0.9364013671875,2479,0.3231651675140138,828.4609375,14.69921875,18.94808324911758,0.2782157570559035,0.3026123046875,0.1908511070312784,0.18467376718751893,66,77,1.1666666666666667,37,3.2901533494753834,15,1342,0.0,831.7098039215687,70,104,0.8125,0.18855195156254467,True
0.65,22,1052,1024,580,73,34,107,0.8359375,0.56640625,7612,0.92919921875,3400,0.4466631634261692,2020.673828125,35.39453125,15.075841443727004,0.08833392904172355,0.4150390625,0.1908511070312784,0.18467376718751893,73,84,1.1506849315068493,13,2.4051191526919684,12,1846,0.0,2022.6490713587489,77,111,0.8671875,0.18855195156254467,True
0.65,23,13752,1024,397,50,34,84,0.65625,0.3876953125,7795,0.9515380859375,2821,0.3618986529826812,1064.30078125,23.595703125,17.86015979922879,0.4185556701900141,0.3443603515625,0.1908511070312784,0.18467376718751893,50,61,1.22,26,2.893617021276596,20,1666,0.0,1067.4280117531832,53,87,0.6796875,0.18855195156254467,True
0.65,24,37139,1024,7,1,34,35,0.2734375,0.0068359375,8185,0.9991455078125,4095,0.5003054367745876,22312.1884765625,130.8505859375,4.645381910017536,0.04362690357938135,0.4998779296875,0.1908511070312784,0.18467376718751893,1,9,9.0,4,1.9997557401074744,8,2111,,22312.1884765625,4,38,0.296875,0.18855195156254467,True
0.65,25,29727,1024,557,70,34,104,0.8125,0.5439453125,7635,0.9320068359375,3809,0.4988867059593975,4325.9794921875,53.3837890625,11.769959045838196,0.07385859793530868,0.4649658203125,0.1908511070312784,0.18467376718751893,70,81,1.1571428571428573,11,2.1465336134453783,11,1882,0.0,4330.208211143695,74,108,0.84375,0.18855195156254467,True
0.65,26,41854,1024,618,78,34,112,0.875,0.603515625,7574,0.924560546875,2881,0.3803802482175865,729.9208984375,21.2880859375,19.498045627111185,0.258167318715252,0.3516845703125,0.1908511070312784,0.18467376718751893,78,89,1.141025641025641,20,2.8361111111111112,7,1704,0.0,731.3493150684932,83,117,0.9140625,0.18855195156254467,True
0.65,27,40333,1024,568,71,34,105,0.8203125,0.5546875,7624,0.9306640625,4207,0.5518100734522561,6514.6396484375,74.0498046875,9.99189962772239,0.05323339689405763,0.5135498046875,0.1908511070312784,0.18467376718751893,71,82,1.1549295774647887,8,1.9450784593437946,15,1930,0.0,6521.007820136852,76,110,0.859375,0.18855195156254467,True
0.65,28,33248,1024,7,1,34,35,0.2734375,0.0068359375,8185,0.9991455078125,3273,0.3998778252901649,9998.142578125,80.83203125,8.131610351675407,0.17892703589068448,0.3995361328125,0.1908511070312784,0.18467376718751893,1,9,9.0,375,2.388753056234719,8,1825,0.0,10468.402862985686,4,38,0.296875,0.18855195156254467,True
0.65,29,9680,1024,253,32,34,66,0.515625,0.2470703125,7939,0.9691162109375,3426,0.4315404962841668,10451.3310546875,73.2509765625,7.939087562683405,0.03161592295919857,0.418212890625,0.1908511070312784,0.18467376718751893,32,43,1.34375,13,2.3862773722627737,7,1940,0.0,10461.547409579667,36,70,0.546875,0.18855195156254467,True
0.65,30,16805,1024,513,65,34,99,0.7734375,0.5009765625,7679,0.9373779296875,3308,0.4307852584972002,2214.1767578125,36.3623046875,14.678680731967301,0.09998498787418397,0.40380859375,0.1908511070312784,0.18467376718751893,65,76,1.1692307692307693,19,2.471121862715452,13,1864,0.0,2218.509784735812,68,102,0.796875,0.18855195156254467,True
0.65,31,14652,1024,549,69,34,103,0.8046875,0.5361328125,7643,0.9329833984375,3851,0.5038597409394217,4107.3466796875,56.5478515625,11.995189999375466,0.31080480140316313,0.4700927734375,0.1908511070312784,0.18467376718751893,69,80,1.1594202898550725,20,2.1218181818181816,13,1902,0.0,4115.384540117417,74,108,0.84375,0.18855195156254467,True
0.65,32,15793,1024,297,38,34,72,0.5625,0.2900390625,7895,0.9637451171875,3096,0.3921469284357188,3937.1484375,40.9140625,12.17898572094468,0.28192986045195695,0.3779296875,0.1908511070312784,0.18467376718751893,38,49,1.2894736842105263,39,2.6339256865912763,8,1866,0.0,3952.5882352941176,41,75,0.5859375,0.18855195156254467,True
0.65,33,30210,1024,6,1,34,35,0.2734375,0.005859375,8186,0.999267578125,3415,0.41717566577082826,9026.8125,66.98046875,8.575459392413414,0.30930681885116496,0.4168701171875,0.1908511070312784,0.18467376718751893,1,9,9.0,3,2.397773872290568,69,1984,,9026.8125,4,38,0.296875,0.18855195156254467,True
0.65,34,47426,1024,437,55,34,89,0.6953125,0.4267578125,7755,0.9466552734375,4383,0.565183752417795,24646.6279296875,146.8916015625,4.213228519283662,0.004512747184621803,0.5350341796875,0.1908511070312784,0.18467376718751893,55,66,1.2,9,1.8669557279780922,13,2030,0.0,24670.720430107525,60,94,0.734375,0.18855195156254467,True
0.65,35,20875,1024,567,71,34,105,0.8203125,0.5537109375,7625,0.9307861328125,3322,0.435672131147541,2391.8935546875,37.1884765625,14.343385123243102,0.08588589817250761,0.405517578125,0.1908511070312784,0.18467376718751893,71,82,1.1549295774647887,11,2.462210177657332,13,1850,0.0,2394.231671554252,75,109,0.8515625,0.18855195156254467,True
0.65,36,4161,1024,260,33,34,67,0.5234375,0.25390625,7932,0.96826171875,3724,0.4694906707009581,13168.412109375,94.455078125,6.935469514120101,0.02936946897086668,0.45458984375,0.1908511070312784,0.18467376718751893,33,44,1.3333333333333333,13,2.1963470319634704,13,2025,0.0,13181.284457478007,37,71,0.5546875,0.18855195156254467,True
0.65,37,40340,1024,312,39,34,73,0.5703125,0.3046875,7880,0.9619140625,3898,0.49467005076142134,5267.4765625,59.6171875,10.914777489654783,0.15710237672226118,0.475830078125,0.1908511070312784,0.18467376718751893,39,50,1.2820512820512822,12,2.098280728765717,11,1923,0.0,5272.625610948192,43,77,0.6015625,0.18855195156254467,True
0.65,38,28286,1024,310,39,34,73,0.5703125,0.302734375,7882,0.962158203125,3669,0.46549099213397616,9403.2685546875,77.2880859375,8.398015212548227,0.10457325047477137,0.4478759765625,0.1908511070312784,0.18467376718751893,39,48,1.2307692307692308,22,2.2270992366412212,8,2172,0.0,9421.67025440313,43,77,0.6015625,0.18855195156254467,True
0.65,39,13256,1024,570,72,34,106,0.828125,0.556640625,7622,0.930419921875,3594,0.47152978220939384,3053.7333984375,41.9150390625,13.282492419135423,0.09511220680877436,0.438720703125,0.1908511070312784,0.18467376718751893,72,83,1.1527777777777777,19,2.274144169217924,12,1822,0.0,3059.70939334638,77,111,0.8671875,0.18855195156254467,True
0.65,40,48934,1024,273,35,34,69,0.5390625,0.2666015625,7919,0.9666748046875,3361,0.4244222755398409,9246.75390625,67.857421875,8.470910614287945,0.016806036486961943,0.4102783203125,0.1859196367187792,0.18895807734372738,35,44,1.2571428571428571,12,2.4339285714285714,12,1826,0.0,9255.792766373412,38,72,0.5625,0.18819407265624477,True
0.65,41,11935,1024,591,74,34,108,0.84375,0.5771484375,7601,0.9278564453125,4254,0.5596632022102355,4922.76171875,63.115234375,11.208715461669605,0.10084056894057034,0.519287109375,0.1859196367187792,0.18895807734372738,74,85,1.1486486486486487,18,1.9205266870444393,15,1974,0.0,4932.39530332681,79,113,0.8828125,0.18819407265624477,True
0.65,42,48447,1024,770,97,34,131,1.0234375,0.751953125,7422,0.906005859375,3756,0.5060630557801131,929.7421875,24.16796875,18.447178231403633,0.2212098743125144,0.45849609375,0.1859196367187792,0.18895807734372738,97,108,1.1134020618556701,19,2.1760319573901463,15,1649,0.0,931.5616438356165,102,136,1.0625,0.18819407265624477,True
0.65,43,15492,1024,320,40,34,74,0.578125,0.3125,7872,0.9609375,3767,0.47853150406504064,4613.294921875,57.705078125,11.490691414972913,0.06432216108315698,0.4598388671875,0.1859196367187792,0.18895807734372738,40,51,1.275,10,2.1723313860860327,13,1865,0.0,4617.80449657869,44,78,0.609375,0.18819407265624477,True
0.65,44,32513,1024,656,82,34,116,0.90625,0.640625,7536,0.919921875,4157,0.5516188959660298,6780.3779296875,72.9462890625,9.818264593012206,0.16002437433187466,0.5074462890625,0.1859196367187792,0.18895807734372738,82,93,1.1341463414634145,10,1.9684793070259865,14,1938,0.0,6787.005865102639,88,122,0.953125,0.18819407265624477,True
0.65,45,36099,1024,17,3,34,37,0.2890625,0.0166015625,8175,0.9979248046875,3832,0.4687461773700306,20705.9345703125,126.4912109375,4.969855235388211,0.081548043340001,0.4677734375,0.1859196367187792,0.18895807734372738,3,11,3.6666666666666665,15,2.133907595927956,8,2078,0.0,20726.174975562073,6,40,0.3125,0.18819407265624477,True
0.65,46,39260,1024,700,88,34,122,0.953125,0.68359375,7492,0.91455078125,3355,0.4478109983982915,2775.375,44.412109375,13.697586889307932,0.25675476740352654,0.4095458984375,0.1859196367187792,0.18895807734372738,88,99,1.125,11,2.438580799045915,9,1840,0.0,2778.0879765395894,91,125,0.9765625,0.18819407265624477,True
0.65,47,46517,1024,740,93,34,127,0.9921875,0.72265625,7452,0.90966796875,3499,0.4695383789586688,3081.4287109375,45.3740234375,13.243282361173275,0.19761336515337344,0.4271240234375,0.1859196367187792,0.18895807734372738,93,104,1.118279569892473,38,2.3304745568896514,10,1930,0.0,3093.5127450980394,100,134,1.046875,0.18819407265624477,True
0.65,48,33095,1024,590,74,34,108,0.84375,0.576171875,7602,0.927978515625,3786,0.4980268350434096,3311.9609375,46.6015625,12.929951549556243,0.10558441411725815,0.462158203125,0.1859196367187792,0.18895807734372738,74,85,1.1486486486486487,21,2.157463672391017,13,1858,0.0,3318.4422700587083,79,113,0.8828125,0.18819407265624477,True
0.65,49,3,1024,240,30,34,64,0.5,0.234375,7952,0.970703125,3651,0.4591297786720322,5561.2578125,67.396484375,10.679073320109767,0.0761508620600205,0.4456787109375,0.1859196367187792,0.18895807734372738,30,39,1.3,10,2.2405479452054795,7,2315,0.0,5566.69403714565,35,69,0.5390625,0.18819407265624477,True
0.65,50,21683,1024,240,30,34,64,0.5,0.234375,7952,0.970703125,3604,0.45321931589537223,6738.19140625,65.212890625,9.845370174021632,0.07334451824401189,0.43994140625,0.1859196367187792,0.18895807734372738,30,39,1.3,10,2.270607826810991,8,2131,0.0,6744.7781036168135,33,67,0.5234375,0.18819407265624477,True
0.65,51,13446,1024,312,39,34,73,0.5703125,0.3046875,7880,0.9619140625,3951,0.5013959390862944,5873.380859375,61.421875,10.441921972866627,0.04024586725519121,0.4822998046875,0.1859196367187792,0.18895807734372738,39,50,1.2820512820512822,12,2.070126582278481,13,2134,0.0,5879.122189638319,43,77,0.6015625,0.18819407265624477,True
0.65,52,49515,1024,388,49,34,83,0.6484375,0.37890625,7804,0.95263671875,3711,0.47552537160430547,5663.9912109375,61.6943359375,10.599577900993875,0.17760219281434372,0.4530029296875,0.1859196367187792,0.18895807734372738,49,60,1.2244897959183674,63,2.190566037735849,16,2024,0.0,5702.976401179941,53,87,0.6796875,0.18819407265624477,True
0.65,53,27943,1024,742,93,34,127,0.9921875,0.724609375,7450,0.909423828125,3744,0.5025503355704698,6008.5556640625,66.8369140625,10.343102719787867,0.09824517818197905,0.45703125,0.1859196367187792,0.18895807734372738,93,104,1.118279569892473,11,2.1854127705049424,12,2090,0.0,6014.429130009775,99,133,1.0390625,0.18819407265624477,True
0.65,54,29059,1024,598,75,34,109,0.8515625,0.583984375,7594,0.927001953125,3886,0.5117197787727154,5498.7548828125,64.3603515625,10.728160002357832,0.0527708338925131,0.474365234375,0.1859196367187792,0.18895807734372738,75,86,1.1466666666666667,9,2.105791505791506,8,2074,0.0,5504.130009775171,81,115,0.8984375,0.18819407265624477,True
0.65,55,32738,1024,551,69,34,103,0.8046875,0.5380859375,7641,0.9327392578125,3186,0.4169611307420495,2327.1435546875,31.4951171875,14.462571863969721,0.4064477450527381,0.388916015625,0.1859196367187792,0.18895807734372738,69,80,1.1594202898550725,62,2.5516483516483515,15,1538,0.0,2343.1612586037363,72,106,0.828125,0.18819407265624477,True
0.65,56,445,1024,537,68,34,102,0.796875,0.5244140625,7655,0.9344482421875,3581,0.46779882429784453,6999.306640625,64.3828125,9.680253404343391,0.054860985021776505,0.4371337890625,0.1859196367187792,0.18895807734372738,68,79,1.161764705882353,30,2.279050279329609,13,2021,0.0,7019.872673849168,71,105,0.8203125,0.18819407265624477,True
0.65,57,32216,1024,628,79,34,113,0.8828125,0.61328125,7564,0.92333984375,3704,0.48968799576943417,9252.9453125,72.77734375,8.468003654949639,0.058662546729584306,0.4521484375,0.1859196367187792,0.18895807734372738,79,90,1.139240506329114,22,2.2052389954091276,14,1857,0.0,9271.052837573385,86,120,0.9375,0.18819407265624477,True
0.65,58,18250,1024,436,55,34,89,0.6953125,0.42578125,7756,0.94677734375,3795,0.4892986075296545,2950.3740234375,45.4677734375,13.43203285222485,0.11721429641884018,0.4632568359375,0.1859196367187792,0.18895807734372738,55,66,1.2,29,2.150500790722193,15,1786,0.0,2959.043095004897,59,93,0.7265625,0.18819407265624477,True
0.65,59,1684,1024,712,89,34,123,0.9609375,0.6953125,7480,0.9130859375,3883,0.5191176470588236,5662.7822265625,62.4990234375,10.600505005694362,0.0567327984001776,0.4739990234375,0.1859196367187792,0.18895807734372738,89,100,1.1235955056179776,30,2.1014940752189593,19,1815,0.0,5679.421155729677,95,129,1.0078125,0.18819407265624477,True
0.65,60,2899,1024,252,32,34,66,0.515625,0.24609375,7940,0.96923828125,3638,0.45818639798488664,5512.3564453125,62.9638671875,10.717430682914133,0.07053040323743348,0.444091796875,0.1859196367187792,0.18895807734372738,32,41,1.28125,12,2.2488314544954635,7,1942,0.0,5517.744868035191,36,70,0.546875,0.18819407265624477,True
0.65,61,39428,1024,16,2,34,36,0.28125,0.015625,8176,0.998046875,3350,0.4097358121330724,6841.1103515625,63.7021484375,9.779537649342057,0.10523957838359621,0.408935546875,0.1859196367187792,0.18895807734372738,2,10,5.0,5,2.444013138250224,8,1987,,6841.1103515625,5,39,0.3046875,0.18819407265624477,True
0.65,62,40758,1024,367,46,34,80,0.625,0.3583984375,7825,0.9552001953125,4204,0.5372523961661342,13783.1650390625,98.7919921875,6.73731404459784,0.028272889746783655,0.51318359375,0.1859196367187792,0.18895807734372738,46,55,1.1956521739130435,9,1.9464668094218416,9,2081,0.0,13796.638318670577,50,84,0.65625,0.18819407265624477,True
0.65,63,29154,1024,723,91,34,125,0.9765625,0.7060546875,7469,0.9117431640625,3840,0.5141250502075244,4497.359375,56.810546875,11.601227683092048,0.04301315030545071,0.46875,0.1859196367187792,0.18895807734372738,91,102,1.120879120879121,11,2.1307632195884345,14,1950,0.0,4501.755620723363,94,128,1.0,0.18819407265624477,True
0.65,64,43958,1024,575,72,34,106,0.828125,0.5615234375,7617,0.9298095703125,3781,0.4963896547197059,2261.732421875,42.19921875,14.586391371913695,0.12460746007906433,0.4615478515625,0.1859196367187792,0.18895807734372738,72,83,1.1527777777777777,9,2.164285714285714,7,1994,0.0,2263.94330400782,78,112,0.875,0.18819407265624477,True
0.65,65,33814,1024,20,3,34,37,0.2890625,0.01953125,8172,0.99755859375,3993,0.48861967694566816,20869.5390625,127.611328125,4.9356750379207845,0.041267392330430426,0.4874267578125,0.1859196367187792,0.18895807734372738,3,11,3.6666666666666665,4,2.0508517034068134,8,2084,,20869.5390625,6,40,0.3125,0.18819407265624477,True
0.65,66,34153,1024,325,41,34,75,0.5859375,0.3173828125,7867,0.9603271484375,4229,0.5375619677132325,7945.4384765625,76.7080078125,9.129624917100415,0.076368664731591,0.5162353515625,0.1859196367187792,0.18895807734372738,41,52,1.2682926829268293,12,1.9344843897824031,13,1901,0.0,7953.205278592375,45,79,0.6171875,0.18819407265624477,True
0.65,67,43609,1024,296,37,34,71,0.5546875,0.2890625,7896,0.9638671875,3947,0.49987335359675783,17046.95703125,105.755859375,5.814334944004455,0.02566051148092702,0.4818115234375,0.1859196367187792,0.18895807734372738,37,48,1.2972972972972974,35,2.0663963507349212,22,2035,0.0,17113.807843137256,41,75,0.5859375,0.18819407265624477,True
0.65,68,10762,1024,590,74,34,108,0.84375,0.576171875,7602,0.927978515625,3625,0.47684819784267296,4382.53125,50.8984375,11.713553393184675,0.05605013037461335,0.4425048828125,0.1859196367187792,0.18895807734372738,74,85,1.1486486486486487,23,2.252759381898455,11,1878,0.0,4391.107632093934,78,112,0.875,0.18819407265624477,True
0.65,69,17898,1024,746,94,34,128,1.0,0.728515625,7446,0.908935546875,3687,0.4951651893634166,2135.609375,39.474609375,14.835585421912024,0.1916218375044637,0.4500732421875,0.1859196367187792,0.18895807734372738,94,105,1.1170212765957446,35,2.212425393380358,13,1755,0.0,2143.98431372549,99,133,1.0390625,0.18819407265624477,True
0.65,70,43653,1024,39,5,34,39,0.3046875,0.0380859375,8153,0.9952392578125,3389,0.41567521157856,12064.484375,84.69140625,7.315715955744119,0.00788677496889104,0.4136962890625,0.1859196367187792,0.18895807734372738,5,13,2.6,39,2.406139315230224,8,1921,0.0,12111.796078431373,8,42,0.328125,0.18819407265624477,True
0.65,71,14233,1024,594,75,34,109,0.8515625,0.580078125,7598,0.927490234375,3570,0.46986048960252697,3451.0791015625,44.8974609375,12.751254470767432,0.050757905810082,0.435791015625,0.1859196367187792,0.18895807734372738,75,86,1.1466666666666667,13,2.290837769683385,13,1895,0.0,3454.4525904203324,81,115,0.8984375,0.18819407265624477,True
0.65,72,39520,1024,367,46,34,80,0.625,0.3583984375,7825,0.9552001953125,3658,0.46747603833865814,10640.7265625,88.990234375,7.861090777104361,0.06674848296414262,0.446533203125,0.1859196367187792,0.18895807734372738,46,57,1.2391304347826086,29,2.2318840579710146,13,2106,0.0,10671.992164544565,51,85,0.6640625,0.18819407265624477,True
0.65,73,18138,1024,664,83,34,117,0.9140625,0.6484375,7528,0.9189453125,3568,0.47396386822529224,1990.6630859375,33.8212890625,15.140825977263049,0.17877746555518326,0.435546875,0.1859196367187792,0.18895807734372738,83,94,1.1325301204819278,12,2.292682926829268,16,1712,0.0,1992.6089931573802,88,122,0.953125,0.18819407265624477,True
0.65,74,9212,1024,44,6,34,40,0.3125,0.04296875,8148,0.99462890625,4412,0.5414825724104074,32784.8759765625,169.5302734375,2.9740681577513413,0.013876725257101345,0.53857421875,0.1859196367187792,0.18895807734372738,6,14,2.3333333333333335,30,1.8501473588755384,36,1905,0.0,32881.20763956905,9,43,0.3359375,0.18819407265624477,True
0.65,75,6456,1024,667,84,34,118,0.921875,0.6513671875,7525,0.9185791015625,4086,0.5429900332225913,4366.65234375,54.591796875,11.729317444449096,0.13623057806675343,0.498779296875,0.1859196367187792,0.18895807734372738,84,95,1.130952380952381,12,2.001958384332925,19,1880,0.0,4370.92082111437,88,122,0.953125,0.18819407265624477,True
0.65,76,22948,1024,345,44,34,78,0.609375,0.3369140625,7847,0.9578857421875,3672,0.46794953485408436,5366.69140625,50.8046875,10.833737375234694,0.24384441245165725,0.4482421875,0.1859196367187792,0.18895807734372738,44,53,1.2045454545454546,22,2.2252792154726233,18,1910,0.0,5377.19373776908,47,81,0.6328125,0.18819407265624477,True
0.65,77,7591,1024,653,82,34,116,0.90625,0.6376953125,7539,0.9202880859375,3454,0.4581509484016448,2653.478515625,42.806640625,13.892647852331194,0.10429585264337218,0.421630859375,0.1859196367187792,0.18895807734372738,82,93,1.1341463414634145,11,2.3686649290472053,7,2057,0.0,2656.0723362658846,86,120,0.9375,0.18819407265624477,True
0.65,78,29996,1024,677,85,34,119,0.9296875,0.6611328125,7515,0.9173583984375,3247,0.4320691949434464,8325.740234375,71.208984375,8.926575042255633,0.12993094628319926,0.3963623046875,0.1859196367187792,0.18895807734372738,85,96,1.1294117647058823,46,2.5089340727048675,7,1956,0.0,8366.59273797841,89,123,0.9609375,0.18819407265624477,True
0.65,79,10378,1024,377,48,34,82,0.640625,0.3681640625,7815,0.9539794921875,2835,0.362763915547025,4070.5712890625,40.9345703125,12.034249958008918,0.037836333892995226,0.3460693359375,0.1859196367187792,0.18895807734372738,48,59,1.2291666666666667,18,2.883909668313338,8,1679,0.0,4078.537181996086,53,87,0.6796875,0.18819407265624477,True
0.65,80,27337,1024,415,52,34,86,0.671875,0.4052734375,7777,0.9493408203125,3468,0.44593030731644595,9055.458984375,79.1171875,8.561698930395302,0.13521287952868027,0.42333984375,0.1859196367187792,0.18895807734372738,52,63,1.2115384615384615,13,2.3582347851168155,8,2005,0.0,9064.310850439882,57,91,0.7109375,0.18819407265624477,True
0.65,81,19965,1024,655,82,34,116,0.90625,0.6396484375,7537,0.9200439453125,3603,0.478041661138384,6351.1572265625,57.9306640625,10.102274967852196,0.05397866239292076,0.4398193359375,0.1859196367187792,0.18895807734372738,82,93,1.1341463414634145,29,2.265685730149917,8,1949,0.0,6369.818805093046,88,122,0.953125,0.18819407265624477,True
0.65,82,24405,1024,587,74,34,108,0.84375,0.5732421875,7605,0.9283447265625,3455,0.4543063773833005,3040.080078125,42.087890625,13.301953374467319,0.1324658476263663,0.4217529296875,0.1859196367187792,0.18895807734372738,74,85,1.1486486486486487,12,2.3671105964099595,10,1990,0.0,3043.051808406647,77,111,0.8671875,0.18819407265624477,True
0.65,83,45135,1024,285,36,34,70,0.546875,0.2783203125,7907,0.9652099609375,4048,0.5119514354369546,14536.3125,104.236328125,6.506261100539829,0.06119937254253954,0.494140625,0.1859196367187792,0.18895807734372738,36,47,1.3055555555555556,29,2.0160612799604647,8,2086,0.0,14579.024485798236,40,74,0.578125,0.18819407265624477,True
0.65,84,11274,1024,339,43,34,77,0.6015625,0.3310546875,7853,0.9586181640625,3058,0.38940532280657075,6154.1005859375,58.3876953125,10.239157705553307,0.06337657690527092,0.373291015625,0.1859196367187792,0.18895807734372738,43,54,1.255813953488372,31,2.668956493294079,8,1859,0.0,6172.183153770813,47,81,0.6328125,0.18819407265624477,True
0.65,85,1941,1024,705,89,34,123,0.9609375,0.6884765625,7487,0.9139404296875,3307,0.4416989448377187,771.337890625,22.298828125,19.258356950244224,0.1972795759337685,0.4036865234375,0.1859196367187792,0.18895807734372738,89,100,1.1235955056179776,19,2.47156684815487,14,1658,0.0,772.8473581213307,95,129,1.0078125,0.18819407265624477,True
0.65,86,48940,1024,271,34,34,68,0.53125,0.2646484375,7921,0.9669189453125,3429,0.4328998863779826,3330.9384765625,45.9755859375,12.905137496526173,0.0869017043367532,0.4185791015625,0.1859196367187792,0.18895807734372738,34,43,1.2647058823529411,10,2.385064177362894,7,1976,0.0,3334.194525904203,39,73,0.5703125,0.18819407265624477,True
0.65,87,36794,1024,605,76,34,110,0.859375,0.5908203125,7587,0.9261474609375,3766,0.49637537893765654,14256.00390625,98.7890625,6.590825551752099,0.03405934296545618,0.459716796875,0.1859196367187792,0.18895807734372738,76,87,1.144736842105263,46,2.162815405046481,20,1922,0.0,14325.954857703631,81,115,0.8984375,0.18819407265624477,True
0.65,88,21994,1024,376,47,34,81,0.6328125,0.3671875,7816,0.9541015625,3670,0.4695496417604913,8193.658203125,75.0,8.996025173836626,0.06542356206576198,0.447998046875,0.1859196367187792,0.18895807734372738,47,58,1.2340425531914894,12,2.2289452166802945,7,2133,0.0,8201.667644183774,52,86,0.671875,0.18819407265624477,True
0.65,89,49944,1024,558,70,34,104,0.8125,0.544921875,7634,0.931884765625,3804,0.4982970919570343,10338.87109375,82.75390625,7.9860724034217405,0.14002808605707273,0.46435546875,0.1859196367187792,0.18895807734372738,70,81,1.1571428571428573,47,2.141467262687352,12,2049,0.0,10389.60157016683,75,109,0.8515625,0.18819407265624477,True
0.65,90,43442,1024,658,83,34,117,0.9140625,0.642578125,7534,0.919677734375,1900,0.252190071675073,372.513671875,7.86328125,22.419381441569996,0.5819042800886278,0.23193359375,0.1859196367187792,0.18895807734372738,83,94,1.1325301204819278,28,4.298051606108478,8,1213,0.0,373.6082272282076,86,120,0.9375,0.18819407265624477,True
0.65,91,45096,1024,318,40,34,74,0.578125,0.310546875,7874,0.961181640625,3368,0.42773685547371093,1580.1923828125,30.4013671875,16.143703968833172,0.25847059162044594,0.4111328125,0.1859196367187792,0.18895807734372738,40,51,1.275,12,2.4282744282744284,7,1798,0.0,1581.7370478983382,44,78,0.609375,0.18819407265624477,True
0.65,92,42430,1024,716,90,34,124,0.96875,0.69921875,7476,0.91259765625,3394,0.4539860888175495,381.5859375,14.115234375,22.314879994969775,0.3754853486883582,0.414306640625,0.1859196367187792,0.18895807734372738,90,101,1.1222222222222222,39,2.3990568818155027,23,1412,0.0,383.08235294117645,95,129,1.0078125,0.18819407265624477,True
0.65,93,42255,1024,661,83,34,117,0.9140625,0.6455078125,7531,0.9193115234375,4024,0.5343247908644271,3809.9423828125,54.3134765625,12.321619529129737,0.18201024559995418,0.4912109375,0.1859196367187792,0.18895807734372738,83,94,1.1325301204819278,44,2.0243599304001987,14,1885,0.0,3828.6368989205102,88,122,0.953125,0.18819407265624477,True
0.65,94,5771,1024,8,1,34,35,0.2734375,0.0078125,8184,0.9990234375,4635,0.5663489736070382,30765.216796875,161.427734375,3.2502038103902735,0.028720390577242787,0.5657958984375,0.1859196367187792,0.18895807734372738,1,9,9.0,23,1.7615451014242556,62,1884,0.0,30825.422700587085,5,39,0.3046875,0.18819407265624477,True
0.65,95,8320,1024,571,72,34,106,0.828125,0.5576171875,7621,0.9302978515625,3463,0.45440230940821413,2030.7236328125,37.0869140625,15.054295378626117,0.0913421633292396,0.4227294921875,0.1859196367187792,0.18895807734372738,72,83,1.1527777777777777,13,2.3613518197573655,14,1929,0.0,2032.7086999022483,77,111,0.8671875,0.18819407265624477,True
0.65,96,48807,1024,417,53,34,87,0.6796875,0.4072265625,7775,0.9490966796875,3958,0.5090675241157556,10853.453125,90.986328125,7.77512425951548,0.07529692455000443,0.483154296875,0.1859196367187792,0.18895807734372738,53,64,1.2075471698113207,11,2.0667172100075817,15,2150,0.0,10864.06256109482,57,91,0.7109375,0.18819407265624477,True
0.65,97,2675,1024,546,69,34,103,0.8046875,0.533203125,7646,0.933349609375,3174,0.4151190164792048,2252.2568359375,33.5087890625,14.604624471263003,0.27949733853012443,0.387451171875,0.1859196367187792,0.18895807734372738,69,80,1.1594202898550725,38,2.5691774346044753,13,1733,0.0,2261.0892156862747,73,107,0.8359375,0.18819407265624477,True
0.65,98,37658,1024,314,40,34,74,0.578125,0.306640625,7878,0.961669921875,3597,0.4565879664889566,14319.458984375,92.369140625,6.571537510342802,0.019733590266554055,0.4390869140625,0.1859196367187792,0.18895807734372738,40,51,1.275,12,2.274471635150167,8,2096,0.0,14333.456500488759,44,78,0.609375,0.18819407265624477,True
0.65,99,45710,1024,373,47,34,81,0.6328125,0.3642578125,7819,0.9544677734375,4129,0.5280726435605576,17365.7548828125,123.1279296875,5.733866941935291,0.05896372557625089,0.5040283203125,0.1859196367187792,0.18895807734372738,47,58,1.2340425531914894,12,1.9811046511627908,12,2103,0.0,17382.730205278593,51,85,0.6640625,0.18819407265624477,True
0.65,100,15813,1024,532,67,34,101,0.7890625,0.51953125,7660,0.93505859375,3220,0.42036553524804177,1045.8408203125,22.4560546875,17.936147720542397,0.2414703831955851,0.39306640625,0.1859196367187792,0.18895807734372738,67,78,1.164179104477612,12,2.5408511960236098,13,1630,0.0,1046.863147605083,73,107,0.8359375,0.18819407265624477,True
0.65,101,7135,1024,525,66,34,100,0.78125,0.5126953125,7667,0.9359130859375,3676,0.47945741489500454,3440.736328125,51.189453125,12.764289679993396,0.1866723893600618,0.44873046875,0.1859196367187792,0.18895807734372738,66,77,1.1666666666666667,12,2.225034013605442,16,1837,0.0,3444.099706744868,70,104,0.8125,0.18819407265624477,True
0.65,102,31775,1024,363,46,34,80,0.625,0.3544921875,7829,0.9556884765625,3797,0.4849916975348065,7394.43359375,83.07421875,9.441754477858218,0.1862053396413264,0.4635009765625,0.1859196367187792,0.18895807734372738,46,57,1.2391304347826086,9,2.155163329820864,7,2548,0.0,7401.661779081134,51,85,0.6640625,0.18819407265624477,True
0.65,103,31772,1024,590,74,34,108,0.84375,0.576171875,7602,0.927978515625,3598,0.4732965009208103,8266.009765625,74.103515625,8.957844468379548,0.07532913689754218,0.439208984375,0.1859196367187792,0.18895807734372738,74,85,1.1486486486486487,12,2.2738393105365584,8,2086,0.0,8274.089931573802,79,113,0.8828125,0.18819407265624477,True
0.65,104,25160,1024,741,93,34,127,0.9921875,0.7236328125,7451,0.9095458984375,3284,0.44074620856260904,767.6015625,18.845703125,19.27944510770556,0.2646895618130885,0.40087890625,0.1859196367187792,0.18895807734372738,93,104,1.118279569892473,20,2.488272921108742,13,1500,0.0,769.1037181996086,97,131,1.0234375,0.18819407265624477,True
0.65,105,36108,1024,681,86,34,120,0.9375,0.6650390625,7511,0.9168701171875,3502,0.46624950073225935,9505.521484375,79.4921875,8.351044130937051,0.09285355822873967,0.427490234375,0.1859196367187792,0.18895807734372738,86,97,1.127906976744186,28,2.331333904598686,13,2100,0.0,9533.451518119491,90,124,0.96875,0.18819407265624477,True
0.65,106,1260,1024,458,58,34,92,0.71875,0.447265625,7734,0.944091796875,3092,0.39979312128264805,4124.5322265625,45.1669921875,11.977056596043191,0.08833521975000111,0.37744140625,0.1859196367187792,0.18895807734372738,58,69,1.1896551724137931,20,2.642834034293109,7,1858,0.0,4132.603718199609,62,96,0.75,0.18819407265624477,True
0.65,107,37885,1024,305,39,34,73,0.5703125,0.2978515625,7887,0.9627685546875,3655,0.4634208190693546,9352.8466796875,81.4365234375,8.421365458116394,0.030582859461747307,0.4461669921875,0.1859196367187792,0.18895807734372738,39,50,1.2820512820512822,13,2.2375478927203063,7,2102,0.0,9361.989247311827,42,76,0.59375,0.18819407265624477,True
0.65,108,41535,1024,5,1,34,35,0.2734375,0.0048828125,8187,0.9993896484375,3583,0.43764504702577256,19386.240234375,122.7890625,5.255867706541303,0.0897188649870212,0.4373779296875,0.1859196367187792,0.18895807734372738,1,9,9.0,127,2.2445561139028474,11,1936,0.0,19674.44003964321,4,38,0.296875,0.18819407265624477,True
0.65,109,44889,1024,350,44,34,78,0.609375,0.341796875,7842,0.957275390625,3572,0.4554960469268044,6633.240234375,64.08203125,9.91354634551878,0.05560649275867333,0.43603515625,0.1859196367187792,0.18895807734372738,44,55,1.25,55,2.278353402408289,12,1782,0.0,6672.335952848723,48,82,0.640625,0.18819407265624477,True
0.65,110,28184,1024,542,68,34,102,0.796875,0.529296875,7650,0.933837890625,3827,0.5002614379084968,5360.6513671875,65.7158203125,10.838627972967847,0.13837893311064672,0.4671630859375,0.1859196367187792,0.18895807734372738,68,79,1.161764705882353,9,2.138003136434919,7,2210,0.0,5365.891495601173,75,109,0.8515625,0.18819407265624477,True
0.65,111,25319,1024,322,41,34,75,0.5859375,0.314453125,7870,0.960693359375,4193,0.5327827191867852,7553.4697265625,75.9521484375,9.349338679209193,0.08062503634183556,0.5118408203125,0.1859196367187792,0.18895807734372738,41,52,1.2682926829268293,11,1.9506202290076335,13,1808,0.0,7560.853372434018,44,78,0.609375,0.18819407265624477,True
0.65,112,11010,1024,611,77,34,111,0.8671875,0.5966796875,7581,0.9254150390625,3441,0.45389790265136526,4227.57421875,52.5703125,11.869891201130596,0.055858299748407246,0.4200439453125,0.1859196367187792,0.18895807734372738,77,88,1.1428571428571428,36,2.3703488372093022,13,1895,0.0,4244.15294117647,81,115,0.8984375,0.18819407265624477,True
0.65,113,33880,1024,327,41,34,75,0.5859375,0.3193359375,7865,0.9600830078125,3170,0.4030514939605849,1578.4267578125,28.6826171875,16.148559263126902,0.12961010045735874,0.386962890625,0.1859196367187792,0.18895807734372738,41,52,1.2682926829268293,8,2.581571473650994,8,1730,0.0,1579.969696969697,46,80,0.625,0.18819407265624477,True
0.65,114,19307,1024,433,55,34,89,0.6953125,0.4228515625,7759,0.9471435546875,3414,0.44000515530351847,2927.046875,42.369140625,13.466506833979617,0.16294412974887817,0.416748046875,0.1859196367187792,0.18895807734372738,55,66,1.2,63,2.3811895692938765,7,2033,0.0,2947.1937069813175,58,92,0.71875,0.18819407265624477,True
0.65,115,12236,1024,10,2,34,36,0.28125,0.009765625,8182,0.998779296875,2116,0.25861647518944025,6238.68359375,45.14453125,10.179874007180638,0.06896681640727151,0.25830078125,0.1859196367187792,0.18895807734372738,2,10,5.0,15,3.831678486997636,7,1292,0.0,6244.78201368524,5,39,0.3046875,0.18819407265624477,True
0.65,116,13805,1024,431,54,34,88,0.6875,0.4208984375,7761,0.9473876953125,4283,0.5518618734699137,17345.12109375,123.341796875,5.739030246826919,0.06312863762181103,0.5228271484375,0.1859196367187792,0.18895807734372738,54,65,1.2037037037037037,9,1.910555815039701,22,2035,0.0,17362.076246334313,59,93,0.7265625,0.18819407265624477,True
0.65,117,5814,1024,406,51,34,85,0.6640625,0.396484375,7786,0.950439453125,3278,0.4210120729514513,5604.6484375,56.916015625,10.645319850506244,0.06290998417801846,0.400146484375,0.1859196367187792,0.18895807734372738,51,62,1.2156862745098038,13,2.4952700640830026,10,1863,0.0,5610.127077223851,55,89,0.6953125,0.18819407265624477,True
0.65,118,48485,1024,397,50,34,84,0.65625,0.3876953125,7795,0.9515380859375,3630,0.4656831302116741,8455.6708984375,77.2646484375,8.859322893327269,0.05971805193134919,0.443115234375,0.1859196367187792,0.18895807734372738,50,61,1.22,9,2.2537889225682006,9,2114,0.0,8463.936461388073,54,88,0.6875,0.18819407265624477,True
0.65,119,12248,1024,5,1,34,35,0.2734375,0.0048828125,8187,0.9993896484375,3404,0.4157811164040552,15032.712890625,96.7734375,6.360429979050716,0.04075705209861439,0.41552734375,0.1859196367187792,0.18895807734372738,1,9,9.0,13,2.4025859535703793,9,1894,0.0,15047.407624633432,4,38,0.296875,0.18819407265624477,True
0.65,120,458,1024,639,80,34,114,0.890625,0.6240234375,7553,0.9219970703125,3669,0.4857672448033894,2200.1220703125,38.8076171875,14.706335832309843,0.09163628216944751,0.4478759765625,0.1859196367187792,0.18895807734372738,80,91,1.1375,16,2.227917121046892,13,1842,0.0,2204.4275929549904,85,119,0.9296875,0.18819407265624477,True
0.65,121,319,1024,5,1,34,35,0.2734375,0.0048828125,8187,0.9993896484375,4012,0.49004519359960913,19421.4580078125,113.6533203125,5.24798530714103,0.03766062035883091,0.48974609375,0.1859196367187792,0.18895807734372738,1,9,9.0,3,2.0413861879830466,9,2042,,19421.4580078125,4,38,0.296875,0.18819407265624477,True
0.65,122,21496,1024,392,49,34,83,0.6484375,0.3828125,7800,0.9521484375,3725,0.4775641025641026,10459.2919921875,85.9755859375,7.935780734965919,0.0742173077629337,0.4547119140625,0.1859196367187792,0.18895807734372738,49,60,1.2244897959183674,44,2.1874328678839956,9,1999,0.0,10510.613346418057,52,86,0.671875,0.18819407265624477,True
0.65,123,20390,1024,732,92,34,126,0.984375,0.71484375,7460,0.91064453125,3693,0.4950402144772118,2372.1806640625,39.0458984375,14.37932599271151,0.16716110265065628,0.4508056640625,0.1859196367187792,0.18895807734372738,92,103,1.1195652173913044,27,2.2107258938244856,10,1889,0.0,2379.15083251714,96,130,1.015625,0.18819407265624477,True
0.65,124,33691,1024,631,79,34,113,0.8828125,0.6162109375,7561,0.9229736328125,3292,0.43539214389631004,4064.798828125,40.65625,12.040413041720575,0.04462299745591257,0.40185546875,0.1859196367187792,0.18895807734372738,79,90,1.139240506329114,21,2.4822242479489516,11,1617,0.0,4072.753424657534,84,118,0.921875,0.18819407265624477,True
0.65,125,33872,1024,424,53,34,87,0.6796875,0.4140625,7768,0.9482421875,3854,0.49613800205973224,9466.244140625,85.64453125,8.369026598528846,0.07762501044375378,0.470458984375,0.1859196367187792,0.18895807734372738,53,64,1.2075471698113207,12,2.1225019465351673,14,2171,0.0,9475.497556207234,58,92,0.71875,0.18819407265624477,True
0.65,126,46987,1024,484,61,34,95,0.7421875,0.47265625,7708,0.94091796875,4051,0.5255578619615984,2384.8681640625,43.8681640625,14.356159847046472,0.2914460975277985,0.4945068359375,0.1859196367187792,0.18895807734372738,61,72,1.180327868852459,18,2.0175308641975307,15,2054,0.0,2389.5352250489236,66,100,0.78125,0.18819407265624477,True
0.65,127,26772,1024,523,66,34,100,0.78125,0.5107421875,7669,0.9361572265625,3538,0.461337853696701,5647.1416015625,57.3642578125,10.612516830998281,0.08709745861487188,0.431884765625,0.1859196367187792,0.18895807734372738,66,77,1.1666666666666667,13,2.3118461973423807,8,2010,0.0,5652.661779081134,71,105,0.8203125,0.18819407265624477,True
0.65,128,7057,1024,356,45,34,79,0.6171875,0.34765625,7836,0.95654296875,3410,0.43517100561510974,12460.6787109375,88.9970703125,7.175386626549296,0.0462221023730709,0.416259765625,0.1859196367187792,0.18895807734372738,45,56,1.2444444444444445,13,2.3983572895277208,8,1978,0.0,12472.859237536657,49,83,0.6484375,0.18819407265624477,True
0.65,129,30014,1024,5,1,34,35,0.2734375,0.0048828125,8187,0.9993896484375,4229,0.5165506290460486,25428.4638671875,147.7705078125,4.077602356176559,0.057900275035140294,0.5162353515625,0.1859196367187792,0.18895807734372738,1,9,9.0,3,1.9366130558183539,9,2221,,25428.4638671875,4,38,0.296875,0.18819407265624477,True
0.65,130,48237,1024,743,93,34,127,0.9921875,0.7255859375,7449,0.9093017578125,2650,0.3557524499932877,1212.09375,25.4921875,17.295441490136557,0.19157322463777912,0.323486328125,0.1859196367187792,0.18895807734372738,93,104,1.118279569892473,30,3.080785201963005,8,1710,0.0,1215.6552399608227,98,132,1.03125,0.18819407265624477,True
0.65,131,4823,1024,361,46,34,80,0.625,0.3525390625,7831,0.9559326171875,3880,0.49546673477205977,11823.1884765625,95.0517578125,7.403457480247047,0.10864904178667824,0.4736328125,0.1859196367187792,0.18895807734372738,46,57,1.2391304347826086,13,2.108275328692962,16,2129,0.0,11834.745845552297,49,83,0.6484375,0.18819407265624477,True
0.65,132,26627,1024,578,73,34,107,0.8359375,0.564453125,7614,0.929443359375,3559,0.46742842132913054,2405.6064453125,39.9541015625,14.318557821738933,0.10657963921753527,0.4344482421875,0.1859196367187792,0.18895807734372738,73,84,1.1506849315068493,27,2.2945474985947163,16,1837,0.0,2412.674828599412,77,111,0.8671875,0.18819407265624477,True
0.65,133,12293,1024,310,39,34,73,0.5703125,0.302734375,7882,0.962158203125,3754,0.4762750570921086,4948.2080078125,57.7861328125,11.186324130906183,0.06441634819404014,0.458251953125,0.1859196367187792,0.18895807734372738,39,50,1.2820512820512822,11,2.1793232081001865,11,1854,0.0,4953.044965786901,44,78,0.609375,0.18819407265624477,True
0.65,134,32803,1024,612,77,34,111,0.8671875,0.59765625,7580,0.92529296875,3043,0.40145118733509233,712.224609375,22.125,19.604633851675327,0.2510726254584667,0.3714599609375,0.1859196367187792,0.18895807734372738,77,88,1.1428571428571428,34,2.680802103879027,6,1757,0.0,715.0176470588235,82,116,0.90625,0.18819407265624477,True
0.65,135,41882,1024,417,53,34,87,0.6796875,0.4072265625,7775,0.9490966796875,3849,0.49504823151125404,12259.8486328125,90.9638671875,7.245952527034659,0.19500868507143043,0.4698486328125,0.1859196367187792,0.18895807734372738,53,64,1.2075471698113207,21,2.122920997920998,13,1916,0.0,12283.840508806263,58,92,0.71875,0.18819407265624477,True
0.65,136,10235,1024,654,82,34,116,0.90625,0.638671875,7538,0.920166015625,3815,0.5061024144335368,9313.3623046875,89.0927734375,8.43973862834498,0.10777800449645741,0.4656982421875,0.1859196367187792,0.18895807734372738,82,93,1.1341463414634145,25,2.140797063450446,7,2312,0.0,9340.727717923604,87,121,0.9453125,0.18819407265624477,True
0.65,137,30033,1024,552,69,34,103,0.8046875,0.5390625,7640,0.9326171875,3333,0.4362565445026178,4254.1806640625,48.7236328125,11.842644315448833,0.08259173601097186,0.4068603515625,0.1859196367187792,0.18895807734372738,69,80,1.1594202898550725,17,2.4528811524609844,10,1925,0.0,4262.505870841487,73,107,0.8359375,0.18819407265624477,True
0.65,138,20042,1024,474,60,34,94,0.734375,0.462890625,7718,0.942138671875,3971,0.5145115314848406,3386.66015625,48.86328125,12.833087425139098,0.06315398783663102,0.4847412109375,0.1859196367187792,0.18895807734372738,60,71,1.1833333333333333,19,2.0579345088161207,14,1905,0.0,3393.2876712328766,64,98,0.765625,0.18819407265624477,True
0.65,139,29399,1024,433,55,34,89,0.6953125,0.4228515625,7759,0.9471435546875,3747,0.48292305709498645,8451.625,72.63671875,8.86140141778185,0.107612391466101,0.4573974609375,0.1859196367187792,0.18895807734372738,55,66,1.2,11,2.1823278163374265,13,2097,0.0,8459.88660801564,59,93,0.7265625,0.18819407265624477,True
0.65,140,6463,1024,596,75,34,109,0.8515625,0.58203125,7596,0.92724609375,4193,0.5520010531858873,4335.2939453125,54.3408203125,11.760618116510017,0.0627280990576854,0.5118408203125,0.1859196367187792,0.18895807734372738,75,86,1.1466666666666667,11,1.9510973282442747,19,1907,0.0,4339.531769305963,79,113,0.8828125,0.18819407265624477,True
0.65,141,25920,1024,653,82,34,116,0.90625,0.6376953125,7539,0.9202880859375,2879,0.38188088605915904,1085.9658203125,21.5712890625,17.7726420438421,0.4609558874116431,0.3514404296875,0.1859196367187792,0.18895807734372738,82,93,1.1341463414634145,63,2.8234885337039612,8,1650,0.0,1093.440511307768,89,123,0.9609375,0.18819407265624477,True
0.65,142,10327,1024,7,1,34,35,0.2734375,0.0068359375,8185,0.9991455078125,4214,0.5148442272449603,22034.435546875,140.25390625,4.699784311418863,0.03843071897383523,0.514404296875,0.1859196367187792,0.18895807734372738,1,9,9.0,12,1.9406598623308806,9,2197,0.0,22055.974584555228,4,38,0.296875,0.18819407265624477,True
0.65,143,3805,1024,838,105,34,139,1.0859375,0.818359375,7354,0.897705078125,3242,0.44084851781343487,1316.48828125,28.38671875,16.93663363290701,0.11811762274230969,0.395751953125,0.1859196367187792,0.18895807734372738,105,116,1.1047619047619048,22,2.5202098117864855,13,1729,0.0,1319.06457925636,112,146,1.140625,0.18819407265624477,True
0.65,144,37879,1024,508,64,34,98,0.765625,0.49609375,7684,0.93798828125,3779,0.4918011452368558,1133.0380859375,24.7119140625,17.588358523862475,0.5022202221200893,0.4613037109375,0.1859196367187792,0.18895807734372738,64,75,1.171875,35,2.1585494970884067,8,1926,0.0,1137.4813725490196,69,103,0.8046875,0.18819407265624477,True
0.65,145,22721,1024,880,110,34,144,1.125,0.859375,7312,0.892578125,3190,0.4362691466083151,1561.5751953125,31.0771484375,16.195174589984596,0.1134296658466742,0.389404296875,0.1859196367187792,0.18895807734372738,110,121,1.1,29,2.5591094386955158,7,1751,0.0,1566.1635651322233,117,151,1.1796875,0.18819407265624477,True
0.65,146,43932,1024,255,32,34,66,0.515625,0.2490234375,7937,0.9688720703125,3674,0.4628953004913695,11566.6015625,87.771484375,7.498745852745007,0.04243304621280113,0.448486328125,0.1859196367187792,0.18895807734372738,32,41,1.28125,22,2.2237952627280153,7,2102,0.0,11589.236790606654,36,70,0.546875,0.18819407265624477,True
0.65,147,47270,1024,677,85,34,119,0.9296875,0.6611328125,7515,0.9173583984375,3596,0.4785096473719228,5083.1064453125,56.9306640625,11.069511565109076,0.034913830378122374,0.43896484375,0.1859196367187792,0.18895807734372738,85,96,1.1294117647058823,13,2.2717663421418637,14,1946,0.0,5088.075268817204,91,125,0.9765625,0.18819407265624477,True
0.65,148,11091,1024,654,82,34,116,0.90625,0.638671875,7538,0.920166015625,3708,0.49190766781639694,6882.7197265625,74.2529296875,9.753202759989977,0.09799111339423963,0.45263671875,0.1859196367187792,0.18895807734372738,82,93,1.1341463414634145,17,2.2047477744807122,8,2279,0.0,6896.188845401174,87,121,0.9453125,0.18819407265624477,True
0.65,149,9736,1024,612,77,34,111,0.8671875,0.59765625,7580,0.92529296875,3248,0.42849604221635884,1081.3486328125,24.4052734375,17.791146253822646,0.10620512560133645,0.396484375,0.1859196367187792,0.18895807734372738,77,88,1.1428571428571428,29,2.513396981829381,12,1660,0.0,1084.5259549461312,83,117,0.9140625,0.18819407265624477,True
0.65,150,23206,1024,354,45,34,79,0.6171875,0.345703125,7838,0.956787109375,4035,0.5147996937994387,9105.619140625,79.232421875,8.53770879686436,0.1433396083155153,0.4925537109375,0.1859196367187792,0.18895807734372738,45,56,1.2444444444444445,9,2.028259791769955,17,2079,0.0,9114.520039100684,49,83,0.6484375,0.18819407265624477,True
0.65,151,25039,1024,587,74,34,108,0.84375,0.5732421875,7605,0.9283447265625,3629,0.4771860618014464,2896.703125,42.740234375,13.51176373010019,0.10928898665354958,0.4429931640625,0.1859196367187792,0.18895807734372738,74,85,1.1486486486486487,9,2.2549614112458656,16,1831,0.0,2899.5347018572825,79,113,0.8828125,0.18819407265624477,True
0.65,152,21014,1024,8,1,34,35,0.2734375,0.0078125,8184,0.9990234375,2913,0.3559384164222874,17481.4228515625,96.6044921875,5.705035829451629,0.0456299335238624,0.3555908203125,0.1859196367187792,0.18895807734372738,1,9,9.0,87,2.75,8,1578,0.0,17653.823471400396,5,39,0.3046875,0.18819407265624477,True
0.65,153,32412,1024,327,41,34,75,0.5859375,0.3193359375,7865,0.9600830078125,3609,0.4588684043229498,2841.2568359375,44.6396484375,13.595698672404303,0.1229174198209313,0.4405517578125,0.1859196367187792,0.18895807734372738,41,52,1.2682926829268293,10,2.266352549889135,8,1866,0.0,2844.034213098729,45,79,0.6171875,0.18819407265624477,True
0.65,154,34022,1024,544,68,34,102,0.796875,0.53125,7648,0.93359375,2884,0.377092050209205,1507.9677734375,23.8779296875,16.34688300479921,0.15871206333294238,0.35205078125,0.1859196367187792,0.18895807734372738,68,79,1.161764705882353,29,2.8307318765175165,16,1423,0.0,1512.3986287952987,73,107,0.8359375,0.18819407265624477,True
0.65,155,21369,1024,512,64,34,98,0.765625,0.5,7680,0.9375,2893,0.37669270833333335,5637.4267578125,46.7861328125,10.619994483560848,0.1464130397257064,0.3531494140625,0.1859196367187792,0.18895807734372738,64,75,1.171875,11,2.8284923928077457,9,1594,0.0,5642.937438905181,67,101,0.7890625,0.18819407265624477,True
0.65,156,41654,1024,574,72,34,106,0.828125,0.560546875,7618,0.929931640625,3553,0.46639537936466263,5702.521484375,61.373046875,10.570134307021382,0.052952470997198006,0.4337158203125,0.1859196367187792,0.18895807734372738,72,83,1.1527777777777777,58,2.2894144144144146,9,2023,0.0,5741.771878072763,77,111,0.8671875,0.18819407265624477,True
0.65,157,11953,1024,7,1,34,35,0.2734375,0.0068359375,8185,0.9991455078125,3906,0.47721441661576053,24379.7265625,139.65234375,4.260515305069312,0.06396549209319786,0.476806640625,0.1859196367187792,0.18895807734372738,1,9,9.0,14,2.093469910371319,8,2026,0.0,24403.55816226784,4,38,0.296875,0.18819407265624477,True
0.65,158,13700,1024,376,47,34,81,0.6328125,0.3671875,7816,0.9541015625,4248,0.5435005117707267,10487.837890625,92.46484375,7.92394394976799,0.1120555807963971,0.5185546875,0.1859196367187792,0.18895807734372738,47,58,1.2340425531914894,28,1.9215917117965622,13,1984,0.0,10518.654260528892,52,86,0.671875,0.18819407265624477,True
0.65,159,38205,1024,386,49,34,83,0.6484375,0.376953125,7806,0.952880859375,3424,0.43863694593902125,6311.853515625,57.396484375,10.129234495787696,0.12902429151914693,0.41796875,0.1859196367187792,0.18895807734372738,49,58,1.183673469387755,38,2.3815366637452526,16,1820,0.0,6336.605882352941,53,87,0.6796875,0.18819407265624477,True
0.65,160,40129,1024,578,73,34,107,0.8359375,0.564453125,7614,0.929443359375,2685,0.35263987391646967,363.0322265625,13.6435546875,22.53135181569985,0.34976336030499583,0.3277587890625,0.1859196367187792,0.18895807734372738,73,84,1.1506849315068493,17,3.044709388971684,6,1657,0.0,363.7426614481409,76,110,0.859375,0.18819407265624477,True
0.65,161,17080,1024,727,91,34,125,0.9765625,0.7099609375,7465,0.9112548828125,3456,0.46296048225050235,1944.09765625,32.251953125,15.243622841741217,0.08755945134540331,0.421875,0.1859196367187792,0.18895807734372738,91,102,1.120879120879121,70,2.349927641099855,21,1668,0.0,1959.4055118110236,96,130,1.015625,0.18819407265624477,True
0.65,162,1505,1024,5,1,34,35,0.2734375,0.0048828125,8187,0.9993896484375,4163,0.5084890680346892,23205.1796875,138.30859375,4.474954251743751,0.028226393042684515,0.5081787109375,0.1859196367187792,0.18895807734372738,1,9,9.0,3,1.9673234022104757,10,2082,,23205.1796875,4,38,0.296875,0.18819407265624477,True
0.65,163,36391,1024,400,50,34,84,0.65625,0.390625,7792,0.951171875,3796,0.48716632443531827,8261.5615234375,77.0009765625,8.960182194896117,0.06661152750823215,0.46337890625,0.1859196367187792,0.18895807734372738,50,61,1.22,11,2.155467720685112,14,2164,0.0,8269.63734115347,55,89,0.6953125,0.18819407265624477,True
0.65,164,24660,1024,506,64,34,98,0.765625,0.494140625,7686,0.938232421875,3696,0.4808743169398907,4302.1298828125,50.6767578125,11.793968431155658,0.08998304157500611,0.451171875,0.1859196367187792,0.18895807734372738,64,75,1.171875,11,2.213531799729364,12,1912,0.0,4306.335288367546,67,101,0.7890625,0.18819407265624477,True
0.65,165,24061,1024,5,1,34,35,0.2734375,0.0048828125,8187,0.9993896484375,3351,0.4093074386222059,5192.2138671875,55.9365234375,10.977277881259685,0.14884248328518646,0.4090576171875,0.1859196367187792,0.18895807734372738,1,9,9.0,4,2.4435820895522387,8,1879,,5192.2138671875,4,38,0.296875,0.18819407265624477,True
0.65,166,10964,1024,319,40,34,74,0.578125,0.3115234375,7873,0.9610595703125,4108,0.5217833100469961,10221.20703125,84.765625,8.0357817582674,0.11187895422275333,0.50146484375,0.1859196367187792,0.18895807734372738,40,51,1.275,38,1.9844168492817142,14,1847,0.0,10261.290196078431,44,78,0.609375,0.18819407265624477,True
0.65,167,20807,1024,503,63,34,97,0.7578125,0.4912109375,7689,0.9385986328125,3972,0.516582130316036,7182.908203125,68.240234375,9.567800446407947,0.02074623161150049,0.48486328125,0.1859196367187792,0.18895807734372738,63,74,1.1746031746031746,9,2.0599345253084866,12,1978,0.0,7189.9296187683285,67,101,0.7890625,0.18819407265624477,True
0.65,168,33388,1024,386,49,34,83,0.6484375,0.376953125,7806,0.952880859375,3878,0.49679733538303866,6920.8759765625,69.5029296875,9.729192941986245,0.03726033795836077,0.473388671875,0.18043451718750703,0.19079443828121612,49,60,1.2244897959183674,18,2.1078153211245807,16,1827,0.0,6934.419765166341,53,87,0.6796875,0.1932628054687484,True
0.65,169,34571,1024,14,2,34,36,0.28125,0.013671875,8178,0.998291015625,3917,0.4789679628270971,23154.078125,121.251953125,4.4845286654191225,0.027147379744085088,0.4781494140625,0.18043451718750703,0.19079443828121612,2,10,5.0,5,2.0903983656792646,11,1827,,23154.078125,5,39,0.3046875,0.1932628054687484,True
0.65,170,21194,1024,345,44,34,78,0.609375,0.3369140625,7847,0.9578857421875,3499,0.44590289282528356,6840.2646484375,61.9873046875,9.780074560582314,0.14241802710503182,0.4271240234375,0.18043451718750703,0.19079443828121612,44,55,1.25,18,2.3361921097770155,13,1894,0.0,6853.6506849315065,48,82,0.640625,0.1932628054687484,True
0.65,171,32696,1024,672,84,34,118,0.921875,0.65625,7520,0.91796875,3941,0.5240691489361702,13878.3017578125,109.0673828125,6.707440346866917,0.11501249932264157,0.4810791015625,0.18043451718750703,0.19079443828121612,84,95,1.130952380952381,9,2.0761421319796955,11,2213,0.0,13891.868035190615,89,123,0.9609375,0.1932628054687484,True
0.65,172,46005,1024,596,75,34,109,0.8515625,0.58203125,7596,0.92724609375,3230,0.4252238020010532,10103.6083984375,83.3955078125,8.086038556339277,0.21000923738769509,0.394287109375,0.18043451718750703,0.19079443828121612,75,86,1.1466666666666667,46,2.5224527717559617,7,1933,0.0,10153.184494602552,79,113,0.8828125,0.1932628054687484,True
0.65,173,19269,1024,396,50,34,84,0.65625,0.38671875,7796,0.95166015625,2567,0.32927142124166237,2837.20703125,31.99609375,13.601893334087116,0.41727748191094444,0.3133544921875,0.18043451718750703,0.19079443828121612,50,61,1.22,13,3.186282151208106,13,1609,0.0,2839.980449657869,54,88,0.6875,0.1932628054687484,True
0.65,174,5503,1024,620,78,34,112,0.875,0.60546875,7572,0.92431640625,3422,0.45192815636555733,4020.1201171875,45.1044921875,12.088413313027518,0.07892553598866266,0.417724609375,0.18043451718750703,0.19079443828121612,78,89,1.141025641025641,9,2.391113709441684,8,1882,0.0,4024.049853372434,83,117,0.9140625,0.1932628054687484,True
0.65,175,32979,1024,395,50,34,84,0.65625,0.3857421875,7797,0.9517822265625,3491,0.4477363088367321,9127.5546875,77.8046875,8.527259171745673,0.05181369905381665,0.4261474609375,0.18043451718750703,0.19079443828121612,50,61,1.22,9,2.3441260744985675,15,1978,0.0,9136.477028347996,55,89,0.6953125,0.1932628054687484,True
0.65,176,32764,1024,645,81,34,115,0.8984375,0.6298828125,7547,0.9212646484375,3772,0.4998012455280244,2389.017578125,39.126953125,14.348610156158959,0.05834060858175225,0.46044921875,0.18043451718750703,0.19079443828121612,81,92,1.1358024691358024,20,2.165473349244232,15,1799,0.0,2393.692759295499,86,120,0.9375,0.1932628054687484,True
0.65,177,36396,1024,595,75,34,109,0.8515625,0.5810546875,7597,0.9273681640625,3766,0.49572199552454915,5693.1806640625,66.3173828125,10.57725395190829,0.1713494984488352,0.459716796875,0.18043451718750703,0.19079443828121612,75,86,1.1466666666666667,13,2.1721115537848608,11,2294,0.0,5698.745845552297,78,112,0.875,0.1932628054687484,True
0.65,178,16139,1024,463,58,34,92,0.71875,0.4521484375,7729,0.9434814453125,2908,0.37624530987191096,1588.216796875,20.421875,16.121705760891324,0.5057250590327954,0.35498046875,0.18043451718750703,0.19079443828121612,58,69,1.1896551724137931,47,2.801169590643275,8,1435,0.0,1596.009813542689,62,96,0.75,0.1932628054687484,True
0.65,179,32110,1024,14,2,34,36,0.28125,0.013671875,8178,0.998291015625,3210,0.39251650770359503,18577.376953125,108.1640625,5.440959674214351,0.08420754590923477,0.391845703125,0.18043451718750703,0.19079443828121612,2,10,5.0,14,2.548145839825491,9,1628,0.0,18595.536656891494,5,39,0.3046875,0.1932628054687484,True
0.65,180,37930,1024,350,44,34,78,0.609375,0.341796875,7842,0.957275390625,3646,0.464932415200204,2533.30859375,40.458984375,14.093922644845403,0.09791239815794052,0.445068359375,0.18043451718750703,0.19079443828121612,44,53,1.2045454545454546,30,2.2381344307270234,9,1993,0.0,2540.7522037218414,50,84,0.65625,0.1932628054687484,True
0.65,181,5624,1024,463,58,34,92,0.71875,0.4521484375,7729,0.9434814453125,4296,0.5558286971147626,2843.27734375,47.357421875,13.592611364270244,0.1125656620352254,0.5244140625,0.18043451718750703,0.19079443828121612,58,69,1.1896551724137931,12,1.9036088474970896,17,1790,0.0,2846.05669599218,62,96,0.75,0.1932628054687484,True
0.65,182,37946,1024,377,48,34,82,0.640625,0.3681640625,7815,0.9539794921875,3872,0.4954574536148432,11307.0068359375,91.8212890625,7.597327061348295,0.12291127015223145,0.47265625,0.18043451718750703,0.19079443828121612,48,59,1.2291666666666667,28,2.1082407646602945,8,2125,0.0,11340.230166503428,51,85,0.6640625,0.1932628054687484,True
0.65,183,6616,1024,738,93,34,127,0.9921875,0.720703125,7454,0.909912109375,3690,0.49503622216259724,3206.896484375,47.837890625,13.069954193336992,0.014731383762509662,0.450439453125,0.18043451718750703,0.19079443828121612,93,104,1.118279569892473,18,2.21523448088913,14,1884,0.0,3213.1722113502938,100,134,1.046875,0.1932628054687484,True
0.65,184,11706,1024,380,48,34,82,0.640625,0.37109375,7812,0.95361328125,3643,0.46633384536610345,9177.1513671875,76.2626953125,8.50372465886667,0.09520546583604957,0.4447021484375,0.18043451718750703,0.19079443828121612,48,59,1.2291666666666667,44,2.2369577155409117,15,1918,0.0,9222.181550539744,52,86,0.671875,0.1932628054687484,True
0.65,185,10558,1024,5,1,34,35,0.2734375,0.0048828125,8187,0.9993896484375,3047,0.37217540002442895,10764.2568359375,72.0634765625,7.810963093551887,0.11452213169709084,0.3719482421875,0.18043451718750703,0.19079443828121612,1,9,9.0,6,2.6766250820748523,8,1691,,10764.2568359375,4,38,0.296875,0.1932628054687484,True
0.65,186,18351,1024,17,3,34,37,0.2890625,0.0166015625,8175,0.9979248046875,2642,0.32318042813455655,9686.7294921875,70.1748046875,8.269031888992927,0.03700443814206562,0.322509765625,0.18043451718750703,0.19079443828121612,3,11,3.6666666666666665,71,3.0685346459674365,8,1538,0.0,9763.002952755905,6,40,0.3125,0.1932628054687484,True
0.65,187,15023,1024,5,1,34,35,0.2734375,0.0048828125,8187,0.9993896484375,3852,0.4705020153902528,17648.89453125,124.361328125,5.663628530711873,0.14312015887894564,0.47021484375,0.18043451718750703,0.19079443828121612,1,9,9.0,14,2.1223058945728384,8,1955,0.0,17666.146627565984,4,38,0.296875,0.1932628054687484,True
0.65,188,9490,1024,392,49,34,83,0.6484375,0.3828125,7800,0.9521484375,3577,0.4585897435897436,7572.970703125,71.408203125,9.338140841562991,0.14412600220946156,0.4366455078125,0.18043451718750703,0.19079443828121612,49,60,1.2244897959183674,19,2.284675615212528,10,2081,0.0,7587.790606653621,52,86,0.671875,0.1932628054687484,True
0.65,189,6355,1024,539,68,34,102,0.796875,0.5263671875,7653,0.9342041015625,3742,0.4889585783352933,1597.21875,35.361328125,16.097159610650323,0.3174681352336921,0.456787109375,0.18043451718750703,0.19079443828121612,68,79,1.161764705882353,8,2.1868484362469927,10,1905,0.0,1598.7800586510264,71,105,0.8203125,0.1932628054687484,True
0.65,190,8857,1024,415,52,34,86,0.671875,0.4052734375,7777,0.9493408203125,2336,0.30037289443230036,1220.4921875,18.763671875,17.26545357070868,0.3015614602535278,0.28515625,0.18043451718750703,0.19079443828121612,52,63,1.2115384615384615,13,3.5019271948608135,9,1318,0.0,1221.6852394916912,55,89,0.6953125,0.1932628054687484,True
0.65,191,31811,1024,374,47,34,81,0.6328125,0.365234375,7818,0.954345703125,4039,0.5166282936812484,16372.46484375,109.23046875,5.989662943174924,0.1718366486347086,0.4930419921875,0.18043451718750703,0.19079443828121612,47,58,1.2340425531914894,37,2.0178306092124814,22,1996,0.0,16436.670588235294,51,85,0.6640625,0.1932628054687484,True
0.65,192,10400,1024,575,72,34,106,0.828125,0.5615234375,7617,0.9298095703125,3709,0.48693711434948145,2148.544921875,40.462890625,14.809359225042709,0.12359453093049458,0.4527587890625,0.18043451718750703,0.19079443828121612,72,83,1.1527777777777777,20,2.202804746494067,11,1909,0.0,2152.7495107632094,79,113,0.8828125,0.1932628054687484,True
0.65,193,275,1024,540,68,34,102,0.796875,0.52734375,7652,0.93408203125,3460,0.4521693674856247,4514.6357421875,52.7099609375,11.584576453190895,0.04777197877218903,0.42236328125,0.18043451718750703,0.19079443828121612,68,79,1.161764705882353,12,2.363688927435675,13,1956,0.0,4519.048875855327,72,106,0.828125,0.1932628054687484,True
0.65,194,26152,1024,5,1,34,35,0.2734375,0.0048828125,8187,0.9993896484375,3706,0.45266886527421524,18343.6904296875,117.4931640625,5.495936482897765,0.05140453878207003,0.452392578125,0.18043451718750703,0.19079443828121612,1,9,9.0,287,2.1333333333333333,8,1888,0.0,18992.86046511628,4,38,0.296875,0.1932628054687484,True
0.65,195,13037,1024,5,1,34,35,0.2734375,0.0048828125,8187,0.9993896484375,3115,0.3804812507634054,15930.12109375,93.841796875,6.108612837392501,0.0480518310274592,0.3802490234375,0.18043451718750703,0.19079443828121612,1,9,9.0,14,2.625883108542068,11,1497,0.0,15945.693059628544,4,38,0.296875,0.1932628054687484,True
0.65,196,41203,1024,647,81,34,115,0.8984375,0.6318359375,7545,0.9210205078125,3387,0.4489065606361829,1651.0419921875,32.4541015625,15.953222417278333,0.0966724818770572,0.4134521484375,0.18043451718750703,0.19079443828121612,81,92,1.1358024691358024,10,2.415534554046072,14,1782,0.0,1652.6559139784947,86,120,0.9375,0.1932628054687484,True
0.65,197,43709,1024,382,48,34,82,0.640625,0.373046875,7810,0.953369140625,3225,0.41293213828425096,4867.208984375,53.57421875,11.25800366830623,0.357681180032907,0.3936767578125,0.18043451718750703,0.19079443828121612,48,59,1.2291666666666667,17,2.535049627791563,7,2072,0.0,4876.73385518591,52,86,0.671875,0.1932628054687484,True
0.65,198,43572,1024,10,2,34,36,0.28125,0.009765625,8182,0.998779296875,4138,0.5057443167929602,17092.826171875,117.3515625,5.8026648484263,0.1069029989740634,0.505126953125,0.18043451718750703,0.19079443828121612,2,10,5.0,3,1.9792119893642737,8,2207,,17092.826171875,5,39,0.3046875,0.1932628054687484,True
0.65,199,23390,1024,638,80,34,114,0.890625,0.623046875,7554,0.922119140625,4147,0.5489806724913953,6430.3720703125,68.5517578125,10.04844258331145,0.018157748503883277,0.5062255859375,0.18043451718750703,0.19079443828121612,80,91,1.1375,21,1.9698504582730343,20,1832,0.0,6442.955968688845,86,120,0.9375,0.1932628054687484,True
0.7,0,712,1024,632,79,34,113,0.8828125,0.6171875,7560,0.9228515625,3692,0.4883597883597884,5522.5966796875,61.4365234375,10.709370334113963,0.1907194225053675,0.45068359375,0.18043451718750703,0.19079443828121612,79,90,1.139240506329114,20,2.2129504199403955,14,1853,0.0,5533.404109589041,87,121,0.9453125,0.1932628054687484,True
0.7,1,24774,1024,963,121,34,155,1.2109375,0.9404296875,7229,0.8824462890625,3292,0.45538802047309446,3455.6220703125,48.8623046875,12.745541217812006,0.08882558904988276,0.40185546875,0.18043451718750703,0.19079443828121612,121,132,1.0909090909090908,63,2.4691583105439077,9,1939,0.0,3479.407079646018,127,161,1.2578125,0.1932628054687484,True
0.7,2,45142,1024,1128,141,34,175,1.3671875,1.1015625,7064,0.8623046875,3008,0.4258210645526614,3454.9375,49.009765625,12.746401654965151,0.08586533663096266,0.3671875,0.18043451718750703,0.19079443828121612,141,152,1.0780141843971631,12,2.7196541403392085,6,1912,0.0,3458.314760508309,152,186,1.453125,0.1932628054687484,True
0.7,3,27119,1024,15,2,34,36,0.28125,0.0146484375,8177,0.9981689453125,2556,0.3125840772899596,13507.20703125,72.76953125,6.825148043191854,0.07214849406254811,0.31201171875,0.18043451718750703,0.19079443828121612,2,10,5.0,7,3.2031311154598825,35,1231,,13507.20703125,5,39,0.3046875,0.1932628054687484,True
0.7,4,21139,1024,1020,128,34,162,1.265625,0.99609375,7172,0.87548828125,3113,0.4340490797546012,1556.923828125,31.2734375,16.208129954637037,0.1986507868303162,0.3800048828125,0.18043451718750703,0.19079443828121612,128,139,1.0859375,20,2.6253213367609254,8,1799,0.0,1559.9706457925636,137,171,1.3359375,0.1932628054687484,True
0.7,5,19129,1024,581,73,34,107,0.8359375,0.5673828125,7611,0.9290771484375,4051,0.5322559453422677,8068.0439453125,78.4736328125,9.06312105789906,0.0441837135445276,0.4945068359375,0.18043451718750703,0.19079443828121612,73,84,1.1506849315068493,10,2.0187654320987654,11,1921,0.0,8075.930596285435,79,113,0.8828125,0.1932628054687484,True
0.7,6,6433,1024,932,117,34,151,1.1796875,0.91015625,7260,0.88623046875,3408,0.46942148760330576,11232.3486328125,87.5361328125,7.626097861180678,0.050049761327229075,0.416015625,0.18043451718750703,0.19079443828121612,117,128,1.0940170940170941,21,2.397417082477253,8,1877,0.0,11254.32974559687,121,155,1.2109375,0.1932628054687484,True
0.7,7,38854,1024,843,106,34,140,1.09375,0.8232421875,7349,0.8970947265625,3550,0.48305891958089536,4443.990234375,53.166015625,11.653072649559007,0.055071349295045674,0.433349609375,0.18043451718750703,0.19079443828121612,106,117,1.1037735849056605,14,2.3034657650042267,13,1937,0.0,4448.33431085044,114,148,1.15625,0.1932628054687484,True
0.7,8,22489,1024,1036,130,34,164,1.28125,1.01171875,7156,0.87353515625,3334,0.46590273896031303,2572.7197265625,39.6982421875,14.026878843494703,0.16487686221619063,0.406982421875,0.18043451718750703,0.19079443828121612,130,141,1.0846153846153845,20,2.451245124512451,11,1896,0.0,2577.7544031311154,138,172,1.34375,0.1932628054687484,True
0.7,9,31104,1024,666,84,34,118,0.921875,0.650390625,7526,0.918701171875,3186,0.4233324475152804,9238.7001953125,67.0224609375,8.474694868027223,0.09867024623554471,0.388916015625,0.18043451718750703,0.19079443828121612,84,95,1.130952380952381,12,2.5676609105180535,15,1810,0.0,9247.731182795698,88,122,0.953125,0.1932628054687484,True
0.7,10,21349,1024,1162,146,34,180,1.40625,1.134765625,7030,0.858154296875,2840,0.4039829302987198,954.841796875,22.744140625,18.331489394786534,0.14462262172088083,0.3466796875,0.18043451718750703,0.19079443828121612,146,157,1.0753424657534247,44,2.86967241986615,13,1558,0.0,959.5269872423945,155,189,1.4765625,0.1932628054687484,True
0.7,11,29116,1024,708,89,34,123,0.9609375,0.69140625,7484,0.91357421875,3398,0.45403527525387494,5940.1142578125,58.2763671875,10.392855621728707,0.06985835674441428,0.414794921875,0.18043451718750703,0.19079443828121612,89,100,1.1235955056179776,53,2.394171327642037,9,1918,0.0,5975.1247544204325,95,129,1.0078125,0.1932628054687484,True
0.7,12,10772,1024,423,53,34,87,0.6796875,0.4130859375,7769,0.9483642578125,3861,0.4969751576779508,10624.3046875,84.833984375,7.867798438173756,0.02446186098465278,0.4713134765625,0.18043451718750703,0.19079443828121612,53,64,1.2075471698113207,9,2.1189119170984454,12,1919,0.0,10634.690127077223,58,92,0.71875,0.1932628054687484,True
0.7,13,18332,1024,817,103,34,137,1.0703125,0.7978515625,7375,0.9002685546875,3777,0.512135593220339,2931.2333984375,47.0205078125,13.460299605059467,0.08265933669431073,0.4610595703125,0.18043451718750703,0.19079443828121612,103,114,1.1067961165048543,8,2.1655190677966103,15,1949,0.0,2934.0987292277614,109,143,1.1171875,0.1932628054687484,True
0.7,14,1003,1024,590,74,34,108,0.84375,0.576171875,7602,0.927978515625,3777,0.4968429360694554,10678.115234375,92.1171875,7.845857575710484,0.0640064876734338,0.4610595703125,0.18043451718750703,0.19079443828121612,74,85,1.1486486486486487,29,2.160752118644068,9,2336,0.0,10709.49069539667,80,114,0.890625,0.1932628054687484,True
0.7,15,22156,1024,478,60,34,94,0.734375,0.466796875,7714,0.941650390625,4035,0.523074928701063,11209.236328125,93.849609375,7.6350433522911825,0.048411390728201026,0.4925537109375,0.18043451718750703,0.19079443828121612,60,71,1.1833333333333333,17,2.025532969757065,13,2002,0.0,11231.172211350293,65,99,0.7734375,0.1932628054687484,True
0.7,16,26453,1024,491,62,34,96,0.75,0.4794921875,7701,0.9400634765625,2884,0.3744968185949877,2921.455078125,35.513671875,13.474811481173699,0.10961565136333404,0.35205078125,0.18043451718750703,0.19079443828121612,62,73,1.1774193548387097,12,2.836975372875477,8,1798,0.0,2924.310850439883,69,103,0.8046875,0.1932628054687484,True
0.7,17,17039,1024,425,54,34,88,0.6875,0.4150390625,7767,0.9481201171875,3395,0.4371057036178705,589.9794921875,18.4658203125,20.422434451318637,0.28134421236854756,0.4144287109375,0.18043451718750703,0.19079443828121612,54,65,1.2037037037037037,10,2.409840895698291,7,1707,0.0,590.5562072336265,60,94,0.734375,0.1932628054687484,True
0.7,18,7166,1024,471,59,34,93,0.7265625,0.4599609375,7721,0.9425048828125,3999,0.5179380909208652,8739.982421875,82.01171875,8.715698016992242,0.11850875664585005,0.4881591796875,0.18043451718750703,0.19079443828121612,59,70,1.1864406779661016,9,2.0457728864432214,13,2018,0.0,8748.525904203323,64,98,0.765625,0.1932628054687484,True
0.7,19,48310,1024,9,2,34,36,0.28125,0.0087890625,8183,0.9989013671875,3592,0.43895881705975803,11716.806640625,89.234375,7.4427109793404,0.0814380406390237,0.4384765625,0.18043451718750703,0.19079443828121612,2,10,5.0,5,2.279587858535227,8,2132,,11716.806640625,5,39,0.3046875,0.1932628054687484,True
0.7,20,12187,1024,795,100,34,134,1.046875,0.7763671875,7397,0.9029541015625,3363,0.45464377450317695,1640.6806640625,32.8388671875,15.98056301040472,0.18335173890981799,0.4105224609375,0.18043451718750703,0.19079443828121612,100,111,1.11,71,2.4119571683521714,8,1678,0.0,1653.599409448819,107,141,1.1015625,0.1932628054687484,True
0.7,21,20284,1024,676,85,34,119,0.9296875,0.66015625,7516,0.91748046875,2681,0.3567056945183608,1467.3154296875,25.9248046875,16.465568764402306,0.246853250433592,0.3272705078125,0.18043451718750703,0.19079443828121612,85,96,1.1294117647058823,37,3.0417910447761196,9,1557,0.0,1473.0696078431372,93,127,0.9921875,0.1932628054687484,True
0.7,22,1052,1024,954,120,34,154,1.203125,0.931640625,7238,0.883544921875,3245,0.44832826747720367,2025.5576171875,35.4970703125,15.065357596229505,0.09429532111388783,0.3961181640625,0.18043451718750703,0.19079443828121612,120,131,1.0916666666666666,13,2.5200369913686806,8,1815,0.0,2027.5376344086021,125,159,1.2421875,0.1932628054687484,True
0.7,23,13752,1024,586,74,34,108,0.84375,0.572265625,7606,0.928466796875,2781,0.3656323954772548,1008.0009765625,21.4111328125,18.096194080089003,0.3500905646995076,0.3394775390625,0.18043451718750703,0.19079443828121612,74,85,1.1486486486486487,26,2.9366906474820142,8,1605,0.0,1010.9627815866797,80,114,0.890625,0.1932628054687484,True
0.7,24,37139,1024,11,2,34,36,0.28125,0.0107421875,8181,0.9986572265625,4095,0.5005500550055005,22312.1884765625,130.8505859375,4.645381910017536,0.04362690357938135,0.4998779296875,0.18043451718750703,0.19079443828121612,2,10,5.0,4,1.9997557401074744,8,2111,,22312.1884765625,5,39,0.3046875,0.1932628054687484,True
0.7,25,29727,1024,1098,138,34,172,1.34375,1.072265625,7094,0.865966796875,3371,0.4751903016633775,3601.4794921875,50.5537109375,12.565994147401142,0.05505787852863375,0.4114990234375,0.18043451718750703,0.19079443828121612,138,149,1.0797101449275361,11,2.426706231454006,8,1918,0.0,3605.0,144,178,1.390625,0.1932628054687484,True
0.7,26,41854,1024,1077,135,34,169,1.3203125,1.0517578125,7115,0.8685302734375,2686,0.377512297962052,1001.7578125,24.6328125,18.123176227779876,0.16741280981302517,0.327880859375,0.18043451718750703,0.19079443828121612,135,146,1.0814814814814815,20,3.0420856610800744,8,1637,0.0,1003.7181996086106,143,177,1.3828125,0.1932628054687484,True
0.7,27,40333,1024,978,123,34,157,1.2265625,0.955078125,7214,0.880615234375,3963,0.5493484890490713,6117.1279296875,71.6474609375,10.265327977190724,0.06616108110358744,0.4837646484375,0.18043451718750703,0.19079443828121612,123,134,1.089430894308943,8,2.0648662291771833,13,1920,0.0,6123.10752688172,132,166,1.296875,0.1932628054687484,True
0.7,28,33248,1024,10,2,34,36,0.28125,0.009765625,8182,0.998779296875,3273,0.40002444390124664,9998.142578125,80.83203125,8.131610351675407,0.17892703589068448,0.3995361328125,0.18043451718750703,0.19079443828121612,2,10,5.0,375,2.388753056234719,8,1825,0.0,10468.402862985686,5,39,0.3046875,0.1932628054687484,True
0.7,29,9680,1024,346,44,34,78,0.609375,0.337890625,7846,0.957763671875,3382,0.4310476676013255,10453.3095703125,73.2470703125,7.938265488354288,0.03231911404153131,0.412841796875,0.18043451718750703,0.19079443828121612,44,55,1.25,13,2.417332150251405,7,1953,0.0,10463.527859237536,50,84,0.65625,0.1932628054687484,True
0.7,30,16805,1024,644,81,34,115,0.8984375,0.62890625,7548,0.92138671875,3275,0.43388977212506624,2383.5205078125,37.3212890625,14.358614679186783,0.12102014230793941,0.3997802734375,0.18043451718750703,0.19079443828121612,81,92,1.1358024691358024,19,2.495418448381185,13,1851,0.0,2388.1849315068494,86,120,0.9375,0.1932628054687484,True
0.7,31,14652,1024,641,81,34,115,0.8984375,0.6259765625,7551,0.9217529296875,3817,0.505495960799894,4603.2216796875,60.2646484375,11.500184709300887,0.20227162260163614,0.4659423828125,0.18043451718750703,0.19079443828121612,81,92,1.1358024691358024,20,2.1407232704402515,13,1895,0.0,4612.229941291585,87,121,0.9453125,0.1932628054687484,True
0.7,32,15793,1024,566,71,34,105,0.8203125,0.552734375,7626,0.930908203125,2827,0.3707054812483609,3721.6591796875,37.5146484375,12.423437618631457,0.28201768284646966,0.3450927734375,0.18043451718750703,0.19079443828121612,71,82,1.1549295774647887,55,2.878980891719745,8,1694,0.0,3743.5943025540273,80,114,0.890625,0.1932628054687484,True
0.7,33,30210,1024,712,89,34,123,0.9609375,0.6953125,7480,0.9130859375,2802,0.3745989304812834,5357.517578125,43.484375,10.841167562226083,0.33560999638009353,0.342041015625,0.18043451718750703,0.19079443828121612,89,100,1.1235955056179776,35,2.9111031774366296,22,1479,0.0,5378.527450980392,96,130,1.015625,0.1932628054687484,True
0.7,34,47426,1024,679,85,34,119,0.9296875,0.6630859375,7513,0.9171142578125,4256,0.5664847597497671,24521.20703125,146.771484375,4.235385167952127,0.02972121193452409,0.51953125,0.18043451718750703,0.19079443828121612,85,96,1.1294117647058823,9,1.9222091656874265,13,2095,0.0,24545.176930596284,92,126,0.984375,0.1932628054687484,True
0.7,35,20875,1024,1198,150,34,184,1.4375,1.169921875,6994,0.853759765625,3085,0.44109236488418646,3447.576171875,47.677734375,12.755664904697593,0.09786562752778483,0.3765869140625,0.18043451718750703,0.19079443828121612,150,161,1.0733333333333333,11,2.6507782101167314,8,1831,0.0,3450.94623655914,158,192,1.5,0.1932628054687484,True
0.7,36,4161,1024,1098,138,34,172,1.34375,1.072265625,7094,0.865966796875,3448,0.48604454468564984,8422.12109375,73.09375,8.876588794272948,0.03722857617330642,0.4208984375,0.18043451718750703,0.19079443828121612,138,149,1.0797101449275361,13,2.371337394836089,9,1940,0.0,8430.35386119257,148,182,1.421875,0.1932628054687484,True
0.7,37,40340,1024,444,56,34,90,0.703125,0.43359375,7748,0.94580078125,3843,0.49599896747547756,5264.8359375,59.62109375,10.91695518594001,0.15537346757156223,0.4691162109375,0.18043451718750703,0.19079443828121612,56,67,1.1964285714285714,12,2.1283185840707963,9,1869,0.0,5269.982404692082,62,96,0.75,0.1932628054687484,True
0.7,38,28286,1024,453,57,34,91,0.7109375,0.4423828125,7739,0.9447021484375,3577,0.46220441917560406,9404.1689453125,77.3623046875,8.397599382714636,0.10392556874290734,0.4366455078125,0.18043451718750703,0.19079443828121612,57,68,1.1929824561403508,27,2.2824384787472036,8,2140,0.0,9431.801175318315,63,97,0.7578125,0.1932628054687484,True
0.7,39,13256,1024,892,112,34,146,1.140625,0.87109375,7300,0.89111328125,3410,0.4671232876712329,2293.7744140625,36.2099609375,14.525296567818502,0.11724725769213175,0.416259765625,0.18043451718750703,0.19079443828121612,112,123,1.0982142857142858,19,2.3957172191258436,13,1775,0.0,2298.263209393346,119,153,1.1953125,0.1932628054687484,True
0.7,40,48934,1024,1053,132,34,166,1.296875,1.0283203125,7139,0.8714599609375,3255,0.45594621095391513,6796.9970703125,58.1044921875,9.807632781381438,0.017657403124596665,0.3973388671875,0.18043451718750703,0.19079443828121612,132,143,1.0833333333333333,12,2.5132145052243393,14,1878,0.0,6803.641251221897,142,176,1.375,0.1932628054687484,True
0.7,41,11935,1024,913,115,34,149,1.1640625,0.8916015625,7279,0.8885498046875,4073,0.5595548839126253,4792.4287109375,62.1572265625,11.325246995529142,0.09304306000889757,0.4971923828125,0.18043451718750703,0.19079443828121612,115,126,1.0956521739130434,18,2.006139489194499,15,2013,0.0,4801.807240704501,120,154,1.203125,0.1932628054687484,True
0.7,42,48447,1024,1134,142,34,176,1.375,1.107421875,7058,0.861572265625,3583,0.5076508926041371,1173.40625,26.892578125,17.436319637668007,0.15809676241098478,0.4373779296875,0.18043451718750703,0.19079443828121612,142,153,1.0774647887323943,19,2.2811278615298716,13,1644,0.0,1175.7025440313112,151,185,1.4453125,0.1932628054687484,True
0.7,43,15492,1024,455,57,34,91,0.7109375,0.4443359375,7737,0.9444580078125,3705,0.478867778208608,4673.8544921875,58.2548828125,11.434051731847676,0.06584577660138245,0.4522705078125,0.18043451718750703,0.19079443828121612,57,68,1.1929824561403508,10,2.2084233261339095,11,1881,0.0,4678.4232649071355,62,96,0.75,0.1932628054687484,True
0.7,44,32513,1024,811,102,34,136,1.0625,0.7919921875,7381,0.9010009765625,3859,0.5228288849749356,7025.6337890625,73.9580078125,9.6639485240797,0.16580568653396469,0.4710693359375,0.18043451718750703,0.19079443828121612,102,113,1.107843137254902,10,2.120269569725246,14,1907,0.0,7032.50146627566,108,142,1.109375,0.1932628054687484,True
0.7,45,36099,1024,24,3,34,37,0.2890625,0.0234375,8168,0.9970703125,3843,0.47049461312438784,20705.73046875,126.494140625,4.969898044670213,0.08154487671352728,0.4691162109375,0.18043451718750703,0.19079443828121612,3,11,3.6666666666666665,23,2.1257157730348775,8,2088,0.0,20746.25048923679,6,40,0.3125,0.1932628054687484,True
0.7,46,39260,1024,830,104,34,138,1.078125,0.810546875,7362,0.898681640625,3396,0.4612876935615322,15476.7392578125,116.8740234375,6.2340089492849735,0.13097970690418326,0.41455078125,0.18043451718750703,0.19079443828121612,104,113,1.0865384615384615,206,2.35139911634757,9,2046,0.0,15864.045045045044,110,144,1.125,0.1932628054687484,True
0.7,47,46517,1024,996,125,34,159,1.2421875,0.97265625,7196,0.87841796875,3183,0.4423290717065036,3596.55859375,47.076171875,12.571932208147249,0.11193201063482162,0.3885498046875,0.18043451718750703,0.19079443828121612,125,136,1.088,38,2.5619107479572594,7,1865,0.0,3610.662745098039,133,167,1.3046875,0.1932628054687484,True
0.7,48,33095,1024,990,124,34,158,1.234375,0.966796875,7202,0.879150390625,3332,0.4626492640933074,1335.2587890625,28.4853515625,16.875149155644756,0.16147158619052437,0.40673828125,0.18043451718750703,0.19079443828121612,124,135,1.0887096774193548,36,2.4476133293305313,10,1738,0.0,1340.4950980392157,131,165,1.2890625,0.1932628054687484,True
0.7,49,3,1024,1089,137,34,171,1.3359375,1.0634765625,7103,0.8670654296875,3000,0.4223567506687315,1020.7236328125,22.1083984375,18.041721907611784,0.19115351254682508,0.3662109375,0.18043451718750703,0.19079443828121612,137,148,1.0802919708029197,10,2.7269089696565523,7,1677,0.0,1021.7214076246335,147,181,1.4140625,0.1932628054687484,True
0.7,50,21683,1024,356,45,34,79,0.6171875,0.34765625,7836,0.95654296875,3523,0.4495916283818275,6615.7763671875,64.8017578125,9.924995445135556,0.060631241238329116,0.4300537109375,0.18043451718750703,0.19079443828121612,45,56,1.2444444444444445,10,2.322260079500284,8,2110,0.0,6622.243401759531,50,84,0.65625,0.1932628054687484,True
0.7,51,13446,1024,731,92,34,126,0.984375,0.7138671875,7461,0.9107666015625,3508,0.4701782602868248,8250.5888671875,66.4482421875,8.965954144218166,0.018322402983121655,0.42822265625,0.18043451718750703,0.19079443828121612,92,103,1.1195652173913044,12,2.332192757342458,11,1916,0.0,8258.653958944282,96,130,1.015625,0.1932628054687484,True
0.7,52,49515,1024,740,93,34,127,0.9921875,0.72265625,7452,0.90966796875,3444,0.46215780998389694,5566.904296875,60.11328125,10.674666056461799,0.13550014074319372,0.42041015625,0.18043451718750703,0.19079443828121612,93,104,1.118279569892473,63,2.3601510310775486,8,1955,0.0,5605.221238938053,98,132,1.03125,0.1932628054687484,True
0.7,53,27943,1024,1033,130,34,164,1.28125,1.0087890625,7159,0.8739013671875,3509,0.4901522559016622,5271.4892578125,63.4619140625,10.911470350139004,0.09375341655223514,0.4283447265625,0.18043451718750703,0.19079443828121612,130,141,1.0846153846153845,11,2.331527936145952,9,2024,0.0,5276.642228739003,137,171,1.3359375,0.1932628054687484,True
0.7,54,29059,1024,762,96,34,130,1.015625,0.744140625,7430,0.906982421875,3789,0.5099596231493944,5653.2744140625,65.3447265625,10.607802939252874,0.060247820778700764,0.4625244140625,0.18043451718750703,0.19079443828121612,96,107,1.1145833333333333,9,2.1597148891235483,8,2118,0.0,5658.800586510264,101,135,1.0546875,0.1932628054687484,True
0.7,55,32738,1024,834,105,34,139,1.0859375,0.814453125,7358,0.898193359375,2832,0.3848871976080457,1932.439453125,28.095703125,15.269744653076348,0.3940008807584598,0.345703125,0.18043451718750703,0.19079443828121612,105,116,1.1047619047619048,62,2.871070293182621,14,1498,0.0,1945.740412979351,107,141,1.1015625,0.1932628054687484,True
0.7,56,445,1024,1031,129,34,163,1.2734375,1.0068359375,7161,0.8741455078125,3336,0.46585672392124006,6647.1005859375,62.7470703125,9.904481101685263,0.04134890528391692,0.4072265625,0.18043451718750703,0.19079443828121612,129,140,1.0852713178294573,30,2.4464767616191905,7,1950,0.0,6666.631733594515,138,172,1.34375,0.1932628054687484,True
0.7,57,32216,1024,475,60,34,94,0.734375,0.4638671875,7717,0.9420166015625,3733,0.4837372035765194,15619.630859375,106.0859375,6.194095949393592,0.033942181980257655,0.4556884765625,0.18043451718750703,0.19079443828121612,60,71,1.1833333333333333,22,2.1886387995712755,7,2036,0.0,15650.197651663406,63,97,0.7578125,0.1932628054687484,True
0.7,58,18250,1024,575,72,34,106,0.828125,0.5615234375,7617,0.9298095703125,3762,0.49389523434423,3887.2861328125,52.7060546875,12.234338517961998,0.06830633470789724,0.459228515625,0.18043451718750703,0.19079443828121612,72,83,1.1527777777777777,29,2.1693698484445627,15,1790,0.0,3898.708129285015,78,112,0.875,0.1932628054687484,True
0.7,59,1684,1024,853,107,34,141,1.1015625,0.8330078125,7339,0.8958740234375,3717,0.5064722714266249,6939.53515625,68.017578125,9.717499805912746,-0.00220179342555077,0.4537353515625,0.18043451718750703,0.19079443828121612,107,118,1.102803738317757,37,2.1929494079655543,15,1847,0.0,6966.749019607843,114,148,1.15625,0.1932628054687484,True
0.7,60,2899,1024,408,51,34,85,0.6640625,0.3984375,7784,0.9501953125,3587,0.4608170606372045,5676.47265625,63.9453125,10.5900181068309,0.07111092391064769,0.4378662109375,0.18043451718750703,0.19079443828121612,51,62,1.2156862745098038,12,2.280814277746793,7,1908,0.0,5682.021505376344,56,90,0.703125,0.1932628054687484,True
0.7,61,39428,1024,28,4,34,38,0.296875,0.02734375,8164,0.99658203125,3344,0.4096031357177854,6833.2734375,63.607421875,9.784515612455612,0.10597538395865326,0.408203125,0.18043451718750703,0.19079443828121612,4,12,3.0,5,2.448399641040981,8,1999,,6833.2734375,7,41,0.3203125,0.1932628054687484,True
0.7,62,40758,1024,715,90,34,124,0.96875,0.6982421875,7477,0.9127197265625,4062,0.5432660157817306,14671.796875,103.33984375,6.465970551290208,0.03681638481827845,0.495849609375,0.18043451718750703,0.19079443828121612,90,101,1.1222222222222222,9,2.0142821965033244,9,2117,0.0,14686.13880742913,101,135,1.0546875,0.1932628054687484,True
0.7,63,29154,1024,980,123,34,157,1.2265625,0.95703125,7212,0.88037109375,3617,0.5015252357182474,4985.62109375,59.458984375,11.153610917435817,0.03002159818999431,0.4415283203125,0.18043451718750703,0.19079443828121612,123,134,1.089430894308943,11,2.2616150442477876,14,1957,0.0,4990.4946236559135,133,167,1.3046875,0.1932628054687484,True
0.7,64,43958,1024,969,122,34,156,1.21875,0.9462890625,7223,0.8817138671875,3621,0.5013152429738336,2106.85546875,40.333984375,14.894456170383027,0.09653141361438929,0.4420166015625,0.18043451718750703,0.19079443828121612,122,133,1.0901639344262295,9,2.2599447513812154,7,1916,0.0,2108.9149560117303,127,161,1.2578125,0.1932628054687484,True
0.7,65,33814,1024,32,4,34,38,0.296875,0.03125,8160,0.99609375,4012,0.49166666666666664,20843.48828125,127.478515625,4.941099584033827,0.0413948511702257,0.48974609375,0.18043451718750703,0.19079443828121612,4,12,3.0,4,2.0408875592121665,8,2083,,20843.48828125,8,42,0.328125,0.1932628054687484,True
0.7,66,34153,1024,438,55,34,89,0.6953125,0.427734375,7754,0.946533203125,4176,0.538560742842404,8062.4794921875,77.5830078125,9.066117378994552,0.07970658466641847,0.509765625,0.18043451718750703,0.19079443828121612,55,66,1.2,12,1.958562874251497,12,1913,0.0,8070.360703812316,60,94,0.734375,0.1932628054687484,True
0.7,67,43609,1024,385,49,34,83,0.6484375,0.3759765625,7807,0.9530029296875,3917,0.5017292173690278,17104.68359375,105.912109375,5.799653159486623,0.02579763642211429,0.4781494140625,0.18043451718750703,0.19079443828121612,49,60,1.2244897959183674,35,2.0822267620020427,22,2022,0.0,17171.760784313727,53,87,0.6796875,0.1932628054687484,True
0.7,68,10762,1024,792,99,34,133,1.0390625,0.7734375,7400,0.9033203125,3459,0.46743243243243243,5078.4931640625,55.2412109375,11.073454886643102,0.04576173481199569,0.4222412109375,0.18043451718750703,0.19079443828121612,99,110,1.1111111111111112,87,2.343262001156738,22,1852,0.0,5128.576923076923,106,140,1.09375,0.1932628054687484,True
0.7,69,17898,1024,1165,146,34,180,1.40625,1.1376953125,7027,0.8577880859375,3078,0.4380247616336986,1834.7041015625,34.7998046875,15.49514329021366,0.15202378181506965,0.375732421875,0.18043451718750703,0.19079443828121612,146,157,1.0753424657534247,43,2.647708807279818,12,1727,0.0,1843.7065750736015,150,184,1.4375,0.1932628054687484,True
0.7,70,43653,1024,976,122,34,156,1.21875,0.953125,7216,0.880859375,3365,0.46632483370288247,7262.5107421875,70.5966796875,9.5199357309165,0.023266192816099485,0.4107666015625,0.18043451718750703,0.19079443828121612,122,133,1.0901639344262295,91,2.4072532699167657,8,2086,0.0,7341.373149062191,131,165,1.2890625,0.1932628054687484,True
0.7,71,14233,1024,3168,396,34,430,3.359375,3.09375,5024,0.61328125,2145,0.42695063694267515,2009.3984375,33.09375,15.1001430064988,0.14557574119560693,0.2618408203125,0.18043451718750703,0.19079443828121612,396,407,1.0277777777777777,25,3.8078358208955225,11,1244,0.0,2015.3026444662096,409,443,3.4609375,0.1932628054687484,True
0.7,72,39520,1024,627,79,34,113,0.8828125,0.6123046875,7565,0.9234619140625,3594,0.4750826173165896,10738.328125,89.294921875,7.8214369054785635,0.061734163020985576,0.438720703125,0.18043451718750703,0.19079443828121612,79,90,1.139240506329114,29,2.271639298636237,8,2092,0.0,10769.880509304603,84,118,0.921875,0.1932628054687484,True
0.7,73,18138,1024,897,113,34,147,1.1484375,0.8759765625,7295,0.8905029296875,3296,0.45181631254283755,1917.189453125,33.2109375,15.304153296897274,0.13179271016936933,0.40234375,0.18043451718750703,0.19079443828121612,113,124,1.0973451327433628,12,2.4816388467374813,9,1691,0.0,1919.0635386119257,121,155,1.2109375,0.1932628054687484,True
0.7,74,9212,1024,159,20,34,54,0.421875,0.1552734375,8033,0.9805908203125,4264,0.5308104070708328,33400.2021484375,171.1943359375,2.893312655627752,0.007292440860131379,0.5205078125,0.18043451718750703,0.19079443828121612,20,29,1.45,30,1.9141449683321605,36,1908,0.0,33498.34182174339,23,57,0.4453125,0.1932628054687484,True
0.7,75,6456,1024,1006,126,34,160,1.25,0.982421875,7186,0.877197265625,3785,0.5267186195379905,6306.15234375,66.416015625,10.133159026623675,0.11444545997225766,0.4620361328125,0.18043451718750703,0.19079443828121612,126,137,1.0873015873015872,27,2.1569767441860463,14,1909,0.0,6324.6816846229185,135,169,1.3203125,0.1932628054687484,True
0.7,76,22948,1024,448,56,34,90,0.703125,0.4375,7744,0.9453125,3640,0.4700413223140496,5346.640625,50.69140625,10.849993669348788,0.250140908521341,0.4443359375,0.18043451718750703,0.19079443828121612,56,67,1.1964285714285714,22,2.2442978840340753,18,1902,0.0,5357.103718199609,62,96,0.75,0.1932628054687484,True
0.7,77,7591,1024,1094,137,34,171,1.3359375,1.068359375,7098,0.866455078125,3122,0.43984220907297833,2212.421875,38.796875,14.682124170259325,0.08824476926539043,0.381103515625,0.18043451718750703,0.19079443828121612,137,148,1.0802919708029197,11,2.6206344120474205,7,1880,0.0,2214.5845552297164,148,182,1.421875,0.1932628054687484,True
0.7,78,29996,1024,970,122,34,156,1.21875,0.947265625,7222,0.881591796875,3139,0.4346441428967045,8547.787109375,72.42578125,8.812266637510591,0.09416349579641413,0.3831787109375,0.18043451718750703,0.19079443828121612,122,133,1.0901639344262295,46,2.5946462715105163,11,1928,0.0,8589.729146221785,126,160,1.25,0.1932628054687484,True
0.7,79,10378,1024,640,80,34,114,0.890625,0.625,7552,0.921875,2778,0.3678495762711864,4109.8232421875,40.9443359375,11.992572169950906,0.04520349989218758,0.339111328125,0.18043451718750703,0.19079443828121612,80,91,1.1375,18,2.9423838674828953,8,1634,0.0,4117.865949119374,87,121,0.9453125,0.1932628054687484,True
0.7,80,27337,1024,722,91,34,125,0.9765625,0.705078125,7470,0.911865234375,3310,0.4431057563587684,9112.5458984375,79.4833984375,8.534406320644655,0.11139934602179348,0.404052734375,0.18043451718750703,0.19079443828121612,91,102,1.120879120879121,13,2.4702326987005137,7,1977,0.0,9121.453567937438,97,131,1.0234375,0.1932628054687484,True
0.7,81,19965,1024,999,125,34,159,1.2421875,0.9755859375,7193,0.8780517578125,3694,0.5135548449881829,4580.2412109375,53.1884765625,11.521920108507954,0.07354409578348207,0.450927734375,0.18043451718750703,0.19079443828121612,125,136,1.088,29,2.2095857026807475,15,1848,0.0,4593.69931439765,135,169,1.3203125,0.1932628054687484,True
0.7,82,24405,1024,1153,145,34,179,1.3984375,1.1259765625,7039,0.8592529296875,3083,0.4379883506179855,1423.48828125,31.419921875,16.597264646637623,0.20306277161876166,0.3763427734375,0.18043451718750703,0.19079443828121612,145,156,1.0758620689655172,12,2.653471771576898,12,1764,0.0,1424.8797653958945,154,188,1.46875,0.1932628054687484,True
0.7,83,45135,1024,1115,140,34,174,1.359375,1.0888671875,7077,0.8638916015625,3264,0.4612123781263247,6091.7451171875,57.1259765625,10.283386370040908,0.1476421568683906,0.3984375,0.18043451718750703,0.19079443828121612,140,151,1.0785714285714285,29,2.501072632546736,7,1897,0.0,6109.644466209598,151,185,1.4453125,0.1932628054687484,True
0.7,84,11274,1024,477,60,34,94,0.734375,0.4658203125,7715,0.9417724609375,3134,0.40622164614387557,5339.6396484375,53.4794921875,10.855684116999843,0.0775593946995032,0.382568359375,0.18043451718750703,0.19079443828121612,60,71,1.1833333333333333,43,2.5987871050111715,8,1847,0.0,5365.840039254171,67,101,0.7890625,0.1932628054687484,True
0.7,85,1941,1024,899,113,34,147,1.1484375,0.8779296875,7293,0.8902587890625,3211,0.44028520499108736,876.2470703125,23.9111328125,18.70453781932273,0.21142161370469453,0.3919677734375,0.18043451718750703,0.19079443828121612,113,124,1.0973451327433628,19,2.5439252336448597,12,1652,0.0,877.9618395303327,120,154,1.203125,0.1932628054687484,True
0.7,86,48940,1024,851,107,34,141,1.1015625,0.8310546875,7341,0.8961181640625,3302,0.44980247922626343,1651.6044921875,33.0341796875,15.951743054291175,0.14316001472198028,0.403076171875,0.18043451718750703,0.19079443828121612,107,118,1.102803738317757,10,2.478036958497425,8,1838,0.0,1653.218963831867,118,152,1.1875,0.1932628054687484,True
0.7,87,36794,1024,1006,126,34,160,1.25,0.982421875,7186,0.877197265625,3490,0.4856665738936822,14204.3896484375,98.7177734375,6.606577837037468,0.03791536333284062,0.426025390625,0.18043451718750703,0.19079443828121612,126,137,1.0873015873015872,61,2.3296073373459443,15,1945,0.0,14302.15830875123,135,169,1.3203125,0.1932628054687484,True
0.7,88,21994,1024,677,85,34,119,0.9296875,0.6611328125,7515,0.9173583984375,3508,0.46679973386560214,8087.2314453125,74.2294921875,9.052804886755876,0.05702119587852758,0.42822265625,0.18043451718750703,0.19079443828121612,85,96,1.1294117647058823,12,2.330767037353864,7,2085,0.0,8095.136852394917,93,127,0.9921875,0.1932628054687484,True
0.7,89,49944,1024,956,120,34,154,1.203125,0.93359375,7236,0.88330078125,3534,0.48839137645107794,3253.4931640625,43.9111328125,13.007304622962849,0.15256731311047053,0.431396484375,0.18043451718750703,0.19079443828121612,120,131,1.0916666666666666,48,2.302575714690065,17,1717,0.0,3272.6689587426326,127,161,1.2578125,0.1932628054687484,True
0.7,90,43442,1024,797,100,34,134,1.046875,0.7783203125,7395,0.9027099609375,1542,0.20851926977687626,373.021484375,7.21484375,22.41346514912291,0.5989946074663923,0.188232421875,0.18043451718750703,0.19079443828121612,100,111,1.11,31,5.279039584685269,7,1020,0.0,374.1175318315377,103,137,1.0703125,0.1932628054687484,True
0.7,91,45096,1024,473,60,34,94,0.734375,0.4619140625,7719,0.9422607421875,3289,0.42609146262469233,1584.759765625,30.43359375,16.1311692420116,0.2622374202088946,0.4014892578125,0.18043451718750703,0.19079443828121612,60,71,1.1833333333333333,12,2.48661800486618,7,1785,0.0,1586.3088954056695,63,97,0.7578125,0.1932628054687484,True
0.7,92,42430,1024,962,121,34,155,1.2109375,0.939453125,7230,0.882568359375,3147,0.4352697095435685,352.3857421875,13.4541015625,22.660620326788635,0.3656345388781684,0.3841552734375,0.18043451718750703,0.19079443828121612,121,132,1.0909090909090908,61,2.5839160839160837,15,1423,0.0,354.811209439528,129,163,1.2734375,0.1932628054687484,True
0.7,93,42255,1024,1108,139,34,173,1.3515625,1.08203125,7084,0.86474609375,3231,0.45609824957651046,2002.458984375,36.458984375,15.115167315134004,0.23550107188567718,0.3944091796875,0.18043451718750703,0.19079443828121612,139,150,1.079136690647482,44,2.5219814241486067,13,1827,0.0,2012.2845927379783,148,182,1.421875,0.1932628054687484,True
0.7,94,5771,1024,25,4,34,38,0.296875,0.0244140625,8167,0.9969482421875,4621,0.5658136402595813,30706.4326171875,161.2216796875,3.2585099654672565,0.028415143179480833,0.5640869140625,0.18043451718750703,0.19079443828121612,4,12,3.0,23,1.767965367965368,62,1891,0.0,30766.52348336595,7,41,0.3203125,0.1932628054687484,True
0.7,95,8320,1024,987,124,34,158,1.234375,0.9638671875,7205,0.8795166015625,3312,0.45968077723802914,2059.056640625,37.8203125,14.994120674929317,0.08958914287765035,0.404296875,0.18043451718750703,0.19079443828121612,124,135,1.0887096774193548,18,2.4675324675324677,10,1898,0.0,2063.086105675147,134,168,1.3125,0.1932628054687484,True
0.7,96,48807,1024,582,73,34,107,0.8359375,0.568359375,7610,0.928955078125,3890,0.5111695137976346,11195.7138671875,93.4326171875,7.640285703493751,0.06725561224302667,0.474853515625,0.18490128984376497,0.1768141265624763,73,84,1.1506849315068493,11,2.1028542041655953,15,2125,0.0,11206.657869012708,78,112,0.875,0.18831905390624115,True
0.7,97,2675,1024,769,97,34,131,1.0234375,0.7509765625,7423,0.9061279296875,3210,0.4324397144011855,1670.3017578125,34.9150390625,15.902854227058485,0.3308147410955398,0.391845703125,0.18490128984376497,0.1768141265624763,97,108,1.1134020618556701,38,2.540355250856965,9,1844,0.0,1676.8519607843136,102,136,1.0625,0.18831905390624115,True
0.7,98,37658,1024,551,69,34,103,0.8046875,0.5380859375,7641,0.9327392578125,3551,0.4647297474152598,15107.5986328125,95.3447265625,6.338849225645685,0.0043687139035948255,0.4334716796875,0.18490128984376497,0.1768141265624763,69,80,1.1594202898550725,12,2.303661971830986,9,1989,0.0,15122.366568914957,75,109,0.8515625,0.18831905390624115,True
0.7,99,45710,1024,611,77,34,111,0.8671875,0.5966796875,7581,0.9254150390625,3995,0.5269753330695159,17538.5361328125,123.9951171875,5.690870190427168,0.05833694006804949,0.4876708984375,0.18490128984376497,0.1768141265624763,77,88,1.1428571428571428,12,2.0473209814722084,14,2104,0.0,17555.680351906158,82,116,0.90625,0.18831905390624115,True
0.7,100,15813,1024,733,92,34,126,0.984375,0.7158203125,7459,0.9105224609375,3107,0.4165437726236761,999.5810546875,21.2626953125,18.132623446286324,0.239244864166592,0.3792724609375,0.18490128984376497,0.1768141265624763,92,103,1.1195652173913044,12,2.633290405666452,9,1555,0.0,1000.5581622678396,99,133,1.0390625,0.18831905390624115,True
0.7,101,7135,1024,1024,128,34,162,1.265625,1.0,7168,0.875,3128,0.43638392857142855,689.802734375,19.71875,19.743554492917134,0.19100260434648964,0.3818359375,0.18490128984376497,0.1768141265624763,128,139,1.0859375,12,2.614966421490246,10,1557,0.0,690.4770283479961,138,172,1.34375,0.18831905390624115,True
0.7,102,31775,1024,661,83,34,117,0.9140625,0.6455078125,7531,0.9193115234375,3645,0.48399946886203693,7458.7109375,83.41015625,9.404165844816681,0.18170785990023633,0.4449462890625,0.18490128984376497,0.1768141265624763,83,94,1.1325301204819278,9,2.244511525795829,8,2499,0.0,7466.001955034213,90,124,0.96875,0.18831905390624115,True
0.7,103,31772,1024,999,125,34,159,1.2421875,0.9755859375,7193,0.8780517578125,3747,0.5209231196997081,5879.56640625,59.91015625,10.437350610360385,0.08959398718295909,0.4573974609375,0.18490128984376497,0.1768141265624763,125,136,1.088,12,2.1833956219967967,15,1785,0.0,5885.313782991202,135,169,1.3203125,0.18831905390624115,True
0.7,104,25160,1024,801,101,34,135,1.0546875,0.7822265625,7391,0.9022216796875,3371,0.45609525098092274,5943.1103515625,65.1025390625,10.390665665629694,0.1433755535037283,0.4114990234375,0.18490128984376497,0.1768141265624763,101,112,1.108910891089109,20,2.4243323442136497,9,2143,0.0,5954.740704500979,107,141,1.1015625,0.18831905390624115,True
0.7,105,36108,1024,1035,130,34,164,1.28125,1.0107421875,7157,0.8736572265625,3257,0.4550789436914908,4752.7509765625,59.5673828125,11.361353011151259,0.1360339964154579,0.3975830078125,0.18490128984376497,0.1768141265624763,130,141,1.0846153846153845,28,2.5064496314496316,9,2014,0.0,4766.7159647404505,137,171,1.3359375,0.18831905390624115,True
0.7,106,1260,1024,667,84,34,118,0.921875,0.6513671875,7525,0.9185791015625,3047,0.4049169435215947,3967.4775390625,44.2861328125,12.14565884089752,0.09453333324317617,0.3719482421875,0.18490128984376497,0.1768141265624763,84,95,1.130952380952381,20,2.6822061720288906,7,1834,0.0,3975.24168297456,89,123,0.9609375,0.18831905390624115,True
0.7,107,37885,1024,1076,135,34,169,1.3203125,1.05078125,7116,0.86865234375,3213,0.4515177065767285,4016.2900390625,48.5693359375,12.09255292732929,0.06626843169281114,0.3922119140625,0.18490128984376497,0.1768141265624763,135,146,1.0814814814814815,13,2.545765877957659,11,1849,0.0,4020.216031280547,145,179,1.3984375,0.18831905390624115,True
0.7,108,41535,1024,10,2,34,36,0.28125,0.009765625,8182,0.998779296875,3587,0.4384013688584698,19377.814453125,122.76171875,5.257755677441006,0.08963680181954434,0.4378662109375,0.18490128984376497,0.1768141265624763,2,10,5.0,127,2.242052426101506,11,1933,0.0,19665.88899900892,5,39,0.3046875,0.18831905390624115,True
0.7,109,44889,1024,481,61,34,95,0.7421875,0.4697265625,7711,0.9412841796875,3578,0.46401244974711453,6743.23828125,65.05078125,9.842118545497726,0.05437737317823106,0.436767578125,0.18490128984376497,0.1768141265624763,61,72,1.180327868852459,55,2.2739726027397262,13,1793,0.0,6782.98231827112,66,100,0.78125,0.18831905390624115,True
0.7,110,28184,1024,1104,138,34,172,1.34375,1.078125,7088,0.865234375,2940,0.41478555304740405,2268.7978515625,33.9970703125,14.57284558619783,0.1544779703625562,0.35888671875,0.18490128984376497,0.1768141265624763,138,149,1.0797101449275361,9,2.7829193603266416,7,1854,0.0,2271.015640273705,148,182,1.421875,0.18831905390624115,True
0.7,111,25319,1024,812,102,34,136,1.0625,0.79296875,7380,0.90087890625,3828,0.5186991869918699,3185.6669921875,47.9267578125,13.098799852013252,0.10530270036196837,0.46728515625,0.18490128984376497,0.1768141265624763,102,113,1.107843137254902,11,2.1369218709171673,14,1898,0.0,3188.781036168133,110,144,1.125,0.18831905390624115,True
0.7,112,11010,1024,888,111,34,145,1.1328125,0.8671875,7304,0.8916015625,3369,0.4612541073384447,3665.7255859375,50.6806640625,12.489204100545141,0.04796461268544574,0.4112548828125,0.18490128984376497,0.1768141265624763,111,122,1.0990990990990992,38,2.4192399049881237,8,1984,0.0,3680.100980392157,118,152,1.1875,0.18831905390624115,True
0.7,113,33880,1024,426,54,34,88,0.6875,0.416015625,7766,0.947998046875,3106,0.3999484934329127,1580.41796875,28.765625,16.143084020676838,0.12768292078726223,0.379150390625,0.18490128984376497,0.1768141265624763,54,65,1.2037037037037037,8,2.634782608695652,9,1696,0.0,1581.9628543499512,60,94,0.734375,0.18831905390624115,True
0.7,114,19307,1024,760,95,34,129,1.0078125,0.7421875,7432,0.9072265625,3187,0.4288213132400431,2904.2392578125,41.8505859375,13.50047969202285,0.1751090419037407,0.3890380859375,0.18490128984376497,0.1768141265624763,95,106,1.1157894736842104,63,2.5505335844318897,7,1958,0.0,2924.229105211406,102,136,1.0625,0.18831905390624115,True
0.7,115,12236,1024,14,2,34,36,0.28125,0.013671875,8178,0.998291015625,2133,0.2608217168011739,6238.6806640625,45.1533203125,10.179876046629177,0.06913401638698004,0.2603759765625,0.18490128984376497,0.1768141265624763,2,10,5.0,23,3.797373358348968,7,1306,0.0,6250.889432485323,6,40,0.3125,0.18831905390624115,True
0.7,116,13805,1024,503,63,34,97,0.7578125,0.4912109375,7689,0.9385986328125,4099,0.5330992326700481,22076.33984375,141.48046875,4.691532898826701,0.03554896691282908,0.5003662109375,0.18490128984376497,0.1768141265624763,63,74,1.1746031746031746,9,1.9963396778916545,10,2228,0.0,22097.91984359726,70,104,0.8125,0.18831905390624115,True
0.7,117,5814,1024,679,85,34,119,0.9296875,0.6630859375,7513,0.9171142578125,3209,0.42712631438839344,5587.8466796875,56.8544921875,10.658358795100852,0.061048573449638134,0.3917236328125,0.18490128984376497,0.1768141265624763,85,96,1.1294117647058823,45,2.538341645885287,10,1866,0.0,5615.264965652601,92,126,0.984375,0.18831905390624115,True
0.7,118,48485,1024,683,86,34,120,0.9375,0.6669921875,7509,0.9166259765625,3503,0.4665068584365428,8803.7109375,78.609375,8.684145864493015,0.08477818959876415,0.4276123046875,0.18490128984376497,0.1768141265624763,86,97,1.127906976744186,9,2.335522558537978,7,2110,0.0,8812.316715542522,94,128,1.0,0.18831905390624115,True
0.7,119,12248,1024,9,2,34,36,0.28125,0.0087890625,8183,0.9989013671875,3399,0.4153733349627276,15024.4111328125,96.7509765625,6.362829016095601,0.041080502848205,0.4149169921875,0.18490128984376497,0.1768141265624763,2,10,5.0,13,2.4061212477928193,9,1893,0.0,15039.097751710655,5,39,0.3046875,0.18831905390624115,True
0.7,120,458,1024,569,72,34,106,0.828125,0.5556640625,7623,0.9305419921875,3697,0.4849796667978486,4639.0576171875,57.2783203125,11.466505943695859,0.0506535995678286,0.4512939453125,0.18490128984376497,0.1768141265624763,72,83,1.1527777777777777,16,2.2113095238095237,12,1872,0.0,4648.1360078277885,77,111,0.8671875,0.18831905390624115,True
0.7,121,319,1024,690,87,34,121,0.9453125,0.673828125,7502,0.915771484375,3285,0.4378832311383631,12788.5380859375,82.5634765625,7.062594596651089,0.03341525870142314,0.4010009765625,0.18490128984376497,0.1768141265624763,87,98,1.1264367816091954,31,2.483861144945189,15,1696,0.0,12826.114593535749,93,127,0.9921875,0.18831905390624115,True
0.7,122,21496,1024,635,80,34,114,0.890625,0.6201171875,7557,0.9224853515625,3573,0.4728066693132195,10673.6728515625,87.2958984375,7.847664733370578,0.07939180696990841,0.4361572265625,0.18490128984376497,0.1768141265624763,80,91,1.1375,44,2.280515117581187,11,1997,0.0,10726.046123650638,87,121,0.9453125,0.18831905390624115,True
0.7,123,20390,1024,884,111,34,145,1.1328125,0.86328125,7308,0.89208984375,3587,0.490831964969896,3322.927734375,46.77734375,12.915594643389541,0.14055945098561762,0.4378662109375,0.18490128984376497,0.1768141265624763,111,122,1.0990990990990992,27,2.276073619631902,11,1950,0.0,3332.6914789422135,118,152,1.1875,0.18831905390624115,True
0.7,124,33691,1024,895,112,34,146,1.140625,0.8740234375,7297,0.8907470703125,3144,0.4308619980814033,3607.9287109375,38.2802734375,12.558224131377889,0.06931633227190333,0.3837890625,0.18490128984376497,0.1768141265624763,112,123,1.0982142857142858,21,2.598790964047089,9,1574,0.0,3614.989236790607,118,152,1.1875,0.18831905390624115,True
0.7,125,33872,1024,705,89,34,123,0.9609375,0.6884765625,7487,0.9139404296875,3715,0.4961934018966208,9773.876953125,87.513671875,8.23013493631784,0.08642625068750838,0.4534912109375,0.18490128984376497,0.1768141265624763,89,100,1.1235955056179776,12,2.2014001077005925,8,2142,0.0,9783.431085043989,94,128,1.0,0.18831905390624115,True
0.7,126,46987,1024,602,76,34,110,0.859375,0.587890625,7590,0.926513671875,4004,0.527536231884058,4632.11328125,57.611328125,11.473011890733586,0.208153536559681,0.48876953125,0.18490128984376497,0.1768141265624763,76,87,1.144736842105263,18,2.0407194604046963,12,2050,0.0,4641.178082191781,82,116,0.90625,0.18831905390624115,True
0.7,127,26772,1024,1017,128,34,162,1.265625,0.9931640625,7175,0.8758544921875,3324,0.4632752613240418,5645.5654296875,57.8603515625,10.613729158123027,0.08183438071920127,0.40576171875,0.18490128984376497,0.1768141265624763,128,139,1.0859375,18,2.45922359313873,23,1940,0.0,5656.613502935421,136,170,1.328125,0.18831905390624115,True
0.7,128,7057,1024,525,66,34,100,0.78125,0.5126953125,7667,0.9359130859375,3415,0.44541541672101215,13050.6806640625,91.6572265625,6.9744719778078,0.039411018849185096,0.4168701171875,0.18490128984376497,0.1768141265624763,66,77,1.1666666666666667,29,2.3907439953134153,8,1965,0.0,13089.027424094025,73,107,0.8359375,0.18831905390624115,True
0.7,129,30014,1024,725,91,34,125,0.9765625,0.7080078125,7467,0.9114990234375,4070,0.5450649524574795,17794.2421875,117.892578125,5.628008636556117,0.06848277414701132,0.496826171875,0.18490128984376497,0.1768141265624763,91,102,1.120879120879121,18,2.008110100761858,13,2102,0.0,17829.06457925636,97,131,1.0234375,0.18831905390624115,True
0.7,130,48237,1024,1106,139,34,173,1.3515625,1.080078125,7086,0.864990234375,2576,0.36353372847869037,1237.962890625,25.73828125,17.203727344700315,0.20334603076049457,0.314453125,0.18490128984376497,0.1768141265624763,139,150,1.079136690647482,49,3.1611650485436895,8,1629,0.0,1245.2593320235756,147,181,1.4140625,0.18831905390624115,True
0.7,131,4823,1024,593,75,34,109,0.8515625,0.5791015625,7599,0.9276123046875,3791,0.4988814317673378,11845.197265625,95.021484375,7.395380631658987,0.1045817927133918,0.4627685546875,0.18490128984376497,0.1768141265624763,75,86,1.1466666666666667,29,2.153562005277045,12,2168,0.0,11880.001958863859,83,117,0.9140625,0.18831905390624115,True
0.7,132,26627,1024,791,99,34,133,1.0390625,0.7724609375,7401,0.9034423828125,3538,0.4780435076341035,2067.701171875,37.26953125,14.975925869794953,0.16614706729014259,0.431884765625,0.18490128984376497,0.1768141265624763,99,110,1.1111111111111112,27,2.3078880407124682,16,1864,0.0,2073.7766895200784,106,140,1.09375,0.18831905390624115,True
0.7,133,12293,1024,450,57,34,91,0.7109375,0.439453125,7742,0.945068359375,3675,0.47468354430379744,4987.203125,58.01953125,11.152233038045251,0.06100862299752493,0.4486083984375,0.18490128984376497,0.1768141265624763,57,68,1.1929824561403508,11,2.2250952640174195,11,1842,0.0,4992.078201368524,62,96,0.75,0.18831905390624115,True
0.7,134,32803,1024,1103,138,34,172,1.34375,1.0771484375,7089,0.8653564453125,3026,0.42685851318944845,1264.7666015625,28.4091796875,17.110699721194543,0.2572952729389921,0.369384765625,0.18490128984376497,0.1768141265624763,138,149,1.0797101449275361,34,2.696198347107438,11,1699,0.0,1269.7264705882353,147,181,1.4140625,0.18831905390624115,True
0.7,135,41882,1024,685,86,34,120,0.9375,0.6689453125,7507,0.9163818359375,3718,0.49527108032503,12137.3798828125,90.0498046875,7.289554159118773,0.17786780618856723,0.453857421875,0.18490128984376497,0.1768141265624763,86,97,1.127906976744186,21,2.1969330104923324,13,1926,0.0,12161.132093933464,94,128,1.0,0.18831905390624115,True
0.7,136,10235,1024,1016,127,34,161,1.2578125,0.9921875,7176,0.8759765625,3608,0.5027870680044593,9209.4580078125,88.5419921875,8.488462888841461,0.11362736630542733,0.4404296875,0.18490128984376497,0.1768141265624763,127,138,1.0866141732283465,25,2.2633767673967284,7,2309,0.0,9236.518119490695,134,168,1.3125,0.18831905390624115,True
0.7,137,30033,1024,1039,130,34,164,1.28125,1.0146484375,7153,0.8731689453125,3049,0.426254718300014,4209.1181640625,48.5341796875,11.888892428461977,0.07746552371396981,0.3721923828125,0.18490128984376497,0.1768141265624763,130,141,1.0846153846153845,17,2.6814304461942258,10,1887,0.0,4217.355185909981,140,174,1.359375,0.18831905390624115,True
0.7,138,20042,1024,649,82,34,116,0.90625,0.6337890625,7543,0.9207763671875,3944,0.5228688850589951,5017.6669921875,60.4755859375,11.125785257813892,0.05679231203460384,0.4814453125,0.18490128984376497,0.1768141265624763,82,93,1.1341463414634145,19,2.07227998985544,13,1923,0.0,5027.486301369863,90,124,0.96875,0.18831905390624115,True
0.7,139,29399,1024,687,86,34,120,0.9375,0.6708984375,7505,0.9161376953125,3689,0.4915389740173218,8502.947265625,73.150390625,8.835108752312154,0.11995642075772452,0.4503173828125,0.18490128984376497,0.1768141265624763,86,97,1.127906976744186,11,2.2174620390455533,13,2045,0.0,8511.259042033236,93,127,0.9921875,0.18831905390624115,True
0.7,140,6463,1024,838,105,34,139,1.0859375,0.818359375,7354,0.897705078125,4114,0.5594234430242045,4429.681640625,55.044921875,11.667078460868526,0.04982343000226275,0.502197265625,0.18490128984376497,0.1768141265624763,105,116,1.1047619047619048,11,1.9885728178944808,14,1886,0.0,4434.011730205279,113,147,1.1484375,0.18831905390624115,True
0.7,141,25920,1024,1057,133,34,167,1.3046875,1.0322265625,7135,0.8709716796875,2661,0.37295024526979675,1095.609375,21.833984375,17.734246210635074,0.44028346754077563,0.3248291015625,0.18490128984376497,0.1768141265624763,133,144,1.0827067669172932,70,3.0526315789473686,10,1591,0.0,1104.236220472441,142,176,1.375,0.18831905390624115,True
0.7,142,10327,1024,10,2,34,36,0.28125,0.009765625,8182,0.998779296875,4214,0.515032999266683,22034.435546875,140.25390625,4.699784311418863,0.03843071897383523,0.514404296875,0.18490128984376497,0.1768141265624763,2,10,5.0,12,1.9406598623308806,9,2197,0.0,22055.974584555228,5,39,0.3046875,0.18831905390624115,True
0.7,143,3805,1024,780,98,34,132,1.03125,0.76171875,7412,0.90478515625,3425,0.46208850512682137,8180.283203125,78.892578125,9.003120215700116,0.10921705700963634,0.4180908203125,0.18490128984376497,0.1768141265624763,98,109,1.1122448979591837,74,2.36857476635514,7,2147,0.0,8252.817733990149,106,140,1.09375,0.18831905390624115,True
0.7,144,37879,1024,826,104,34,138,1.078125,0.806640625,7366,0.899169921875,3117,0.4231604670105892,1248.615234375,26.94140625,17.166517314062013,0.472143226570296,0.3804931640625,0.18490128984376497,0.1768141265624763,104,115,1.1057692307692308,35,2.6164955070603337,8,1758,0.0,1253.5117647058823,111,145,1.1328125,0.18831905390624115,True
0.7,145,22721,1024,1105,139,34,173,1.3515625,1.0791015625,7087,0.8651123046875,3123,0.44066600818399887,2228.7373046875,34.1708984375,14.65021478501602,0.105051397143157,0.3812255859375,0.18490128984376497,0.1768141265624763,139,150,1.079136690647482,29,2.614029468289558,9,1660,0.0,2235.2859941234083,148,182,1.421875,0.18831905390624115,True
0.7,146,43932,1024,860,108,34,142,1.109375,0.83984375,7332,0.89501953125,3550,0.48417894162575015,7423.1845703125,69.6005859375,9.424901018682755,0.03957015333982273,0.433349609375,0.18490128984376497,0.1768141265624763,108,119,1.1018518518518519,22,2.3003663003663,13,1884,0.0,7437.711350293542,115,149,1.1640625,0.18831905390624115,True
0.7,147,47270,1024,818,103,34,137,1.0703125,0.798828125,7374,0.900146484375,3559,0.4826417141307296,6013.828125,66.013671875,10.339293490473313,0.07751308807644003,0.4344482421875,0.18490128984376497,0.1768141265624763,103,114,1.1067961165048543,13,2.2984822934232714,8,2004,0.0,6019.7067448680355,110,144,1.125,0.18831905390624115,True
0.7,148,11091,1024,1141,143,34,177,1.3828125,1.1142578125,7051,0.8607177734375,3385,0.48007374840448164,5531.4404296875,66.2353515625,10.70242121207684,0.07506075949839447,0.4132080078125,0.18490128984376497,0.1768141265624763,143,154,1.0769230769230769,17,2.41371158392435,8,2272,0.0,5542.265166340509,151,185,1.4453125,0.18831905390624115,True
0.7,149,9736,1024,860,108,34,142,1.109375,0.83984375,7332,0.89501953125,3146,0.42907801418439717,1068.5654296875,24.6435546875,17.842792411228533,0.13543819579560415,0.384033203125,0.18490128984376497,0.1768141265624763,108,119,1.1018518518518519,29,2.592368839427663,14,1619,0.0,1071.7051909892261,116,150,1.171875,0.18831905390624115,True
0.7,150,23206,1024,465,59,34,93,0.7265625,0.4541015625,7727,0.9432373046875,3403,0.44040377895690436,5282.439453125,52.693359375,10.902458329617147,0.16243170652794553,0.4154052734375,0.18490128984376497,0.1768141265624763,59,70,1.1864406779661016,29,2.3980011757789534,10,1926,0.0,5297.960822722821,64,98,0.765625,0.18831905390624115,True
0.7,151,25039,1024,1106,139,34,173,1.3515625,1.080078125,7086,0.864990234375,3181,0.44891335026813434,1738.439453125,32.4296875,15.729207913197932,0.14958726841933095,0.3883056640625,0.18490128984376497,0.1768141265624763,139,150,1.079136690647482,9,2.572641509433962,10,1710,0.0,1740.13880742913,148,182,1.421875,0.18831905390624115,True
0.7,152,21014,1024,28,4,34,38,0.296875,0.02734375,8164,0.99658203125,2941,0.36024007839294464,17449.7705078125,96.4814453125,5.712906411971276,0.04510195144034034,0.3590087890625,0.18490128984376497,0.1768141265624763,4,12,3.0,87,2.7564625850340136,8,1590,0.0,17621.858974358973,7,41,0.3203125,0.18831905390624115,True
0.7,153,32412,1024,430,54,34,88,0.6875,0.419921875,7762,0.947509765625,3508,0.45194537490337544,2862.064453125,44.845703125,13.564009511082535,0.12066976277975473,0.42822265625,0.18490128984376497,0.1768141265624763,54,65,1.2037037037037037,10,2.33162246934702,8,1846,0.0,2864.8621700879767,60,94,0.734375,0.18831905390624115,True
0.7,154,34022,1024,950,119,34,153,1.1953125,0.927734375,7242,0.884033203125,2893,0.39947528307097485,1246.8564453125,21.7119140625,17.17263906264659,0.14447365822905658,0.3531494140625,0.18490128984376497,0.1768141265624763,119,130,1.0924369747899159,29,2.821922544951591,21,1426,0.0,1250.5200783545545,126,160,1.25,0.18831905390624115,True
0.7,155,21369,1024,776,97,34,131,1.0234375,0.7578125,7416,0.9052734375,2898,0.3907766990291262,6027.8525390625,49.5908203125,10.329177413551731,0.09305681962992027,0.353759765625,0.18490128984376497,0.1768141265624763,97,108,1.1134020618556701,11,2.806696582671729,11,1629,0.0,6033.744868035191,101,135,1.0546875,0.18831905390624115,True
0.7,156,41654,1024,861,108,34,142,1.109375,0.8408203125,7331,0.8948974609375,3318,0.4525985540853908,4741.578125,51.734375,11.371574502251269,0.06828067541788935,0.405029296875,0.18490128984376497,0.1768141265624763,108,119,1.1018518518518519,58,2.451311425987338,10,1911,0.0,4774.2143559488695,118,152,1.1875,0.18831905390624115,True
0.7,157,11953,1024,10,2,34,36,0.28125,0.009765625,8182,0.998779296875,3907,0.4775116108530921,24381.2431640625,139.6572265625,4.260245149781694,0.06414436001562338,0.4769287109375,0.18490128984376497,0.1768141265624763,2,10,5.0,14,2.0929339477726576,8,2026,0.0,24405.076246334313,5,39,0.3046875,0.18831905390624115,True
0.7,158,13700,1024,521,66,34,100,0.78125,0.5087890625,7671,0.9364013671875,4210,0.5488202320427584,10632.2470703125,93.0927734375,7.86455300756163,0.10696683898208294,0.513916015625,0.18490128984376497,0.1768141265624763,66,77,1.1666666666666667,28,1.939415538132573,13,2002,0.0,10663.487757100882,72,106,0.828125,0.18831905390624115,True
0.7,159,38205,1024,632,79,34,113,0.8828125,0.6171875,7560,0.9228515625,3293,0.43558201058201057,6246.103515625,56.87890625,10.174711834245471,0.1460670361755691,0.4019775390625,0.18490128984376497,0.1768141265624763,79,90,1.139240506329114,69,2.4668894289185905,8,1779,0.0,6295.285433070866,83,117,0.9140625,0.18831905390624115,True
0.7,160,40129,1024,1031,129,34,163,1.2734375,1.0068359375,7161,0.8741455078125,2394,0.3343108504398827,385.9814453125,14.6005859375,22.26513932859565,0.29425168095090926,0.292236328125,0.18490128984376497,0.1768141265624763,129,140,1.0852713178294573,17,3.4149603008775595,7,1499,0.0,386.73679060665364,139,173,1.3515625,0.18831905390624115,True
0.7,161,17080,1024,719,90,34,124,0.96875,0.7021484375,7473,0.9122314453125,3207,0.42914492171818547,3783.82421875,44.421875,12.351494082438935,0.0934869648097131,0.3914794921875,0.18490128984376497,0.1768141265624763,90,101,1.1222222222222222,70,2.532751091703057,25,1713,0.0,3813.6181102362207,95,129,1.0078125,0.18831905390624115,True
0.7,162,1505,1024,712,89,34,123,0.9609375,0.6953125,7480,0.9130859375,3716,0.49679144385026736,15167.591796875,107.35546875,6.321637288189498,0.03583698681377268,0.45361328125,0.18490128984376497,0.1768141265624763,89,100,1.1235955056179776,12,2.2013458950201885,13,2029,0.0,15182.418377321603,97,131,1.0234375,0.18831905390624115,True
0.7,163,36391,1024,607,76,34,110,0.859375,0.5927734375,7585,0.9259033203125,3672,0.4841133816743573,8498.8740234375,78.3544921875,8.837189690123763,0.08162335950683063,0.4482421875,0.18490128984376497,0.1768141265624763,76,87,1.144736842105263,11,2.2271860528466356,12,2110,0.0,8507.181818181818,82,116,0.90625,0.18831905390624115,True
0.7,164,24660,1024,786,99,34,133,1.0390625,0.767578125,7406,0.904052734375,3535,0.4773156899810964,3930.603515625,48.595703125,12.186211226088693,0.09415977701366074,0.4315185546875,0.18490128984376497,0.1768141265624763,99,110,1.1111111111111112,11,2.3143746462931523,9,1900,0.0,3934.4457478005866,105,139,1.0859375,0.18831905390624115,True
0.7,165,24061,1024,10,2,34,36,0.28125,0.009765625,8182,0.998779296875,3341,0.40833537032510386,5191.7314453125,55.9052734375,10.977681414121438,0.14882829182268342,0.4078369140625,0.18490128984376497,0.1768141265624763,2,10,5.0,4,2.450898203592814,8,1880,,5191.7314453125,5,39,0.3046875,0.18831905390624115,True
0.7,166,10964,1024,465,59,34,93,0.7265625,0.4541015625,7727,0.9432373046875,4043,0.5232302316552349,10215.4150390625,84.6865234375,8.0382434471952,0.10840697970030397,0.4935302734375,0.18490128984376497,0.1768141265624763,59,70,1.1864406779661016,38,2.016328550222662,14,1847,0.0,10255.475490196079,65,99,0.7734375,0.18831905390624115,True
0.7,167,20807,1024,941,118,34,152,1.1875,0.9189453125,7251,0.8851318359375,3634,0.5011722521031582,4808.69921875,58.6484375,11.310527478037496,0.04137830525974407,0.443603515625,0.18490128984376497,0.1768141265624763,118,129,1.0932203389830508,9,2.2515827140104596,9,2055,0.0,4813.399804496578,125,159,1.2421875,0.18831905390624115,True
0.7,168,33388,1024,473,60,34,94,0.734375,0.4619140625,7719,0.9422607421875,3855,0.4994170229304314,7076.82421875,70.5078125,9.63241952570128,0.039719777781526265,0.4705810546875,0.18490128984376497,0.1768141265624763,60,71,1.1833333333333333,18,2.120394395433316,12,1829,0.0,7090.673189823875,65,99,0.7734375,0.18831905390624115,True
0.7,169,34571,1024,18,3,34,37,0.2890625,0.017578125,8174,0.997802734375,3912,0.47859065329092243,23153.6865234375,121.2216796875,4.484602117635611,0.027143584736464478,0.4775390625,0.18490128984376497,0.1768141265624763,3,11,3.6666666666666665,5,2.093070825875735,11,1819,,23153.6865234375,6,40,0.3125,0.18831905390624115,True
0.7,170,21194,1024,451,57,34,91,0.7109375,0.4404296875,7741,0.9449462890625,3447,0.4452913060328123,6888.0625,62.365234375,9.749832817600046,0.13553701007979513,0.4207763671875,0.18490128984376497,0.1768141265624763,57,68,1.1929824561403508,18,2.371445153801509,13,1857,0.0,6901.5420743639925,62,96,0.75,0.18831905390624115,True
0.7,171,32696,1024,1071,134,34,168,1.3125,1.0458984375,7121,0.8692626953125,3697,0.5191686560876282,12658.876953125,104.322265625,7.106851824136666,0.09766199503252317,0.4512939453125,0.18490128984376497,0.1768141265624763,134,145,1.0820895522388059,9,2.2126623376623376,10,2252,0.0,12671.251221896384,139,173,1.3515625,0.18831905390624115,True
0.7,172,46005,1024,1084,136,34,170,1.328125,1.05859375,7108,0.86767578125,2369,0.3332864378165447,541.8779296875,18.2158203125,20.791788980085467,0.47446950708735036,0.2891845703125,0.18490128984376497,0.1768141265624763,136,147,1.0808823529411764,46,3.438766891891892,6,1582,0.0,544.5368007850834,145,179,1.3984375,0.18831905390624115,True
0.7,173,19269,1024,673,85,34,119,0.9296875,0.6572265625,7519,0.9178466796875,2400,0.3191913818326905,2836.638671875,32.125,13.602763415347837,0.42330698655159854,0.29296875,0.18490128984376497,0.1768141265624763,85,96,1.1294117647058823,29,3.401417257190496,10,1552,0.0,2844.973555337904,88,122,0.953125,0.18831905390624115,True
0.7,174,5503,1024,1109,139,34,173,1.3515625,1.0830078125,7083,0.8646240234375,3506,0.49498799943526756,2994.29296875,44.767578125,13.367860703763014,0.08527393095646406,0.427978515625,0.18490128984376497,0.1768141265624763,139,150,1.079136690647482,9,2.3340941512125535,10,1881,0.0,2997.2199413489734,148,182,1.421875,0.18831905390624115,True
0.7,175,32979,1024,685,86,34,120,0.9375,0.6689453125,7507,0.9163818359375,3315,0.4415878513387505,9188.630859375,78.640625,8.498295561755715,0.0651670831511993,0.4046630859375,0.18490128984376497,0.1768141265624763,86,97,1.127906976744186,9,2.4689197344598672,16,2035,0.0,9197.612903225807,96,130,1.015625,0.18831905390624115,True
0.7,176,32764,1024,875,110,34,144,1.125,0.8544921875,7317,0.8931884765625,3680,0.5029383627169605,2487.1865234375,40.8583984375,14.173720050060561,0.08837898783462723,0.44921875,0.18490128984376497,0.1768141265624763,110,121,1.1,20,2.220983963033433,13,1857,0.0,2492.053816046967,115,149,1.1640625,0.18831905390624115,True
0.7,177,36396,1024,1023,128,34,162,1.265625,0.9990234375,7169,0.8751220703125,3482,0.4857023294741247,5321.015625,63.4609375,10.870858266488227,0.11097874404545587,0.425048828125,0.18490128984376497,0.1768141265624763,128,139,1.0859375,44,2.340419419706981,8,2253,0.0,5347.124631992149,137,171,1.3359375,0.18831905390624115,True
0.7,178,16139,1024,700,88,34,122,0.953125,0.68359375,7492,0.91455078125,2141,0.2857714895888948,1732.03125,20.359375,15.745246374012904,0.5021844615320241,0.2613525390625,0.18490128984376497,0.1768141265624763,88,99,1.125,47,3.805140186915888,8,1261,0.0,1740.5299313052012,89,123,0.9609375,0.18831905390624115,True
0.7,179,32110,1024,26,4,34,38,0.296875,0.025390625,8166,0.996826171875,3196,0.3913788880724957,18557.1103515625,108.1025390625,5.445700105408237,0.08374138342728978,0.39013671875,0.18490128984376497,0.1768141265624763,4,12,3.0,14,2.5593114241001564,9,1639,0.0,18575.250244379276,7,41,0.3203125,0.18831905390624115,True
0.7,180,37930,1024,458,58,34,92,0.71875,0.447265625,7734,0.944091796875,3577,0.4625032324799586,2532.67578125,40.46875,14.09500763428838,0.09785733688211701,0.4366455078125,0.18490128984376497,0.1768141265624763,58,69,1.1896551724137931,30,2.2813199105145414,9,1992,0.0,2540.1175318315377,64,98,0.765625,0.18831905390624115,True
0.7,181,5624,1024,749,94,34,128,1.0,0.7314453125,7443,0.9085693359375,4218,0.5667069729947601,2771.4599609375,46.5224609375,13.703717521120842,0.14503212287214431,0.514892578125,0.18490128984376497,0.1768141265624763,94,105,1.1170212765957446,12,1.9390562010908228,15,1777,0.0,2774.169110459433,100,134,1.046875,0.18831905390624115,True
0.7,182,37946,1024,685,86,34,120,0.9375,0.6689453125,7507,0.9163818359375,3707,0.4938057812708139,11842.021484375,94.67578125,7.39654516202908,0.08381488312787803,0.4525146484375,0.18490128984376497,0.1768141265624763,86,97,1.127906976744186,28,2.2015650296815976,8,2120,0.0,11876.816846229187,91,125,0.9765625,0.18831905390624115,True
0.7,183,6616,1024,979,123,34,157,1.2265625,0.9560546875,7213,0.8804931640625,3530,0.48939414945237764,3361.1220703125,48.9462890625,12.865960752653137,0.06018528166776519,0.430908203125,0.18490128984376497,0.1768141265624763,123,134,1.089430894308943,18,2.315670161518844,13,1873,0.0,3367.6996086105673,131,165,1.2890625,0.18831905390624115,True
0.7,184,11706,1024,627,79,34,113,0.8828125,0.6123046875,7565,0.9234619140625,3507,0.4635822868473232,9110.2265625,75.798828125,8.535511832780017,0.12043681848967318,0.4281005859375,0.18490128984376497,0.1768141265624763,79,90,1.139240506329114,47,2.3220193953223047,15,1927,0.0,9154.92836113837,86,120,0.9375,0.18831905390624115,True
0.7,185,10558,1024,9,2,34,36,0.28125,0.0087890625,8183,0.9989013671875,3052,0.3729683490162532,10760.78125,72.041015625,7.812365579160626,0.11420854641666801,0.37255859375,0.18490128984376497,0.1768141265624763,2,10,5.0,6,2.6722386102917075,8,1692,,10760.78125,5,39,0.3046875,0.18831905390624115,True
0.7,186,18351,1024,24,3,34,37,0.2890625,0.0234375,8168,0.9970703125,2642,0.3234573947110676,9686.7294921875,70.1748046875,8.269031888992927,0.03700443814206562,0.322509765625,0.18490128984376497,0.1768141265624763,3,11,3.6666666666666665,71,3.0685346459674365,8,1538,0.0,9763.002952755905,6,40,0.3125,0.18831905390624115,True
0.7,187,15023,1024,8,1,34,35,0.2734375,0.0078125,8184,0.9990234375,3852,0.4706744868035191,17648.89453125,124.361328125,5.663628530711873,0.14312015887894564,0.47021484375,0.18490128984376497,0.1768141265624763,1,9,9.0,14,2.1223058945728384,8,1955,0.0,17666.146627565984,4,38,0.296875,0.18831905390624115,True
0.7,188,9490,1024,752,94,34,128,1.0,0.734375,7440,0.908203125,3349,0.45013440860215054,7599.4599609375,71.8466796875,9.322976296815996,0.1597708550318143,0.4088134765625,0.18490128984376497,0.1768141265624763,94,105,1.1170212765957446,29,2.4372759856630823,11,2036,0.0,7621.789422135162,102,136,1.0625,0.18831905390624115,True
0.7,189,6355,1024,658,83,34,117,0.9140625,0.642578125,7534,0.919677734375,3727,0.4946907353331564,1222.779296875,29.63671875,17.25732283879824,0.2789871667826889,0.4549560546875,0.18490128984376497,0.1768141265624763,83,94,1.1325301204819278,8,2.1956521739130435,7,1998,0.0,1223.9745845552297,89,123,0.9609375,0.18831905390624115,True
0.7,190,8857,1024,879,110,34,144,1.125,0.8583984375,7313,0.8927001953125,2135,0.2919458498564201,851.396484375,16.9453125,18.829485083315735,0.3087826657211578,0.2606201171875,0.18490128984376497,0.1768141265624763,110,121,1.1,69,3.8055295220243672,9,1212,0.0,858.1003937007874,115,149,1.1640625,0.18831905390624115,True
0.7,191,31811,1024,597,75,34,109,0.8515625,0.5830078125,7595,0.9271240234375,3933,0.5178406846609611,16406.162109375,109.12109375,5.98073362365673,0.173259276445371,0.4801025390625,0.18490128984376497,0.1768141265624763,75,86,1.1466666666666667,37,2.0737538148524925,12,1979,0.0,16470.5,81,115,0.8984375,0.18831905390624115,True
0.7,192,10400,1024,1291,162,34,196,1.53125,1.2607421875,6901,0.8424072265625,3220,0.4665990436168671,1592.9033203125,30.9736328125,16.108909433398242,0.1425651060200359,0.39306640625,0.18490128984376497,0.1768141265624763,162,173,1.0679012345679013,20,2.536812674743709,11,1633,0.0,1596.0205479452054,169,203,1.5859375,0.18831905390624115,True
0.7,193,275,1024,1145,144,34,178,1.390625,1.1181640625,7047,0.8602294921875,3141,0.44572158365261816,3662.220703125,49.43359375,12.493358474284284,0.04090317153462423,0.3834228515625,0.18490128984376497,0.1768141265624763,144,155,1.0763888888888888,12,2.6047770700636943,8,1889,0.0,3665.800586510264,153,187,1.4609375,0.18831905390624115,True
0.7,194,26152,1024,10,2,34,36,0.28125,0.009765625,8182,0.998779296875,3700,0.4522121730628208,18332.8525390625,117.4658203125,5.498503156771538,0.052932684270036376,0.45166015625,0.18490128984376497,0.1768141265624763,2,10,5.0,287,2.136793728034604,8,1891,0.0,18981.63902932255,5,39,0.3046875,0.18831905390624115,True
0.7,195,13037,1024,10,2,34,36,0.28125,0.009765625,8182,0.998779296875,3143,0.3841359080909313,15930.02734375,93.810546875,6.108638396035304,0.04805136025826401,0.3836669921875,0.18490128984376497,0.1768141265624763,2,10,5.0,14,2.6024824952259706,11,1496,0.0,15945.599217986315,5,39,0.3046875,0.18831905390624115,True
0.7,196,41203,1024,945,119,34,153,1.1953125,0.9228515625,7247,0.8846435546875,3636,0.501724851662757,6545.1904296875,65.6708984375,9.971580741737467,0.035267443029561696,0.44384765625,0.18490128984376497,0.1768141265624763,119,130,1.0924369747899159,10,2.249793672627235,16,1870,0.0,6551.588465298143,126,160,1.25,0.18831905390624115,True
0.7,197,43709,1024,734,92,34,126,0.984375,0.716796875,7458,0.910400390625,3011,0.40372754089568247,4884.4580078125,53.7060546875,11.24263980586958,0.32494546511706635,0.3675537109375,0.18490128984376497,0.1768141265624763,92,103,1.1195652173913044,22,2.7122923588039867,10,2061,0.0,4894.01663405088,98,132,1.03125,0.18831905390624115,True
0.7,198,43572,1024,705,89,34,123,0.9609375,0.6884765625,7487,0.9139404296875,3599,0.48069987979163886,10124.4970703125,85.1611328125,8.077069018219866,0.09077843413354944,0.4393310546875,0.18490128984376497,0.1768141265624763,89,100,1.1235955056179776,20,2.2695942190105614,9,2063,0.0,10144.310176125244,97,131,1.0234375,0.18831905390624115,True
0.7,199,23390,1024,855,107,34,141,1.1015625,0.8349609375,7337,0.8956298828125,4293,0.5851165326427695,3942.64453125,50.732421875,12.17292738011215,0.0336309820031798,0.5240478515625,0.18490128984376497,0.1768141265624763,107,118,1.102803738317757,21,1.9030754892823858,16,1832,0.0,3950.3600782778867,114,148,1.15625,0.18831905390624115,True
0.75,0,712,1024,617,78,34,112,0.875,0.6025390625,7575,0.9246826171875,3730,0.4924092409240924,6989.9892578125,71.4736328125,9.686038525437366,0.15400450346184164,0.455322265625,0.18490128984376497,0.1768141265624763,78,89,1.141025641025641,20,2.190667739340306,16,1894,0.0,7003.668297455969,86,120,0.9375,0.18831905390624115,True
0.75,1,24774,1024,1375,172,34,206,1.609375,1.3427734375,6817,0.8321533203125,3030,0.4444770426873991,3391.322265625,47.966796875,12.827112996263727,0.08865207485866912,0.369873046875,0.18490128984376497,0.1768141265624763,172,183,1.063953488372093,88,2.674480026411357,7,1848,0.0,3428.148075024679,182,216,1.6875,0.18831905390624115,True
0.75,2,45142,1024,3165,396,34,430,3.359375,3.0908203125,5027,0.6136474609375,1937,0.3853192759100855,2793.9296875,41.94140625,13.668648884795099,0.05776584063153333,0.2364501953125,0.18490128984376497,0.1768141265624763,396,407,1.0277777777777777,34,4.212809917355372,5,1320,0.0,2804.886274509804,410,444,3.46875,0.18831905390624115,True
0.75,3,27119,1024,31,4,34,38,0.296875,0.0302734375,8161,0.9962158203125,2620,0.3210390883470163,13506.9287109375,72.7919921875,6.825237531878132,0.07196374010764899,0.31982421875,0.18490128984376497,0.1768141265624763,4,12,3.0,7,3.124474990454372,35,1288,,13506.9287109375,8,42,0.328125,0.18831905390624115,True
0.75,4,21139,1024,1773,222,34,256,2.0,1.7314453125,6419,0.7835693359375,2781,0.43324505374668953,1621.4091796875,32.2666015625,16.03187733400208,0.1837127469464031,0.3394775390625,0.18490128984376497,0.1768141265624763,222,233,1.0495495495495495,20,2.9384892086330936,7,1654,0.0,1624.5821917808219,240,274,2.140625,0.18831905390624115,True
0.75,5,19129,1024,1282,161,34,195,1.5234375,1.251953125,6910,0.843505859375,3369,0.4875542691751085,13326.4501953125,102.1787109375,6.883658803135905,0.09924420280080505,0.4112548828125,0.18490128984376497,0.1768141265624763,161,172,1.0683229813664596,10,2.42874109263658,7,1936,0.0,13339.477028347996,173,207,1.6171875,0.18831905390624115,True
0.75,6,6433,1024,1141,143,34,177,1.3828125,1.1142578125,7051,0.8607177734375,3569,0.5061693376825982,6724.876953125,67.92578125,9.853960185232364,0.07168860076111636,0.4356689453125,0.18490128984376497,0.1768141265624763,143,154,1.0769230769230769,51,2.2805493273542603,11,1686,0.0,6764.512770137525,154,188,1.46875,0.18831905390624115,True
0.75,7,38854,1024,690,87,34,121,0.9453125,0.673828125,7502,0.915771484375,3718,0.49560117302052786,8663.583984375,77.33203125,8.7538277108584,0.05529764264324765,0.453857421875,0.18490128984376497,0.1768141265624763,87,98,1.1264367816091954,45,2.191014258810869,11,2000,0.0,8706.094210009813,93,127,0.9921875,0.18831905390624115,True
0.75,8,22489,1024,1609,202,34,236,1.84375,1.5712890625,6583,0.8035888671875,2994,0.45480783837156313,2534.1513671875,42.3466796875,14.092478087376385,0.04772217879628948,0.365478515625,0.18490128984376497,0.1768141265624763,202,213,1.0544554455445545,20,2.729368526561978,8,1676,0.0,2539.1105675146773,217,251,1.9609375,0.18831905390624115,True
0.75,9,31104,1024,1035,130,34,164,1.28125,1.0107421875,7157,0.8736572265625,3157,0.4411066089143496,9683.86328125,70.685546875,8.270317115126966,0.08181227458859525,0.3853759765625,0.18490128984376497,0.1768141265624763,130,141,1.0846153846153845,12,2.590621039290241,8,1812,0.0,9693.329423264908,141,175,1.3671875,0.18831905390624115,True
0.75,10,21349,1024,1502,188,34,222,1.734375,1.466796875,6690,0.816650390625,2663,0.39805680119581466,963.6484375,22.96875,18.291617393109377,0.14239906660291038,0.3250732421875,0.18490128984376497,0.1768141265624763,188,199,1.0585106382978724,44,3.0597295266716755,9,1504,0.0,968.3768400392541,204,238,1.859375,0.18831905390624115,True
0.75,11,29116,1024,1009,127,34,161,1.2578125,0.9853515625,7183,0.8768310546875,3133,0.4361687317276904,5910.126953125,58.802734375,10.414835509765915,0.0063678819981960256,0.3824462890625,0.18490128984376497,0.1768141265624763,127,138,1.0866141732283465,53,2.5977011494252875,7,1860,0.0,5944.960707269155,138,172,1.34375,0.18831905390624115,True
0.75,12,10772,1024,962,121,34,155,1.2109375,0.939453125,7230,0.882568359375,3814,0.527524204702628,16375.6494140625,110.5458984375,5.988818289154589,0.027502251788973184,0.465576171875,0.18490128984376497,0.1768141265624763,121,132,1.0909090909090908,17,2.143194335169158,11,2080,0.0,16407.695694716243,132,166,1.296875,0.18831905390624115,True
0.75,13,18332,1024,709,89,34,123,0.9609375,0.6923828125,7483,0.9134521484375,3958,0.5289322464252305,6042.1064453125,64.8115234375,10.318919887878764,0.07383445332679212,0.483154296875,0.18490128984376497,0.1768141265624763,89,100,1.1235955056179776,8,2.06722264341673,10,1828,0.0,6048.012707722385,99,133,1.0390625,0.18831905390624115,True
0.75,14,1003,1024,1060,133,34,167,1.3046875,1.03515625,7132,0.87060546875,3562,0.49943914750420637,11806.7568359375,97.8251953125,7.4094974197457635,0.04347705028425192,0.434814453125,0.18490128984376497,0.1768141265624763,133,144,1.0827067669172932,30,2.291491154170177,7,2276,0.0,11841.448579823702,146,180,1.40625,0.18831905390624115,True
0.75,15,22156,1024,629,79,34,113,0.8828125,0.6142578125,7563,0.9232177734375,3982,0.5265106439243686,11320.5341796875,94.3642578125,7.592134405689194,0.044807245899946224,0.486083984375,0.18490128984376497,0.1768141265624763,79,90,1.139240506329114,17,2.052499372017081,12,2009,0.0,11342.687866927594,88,122,0.953125,0.18831905390624115,True
0.75,16,26453,1024,1470,184,34,218,1.703125,1.435546875,6722,0.820556640625,2524,0.3754834870574234,1636.892578125,28.02734375,15.990601813083323,0.12163061513570085,0.30810546875,0.18490128984376497,0.1768141265624763,184,195,1.059782608695652,12,3.2413793103448274,8,1598,0.0,1638.492668621701,199,233,1.8203125,0.18831905390624115,True
0.75,17,17039,1024,658,83,34,117,0.9140625,0.642578125,7534,0.919677734375,3293,0.4370852136979028,600.349609375,18.630859375,20.346761284772054,0.2775854011758117,0.4019775390625,0.18490128984376497,0.1768141265624763,83,94,1.1325301204819278,10,2.483292831105711,7,1649,0.0,600.9364613880742,92,126,0.984375,0.18831905390624115,True
0.75,18,7166,1024,791,99,34,133,1.0390625,0.7724609375,7401,0.9034423828125,3826,0.516957167950277,8539.9677734375,79.9833984375,8.816241290365951,0.12280334755059172,0.467041015625,0.18490128984376497,0.1768141265624763,99,110,1.1111111111111112,9,2.1388235294117646,13,1964,0.0,8548.315738025416,106,140,1.09375,0.18831905390624115,True
0.75,19,48310,1024,15,2,34,36,0.28125,0.0146484375,8177,0.9981689453125,3574,0.4370796135502018,11713.01953125,89.240234375,7.444114934031472,0.0807664881258649,0.436279296875,0.18490128984376497,0.1768141265624763,2,10,5.0,5,2.2910719283515255,8,2114,,11713.01953125,5,39,0.3046875,0.18831905390624115,True
0.75,20,12187,1024,1189,149,34,183,1.4296875,1.1611328125,7003,0.8548583984375,3234,0.4618020848207911,1490.4130859375,31.5771484375,16.397737058252034,0.2950767508391964,0.394775390625,0.18490128984376497,0.1768141265624763,149,160,1.0738255033557047,71,2.5081967213114753,8,1655,0.0,1502.148622047244,162,196,1.53125,0.18831905390624115,True
0.75,21,20284,1024,949,119,34,153,1.1953125,0.9267578125,7243,0.8841552734375,2523,0.34833632472732295,1508.876953125,26.388671875,16.344265357760122,0.22501632515399575,0.3079833984375,0.18490128984376497,0.1768141265624763,119,130,1.0924369747899159,37,3.232355273592387,8,1536,0.0,1514.7941176470588,130,164,1.28125,0.18831905390624115,True
0.75,22,1052,1024,1261,158,34,192,1.5,1.2314453125,6931,0.8460693359375,3782,0.5456644062905786,8198.8427734375,78.0849609375,8.993278027008873,0.02919243116827671,0.461669921875,0.18490128984376497,0.1768141265624763,158,169,1.0696202531645569,34,2.1571012959534515,8,2010,0.0,8230.995098039215,174,208,1.625,0.18831905390624115,True
0.75,23,13752,1024,839,105,34,139,1.0859375,0.8193359375,7353,0.8975830078125,2695,0.3665170678634571,1043.8447265625,22.5595703125,17.94444459339911,0.31749862006063784,0.3289794921875,0.18490128984376497,0.1768141265624763,105,116,1.1047619047619048,26,3.030438010393467,10,1568,0.0,1046.9118511263466,116,150,1.171875,0.18831905390624115,True
0.75,24,37139,1024,1066,134,34,168,1.3125,1.041015625,7126,0.869873046875,3508,0.4922817850126298,16065.564453125,106.40625,6.071843720590518,0.02097601330790202,0.42822265625,0.1903505585937637,0.19129118906249687,134,145,1.0820895522388059,27,2.3273453093812377,12,1974,0.0,16112.769833496572,145,179,1.3984375,0.19620685468754573,True
0.75,25,29727,1024,889,112,34,146,1.140625,0.8681640625,7303,0.8914794921875,3517,0.48158291113241136,7635.1953125,70.251953125,9.302602098414066,-0.012615703858405925,0.4293212890625,0.1903505585937637,0.19129118906249687,112,123,1.0982142857142858,11,2.325938566552901,9,1871,0.0,7642.658846529815,122,156,1.21875,0.19620685468754573,True
0.75,26,41854,1024,4633,580,34,614,4.796875,4.5244140625,3559,0.4344482421875,783,0.22000561955605508,864.39453125,16.736328125,18.76368350291437,0.28372736857258823,0.0955810546875,0.1903505585937637,0.19129118906249687,580,591,1.0189655172413794,20,10.433503836317136,4,586,0.0,866.0861056751468,591,625,4.8828125,0.19620685468754573,True
0.75,27,40333,1024,1390,174,34,208,1.625,1.357421875,6802,0.830322265625,3254,0.47838870920317556,4623.80859375,54.306640625,11.480805130503125,0.03948605012381948,0.397216796875,0.1903505585937637,0.19129118906249687,174,185,1.0632183908045978,8,2.5152167230249,7,1828,0.0,4628.3284457478,190,224,1.75,0.19620685468754573,True
0.75,28,33248,1024,16,2,34,36,0.28125,0.015625,8176,0.998046875,3271,0.400073385518591,9994.97265625,80.80859375,8.132987505334327,0.1778460362786116,0.3992919921875,0.1903505585937637,0.19129118906249687,2,10,5.0,375,2.3902140672782877,8,1830,0.0,10465.083844580777,6,40,0.3125,0.19620685468754573,True
0.75,29,9680,1024,669,84,34,118,0.921875,0.6533203125,7523,0.9183349609375,3182,0.4229695600159511,10520.884765625,73.390625,7.910280970320015,0.02868395653071706,0.388427734375,0.1903505585937637,0.19129118906249687,84,95,1.130952380952381,13,2.5693178245834645,7,1870,0.0,10531.169110459434,93,127,0.9921875,0.19620685468754573,True
0.75,30,16805,1024,1126,141,34,175,1.3671875,1.099609375,7066,0.862548828125,3028,0.4285309934899519,1852.9248046875,34.6748046875,15.452225657108666,0.11005729357408604,0.36962890625,0.1903505585937637,0.19129118906249687,141,152,1.0780141843971631,19,2.6993723158242484,10,1827,0.0,1856.550880626223,153,187,1.4609375,0.19620685468754573,True
0.75,31,14652,1024,1356,170,34,204,1.59375,1.32421875,6836,0.83447265625,2889,0.42261556465769456,1082.0009765625,27.5166015625,17.78852708123687,0.24413861319812896,0.3526611328125,0.1903505585937637,0.19129118906249687,170,181,1.0647058823529412,20,2.828601108033241,9,1637,0.0,1084.118395303327,179,213,1.6640625,0.19620685468754573,True
0.75,32,15793,1024,954,120,34,154,1.203125,0.931640625,7238,0.883544921875,2445,0.3378004973749655,3144.185546875,32.638671875,13.155721938547957,0.3186248863526734,0.2984619140625,0.1903505585937637,0.19129118906249687,120,131,1.0916666666666666,100,3.3101472995090018,6,1452,0.0,3181.4683794466405,126,160,1.25,0.19620685468754573,True
0.75,33,30210,1024,1051,132,34,166,1.296875,1.0263671875,7141,0.8717041015625,2501,0.35023106007561966,5254.6201171875,42.7333984375,10.92539036692564,0.3453105788553266,0.3052978515625,0.1903505585937637,0.19129118906249687,132,143,1.0833333333333333,35,3.2608,8,1357,0.0,5275.226470588235,142,176,1.375,0.19620685468754573,True
0.75,34,47426,1024,674,85,34,119,0.9296875,0.658203125,7518,0.917724609375,4179,0.5558659217877095,17249.75,121.94921875,5.7629755562715355,0.03713345637663919,0.5101318359375,0.1903505585937637,0.19129118906249687,85,96,1.1294117647058823,9,1.957874581139301,19,2116,0.0,17266.6119257087,93,127,0.9921875,0.19620685468754573,True
0.75,35,20875,1024,4388,549,34,583,4.5546875,4.28515625,3804,0.46435546875,1385,0.36409043112513145,2454.55078125,36.767578125,14.231083393888264,0.12791990663965425,0.1690673828125,0.1903505585937637,0.19129118906249687,549,560,1.0200364298724955,11,5.901734104046243,4,962,0.0,2456.950146627566,563,597,4.6640625,0.19620685468754573,True
0.75,36,4161,1024,1610,202,34,236,1.84375,1.572265625,6582,0.803466796875,3320,0.5044059556365846,6846.2626953125,69.5791015625,9.776268015998212,0.05822806373127298,0.4052734375,0.1903505585937637,0.19129118906249687,202,213,1.0544554455445545,13,2.4630912925579995,11,1969,0.0,6852.955034213099,213,247,1.9296875,0.19620685468754573,True
0.75,37,40340,1024,677,85,34,119,0.9296875,0.6611328125,7515,0.9173583984375,3678,0.48942115768463074,5242.2890625,59.4296875,10.935593963772277,0.1547660611317273,0.448974609375,0.1903505585937637,0.19129118906249687,85,96,1.1294117647058823,12,2.22382376937721,12,1893,0.0,5247.41348973607,97,131,1.0234375,0.19620685468754573,True
0.75,38,28286,1024,1556,195,34,229,1.7890625,1.51953125,6636,0.81005859375,2963,0.44650391802290534,5371.80859375,53.17578125,10.829598312120979,0.1655706735437911,0.3616943359375,0.1903505585937637,0.19129118906249687,195,206,1.0564102564102564,27,2.7552329507089803,7,1795,0.0,5387.592556317336,215,249,1.9453125,0.19620685468754573,True
0.75,39,13256,1024,769,97,34,131,1.0234375,0.7509765625,7423,0.9061279296875,3446,0.4642327899770982,4706.962890625,53.884765625,11.403395864959446,0.09477714162652875,0.420654296875,0.1903505585937637,0.19129118906249687,97,108,1.1134020618556701,19,2.3715529753265603,15,1806,0.0,4716.174168297456,107,141,1.1015625,0.19620685468754573,True
0.75,40,48934,1024,1345,169,34,203,1.5859375,1.3134765625,6847,0.8358154296875,2950,0.4308456258215277,4942.4951171875,54.0908203125,11.191341119321898,0.06292225851471048,0.360107421875,0.1903505585937637,0.19129118906249687,169,180,1.0650887573964498,84,2.7470328925059344,7,1809,0.0,4991.237672583827,181,215,1.6796875,0.19620685468754573,True
0.75,41,11935,1024,1415,177,34,211,1.6484375,1.3818359375,6777,0.8272705078125,2640,0.3895528995130589,1499.9541015625,27.2900390625,16.370023909743033,0.08368750607162238,0.322265625,0.1903505585937637,0.19129118906249687,177,188,1.0621468926553672,18,3.0962485790071996,11,1566,0.0,1502.889432485323,190,224,1.75,0.19620685468754573,True
0.75,42,48447,1024,1354,170,34,204,1.59375,1.322265625,6838,0.834716796875,3737,0.5465048259725066,1243.1171875,28.919921875,17.185682897599236,0.1596129382084109,0.4561767578125,0.1903505585937637,0.19129118906249687,170,181,1.0647058823529412,19,2.187098501070664,9,1645,0.0,1245.5499021526418,184,218,1.703125,0.19620685468754573,True
0.75,43,15492,1024,979,123,34,157,1.2265625,0.9560546875,7213,0.8804931640625,3413,0.4731734368501317,3682.267578125,50.2109375,12.469650168191839,0.07212347961590175,0.4166259765625,0.1903505585937637,0.19129118906249687,123,134,1.089430894308943,10,2.3974208675263773,8,1881,0.0,3685.8670576735094,137,171,1.3359375,0.19620685468754573,True
0.75,44,32513,1024,1473,185,34,219,1.7109375,1.4384765625,6719,0.8201904296875,2763,0.41122190802202707,2190.951171875,37.7265625,14.724476620025708,0.18616652019024188,0.3372802734375,0.1903505585937637,0.19129118906249687,185,196,1.0594594594594595,10,2.961622013034033,7,1687,0.0,2193.092864125122,197,231,1.8046875,0.19620685468754573,True
0.75,45,36099,1024,33,5,34,39,0.3046875,0.0322265625,8159,0.9959716796875,3818,0.4679495036156392,20737.287109375,126.56640625,4.963284203140114,0.08115122170731191,0.466064453125,0.1903505585937637,0.19129118906249687,5,13,2.6,71,2.127063138590516,8,2077,0.0,20900.57283464567,8,42,0.328125,0.19620685468754573,True
0.75,46,39260,1024,1048,131,34,165,1.2890625,1.0234375,7144,0.8720703125,3277,0.4587066069428891,15017.2451171875,114.9794921875,6.364900913248207,0.14474850818094068,0.4000244140625,0.1903505585937637,0.19129118906249687,131,142,1.083969465648855,259,2.4197191697191696,9,2064,0.0,15501.672379032258,143,177,1.3828125,0.19620685468754573,True
0.75,47,46517,1024,1465,184,34,218,1.703125,1.4306640625,6727,0.8211669921875,2928,0.4352608889549576,3194.529296875,44.7890625,13.086734854876195,0.13155324743032834,0.357421875,0.1903505585937637,0.19129118906249687,184,195,1.059782608695652,58,2.7782712675093952,7,1794,0.0,3216.51720747296,199,233,1.8203125,0.19620685468754573,True
0.75,48,33095,1024,2528,316,34,350,2.734375,2.46875,5664,0.69140625,2407,0.4249646892655367,1538.173828125,27.90234375,16.260749432635908,0.09953445207296518,0.2938232421875,0.1903505585937637,0.19129118906249687,316,327,1.0348101265822784,36,3.3890274314214466,7,1367,0.0,1544.2058823529412,333,367,2.8671875,0.19620685468754573,True
0.75,49,3,1024,840,105,34,139,1.0859375,0.8203125,7352,0.8974609375,3353,0.45606637649619153,6487.2353515625,73.2451171875,10.010207068052964,0.054614979229549596,0.4093017578125,0.1903505585937637,0.19129118906249687,105,116,1.1047619047619048,10,2.440334128878282,8,2176,0.0,6493.5767350928645,118,152,1.1875,0.19620685468754573,True
0.75,50,21683,1024,804,101,34,135,1.0546875,0.78515625,7388,0.90185546875,3296,0.44612885760693016,8458.5771484375,77.6552734375,8.85783046121092,0.013804708941625471,0.40234375,0.1903505585937637,0.19129118906249687,101,112,1.108910891089109,10,2.4825493171471926,8,2041,0.0,8466.845552297165,109,143,1.1171875,0.19620685468754573,True
0.75,51,13446,1024,697,88,34,122,0.953125,0.6806640625,7495,0.9149169921875,3724,0.4968645763842562,5846.0986328125,61.3310546875,10.462142225586295,0.042492203292120174,0.45458984375,0.1903505585937637,0.19129118906249687,88,99,1.125,12,2.1963470319634704,11,2033,0.0,5851.813294232649,97,131,1.0234375,0.19620685468754573,True
0.75,52,49515,1024,1196,150,34,184,1.4375,1.16796875,6996,0.85400390625,2954,0.42224128073184675,1831.083984375,34.427734375,15.503720967878634,0.15075806890406884,0.360595703125,0.1903505585937637,0.19129118906249687,150,161,1.0733333333333333,111,2.735861835421605,10,1825,0.0,1854.6290801186944,163,197,1.5390625,0.19620685468754573,True
0.75,53,27943,1024,1231,154,34,188,1.46875,1.2021484375,6961,0.8497314453125,3682,0.5289469903749461,13641.572265625,99.6484375,6.7821593285435755,0.05701494791837939,0.449462890625,0.1903505585937637,0.19129118906249687,154,165,1.0714285714285714,11,2.221407226297202,9,1984,0.0,13654.907135874877,169,203,1.5859375,0.19620685468754573,True
0.75,54,29059,1024,798,100,34,134,1.046875,0.779296875,7394,0.902587890625,3640,0.49229104679469843,9827.79296875,85.04296875,8.20624361765249,0.039770961395431875,0.4443359375,0.1903505585937637,0.19129118906249687,100,111,1.11,9,2.247595493267381,13,1913,0.0,9837.39980449658,112,146,1.140625,0.19620685468754573,True
0.75,55,32738,1024,1175,147,34,181,1.4140625,1.1474609375,7017,0.8565673828125,2684,0.3824996437223885,1663.3564453125,27.4736328125,15.920950354940723,0.3468974610826813,0.32763671875,0.1903505585937637,0.19129118906249687,147,158,1.0748299319727892,62,3.029071934401789,8,1531,0.0,1674.8053097345132,154,188,1.46875,0.19620685468754573,True
0.75,56,445,1024,1513,190,34,224,1.75,1.4775390625,6679,0.8153076171875,3076,0.4605479862254829,6979.466796875,63.142578125,9.69258115324992,0.05167284938283815,0.37548828125,0.1903505585937637,0.19129118906249687,190,201,1.0578947368421052,30,2.644878048780488,13,1841,0.0,6999.974534769834,207,241,1.8828125,0.19620685468754573,True
0.75,57,32216,1024,1157,145,34,179,1.3984375,1.1298828125,7035,0.8587646484375,3345,0.47547974413646055,10260.5966796875,75.5205078125,8.019077440335428,0.04546057120358724,0.4083251953125,0.1903505585937637,0.19129118906249687,145,156,1.0758620689655172,22,2.4425837320574164,8,1812,0.0,10280.676125244618,154,188,1.46875,0.19620685468754573,True
0.75,58,18250,1024,1126,141,34,175,1.3671875,1.099609375,7066,0.862548828125,3459,0.4895273138975375,1561.591796875,31.072265625,16.195128419113793,0.09466779860658353,0.4222412109375,0.1903505585937637,0.19129118906249687,141,152,1.0780141843971631,32,2.358877964141122,13,1690,0.0,1567.7156862745098,154,188,1.46875,0.19620685468754573,True
0.75,59,1684,1024,1143,143,34,177,1.3828125,1.1162109375,7049,0.8604736328125,3140,0.44545325578096184,10353.142578125,80.49609375,7.980081659365878,-0.009293842094583456,0.38330078125,0.1903505585937637,0.19129118906249687,143,154,1.0769230769230769,86,2.581713921631093,17,1803,0.0,10455.244575936884,155,189,1.4765625,0.19620685468754573,True
0.75,60,2899,1024,1451,182,34,216,1.6875,1.4169921875,6741,0.8228759765625,3235,0.47989912475893787,3495.552734375,46.294921875,12.695645025289558,0.18834933679528695,0.3948974609375,0.1903505585937637,0.19129118906249687,182,193,1.0604395604395604,12,2.528447742733457,9,1783,0.0,3498.969696969697,197,231,1.8046875,0.19620685468754573,True
0.75,61,39428,1024,35,5,34,39,0.3046875,0.0341796875,8157,0.9957275390625,3319,0.40688978791222263,6835.966796875,63.638671875,9.782804162353886,0.10723577704674507,0.4051513671875,0.1903505585937637,0.19129118906249687,5,13,2.6,5,2.467148884870404,8,1988,,6835.966796875,8,42,0.328125,0.19620685468754573,True
0.75,62,40758,1024,1050,132,34,166,1.296875,1.025390625,7142,0.871826171875,3942,0.5519462335480257,15419.1640625,105.947265625,6.250195314385967,0.0245934517902843,0.481201171875,0.1903505585937637,0.19129118906249687,132,143,1.0833333333333333,9,2.075869068764273,7,2026,0.0,15434.236559139785,143,177,1.3828125,0.19620685468754573,True
0.75,63,29154,1024,2906,364,34,398,3.109375,2.837890625,5286,0.645263671875,2476,0.46840711312902006,4654.810546875,54.5078125,11.451783511941862,0.11093600657946004,0.30224609375,0.1903505585937637,0.19129118906249687,364,375,1.0302197802197801,11,3.303838383838384,6,1485,0.0,4659.360703812316,386,420,3.28125,0.19620685468754573,True
0.75,64,43958,1024,1763,221,34,255,1.9921875,1.7216796875,6429,0.7847900390625,2303,0.35822056307357286,635.03515625,17.828125,20.102825918865797,0.20100825487949286,0.2811279296875,0.1903505585937637,0.19129118906249687,221,232,1.0497737556561086,9,3.553866203301477,7,1361,0.0,635.6559139784946,237,271,2.1171875,0.19620685468754573,True
0.75,65,33814,1024,1213,152,34,186,1.453125,1.1845703125,6979,0.8519287109375,3436,0.49233414529302194,14516.9375,100.638671875,6.512053538104822,0.03673389752933803,0.41943359375,0.1903505585937637,0.19129118906249687,152,163,1.0723684210526316,18,2.379330422125182,13,1984,0.0,14545.34637964775,167,201,1.5703125,0.19620685468754573,True
0.75,66,34153,1024,679,85,34,119,0.9296875,0.6630859375,7513,0.9171142578125,4028,0.5361373619060296,8024.5986328125,77.4482421875,9.086570414002162,0.08086840684941862,0.49169921875,0.1903505585937637,0.19129118906249687,85,96,1.1294117647058823,12,2.0305438291532156,12,1884,0.0,8032.4428152492665,95,129,1.0078125,0.19620685468754573,True
0.75,67,43609,1024,1560,195,34,229,1.7890625,1.5234375,6632,0.8095703125,3108,0.4686369119420989,7644.0771484375,66.3740234375,9.297552993123007,0.07378427433223705,0.37939453125,0.1903505585937637,0.19129118906249687,195,206,1.0564102564102564,35,2.6240746700997746,13,1903,0.0,7674.053921568628,210,244,1.90625,0.19620685468754573,True
0.75,68,10762,1024,1144,143,34,177,1.3828125,1.1171875,7048,0.8603515625,3282,0.46566401816118047,4427.4462890625,51.3232421875,11.669270595558295,0.03893393900173231,0.400634765625,0.1903505585937637,0.19129118906249687,143,154,1.0769230769230769,87,2.46967387991466,7,1845,0.0,4471.109467455622,155,189,1.4765625,0.19620685468754573,True
0.75,69,17898,1024,1724,216,34,250,1.953125,1.68359375,6468,0.78955078125,3096,0.47866419294990725,2395.431640625,40.5703125,14.336965791293734,0.15600770341766884,0.3779296875,0.1903505585937637,0.19129118906249687,216,227,1.0509259259259258,43,2.6323101777059774,9,1570,0.0,2407.1854759568205,228,262,2.046875,0.19620685468754573,True
0.75,70,43653,1024,827,104,34,138,1.078125,0.8076171875,7365,0.8990478515625,3184,0.43231500339443313,10498.845703125,78.291015625,7.9193880773323775,0.029048138097392383,0.388671875,0.1903505585937637,0.19129118906249687,104,115,1.1057692307692308,91,2.544454916745209,7,1958,0.0,10612.85093780849,115,149,1.1640625,0.19620685468754573,True
0.75,71,14233,1024,1415,177,34,211,1.6484375,1.3818359375,6777,0.8272705078125,3213,0.47410358565737054,3107.8076171875,43.5927734375,13.20626234065885,0.09124614477670838,0.3922119140625,0.1903505585937637,0.19129118906249687,177,188,1.0621468926553672,60,2.530821917808219,10,1691,0.0,3129.1986234021633,190,224,1.75,0.19620685468754573,True
0.75,72,39520,1024,977,123,34,157,1.2265625,0.9541015625,7215,0.8807373046875,3384,0.46902286902286905,10623.85546875,88.6328125,7.86798207122517,0.06454762010273835,0.4130859375,0.1903505585937637,0.19129118906249687,123,134,1.089430894308943,29,2.411469110257168,8,2082,0.0,10655.071498530851,133,167,1.3046875,0.19620685468754573,True
0.75,73,18138,1024,1500,188,34,222,1.734375,1.46484375,6692,0.81689453125,2908,0.43454871488344293,1940.8505859375,31.9130859375,15.250882578342752,0.1694735232197279,0.35498046875,0.1903505585937637,0.19129118906249687,188,199,1.0585106382978724,12,2.8132094943240453,18,1592,0.0,1942.7478005865103,203,237,1.8515625,0.19620685468754573,True
0.75,74,9212,1024,906,114,34,148,1.15625,0.884765625,7286,0.889404296875,3885,0.5332143837496569,30382.033203125,162.31640625,3.304635268463734,0.027696963011760143,0.4742431640625,0.1903505585937637,0.19129118906249687,114,125,1.0964912280701755,31,2.100926879505664,9,1956,0.0,30471.304603330067,125,159,1.2421875,0.19620685468754573,True
0.75,75,6456,1024,1277,160,34,194,1.515625,1.2470703125,6915,0.8441162109375,3795,0.5488069414316703,4730.9833984375,57.5771484375,11.381289368057402,0.12378200176646503,0.4632568359375,0.1903505585937637,0.19129118906249687,160,171,1.06875,27,2.151555086979441,14,1970,0.0,4744.884427032322,174,208,1.625,0.19620685468754573,True
0.75,76,22948,1024,637,80,34,114,0.890625,0.6220703125,7555,0.9222412109375,3498,0.4630046326935804,5359.6484375,50.67578125,10.839440574925302,0.2529927884174503,0.427001953125,0.1903505585937637,0.19129118906249687,80,91,1.1375,54,2.3262796682871034,18,1882,0.0,5391.237721021611,89,123,0.9609375,0.19620685468754573,True
0.75,77,7591,1024,1330,167,34,201,1.5703125,1.298828125,6862,0.837646484375,3096,0.45118041387350627,2786.244140625,43.4921875,13.680611926849211,0.13166569397690245,0.3779296875,0.1903505585937637,0.19129118906249687,167,178,1.0658682634730539,18,2.6407108239095316,7,1860,0.0,2791.6966731898237,180,214,1.671875,0.19620685468754573,True
0.75,78,29996,1024,1519,190,34,224,1.75,1.4833984375,6673,0.8145751953125,2985,0.4473250412108497,7398.2724609375,67.8427734375,9.439500395518511,0.1179708391380066,0.3643798828125,0.1903505585937637,0.19129118906249687,190,201,1.0578947368421052,46,2.7288873994638068,7,1828,0.0,7434.574092247301,204,238,1.859375,0.19620685468754573,True
0.75,79,10378,1024,1011,127,34,161,1.2578125,0.9873046875,7181,0.8765869140625,2715,0.37808104720790975,4160.0048828125,41.6044921875,11.939865204870138,0.0456951947777444,0.3314208984375,0.1903505585937637,0.19129118906249687,127,138,1.0866141732283465,18,3.0106853352984526,8,1658,0.0,4168.1457925636005,140,174,1.359375,0.19620685468754573,True
0.75,80,27337,1024,1097,138,34,172,1.34375,1.0712890625,7095,0.8660888671875,3172,0.4470754052149401,8967.48046875,79.677734375,8.604099214160128,0.1312456727243975,0.38720703125,0.1903505585937637,0.19129118906249687,138,149,1.0797101449275361,29,2.5726900031535793,7,2091,0.0,8993.82957884427,149,183,1.4296875,0.19620685468754573,True
0.75,81,19965,1024,1390,174,34,208,1.625,1.357421875,6802,0.830322265625,3423,0.5032343428403411,9560.861328125,82.978515625,8.32583341687888,0.0813809806563142,0.4178466796875,0.1903505585937637,0.19129118906249687,174,185,1.0632183908045978,33,2.382232612507306,7,2097,0.0,9598.354901960784,191,225,1.7578125,0.19620685468754573,True
0.75,82,24405,1024,1886,236,34,270,2.109375,1.841796875,6306,0.769775390625,2687,0.4261021249603552,1584.978515625,32.060546875,16.130569811335388,0.07021695945747417,0.3280029296875,0.1903505585937637,0.19129118906249687,236,247,1.0466101694915255,37,3.0349962769918095,8,1593,0.0,1591.1941176470589,252,286,2.234375,0.19620685468754573,True
0.75,83,45135,1024,1232,154,34,188,1.46875,1.203125,6960,0.849609375,3203,0.46020114942528734,8493.955078125,71.45703125,8.839704010550225,0.06788402452872322,0.3909912109375,0.1903505585937637,0.19129118906249687,154,165,1.0714285714285714,29,2.548719550281074,7,1897,0.0,8518.912830558276,170,204,1.59375,0.19620685468754573,True
0.75,84,11274,1024,1511,189,34,223,1.7421875,1.4755859375,6681,0.8155517578125,2702,0.4044304744798683,3546.4765625,44.98828125,12.632832667836153,0.06984994039891554,0.329833984375,0.1903505585937637,0.19129118906249687,189,200,1.0582010582010581,43,3.0155497963717144,7,1723,0.0,3563.8783120706576,207,241,1.8828125,0.19620685468754573,True
0.75,85,1941,1024,1165,146,34,180,1.40625,1.1376953125,7027,0.8577880859375,3277,0.46634410132346665,5551.021484375,65.3515625,10.68707452662792,0.237483754378615,0.4000244140625,0.1903505585937637,0.19129118906249687,146,157,1.0753424657534247,19,2.493894993894994,7,2057,0.0,5561.884540117417,157,191,1.4921875,0.19620685468754573,True
0.75,86,48940,1024,1416,177,34,211,1.6484375,1.3828125,6776,0.8271484375,2912,0.4297520661157025,1989.6142578125,35.7802734375,15.14311476388949,0.14635882772910674,0.35546875,0.1903505585937637,0.19129118906249687,177,188,1.0621468926553672,10,2.809000343524562,6,1772,0.0,1991.5591397849462,190,224,1.75,0.19620685468754573,True
0.75,87,36794,1024,1419,178,34,212,1.65625,1.3857421875,6773,0.8267822265625,3310,0.48870515281263843,14108.6953125,98.328125,6.635935062049725,0.03205084554498846,0.404052734375,0.1903505585937637,0.19129118906249687,178,189,1.0617977528089888,61,2.4551223934723483,10,1901,0.0,14205.805309734513,192,226,1.765625,0.19620685468754573,True
0.75,88,21994,1024,1071,134,34,168,1.3125,1.0458984375,7121,0.8692626953125,3300,0.4634180592613397,9526.1962890625,80.3525390625,8.341608348808304,0.01837690032382773,0.40283203125,0.1903505585937637,0.19129118906249687,134,145,1.0820895522388059,12,2.4789330100030313,8,2055,0.0,9535.508308895405,147,181,1.4140625,0.19620685468754573,True
0.75,89,49944,1024,1224,153,34,187,1.4609375,1.1953125,6968,0.8505859375,3427,0.4918197474167623,11233.685546875,87.3515625,7.625580979210175,0.17865119551380226,0.4183349609375,0.1903505585937637,0.19129118906249687,153,164,1.0718954248366013,48,2.376824284880327,7,2007,0.0,11299.895874263262,169,203,1.5859375,0.19620685468754573,True
0.75,90,43442,1024,1167,146,34,180,1.40625,1.1396484375,7025,0.8575439453125,1306,0.18590747330960855,376.552734375,7.708984375,22.372545552466754,0.5390319713374297,0.159423828125,0.1903505585937637,0.19129118906249687,146,157,1.0753424657534247,119,6.098850574712643,10,912,0.0,381.7722772277228,148,182,1.421875,0.19620685468754573,True
0.75,91,45096,1024,719,90,34,124,0.96875,0.7021484375,7473,0.9122314453125,3143,0.4205807573932825,1588.3759765625,30.3466796875,16.121270509256,0.25679040945854015,0.3836669921875,0.1903505585937637,0.19129118906249687,90,101,1.1222222222222222,28,2.5970719287078294,7,1743,0.0,1593.0430950048972,99,133,1.0390625,0.19620685468754573,True
0.75,92,42430,1024,892,112,34,146,1.140625,0.87109375,7300,0.89111328125,3337,0.4571232876712329,2278.28125,40.080078125,14.554730248897949,0.3040160806179338,0.4073486328125,0.1903505585937637,0.19129118906249687,112,123,1.0982142857142858,77,2.431954436450839,14,1660,0.0,2298.4827586206898,119,153,1.1953125,0.19620685468754573,True
0.75,93,42255,1024,1411,177,34,211,1.6484375,1.3779296875,6781,0.8277587890625,2947,0.43459666715823625,4299.669921875,49.744140625,11.796452440349634,0.21571045956127727,0.3597412109375,0.1903505585937637,0.19129118906249687,177,188,1.0621468926553672,44,2.7651052274270196,13,1618,0.0,4320.767419038273,188,222,1.734375,0.19620685468754573,True
0.75,94,5771,1024,27,4,34,38,0.296875,0.0263671875,8165,0.9967041015625,4624,0.566319657072872,30723.0341796875,161.2822265625,3.2561625685139033,0.02759864837640712,0.564453125,0.1903505585937637,0.19129118906249687,4,12,3.0,23,1.7668180834955656,62,1886,0.0,30783.157534246577,7,41,0.3203125,0.19620685468754573,True
0.75,95,8320,1024,4824,603,34,637,4.9765625,4.7109375,3368,0.4111328125,1246,0.36995249406175773,1788.40625,32.125,15.606141819265744,0.2132678722868736,0.152099609375,0.1903505585937637,0.19129118906249687,603,614,1.0182421227197347,18,6.559839357429719,4,897,0.0,1791.9060665362035,614,648,5.0625,0.19620685468754573,True
0.75,96,48807,1024,962,121,34,155,1.2109375,0.939453125,7230,0.882568359375,3711,0.5132780082987551,11257.404296875,92.904296875,7.61642097306292,0.05115454835161203,0.4530029296875,0.1903505585937637,0.19129118906249687,121,132,1.0909090909090908,11,2.2048517520215634,12,2136,0.0,11268.408602150537,135,169,1.3203125,0.19620685468754573,True
0.75,97,2675,1024,1196,150,34,184,1.4375,1.16796875,6996,0.85400390625,2547,0.36406518010291594,1993.1689453125,28.8271484375,15.135362488672277,0.2913188204150741,0.3109130859375,0.1903505585937637,0.19129118906249687,150,161,1.0733333333333333,43,3.1987431264728987,11,1478,0.0,2002.9489695780176,165,199,1.5546875,0.19620685468754573,True
0.75,98,37658,1024,762,96,34,130,1.015625,0.744140625,7430,0.906982421875,3473,0.4674293405114401,15669.1552734375,96.1845703125,6.180347766503332,0.02146461938406413,0.4239501953125,0.1903505585937637,0.19129118906249687,96,107,1.1145833333333333,12,2.355414746543779,13,1900,0.0,15684.472140762464,103,137,1.0703125,0.19620685468754573,True
0.75,99,45710,1024,1012,127,34,161,1.2578125,0.98828125,7180,0.87646484375,3766,0.5245125348189416,17951.8984375,125.958984375,5.589699782970841,0.08870681551137047,0.459716796875,0.1903505585937637,0.19129118906249687,127,138,1.0866141732283465,17,2.170783532536521,9,2101,0.0,17987.029354207436,141,175,1.3671875,0.19620685468754573,True
0.75,100,15813,1024,701,88,34,122,0.953125,0.6845703125,7491,0.9144287109375,3508,0.4682952876785476,3558.6943359375,53.8466796875,12.617896737678336,0.25368883662316793,0.42822265625,0.1903505585937637,0.19129118906249687,88,99,1.125,74,2.3142286854861704,8,1835,0.0,3590.249261083744,96,130,1.015625,0.19620685468754573,True
0.75,101,7135,1024,4072,509,34,543,4.2421875,3.9765625,4120,0.5029296875,1475,0.3580097087378641,816.1865234375,19.7353515625,19.012909412773233,0.2999061805421824,0.1800537109375,0.1903505585937637,0.19129118906249687,509,520,1.0216110019646365,50,5.522388059701493,7,886,0.0,820.9970530451866,533,567,4.4296875,0.19620685468754573,True
0.75,102,31775,1024,1123,141,34,175,1.3671875,1.0966796875,7069,0.8629150390625,3443,0.48705616070165514,7351.560546875,82.443359375,9.467008224696428,0.19101653716453226,0.4202880859375,0.1903505585937637,0.19129118906249687,141,152,1.0780141843971631,9,2.3762347472399767,6,2383,0.0,7358.746823069404,155,189,1.4765625,0.19620685468754573,True
0.75,103,31772,1024,1677,210,34,244,1.90625,1.6376953125,6515,0.7952880859375,3144,0.48257866462010746,5511.8896484375,55.2744140625,10.717798467351054,0.07204714416435029,0.3837890625,0.1903505585937637,0.19129118906249687,210,221,1.0523809523809524,41,2.5927457842825326,11,1790,0.0,5538.935230618254,222,256,2.0,0.19620685468754573,True
0.75,104,25160,1024,1167,146,34,180,1.40625,1.1396484375,7025,0.8575439453125,3158,0.4495373665480427,5943.3876953125,64.9833984375,10.390463000623127,0.13355810729431372,0.385498046875,0.1903505585937637,0.19129118906249687,146,157,1.0753424657534247,20,2.5878999049730758,8,2019,0.0,5955.018590998043,162,196,1.53125,0.19620685468754573,True
0.75,105,36108,1024,1363,171,34,205,1.6015625,1.3310546875,6829,0.8336181640625,2907,0.42568458046566116,4394.865234375,57.185546875,11.701347986059329,0.1202115387779707,0.3548583984375,0.1903505585937637,0.19129118906249687,171,182,1.064327485380117,28,2.8083275980729523,7,1868,0.0,4407.778648383937,181,215,1.6796875,0.19620685468754573,True
0.75,106,1260,1024,1079,135,34,169,1.3203125,1.0537109375,7113,0.8682861328125,2702,0.3798678476029805,4325.3505859375,46.0927734375,11.77059046438777,0.11515240717489517,0.329833984375,0.1903505585937637,0.19129118906249687,135,146,1.0814814814814815,20,3.0240651610514626,7,1755,0.0,4333.815068493151,148,182,1.421875,0.19620685468754573,True
0.75,107,37885,1024,761,96,34,130,1.015625,0.7431640625,7431,0.9071044921875,3450,0.4642712959224869,9914.9462890625,83.9306640625,8.167899949667255,0.028557955203968553,0.421142578125,0.1903505585937637,0.19129118906249687,96,107,1.1145833333333333,85,2.348796752681937,8,2054,0.0,10012.726824457593,106,140,1.09375,0.19620685468754573,True
0.75,108,41535,1024,15,2,34,36,0.28125,0.0146484375,8177,0.9981689453125,3583,0.4381802617096735,19371.666015625,122.740234375,5.2591338804355665,0.0893476322701385,0.4373779296875,0.1903505585937637,0.19129118906249687,2,10,5.0,127,2.2445561139028474,11,1935,0.0,19659.649157581764,5,39,0.3046875,0.19620685468754573,True
0.75,109,44889,1024,684,86,34,120,0.9375,0.66796875,7508,0.91650390625,3475,0.4628396377197656,6769.9404296875,65.2353515625,9.824955136261673,0.05394203769640525,0.4241943359375,0.1903505585937637,0.19129118906249687,86,97,1.127906976744186,55,2.341393206678181,13,1776,0.0,6809.84184675835,93,127,0.9921875,0.19620685468754573,True
0.75,110,28184,1024,1848,231,34,265,2.0703125,1.8046875,6344,0.7744140625,2618,0.4126733921815889,2459.3486328125,36.0751953125,14.222602629651357,0.1809905397523792,0.319580078125,0.1903505585937637,0.19129118906249687,231,242,1.0476190476190477,9,3.1245701184562478,8,1740,0.0,2461.7526881720432,244,278,2.171875,0.19620685468754573,True
0.75,111,25319,1024,1519,190,34,224,1.75,1.4833984375,6673,0.8145751953125,3317,0.49707777611269294,11034.7802734375,89.1669921875,7.703166710352737,0.02740652437839118,0.4049072265625,0.1903505585937637,0.19129118906249687,190,201,1.0578947368421052,11,2.4665259348612785,8,1849,0.0,11045.566959921798,204,238,1.859375,0.19620685468754573,True
0.75,112,11010,1024,1195,150,34,184,1.4375,1.1669921875,6997,0.8541259765625,3081,0.44033157067314566,3573.3603515625,49.9365234375,12.600035465115646,0.1452556141902759,0.3760986328125,0.1903505585937637,0.19129118906249687,150,161,1.0733333333333333,38,2.646103896103896,15,1894,0.0,3587.3735294117646,163,197,1.5390625,0.19620685468754573,True
0.75,113,33880,1024,609,77,34,111,0.8671875,0.5947265625,7583,0.9256591796875,3035,0.40023737307134377,1600.4072265625,29.0419921875,16.08849857120504,0.12879296726344072,0.3704833984375,0.1903505585937637,0.19129118906249687,77,88,1.1428571428571428,8,2.696440342781806,8,1671,0.0,1601.97165200391,86,120,0.9375,0.19620685468754573,True
0.75,114,19307,1024,706,89,34,123,0.9609375,0.689453125,7486,0.913818359375,3314,0.4426930269837029,1713.908203125,34.84765625,15.790928034580261,0.15827540006568927,0.404541015625,0.1903505585937637,0.19129118906249687,89,100,1.1235955056179776,161,2.4228795653486266,8,1887,0.0,1748.0498007968129,95,129,1.0078125,0.19620685468754573,True
0.75,115,12236,1024,22,3,34,37,0.2890625,0.021484375,8170,0.997314453125,2123,0.2598531211750306,6233.4443359375,45.1181640625,10.183522752453147,0.0695188566239904,0.2591552734375,0.1903505585937637,0.19129118906249687,3,11,3.6666666666666665,31,3.811498586239397,8,1294,0.0,6251.760039177278,7,41,0.3203125,0.19620685468754573,True
0.75,116,13805,1024,545,69,34,103,0.8046875,0.5322265625,7647,0.9334716796875,4045,0.5289656074277495,23341.5400390625,145.6103515625,4.449508541284789,0.02279775265587005,0.4937744140625,0.1903505585937637,0.19129118906249687,69,80,1.1594202898550725,9,2.0229970326409497,8,2239,0.0,23364.35679374389,77,111,0.8671875,0.19620685468754573,True
0.75,117,5814,1024,988,124,34,158,1.234375,0.96484375,7204,0.87939453125,3031,0.42073847862298724,5512.544921875,56.26953125,10.717282193003259,0.06465800746256535,0.3699951171875,0.1903505585937637,0.19129118906249687,124,135,1.0887096774193548,45,2.6874587458745873,7,1805,0.0,5539.593719332679,135,169,1.3203125,0.19620685468754573,True
0.75,118,48485,1024,1032,129,34,163,1.2734375,1.0078125,7160,0.8740234375,3243,0.45293296089385476,8187.833984375,73.736328125,8.999113324955157,0.040333674436771064,0.3958740234375,0.1903505585937637,0.19129118906249687,129,140,1.0852713178294573,19,2.5203578038247993,8,2008,0.0,8203.857142857143,141,175,1.3671875,0.19620685468754573,True
0.75,119,12248,1024,14,2,34,36,0.28125,0.013671875,8178,0.998291015625,3399,0.4156272927366104,15024.4111328125,96.7509765625,6.362829016095601,0.041080502848205,0.4149169921875,0.1903505585937637,0.19129118906249687,2,10,5.0,13,2.4061212477928193,9,1893,0.0,15039.097751710655,5,39,0.3046875,0.19620685468754573,True
0.75,120,458,1024,1249,157,34,191,1.4921875,1.2197265625,6943,0.8475341796875,3602,0.5187959095491862,7760.423828125,76.4765625,9.231949203842616,0.05779040463653952,0.439697265625,0.1903505585937637,0.19129118906249687,157,168,1.070063694267516,16,2.2690919189114136,7,2139,0.0,7775.610567514677,171,205,1.6015625,0.19620685468754573,True
0.75,121,319,1024,1096,137,34,171,1.3359375,1.0703125,7096,0.8662109375,3129,0.44095264937993234,13225.1796875,84.177734375,6.916787794605299,0.04244827795653918,0.3819580078125,0.1903505585937637,0.19129118906249687,137,148,1.0802919708029197,38,2.6054987212276215,10,1725,0.0,13277.043137254903,149,183,1.4296875,0.19620685468754573,True
0.75,122,21496,1024,1022,128,34,162,1.265625,0.998046875,7170,0.875244140625,3268,0.45578800557880056,11017.27734375,86.912109375,7.7100607857343775,0.028765027815555174,0.39892578125,0.1903505585937637,0.19129118906249687,128,139,1.0859375,44,2.4931129476584024,8,1960,0.0,11071.33660451423,139,173,1.3515625,0.19620685468754573,True
0.75,123,20390,1024,1647,206,34,240,1.875,1.6083984375,6545,0.7989501953125,3199,0.48877005347593583,4930.0185546875,60.1435546875,11.202318070707554,0.10942796713041647,0.3905029296875,0.1903505585937637,0.19129118906249687,206,217,1.0533980582524272,27,2.5528455284552845,7,2047,0.0,4944.504407443683,220,254,1.984375,0.19620685468754573,True
0.75,124,33691,1024,1264,158,34,192,1.5,1.234375,6928,0.845703125,2653,0.3829387990762125,3548.634765625,37.35546875,12.630190578956713,0.09652982724165579,0.3238525390625,0.1903505585937637,0.19129118906249687,158,169,1.0696202531645569,21,3.0799396681749625,8,1524,0.0,3555.5792563600785,169,203,1.5859375,0.19620685468754573,True
0.75,125,33872,1024,1030,129,34,163,1.2734375,1.005859375,7162,0.874267578125,3533,0.4932979614632784,9464.5087890625,85.9248046875,8.369822820013185,0.09103885578951976,0.4312744140625,0.1903505585937637,0.19129118906249687,129,140,1.0852713178294573,12,2.315402038505096,8,2166,0.0,9473.760508308895,140,174,1.359375,0.19620685468754573,True
0.75,126,46987,1024,1224,153,34,187,1.4609375,1.1953125,6968,0.8505859375,3421,0.4909586681974742,1826.37109375,38.279296875,15.51491335975423,0.314257367632259,0.4176025390625,0.1903505585937637,0.19129118906249687,153,164,1.0718954248366013,18,2.3891812865497077,13,1991,0.0,1829.945205479452,168,202,1.578125,0.19620685468754573,True
0.75,127,26772,1024,1641,206,34,240,1.875,1.6025390625,6551,0.7996826171875,2853,0.4355060296137994,2874.4287109375,42.6943359375,13.54528818743592,0.1557818386439547,0.3482666015625,0.1903505585937637,0.19129118906249687,206,217,1.0533980582524272,18,2.8643057503506313,7,1774,0.0,2880.053816046967,220,254,1.984375,0.19620685468754573,True
0.75,128,7057,1024,1394,175,34,209,1.6328125,1.361328125,6798,0.829833984375,3049,0.4485142689026184,3357.708984375,47.26171875,12.870373081239332,0.1728468753891122,0.3721923828125,0.1903505585937637,0.19129118906249687,175,186,1.062857142857143,29,2.6768372703412076,7,1771,0.0,3367.574926542605,187,221,1.7265625,0.19620685468754573,True
0.75,129,30014,1024,967,121,34,155,1.2109375,0.9443359375,7225,0.8819580078125,3838,0.5312110726643599,21490.236328125,131.326171875,4.808391694138677,0.04058945289640893,0.468505859375,0.1903505585937637,0.19129118906249687,121,132,1.0909090909090908,18,2.128485796194944,14,2129,0.0,21532.2915851272,133,167,1.3046875,0.19620685468754573,True
0.75,130,48237,1024,4260,533,34,567,4.4296875,4.16015625,3932,0.47998046875,760,0.19328585961342828,673.05078125,15.158203125,19.850325281674735,0.22420595154661366,0.0927734375,0.1903505585937637,0.19129118906249687,533,544,1.020637898686679,49,10.60737812911726,4,621,0.0,677.0176817288801,534,568,4.4375,0.19620685468754573,True
0.75,131,4823,1024,1023,128,34,162,1.265625,0.9990234375,7169,0.8751220703125,3517,0.49058446087320406,12087.78515625,96.08203125,7.307336284552306,0.13184832111266273,0.4293212890625,0.1903505585937637,0.19129118906249687,128,139,1.0859375,29,2.3211035267349263,13,2087,0.0,12123.30264446621,141,175,1.3671875,0.19620685468754573,True
0.75,132,26627,1024,1135,142,34,176,1.375,1.1083984375,7057,0.8614501953125,3311,0.46917953804732887,2057.3759765625,37.3330078125,14.99766696482016,0.18500978668612655,0.4041748046875,0.1903505585937637,0.19129118906249687,142,153,1.0774647887323943,46,2.459818731117825,13,1822,0.0,2067.471050049068,156,190,1.484375,0.19620685468754573,True
0.75,133,12293,1024,661,83,34,117,0.9140625,0.6455078125,7531,0.9193115234375,3559,0.47258000265568983,5083.8798828125,59.0576171875,11.068850799709862,0.06183319456838573,0.4344482421875,0.1903505585937637,0.19129118906249687,83,94,1.1325301204819278,11,2.2976391231028668,11,1830,0.0,5088.8494623655915,90,124,0.96875,0.19620685468754573,True
0.75,134,32803,1024,1473,185,34,219,1.7109375,1.4384765625,6719,0.8201904296875,3646,0.5426402738502754,3635.6318359375,49.7412109375,12.525004631376333,0.04779147150387375,0.445068359375,0.1903505585937637,0.19129118906249687,185,196,1.0594594594594595,34,2.2373113854595337,8,1740,0.0,3649.8892156862744,202,236,1.84375,0.19620685468754573,True
0.75,135,41882,1024,1056,132,34,166,1.296875,1.03125,7136,0.87109375,3454,0.48402466367713004,12634.0078125,93.287109375,7.115392197545042,0.20600817860096007,0.421630859375,0.1903505585937637,0.19129118906249687,132,143,1.0833333333333333,21,2.364900086880973,7,1969,0.0,12658.731898238748,145,179,1.3984375,0.19620685468754573,True
0.75,136,10235,1024,1494,187,34,221,1.7265625,1.458984375,6698,0.817626953125,3382,0.5049268438339803,8792.6240234375,85.5791015625,8.689618579403856,0.09040788138226599,0.412841796875,0.1903505585937637,0.19129118906249687,187,198,1.0588235294117647,25,2.414670215912452,7,2281,0.0,8818.459353574926,201,235,1.8359375,0.19620685468754573,True
0.75,137,30033,1024,1494,187,34,221,1.7265625,1.458984375,6698,0.817626953125,2782,0.4153478650343386,4500.4482421875,49.1220703125,11.598245894450564,0.08961236425082228,0.339599609375,0.1903505585937637,0.19129118906249687,187,198,1.0588235294117647,17,2.937792161093132,7,1751,0.0,4509.255381604697,201,235,1.8359375,0.19620685468754573,True
0.75,138,20042,1024,714,90,34,124,0.96875,0.697265625,7478,0.912841796875,3880,0.5188553089061246,6483.5234375,69.724609375,10.012692757386743,0.03924617246098771,0.4736328125,0.1903505585937637,0.19129118906249687,90,101,1.1222222222222222,19,2.105439546274813,12,1905,0.0,6496.211350293542,99,133,1.0390625,0.19620685468754573,True
0.75,139,29399,1024,1126,141,34,175,1.3671875,1.099609375,7066,0.862548828125,3414,0.483158788564959,9097.48046875,78.869140625,8.541592289892147,0.11834168351704825,0.416748046875,0.1903505585937637,0.19129118906249687,141,152,1.0780141843971631,11,2.3952534427190155,9,2114,0.0,9106.373411534702,152,186,1.453125,0.19620685468754573,True
0.75,140,6463,1024,1194,150,34,184,1.4375,1.166015625,6998,0.854248046875,3883,0.5548728208059446,3885.169921875,50.884765625,12.236703430028257,0.04807811399308962,0.4739990234375,0.1903505585937637,0.19129118906249687,150,161,1.0733333333333333,11,2.1063884595569293,10,1920,0.0,3888.967741935484,159,193,1.5078125,0.19620685468754573,True
0.75,141,25920,1024,1406,176,34,210,1.640625,1.373046875,6786,0.828369140625,2445,0.3603006189213086,1015.134765625,20.64453125,18.06556659424457,0.49334143182278667,0.2984619140625,0.1903505585937637,0.19129118906249687,176,187,1.0625,70,3.3224222585924714,6,1533,0.0,1023.1279527559055,190,224,1.75,0.19620685468754573,True
0.75,142,10327,1024,14,2,34,36,0.28125,0.013671875,8178,0.998291015625,4214,0.5152849107361213,22034.435546875,140.25390625,4.699784311418863,0.03843071897383523,0.514404296875,0.1903505585937637,0.19129118906249687,2,10,5.0,12,1.9406598623308806,9,2197,0.0,22055.974584555228,5,39,0.3046875,0.19620685468754573,True
0.75,143,3805,1024,1068,134,34,168,1.3125,1.04296875,7124,0.86962890625,3303,0.46364402021336326,8713.4296875,81.638671875,8.728912298352217,0.09840392497221978,0.4031982421875,0.1903505585937637,0.19129118906249687,134,145,1.0820895522388059,74,2.4560872198667476,7,2081,0.0,8790.691625615764,142,176,1.375,0.19620685468754573,True
0.75,144,37879,1024,1179,148,34,182,1.421875,1.1513671875,7013,0.8560791015625,2751,0.3922714957935263,2728.6708984375,45.0751953125,13.771292017503608,0.2823898081191761,0.3358154296875,0.1903505585937637,0.19129118906249687,148,159,1.0743243243243243,35,2.9654545454545453,7,1917,0.0,2739.371568627451,152,186,1.453125,0.19620685468754573,True
0.75,145,22721,1024,1600,200,34,234,1.828125,1.5625,6592,0.8046875,2838,0.43052184466019416,1920.7646484375,31.3408203125,15.29606206910258,0.15201731516148276,0.346435546875,0.1903505585937637,0.19129118906249687,200,211,1.055,29,2.875220303137117,8,1525,0.0,1926.4084231145935,213,247,1.9296875,0.19620685468754573,True
0.75,146,43932,1024,1340,168,34,202,1.578125,1.30859375,6852,0.83642578125,3207,0.4680385288966725,8306.8115234375,75.3896484375,8.936460041717439,-0.05530484740089418,0.3914794921875,0.1903505585937637,0.19129118906249687,168,179,1.0654761904761905,22,2.5470991890205865,7,1893,0.0,8323.067514677105,180,214,1.671875,0.19620685468754573,True
0.75,147,47270,1024,901,113,34,147,1.1484375,0.8798828125,7291,0.8900146484375,3477,0.47688931559456865,7213.13671875,72.05078125,9.549561969246232,0.08818541018003961,0.4244384765625,0.1903505585937637,0.19129118906249687,113,124,1.0973451327433628,27,2.3475258918296893,9,2004,0.0,7234.331047992165,121,155,1.2109375,0.19620685468754573,True
0.75,148,11091,1024,1311,164,34,198,1.546875,1.2802734375,6881,0.8399658203125,3111,0.4521145182386281,6215.2490234375,66.1025390625,10.19621826870431,0.08730571516945264,0.3797607421875,0.1903505585937637,0.19129118906249687,164,175,1.0670731707317074,17,2.627652733118971,14,1945,0.0,6227.411937377691,176,210,1.640625,0.19620685468754573,True
0.75,149,9736,1024,1169,147,34,181,1.4140625,1.1416015625,7023,0.8572998046875,3011,0.4287341591912288,1025.0,23.787109375,18.023564954761373,0.10615454829284852,0.3675537109375,0.1903505585937637,0.19129118906249687,147,158,1.0748299319727892,29,2.711295681063123,12,1600,0.0,1028.0117531831538,160,194,1.515625,0.19620685468754573,True
0.75,150,23206,1024,624,78,34,112,0.875,0.609375,7568,0.923828125,3278,0.4331395348837209,5296.0732421875,52.8759765625,10.891263783075049,0.1654016129215919,0.400146484375,0.1903505585937637,0.19129118906249687,78,89,1.141025641025641,29,2.4894720781202317,10,1929,0.0,5311.634671890303,85,119,0.9296875,0.19620685468754573,True
0.75,151,25039,1024,1608,201,34,235,1.8359375,1.5703125,6584,0.8037109375,3051,0.46339611178614826,1758.4443359375,33.4365234375,15.679517357144126,0.1592472221690486,0.3724365234375,0.1903505585937637,0.19129118906249687,201,212,1.054726368159204,9,2.6822950819672133,7,1697,0.0,1760.1632453567938,219,253,1.9765625,0.19620685468754573,True
0.75,152,21014,1024,37,5,34,39,0.3046875,0.0361328125,8155,0.9954833984375,2937,0.3601471489883507,17449.7783203125,96.4853515625,5.712904467576147,0.04510346170475789,0.3585205078125,0.18699043281247896,0.17841253203124552,5,13,2.6,87,2.760217983651226,8,1591,0.0,17621.866863905325,8,42,0.328125,0.18038850156256103,True
0.75,153,32412,1024,592,74,34,108,0.84375,0.578125,7600,0.927734375,3436,0.45210526315789473,2872.552734375,44.857421875,13.548123506484586,0.118683836464366,0.41943359375,0.18699043281247896,0.17841253203124552,74,85,1.1486486486486487,10,2.38136826783115,8,1813,0.0,2875.360703812317,84,118,0.921875,0.18038850156256103,True
0.75,154,34022,1024,1207,151,34,185,1.4453125,1.1787109375,6985,0.8526611328125,2613,0.3740873299928418,1349.6787109375,22.4677734375,16.8284996324221,0.19261400498711487,0.3189697265625,0.18699043281247896,0.17841253203124552,151,162,1.0728476821192052,29,3.105666156202144,15,1370,0.0,1353.6444662095985,157,191,1.4921875,0.18038850156256103,True
0.75,155,21369,1024,1068,134,34,168,1.3125,1.04296875,7124,0.86962890625,2680,0.3761931499157777,5625.7724609375,47.4638671875,10.628981980863006,0.08703203044049243,0.3271484375,0.18699043281247896,0.17841253203124552,134,145,1.0820895522388059,103,2.9764837625979843,8,1567,0.0,5692.481225296443,140,174,1.359375,0.18038850156256103,True
0.75,156,41654,1024,1659,208,34,242,1.890625,1.6201171875,6533,0.7974853515625,3001,0.4593601714373182,4562.9931640625,50.9775390625,11.538305427225033,0.06566235434516661,0.3663330078125,0.18699043281247896,0.17841253203124552,208,219,1.0528846153846154,58,2.71,8,1776,0.0,4594.400196656834,225,259,2.0234375,0.18038850156256103,True
0.75,157,11953,1024,15,2,34,36,0.28125,0.0146484375,8177,0.9981689453125,3914,0.4786596551302434,24373.18359375,139.634765625,4.261681009939584,0.06440174890021873,0.477783203125,0.18699043281247896,0.17841253203124552,2,10,5.0,14,2.089189879887554,8,2018,0.0,24397.008797653958,6,40,0.3125,0.18038850156256103,True
0.75,158,13700,1024,682,86,34,120,0.9375,0.666015625,7510,0.916748046875,4102,0.5462050599201065,10739.08203125,93.677734375,7.821132010873487,0.10645402307699206,0.500732421875,0.18699043281247896,0.17841253203124552,86,97,1.127906976744186,28,1.9902462813947817,11,2028,0.0,10770.636630754163,95,129,1.0078125,0.18038850156256103,True
0.75,159,38205,1024,976,122,34,156,1.21875,0.953125,7216,0.880859375,3088,0.4279379157427938,6188.99609375,56.3828125,10.214601522845413,0.12960214835514344,0.376953125,0.18699043281247896,0.17841253203124552,122,133,1.0901639344262295,77,2.6281179138321997,8,1761,0.0,6243.873891625616,132,166,1.296875,0.18038850156256103,True
0.75,160,40129,1024,1594,200,34,234,1.828125,1.556640625,6598,0.805419921875,2123,0.32176417096089727,384.5966796875,15.2001953125,22.28074830314439,0.3252770246861747,0.2591552734375,0.18699043281247896,0.17841253203124552,200,211,1.055,17,3.8501413760603205,7,1378,0.0,385.3493150684931,216,250,1.953125,0.18038850156256103,True
0.75,161,17080,1024,1209,152,34,186,1.453125,1.1806640625,6983,0.8524169921875,3028,0.43362451668337393,3419.205078125,42.359375,12.791552110432285,0.08672287248685706,0.36962890625,0.18699043281247896,0.17841253203124552,152,163,1.0723684210526316,70,2.6821935910142054,15,1690,0.0,3446.1279527559054,162,196,1.53125,0.18038850156256103,True
0.75,162,1505,1024,1062,133,34,167,1.3046875,1.037109375,7130,0.870361328125,3608,0.506030855539972,18677.9169921875,121.7841796875,5.4175191987536895,3.3849327946094e-05,0.4404296875,0.18699043281247896,0.17841253203124552,133,144,1.0827067669172932,12,2.2675353479345715,18,2095,0.0,18696.174975562073,146,180,1.40625,0.18038850156256103,True
0.75,163,36391,1024,1051,132,34,166,1.296875,1.0263671875,7141,0.8717041015625,3450,0.48312561265929144,8551.1611328125,78.6474609375,8.810552707789322,0.08967365018723164,0.421142578125,0.18699043281247896,0.17841253203124552,132,143,1.0833333333333333,11,2.371701942592056,9,2096,0.0,8559.520039100684,142,176,1.375,0.18038850156256103,True
0.75,164,24660,1024,1225,154,34,188,1.46875,1.1962890625,6967,0.8504638671875,3211,0.4608870388976604,4089.9091796875,48.9228515625,12.013666966743807,0.09366790840608823,0.3919677734375,0.18699043281247896,0.17841253203124552,154,165,1.0714285714285714,11,2.54797507788162,10,1884,0.0,4093.907135874878,169,203,1.5859375,0.18038850156256103,True
0.75,165,24061,1024,740,93,34,127,0.9921875,0.72265625,7452,0.90966796875,2853,0.3828502415458937,4358.7138671875,48.1396484375,11.737220006779989,0.12872193088805126,0.3482666015625,0.18699043281247896,0.17841253203124552,93,104,1.118279569892473,22,2.863604488078541,8,1751,0.0,4367.243639921722,103,137,1.0703125,0.18038850156256103,True
0.75,166,10964,1024,711,89,34,123,0.9609375,0.6943359375,7481,0.9132080078125,3874,0.5178452078599117,10282.2685546875,84.9423828125,8.009914181842257,0.1058366396308849,0.472900390625,0.18699043281247896,0.17841253203124552,89,100,1.1235955056179776,38,2.104311902917635,14,1833,0.0,10322.591176470589,98,132,1.03125,0.18038850156256103,True
0.75,167,20807,1024,1422,178,34,212,1.65625,1.388671875,6770,0.826416015625,3352,0.49512555391432794,4936.392578125,58.580078125,11.196706701884022,0.036004041113872405,0.4091796875,0.18699043281247896,0.17841253203124552,178,189,1.0617977528089888,9,2.44136078782453,9,1951,0.0,4941.21798631476,193,227,1.7734375,0.18038850156256103,True
0.75,168,33388,1024,1357,170,34,204,1.59375,1.3251953125,6835,0.8343505859375,3604,0.5272860277980981,3744.6611328125,52.0556640625,12.396678378466582,0.05209796558414954,0.43994140625,0.18699043281247896,0.17841253203124552,170,181,1.0647058823529412,18,2.2667221759644742,8,1929,0.0,3751.989236790607,185,219,1.7109375,0.18038850156256103,True
0.75,169,34571,1024,50,7,34,41,0.3203125,0.048828125,8142,0.993896484375,3884,0.47703267010562517,23120.099609375,121.001953125,4.490906600247511,0.027111413844337854,0.47412109375,0.18699043281247896,0.17841253203124552,7,15,2.142857142857143,5,2.1081637908833377,11,1816,,23120.099609375,9,43,0.3359375,0.18038850156256103,True
0.75,170,21194,1024,642,81,34,115,0.8984375,0.626953125,7550,0.921630859375,3320,0.43973509933774835,6854.5693359375,62.3798828125,9.771001870671585,0.1396543642757127,0.4052734375,0.18699043281247896,0.17841253203124552,81,92,1.1358024691358024,18,2.462187405845134,14,1872,0.0,6867.98336594912,89,123,0.9609375,0.18038850156256103,True
0.75,171,32696,1024,1534,192,34,226,1.765625,1.498046875,6658,0.812744140625,3096,0.4650045058576149,7477.1279296875,62.5537109375,9.39345549609748,0.02609170102358873,0.3779296875,0.18699043281247896,0.17841253203124552,192,203,1.0572916666666667,9,2.64297253634895,12,1809,0.0,7484.436950146627,204,238,1.859375,0.18038850156256103,True
0.75,172,46005,1024,1235,155,34,189,1.4765625,1.2060546875,6957,0.8492431640625,2072,0.29782952422020986,551.30859375,18.01171875,20.71685598591589,0.4999119054384394,0.2529296875,0.18699043281247896,0.17841253203124552,155,166,1.070967741935484,46,3.931916948334138,7,1441,0.0,554.0137389597645,163,197,1.5390625,0.18038850156256103,True
0.75,173,19269,1024,1003,126,34,160,1.25,0.9794921875,7189,0.8775634765625,2212,0.3076923076923077,2738.453125,31.673828125,13.755750495005216,0.43135542069402893,0.27001953125,0.18699043281247896,0.17841253203124552,126,137,1.0873015873015872,98,3.6589778380823157,8,1499,0.0,2770.924901185771,128,162,1.265625,0.18038850156256103,True
0.75,174,5503,1024,1475,185,34,219,1.7109375,1.4404296875,6717,0.8199462890625,3037,0.45213637040345395,4010.64453125,52.380859375,12.09866189277134,0.07863051739935535,0.3707275390625,0.18699043281247896,0.17841253203124552,185,196,1.0594594594594595,9,2.6946640316205532,9,1859,0.0,4014.5650048875855,201,235,1.8359375,0.18038850156256103,True
0.75,175,32979,1024,1000,125,34,159,1.2421875,0.9765625,7192,0.8779296875,3202,0.4452169076751947,8766.716796875,76.701171875,8.702433836897606,0.06569215689831376,0.390869140625,0.18699043281247896,0.17841253203124552,125,136,1.088,9,2.555763823805061,14,2003,0.0,8775.28641251222,138,172,1.34375,0.18038850156256103,True
0.75,176,32764,1024,1076,135,34,169,1.3203125,1.05078125,7116,0.86865234375,3513,0.4936762225969646,2151.341796875,37.7265625,14.803709459689214,0.09893407282235853,0.4288330078125,0.18699043281247896,0.17841253203124552,135,146,1.0814814814814815,20,2.325170842824601,11,1767,0.0,2155.5518590998045,144,178,1.390625,0.18038850156256103,True
0.75,177,36396,1024,1422,178,34,212,1.65625,1.388671875,6770,0.826416015625,3287,0.4855243722304284,5443.8505859375,64.8642578125,10.771741639900572,0.153550337036491,0.4012451171875,0.18699043281247896,0.17841253203124552,178,189,1.0617977528089888,44,2.47930614729154,10,2187,0.0,5470.562315996074,193,227,1.7734375,0.18038850156256103,True
0.75,178,16139,1024,1026,129,34,163,1.2734375,1.001953125,7166,0.874755859375,2135,0.29793469159921854,1593.8017578125,19.0009765625,16.106460593927018,0.5126498614741947,0.2606201171875,0.18699043281247896,0.17841253203124552,129,140,1.0852713178294573,47,3.8149015932521086,7,1193,0.0,1601.6221786064768,127,161,1.2578125,0.18038850156256103,True
0.75,179,32110,1024,30,4,34,38,0.296875,0.029296875,8162,0.996337890625,3188,0.39059054153393774,18576.5400390625,108.1591796875,5.441155329040899,0.0840484446756345,0.38916015625,0.18699043281247896,0.17841253203124552,4,12,3.0,14,2.5657358016943834,9,1647,0.0,18594.698924731183,7,41,0.3203125,0.18038850156256103,True
0.75,180,37930,1024,990,124,34,158,1.234375,0.966796875,7202,0.879150390625,3076,0.42710358233823936,4172.1103515625,48.6923828125,11.9272457395118,0.0974150900320847,0.37548828125,0.18699043281247896,0.17841253203124552,124,135,1.0887096774193548,37,2.6510569105691055,7,1931,0.0,4188.471568627451,136,170,1.328125,0.18038850156256103,True
0.75,181,5624,1024,1185,149,34,183,1.4296875,1.1572265625,7007,0.8553466796875,3933,0.5612958470101327,2595.66796875,44.96484375,13.988312230331488,0.15046598420765164,0.4801025390625,0.18699043281247896,0.17841253203124552,149,160,1.0738255033557047,12,2.0790946083418107,12,1787,0.0,2598.205278592375,161,195,1.5234375,0.18038850156256103,True
0.75,182,37946,1024,1015,127,34,161,1.2578125,0.9912109375,7177,0.8760986328125,3532,0.49212762992893966,11327.16015625,92.20703125,7.5895931976547395,0.14482464344742646,0.43115234375,0.18699043281247896,0.17841253203124552,127,138,1.0866141732283465,28,2.310676862078731,9,2090,0.0,11360.442703232125,138,172,1.34375,0.18038850156256103,True
0.75,183,6616,1024,1428,179,34,213,1.6640625,1.39453125,6764,0.82568359375,3069,0.45372560615020696,2574.1708984375,39.2783203125,14.024429846613966,0.05765173184151101,0.3746337890625,0.18699043281247896,0.17841253203124552,179,190,1.0614525139664805,18,2.6636245110821384,8,1770,0.0,2579.2084148727986,195,229,1.7890625,0.18038850156256103,True
0.75,184,11706,1024,925,116,34,150,1.171875,0.9033203125,7267,0.8870849609375,3365,0.4630521535709371,8937.96875,75.11328125,8.61841528973452,0.10254432437947067,0.4107666015625,0.18699043281247896,0.17841253203124552,116,127,1.0948275862068966,47,2.420630202140309,13,1920,0.0,8981.825318940137,128,162,1.265625,0.18038850156256103,True
0.75,185,10558,1024,16,2,34,36,0.28125,0.015625,8176,0.998046875,3044,0.3723091976516634,10755.19921875,72.017578125,7.814619016253673,0.11474335203132617,0.37158203125,0.18699043281247896,0.17841253203124552,2,10,5.0,6,2.6792638843246794,8,1694,,10755.19921875,5,39,0.3046875,0.18038850156256103,True
0.75,186,18351,1024,32,4,34,38,0.296875,0.03125,8160,0.99609375,2623,0.3214460784313726,9688.02734375,70.173828125,8.26845004966711,0.03714819638653083,0.3201904296875,0.18699043281247896,0.17841253203124552,4,12,3.0,71,3.0907704042715483,8,1527,0.0,9764.311023622047,8,42,0.328125,0.18038850156256103,True
0.75,187,15023,1024,11,2,34,36,0.28125,0.0107421875,8181,0.9986572265625,3852,0.47084708470847086,17648.89453125,124.361328125,5.663628530711873,0.14312015887894564,0.47021484375,0.18699043281247896,0.17841253203124552,2,10,5.0,14,2.1223058945728384,8,1955,0.0,17666.146627565984,4,38,0.296875,0.18038850156256103,True
0.75,188,9490,1024,1069,134,34,168,1.3125,1.0439453125,7123,0.8695068359375,3217,0.45163554682016005,7488.0908203125,71.1904296875,9.387092577071233,0.1649183516050067,0.3927001953125,0.18699043281247896,0.17841253203124552,134,145,1.0820895522388059,29,2.5357587064676617,8,2013,0.0,7510.093046033301,147,181,1.4140625,0.18038850156256103,True
0.75,189,6355,1024,3179,398,34,432,3.375,3.1044921875,5013,0.6119384765625,2312,0.4612008777179334,8343.8759765625,84.4658203125,8.917125207580215,0.1742034475647016,0.2822265625,0.18699043281247896,0.17841253203124552,398,409,1.0276381909547738,8,3.539593249675465,5,1690,0.0,8352.032258064517,416,450,3.515625,0.18038850156256103,True
0.75,190,8857,1024,1081,136,34,170,1.328125,1.0556640625,7111,0.8680419921875,1744,0.24525383209112642,928.4580078125,14.6552734375,18.453180945667132,0.36363462563561355,0.212890625,0.18699043281247896,0.17841253203124552,136,147,1.0808823529411764,69,4.658060814687321,7,973,0.0,935.7687007874016,142,176,1.375,0.18038850156256103,True
0.75,191,31811,1024,1056,132,34,166,1.296875,1.03125,7136,0.87109375,3558,0.49859865470852016,17312.9091796875,111.8935546875,5.747103100619625,0.1640273010743917,0.434326171875,0.18699043281247896,0.17841253203124552,132,143,1.0833333333333333,37,2.290694405397807,9,1887,0.0,17380.80294117647,148,182,1.421875,0.18038850156256103,True
0.75,192,10400,1024,3733,467,34,501,3.9140625,3.6455078125,4459,0.5443115234375,1735,0.3891006952231442,1403.2783203125,25.5087890625,16.659365451578616,0.24106468116429577,0.2117919921875,0.18699043281247896,0.17841253203124552,467,478,1.0235546038543897,20,4.709342560553633,9,1015,0.0,1406.0244618395304,478,512,4.0,0.18038850156256103,True
0.75,193,275,1024,1741,218,34,252,1.96875,1.7001953125,6451,0.7874755859375,2745,0.4255154239652767,3672.953125,45.912109375,12.480649750447355,-0.024541968947521732,0.3350830078125,0.18699043281247896,0.17841253203124552,218,229,1.0504587155963303,12,2.9806851311953353,8,1821,0.0,3676.5434995112414,234,268,2.09375,0.18038850156256103,True
0.75,194,26152,1024,32,4,34,38,0.296875,0.03125,8160,0.99609375,3667,0.4493872549019608,18287.140625,117.328125,5.509345563135176,0.052802403959452154,0.4476318359375,0.18699043281247896,0.17841253203124552,4,12,3.0,287,2.155755591925805,8,1897,0.0,18934.309403437815,8,42,0.328125,0.18038850156256103,True
0.75,195,13037,1024,14,2,34,36,0.28125,0.013671875,8178,0.998291015625,3117,0.38114453411592075,15923.541015625,93.818359375,6.110407099949198,0.04822717468684571,0.3804931640625,0.18699043281247896,0.17841253203124552,2,10,5.0,14,2.6241976893453147,11,1499,0.0,15939.106549364615,5,39,0.3046875,0.18038850156256103,True
0.75,196,41203,1024,3022,378,34,412,3.21875,2.951171875,5170,0.631103515625,2047,0.3959381044487427,1968.86328125,33.845703125,15.18864801286524,0.1490795887356628,0.2498779296875,0.18699043281247896,0.17841253203124552,378,389,1.029100529100529,19,3.9931573802541545,7,1305,0.0,1972.7162426614482,395,429,3.3515625,0.18038850156256103,True
0.75,197,43709,1024,1124,141,34,175,1.3671875,1.09765625,7068,0.86279296875,2985,0.42232597623089985,3170.671875,43.525390625,13.119290605785245,0.3206856526203725,0.3643798828125,0.18699043281247896,0.17841253203124552,141,152,1.0780141843971631,22,2.7369302949061662,6,1731,0.0,3176.876712328767,152,186,1.453125,0.18038850156256103,True
0.75,198,43572,1024,985,124,34,158,1.234375,0.9619140625,7207,0.8797607421875,3427,0.47550992091022615,9799.888671875,83.638671875,8.218592187942924,0.1224495607935135,0.4183349609375,0.18699043281247896,0.17841253203124552,124,135,1.0887096774193548,20,2.384705195563339,12,2040,0.0,9819.066536203523,136,170,1.328125,0.18038850156256103,True
0.75,199,23390,1024,1291,162,34,196,1.53125,1.2607421875,6901,0.8424072265625,3912,0.5668743660339082,3337.90625,44.564453125,12.896062261518379,-0.010056846001937738,0.4775390625,0.18699043281247896,0.17841253203124552,162,173,1.0679012345679013,21,2.0887241114804396,9,1818,0.0,3344.4383561643835,174,208,1.625,0.18038850156256103,True
0.8,0,712,1024,945,119,34,153,1.1953125,0.9228515625,7247,0.8846435546875,3554,0.49040982475507106,6977.0224609375,71.4462890625,9.694102397741739,0.15595050917805067,0.433837890625,0.18699043281247896,0.17841253203124552,119,130,1.0924369747899159,28,2.296369265409513,16,1883,0.0,6997.5230166503425,136,170,1.328125,0.18038850156256103,True
0.8,1,24774,1024,1931,242,34,276,2.15625,1.8857421875,6261,0.7642822265625,2807,0.44833093754991216,3325.6533203125,47.4794921875,12.91203386255771,0.1256441667738808,0.3426513671875,0.18699043281247896,0.17841253203124552,242,253,1.0454545454545454,88,2.8870277975766214,7,1716,0.0,3361.766041461007,265,299,2.3359375,0.18038850156256103,True
0.8,2,45142,1024,5519,690,34,724,5.65625,5.3896484375,2673,0.3262939453125,648,0.24242424242424243,1691.125,25.90625,15.849046510798221,0.1338038993933193,0.0791015625,0.18699043281247896,0.17841253203124552,690,701,1.0159420289855072,34,12.513137557959814,3,559,0.0,1697.756862745098,703,737,5.7578125,0.18038850156256103,True
0.8,3,27119,1024,44,6,34,40,0.3125,0.04296875,8148,0.99462890625,2595,0.31848306332842413,13504.6201171875,72.7919921875,6.825979888072071,0.07199639735072179,0.3167724609375,0.18699043281247896,0.17841253203124552,6,14,2.3333333333333335,7,3.1549730146491903,35,1275,,13504.6201171875,9,43,0.3359375,0.18038850156256103,True
0.8,4,21139,1024,4802,601,34,635,4.9609375,4.689453125,3390,0.413818359375,918,0.27079646017699116,2311.18359375,28.638671875,14.492459149190722,0.1775230045151948,0.112060546875,0.18699043281247896,0.17841253203124552,601,612,1.0183028286189684,20,8.906215921483097,4,703,0.0,2315.706457925636,606,640,5.0,0.18038850156256103,True
0.8,5,19129,1024,1002,126,34,160,1.25,0.978515625,7190,0.877685546875,3854,0.5360222531293463,8379.0478515625,79.9482421875,8.89885690245524,0.06372286613372374,0.470458984375,0.18699043281247896,0.17841253203124552,126,137,1.0873015873015872,18,2.1199065663119647,14,1931,0.0,8395.445205479453,141,175,1.3671875,0.18038850156256103,True
0.8,6,6433,1024,1568,196,34,230,1.796875,1.53125,6624,0.80859375,3433,0.5182669082125604,6844.2919921875,69.5361328125,9.777518316688148,0.10768340168730985,0.4190673828125,0.18699043281247896,0.17841253203124552,196,207,1.0561224489795917,51,2.370629370629371,10,1691,0.0,6884.63163064833,209,243,1.8984375,0.18038850156256103,True
0.8,7,38854,1024,1099,138,34,172,1.34375,1.0732421875,7093,0.8658447265625,3480,0.490624559424785,9193.1279296875,80.1083984375,8.496170571559915,0.059824838012515556,0.4248046875,0.18699043281247896,0.17841253203124552,138,149,1.0797101449275361,45,2.340327680367922,11,1964,0.0,9238.236506378802,151,185,1.4453125,0.18038850156256103,True
0.8,8,22489,1024,5173,647,34,681,5.3203125,5.0517578125,3019,0.3685302734375,860,0.2848625372639947,3133.36328125,34.775390625,13.170696110880451,0.14386642323958154,0.10498046875,0.18699043281247896,0.17841253203124552,647,658,1.017001545595054,74,9.443538998835855,5,689,0.0,3161.1467980295565,661,695,5.4296875,0.18038850156256103,True
0.8,9,31104,1024,1493,187,34,221,1.7265625,1.4580078125,6699,0.8177490234375,2915,0.4351395730706076,9152.3076171875,68.0478515625,8.515497521503974,0.10014468138800216,0.3558349609375,0.18699043281247896,0.17841253203124552,187,198,1.0588235294117647,109,2.7731640356897733,7,1720,0.0,9269.993076162216,203,237,1.8515625,0.18038850156256103,True
0.8,10,21349,1024,1822,228,34,262,2.046875,1.779296875,6370,0.777587890625,2403,0.3772370486656201,924.4892578125,22.5205078125,18.471784916678608,0.16199327575921627,0.2933349609375,0.18699043281247896,0.17841253203124552,228,239,1.0482456140350878,44,3.390091590341382,8,1418,0.0,929.0255152109912,247,281,2.1953125,0.18038850156256103,True
0.8,11,29116,1024,1615,202,34,236,1.84375,1.5771484375,6577,0.8028564453125,2777,0.42222897977801427,6428.56640625,60.693359375,10.0496622639952,0.0815513174973225,0.3389892578125,0.18699043281247896,0.17841253203124552,202,213,1.0544554455445545,53,2.930835734870317,7,1650,0.0,6466.4557956778,229,263,2.0546875,0.18038850156256103,True
0.8,12,10772,1024,2173,272,34,306,2.390625,2.1220703125,6019,0.7347412109375,3005,0.49925236750290747,15612.923828125,104.38671875,6.195961199761837,0.08185293093197558,0.3668212890625,0.18699043281247896,0.17841253203124552,272,283,1.0404411764705883,17,2.7203728362183757,8,1812,0.0,15643.477495107632,301,335,2.6171875,0.18038850156256103,True
0.8,13,18332,1024,4615,577,34,611,4.7734375,4.5068359375,3577,0.4366455078125,1438,0.40201285993849595,3750.62890625,45.126953125,12.389762644432746,0.10284774739002624,0.175537109375,0.18699043281247896,0.17841253203124552,577,588,1.0190641247833623,8,5.689631176061239,5,975,0.0,3754.295210166178,605,639,4.9921875,0.18038850156256103,True
0.8,14,1003,1024,1342,168,34,202,1.578125,1.310546875,6850,0.836181640625,3426,0.5001459854014598,10831.435546875,92.869140625,7.783943411059373,0.07546760144211846,0.418212890625,0.18699043281247896,0.17841253203124552,168,179,1.0654761904761905,35,2.3807299270072995,9,2269,0.0,10873.911764705883,186,220,1.71875,0.18038850156256103,True
0.8,15,22156,1024,1000,125,34,159,1.2421875,0.9765625,7192,0.8779296875,3820,0.5311457174638488,11157.7861328125,93.7294921875,7.655023280657897,0.04966627178478176,0.46630859375,0.18699043281247896,0.17841253203124552,125,136,1.088,17,2.1395653312385443,10,2033,0.0,11179.62133072407,141,175,1.3671875,0.18038850156256103,True
0.8,16,26453,1024,2080,260,34,294,2.296875,2.03125,6112,0.74609375,2020,0.33049738219895286,3013.3408203125,36.1806640625,13.34032106058106,0.08162532266077255,0.24658203125,0.18699043281247896,0.17841253203124552,260,271,1.0423076923076924,36,4.038137691926696,6,1420,0.0,3025.157843137255,279,313,2.4453125,0.18038850156256103,True
0.8,17,17039,1024,4866,609,34,643,5.0234375,4.751953125,3326,0.406005859375,956,0.28743235117257965,1602.34765625,30.439453125,16.08323611410327,0.18183630770567064,0.11669921875,0.18699043281247896,0.17841253203124552,609,620,1.0180623973727423,10,8.562303664921465,4,786,0.0,1603.9139784946237,623,657,5.1328125,0.18038850156256103,True
0.8,18,7166,1024,1519,190,34,224,1.75,1.4833984375,6673,0.8145751953125,3479,0.5213547130226285,8138.1640625,76.423828125,9.025539200397283,0.14866464008857658,0.4246826171875,0.18699043281247896,0.17841253203124552,190,201,1.0578947368421052,9,2.351926394479586,11,1900,0.0,8146.119257086999,207,241,1.8828125,0.18038850156256103,True
0.8,19,48310,1024,88,11,34,45,0.3515625,0.0859375,8104,0.9892578125,3490,0.43065153010858837,11691.5009765625,88.8896484375,7.452100905963271,0.0823655567563597,0.426025390625,0.18699043281247896,0.17841253203124552,11,20,1.8181818181818181,151,2.303811980510175,8,2073,0.0,11900.692842942346,15,49,0.3828125,0.18038850156256103,True
0.8,20,12187,1024,1868,234,34,268,2.09375,1.82421875,6324,0.77197265625,2427,0.38377609108159394,1380.5166015625,26.5419921875,16.730387272025652,0.2574275751658766,0.2962646484375,0.18699043281247896,0.17841253203124552,234,245,1.047008547008547,85,3.3400659521846663,7,1301,0.0,1394.131163708087,251,285,2.2265625,0.18038850156256103,True
0.8,21,20284,1024,1700,213,34,247,1.9296875,1.66015625,6492,0.79248046875,2018,0.3108441158348737,804.0458984375,15.7958984375,19.077995199936137,0.25527041130585504,0.246337890625,0.18699043281247896,0.17841253203124552,213,224,1.051643192488263,54,4.033713435795736,7,1292,0.0,808.7848722986248,231,265,2.0703125,0.18038850156256103,True
0.8,22,1052,1024,4492,562,34,596,4.65625,4.38671875,3700,0.45166015625,1364,0.36864864864864866,3033.20703125,43.548828125,13.311783068180773,0.2593094232301946,0.16650390625,0.18699043281247896,0.17841253203124552,562,573,1.019572953736655,34,5.9002201027146,5,959,0.0,3045.1019607843136,578,612,4.78125,0.18038850156256103,True
0.8,23,13752,1024,1691,212,34,246,1.921875,1.6513671875,6501,0.7935791015625,1961,0.3016459006306722,589.5078125,14.12109375,20.425907958758913,0.4472321649102707,0.2393798828125,0.18699043281247896,0.17841253203124552,212,223,1.0518867924528301,26,4.16530612244898,7,1238,0.0,591.2399608227228,235,269,2.1015625,0.18038850156256103,True
0.8,24,37139,1024,1767,221,34,255,1.9921875,1.7255859375,6425,0.7843017578125,3159,0.49167315175097276,15000.7509765625,102.3291015625,6.369673593580182,0.03143640957343337,0.3856201171875,0.18699043281247896,0.17841253203124552,221,232,1.0497737556561086,27,2.584230525649145,14,1911,0.0,15044.827619980411,247,281,2.1953125,0.18038850156256103,True
0.8,25,29727,1024,5635,705,34,739,5.7734375,5.5029296875,2557,0.3121337890625,896,0.3504106374657802,5785.9619140625,49.2744140625,10.507047902781952,0.1271566257978501,0.109375,0.18699043281247896,0.17841253203124552,705,716,1.0156028368794325,11,9.135195530726257,5,737,0.0,5791.61779081134,718,752,5.875,0.18038850156256103,True
0.8,26,41854,1024,5001,626,34,660,5.15625,4.8837890625,3191,0.3895263671875,598,0.18740206831714196,880.265625,15.76171875,18.6846661818953,0.378879422230988,0.072998046875,0.18699043281247896,0.17841253203124552,626,637,1.0175718849840256,122,13.510887772194305,5,473,0.0,893.3518334985134,631,665,5.1953125,0.18038850156256103,True
0.8,27,40333,1024,4512,564,34,598,4.671875,4.40625,3680,0.44921875,1398,0.3798913043478261,4743.5908203125,48.7587890625,11.36973140913162,0.14337435156617612,0.170654296875,0.18699043281247896,0.17841253203124552,564,575,1.0195035460992907,8,5.855404438081603,5,1027,0.0,4748.227761485826,586,620,4.84375,0.18038850156256103,True
0.8,28,33248,1024,42,6,34,40,0.3125,0.041015625,8150,0.994873046875,3262,0.40024539877300613,9956.5341796875,80.6728515625,8.14972171900096,0.17771078237627966,0.398193359375,0.18699043281247896,0.17841253203124552,6,14,2.3333333333333335,375,2.3968107942348973,8,1815,0.0,10424.837423312883,9,43,0.3359375,0.18038850156256103,True
0.8,29,9680,1024,2696,337,34,371,2.8984375,2.6328125,5496,0.6708984375,2133,0.3881004366812227,7940.9580078125,64.2958984375,9.132074614120091,0.0576683619555437,0.2603759765625,0.18699043281247896,0.17841253203124552,337,348,1.032640949554896,17,3.8320825515947465,5,1484,0.0,7956.498043052838,368,402,3.140625,0.18038850156256103,True
0.8,30,16805,1024,1555,195,34,229,1.7890625,1.5185546875,6637,0.8101806640625,2828,0.42609612776857014,2322.98828125,37.111328125,14.470333419421031,0.11536588312025832,0.34521484375,0.18699043281247896,0.17841253203124552,195,206,1.0564102564102564,19,2.8899893880438627,9,1673,0.0,2327.5342465753424,220,254,1.984375,0.18038850156256103,True
0.8,31,14652,1024,2387,299,34,333,2.6015625,2.3310546875,5805,0.7086181640625,2198,0.37863910422049957,905.3427734375,25.0224609375,18.562673215213323,0.3228718691299426,0.268310546875,0.18699043281247896,0.17841253203124552,299,310,1.0367892976588629,20,3.699135184342285,7,1391,0.0,907.114481409002,325,359,2.8046875,0.18038850156256103,True
0.8,32,15793,1024,1828,229,34,263,2.0546875,1.78515625,6364,0.77685546875,1946,0.3057825267127593,3142.251953125,32.1640625,13.158393560185331,0.3239587800469231,0.237548828125,0.18699043281247896,0.17841253203124552,229,240,1.0480349344978166,100,4.159383033419023,6,1252,0.0,3179.51185770751,241,275,2.1484375,0.18038850156256103,True
0.8,33,30210,1024,2237,280,34,314,2.453125,2.1845703125,5955,0.7269287109375,1681,0.28228379513014273,3959.4775390625,32.4970703125,12.154424771826978,0.3558883028648405,0.2052001953125,0.18699043281247896,0.17841253203124552,280,291,1.0392857142857144,35,4.852380952380952,6,1010,0.0,3975.0049019607845,300,334,2.609375,0.18038850156256103,True
0.8,34,47426,1024,3299,413,34,447,3.4921875,3.2216796875,4893,0.5972900390625,2292,0.46842427958307786,12211.1572265625,85.4111328125,7.263235377669633,0.09569870145719969,0.27978515625,0.18699043281247896,0.17841253203124552,413,424,1.026634382566586,10,3.570056743780009,6,1508,0.0,12223.093841642229,444,478,3.734375,0.18038850156256103,True
0.8,35,20875,1024,5250,657,34,691,5.3984375,5.126953125,2942,0.359130859375,792,0.26920462270564244,2122.4375,29.3359375,14.862454505525157,0.2891961247902229,0.0966796875,0.18699043281247896,0.17841253203124552,657,668,1.0167427701674276,11,10.326169405815424,4,602,0.0,2124.512218963832,661,695,5.4296875,0.18038850156256103,True
0.8,36,4161,1024,4657,583,34,617,4.8203125,4.5478515625,3535,0.4315185546875,1254,0.35473833097595475,5889.1337890625,52.1962890625,10.430289401546982,0.18047747018925603,0.153076171875,0.18699043281247896,0.17841253203124552,583,594,1.0188679245283019,45,6.500399042298484,5,957,0.0,5918.030421982336,604,638,4.984375,0.18038850156256103,True
0.8,37,40340,1024,966,121,34,155,1.2109375,0.943359375,7226,0.882080078125,3535,0.4892056462773319,5219.822265625,59.40234375,10.95424645293317,0.15315230248369496,0.4315185546875,0.18699043281247896,0.17841253203124552,121,132,1.0909090909090908,12,2.313808715336729,11,1886,0.0,5224.924731182796,139,173,1.3515625,0.18038850156256103,True
0.8,38,28286,1024,2148,269,34,303,2.3671875,2.09765625,6044,0.73779296875,2722,0.4503639973527465,10794.35546875,83.248046875,7.798836451584787,0.06094273077889049,0.332275390625,0.18699043281247896,0.17841253203124552,269,280,1.0408921933085502,27,3.0,8,1752,0.0,10826.072477962782,293,327,2.5546875,0.18038850156256103,True
0.8,39,13256,1024,4781,598,34,632,4.9375,4.6689453125,3411,0.4163818359375,1227,0.3597185576077397,2461.25,33.4140625,14.219246317217358,0.1312170747269795,0.1497802734375,0.18699043281247896,0.17841253203124552,598,609,1.0183946488294315,19,6.661500815660685,5,809,0.0,2466.0665362035224,629,663,5.1796875,0.18038850156256103,True
0.8,40,48934,1024,3014,377,34,411,3.2109375,2.943359375,5178,0.632080078125,1929,0.3725376593279258,6153.26953125,54.095703125,10.23974421991349,0.14318581148234633,0.2354736328125,0.18699043281247896,0.17841253203124552,377,388,1.0291777188328912,84,4.204356846473029,6,1296,0.0,6213.952662721894,402,436,3.40625,0.18038850156256103,True
0.8,41,11935,1024,2003,251,34,285,2.2265625,1.9560546875,6189,0.7554931640625,2352,0.38002908385845857,1479.470703125,27.587890625,16.42973991301725,0.09712740959023394,0.287109375,0.18699043281247896,0.17841253203124552,251,262,1.043824701195219,18,3.403658017864738,7,1396,0.0,1482.3659491193737,272,306,2.390625,0.18038850156256103,True
0.8,42,48447,1024,2378,298,34,332,2.59375,2.322265625,5814,0.709716796875,2950,0.5073959408324733,9818.6064453125,94.2080078125,8.210305081174091,0.14657529644100306,0.360107421875,0.18699043281247896,0.17841253203124552,298,309,1.0369127516778522,19,2.7707697524584605,7,2214,0.0,9837.820939334639,328,362,2.828125,0.18038850156256103,True
0.8,43,15492,1024,5499,688,34,722,5.640625,5.3701171875,2693,0.3287353515625,910,0.33791310805792796,2202.125,30.09375,14.702383935212517,0.1675922921721791,0.111083984375,0.18699043281247896,0.17841253203124552,688,699,1.0159883720930232,10,8.986798679867986,4,660,0.0,2204.27761485826,714,748,5.84375,0.18038850156256103,True
0.8,44,32513,1024,5339,668,34,702,5.484375,5.2138671875,2853,0.3482666015625,703,0.24640729057132843,1364.0625,23.3828125,16.782460911462277,0.22900386249865518,0.0858154296875,0.18699043281247896,0.17841253203124552,668,679,1.0164670658682635,10,11.623931623931623,4,567,0.0,1365.3958944281526,676,710,5.546875,0.18038850156256103,True
0.8,45,36099,1024,40,5,34,39,0.3046875,0.0390625,8152,0.9951171875,3817,0.4682286555446516,20735.5751953125,126.5673828125,4.963642738717329,0.08160624816297528,0.4659423828125,0.18699043281247896,0.17841253203124552,5,13,2.6,71,2.127620545073375,8,2075,0.0,20898.847440944883,9,43,0.3359375,0.18038850156256103,True
0.8,46,39260,1024,1475,185,34,219,1.7109375,1.4404296875,6717,0.8199462890625,2596,0.38648206044365047,15788.71875,113.119140625,6.147334723024148,0.06068951310614554,0.31689453125,0.18699043281247896,0.17841253203124552,185,196,1.0594594594594595,259,3.0547206165703273,6,1822,0.0,16298.032258064517,197,231,1.8046875,0.18038850156256103,True
0.8,47,46517,1024,2165,271,34,305,2.3828125,2.1142578125,6027,0.7357177734375,2706,0.4489795918367347,2679.0966796875,42.3623046875,13.850919747336878,0.18050124529696837,0.330322265625,0.18699043281247896,0.17841253203124552,271,282,1.040590405904059,58,3.0051756007393715,7,1612,0.0,2697.536873156342,292,326,2.546875,0.18038850156256103,True
0.8,48,33095,1024,5504,688,34,722,5.640625,5.375,2688,0.328125,724,0.2693452380952381,1188.265625,20.18359375,17.38166827144401,0.2535233964496496,0.08837890625,0.18699043281247896,0.17841253203124552,688,699,1.0159883720930232,49,11.145228215767634,4,491,0.0,1195.2691552062868,708,742,5.796875,0.18038850156256103,True
0.8,49,3,1024,4965,621,34,655,5.1171875,4.8486328125,3227,0.3939208984375,882,0.27331887201735355,1673.86328125,28.544921875,15.893603783119314,0.3058148649656056,0.107666015625,0.18699043281247896,0.17841253203124552,621,632,1.0177133655394526,10,9.28149829738933,4,736,0.0,1675.4995112414467,632,666,5.203125,0.18038850156256103,True
0.8,50,21683,1024,4155,520,34,554,4.328125,4.0576171875,4037,0.4927978515625,1430,0.3542234332425068,5588.0595703125,50.5048828125,10.658193336977584,0.09298836036337385,0.174560546875,0.18699043281247896,0.17841253203124552,520,531,1.021153846153846,10,5.712386284114766,5,1033,0.0,5593.521994134898,534,568,4.4375,0.18038850156256103,True
0.8,51,13446,1024,2748,344,34,378,2.953125,2.68359375,5444,0.66455078125,2714,0.4985304922850845,5132.197265625,63.91015625,11.027770199214661,0.0451137991116554,0.331298828125,0.18699043281247896,0.17841253203124552,344,355,1.0319767441860466,12,3.013638039071139,6,1655,0.0,5137.214076246334,367,401,3.1328125,0.18038850156256103,True
0.8,52,49515,1024,1868,234,34,268,2.09375,1.82421875,6324,0.77197265625,2434,0.3848829854522454,1995.1201171875,36.6962890625,15.131113131452263,0.20437364600581764,0.297119140625,0.18699043281247896,0.17841253203124552,234,245,1.047008547008547,166,3.2975750102753802,7,1615,0.0,2034.863545816733,262,296,2.3125,0.18038850156256103,True
0.8,53,27943,1024,1771,222,34,256,2.0,1.7294921875,6421,0.7838134765625,3492,0.5438405232829777,15097.7294921875,106.4736328125,6.34168721068551,0.1255845700553194,0.42626953125,0.18699043281247896,0.17841253203124552,222,233,1.0495495495495495,11,2.3428816957891723,8,2007,0.0,15112.487781036169,249,283,2.2109375,0.18038850156256103,True
0.8,54,29059,1024,1140,143,34,177,1.3828125,1.11328125,7052,0.86083984375,3425,0.48567782189449804,10240.5087890625,86.5517578125,8.027588262209681,0.03136446694926205,0.4180908203125,0.18699043281247896,0.17841253203124552,143,154,1.0769230769230769,9,2.389018691588785,13,1845,0.0,10250.519061583578,158,192,1.5,0.18038850156256103,True
0.8,55,32738,1024,1639,205,34,239,1.8671875,1.6005859375,6553,0.7999267578125,2213,0.3377079200366244,1786.306640625,26.41015625,15.611243481404616,0.38618409396122627,0.2701416015625,0.18699043281247896,0.17841253203124552,205,216,1.053658536585366,62,3.673146473779385,7,1416,0.0,1798.6017699115043,216,250,1.953125,0.18038850156256103,True
0.8,56,445,1024,4317,540,34,574,4.484375,4.2158203125,3875,0.4730224609375,1526,0.39380645161290323,4444.1240234375,46.4775390625,11.652941904499027,0.04917205783713578,0.186279296875,0.18699043281247896,0.17841253203124552,540,551,1.0203703703703704,30,5.348196721311475,5,1101,0.0,4457.182174338884,565,599,4.6796875,0.18038850156256103,True
0.8,57,32216,1024,2065,259,34,293,2.2890625,2.0166015625,6127,0.7479248046875,2776,0.4530765464338175,9041.572265625,69.1953125,8.568364030792456,0.04191732685013498,0.3388671875,0.18699043281247896,0.17841253203124552,259,270,1.0424710424710424,30,2.9390990990990993,8,1656,0.0,9068.139079333987,282,316,2.46875,0.18038850156256103,True
0.8,58,18250,1024,3533,442,34,476,3.71875,3.4501953125,4659,0.5687255859375,1801,0.38656364026615153,1826.4482421875,32.5380859375,15.514729911641322,0.13612876433444082,0.2198486328125,0.18699043281247896,0.17841253203124552,442,453,1.0248868778280542,32,4.5311111111111115,7,1141,0.0,1833.6107843137254,460,494,3.859375,0.18038850156256103,True
0.8,59,1684,1024,2020,253,34,287,2.2421875,1.97265625,6172,0.75341796875,2747,0.4450745301360985,3421.1318359375,48.4892578125,12.789105504896398,0.04992003586087244,0.3353271484375,0.18699043281247896,0.17841253203124552,253,264,1.0434782608695652,86,2.9508375819373636,7,1796,0.0,3454.870808678501,278,312,2.4375,0.18038850156256103,True
0.8,60,2899,1024,415,52,34,86,0.671875,0.4052734375,7777,0.9493408203125,3544,0.4557027131284557,7887.388671875,77.96484375,9.161471185087889,0.008251432667072112,0.4326171875,0.18699043281247896,0.17841253203124552,52,63,1.2115384615384615,27,2.3039796782387807,8,1999,0.0,7910.564152791381,60,94,0.734375,0.18038850156256103,True
0.8,61,39428,1024,1441,181,34,215,1.6796875,1.4072265625,6751,0.8240966796875,2624,0.38868315805065917,5407.76171875,53.029296875,10.800628137538364,0.04086488277376507,0.3203125,0.18699043281247896,0.17841253203124552,181,192,1.0607734806629834,54,3.100648112847884,8,1719,0.0,5439.634577603143,198,232,1.8125,0.18038850156256103,True
0.8,62,40758,1024,1652,207,34,241,1.8828125,1.61328125,6540,0.79833984375,3236,0.4948012232415902,13357.041015625,93.412109375,6.873701012999696,0.020008003902795588,0.39501953125,0.18699043281247896,0.17841253203124552,207,218,1.0531400966183575,9,2.528593508500773,7,1921,0.0,13370.097751710655,231,265,2.0703125,0.18038850156256103,True
0.8,63,29154,1024,4661,583,34,617,4.8203125,4.5517578125,3531,0.4310302734375,1468,0.41574624752194844,6036.11328125,57.802734375,10.323229791745428,0.13641840656458756,0.17919921875,0.18699043281247896,0.17841253203124552,583,594,1.0188679245283019,11,5.571233810497614,5,1051,0.0,6042.013685239492,601,635,4.9609375,0.18038850156256103,True
0.8,64,43958,1024,5342,668,34,702,5.484375,5.216796875,2850,0.347900390625,443,0.15543859649122807,685.3125,13.1953125,19.771917075102934,0.23264174660249695,0.0540771484375,0.18699043281247896,0.17841253203124552,668,679,1.0164670658682635,9,18.468325791855204,3,344,0.0,685.9824046920821,669,703,5.4921875,0.18038850156256103,True
0.8,65,33814,1024,1971,247,34,281,2.1953125,1.9248046875,6221,0.7593994140625,2987,0.48014788619193055,14691.4873046875,98.9912109375,6.460145966963024,-0.0014790907877378994,0.3646240234375,0.18699043281247896,0.17841253203124552,247,258,1.0445344129554657,18,2.736436704621567,7,1849,0.0,14720.237769080235,275,309,2.4140625,0.18038850156256103,True
0.8,66,34153,1024,1649,207,34,241,1.8828125,1.6103515625,6543,0.7987060546875,3169,0.4843344031789699,3534.1611328125,49.0380859375,12.647940144815394,0.042964694696440625,0.3868408203125,0.18699043281247896,0.17841253203124552,207,218,1.0531400966183575,188,2.5258838383838382,8,1849,0.0,3615.3656343656344,229,263,2.0546875,0.18038850156256103,True
0.8,67,43609,1024,1881,236,34,270,2.109375,1.8369140625,6311,0.7703857421875,2876,0.45571224845507846,8310.9267578125,73.8173828125,8.934309058729154,0.013883211619437034,0.35107421875,0.18699043281247896,0.17841253203124552,236,247,1.0466101694915255,35,2.836173913043478,6,1896,0.0,8343.51862745098,253,287,2.2421875,0.18038850156256103,True
0.8,68,10762,1024,1711,214,34,248,1.9375,1.6708984375,6481,0.7911376953125,2987,0.460885665792316,4122.4990234375,49.2138671875,11.97919799429645,0.05481976539600279,0.3646240234375,0.18699043281247896,0.17841253203124552,214,225,1.0514018691588785,127,2.6989283322170126,8,1721,0.0,4183.784935579782,227,261,2.0390625,0.18038850156256103,True
0.8,69,17898,1024,4080,510,34,544,4.25,3.984375,4112,0.501953125,1209,0.29401750972762647,1830.810546875,26.888671875,15.504369552356437,0.259748876015729,0.1475830078125,0.18699043281247896,0.17841253203124552,510,521,1.0215686274509803,181,6.629139072847682,5,821,0.0,1871.007984031936,522,556,4.34375,0.18038850156256103,True
0.8,70,43653,1024,482,61,34,95,0.7421875,0.470703125,7710,0.941162109375,3167,0.4107652399481193,11913.4931640625,84.5615234375,7.370412409094341,0.010387610112739502,0.3865966796875,0.18699043281247896,0.17841253203124552,61,72,1.180327868852459,91,2.557169930511687,8,1852,0.0,12042.85982230997,71,105,0.8203125,0.18038850156256103,True
0.8,71,14233,1024,4572,572,34,606,4.734375,4.46484375,3620,0.44189453125,1427,0.3941988950276243,6659.541015625,61.40234375,9.896360628162848,0.1423008838608498,0.1741943359375,0.18699043281247896,0.17841253203124552,572,583,1.0192307692307692,90,5.679523141654979,4,1098,0.0,6731.855873642646,589,623,4.8671875,0.18038850156256103,True
0.8,72,39520,1024,1636,205,34,239,1.8671875,1.59765625,6556,0.80029296875,3010,0.45912141549725444,10561.556640625,87.84765625,7.8935242840767685,0.017749999307653475,0.367431640625,0.18699043281247896,0.17841253203124552,205,216,1.053658536585366,133,2.677633765370555,7,2007,0.0,10729.200396825398,229,263,2.0546875,0.18038850156256103,True
0.8,73,18138,1024,3301,413,34,447,3.4921875,3.2236328125,4891,0.5970458984375,1916,0.39173993048456346,1996.65234375,29.625,15.127779085835622,0.22637512823934522,0.23388671875,0.18699043281247896,0.17841253203124552,413,424,1.026634382566586,154,4.195300261096606,7,1118,0.0,2034.4,434,468,3.65625,0.18038850156256103,True
0.8,74,9212,1024,863,108,34,142,1.109375,0.8427734375,7329,0.8946533203125,3885,0.5300859598853869,32421.265625,168.107421875,3.0225039652367043,0.010564543780649908,0.4742431640625,0.18699043281247896,0.17841253203124552,108,119,1.1018518518518519,45,2.0970648815653963,9,1939,0.0,32580.349362119727,121,155,1.2109375,0.18038850156256103,True
0.8,75,6456,1024,1914,240,34,274,2.140625,1.869140625,6278,0.766357421875,3254,0.5183179356482956,4035.685546875,52.19921875,12.071630414044552,0.07644713934687844,0.397216796875,0.18699043281247896,0.17841253203124552,240,251,1.0458333333333334,27,2.508146326467876,7,1745,0.0,4047.543584720862,261,295,2.3046875,0.18038850156256103,True
0.8,76,22948,1024,2423,303,34,337,2.6328125,2.3662109375,5769,0.7042236328125,2557,0.4432310625758364,3789.3251953125,52.8486328125,12.345184833655566,0.1302977200502056,0.3121337890625,0.18699043281247896,0.17841253203124552,303,314,1.0363036303630364,70,3.1764475743348983,7,1639,0.0,3819.162401574803,328,362,2.828125,0.18038850156256103,True
0.8,77,7591,1024,5456,682,34,716,5.59375,5.328125,2736,0.333984375,813,0.29714912280701755,2211.12109375,30.744140625,14.684678331660322,0.24870923560183228,0.0992431640625,0.18699043281247896,0.17841253203124552,682,693,1.0161290322580645,18,10.057881773399014,5,673,0.0,2215.4481409001955,709,743,5.8046875,0.18038850156256103,True
0.8,78,29996,1024,1524,191,34,225,1.7578125,1.48828125,6668,0.81396484375,3011,0.4515596880623875,11585.966796875,86.150390625,7.491480813065147,0.021767498242180838,0.3675537109375,0.18699043281247896,0.17841253203124552,191,202,1.057591623036649,46,2.7059800664451825,7,1991,0.0,11642.816486751717,212,246,1.921875,0.18038850156256103,True
0.8,79,10378,1024,1427,179,34,213,1.6640625,1.3935546875,6765,0.8258056640625,2539,0.3753141167775314,4291.9365234375,41.8388671875,11.804270706226179,0.049274428517432356,0.3099365234375,0.18699043281247896,0.17841253203124552,179,190,1.0614525139664805,78,3.1958234830575254,8,1565,0.0,4329.993103448276,202,236,1.84375,0.18038850156256103,True
0.8,80,27337,1024,1551,194,34,228,1.78125,1.5146484375,6641,0.8106689453125,3009,0.45309441349194396,9383.33203125,80.927734375,8.407232766653209,0.06236084415847432,0.3673095703125,0.18843750703126716,0.1911076843750834,194,205,1.056701030927835,29,2.7121010638297873,7,2008,0.0,9410.903036238982,210,244,1.90625,0.1999558156250032,True
0.8,81,19965,1024,2508,314,34,348,2.71875,2.44921875,5684,0.69384765625,2728,0.47994370161857847,5073.8583984375,56.7470703125,11.077420181310638,0.10023131527979745,0.3330078125,0.18843750703126716,0.1911076843750834,314,325,1.035031847133758,33,2.99009900990099,14,1405,0.0,5093.755882352942,331,365,2.8515625,0.1999558156250032,True
0.8,82,24405,1024,4650,582,34,616,4.8125,4.541015625,3542,0.432373046875,1232,0.34782608695652173,1631.71875,27.15625,16.00435056847847,0.12997355127564175,0.150390625,0.18843750703126716,0.1911076843750834,582,593,1.0189003436426116,37,6.619821283509342,5,805,0.0,1638.1176470588234,595,629,4.9140625,0.1999558156250032,True
0.8,83,45135,1024,4751,594,34,628,4.90625,4.6396484375,3441,0.4200439453125,1234,0.35861668119732637,6261.9375,53.015625,10.163716322309897,0.2160642011021474,0.150634765625,0.18843750703126716,0.1911076843750834,594,605,1.0185185185185186,29,6.613949716139497,6,898,0.0,6280.336924583741,605,639,4.9921875,0.1999558156250032,True
0.8,84,11274,1024,993,125,34,159,1.2421875,0.9697265625,7199,0.8787841796875,2882,0.4003333796360606,6245.3681640625,59.7158203125,10.175223157705846,0.05549910220753296,0.351806640625,0.18843750703126716,0.1911076843750834,125,136,1.088,43,2.82714335300243,6,1804,0.0,6276.012757605496,147,181,1.4140625,0.1999558156250032,True
0.8,85,1941,1024,1665,209,34,243,1.8984375,1.6259765625,6527,0.7967529296875,3082,0.4721924314386395,4684.9482421875,58.5654296875,11.423755635643971,0.23496387312970374,0.376220703125,0.18843750703126716,0.1911076843750834,209,220,1.0526315789473684,19,2.6514118792599803,7,1886,0.0,4694.1164383561645,229,263,2.0546875,0.1999558156250032,True
0.8,86,48940,1024,1264,158,34,192,1.5,1.234375,6928,0.845703125,2941,0.42450923787528866,4239.58203125,54.328125,11.857573180651054,0.06678749883688051,0.3590087890625,0.18843750703126716,0.1911076843750834,158,169,1.0696202531645569,10,2.7826530612244897,8,1846,0.0,4243.726295210166,180,214,1.671875,0.1999558156250032,True
0.8,87,36794,1024,3505,439,34,473,3.6953125,3.4228515625,4687,0.5721435546875,2178,0.46468956688713464,9861.7724609375,79.4091796875,8.191253829627193,-0.004233068462459748,0.265869140625,0.18843750703126716,0.1911076843750834,439,450,1.0250569476082005,61,3.7312815801561783,7,1442,0.0,9929.65093411996,459,493,3.8515625,0.1999558156250032,True
0.8,88,21994,1024,1970,247,34,281,2.1953125,1.923828125,6222,0.759521484375,2716,0.4365155898424944,6874.6884765625,61.2568359375,9.758273377801865,-0.011661600045157249,0.33154296875,0.18843750703126716,0.1911076843750834,247,258,1.0445344129554657,51,2.994843462246777,7,1754,0.0,6915.207269155207,273,307,2.3984375,0.1999558156250032,True
0.8,89,49944,1024,1991,249,34,283,2.2109375,1.9443359375,6201,0.7569580078125,3162,0.5099177552007741,10732.951171875,86.578125,7.823612072675793,0.020859004041877176,0.385986328125,0.18843750703126716,0.1911076843750834,249,260,1.0441767068273093,48,2.5757671622904144,7,1900,0.0,10796.21021611002,278,312,2.4375,0.1999558156250032,True
0.8,90,43442,1024,1470,184,34,218,1.703125,1.435546875,6722,0.820556640625,1525,0.22686700386789646,448.1611328125,12.0107421875,21.616461716251276,0.5180369604100382,0.1861572265625,0.18843750703126716,0.1911076843750834,184,195,1.059782608695652,119,5.294619422572178,6,1108,0.0,454.3732673267327,190,224,1.75,0.1999558156250032,True
0.8,91,45096,1024,3118,390,34,424,3.3125,3.044921875,5074,0.619384765625,1681,0.33129680725266064,988.87890625,22.73046875,18.17937247801851,0.1199018186404558,0.2052001953125,0.18843750703126716,0.1911076843750834,390,401,1.028205128205128,28,4.856547619047619,7,1088,0.0,991.7845249755142,408,442,3.453125,0.1999558156250032,True
0.8,92,42430,1024,2060,258,34,292,2.28125,2.01171875,6132,0.74853515625,2586,0.4217221135029354,539.8486328125,16.7919921875,20.80808355025464,0.3232217539411202,0.315673828125,0.18843750703126716,0.1911076843750834,258,269,1.0426356589147288,92,3.1319148936170214,7,1290,0.0,545.71076011846,280,314,2.453125,0.1999558156250032,True
0.8,93,42255,1024,2192,274,34,308,2.40625,2.140625,6000,0.732421875,2459,0.4098333333333333,3871.349609375,46.4921875,12.2521796801282,0.10190179053354541,0.3001708984375,0.18843750703126716,0.1911076843750834,274,285,1.0401459854014599,44,3.3132628152969894,10,1465,0.0,3890.3454367026497,297,331,2.5859375,0.1999558156250032,True
0.8,94,5771,1024,40,5,34,39,0.3046875,0.0390625,8152,0.9951171875,4619,0.5666094210009813,30720.904296875,161.275390625,3.256463654797066,0.02766664478303899,0.5638427734375,0.18843750703126716,0.1911076843750834,5,13,2.6,23,1.7676483326115202,62,1890,0.0,30781.02348336595,9,43,0.3359375,0.1999558156250032,True
0.8,95,8320,1024,5431,679,34,713,5.5703125,5.3037109375,2761,0.3370361328125,777,0.28141977544367985,1996.203125,28.79296875,15.128756297390824,0.19075065114010922,0.0948486328125,0.18843750703126716,0.1911076843750834,679,690,1.01620029455081,18,10.525773195876289,4,598,0.0,2000.109589041096,689,723,5.6484375,0.1999558156250032,True
0.8,96,48807,1024,3537,443,34,477,3.7265625,3.4541015625,4655,0.5682373046875,2205,0.47368421052631576,5539.412109375,55.869140625,10.696166848041353,0.1226066770395344,0.2691650390625,0.18843750703126716,0.1911076843750834,443,454,1.0248306997742664,11,3.7096188747731396,9,1235,0.0,5544.826979472141,466,500,3.90625,0.1999558156250032,True
0.8,97,2675,1024,1552,194,34,228,1.78125,1.515625,6640,0.810546875,2281,0.34352409638554215,1952.9619140625,26.5947265625,15.223865869470693,0.35234342014948433,0.2784423828125,0.18843750703126716,0.1911076843750834,194,205,1.056701030927835,47,3.5701754385964914,9,1345,0.0,1962.5446516192346,212,246,1.921875,0.1999558156250032,True
0.8,98,37658,1024,318,40,34,74,0.578125,0.310546875,7874,0.961181640625,3505,0.4451358902717805,17201.162109375,102.0078125,5.775225720626942,0.012888704523782765,0.4278564453125,0.18843750703126716,0.1911076843750834,40,49,1.225,12,2.333904109589041,23,1823,0.0,17217.976539589443,48,82,0.640625,0.1999558156250032,True
0.8,99,45710,1024,1963,246,34,280,2.1875,1.9169921875,6229,0.7603759765625,3276,0.5259271151067587,17800.888671875,125.640625,5.626386767804982,0.10903742337301878,0.39990234375,0.18843750703126716,0.1911076843750834,246,257,1.0447154471544715,17,2.4946564885496185,7,2081,0.0,17835.7240704501,269,303,2.3671875,0.1999558156250032,True
0.8,100,15813,1024,1015,127,34,161,1.2578125,0.9912109375,7177,0.8760986328125,3351,0.4669081789048349,3587.6796875,54.12890625,12.582666991159797,0.24208582830995476,0.4090576171875,0.18843750703126716,0.1911076843750834,127,138,1.0866141732283465,74,2.421194029850746,8,1800,0.0,3619.4916256157635,146,180,1.40625,0.1999558156250032,True
0.8,101,7135,1024,5267,659,34,693,5.4140625,5.1435546875,2925,0.3570556640625,719,0.24581196581196582,756.53125,14.796875,19.342534887568835,0.3792449586992435,0.0877685546875,0.18843750703126716,0.1911076843750834,659,670,1.0166919575113809,50,11.331476323119777,4,469,0.0,760.9901768172888,675,709,5.5390625,0.1999558156250032,True
0.8,102,31775,1024,2247,281,34,315,2.4609375,2.1943359375,5945,0.7257080078125,2736,0.46021867115222875,7554.02734375,75.544921875,9.34901808332686,0.04676464936789598,0.333984375,0.18843750703126716,0.1911076843750834,281,292,1.0391459074733096,9,2.9912248628884828,7,1864,0.0,7561.411534701857,309,343,2.6796875,0.1999558156250032,True
0.8,103,31772,1024,2691,337,34,371,2.8984375,2.6279296875,5501,0.6715087890625,2345,0.4262861297945828,3810.8271484375,42.1943359375,12.320611103854926,0.2551849825607337,0.2862548828125,0.18843750703126716,0.1911076843750834,337,348,1.032640949554896,88,3.4560580204778155,7,1414,0.0,3852.208292201382,354,388,3.03125,0.1999558156250032,True
0.8,104,25160,1024,2894,362,34,396,3.09375,2.826171875,5298,0.646728515625,1626,0.30690826727066817,634.771484375,15.484375,20.104629520112283,0.3092361312281444,0.198486328125,0.18843750703126716,0.1911076843750834,362,373,1.0303867403314917,20,5.027076923076923,6,1020,0.0,636.013698630137,381,415,3.2421875,0.1999558156250032,True
0.8,105,36108,1024,1766,221,34,255,1.9921875,1.724609375,6426,0.784423828125,2651,0.4125427948957361,4345.9814453125,56.4306640625,11.749924930517423,0.132310717505835,0.3236083984375,0.18843750703126716,0.1911076843750834,221,232,1.0497737556561086,54,3.0686792452830187,6,1760,0.0,4371.59626719057,240,274,2.140625,0.1999558156250032,True
0.8,106,1260,1024,1666,209,34,243,1.8984375,1.626953125,6526,0.796630859375,2378,0.3643885994483604,4547.8017578125,46.8330078125,11.552788356711597,0.09551691995519261,0.290283203125,0.18843750703126716,0.1911076843750834,209,220,1.0526315789473684,20,3.4362641985696256,6,1619,0.0,4556.70156555773,230,264,2.0625,0.1999558156250032,True
0.8,107,37885,1024,4272,534,34,568,4.4375,4.171875,3920,0.478515625,1482,0.3780612244897959,4445.07421875,47.517578125,11.652013441500955,0.02760816756621862,0.180908203125,0.18843750703126716,0.1911076843750834,534,545,1.0205992509363295,85,5.469952734638758,5,1047,0.0,4488.91124260355,559,593,4.6328125,0.1999558156250032,True
0.8,108,41535,1024,29,4,34,38,0.296875,0.0283203125,8163,0.9964599609375,3584,0.4390542692637511,19369.9130859375,122.7353515625,5.259526888520742,0.08961983692736843,0.4375,0.18843750703126716,0.1911076843750834,4,12,3.0,127,2.2439296678760816,11,1938,0.0,19657.87016848365,7,41,0.3203125,0.1999558156250032,True
0.8,109,44889,1024,986,124,34,158,1.234375,0.962890625,7206,0.879638671875,3304,0.4585067998889814,6703.3359375,64.765625,9.867893762725325,0.06361459460387127,0.4033203125,0.18843750703126716,0.1911076843750834,124,135,1.0887096774193548,55,2.462609748713291,9,1744,0.0,6742.844793713163,135,169,1.3203125,0.1999558156250032,True
0.8,110,28184,1024,5328,666,34,700,5.46875,5.203125,2864,0.349609375,617,0.21543296089385475,2011.66015625,23.771484375,15.09525746676628,0.2652202067774152,0.0753173828125,0.18843750703126716,0.1911076843750834,666,677,1.0165165165165164,9,13.261363636363637,3,503,0.0,2013.6265884652983,669,703,5.4921875,0.1999558156250032,True
0.8,111,25319,1024,2234,280,34,314,2.453125,2.181640625,5958,0.727294921875,2879,0.4832158442430346,2925.1591796875,44.5146484375,13.469308566107653,0.07044980264565255,0.3514404296875,0.18843750703126716,0.1911076843750834,280,291,1.0392857142857144,27,2.8363446838082003,7,1656,0.0,2933.7541625857,301,335,2.6171875,0.1999558156250032,True
0.8,112,11010,1024,2442,306,34,340,2.65625,2.384765625,5750,0.701904296875,2324,0.4041739130434783,2531.1142578125,41.7529296875,14.097686106454619,0.28248901772421403,0.28369140625,0.18843750703126716,0.1911076843750834,306,317,1.0359477124183007,40,3.506672406371072,7,1467,0.0,2543.5338567222766,326,360,2.8125,0.1999558156250032,True
0.8,113,33880,1024,998,125,34,159,1.2421875,0.974609375,7194,0.878173828125,2840,0.3947734222963581,1570.3515625,28.615234375,16.170834698843365,0.12775877913639613,0.3466796875,0.18843750703126716,0.1911076843750834,125,136,1.088,8,2.881648467770342,11,1601,0.0,1571.8866080156404,144,178,1.390625,0.1999558156250032,True
0.8,114,19307,1024,1009,127,34,161,1.2578125,0.9853515625,7183,0.8768310546875,3111,0.43310594459139634,1731.6572265625,34.9873046875,15.746184312379704,0.1684643927322061,0.3797607421875,0.18843750703126716,0.1911076843750834,127,138,1.0866141732283465,161,2.5810289389067522,8,1814,0.0,1766.152390438247,140,174,1.359375,0.1999558156250032,True
0.8,115,12236,1024,36,5,34,39,0.3046875,0.03515625,8156,0.99560546875,2091,0.25637567435017167,6232.4794921875,45.0908203125,10.184195027245034,0.06985950602991521,0.2552490234375,0.18843750703126716,0.1911076843750834,5,13,2.6,31,3.8507177033492823,7,1271,0.0,6250.79236043095,9,43,0.3359375,0.1999558156250032,True
0.8,116,13805,1024,2489,312,34,346,2.703125,2.4306640625,5703,0.6961669921875,2428,0.42574083815535685,4441.7041015625,54.4443359375,11.655307376187533,0.0975958852408917,0.29638671875,0.18843750703126716,0.1911076843750834,312,323,1.0352564102564104,88,3.3370416151627524,7,1548,0.0,4489.935834155973,322,356,2.78125,0.1999558156250032,True
0.8,117,5814,1024,1354,170,34,204,1.59375,1.322265625,6838,0.834716796875,2804,0.4100614214682656,5582.5810546875,56.4541015625,10.662453234642532,0.052128901180608186,0.34228515625,0.18843750703126716,0.1911076843750834,170,181,1.0647058823529412,45,2.905101676774884,7,1729,0.0,5609.9735034347395,184,218,1.703125,0.1999558156250032,True
0.8,118,48485,1024,1497,188,34,222,1.734375,1.4619140625,6695,0.8172607421875,3065,0.45780433159073936,7632.193359375,70.72265625,9.304309963094715,0.0803959428621631,0.3741455078125,0.18843750703126716,0.1911076843750834,188,199,1.0585106382978724,19,2.66644908616188,7,1950,0.0,7647.12915851272,213,247,1.9296875,0.1999558156250032,True
0.8,119,12248,1024,28,4,34,38,0.296875,0.02734375,8164,0.99658203125,3386,0.41474767270945617,15012.84375,96.685546875,6.366173962758319,0.04074980191675677,0.413330078125,0.18843750703126716,0.1911076843750834,4,12,3.0,13,2.415361890694239,9,1886,0.0,15027.519061583578,7,41,0.3203125,0.1999558156250032,True
0.8,120,458,1024,2327,291,34,325,2.5390625,2.2724609375,5865,0.7159423828125,2783,0.4745098039215686,4057.052734375,50.189453125,12.04869708081202,0.028783036885473255,0.3397216796875,0.18843750703126716,0.1911076843750834,291,302,1.0378006872852235,16,2.9378145219266716,9,1560,0.0,4064.9921722113504,316,350,2.734375,0.1999558156250032,True
0.8,121,319,1024,1552,194,34,228,1.78125,1.515625,6640,0.810546875,2917,0.43930722891566265,14166.0380859375,87.8935546875,6.618319557865746,0.030830963223262606,0.3560791015625,0.18843750703126716,0.1911076843750834,194,205,1.056701030927835,38,2.795267489711934,7,1700,0.0,14221.591176470589,219,253,1.9765625,0.1999558156250032,True
0.8,122,21496,1024,1450,182,34,216,1.6875,1.416015625,6742,0.822998046875,3027,0.44897656481756154,10338.955078125,84.45703125,7.986037125099613,0.0667614776626385,0.3695068359375,0.18843750703126716,0.1911076843750834,182,193,1.0604395604395604,44,2.692333113020489,9,1895,0.0,10389.685966633955,202,236,1.84375,0.1999558156250032,True
0.8,123,20390,1024,851,107,34,141,1.1015625,0.8310546875,7341,0.8961181640625,3402,0.4634246015529219,11375.091796875,99.529296875,7.571254507725708,0.01859891791581089,0.415283203125,0.18843750703126716,0.1911076843750834,107,118,1.102803738317757,27,2.4001764187003825,7,2181,0.0,11408.515181194907,122,156,1.21875,0.1999558156250032,True
0.8,124,33691,1024,1894,237,34,271,2.1171875,1.849609375,6298,0.768798828125,2403,0.38154969831692603,3235.2041015625,36.1591796875,13.031786763620378,0.17019527706826015,0.2933349609375,0.18843750703126716,0.1911076843750834,237,248,1.0464135021097047,60,3.384263114071607,7,1426,0.0,3257.4719764011797,261,295,2.3046875,0.1999558156250032,True
0.8,125,33872,1024,1605,201,34,235,1.8359375,1.5673828125,6587,0.8040771484375,3327,0.5050857750113861,9118.943359375,83.1328125,8.531358426906415,0.0766393050390666,0.4061279296875,0.18843750703126716,0.1911076843750834,201,212,1.054726368159204,27,2.453998797354179,7,2050,0.0,9145.737512242898,221,255,1.9921875,0.1999558156250032,True
0.8,126,46987,1024,1754,220,34,254,1.984375,1.712890625,6438,0.785888671875,2591,0.4024541783162473,7060.955078125,64.904296875,9.642169123506822,0.22498782735987205,0.3162841796875,0.18843750703126716,0.1911076843750834,220,231,1.05,181,3.08996138996139,8,1682,0.0,7215.986027944112,238,272,2.125,0.1999558156250032,True
0.8,127,26772,1024,4661,583,34,617,4.8203125,4.5517578125,3531,0.4310302734375,1006,0.2849051260266214,3611.0322265625,35.0888671875,12.554489965740633,0.2768379978222672,0.122802734375,0.18843750703126716,0.1911076843750834,583,594,1.0188679245283019,18,8.08955223880597,5,760,0.0,3618.0988258317025,602,636,4.96875,0.1999558156250032,True
0.8,128,7057,1024,2707,339,34,373,2.9140625,2.6435546875,5485,0.6695556640625,2181,0.3976298997265269,3461.8193359375,46.0380859375,12.737759615263236,0.12771215084627094,0.2662353515625,0.18843750703126716,0.1911076843750834,339,350,1.0324483775811208,99,3.710550458715596,6,1437,0.0,3502.868577075099,365,399,3.1171875,0.1999558156250032,True
0.8,129,30014,1024,1579,198,34,232,1.8125,1.5419921875,6613,0.8072509765625,3552,0.5371238469680931,16641.1083984375,112.6806640625,5.918981113114215,0.06703811604924494,0.43359375,0.18843750703126716,0.1911076843750834,198,209,1.0555555555555556,18,2.300760349197409,7,2016,0.0,16673.674168297457,218,252,1.96875,0.1999558156250032,True
0.8,130,48237,1024,3882,486,34,520,4.0625,3.791015625,4310,0.526123046875,955,0.22157772621809746,689.24609375,15.115234375,19.747060474141865,0.28704671921410546,0.1165771484375,0.18843750703126716,0.1911076843750834,486,497,1.022633744855967,81,8.40566037735849,5,720,0.0,696.0433925049309,499,533,4.1640625,0.1999558156250032,True
0.8,131,4823,1024,1750,219,34,253,1.9765625,1.708984375,6442,0.786376953125,3120,0.4843216392424713,12895.5166015625,98.5732421875,7.0264161596712675,0.0940185508612364,0.380859375,0.18843750703126716,0.1911076843750834,219,230,1.0502283105022832,29,2.6165437640269316,9,1961,0.0,12933.407443682665,247,281,2.1953125,0.1999558156250032,True
0.8,132,26627,1024,3950,494,34,528,4.125,3.857421875,4242,0.517822265625,1619,0.38165959453088166,2113.6064453125,35.8154296875,14.880562362412013,0.26382089498346617,0.1976318359375,0.18843750703126716,0.1911076843750834,494,505,1.0222672064777327,46,5.0333745364647715,6,1064,0.0,2123.9774288518156,521,555,4.3359375,0.1999558156250032,True
0.8,133,12293,1024,5418,678,34,712,5.5625,5.291015625,2774,0.338623046875,927,0.3341744772891132,2322.515625,31.62109375,14.471217164246408,0.2100075867576895,0.1131591796875,0.18843750703126716,0.1911076843750834,678,689,1.0162241887905605,19,8.819654427645789,3,692,0.0,2327.0606653620353,712,746,5.828125,0.1999558156250032,True
0.8,134,32803,1024,1699,213,34,247,1.9296875,1.6591796875,6493,0.7926025390625,2892,0.4454027414138303,11498.236328125,89.384765625,7.5244913022765,0.07499243006580796,0.35302734375,0.18843750703126716,0.1911076843750834,213,224,1.051643192488263,34,2.820823244552058,7,1881,0.0,11543.327450980392,233,267,2.0859375,0.1999558156250032,True
0.8,135,41882,1024,1563,196,34,230,1.796875,1.5263671875,6629,0.8092041015625,3227,0.48680042238648363,12972.0693359375,94.0224609375,7.000710995491692,0.1476627857367041,0.3939208984375,0.18843750703126716,0.1911076843750834,196,207,1.0561224489795917,21,2.532238065716057,7,1927,0.0,12997.454990215265,218,252,1.96875,0.1999558156250032,True
0.8,136,10235,1024,3649,457,34,491,3.8359375,3.5634765625,4543,0.5545654296875,1591,0.35020911292097734,3065.171875,36.59765625,13.266255289070322,0.13857553550683618,0.1942138671875,0.18843750703126716,0.1911076843750834,457,468,1.0240700218818382,25,5.123270440251573,5,1169,0.0,3074.1782566111656,487,521,4.0703125,0.1999558156250032,True
0.8,137,30033,1024,4422,553,34,587,4.5859375,4.318359375,3770,0.460205078125,1087,0.2883289124668435,3963.6650390625,37.9150390625,12.149834148108251,0.27271784142352384,0.1326904296875,0.18843750703126716,0.1911076843750834,553,564,1.0198915009041591,20,7.516574585635359,8,797,0.0,3971.4217221135027,570,604,4.71875,0.1999558156250032,True
0.8,138,20042,1024,1930,242,34,276,2.15625,1.884765625,6262,0.764404296875,3129,0.4996806132226126,11058.787109375,92.248046875,7.693728632473967,0.03169055294962677,0.3819580078125,0.18843750703126716,0.1911076843750834,242,253,1.0454545454545454,19,2.610294117647059,7,1994,0.0,11080.42857142857,271,305,2.3828125,0.1999558156250032,True
0.8,139,29399,1024,1600,200,34,234,1.828125,1.5625,6592,0.8046875,3112,0.4720873786407767,10239.73046875,85.40234375,8.027918356221551,0.10843027935891314,0.3798828125,0.18843750703126716,0.1911076843750834,200,211,1.055,11,2.6277724204435873,7,2130,0.0,10249.739980449658,215,249,1.9453125,0.1999558156250032,True
0.8,140,6463,1024,4629,579,34,613,4.7890625,4.5205078125,3563,0.4349365234375,1426,0.4002245298905417,2016.171875,33.80859375,15.085528086984215,0.08688784508330688,0.174072265625,0.18843750703126716,0.1911076843750834,579,590,1.0189982728842832,11,5.737543859649123,5,929,0.0,2018.1427174975563,609,643,5.0234375,0.1999558156250032,True
0.8,141,25920,1024,3037,380,34,414,3.234375,2.9658203125,5155,0.6292724609375,1449,0.28108632395732297,1278.005859375,21.8828125,17.06547515896549,0.328574266623136,0.1768798828125,0.18843750703126716,0.1911076843750834,380,391,1.0289473684210526,70,5.551795580110498,4,1070,0.0,1288.0688976377953,405,439,3.4296875,0.1999558156250032,True
0.8,142,10327,1024,34,5,34,39,0.3046875,0.033203125,8158,0.995849609375,4207,0.5156901201274823,22011.4951171875,140.1806640625,4.704308181286713,0.03860600040995326,0.5135498046875,0.18843750703126716,0.1911076843750834,5,13,2.6,12,1.943889681407513,9,2203,0.0,22033.01173020528,8,42,0.328125,0.1999558156250032,True
0.8,143,3805,1024,2155,270,34,304,2.375,2.1044921875,6037,0.7369384765625,2343,0.3881066755010767,1182.654296875,26.013671875,17.402225468408133,0.13955717466050951,0.2860107421875,0.18843750703126716,0.1911076843750834,270,281,1.0407407407407407,74,3.4637062339880442,8,1412,0.0,1193.1408866995073,297,331,2.5859375,0.1999558156250032,True
0.8,144,37879,1024,1460,183,34,217,1.6953125,1.42578125,6732,0.82177734375,3028,0.44979203802733214,1254.03515625,27.83203125,17.14770648973404,0.5070228686684396,0.36962890625,0.18843750703126716,0.1911076843750834,183,194,1.0601092896174864,35,2.6934258341592336,7,1660,0.0,1258.9529411764706,194,228,1.78125,0.1999558156250032,True
0.8,145,22721,1024,4570,572,34,606,4.734375,4.462890625,3622,0.442138671875,1076,0.29707344008834896,3123.2548828125,35.7841796875,13.184729332556728,0.1313877564072639,0.13134765625,0.18843750703126716,0.1911076843750834,572,583,1.0192307692307692,29,7.590697674418605,5,796,0.0,3132.431929480901,579,613,4.7890625,0.1999558156250032,True
0.8,146,43932,1024,2976,372,34,406,3.171875,2.90625,5216,0.63671875,2171,0.41621932515337423,10761.8515625,80.72265625,7.811933633109142,0.10525324415071377,0.2650146484375,0.18843750703126716,0.1911076843750834,372,383,1.0295698924731183,35,3.7580645161290325,8,1482,0.0,10804.054901960784,395,429,3.3515625,0.1999558156250032,True
0.8,147,47270,1024,2111,264,34,298,2.328125,2.0615234375,6081,0.7423095703125,3014,0.4956421641177438,3499.3232421875,49.4541015625,12.690962995469361,0.06049779441692705,0.367919921875,0.18843750703126716,0.1911076843750834,264,275,1.0416666666666667,27,2.7085960836375707,7,1717,0.0,3509.605288932419,288,322,2.515625,0.1999558156250032,True
0.8,148,11091,1024,613,77,34,111,0.8671875,0.5986328125,7579,0.9251708984375,3855,0.5086423010951313,13654.8466796875,110.2431640625,6.777935327407122,0.009328056363350342,0.4705810546875,0.18843750703126716,0.1911076843750834,77,88,1.1428571428571428,17,2.120134924753503,8,2089,0.0,13681.568493150686,90,124,0.96875,0.1999558156250032,True
0.8,149,9736,1024,1726,216,34,250,1.953125,1.685546875,6466,0.789306640625,2697,0.4171048561707392,980.646484375,23.353515625,18.215678851444956,0.1160960396348045,0.3292236328125,0.18843750703126716,0.1911076843750834,216,227,1.0509259259259258,29,3.023367952522255,7,1448,0.0,983.5279138099902,233,267,2.0859375,0.1999558156250032,True
0.8,150,23206,1024,998,125,34,159,1.2421875,0.974609375,7194,0.878173828125,3068,0.4264664998609953,5250.5869140625,52.5791015625,10.928725090253666,0.16621347317831534,0.37451171875,0.18843750703126716,0.1911076843750834,125,136,1.088,29,2.6599282686664494,7,1875,0.0,5266.014691478942,141,175,1.3671875,0.1999558156250032,True
0.8,151,25039,1024,5723,716,34,750,5.859375,5.5888671875,2469,0.3013916015625,889,0.360064803564196,2986.0,36.71875,13.379905574789037,0.0770857378214523,0.1085205078125,0.18843750703126716,0.1911076843750834,716,727,1.01536312849162,9,9.208333333333334,3,673,0.0,2988.9188660801565,742,776,6.0625,0.1999558156250032,True
0.8,152,21014,1024,63,8,34,42,0.328125,0.0615234375,8129,0.9923095703125,2890,0.35551728379874525,17436.603515625,96.384765625,5.716184684638983,0.04558153886892761,0.352783203125,0.18843750703126716,0.1911076843750834,8,16,2.0,87,2.8023537556247837,8,1578,0.0,17608.562130177514,11,45,0.3515625,0.1999558156250032,True
0.8,153,32412,1024,1533,192,34,226,1.765625,1.4970703125,6659,0.8128662109375,3264,0.4901636882414777,7801.107421875,81.681640625,9.20924102655517,0.133547449868249,0.3984375,0.18843750703126716,0.1911076843750834,192,203,1.0572916666666667,10,2.506589028501379,6,2080,0.0,7808.733137829912,212,246,1.921875,0.1999558156250032,True
0.8,154,34022,1024,2122,266,34,300,2.34375,2.072265625,6070,0.740966796875,2019,0.3326194398682043,1116.5087890625,19.9248046875,17.65218214717667,0.19600612492030428,0.2464599609375,0.18843750703126716,0.1911076843750834,266,277,1.0413533834586466,69,4.023785926660059,7,1143,0.0,1125.3001968503936,283,317,2.4765625,0.1999558156250032,True
0.8,155,21369,1024,1562,196,34,230,1.796875,1.525390625,6630,0.809326171875,2467,0.37209653092006034,5548.177734375,47.9453125,10.689299957374041,0.15403126170104386,0.3011474609375,0.18843750703126716,0.1911076843750834,196,207,1.0561224489795917,260,3.1796431467964315,7,1561,0.0,5727.1512096774195,203,237,1.8515625,0.1999558156250032,True
0.8,156,41654,1024,4002,501,34,535,4.1796875,3.908203125,4190,0.511474609375,1636,0.39045346062052505,4511.181640625,46.3671875,11.587900467533608,0.20749094390868458,0.19970703125,0.18843750703126716,0.1911076843750834,501,512,1.0219560878243512,58,4.971865443425076,6,1103,0.0,4542.232055063913,525,559,4.3671875,0.1999558156250032,True
0.8,157,11953,1024,41,6,34,40,0.3125,0.0400390625,8151,0.9949951171875,3893,0.47761010918905655,24355.0419921875,139.5732421875,4.264914781627661,0.06403841558687745,0.4752197265625,0.18843750703126716,0.1911076843750834,6,14,2.3333333333333335,14,2.1004624871531345,8,2027,0.0,24378.84946236559,9,43,0.3359375,0.1999558156250032,True
0.8,158,13700,1024,961,121,34,155,1.2109375,0.9384765625,7231,0.8826904296875,3987,0.5513760199142581,10765.73046875,93.765625,7.81036858265807,0.10585440210087722,0.4866943359375,0.18843750703126716,0.1911076843750834,121,132,1.0909090909090908,28,2.0476668339187154,11,2052,0.0,10797.363369245837,140,174,1.359375,0.1999558156250032,True
0.8,159,38205,1024,1387,174,34,208,1.625,1.3544921875,6805,0.8306884765625,2848,0.41851579720793536,6638.3916015625,58.8388671875,9.910174928222403,0.08299637208631404,0.34765625,0.18843750703126716,0.1911076843750834,174,185,1.0632183908045978,77,2.84966631541974,7,1744,0.0,6697.2541871921185,189,223,1.7421875,0.1999558156250032,True
0.8,160,40129,1024,2937,368,34,402,3.140625,2.8681640625,5255,0.6414794921875,1376,0.2618458610846813,318.0595703125,11.4091796875,23.10571892974297,0.2988410468893476,0.16796875,0.18843750703126716,0.1911076843750834,368,379,1.0298913043478262,17,5.943272727272728,5,889,0.0,318.6819960861057,387,421,3.2890625,0.1999558156250032,True
0.8,161,17080,1024,1768,221,34,255,1.9921875,1.7265625,6424,0.7841796875,2772,0.4315068493150685,7741.509765625,66.169921875,9.242546948956875,0.07732591946564632,0.33837890625,0.18843750703126716,0.1911076843750834,221,232,1.0497737556561086,70,2.929989173583544,7,1652,0.0,7802.466535433071,243,277,2.1640625,0.1999558156250032,True
0.8,162,1505,1024,1783,223,34,257,2.0078125,1.7412109375,6409,0.7823486328125,3244,0.5061632079887658,15467.8544921875,108.7490234375,6.236502829037375,0.017510551449375595,0.39599609375,0.18843750703126716,0.1911076843750834,223,234,1.0493273542600896,62,2.506321307431391,8,2049,0.0,15574.319567354965,253,287,2.2421875,0.1999558156250032,True
0.8,163,36391,1024,1554,195,34,229,1.7890625,1.517578125,6638,0.810302734375,3180,0.47905995781862004,8693.4111328125,79.1552734375,8.738901419019262,0.08329630332561883,0.38818359375,0.18843750703126716,0.1911076843750834,195,206,1.0564102564102564,11,2.5718779490405788,8,2011,0.0,8701.90909090909,215,249,1.9453125,0.1999558156250032,True
0.8,164,24660,1024,4094,512,34,546,4.265625,3.998046875,4098,0.500244140625,1677,0.40922401171303074,4658.123046875,51.359375,11.448694043907992,0.05277357026945903,0.2047119140625,0.18843750703126716,0.1911076843750834,512,523,1.021484375,11,4.879474940334129,5,1168,0.0,4662.676441837732,538,572,4.46875,0.1999558156250032,True
0.8,165,24061,1024,1677,210,34,244,1.90625,1.6376953125,6515,0.7952880859375,2424,0.3720644666155027,3015.6513671875,40.8369140625,13.336992285966957,0.11597540790772543,0.2958984375,0.18843750703126716,0.1911076843750834,210,221,1.0523809523809524,22,3.369376805612877,5,1618,0.0,3021.5528375733857,227,261,2.0390625,0.1999558156250032,True
0.8,166,10964,1024,1066,134,34,168,1.3125,1.041015625,7126,0.869873046875,3621,0.5081392085321358,10689.568359375,87.16796875,7.841201919478429,0.1301743484790321,0.4420166015625,0.18843750703126716,0.1911076843750834,134,145,1.0820895522388059,38,2.251381215469613,14,1845,0.0,10731.488235294117,149,183,1.4296875,0.1999558156250032,True
0.8,167,20807,1024,2869,359,34,393,3.0703125,2.8017578125,5323,0.6497802734375,2588,0.4861919969941762,4701.796875,56.66796875,11.408164978765535,0.14971265275946913,0.31591796875,0.18843750703126716,0.1911076843750834,359,370,1.0306406685236769,9,3.1619636644762275,6,1651,0.0,4706.3929618768325,391,425,3.3203125,0.1999558156250032,True
0.8,168,33388,1024,5689,712,34,746,5.828125,5.5556640625,2503,0.3055419921875,869,0.3471833799440671,2414.03125,33.5703125,14.30337473062373,0.27672532849744647,0.1060791015625,0.18843750703126716,0.1911076843750834,712,723,1.0154494382022472,18,9.411290322580646,4,660,0.0,2418.7553816046966,739,773,6.0390625,0.1999558156250032,True
0.8,169,34571,1024,1281,161,34,195,1.5234375,1.2509765625,6911,0.8436279296875,3254,0.4708435826942555,20921.3408203125,113.7080078125,4.924908464373588,0.020381441049922358,0.397216796875,0.18843750703126716,0.1911076843750834,161,172,1.0683229813664596,44,2.5032277897325548,12,1751,0.0,21023.997055937194,181,215,1.6796875,0.1999558156250032,True
0.8,170,21194,1024,1099,138,34,172,1.34375,1.0732421875,7093,0.8658447265625,3067,0.43239813901029184,6824.7822265625,61.9130859375,9.789915629296438,0.13944224500879768,0.3743896484375,0.18843750703126716,0.1911076843750834,138,149,1.0797101449275361,18,2.66470971950424,8,1810,0.0,6838.137964774951,154,188,1.46875,0.1999558156250032,True
0.8,171,32696,1024,3882,486,34,520,4.0625,3.791015625,4310,0.526123046875,1674,0.38839907192575407,4030.625,44.74609375,12.077079665864932,0.24344333109711958,0.204345703125,0.18843750703126716,0.1911076843750834,486,497,1.022633744855967,9,4.888822474596533,5,1181,0.0,4034.5650048875855,509,543,4.2421875,0.1999558156250032,True
0.8,172,46005,1024,1765,221,34,255,1.9921875,1.7236328125,6427,0.7845458984375,1857,0.2889372957834137,621.64453125,17.7421875,20.195382434543383,0.41404698782979066,0.2266845703125,0.18843750703126716,0.1911076843750834,221,232,1.0497737556561086,46,4.386314655172414,5,1274,0.0,624.6947988223749,232,266,2.078125,0.1999558156250032,True
0.8,173,19269,1024,1488,186,34,220,1.71875,1.453125,6704,0.818359375,1831,0.2731205250596659,2076.6318359375,24.4716796875,14.957208531597043,0.4138313230417622,0.2235107421875,0.18843750703126716,0.1911076843750834,186,197,1.0591397849462365,98,4.420765027322404,6,1249,0.0,2101.255928853755,193,227,1.7734375,0.1999558156250032,True
0.8,174,5503,1024,5792,724,34,758,5.921875,5.65625,2400,0.29296875,775,0.3229166666666667,2816.375,34.15625,13.633898802885287,0.29708477073666995,0.0946044921875,0.18843750703126716,0.1911076843750834,724,735,1.0151933701657458,9,10.564599483204134,3,629,0.0,2819.128054740958,752,786,6.140625,0.1999558156250032,True
0.8,175,32979,1024,1738,218,34,252,1.96875,1.697265625,6454,0.787841796875,3120,0.48342113418035326,9634.9794921875,84.2568359375,8.292295662603808,0.09388195439094728,0.380859375,0.18843750703126716,0.1911076843750834,218,229,1.0504587155963303,9,2.621673613337608,7,2035,0.0,9644.397849462366,242,276,2.15625,0.1999558156250032,True
0.8,176,32764,1024,4503,563,34,597,4.6640625,4.3974609375,3689,0.4503173828125,1706,0.46245595012198426,2154.515625,35.85546875,14.797307128372701,0.10063199384188037,0.208251953125,0.18843750703126716,0.1911076843750834,563,574,1.019538188277087,27,4.785337243401759,6,1021,0.0,2160.8462291870715,589,623,4.8671875,0.1999558156250032,True
0.8,177,36396,1024,3729,467,34,501,3.9140625,3.6416015625,4463,0.5447998046875,1553,0.3479722159982075,3167.0888671875,38.2587890625,13.124201112037106,0.19388821271542925,0.1895751953125,0.18843750703126716,0.1911076843750834,467,478,1.0235546038543897,44,5.248711340206185,6,1031,0.0,3182.629048086359,490,524,4.09375,0.1999558156250032,True
0.8,178,16139,1024,1406,176,34,210,1.640625,1.373046875,6786,0.828369140625,1963,0.289272030651341,1626.7548828125,19.5537109375,16.017582418964153,0.4695435968624502,0.2396240234375,0.18843750703126716,0.1911076843750834,176,187,1.0625,47,4.150356778797145,7,1157,0.0,1634.736997055937,177,211,1.6484375,0.1999558156250032,True
0.8,179,32110,1024,43,6,34,40,0.3125,0.0419921875,8149,0.9947509765625,3195,0.39207264695054606,18557.58984375,108.103515625,5.445587890673879,0.08421186462493581,0.3900146484375,0.18843750703126716,0.1911076843750834,6,14,2.3333333333333335,14,2.5601127113337507,9,1641,0.0,18575.730205278593,9,43,0.3359375,0.1999558156250032,True
0.8,180,37930,1024,1394,175,34,209,1.6328125,1.361328125,6798,0.829833984375,2931,0.4311562224183583,3593.05859375,44.8828125,12.57616061354658,0.09089130926910398,0.3577880859375,0.18843750703126716,0.1911076843750834,175,186,1.062857142857143,37,2.7822525597269623,6,1843,0.0,3607.149019607843,193,227,1.7734375,0.1999558156250032,True
0.8,181,5624,1024,2083,261,34,295,2.3046875,2.0341796875,6109,0.7457275390625,2618,0.42854804386970047,949.0380859375,25.5849609375,18.357967193778194,0.15328153541756956,0.319580078125,0.18843750703126716,0.1911076843750834,261,272,1.0421455938697317,16,3.122659533817348,8,1475,0.0,950.8953033268102,281,315,2.4609375,0.1999558156250032,True
0.8,182,37946,1024,1380,173,34,207,1.6171875,1.34765625,6812,0.83154296875,3302,0.4847328244274809,11688.2490234375,93.9443359375,7.453309050025294,0.08874949645057778,0.403076171875,0.18843750703126716,0.1911076843750834,173,184,1.0635838150289016,28,2.4716752499242656,7,2022,0.0,11722.592556317335,193,227,1.7734375,0.1999558156250032,True
0.8,183,6616,1024,5385,674,34,708,5.53125,5.2587890625,2807,0.3426513671875,967,0.3444959030993944,3011.375,37.890625,13.343155202372618,0.11814078306925617,0.1180419921875,0.18843750703126716,0.1911076843750834,674,685,1.0163204747774481,18,8.455486542443063,3,780,0.0,3017.2681017612526,694,728,5.6875,0.1999558156250032,True
0.8,184,11706,1024,1750,219,34,253,1.9765625,1.708984375,6442,0.786376953125,2742,0.42564420987271034,7139.01171875,68.560546875,9.594422660105511,0.08907418176659132,0.334716796875,0.18843750703126716,0.1911076843750834,219,230,1.0502283105022832,63,2.964246625319227,7,1828,0.0,7188.149459193707,237,271,2.1171875,0.1999558156250032,True
0.8,185,10558,1024,25,4,34,38,0.296875,0.0244140625,8167,0.9969482421875,3044,0.3727194808375168,10755.19921875,72.017578125,7.814619016253673,0.11474335203132617,0.37158203125,0.18843750703126716,0.1911076843750834,4,12,3.0,6,2.6792638843246794,8,1694,,10755.19921875,6,40,0.3125,0.1999558156250032,True
0.8,186,18351,1024,46,6,34,40,0.3125,0.044921875,8146,0.994384765625,2562,0.3145101890498404,9694.5498046875,70.1708984375,8.265527147435051,0.03742481059347371,0.312744140625,0.18843750703126716,0.1911076843750834,6,14,2.3333333333333335,71,3.164388910581804,8,1471,0.0,9770.884842519685,10,44,0.34375,0.1999558156250032,True
0.8,187,15023,1024,20,3,34,37,0.2890625,0.01953125,8172,0.99755859375,3846,0.47063142437591776,17645.416015625,124.349609375,5.66448458944918,0.1433367386789165,0.469482421875,0.18843750703126716,0.1911076843750834,3,11,3.6666666666666665,14,2.1256176853055915,8,1958,0.0,17662.664711632453,6,40,0.3125,0.1999558156250032,True
0.8,188,9490,1024,1527,191,34,225,1.7578125,1.4912109375,6665,0.8135986328125,2913,0.43705926481620405,6817.978515625,67.046875,9.79424732493696,0.15618381482708749,0.3555908203125,0.18843750703126716,0.1911076843750834,191,202,1.057591623036649,29,2.800480769230769,6,1909,0.0,6838.011753183154,217,251,1.9609375,0.1999558156250032,True
0.8,189,6355,1024,3394,425,34,459,3.5859375,3.314453125,4798,0.585693359375,2055,0.4283034597749062,4345.443359375,55.986328125,11.750462673773557,0.16270673699723,0.2508544921875,0.18843750703126716,0.1911076843750834,425,436,1.0258823529411765,8,3.9829600778967866,5,1475,0.0,4349.691104594331,445,479,3.7421875,0.1999558156250032,True
0.8,190,8857,1024,1616,202,34,236,1.84375,1.578125,6576,0.802734375,1568,0.2384428223844282,1118.451171875,17.970703125,17.64463331977624,0.27201790948565735,0.19140625,0.18843750703126716,0.1911076843750834,202,213,1.0544554455445545,69,5.181238034460753,7,1033,0.0,1127.257874015748,209,243,1.8984375,0.1999558156250032,True
0.8,191,31811,1024,1829,229,34,263,2.0546875,1.7861328125,6363,0.7767333984375,3007,0.4725758290114726,14247.1748046875,103.3251953125,6.593516079886017,0.16264898849090265,0.3670654296875,0.18843750703126716,0.1911076843750834,229,240,1.0480349344978166,37,2.711576846307385,11,1931,0.0,14303.046078431373,255,289,2.2578125,0.1999558156250032,True
0.8,192,10400,1024,5694,712,34,746,5.828125,5.560546875,2498,0.304931640625,536,0.2145716573258607,1271.125,17.4375,17.088921005256093,0.2789068870761338,0.0654296875,0.18843750703126716,0.1911076843750834,712,723,1.0154494382022472,58,15.14766355140187,3,378,0.0,1279.874139626352,727,761,5.9453125,0.1999558156250032,True
0.8,193,275,1024,4725,591,34,625,4.8828125,4.6142578125,3467,0.4232177734375,905,0.26103259301990195,2311.1767578125,30.2998046875,14.49247199461907,0.34177088772864594,0.1104736328125,0.18843750703126716,0.1911076843750834,591,602,1.0186125211505923,25,9.029867256637168,4,676,0.0,2317.9676787463272,595,629,4.9140625,0.1999558156250032,True
0.8,194,26152,1024,45,6,34,40,0.3125,0.0439453125,8147,0.9945068359375,3661,0.44936786547195284,18285.033203125,117.31640625,5.509846075736188,0.05276572472532682,0.4468994140625,0.18843750703126716,0.1911076843750834,6,14,2.3333333333333335,287,2.1592896174863387,8,1895,0.0,18932.12740141557,9,43,0.3359375,0.1999558156250032,True
0.8,195,13037,1024,49,7,34,41,0.3203125,0.0478515625,8143,0.9940185546875,3064,0.376274100454378,15889.1943359375,93.6728515625,6.1197848407130575,0.04872753699333041,0.3740234375,0.18843750703126716,0.1911076843750834,7,15,2.142857142857143,14,2.6696049624551095,14,1469,0.0,15904.726295210166,10,44,0.34375,0.1999558156250032,True
0.8,196,41203,1024,5024,628,34,662,5.171875,4.90625,3168,0.38671875,951,0.3001893939393939,1725.546875,28.93359375,15.761535993398963,0.1577995778842803,0.1160888671875,0.18843750703126716,0.1911076843750834,628,639,1.017515923566879,52,8.562105263157894,4,710,0.0,1735.7170923379174,647,681,5.3203125,0.1999558156250032,True
0.8,197,43709,1024,1945,244,34,278,2.171875,1.8994140625,6247,0.7625732421875,2194,0.35120858011845685,2587.1376953125,34.6005859375,14.002608170671005,0.2515871980900295,0.267822265625,0.18843750703126716,0.1911076843750834,244,255,1.0450819672131149,22,3.724578203374373,6,1466,0.0,2592.2005870841485,262,296,2.3125,0.1999558156250032,True
0.8,198,43572,1024,1740,218,34,252,1.96875,1.69921875,6452,0.78759765625,2468,0.3825170489770614,3816.564453125,41.70703125,12.31407759838708,-0.024130806798929264,0.30126953125,0.18843750703126716,0.1911076843750834,218,229,1.0504587155963303,20,3.310498581272801,7,1612,0.0,3824.033268101761,238,272,2.125,0.1999558156250032,True
0.8,199,23390,1024,5459,683,34,717,5.6015625,5.3310546875,2733,0.3336181640625,763,0.2791803878521771,1522.5,24.953125,16.305230595629972,0.07644535069253398,0.0931396484375,0.18843750703126716,0.1911076843750834,683,694,1.0161054172767203,144,10.48031496062992,4,562,0.0,1549.741550695825,699,733,5.7265625,0.1999558156250032,True
0.85,0,712,1024,5791,724,34,758,5.921875,5.6552734375,2401,0.2930908203125,530,0.22074135776759685,3420.0400390625,32.3505859375,12.790491704134954,0.30708240867376424,0.064697265625,0.18843750703126716,0.1911076843750834,724,735,1.0151933701657458,28,15.427221172022684,5,429,0.0,3430.0891283055826,716,750,5.859375,0.1999558156250032,True
0.85,1,24774,1024,3798,475,34,509,3.9765625,3.708984375,4394,0.536376953125,1642,0.3736913973600364,2299.5009765625,36.9384765625,14.514467625196652,0.24589558259599897,0.200439453125,0.18843750703126716,0.1911076843750834,475,486,1.023157894736842,88,4.937233394271786,6,1134,0.0,2324.4708785784796,503,537,4.1953125,0.1999558156250032,True
0.85,2,45142,1024,6014,752,34,786,6.140625,5.873046875,2178,0.265869140625,449,0.2061524334251607,1463.0,21.625,16.478360347425994,0.26281899049058977,0.0548095703125,0.18843750703126716,0.1911076843750834,752,763,1.014627659574468,34,18.071428571428573,3,416,0.0,1468.7372549019608,755,789,6.1640625,0.1999558156250032,True
0.85,3,27119,1024,79,10,34,44,0.34375,0.0771484375,8113,0.9903564453125,2531,0.311968445704425,13509.787109375,72.73046875,6.824318555136935,0.07191196523535145,0.3089599609375,0.18843750703126716,0.1911076843750834,10,18,1.8,12,3.232806324110672,35,1209,0.0,13522.993157380253,16,50,0.390625,0.1999558156250032,True
0.85,4,21139,1024,5285,661,34,695,5.4296875,5.1611328125,2907,0.3548583984375,575,0.1977984176126591,2789.625,27.625,13.675345344318096,0.3249492782515866,0.0701904296875,0.18843750703126716,0.1911076843750834,661,672,1.0166414523449319,100,14.08362369337979,5,483,0.0,2822.703557312253,648,682,5.328125,0.1999558156250032,True
0.85,5,19129,1024,5049,632,34,666,5.203125,4.9306640625,3143,0.3836669921875,738,0.2348075087496023,1898.34375,28.125,15.347055040881123,0.21707754436605586,0.090087890625,0.18843750703126716,0.1911076843750834,632,643,1.0174050632911393,67,10.82089552238806,4,606,0.0,1913.291338582677,625,659,5.1484375,0.1999558156250032,True
0.85,6,6433,1024,4469,559,34,593,4.6328125,4.3642578125,3723,0.4544677734375,705,0.18936341659951653,885.1875,15.3828125,18.66045088372918,0.15669108466002854,0.0860595703125,0.18843750703126716,0.1911076843750834,559,570,1.0196779964221825,190,10.995738636363637,4,525,0.0,905.5264735264735,553,587,4.5859375,0.1999558156250032,True
0.85,7,38854,1024,4857,608,34,642,5.015625,4.7431640625,3335,0.4071044921875,1070,0.32083958020989506,2743.8876953125,36.3134765625,13.747140287253908,0.20285158383480736,0.130615234375,0.18843750703126716,0.1911076843750834,608,619,1.018092105263158,45,7.614593077642657,6,791,0.0,2757.351324828263,615,649,5.0703125,0.1999558156250032,True
0.85,8,22489,1024,5757,720,34,754,5.890625,5.6220703125,2435,0.2972412109375,444,0.18234086242299793,2058.5,22.546875,14.995294895344056,0.5012254333777963,0.05419921875,0.18783500234371786,0.1883431171875145,720,731,1.0152777777777777,74,18.27765237020316,3,371,0.0,2076.752709359606,703,737,5.7578125,0.19788633359382857,True
0.85,9,31104,1024,3060,383,34,417,3.2578125,2.98828125,5132,0.62646484375,1765,0.3439204988308652,4609.95703125,47.193359375,11.493834834561337,0.12136467359020177,0.2154541015625,0.18783500234371786,0.1883431171875145,383,394,1.0287206266318538,109,4.580498866213152,6,1284,0.0,4669.234421364985,394,428,3.34375,0.19788633359382857,True
0.85,10,21349,1024,5073,635,34,669,5.2265625,4.9541015625,3119,0.3807373046875,1268,0.40654055787111254,11534.640625,84.9765625,7.510762927442832,0.15078331639926895,0.15478515625,0.18783500234371786,0.1883431171875145,635,646,1.0173228346456693,72,6.404104183109708,5,1029,0.0,11636.918226600985,660,694,5.421875,0.19788633359382857,True
0.85,11,29116,1024,4345,544,34,578,4.515625,4.2431640625,3847,0.4696044921875,1061,0.2757993241486873,2087.7734375,27.6015625,14.933969930617298,0.24718038482147947,0.1295166015625,0.18783500234371786,0.1883431171875145,544,555,1.0202205882352942,53,7.673584905660378,6,810,0.0,2100.0785854616897,563,597,4.6640625,0.19788633359382857,True
0.85,12,10772,1024,4928,616,34,650,5.078125,4.8125,3264,0.3984375,1365,0.4181985294117647,9433.1171875,74.0234375,8.384251311606132,0.28318438944896407,0.1666259765625,0.18783500234371786,0.1883431171875145,616,627,1.0178571428571428,17,5.991202346041056,6,1029,0.0,9451.577299412917,646,680,5.3125,0.19788633359382857,True
0.85,13,18332,1024,5815,727,34,761,5.9453125,5.6787109375,2377,0.2901611328125,653,0.27471602860748845,2406.3125,29.4375,14.31728333785677,0.4320687267458898,0.0797119140625,0.18783500234371786,0.1883431171875145,727,738,1.015130674002751,19,12.524539877300613,3,548,0.0,2411.021526418787,741,775,6.0546875,0.19788633359382857,True
0.85,14,1003,1024,5943,743,34,777,6.0703125,5.8037109375,2249,0.2745361328125,667,0.2965762561138284,2879.9453125,29.37109375,13.536961198812412,0.3723553445836442,0.0814208984375,0.18783500234371786,0.1883431171875145,743,754,1.0148048452220726,35,12.24024024024024,5,504,0.0,2891.2392156862743,754,788,6.15625,0.19788633359382857,True
0.85,15,22156,1024,5132,642,34,676,5.28125,5.01171875,3060,0.37353515625,999,0.3264705882352941,4391.4609375,38.828125,11.704713368569912,0.301770886530619,0.1219482421875,0.18783500234371786,0.1883431171875145,642,653,1.017133956386293,17,8.092184368737476,5,689,0.0,4400.054794520548,653,687,5.3671875,0.19788633359382857,True
0.85,16,26453,1024,4756,595,34,629,4.9140625,4.64453125,3436,0.41943359375,473,0.13766006984866122,1436.8037109375,15.5048828125,16.55682919859271,0.3203865227086806,0.0577392578125,0.18783500234371786,0.1883431171875145,595,606,1.0184873949579831,36,17.271186440677965,4,413,0.0,1442.4382352941177,593,627,4.8984375,0.19788633359382857,True
0.85,17,17039,1024,5269,659,34,693,5.4140625,5.1455078125,2923,0.3568115234375,466,0.15942524803284297,623.99609375,12.431640625,20.178984898844124,0.4041767574480228,0.056884765625,0.18783500234371786,0.1883431171875145,659,670,1.0166919575113809,10,17.589247311827958,3,365,0.0,624.6060606060606,660,694,5.421875,0.19788633359382857,True
0.85,18,7166,1024,5093,637,34,671,5.2421875,4.9736328125,3099,0.3782958984375,1079,0.34817683123588256,3337.265625,40.17578125,12.896895857741917,0.23995371128634216,0.1317138671875,0.18783500234371786,0.1883431171875145,637,648,1.0172684458398744,9,7.583487940630798,6,796,0.0,3340.5278592375366,643,677,5.2890625,0.19788633359382857,True
0.85,19,48310,1024,301,38,34,72,0.5625,0.2939453125,7891,0.9632568359375,3356,0.425294639462679,11612.7197265625,88.3408203125,7.481464164168406,0.07404598359859023,0.40966796875,0.18783500234371786,0.1883431171875145,38,49,1.2894736842105263,244,2.3687034277198213,8,2013,0.0,11963.204225352112,45,79,0.6171875,0.19788633359382857,True
0.85,20,12187,1024,3307,414,34,448,3.5,3.2294921875,4885,0.5963134765625,1245,0.2548618219037871,1777.388671875,25.43359375,15.63297952987643,0.1660810795426158,0.1519775390625,0.18783500234371786,0.1883431171875145,414,425,1.0265700483091786,85,6.469453376205788,7,861,0.0,1794.9171597633135,428,462,3.609375,0.19788633359382857,True
0.85,21,20284,1024,4059,508,34,542,4.234375,3.9638671875,4133,0.5045166015625,722,0.17469150737962738,594.3515625,12.73046875,20.39036952100803,0.49518627598108633,0.088134765625,0.18783500234371786,0.1883431171875145,508,519,1.0216535433070866,54,11.237170596393897,4,561,0.0,597.8546168958743,515,549,4.2890625,0.19788633359382857,True
0.85,22,1052,1024,5521,691,34,725,5.6640625,5.3916015625,2671,0.3260498046875,601,0.2250093597903407,2091.7783203125,24.6240234375,14.925647033142912,0.5666197476443589,0.0733642578125,0.18783500234371786,0.1883431171875145,691,702,1.015918958031838,34,13.585,4,490,0.0,2099.9813725490194,686,720,5.625,0.19788633359382857,True
0.85,23,13752,1024,2892,362,34,396,3.09375,2.82421875,5300,0.64697265625,1200,0.22641509433962265,693.7294921875,14.2001953125,19.718902030239494,0.3028654289327534,0.146484375,0.18783500234371786,0.1883431171875145,362,373,1.0303867403314917,26,6.773978315262719,6,832,0.0,695.7678746327131,370,404,3.15625,0.19788633359382857,True
0.85,24,37139,1024,5017,628,34,662,5.171875,4.8994140625,3175,0.3875732421875,915,0.28818897637795277,5024.76953125,42.044921875,11.119642139001124,0.22302015269487926,0.1116943359375,0.18783500234371786,0.1883431171875145,628,639,1.017515923566879,44,8.894967177242888,4,698,0.0,5049.42492639843,645,679,5.3046875,0.19788633359382857,True
0.85,25,29727,1024,6419,803,34,837,6.5390625,6.2685546875,1773,0.2164306640625,393,0.22165820642978004,2501.390625,23.36328125,14.148988430538187,0.42270767261060127,0.0479736328125,0.18783500234371786,0.1883431171875145,803,814,1.0136986301369864,11,20.466836734693878,3,343,0.0,2503.8357771261,798,832,6.5,0.19788633359382857,True
0.85,26,41854,1024,5462,683,34,717,5.6015625,5.333984375,2730,0.333251953125,382,0.13992673992673993,868.98828125,12.994140625,18.740664410622543,0.5421218107644848,0.046630859375,0.18783500234371786,0.1883431171875145,683,694,1.0161054172767203,130,20.8503937007874,5,323,0.0,882.781746031746,667,701,5.4765625,0.19788633359382857,True
0.85,27,40333,1024,5693,712,34,746,5.828125,5.5595703125,2499,0.3050537109375,586,0.2344937975190076,1602.21875,20.859375,16.083585510970057,0.5019882779116428,0.071533203125,0.18783500234371786,0.1883431171875145,712,723,1.0154494382022472,8,13.97948717948718,5,456,0.0,1603.784946236559,730,764,5.96875,0.19788633359382857,True
0.85,28,33248,1024,68,9,34,43,0.3359375,0.06640625,8124,0.99169921875,3238,0.3985721319547021,9971.2177734375,80.7177734375,8.143321594281186,0.17775934669985782,0.395263671875,0.18783500234371786,0.1883431171875145,9,17,1.8888888888888888,375,2.41458140253321,8,1808,0.0,10440.211656441717,14,48,0.375,0.19788633359382857,True
0.85,29,9680,1024,5309,664,34,698,5.453125,5.1845703125,2883,0.3519287109375,709,0.24592438432188693,4159.59375,38.4140625,11.940294438826783,0.5434892309805189,0.0865478515625,0.18783500234371786,0.1883431171875145,664,675,1.016566265060241,17,11.53954802259887,4,592,0.0,4167.73385518591,665,699,5.4609375,0.19788633359382857,True
0.85,30,16805,1024,5591,699,34,733,5.7265625,5.4599609375,2601,0.3175048828125,752,0.289119569396386,2271.8125,28.234375,14.567078760717166,0.17014141207788977,0.091796875,0.18783500234371786,0.1883431171875145,699,710,1.0157367668097281,19,10.874833555259654,4,606,0.0,2276.25831702544,716,750,5.859375,0.19788633359382857,True
0.85,31,14652,1024,4540,568,34,602,4.703125,4.43359375,3652,0.44580078125,940,0.2573932092004381,2616.7236328125,31.2802734375,13.953225041365268,0.1320910123769933,0.11474609375,0.18783500234371786,0.1883431171875145,568,579,1.0193661971830985,20,8.6975505857295,5,743,0.0,2621.844422700587,570,604,4.71875,0.19788633359382857,True
0.85,32,15793,1024,4312,539,34,573,4.4765625,4.2109375,3880,0.4736328125,654,0.16855670103092785,2248.3125,22.78515625,14.612236858244055,0.4507773769730053,0.079833984375,0.18783500234371786,0.1883431171875145,539,550,1.0204081632653061,100,12.384379785604901,4,536,0.0,2274.9723320158105,534,568,4.4375,0.19788633359382857,True
0.85,33,30210,1024,3022,378,34,412,3.21875,2.951171875,5170,0.631103515625,1095,0.21179883945841393,2878.1572265625,25.0263671875,13.539658461931705,0.39373136337319686,0.1336669921875,0.18783500234371786,0.1883431171875145,378,389,1.029100529100529,35,7.453382084095064,5,770,0.0,2889.4441176470586,381,415,3.2421875,0.19788633359382857,True
0.85,34,47426,1024,4482,561,34,595,4.6484375,4.376953125,3710,0.452880859375,1174,0.3164420485175202,5465.12890625,47.453125,10.754799507372093,0.37118767643352724,0.143310546875,0.18783500234371786,0.1883431171875145,561,572,1.0196078431372548,10,6.972719522591645,6,873,0.0,5470.471163245356,583,617,4.8203125,0.19788633359382857,True
0.85,35,20875,1024,5529,692,34,726,5.671875,5.3994140625,2663,0.3250732421875,511,0.19188884716485166,1282.828125,18.60546875,17.049118879414063,0.5348812900528045,0.0623779296875,0.18783500234371786,0.1883431171875145,692,703,1.0158959537572254,169,15.72549019607843,3,406,0.0,1309.6869391824525,680,714,5.578125,0.19788633359382857,True
0.85,36,4161,1024,5432,679,34,713,5.5703125,5.3046875,2760,0.3369140625,783,0.28369565217391307,5400.1806640625,43.9248046875,10.806720713981017,0.2811043892681835,0.0955810546875,0.18783500234371786,0.1883431171875145,679,690,1.01620029455081,74,10.368286445012787,5,638,0.0,5448.064039408867,686,720,5.625,0.19788633359382857,True
0.85,37,40340,1024,4312,539,34,573,4.4765625,4.2109375,3880,0.4736328125,1057,0.2724226804123711,1888.994140625,25.333984375,15.368497500599872,0.2626218000457652,0.1290283203125,0.18783500234371786,0.1883431171875145,539,550,1.0204081632653061,110,7.642045454545454,5,744,0.0,1913.2838773491592,561,595,4.6484375,0.19788633359382857,True
0.85,38,28286,1024,5620,703,34,737,5.7578125,5.48828125,2572,0.31396484375,598,0.23250388802488337,1711.21875,22.2578125,15.79774830669023,0.5812727331455887,0.072998046875,0.18783500234371786,0.1883431171875145,703,714,1.0156472261735419,27,13.613065326633166,4,469,0.0,1716.2468168462292,701,735,5.7421875,0.19788633359382857,True
0.85,39,13256,1024,5693,712,34,746,5.828125,5.5595703125,2499,0.3050537109375,590,0.23609443777511005,1609.58203125,21.134765625,16.06367245760299,0.31497494547721877,0.072021484375,0.18783500234371786,0.1883431171875145,712,723,1.0154494382022472,19,13.862478777589134,3,435,0.0,1612.7318982387476,734,768,6.0,0.19788633359382857,True
0.85,40,48934,1024,5323,666,34,700,5.46875,5.1982421875,2869,0.3502197265625,605,0.2108748692924364,2584.91796875,26.486328125,14.006335953661873,0.43629144473387754,0.0738525390625,0.18783500234371786,0.1883431171875145,666,677,1.0165165165165164,84,13.410596026490067,3,521,0.0,2610.4102564102564,683,717,5.6015625,0.19788633359382857,True
0.85,41,11935,1024,3900,488,34,522,4.078125,3.80859375,4292,0.52392578125,979,0.22809878844361603,1213.3154296875,16.9423828125,17.291066403274932,0.3479821555961735,0.1195068359375,0.18783500234371786,0.1883431171875145,488,499,1.0225409836065573,19,8.35276073619632,5,678,0.0,1215.6898238747553,505,539,4.2109375,0.19788633359382857,True
0.85,42,48447,1024,5716,715,34,749,5.8515625,5.58203125,2476,0.30224609375,447,0.18053311793214863,1318.84375,15.7421875,16.92887015308207,0.36318123837681165,0.0545654296875,0.18783500234371786,0.1883431171875145,715,726,1.0153846153846153,19,17.98878923766816,4,314,0.0,1321.4246575342465,714,748,5.84375,0.19788633359382857,True
0.85,43,15492,1024,6499,813,34,847,6.6171875,6.3466796875,1693,0.2066650390625,457,0.26993502658003543,2131.75,23.734375,14.843440892125725,0.2938083699763221,0.0557861328125,0.18783500234371786,0.1883431171875145,813,824,1.013530135301353,10,17.894736842105264,3,363,0.0,2133.8338220918868,817,851,6.6484375,0.19788633359382857,True
0.85,44,32513,1024,6019,753,34,787,6.1484375,5.8779296875,2173,0.2652587890625,354,0.16290842153704557,1007.3125,15.0546875,18.09916137611637,0.4242100745382643,0.043212890625,0.18783500234371786,0.1883431171875145,753,764,1.0146082337317397,10,23.161473087818695,3,294,0.0,1008.297165200391,748,782,6.109375,0.19788633359382857,True
0.85,45,36099,1024,52,7,34,41,0.3203125,0.05078125,8140,0.99365234375,3801,0.46695331695331693,20767.4423828125,126.6513671875,4.956973466354778,0.08288048295996663,0.4639892578125,0.18783500234371786,0.1883431171875145,7,15,2.142857142857143,71,2.136578947368421,8,2073,0.0,20930.965551181103,12,46,0.359375,0.19788633359382857,True
0.85,46,39260,1024,3411,427,34,461,3.6015625,3.3310546875,4781,0.5836181640625,605,0.12654256431708846,719.4296875,10.67578125,19.560920057126236,0.690130751221795,0.0738525390625,0.18783500234371786,0.1883431171875145,427,438,1.0257611241217799,899,11.990066225165563,5,454,0.0,807.780701754386,412,446,3.484375,0.19788633359382857,True
0.85,47,46517,1024,4715,590,34,624,4.875,4.6044921875,3477,0.4244384765625,977,0.2809893586425079,5630.4375,51.94140625,10.625382188666991,0.21292119342554228,0.1192626953125,0.18783500234371786,0.1883431171875145,590,601,1.0186440677966102,58,8.329918032786885,5,803,0.0,5669.191740412979,597,631,4.9296875,0.19788633359382857,True
0.85,48,33095,1024,6088,761,34,795,6.2109375,5.9453125,2104,0.2568359375,323,0.1535171102661597,690.8125,11.4921875,19.737201735012842,0.5319416824004842,0.0394287109375,0.18783500234371786,0.1883431171875145,761,772,1.014454664914586,49,24.751552795031056,3,254,0.0,694.8840864440078,759,793,6.1953125,0.19788633359382857,True
0.85,49,3,1024,5711,714,34,748,5.84375,5.5771484375,2481,0.3028564453125,378,0.1523579201934704,942.81640625,14.873046875,18.3865322965261,0.5304525975331259,0.046142578125,0.18783500234371786,0.1883431171875145,714,725,1.015406162464986,10,21.6710875331565,3,329,0.0,943.7380254154448,708,742,5.796875,0.19788633359382857,True
0.85,50,21683,1024,4988,624,34,658,5.140625,4.87109375,3204,0.39111328125,744,0.23220973782771537,4062.501953125,35.248046875,12.042867780856056,0.4290175727680023,0.0908203125,0.18783500234371786,0.1883431171875145,624,635,1.017628205128205,10,10.986541049798117,4,586,0.0,4066.47311827957,622,656,5.125,0.19788633359382857,True
0.85,51,13446,1024,5418,678,34,712,5.5625,5.291015625,2774,0.338623046875,797,0.28731074260994954,4259.125,39.5078125,11.837599746064168,0.3847439030150562,0.0972900390625,0.18783500234371786,0.1883431171875145,678,689,1.0162241887905605,73,10.193467336683417,3,659,0.0,4296.890640394088,691,725,5.6640625,0.19788633359382857,True
0.85,52,49515,1024,3930,492,34,526,4.109375,3.837890625,4262,0.520263671875,1631,0.38268418582824965,6136.951171875,62.080078125,10.251276929969833,0.11347294034192344,0.1990966796875,0.18783500234371786,0.1883431171875145,492,503,1.0223577235772359,177,4.914723926380368,5,1289,0.0,6271.694610778443,518,552,4.3125,0.19788633359382857,True
0.85,53,27943,1024,5789,724,34,758,5.921875,5.6533203125,2403,0.2933349609375,605,0.25176862255513943,3070.109375,32.45703125,13.259265130412714,0.2667778016924582,0.0738525390625,0.18783500234371786,0.1883431171875145,724,735,1.0151933701657458,11,13.47019867549669,3,523,0.0,3073.11045943304,720,754,5.890625,0.19788633359382857,True
0.85,54,29059,1024,2912,364,34,398,3.109375,2.84375,5280,0.64453125,2626,0.4973484848484849,16575.3955078125,101.4248046875,5.93616460906561,0.21952165238207233,0.320556640625,0.18783500234371786,0.1883431171875145,364,375,1.0302197802197801,9,3.1165714285714285,23,1401,0.0,16591.598240469208,380,414,3.234375,0.19788633359382857,True
0.85,55,32738,1024,2450,307,34,341,2.6640625,2.392578125,5742,0.700927734375,1609,0.28021595262974575,1632.4013671875,24.5537109375,16.002534110312332,0.4396061184060884,0.1964111328125,0.18783500234371786,0.1883431171875145,307,318,1.0358306188925082,782,4.6038557213930345,6,1065,0.0,1803.2135922330096,312,346,2.703125,0.19788633359382857,True
0.85,56,445,1024,6081,761,34,795,6.2109375,5.9384765625,2111,0.2576904296875,511,0.24206537186167693,2926.171875,27.66796875,13.467805291087496,0.288626520904194,0.0623779296875,0.18783500234371786,0.1883431171875145,761,772,1.014454664914586,33,15.79607843137255,3,426,0.0,2937.6470588235293,765,799,6.2421875,0.19788633359382857,True
0.85,57,32216,1024,5568,696,34,730,5.703125,5.4375,2624,0.3203125,657,0.2503810975609756,4404.4501953125,37.8271484375,11.691886574375472,0.3033599961195598,0.0802001953125,0.18783500234371786,0.1883431171875145,696,707,1.0158045977011494,90,12.34298780487805,3,551,0.0,4452.277393879565,693,727,5.6796875,0.19788633359382857,True
0.85,58,18250,1024,5979,748,34,782,6.109375,5.8388671875,2213,0.2701416015625,546,0.24672390420244011,1598.65625,20.0078125,16.093252709661776,0.39069085492737454,0.066650390625,0.18783500234371786,0.1883431171875145,748,759,1.0147058823529411,32,14.963302752293577,4,414,0.0,1604.9254901960785,759,793,6.1953125,0.19788633359382857,True
0.85,59,1684,1024,4852,607,34,641,5.0078125,4.73828125,3340,0.40771484375,930,0.27844311377245506,3516.46875,36.8984375,12.669735985704584,0.09060185373144979,0.113525390625,0.18783500234371786,0.1883431171875145,607,618,1.0181219110378912,136,8.665231431646932,4,702,0.0,3575.8331678252234,607,641,5.0078125,0.19788633359382857,True
0.85,60,2899,1024,3302,413,34,447,3.4921875,3.224609375,4890,0.596923828125,1589,0.3249488752556237,2967.8232421875,35.3037109375,13.406423292301064,0.18261762189482114,0.1939697265625,0.18783500234371786,0.1883431171875145,413,424,1.026634382566586,27,5.1379093198992445,8,1025,0.0,2976.543584720862,420,454,3.546875,0.19788633359382857,True
0.85,61,39428,1024,3257,408,34,442,3.453125,3.1806640625,4935,0.6024169921875,1534,0.31084093211752784,4113.228515625,42.03515625,11.988975229079383,0.17878194768175582,0.187255859375,0.18783500234371786,0.1883431171875145,408,419,1.0269607843137254,54,5.30593607305936,5,1154,0.0,4137.471512770137,437,471,3.6796875,0.19788633359382857,True
0.85,62,40758,1024,5310,664,34,698,5.453125,5.185546875,2882,0.351806640625,869,0.3015267175572519,6972.32421875,59.193359375,9.697027869135754,0.3688870559947413,0.1060791015625,0.18783500234371786,0.1883431171875145,664,675,1.016566265060241,9,9.418202764976959,4,741,0.0,6979.139784946236,677,711,5.5546875,0.19788633359382857,True
0.85,63,29154,1024,5903,738,34,772,6.03125,5.7646484375,2289,0.2794189453125,557,0.24333770205329838,2209.609375,25.54296875,14.687648569911879,0.35312785035364014,0.0679931640625,0.18783500234371786,0.1883431171875145,738,749,1.0149051490514904,42,14.636690647482014,3,434,0.0,2220.4514229636898,742,776,6.0625,0.19788633359382857,True
0.85,64,43958,1024,5846,731,34,765,5.9765625,5.708984375,2346,0.286376953125,246,0.10485933503836317,511.0,8.953125,21.046594607331976,0.44259285009426835,0.030029296875,0.18783500234371786,0.1883431171875145,731,742,1.015047879616963,9,33.31836734693878,2,212,0.0,511.4995112414467,717,751,5.8671875,0.19788633359382857,True
0.85,65,33814,1024,5344,668,34,702,5.484375,5.21875,2848,0.34765625,1022,0.35884831460674155,6881.59765625,54.76171875,9.753910835708595,0.2445391414514488,0.124755859375,0.18783500234371786,0.1883431171875145,668,679,1.0164670658682635,18,7.900097943192948,5,796,0.0,6895.06457925636,701,735,5.7421875,0.19788633359382857,True
0.85,66,34153,1024,4145,519,34,553,4.3203125,4.0478515625,4047,0.4940185546875,1512,0.37361008154188285,3206.9716796875,40.1943359375,13.069852361155693,0.28308585573461575,0.1845703125,0.18783500234371786,0.1883431171875145,519,530,1.0211946050096339,188,5.228987425545996,7,1040,0.0,3280.6583416583417,542,576,4.5,0.19788633359382857,True
0.85,67,43609,1024,4447,556,34,590,4.609375,4.3427734375,3745,0.4571533203125,1064,0.2841121495327103,2744.8896484375,33.3583984375,13.74555471476337,0.35799978915059144,0.1298828125,0.18783500234371786,0.1883431171875145,556,567,1.0197841726618706,35,7.670743179680151,5,812,0.0,2755.6539215686275,565,599,4.6796875,0.19788633359382857,True
0.85,68,10762,1024,4416,552,34,586,4.578125,4.3125,3776,0.4609375,1220,0.3230932203389831,2883.708984375,33.095703125,13.531289303604463,0.16743711251870383,0.14892578125,0.18783500234371786,0.1883431171875145,552,563,1.019927536231884,136,6.605414273995078,7,790,0.0,2932.3912611717974,570,604,4.71875,0.19788633359382857,True
0.85,69,17898,1024,4882,611,34,645,5.0390625,4.767578125,3310,0.404052734375,616,0.18610271903323264,2018.234375,22.16015625,15.081087619706237,0.31160886393309967,0.0751953125,0.18783500234371786,0.1883431171875145,611,622,1.0180032733224222,181,13.017886178861788,4,449,0.0,2062.5469061876247,597,631,4.9296875,0.19788633359382857,True
0.85,70,43653,1024,3992,499,34,533,4.1640625,3.8984375,4200,0.5126953125,1255,0.2988095238095238,6595.2333984375,50.0380859375,9.938501914844052,0.24804071918967055,0.1531982421875,0.18783500234371786,0.1883431171875145,499,510,1.0220440881763526,91,6.252791068580542,6,930,0.0,6666.849950641658,506,540,4.21875,0.19788633359382857,True
0.85,71,14233,1024,6121,766,34,800,6.25,5.9775390625,2071,0.2528076171875,450,0.2172863351038146,2339.140625,23.64453125,14.44024029257265,0.39140728687983173,0.054931640625,0.18783500234371786,0.1883431171875145,766,777,1.014360313315927,90,18.015590200445434,3,363,0.0,2364.5409674234947,765,799,6.2421875,0.19788633359382857,True
0.85,72,39520,1024,5476,685,34,719,5.6171875,5.34765625,2716,0.33154296875,649,0.23895434462444773,3669.71875,34.5625,12.484475799955403,0.20879545097675678,0.0792236328125,0.18783500234371786,0.1883431171875145,685,696,1.0160583941605839,133,11.973765432098766,4,556,0.0,3727.968253968254,684,718,5.609375,0.19788633359382857,True
0.85,73,18138,1024,4401,551,34,585,4.5703125,4.2978515625,3791,0.4627685546875,1098,0.2896333421260881,1637.4970703125,23.5830078125,15.988998292106565,0.34238137057048723,0.134033203125,0.18783500234371786,0.1883431171875145,551,562,1.0199637023593466,154,7.3217866909753875,6,753,0.0,1668.4547263681593,579,613,4.7890625,0.19788633359382857,True
0.85,74,9212,1024,4174,522,34,556,4.34375,4.076171875,4018,0.490478515625,1270,0.3160776505724241,6279.2763671875,44.7236328125,10.151707629659283,0.19577852569635132,0.155029296875,0.18783500234371786,0.1883431171875145,522,533,1.0210727969348659,45,6.397951142631993,38,794,0.0,6310.087340529932,531,565,4.4140625,0.19788633359382857,True
0.85,75,6456,1024,4401,551,34,585,4.5703125,4.2978515625,3791,0.4627685546875,1429,0.3769453969928779,4474.9736328125,47.1943359375,11.62289880133917,0.08822912785818994,0.1744384765625,0.18783500234371786,0.1883431171875145,551,562,1.0199637023593466,27,5.714985994397759,5,1011,0.0,4488.122428991185,577,611,4.7734375,0.19788633359382857,True
0.85,76,22948,1024,4856,607,34,641,5.0078125,4.7421875,3336,0.4072265625,1024,0.3069544364508393,2271.62890625,37.267578125,14.567429744676026,0.24149078621967845,0.125,0.18783500234371786,0.1883431171875145,607,618,1.0181219110378912,70,7.932551319648094,4,846,0.0,2289.515748031496,616,650,5.078125,0.19788633359382857,True
0.85,77,7591,1024,6081,761,34,795,6.2109375,5.9384765625,2111,0.2576904296875,453,0.2145902415916627,2085.09765625,23.533203125,14.939539607536723,0.2654810799715792,0.0552978515625,0.18783500234371786,0.1883431171875145,761,772,1.014454664914586,18,17.504424778761063,3,395,0.0,2089.178082191781,777,811,6.3359375,0.19788633359382857,True
0.85,78,29996,1024,4046,506,34,540,4.21875,3.951171875,4146,0.506103515625,1409,0.33984563434635795,6799.65625,57.353515625,9.805934029413304,0.15136893515655417,0.1719970703125,0.18783500234371786,0.1883431171875145,506,517,1.0217391304347827,46,5.782670454545454,7,1016,0.0,6833.020608439647,512,546,4.265625,0.19788633359382857,True
0.85,79,10378,1024,2755,345,34,379,2.9609375,2.6904296875,5437,0.6636962890625,1885,0.34669854699282693,5545.763671875,48.388671875,10.691190023313414,0.07102627985206438,0.2301025390625,0.18783500234371786,0.1883431171875145,345,356,1.0318840579710145,78,4.305201698513801,5,1360,0.0,5594.937931034483,384,418,3.265625,0.19788633359382857,True
0.85,80,27337,1024,3788,474,34,508,3.96875,3.69921875,4404,0.53759765625,1137,0.25817438692098094,2707.833984375,29.580078125,13.80458326364403,0.21255703931234413,0.1387939453125,0.18783500234371786,0.1883431171875145,474,485,1.0232067510548524,42,7.171654929577465,4,880,0.0,2721.1207065750737,483,517,4.0390625,0.19788633359382857,True
0.85,81,19965,1024,4319,540,34,574,4.484375,4.2177734375,3873,0.4727783203125,1012,0.26129615285308544,3268.267578125,36.02734375,12.987627551905241,0.28913311889748744,0.12353515625,0.18783500234371786,0.1883431171875145,540,551,1.0203703703703704,33,8.034619188921859,4,773,0.0,3281.08431372549,551,585,4.5703125,0.19788633359382857,True
0.85,82,24405,1024,5772,722,34,756,5.90625,5.63671875,2420,0.29541015625,509,0.2103305785123967,1361.828125,19.23828125,16.78958061715722,0.4154265504579494,0.0621337890625,0.18783500234371786,0.1883431171875145,722,733,1.0152354570637119,57,16.001968503937007,3,389,0.0,1371.2015732546706,715,749,5.8515625,0.19788633359382857,True
0.85,83,45135,1024,5628,704,34,738,5.765625,5.49609375,2564,0.31298828125,702,0.27379095163806555,3060.515625,33.65234375,13.272857598022,0.5294435921583162,0.085693359375,0.18783500234371786,0.1883431171875145,704,715,1.015625,29,11.639087018544936,5,587,0.0,3069.5083251714004,694,728,5.6875,0.19788633359382857,True
0.85,84,11274,1024,4913,615,34,649,5.0703125,4.7978515625,3279,0.4002685546875,867,0.2644098810612992,2571.966796875,30.701171875,14.028150031581237,0.2639998362496337,0.1058349609375,0.18783500234371786,0.1883431171875145,615,626,1.0178861788617886,43,9.403002309468823,5,710,0.0,2584.586849852797,630,664,5.1875,0.19788633359382857,True
0.85,85,1941,1024,5626,704,34,738,5.765625,5.494140625,2566,0.313232421875,437,0.17030397505845674,806.265625,12.55078125,19.06602216746414,0.34687293749157116,0.0533447265625,0.18783500234371786,0.1883431171875145,704,715,1.015625,19,18.73165137614679,4,336,0.0,807.8434442270059,702,736,5.75,0.19788633359382857,True
0.85,86,48940,1024,5837,730,34,764,5.96875,5.7001953125,2355,0.2874755859375,554,0.23524416135881104,1467.703125,22.43359375,16.464421419452215,0.441534867596538,0.067626953125,0.18783500234371786,0.1883431171875145,730,741,1.015068493150685,10,14.786618444846292,5,490,0.0,1469.1378299120236,738,772,6.03125,0.19788633359382857,True
0.85,87,36794,1024,5599,700,34,734,5.734375,5.4677734375,2593,0.3165283203125,707,0.2726571538758195,4622.26953125,41.056640625,11.48225094644409,0.40074353640735644,0.0863037109375,0.18783500234371786,0.1883431171875145,700,711,1.0157142857142858,112,11.436260623229462,5,604,0.0,4686.340594059406,689,723,5.6484375,0.19788633359382857,True
0.85,88,21994,1024,4050,507,34,541,4.2265625,3.955078125,4142,0.505615234375,1474,0.355866731047803,6756.2275390625,57.1474609375,9.833760933710693,0.01310973894816898,0.179931640625,0.18783500234371786,0.1883431171875145,507,518,1.0216962524654833,51,5.524779361846572,5,1070,0.0,6796.0481335952845,540,574,4.484375,0.19788633359382857,True
0.85,89,49944,1024,4944,618,34,652,5.09375,4.828125,3248,0.396484375,986,0.30357142857142855,3051.0625,34.22265625,13.286292567564422,0.2384630203799033,0.120361328125,0.18783500234371786,0.1883431171875145,618,629,1.0177993527508091,48,8.216243654822335,5,688,0.0,3069.0451866404715,634,668,5.21875,0.19788633359382857,True
0.85,90,43442,1024,2018,253,34,287,2.2421875,1.970703125,6174,0.753662109375,622,0.1007450599287334,380.8330078125,6.1474609375,22.32345778063091,0.4975342410014092,0.075927734375,0.18783500234371786,0.1883431171875145,253,264,1.0434782608695652,188,12.011272141706923,6,427,0.0,389.5834165834166,234,268,2.09375,0.19788633359382857,True
0.85,91,45096,1024,4635,580,34,614,4.796875,4.5263671875,3557,0.4342041015625,699,0.196513916221535,1100.94140625,19.322265625,17.71316155083669,0.23666618707514248,0.0853271484375,0.18783500234371786,0.1883431171875145,580,591,1.0189655172413794,485,10.896848137535816,4,532,0.0,1169.4647302904564,577,611,4.7734375,0.19788633359382857,True
0.85,92,42430,1024,3468,434,34,468,3.65625,3.38671875,4724,0.57666015625,1157,0.2449195596951736,754.47265625,14.791015625,19.3543685625919,0.3101135267002352,0.1412353515625,0.18783500234371786,0.1883431171875145,434,445,1.0253456221198156,92,7.002595155709343,6,692,0.0,762.665350444225,449,483,3.7734375,0.19788633359382857,True
0.85,93,42255,1024,4940,618,34,652,5.09375,4.82421875,3252,0.39697265625,996,0.3062730627306273,3819.38671875,39.669921875,12.31086727287392,0.106980662653004,0.12158203125,0.18783500234371786,0.1883431171875145,618,629,1.0177993527508091,188,8.040201005025125,5,715,0.0,3907.1448551448552,624,658,5.140625,0.19788633359382857,True
0.85,94,5771,1024,62,8,34,42,0.328125,0.060546875,8130,0.992431640625,4613,0.5674046740467404,30722.390625,161.279296875,3.256253541031543,0.02765872229542123,0.5631103515625,0.18783500234371786,0.1883431171875145,8,16,2.0,23,1.7699479618386817,62,1893,0.0,30782.512720156556,12,46,0.359375,0.19788633359382857,True
0.85,95,8320,1024,6094,762,34,796,6.21875,5.951171875,2098,0.256103515625,385,0.18350810295519543,1632.640625,19.55078125,16.001897620195788,0.44430372829512554,0.0469970703125,0.18783500234371786,0.1883431171875145,762,773,1.0144356955380578,40,21.213541666666668,4,326,0.0,1640.6516192345437,762,796,6.21875,0.19788633359382857,True
0.85,96,48807,1024,5443,681,34,715,5.5859375,5.3154296875,2749,0.3355712890625,686,0.2495452891960713,3647.5625,34.0390625,12.510776187198111,0.34624517338546734,0.083740234375,0.18783500234371786,0.1883431171875145,681,692,1.0161527165932451,11,11.931386861313868,4,539,0.0,3651.128054740958,687,721,5.6328125,0.19788633359382857,True
0.85,97,2675,1024,2655,332,34,366,2.859375,2.5927734375,5537,0.6759033203125,1510,0.2727108542532057,2373.0986328125,27.1474609375,14.377645717462293,0.29753043292516057,0.184326171875,0.18783500234371786,0.1883431171875145,332,343,1.033132530120482,98,5.359840954274354,7,962,0.0,2401.23814229249,349,383,2.9921875,0.19788633359382857,True
0.85,98,37658,1024,2282,286,34,320,2.5,2.228515625,5910,0.721435546875,2016,0.3411167512690355,8072.5830078125,53.7412109375,9.060678414432415,0.24205440011696527,0.24609375,0.18783500234371786,0.1883431171875145,286,297,1.0384615384615385,26,4.050620347394541,15,1197,0.0,8096.30264446621,301,335,2.6171875,0.19788633359382857,True
0.85,99,45710,1024,5495,687,34,721,5.6328125,5.3662109375,2697,0.3292236328125,642,0.23804226918798665,2985.80078125,29.103515625,13.38019533530523,0.2924128007109846,0.078369140625,0.18783500234371786,0.1883431171875145,687,698,1.0160116448326055,17,12.60842433697348,4,512,0.0,2991.6438356164385,686,720,5.625,0.19788633359382857,True
0.85,100,15813,1024,4491,562,34,596,4.65625,4.3857421875,3701,0.4517822265625,777,0.2099432585787625,485.33203125,10.775390625,21.270414057651532,0.5811243520484771,0.0948486328125,0.18783500234371786,0.1883431171875145,562,573,1.019572953736655,74,10.425257731958762,6,453,0.0,489.6354679802956,567,601,4.6953125,0.19788633359382857,True
0.85,101,7135,1024,6006,751,34,785,6.1328125,5.865234375,2186,0.266845703125,416,0.19030192131747484,1514.9375,16.9765625,16.326856448381825,0.342260785430799,0.05078125,0.18783500234371786,0.1883431171875145,751,762,1.014647137150466,80,19.527710843373494,4,318,0.0,1529.877712031558,760,794,6.203125,0.19788633359382857,True
0.85,102,31775,1024,5450,682,34,716,5.59375,5.322265625,2742,0.334716796875,508,0.18526622902990517,1381.80078125,15.919921875,16.72634926976203,0.4145347979823874,0.06201171875,0.18783500234371786,0.1883431171875145,682,693,1.0161290322580645,64,15.73767258382643,5,358,0.0,1392.6811023622047,679,713,5.5703125,0.19788633359382857,True
0.85,103,31772,1024,5299,663,34,697,5.4453125,5.1748046875,2893,0.3531494140625,885,0.30591081921880403,7035.41796875,58.951171875,9.657904572308203,0.18769278004070794,0.1080322265625,0.18783500234371786,0.1883431171875145,663,674,1.0165912518853695,88,9.16289592760181,3,763,0.0,7111.814412635736,666,700,5.46875,0.19788633359382857,True
0.85,104,25160,1024,4812,602,34,636,4.96875,4.69921875,3380,0.41259765625,435,0.128698224852071,593.83203125,10.310546875,20.394167411681106,0.43473543800475467,0.0531005859375,0.18783500234371786,0.1883431171875145,602,613,1.0182724252491695,83,18.65668202764977,4,331,0.0,599.6883629191321,594,628,4.90625,0.19788633359382857,True
0.85,105,36108,1024,3989,499,34,533,4.1640625,3.8955078125,4203,0.5130615234375,1350,0.32119914346895073,3358.7265625,49.251953125,12.869057119625795,0.143295895684294,0.164794921875,0.18783500234371786,0.1883431171875145,499,510,1.0220440881763526,54,6.028169014084507,5,1045,0.0,3378.522593320236,505,539,4.2109375,0.19788633359382857,True
0.85,106,1260,1024,3438,430,34,464,3.625,3.357421875,4754,0.580322265625,1471,0.3094236432477913,4441.76953125,43.970703125,11.65524340177075,0.0709932317244577,0.1795654296875,0.18783500234371786,0.1883431171875145,430,441,1.0255813953488373,20,5.555102040816327,6,1104,0.0,4450.461839530332,458,492,3.84375,0.19788633359382857,True
0.85,107,37885,1024,5506,689,34,723,5.6484375,5.376953125,2686,0.327880859375,623,0.2319434102755026,3000.28125,30.1796875,13.359183929489708,0.229261436040049,0.0760498046875,0.18783500234371786,0.1883431171875145,689,700,1.0159651669085632,268,12.728295819935692,4,511,0.0,3100.1897073662967,700,734,5.734375,0.19788633359382857,True
0.85,108,41535,1024,73,10,34,44,0.34375,0.0712890625,8119,0.9910888671875,3572,0.4399556595639857,19370.0927734375,122.7158203125,5.2594866008191845,0.08916020708845332,0.43603515625,0.18783500234371786,0.1883431171875145,10,18,1.8,127,2.2514701764211704,11,1939,0.0,19658.05252725471,15,49,0.3828125,0.19788633359382857,True
0.85,109,44889,1024,3864,483,34,517,4.0390625,3.7734375,4328,0.5283203125,1407,0.32509242144177447,3050.736328125,33.140625,13.286756872106704,0.2405986925845668,0.1717529296875,0.18783500234371786,0.1883431171875145,483,494,1.0227743271221532,55,5.773826458036984,6,947,0.0,3068.7170923379176,496,530,4.140625,0.19788633359382857,True
0.85,110,28184,1024,6026,754,34,788,6.15625,5.884765625,2166,0.264404296875,245,0.11311172668513389,716.140625,10.12109375,19.58082049921987,0.5547005560454985,0.0299072265625,0.18783500234371786,0.1883431171875145,754,765,1.0145888594164456,9,33.47950819672131,3,210,0.0,716.8406647116325,730,764,5.96875,0.19788633359382857,True
0.85,111,25319,1024,5787,724,34,758,5.921875,5.6513671875,2405,0.2935791015625,546,0.22702702702702704,3025.8125,30.2265625,13.322383481980228,0.3588049831606032,0.066650390625,0.18783500234371786,0.1883431171875145,724,735,1.0151933701657458,27,14.96697247706422,4,458,0.0,3034.7032321253673,721,755,5.8984375,0.19788633359382857,True
0.85,112,11010,1024,3728,466,34,500,3.90625,3.640625,4464,0.544921875,1419,0.3178763440860215,3646.970703125,37.095703125,12.511480863181143,0.234262952634936,0.1732177734375,0.18783500234371786,0.1883431171875145,466,477,1.0236051502145922,40,5.745416078984485,5,1027,0.0,3664.865554465162,489,523,4.0859375,0.19788633359382857,True
0.85,113,33880,1024,5266,659,34,693,5.4140625,5.142578125,2926,0.357177734375,611,0.2088174982911825,1652.275390625,20.423828125,15.94997926442191,0.2933503017769864,0.0745849609375,0.18783500234371786,0.1883431171875145,659,670,1.0166919575113809,8,13.20983606557377,4,448,0.0,1653.8905180840666,660,694,5.421875,0.19788633359382857,True
0.85,114,19307,1024,4126,516,34,550,4.296875,4.029296875,4066,0.496337890625,1170,0.2877520905066404,2003.1220703125,34.0107421875,15.113729448505504,0.18899985396840902,0.142822265625,0.18783500234371786,0.1883431171875145,516,527,1.0213178294573644,161,6.86398631308811,6,891,0.0,2043.0249003984063,520,554,4.328125,0.19788633359382857,True
0.85,115,12236,1024,78,10,34,44,0.34375,0.076171875,8114,0.990478515625,2139,0.2636184372689179,6236.013671875,45.14453125,10.181733022001504,0.06896591134825367,0.2611083984375,0.18783500234371786,0.1883431171875145,10,18,1.8,31,3.782974742750234,7,1325,0.0,6254.336924583741,15,49,0.3828125,0.19788633359382857,True
0.85,116,13805,1024,3842,481,34,515,4.0234375,3.751953125,4350,0.531005859375,1233,0.28344827586206894,3732.3828125,38.72265625,12.410941800190214,0.15293593488952953,0.1505126953125,0.18783500234371786,0.1883431171875145,481,492,1.022869022869023,88,6.536525974025974,6,870,0.0,3772.9121421520235,483,517,4.0390625,0.19788633359382857,True
0.85,117,5814,1024,3490,437,34,471,3.6796875,3.408203125,4702,0.573974609375,1277,0.27158655891110167,2598.595703125,30.79296875,13.983416448759687,0.2906987659184768,0.1558837890625,0.18783500234371786,0.1883431171875145,437,448,1.0251716247139588,116,6.18730407523511,6,901,0.0,2634.6158415841583,454,488,3.8125,0.19788633359382857,True
0.85,118,48485,1024,5408,676,34,710,5.546875,5.28125,2784,0.33984375,660,0.23706896551724138,1964.84765625,23.935546875,15.19751477716178,0.4538426647209061,0.08056640625,0.18783500234371786,0.1883431171875145,676,687,1.0162721893491125,19,12.396054628224583,5,513,0.0,1968.692759295499,683,717,5.6015625,0.19788633359382857,True
0.85,119,12248,1024,77,10,34,44,0.34375,0.0751953125,8115,0.9906005859375,3371,0.4154035736290819,15001.412109375,96.599609375,6.36948218982606,0.04071727838591024,0.4114990234375,0.18783500234371786,0.1883431171875145,10,18,1.8,13,2.426112759643917,9,1891,0.0,15016.07624633431,16,50,0.390625,0.19788633359382857,True
0.85,120,458,1024,5504,688,34,722,5.640625,5.375,2688,0.328125,851,0.3165922619047619,4766.08203125,40.431640625,11.349188479492415,0.11562990367388636,0.1038818359375,0.18783500234371786,0.1883431171875145,688,699,1.0159883720930232,16,9.516470588235293,4,622,0.0,4775.409001956948,697,731,5.7109375,0.19788633359382857,True
0.85,121,319,1024,3948,494,34,528,4.125,3.85546875,4244,0.51806640625,1373,0.32351555136663523,7604.5341796875,55.4443359375,9.32007744633693,0.22140372425135965,0.1676025390625,0.18783500234371786,0.1883431171875145,494,505,1.0222672064777327,132,5.86661807580175,5,976,0.0,7725.241071428572,523,557,4.3515625,0.19788633359382857,True
0.85,122,21496,1024,4207,526,34,560,4.375,4.1083984375,3985,0.4864501953125,1394,0.34981179422835634,6896.0458984375,60.2158203125,9.744802174810976,0.19098828464300246,0.170166015625,0.18783500234371786,0.1883431171875145,526,537,1.020912547528517,44,5.8435032304379035,4,1085,0.0,6929.883218842002,551,585,4.5703125,0.19788633359382857,True
0.85,123,20390,1024,4502,563,34,597,4.6640625,4.396484375,3690,0.450439453125,911,0.24688346883468834,2197.796875,25.12109375,14.710928093332447,0.17213636661807194,0.1112060546875,0.18783500234371786,0.1883431171875145,563,574,1.019538188277087,59,8.932967032967033,5,631,0.0,2212.924287118977,572,606,4.734375,0.19788633359382857,True
0.85,124,33691,1024,3150,394,34,428,3.34375,3.076171875,5042,0.615478515625,1613,0.3199127330424435,2909.080078125,32.640625,13.493246846503645,0.2777293956237004,0.1968994140625,0.18783500234371786,0.1883431171875145,394,405,1.0279187817258884,101,5.016129032258065,6,1067,0.0,2943.575098814229,418,452,3.53125,0.19788633359382857,True
0.85,125,33872,1024,6201,776,34,810,6.328125,6.0556640625,1991,0.2430419921875,647,0.32496233048719236,3564.9375,36.7265625,12.610284406051466,0.2714864148179715,0.0789794921875,0.18783500234371786,0.1883431171875145,776,787,1.0141752577319587,27,12.630030959752322,3,576,0.0,3575.4123408423116,793,827,6.4609375,0.19788633359382857,True
0.85,126,46987,1024,3716,465,34,499,3.8984375,3.62890625,4476,0.54638671875,1485,0.33176943699731903,2074.7392578125,28.2099609375,14.961168362094678,0.10450370533021976,0.1812744140625,0.18783500234371786,0.1883431171875145,465,476,1.0236559139784946,181,5.390161725067386,6,997,0.0,2120.2924151696607,481,515,4.0234375,0.19788633359382857,True
0.85,127,26772,1024,5340,668,34,702,5.484375,5.21484375,2852,0.34814453125,506,0.1774193548387097,991.125,15.3125,18.16951930008481,0.4674407920056826,0.061767578125,0.18783500234371786,0.1883431171875145,668,679,1.0164670658682635,211,15.685148514851486,4,413,0.0,1016.9458917835672,666,700,5.46875,0.19788633359382857,True
0.85,128,7057,1024,3840,480,34,514,4.015625,3.75,4352,0.53125,1212,0.27849264705882354,2916.5927734375,33.2333984375,13.482045654777849,0.20188718653735754,0.14794921875,0.18783500234371786,0.1883431171875145,480,491,1.0229166666666667,99,6.677126341866226,5,889,0.0,2951.1768774703555,499,533,4.1640625,0.19788633359382857,True
0.85,129,30014,1024,4308,539,34,573,4.4765625,4.20703125,3884,0.47412109375,1537,0.39572605561277036,10375.65234375,84.681640625,7.970649494226183,0.22176838216024367,0.1876220703125,0.18783500234371786,0.1883431171875145,539,550,1.0204081632653061,18,5.31640625,6,1218,0.0,10395.956947162427,553,587,4.5859375,0.19788633359382857,True
0.85,130,48237,1024,5240,655,34,689,5.3828125,5.1171875,2952,0.3603515625,355,0.12025745257452575,610.296875,10.86328125,20.275392146926222,0.38199086945111355,0.0433349609375,0.18783500234371786,0.1883431171875145,655,666,1.016793893129771,85,22.641242937853107,3,315,0.0,616.3155818540434,640,674,5.265625,0.19788633359382857,True
0.85,131,4823,1024,4683,586,34,620,4.84375,4.5732421875,3509,0.4283447265625,1103,0.31433456825306355,4505.671875,39.640625,11.593207997707388,0.3044111492634089,0.1346435546875,0.18783500234371786,0.1883431171875145,586,597,1.0187713310580204,29,7.352087114337568,5,782,0.0,4518.910871694417,596,630,4.921875,0.19788633359382857,True
0.85,132,26627,1024,5329,667,34,701,5.4765625,5.2041015625,2863,0.3494873046875,820,0.28641285365001745,2446.1484375,29.67578125,14.245975534533494,0.21442468279171584,0.10009765625,0.18783500234371786,0.1883431171875145,667,678,1.0164917541229386,46,9.93040293040293,4,617,0.0,2458.1511285574093,675,709,5.5390625,0.19788633359382857,True
0.85,133,12293,1024,6118,765,34,799,6.2421875,5.974609375,2074,0.253173828125,599,0.2888138862102218,1865.203125,24.01953125,15.42354226458864,0.31350351723797115,0.0731201171875,0.18783500234371786,0.1883431171875145,765,776,1.0143790849673202,19,13.548494983277592,4,446,0.0,1868.853228962818,784,818,6.390625,0.19788633359382857,True
0.85,134,32803,1024,5064,633,34,667,5.2109375,4.9453125,3128,0.3818359375,393,0.12563938618925832,570.03125,11.0,20.57181695843591,0.3916755307216742,0.0479736328125,0.18783500234371786,0.1883431171875145,633,644,1.0173775671406002,34,20.06377551020408,5,328,0.0,572.2666666666667,615,649,5.0703125,0.19788633359382857,True
0.85,135,41882,1024,4523,566,34,600,4.6875,4.4169921875,3669,0.4478759765625,869,0.23684927773235215,3955.0869140625,36.3232421875,12.159243291952775,0.2343666371978325,0.1060791015625,0.18783500234371786,0.1883431171875145,566,577,1.019434628975265,117,9.298387096774194,4,688,0.0,4009.9099009900992,574,608,4.75,0.19788633359382857,True
0.85,136,10235,1024,5185,649,34,683,5.3359375,5.0634765625,3007,0.3670654296875,618,0.20552045227801796,1731.546875,19.59375,15.746461079634962,0.3029030586441775,0.075439453125,0.18333712109370026,0.18913315078134474,649,660,1.0169491525423728,25,13.176661264181524,4,471,0.0,1736.6346718903037,657,691,5.3984375,0.20265432734379374,True
0.85,137,30033,1024,5299,663,34,697,5.4453125,5.1748046875,2893,0.3531494140625,624,0.21569305219495333,2995.708984375,27.921875,13.365807389628914,0.44028575512579743,0.076171875,0.18333712109370026,0.18913315078134474,663,674,1.0165912518853695,20,13.102728731942214,5,510,0.0,3001.5714285714284,672,706,5.515625,0.20265432734379374,True
0.85,138,20042,1024,5872,734,34,768,6.0,5.734375,2320,0.283203125,626,0.26982758620689656,2799.625,30.0234375,13.659804978605196,0.4580873802598522,0.076416015625,0.18333712109370026,0.18913315078134474,734,745,1.0149863760217983,33,13.0416,4,489,0.0,2810.6039215686274,739,773,6.0390625,0.20265432734379374,True
0.85,139,29399,1024,5218,653,34,687,5.3671875,5.095703125,2974,0.363037109375,839,0.28211163416274376,2587.16015625,30.421875,14.002570466381476,0.26566580868455925,0.1024169921875,0.18333712109370026,0.18913315078134474,653,664,1.0168453292496171,11,9.761336515513127,5,633,0.0,2589.689149560117,665,699,5.4609375,0.20265432734379374,True
0.85,140,6463,1024,5912,739,34,773,6.0390625,5.7734375,2280,0.2783203125,587,0.2574561403508772,1110.546875,19.97265625,17.675434664893178,0.3070605005484699,0.0716552734375,0.18333712109370026,0.18913315078134474,739,750,1.0148849797023005,11,13.95221843003413,4,451,0.0,1111.6324535679375,762,796,6.21875,0.20265432734379374,True
0.85,141,25920,1024,4356,545,34,579,4.5234375,4.25390625,3836,0.46826171875,722,0.18821689259645463,1842.1123046875,22.3896484375,15.477642573635915,0.32434910607836337,0.088134765625,0.18333712109370026,0.18913315078134474,545,556,1.0201834862385322,70,11.135922330097088,4,624,0.0,1856.617125984252,542,576,4.5,0.20265432734379374,True
0.85,142,10327,1024,73,10,34,44,0.34375,0.0712890625,8119,0.9910888671875,4181,0.5149648971548221,21994.0673828125,140.1318359375,4.707748096077868,0.03871461804389571,0.5103759765625,0.18333712109370026,0.18913315078134474,10,18,1.8,12,1.955980861244019,9,2208,0.0,22015.566959921798,14,48,0.375,0.20265432734379374,True
0.85,143,3805,1024,5335,667,34,701,5.4765625,5.2099609375,2857,0.3487548828125,745,0.2607630381519076,2247.96875,25.9375,14.612900912470845,0.26093745807239527,0.0909423828125,0.18333712109370026,0.18913315078134474,667,678,1.0164917541229386,74,10.688172043010752,4,563,0.0,2267.9014778325122,674,708,5.53125,0.20265432734379374,True
0.85,144,37879,1024,3181,398,34,432,3.375,3.1064453125,5011,0.6116943359375,1447,0.2887647176212333,12124.9599609375,99.1298828125,7.294000477191855,0.3599209633632178,0.1766357421875,0.18333712109370026,0.18913315078134474,398,409,1.0276381909547738,35,5.63554633471646,6,1206,0.0,12172.508823529412,377,411,3.2109375,0.20265432734379374,True
0.85,145,22721,1024,4771,597,34,631,4.9296875,4.6591796875,3421,0.4176025390625,723,0.21134171294943,1063.4140625,16.9921875,17.863779617773087,0.47812694719640114,0.0882568359375,0.18333712109370026,0.18913315078134474,597,608,1.018425460636516,29,11.301939058171746,5,530,0.0,1066.5386875612146,587,621,4.8515625,0.20265432734379374,True
0.85,146,43932,1024,5587,699,34,733,5.7265625,5.4560546875,2605,0.3179931640625,631,0.2422264875239923,4266.01953125,35.556640625,11.830575214060048,0.6266181723659233,0.0770263671875,0.18333712109370026,0.18913315078134474,699,710,1.0157367668097281,35,12.934920634920635,3,516,0.0,4282.749019607843,694,728,5.6875,0.20265432734379374,True
0.85,147,47270,1024,5886,736,34,770,6.015625,5.748046875,2306,0.281494140625,536,0.23243712055507373,2268.546875,26.66015625,14.573326033432327,0.4826579541429599,0.0654296875,0.18333712109370026,0.18913315078134474,736,747,1.014945652173913,27,15.25233644859813,4,469,0.0,2275.212536728697,736,770,6.015625,0.20265432734379374,True
0.85,148,11091,1024,3803,476,34,510,3.984375,3.7138671875,4389,0.5357666015625,1540,0.3508771929824561,7909.646484375,69.228515625,9.149232873975542,0.06821193442680198,0.18798828125,0.18333712109370026,0.18913315078134474,476,487,1.023109243697479,17,5.310591293047433,6,1157,0.0,7925.125244618395,483,517,4.0390625,0.20265432734379374,True
0.85,149,9736,1024,5397,675,34,709,5.5390625,5.2705078125,2795,0.3411865234375,544,0.19463327370304115,1479.541015625,17.216796875,16.429533517546957,0.4707071143763387,0.06640625,0.18333712109370026,0.18913315078134474,675,686,1.0162962962962963,29,14.845303867403315,5,380,0.0,1483.8883447600392,674,708,5.53125,0.20265432734379374,True
0.85,150,23206,1024,2471,309,34,343,2.6796875,2.4130859375,5721,0.6983642578125,2214,0.3869952805453592,2229.7578125,34.634765625,14.648226666120301,0.19477873999431847,0.270263671875,0.18333712109370026,0.18913315078134474,309,320,1.035598705501618,29,3.683235427022142,6,1428,0.0,2236.309500489716,330,364,2.84375,0.20265432734379374,True
0.85,151,25039,1024,6475,810,34,844,6.59375,6.3232421875,1717,0.2095947265625,410,0.23878858474082704,1818.5625,21.6484375,15.533521294729542,0.3050690839483463,0.050048828125,0.18333712109370026,0.18913315078134474,810,821,1.0135802469135802,9,19.99511002444988,3,346,0.0,1820.340175953079,818,852,6.65625,0.20265432734379374,True
0.85,152,21014,1024,95,12,34,46,0.359375,0.0927734375,8097,0.9884033203125,2859,0.35309373842163766,17435.0517578125,96.3701171875,5.716571199044668,0.04537024833228613,0.3489990234375,0.18333712109370026,0.18913315078134474,12,20,1.6666666666666667,87,2.813156053184045,8,1539,0.0,17606.99506903353,17,51,0.3984375,0.20265432734379374,True
0.85,153,32412,1024,6001,751,34,785,6.1328125,5.8603515625,2191,0.2674560546875,568,0.25924235508900045,1850.75,23.015625,15.457326028136709,0.21879841236546813,0.0693359375,0.18333712109370026,0.18913315078134474,751,762,1.014647137150466,10,14.403880070546737,3,450,0.0,1852.5591397849462,759,793,6.1953125,0.20265432734379374,True
0.85,154,34022,1024,3723,466,34,500,3.90625,3.6357421875,4469,0.5455322265625,746,0.16692772432311478,1526.3251953125,17.0888671875,16.294332876136842,0.36664974300927494,0.091064453125,0.18333712109370026,0.18913315078134474,466,477,1.0236051502145922,69,10.834899328859061,7,515,0.0,1538.3435039370079,459,493,3.8515625,0.20265432734379374,True
0.85,155,21369,1024,3456,432,34,466,3.640625,3.375,4736,0.578125,1647,0.34776182432432434,4063.0439453125,40.7158203125,12.042288412479934,0.13784398750069102,0.2010498046875,0.18333712109370026,0.18913315078134474,432,443,1.025462962962963,260,4.8165249088699875,7,1136,0.0,4194.1098790322585,443,477,3.7265625,0.20265432734379374,True
0.85,156,41654,1024,5479,685,34,719,5.6171875,5.3505859375,2713,0.3311767578125,697,0.2569111684482123,2772.29296875,28.150390625,13.702412373854498,0.27455541128941513,0.0850830078125,0.18333712109370026,0.18913315078134474,685,696,1.0160583941605839,58,11.67816091954023,5,533,0.0,2791.3746312684366,690,724,5.65625,0.20265432734379374,True
0.85,157,11953,1024,73,10,34,44,0.34375,0.0712890625,8119,0.9910888671875,3875,0.4772755265426777,24350.09375,139.54296875,4.265797232421319,0.06439288486597348,0.4730224609375,0.18333712109370026,0.18913315078134474,10,19,1.9,14,2.1102219927723285,8,2020,0.0,24373.896383186704,14,48,0.375,0.20265432734379374,True
0.85,158,13700,1024,5397,675,34,709,5.5390625,5.2705078125,2795,0.3411865234375,593,0.21216457960644008,2349.859375,24.48828125,14.420384877403858,0.3562065397790076,0.0723876953125,0.18333712109370026,0.18913315078134474,675,686,1.0162962962962963,104,13.587837837837839,5,423,0.0,2380.0751730959446,676,710,5.546875,0.20265432734379374,True
0.85,159,38205,1024,3204,401,34,435,3.3984375,3.12890625,4988,0.60888671875,1658,0.3323977546110666,4118.8974609375,40.7548828125,11.982993804442259,0.13438197462086668,0.202392578125,0.18333712109370026,0.18913315078134474,401,412,1.027431421446384,77,4.894387447193724,7,1120,0.0,4155.419704433498,432,466,3.640625,0.20265432734379374,True
0.85,160,40129,1024,4582,573,34,607,4.7421875,4.474609375,3610,0.440673828125,487,0.13490304709141274,287.9921875,7.28515625,23.536996542602772,0.4748938114208964,0.0594482421875,0.18333712109370026,0.18913315078134474,573,584,1.019197207678883,81,15.940329218106996,5,329,0.0,290.8323471400395,558,592,4.625,0.20265432734379374,True
0.85,161,17080,1024,3875,485,34,519,4.0546875,3.7841796875,4317,0.5269775390625,1318,0.30530460968265,1793.9462890625,27.0068359375,15.592709247869092,0.2202539607014069,0.160888671875,0.18333712109370026,0.18913315078134474,485,496,1.022680412371134,70,6.10250569476082,7,826,0.0,1808.0718503937007,505,539,4.2109375,0.20265432734379374,True
0.85,162,1505,1024,4412,552,34,586,4.578125,4.30859375,3780,0.46142578125,1473,0.3896825396825397,7201.3359375,58.078125,9.55667289927638,0.19095050896355745,0.1798095703125,0.18333712109370026,0.18913315078134474,552,563,1.019927536231884,62,5.519021739130435,5,1057,0.0,7250.902654867256,577,611,4.7734375,0.20265432734379374,True
0.85,163,36391,1024,5591,699,34,733,5.7265625,5.4599609375,2601,0.3175048828125,703,0.2702806612841215,1752.234375,24.33984375,15.694881648797761,0.4868778954340441,0.0858154296875,0.18333712109370026,0.18913315078134474,699,710,1.0157367668097281,11,11.635327635327636,4,539,0.0,1753.9472140762464,702,736,5.75,0.20265432734379374,True
0.85,164,24660,1024,5446,681,34,715,5.5859375,5.318359375,2746,0.335205078125,781,0.2844136926438456,3371.890625,36.18359375,12.85206882023554,0.11592812902588871,0.0953369140625,0.18333712109370026,0.18913315078134474,681,692,1.0161527165932451,92,10.376923076923077,4,574,0.0,3408.5054294175716,681,715,5.5859375,0.20265432734379374,True
0.85,165,24061,1024,3156,395,34,429,3.3515625,3.08203125,5036,0.61474609375,1557,0.30917394757744243,3577.37109375,39.521484375,12.595163674316773,0.12844701926934676,0.1900634765625,0.18333712109370026,0.18913315078134474,395,406,1.0278481012658227,164,5.147814910025707,5,1114,0.0,3648.633466135458,431,465,3.6328125,0.20265432734379374,True
0.85,166,10964,1024,3993,500,34,534,4.171875,3.8994140625,4199,0.5125732421875,873,0.2079066444391522,1166.0673828125,18.2138671875,17.463567134139563,0.3876134911279868,0.1065673828125,0.18333712109370026,0.18913315078134474,500,511,1.022,38,9.228211009174313,5,637,0.0,1170.6401960784315,506,540,4.21875,0.20265432734379374,True
0.85,167,20807,1024,5899,738,34,772,6.03125,5.7607421875,2293,0.2799072265625,775,0.3379851722634104,5380.25390625,44.958984375,10.822775893871517,0.20571882070800065,0.0946044921875,0.18333712109370026,0.18913315078134474,738,749,1.0149051490514904,9,10.5671834625323,5,589,0.0,5385.513196480939,741,775,6.0546875,0.20265432734379374,True
0.85,168,33388,1024,6383,798,34,832,6.5,6.2333984375,1809,0.2208251953125,449,0.24820342730790493,2646.0625,27.6484375,13.904802628590007,0.36073871611490105,0.0548095703125,0.18333712109370026,0.18913315078134474,798,809,1.0137844611528821,18,18.125,3,395,0.0,2651.2407045009786,807,841,6.5703125,0.20265432734379374,True
0.85,169,34571,1024,4059,508,34,542,4.234375,3.9638671875,4133,0.5045166015625,1174,0.2840551657391725,6935.638671875,51.50390625,9.719939013851084,0.28974122741700636,0.143310546875,0.18333712109370026,0.18913315078134474,508,519,1.0216535433070866,44,6.855924978687127,4,881,0.0,6969.670264965653,530,564,4.40625,0.20265432734379374,True
0.85,170,21194,1024,4511,564,34,598,4.671875,4.4052734375,3681,0.4493408203125,1393,0.3784297745177941,6119.443359375,50.744140625,10.263684414913737,0.24264555173719046,0.1700439453125,0.18333712109370026,0.18913315078134474,564,575,1.0195035460992907,18,5.868534482758621,8,924,0.0,6131.41878669276,574,608,4.75,0.20265432734379374,True
0.85,171,32696,1024,5202,651,34,685,5.3515625,5.080078125,2990,0.364990234375,604,0.2020066889632107,1673.201171875,19.4140625,15.895322007884667,0.5519401513902725,0.07373046875,0.18333712109370026,0.18913315078134474,651,662,1.0168970814132103,9,13.524046434494196,5,451,0.0,1674.8367546432062,649,683,5.3359375,0.20265432734379374,True
0.85,172,46005,1024,3276,410,34,444,3.46875,3.19921875,4916,0.60009765625,809,0.1645646867371847,231.9775390625,8.3466796875,24.4763442396598,0.5116577579226402,0.0987548828125,0.18333712109370026,0.18913315078134474,410,421,1.026829268292683,276,9.691831683168317,5,630,0.0,239.94444444444446,413,447,3.4921875,0.20265432734379374,True
0.85,173,19269,1024,2626,329,34,363,2.8359375,2.564453125,5566,0.679443359375,1050,0.18864534674811353,756.232421875,11.666015625,19.344250679795024,0.5344747200151797,0.128173828125,0.18333712109370026,0.18913315078134474,329,340,1.033434650455927,98,7.6129647283126785,4,793,0.0,765.199604743083,331,365,2.8515625,0.20265432734379374,True
0.85,174,5503,1024,6356,795,34,829,6.4765625,6.20703125,1836,0.22412109375,475,0.2587145969498911,3030.3515625,28.296875,13.315873453039337,0.5273020935346875,0.0579833984375,0.18333712109370026,0.18913315078134474,795,806,1.0138364779874214,9,17.234177215189874,4,410,0.0,3033.3137829912025,804,838,6.546875,0.20265432734379374,True
0.85,175,32979,1024,3880,485,34,519,4.0546875,3.7890625,4312,0.5263671875,1573,0.3647959183673469,7942.8974609375,69.0126953125,9.131014048193965,0.005949402413271769,0.1920166015625,0.18333712109370026,0.18913315078134474,485,496,1.022680412371134,9,5.198473282442748,5,1238,0.0,7950.661779081134,504,538,4.203125,0.20265432734379374,True
0.85,176,32764,1024,5877,735,34,769,6.0078125,5.7392578125,2315,0.2825927734375,598,0.25831533477321816,3156.21875,29.53515625,13.139132653718262,0.3715714178868913,0.072998046875,0.18333712109370026,0.18913315078134474,735,746,1.014965986394558,27,13.663316582914574,4,473,0.0,3165.492654260529,741,775,6.0546875,0.20265432734379374,True
0.85,177,36396,1024,4685,586,34,620,4.84375,4.5751953125,3507,0.4281005859375,576,0.16424294268605646,542.9228515625,9.6923828125,20.783422394210405,0.3997447571070601,0.0703125,0.18333712109370026,0.18913315078134474,586,597,1.0187713310580204,44,14.163478260869566,6,382,0.0,545.5868498527968,582,616,4.8125,0.20265432734379374,True
0.85,178,16139,1024,2060,258,34,292,2.28125,2.01171875,6132,0.74853515625,1377,0.224559686888454,1042.8359375,14.666015625,17.948643717538463,0.5121377629000764,0.1680908203125,0.18333712109370026,0.18913315078134474,258,269,1.0426356589147288,53,5.909883720930233,5,859,0.0,1048.9823182711198,244,278,2.171875,0.20265432734379374,True
0.85,179,32110,1024,74,10,34,44,0.34375,0.072265625,8118,0.990966796875,3207,0.3950480413895048,18571.2861328125,108.1435546875,5.442383795276027,0.08362378195419988,0.3914794921875,0.18333712109370026,0.18913315078134474,10,18,1.8,14,2.5505302557704304,9,1653,0.0,18589.43988269795,14,48,0.375,0.20265432734379374,True
0.85,180,37930,1024,4626,579,34,613,4.7890625,4.517578125,3566,0.435302734375,1099,0.30818844643858667,2445.4765625,33.24609375,14.247168559783239,0.28833487167143673,0.1341552734375,0.18333712109370026,0.18913315078134474,579,590,1.0189982728842832,77,7.372495446265938,5,858,0.0,2467.160591133005,602,636,4.96875,0.20265432734379374,True
0.85,181,5624,1024,5909,739,34,773,6.0390625,5.7705078125,2283,0.2786865234375,312,0.1366622864651774,737.9375,10.2734375,19.45060780284095,0.583738468299057,0.0380859375,0.18333712109370026,0.18913315078134474,739,750,1.0148849797023005,248,25.4983922829582,3,223,0.0,760.9748237663646,729,763,5.9609375,0.20265432734379374,True
0.85,182,37946,1024,3798,475,34,509,3.9765625,3.708984375,4394,0.536376953125,1584,0.3604915794264907,6055.1953125,57.95703125,10.309522048383881,0.0536669484569172,0.193359375,0.18333712109370026,0.18913315078134474,475,486,1.023157894736842,28,5.152874289324068,5,1151,0.0,6072.987267384917,497,531,4.1484375,0.20265432734379374,True
0.85,183,6616,1024,5717,715,34,749,5.8515625,5.5830078125,2475,0.3021240234375,619,0.2501010101010101,2099.609375,24.439453125,14.909418575921169,0.38551535643668056,0.0755615234375,0.18333712109370026,0.18913315078134474,715,726,1.0153846153846153,18,13.218446601941748,5,521,0.0,2103.7181996086106,723,757,5.9140625,0.20265432734379374,True
0.85,184,11706,1024,3074,385,34,419,3.2734375,3.001953125,5118,0.624755859375,1903,0.37182493161391167,5677.5458984375,54.4638671875,10.589197070368929,0.2137458839599567,0.2322998046875,0.18333712109370026,0.18913315078134474,385,396,1.0285714285714285,166,4.218717139852787,7,1360,0.0,5790.644422310757,422,456,3.5625,0.20265432734379374,True
0.85,185,10558,1024,58,8,34,42,0.328125,0.056640625,8134,0.992919921875,3028,0.3722645684779936,10755.7509765625,72.0048828125,7.81439622240106,0.11449006625596526,0.36962890625,0.18333712109370026,0.18913315078134474,8,16,2.0,108,2.6597291047241494,8,1695,0.0,10894.05440158259,11,45,0.3515625,0.20265432734379374,True
0.85,186,18351,1024,87,11,34,45,0.3515625,0.0849609375,8105,0.9893798828125,2543,0.3137569401603948,9681.3564453125,70.1005859375,8.271441507244532,0.038338109582471684,0.3104248046875,0.18333712109370026,0.18913315078134474,11,20,1.8181818181818181,71,3.188040912667191,8,1464,0.0,9757.587598425196,16,50,0.390625,0.20265432734379374,True
0.85,187,15023,1024,46,6,34,40,0.3125,0.044921875,8146,0.994384765625,3840,0.47139700466486617,17646.4140625,124.34765625,5.66423895398644,0.14307872094015534,0.46875,0.18333712109370026,0.18913315078134474,6,14,2.3333333333333335,14,2.128939828080229,8,1959,0.0,17663.663734115347,10,44,0.34375,0.20265432734379374,True
0.85,188,9490,1024,4449,557,34,591,4.6171875,4.3447265625,3743,0.4569091796875,733,0.1958322201442693,866.6640625,17.47265625,18.752295725901153,0.5334413884481535,0.0894775390625,0.18333712109370026,0.18913315078134474,557,568,1.0197486535008977,53,11.09016393442623,5,603,0.0,871.7721021611002,560,594,4.640625,0.20265432734379374,True
0.85,189,6355,1024,5093,637,34,671,5.2421875,4.9736328125,3099,0.3782958984375,916,0.29557921910293644,2938.015625,41.56640625,13.450262597359206,0.17578633182970949,0.11181640625,0.18333712109370026,0.18913315078134474,637,648,1.0172684458398744,8,8.936612021857924,3,805,0.0,2940.887585532747,635,669,5.2265625,0.20265432734379374,True
0.85,190,8857,1024,3284,411,34,445,3.4765625,3.20703125,4908,0.59912109375,1022,0.20823145884270577,4535.697265625,42.859375,11.564363009301754,0.23694983103290534,0.124755859375,0.18333712109370026,0.18913315078134474,411,422,1.02676399026764,238,7.78256611165524,4,835,0.0,4667.893467336683,399,433,3.3828125,0.20265432734379374,True
0.85,191,31811,1024,3183,398,34,432,3.375,3.1083984375,5009,0.6114501953125,1944,0.38810141744859256,6960.294921875,65.9921875,9.704527189255522,0.1475858591172314,0.2373046875,0.18333712109370026,0.18913315078134474,398,409,1.0276381909547738,37,4.195059186824499,5,1395,0.0,6987.590196078431,422,456,3.5625,0.20265432734379374,True
0.85,192,10400,1024,6091,762,34,796,6.21875,5.9482421875,2101,0.2564697265625,303,0.14421703950499762,1224.1875,13.3515625,17.252324201997094,0.39953821728812516,0.0369873046875,0.18333712109370026,0.18913315078134474,762,773,1.0144356955380578,58,26.91390728476821,4,230,0.0,1232.613569321534,756,790,6.171875,0.20265432734379374,True
0.85,193,275,1024,5299,663,34,697,5.4453125,5.1748046875,2893,0.3531494140625,437,0.15105426892499135,805.2109375,13.359375,19.071706954167745,0.7280586628354276,0.0533447265625,0.18333712109370026,0.18913315078134474,663,674,1.0165912518853695,25,18.720183486238533,4,347,0.0,807.5768854064643,647,681,5.3203125,0.20265432734379374,True
0.85,194,26152,1024,75,10,34,44,0.34375,0.0732421875,8117,0.9908447265625,3649,0.44955032647529874,18286.634765625,117.3203125,5.509465699452988,0.05265581460040085,0.4454345703125,0.18333712109370026,0.18913315078134474,10,18,1.8,287,2.166392543859649,8,1897,0.0,18933.78564206269,12,46,0.359375,0.20265432734379374,True
0.85,195,13037,1024,83,11,34,45,0.3515625,0.0810546875,8109,0.9898681640625,3052,0.37637193242076705,15890.5244140625,93.6533203125,6.1194213097485015,0.04801412903372496,0.37255859375,0.18333712109370026,0.18913315078134474,11,20,1.8181818181818181,14,2.680104883644707,14,1470,0.0,15906.057673509287,15,49,0.3828125,0.20265432734379374,True
0.85,196,41203,1024,6009,752,34,786,6.140625,5.8681640625,2183,0.2664794921875,437,0.20018323408153918,1554.6875,20.2421875,16.21437254106072,0.3830568147534041,0.0533447265625,0.18333712109370026,0.18913315078134474,752,763,1.014627659574468,52,18.65366972477064,3,373,0.0,1563.8506876227898,758,792,6.1875,0.20265432734379374,True
0.85,197,43709,1024,3480,435,34,469,3.6640625,3.3984375,4712,0.5751953125,875,0.18569609507640067,1946.078125,20.96875,15.23920089901997,0.33774643277290156,0.1068115234375,0.18333712109370026,0.18913315078134474,435,446,1.025287356321839,133,9.187643020594965,6,657,0.0,1976.968253968254,453,487,3.8046875,0.20265432734379374,True
0.85,198,43572,1024,4724,591,34,625,4.8828125,4.61328125,3468,0.42333984375,968,0.279123414071511,3603.8486328125,36.6064453125,12.563138192142702,0.10183015835885069,0.1181640625,0.18333712109370026,0.18913315078134474,591,602,1.0186125211505923,20,8.44364012409514,4,731,0.0,3610.9011741682975,592,626,4.890625,0.20265432734379374,True
0.85,199,23390,1024,5783,723,34,757,5.9140625,5.6474609375,2409,0.2940673828125,479,0.19883769198837692,1059.0,17.015625,17.881844007604254,0.30836259103587355,0.0584716796875,0.18333712109370026,0.18913315078134474,723,734,1.0152143845089903,416,16.069037656903767,4,365,0.0,1115.6543209876543,728,762,5.953125,0.20265432734379374,True
0.9,0,712,1024,6033,755,34,789,6.1640625,5.8916015625,2159,0.2635498046875,349,0.1616489115331172,1635.75,16.453125,15.9936343189751,0.6111072688922479,0.0426025390625,0.18333712109370026,0.18913315078134474,755,766,1.014569536423841,28,23.442528735632184,6,259,0.0,1640.556317335945,716,750,5.859375,0.20265432734379374,True
0.9,1,24774,1024,5465,684,34,718,5.609375,5.3369140625,2727,0.3328857421875,542,0.19875320865419877,1269.98828125,19.263671875,17.092806473229306,0.572601919101066,0.066162109375,0.18333712109370026,0.18913315078134474,684,695,1.0160818713450293,88,14.966728280961183,6,435,0.0,1283.7788746298124,668,702,5.484375,0.20265432734379374,True
0.9,2,45142,1024,6488,811,34,845,6.6015625,6.3359375,1704,0.2080078125,226,0.13262910798122066,801.5,11.9375,19.091768341777467,0.5654102607712624,0.027587890625,0.18333712109370026,0.18913315078134474,811,822,1.0135635018495683,90,35.55111111111111,2,216,0.0,810.2033563672261,790,824,6.4375,0.20265432734379374,True
0.9,3,27119,1024,129,17,34,51,0.3984375,0.1259765625,8063,0.9842529296875,2484,0.3080739178965646,13507.880859375,72.720703125,6.824931394008491,0.0720269376355648,0.30322265625,0.18333712109370026,0.18913315078134474,17,26,1.5294117647058822,12,3.2939991945227547,35,1193,0.0,13521.08504398827,23,57,0.4453125,0.20265432734379374,True
0.9,4,21139,1024,5702,713,34,747,5.8359375,5.568359375,2490,0.303955078125,296,0.11887550200803212,1731.11328125,16.447265625,15.747548725349525,0.48109775201423716,0.0361328125,0.18333712109370026,0.18913315078134474,713,724,1.0154277699859748,100,26.894915254237286,3,249,0.0,1751.6403162055335,674,708,5.53125,0.20265432734379374,True
0.9,5,19129,1024,5770,722,34,756,5.90625,5.634765625,2422,0.295654296875,229,0.09454995871180842,526.578125,8.56640625,20.91617547095044,0.7885964782985352,0.0279541015625,0.18333712109370026,0.18913315078134474,722,733,1.0152354570637119,81,34.776315789473685,4,193,0.0,531.7712031558185,679,713,5.5703125,0.20265432734379374,True
0.9,6,6433,1024,5191,649,34,683,5.3359375,5.0693359375,3001,0.3663330078125,324,0.10796401199600134,1310.69921875,13.646484375,16.9557732030239,0.3045292395512588,0.03955078125,0.18333712109370026,0.18913315078134474,649,660,1.0169491525423728,190,23.91640866873065,4,260,0.0,1340.815184815185,610,644,5.03125,0.20265432734379374,True
0.9,7,38854,1024,5821,728,34,762,5.953125,5.6845703125,2371,0.2894287109375,434,0.1830451286377056,2671.1015625,25.27734375,13.86389959482721,0.49895263095479797,0.052978515625,0.18333712109370026,0.18913315078134474,728,739,1.01510989010989,45,18.69284064665127,4,373,0.0,2684.208047105005,700,734,5.734375,0.20265432734379374,True
0.9,8,22489,1024,6254,782,34,816,6.375,6.107421875,1938,0.236572265625,238,0.12280701754385964,1788.015625,16.74609375,15.607090512057578,0.6475812482644496,0.029052734375,0.18333712109370026,0.18913315078134474,782,793,1.014066496163683,74,32.037974683544306,3,214,0.0,1803.8699507389163,732,766,5.984375,0.20265432734379374,True
0.9,9,31104,1024,4844,606,34,640,5.0,4.73046875,3348,0.40869140625,580,0.17323775388291518,1581.01171875,18.873046875,16.141452718530967,0.5351816762899542,0.07080078125,0.18333712109370026,0.18913315078134474,606,617,1.018151815181518,114,13.94300518134715,4,466,0.0,1602.9267326732672,583,617,4.8203125,0.20265432734379374,True
0.9,10,21349,1024,6084,761,34,795,6.2109375,5.94140625,2108,0.25732421875,254,0.1204933586337761,659.25,9.578125,19.940302224024386,0.5212242229954055,0.031005859375,0.18333712109370026,0.18913315078134474,761,772,1.014454664914586,72,32.07509881422925,4,194,0.0,665.095566502463,750,784,6.125,0.20265432734379374,True
0.9,11,29116,1024,5105,639,34,673,5.2578125,4.9853515625,3087,0.3768310546875,519,0.16812439261418854,1596.61328125,16.509765625,16.09880623287508,0.692252137134554,0.0633544921875,0.18333712109370026,0.18913315078134474,639,650,1.0172143974960877,53,15.501930501930502,5,399,0.0,1606.0235756385068,627,661,5.1640625,0.20265432734379374,True
0.9,12,10772,1024,6467,809,34,843,6.5859375,6.3154296875,1725,0.2105712890625,261,0.15130434782608695,1522.140625,14.83203125,16.306255837025475,0.6976056729052075,0.0318603515625,0.18333712109370026,0.18913315078134474,809,820,1.0135970333745365,24,31.388461538461538,4,224,0.0,1526.6131243878551,788,822,6.421875,0.20265432734379374,True
0.9,13,18332,1024,6532,817,34,851,6.6484375,6.37890625,1660,0.20263671875,270,0.16265060240963855,1947.5,18.890625,15.236028945233082,0.47293794451634114,0.032958984375,0.18333712109370026,0.18913315078134474,817,828,1.0134638922888617,19,28.87360594795539,3,249,0.0,1951.3111545988259,789,823,6.4296875,0.20265432734379374,True
0.9,14,1003,1024,6269,784,34,818,6.390625,6.1220703125,1923,0.2347412109375,330,0.17160686427457097,1400.5625,17.0078125,16.66777866916125,0.4973834422440236,0.040283203125,0.18333712109370026,0.18913315078134474,784,795,1.0140306122448979,187,23.996960486322187,3,276,0.0,1432.7432567432568,763,797,6.2265625,0.20265432734379374,True
0.9,15,22156,1024,6408,801,34,835,6.5234375,6.2578125,1784,0.2177734375,171,0.09585201793721973,686.265625,8.39453125,19.765881152144566,0.8067095125018608,0.0208740234375,0.18333712109370026,0.18913315078134474,801,812,1.013732833957553,17,47.07058823529412,3,155,0.0,687.6086105675147,764,798,6.234375,0.20265432734379374,True
0.9,16,26453,1024,5535,692,34,726,5.671875,5.4052734375,2657,0.3243408203125,206,0.07753105005645465,497.8671875,6.640625,21.159668563182347,0.6849212075900278,0.025146484375,0.18333712109370026,0.18913315078134474,692,703,1.0158959537572254,36,39.765853658536585,3,182,0.0,499.81960784313725,654,688,5.375,0.20265432734379374,True
0.9,17,17039,1024,5718,715,34,749,5.8515625,5.583984375,2474,0.302001953125,254,0.1026677445432498,501.5625,9.3203125,21.12755302446925,0.5365378523287395,0.031005859375,0.18333712109370026,0.18913315078134474,715,726,1.0153846153846153,10,32.00790513833992,3,223,0.0,502.0527859237537,691,725,5.6640625,0.20265432734379374,True
0.9,18,7166,1024,5790,724,34,758,5.921875,5.654296875,2402,0.293212890625,422,0.17568692756036636,2631.109375,24.51171875,13.92941458821113,0.5393815667753845,0.051513671875,0.18333712109370026,0.18913315078134474,724,735,1.0151933701657458,9,19.42042755344418,3,373,0.0,2633.6813294232647,701,735,5.7421875,0.20265432734379374,True
0.9,19,48310,1024,3936,492,34,526,4.109375,3.84375,4256,0.51953125,1316,0.3092105263157895,3652.4287109375,40.3642578125,12.504986128525708,0.32893967472559676,0.16064453125,0.18333712109370026,0.18913315078134474,492,503,1.0223577235772359,244,6.0418250950570345,6,987,0.0,3762.662977867203,475,509,3.9765625,0.20265432734379374,True
0.9,20,12187,1024,4524,566,34,600,4.6875,4.41796875,3668,0.44775390625,551,0.15021810250817885,2327.6875,23.45703125,14.461556864946232,0.23683485620406794,0.0672607421875,0.18333712109370026,0.18913315078134474,566,577,1.019434628975265,250,14.056363636363637,5,434,0.0,2400.354481369587,547,581,4.5390625,0.20265432734379374,True
0.9,21,20284,1024,4752,594,34,628,4.90625,4.640625,3440,0.419921875,381,0.11075581395348837,1883.53125,18.640625,15.381075308123119,0.4375194058941144,0.0465087890625,0.18333712109370026,0.18913315078134474,594,605,1.0185185185185186,54,21.278947368421054,3,342,0.0,1894.632612966601,564,598,4.671875,0.20265432734379374,True
0.9,22,1052,1024,6125,766,34,800,6.25,5.9814453125,2067,0.2523193359375,271,0.13110788582486696,1508.1875,15.2265625,16.34625023874349,0.5946206006954644,0.0330810546875,0.18333712109370026,0.18913315078134474,766,777,1.014360313315927,34,29.511111111111113,5,242,0.0,1514.1019607843136,728,762,5.953125,0.20265432734379374,True
0.9,23,13752,1024,4028,504,34,538,4.203125,3.93359375,4164,0.50830078125,425,0.10206532180595582,585.8125,8.5625,20.45321726497569,0.470562650992963,0.0518798828125,0.18333712109370026,0.18913315078134474,504,515,1.0218253968253967,26,19.06132075471698,4,305,0.0,587.5337904015671,479,513,4.0078125,0.20265432734379374,True
0.9,24,37139,1024,6119,765,34,799,6.2421875,5.9755859375,2073,0.2530517578125,271,0.13072841292812348,1100.36328125,12.822265625,17.715442711682336,0.6776303457032963,0.0330810546875,0.18333712109370026,0.18913315078134474,765,776,1.0143790849673202,44,29.2,3,233,0.0,1105.7625122669283,720,754,5.890625,0.20265432734379374,True
0.9,25,29727,1024,6979,873,34,907,7.0859375,6.8154296875,1213,0.1480712890625,162,0.13355317394888705,1167.140625,10.79296875,17.45957174932098,0.7810778631537969,0.019775390625,0.18333712109370026,0.18913315078134474,873,884,1.0126002290950744,17,48.453416149068325,2,153,0.0,1169.4246575342465,829,863,6.7421875,0.20265432734379374,True
0.9,26,41854,1024,5847,731,34,765,5.9765625,5.7099609375,2345,0.2862548828125,91,0.03880597014925373,202.0625,3.3984375,25.07594638912279,0.792969228225557,0.0111083984375,0.18333712109370026,0.18913315078134474,731,742,1.015047879616963,184,87.41111111111111,3,79,0.0,206.7052947052947,679,713,5.5703125,0.20265432734379374,True
0.9,27,40333,1024,6558,820,34,854,6.671875,6.404296875,1634,0.199462890625,197,0.12056303549571604,928.5625,11.1171875,18.45269220167868,0.7194630171720767,0.0240478515625,0.18333712109370026,0.18913315078134474,820,831,1.0134146341463415,8,40.94897959183673,3,186,0.0,929.4701857282503,796,830,6.484375,0.20265432734379374,True
0.9,28,33248,1024,3488,436,34,470,3.671875,3.40625,4704,0.57421875,1126,0.23937074829931973,1955.7490234375,25.6943359375,15.217672388056886,0.390856557799771,0.137451171875,0.18333712109370026,0.18913315078134474,436,447,1.025229357798165,375,6.796444444444444,6,716,0.0,2047.7372188139059,421,455,3.5546875,0.20265432734379374,True
0.9,29,9680,1024,6129,767,34,801,6.2578125,5.9853515625,2063,0.2518310546875,355,0.17207949587978671,3244.9375,28.0546875,13.018740244977838,0.7287300390534759,0.0433349609375,0.18333712109370026,0.18913315078134474,767,778,1.014341590612777,17,23.070621468926554,4,318,0.0,3251.2876712328766,731,765,5.9765625,0.20265432734379374,True
0.9,30,16805,1024,6367,796,34,830,6.484375,6.2177734375,1825,0.2227783203125,329,0.18027397260273972,1418.42578125,16.583984375,16.612737444842594,0.37751986433178064,0.0401611328125,0.18333712109370026,0.18913315078134474,796,807,1.013819095477387,19,24.899390243902438,3,295,0.0,1421.20156555773,783,817,6.3828125,0.20265432734379374,True
0.9,31,14652,1024,5031,629,34,663,5.1796875,4.9130859375,3161,0.3858642578125,382,0.12084783296425182,793.1015625,10.83203125,19.137515553800437,0.37481728976915757,0.046630859375,0.18333712109370026,0.18913315078134474,629,640,1.0174880763116056,132,21.123359580052494,4,266,0.0,805.6904761904761,594,628,4.90625,0.20265432734379374,True
0.9,32,15793,1024,5400,675,34,709,5.5390625,5.2734375,2792,0.3408203125,172,0.06160458452722063,648.859375,7.12890625,20.00929776978282,0.7463774599534864,0.02099609375,0.18333712109370026,0.18913315078134474,675,686,1.0162962962962963,100,47.30409356725146,2,159,0.0,656.5533596837945,621,655,5.1171875,0.20265432734379374,True
0.9,33,30210,1024,4212,527,34,561,4.3828125,4.11328125,3980,0.48583984375,437,0.10979899497487437,750.296875,9.65234375,19.37847223258319,0.6921806136883312,0.0533447265625,0.18333712109370026,0.18913315078134474,527,538,1.0208728652751422,35,18.405963302752294,5,349,0.0,753.2392156862745,495,529,4.1328125,0.20265432734379374,True
0.9,34,47426,1024,5910,739,34,773,6.0390625,5.771484375,2282,0.278564453125,476,0.2085889570552147,2880.4892578125,25.8037109375,13.536141009135765,0.6915770422490648,0.05810546875,0.18333712109370026,0.18913315078134474,739,750,1.0148849797023005,10,17.218947368421052,5,382,0.0,2883.3049853372436,736,770,6.015625,0.20265432734379374,True
0.9,35,20875,1024,5896,737,34,771,6.0234375,5.7578125,2296,0.2802734375,233,0.1014808362369338,760.21875,9.0625,19.32141784049766,0.6904181375240657,0.0284423828125,0.18333712109370026,0.18913315078134474,737,748,1.0149253731343284,248,34.21120689655172,4,182,0.0,783.9516616314199,699,733,5.7265625,0.20265432734379374,True
0.9,36,4161,1024,6214,777,34,811,6.3359375,6.068359375,1978,0.241455078125,294,0.1486349848331648,2366.8046875,19.201171875,14.389179401339145,0.5688689834339199,0.035888671875,0.18333712109370026,0.18913315078134474,777,788,1.0141570141570142,74,27.576791808873722,5,243,0.0,2387.791133004926,739,773,6.0390625,0.20265432734379374,True
0.9,37,40340,1024,5018,628,34,662,5.171875,4.900390625,3174,0.387451171875,621,0.1956521739130435,1800.8994140625,21.4482421875,15.57590904093648,0.3761818374743174,0.0758056640625,0.18333712109370026,0.18913315078134474,628,639,1.017515923566879,110,13.0,5,470,0.0,1824.0563798219584,621,655,5.1171875,0.20265432734379374,True
0.9,38,28286,1024,6318,790,34,824,6.4375,6.169921875,1874,0.228759765625,176,0.09391675560298826,835.09375,9.2890625,18.913451275134147,0.7822200159929736,0.021484375,0.18333712109370026,0.18913315078134474,790,801,1.0139240506329115,27,46.44,2,161,0.0,837.5475024485798,750,784,6.125,0.20265432734379374,True
0.9,39,13256,1024,6465,809,34,843,6.5859375,6.3134765625,1727,0.2108154296875,293,0.1696583671105964,1316.9375,14.8203125,16.93515196421846,0.44566914873384345,0.0357666015625,0.18333712109370026,0.18913315078134474,809,820,1.0135970333745365,19,27.089041095890412,3,235,0.0,1319.5146771037182,798,832,6.5,0.20265432734379374,True
0.9,40,48934,1024,5928,741,34,775,6.0546875,5.7890625,2264,0.2763671875,315,0.13913427561837455,1533.21875,16.046875,16.27476239190015,0.6608346478598358,0.0384521484375,0.18333712109370026,0.18913315078134474,741,752,1.0148448043184886,338,24.987261146496817,2,282,0.0,1598.7942973523423,728,762,5.953125,0.20265432734379374,True
0.9,41,11935,1024,4974,622,34,656,5.125,4.857421875,3218,0.392822265625,338,0.10503418272218769,840.634765625,9.755859375,18.884730139721263,0.5885951084560462,0.041259765625,0.18333712109370026,0.18913315078134474,622,633,1.017684887459807,227,23.551928783382788,4,263,0.0,864.2670682730924,602,636,4.96875,0.20265432734379374,True
0.9,42,48447,1024,6314,790,34,824,6.4375,6.166015625,1878,0.229248046875,181,0.09637912673056442,810.0,8.875,19.045953419892605,0.5262286796137894,0.0220947265625,0.18333712109370026,0.18913315078134474,790,801,1.0139240506329115,19,44.31111111111111,3,146,0.0,811.5851272015656,756,790,6.171875,0.20265432734379374,True
0.9,43,15492,1024,7086,886,34,920,7.1875,6.919921875,1106,0.135009765625,134,0.12115732368896925,754.5,8.34375,19.354211167563015,0.7391127995770956,0.016357421875,0.18333712109370026,0.18913315078134474,886,897,1.012415349887133,10,61.097744360902254,2,126,0.0,755.2375366568915,861,895,6.9921875,0.20265432734379374,True
0.9,44,32513,1024,6583,823,34,857,6.6953125,6.4287109375,1609,0.1964111328125,140,0.0870105655686762,437.0,6.46875,21.725989238974886,0.7840497090311902,0.01708984375,0.18333712109370026,0.18913315078134474,823,834,1.0133657351154313,10,58.82014388489208,2,125,0.0,437.4271749755621,781,815,6.3671875,0.20265432734379374,True
0.9,45,36099,1024,3832,479,34,513,4.0078125,3.7421875,4360,0.5322265625,1294,0.29678899082568805,3884.34765625,37.21484375,12.237622677385222,0.2927145584267687,0.157958984375,0.18333712109370026,0.18913315078134474,479,490,1.022964509394572,71,6.258313998453209,8,868,0.0,3914.933070866142,471,505,3.9453125,0.20265432734379374,True
0.9,46,39260,1024,3903,488,34,522,4.078125,3.8115234375,4289,0.5235595703125,292,0.06808113779435766,1148.33984375,10.978515625,17.530099271407195,0.5581341671130907,0.03564453125,0.18333712109370026,0.18913315078134474,488,499,1.0225409836065573,1518,22.759450171821307,6,221,0.0,1408.2634730538923,433,467,3.6484375,0.20265432734379374,True
0.9,47,46517,1024,5336,667,34,701,5.4765625,5.2109375,2856,0.3486328125,299,0.10469187675070028,761.66015625,10.896484375,19.31319123370041,0.47433255128210183,0.0364990234375,0.18333712109370026,0.18913315078134474,667,678,1.0164917541229386,58,26.899328859060404,4,253,0.0,766.9026548672566,638,672,5.25,0.20265432734379374,True
0.9,48,33095,1024,6625,829,34,863,6.7421875,6.4697265625,1567,0.1912841796875,167,0.10657306955966815,612.0,8.0,20.26328938722349,0.7027436877077199,0.0203857421875,0.18333712109370026,0.18913315078134474,829,840,1.0132689987937273,73,47.81325301204819,3,139,0.0,617.4266009852216,798,832,6.5,0.20265432734379374,True
0.9,49,3,1024,6202,776,34,810,6.328125,6.056640625,1990,0.242919921875,207,0.10402010050251256,887.390625,10.85546875,18.649655246463496,0.5371981060199416,0.0252685546875,0.18333712109370026,0.18913315078134474,776,787,1.0141752577319587,58,39.41747572815534,2,181,0.0,893.4985250737464,739,773,6.0390625,0.20265432734379374,True
0.9,50,21683,1024,5894,737,34,771,6.0234375,5.755859375,2298,0.280517578125,260,0.11314186248912098,1406.59375,13.671875,16.649116775122224,0.7877969017410511,0.03173828125,0.18333712109370026,0.18913315078134474,737,748,1.0149253731343284,10,31.482625482625483,4,214,0.0,1407.9687194525904,698,732,5.71875,0.20265432734379374,True
0.9,51,13446,1024,6007,751,34,785,6.1328125,5.8662109375,2185,0.2667236328125,297,0.13592677345537757,879.2890625,11.94140625,18.689486898768077,0.7901320080905925,0.0362548828125,0.18333712109370026,0.18913315078134474,751,762,1.014647137150466,73,27.280405405405407,3,263,0.0,887.0857142857143,739,773,6.0390625,0.20265432734379374,True
0.9,52,49515,1024,5405,676,34,710,5.546875,5.2783203125,2787,0.3402099609375,638,0.22891998564764982,2348.328125,28.375,14.423215813584935,0.30513893493994193,0.077880859375,0.18333712109370026,0.18913315078134474,676,687,1.0162721893491125,177,12.52276295133438,4,510,0.0,2399.888223552894,666,700,5.46875,0.20265432734379374,True
0.9,53,27943,1024,6312,789,34,823,6.4296875,6.1640625,1880,0.2294921875,244,0.12978723404255318,1859.953125,16.99609375,15.435783617093302,0.4353077619962043,0.02978515625,0.18333712109370026,0.18913315078134474,789,800,1.0139416983523448,49,32.98765432098765,3,218,0.0,1870.9155206286837,752,786,6.140625,0.20265432734379374,True
0.9,54,29059,1024,6468,809,34,843,6.5859375,6.31640625,1724,0.21044921875,360,0.2088167053364269,2785.23046875,21.298828125,13.682192234173558,0.6377876436344536,0.0439453125,0.18333712109370026,0.18913315078134474,809,820,1.0135970333745365,9,22.643454038997213,5,272,0.0,2787.9530791788857,797,831,6.4921875,0.20265432734379374,True
0.9,55,32738,1024,3708,464,34,498,3.890625,3.62109375,4484,0.54736328125,516,0.11507582515611062,620.99609375,10.705078125,20.19991492524109,0.5246816869225964,0.06298828125,0.18333712109370026,0.18913315078134474,464,475,1.0237068965517242,798,13.850485436893203,5,389,0.0,687.4594594594595,440,474,3.703125,0.20265432734379374,True
0.9,56,445,1024,6683,836,34,870,6.796875,6.5263671875,1509,0.1842041015625,244,0.16169648774022533,1426.875,14.9375,16.586944320336,0.5904575903919502,0.02978515625,0.18333712109370026,0.18913315078134474,836,847,1.013157894736842,33,33.1275720164609,3,211,0.0,1432.4705882352941,806,840,6.5625,0.20265432734379374,True
0.9,57,32216,1024,6017,753,34,787,6.1484375,5.8759765625,2175,0.2655029296875,391,0.17977011494252873,2719.8125,26.2109375,13.785413954447902,0.5008479359421726,0.0477294921875,0.18333712109370026,0.18913315078134474,753,764,1.0146082337317397,347,19.974358974358974,3,351,0.0,2839.0295616717635,725,759,5.9296875,0.20265432734379374,True
0.9,58,18250,1024,6585,824,34,858,6.703125,6.4306640625,1607,0.1961669921875,204,0.1269446172993155,996.640625,10.40234375,18.14541774988786,0.6479055872750292,0.02490234375,0.18333712109370026,0.18913315078134474,824,835,1.0133495145631068,32,40.00985221674877,3,177,0.0,1000.5490196078431,800,834,6.515625,0.20265432734379374,True
0.9,59,1684,1024,5424,678,34,712,5.5625,5.296875,2768,0.337890625,553,0.19978323699421965,3217.15625,30.8515625,13.0560820675335,0.26131856761863004,0.0675048828125,0.18333712109370026,0.18913315078134474,678,689,1.0162241887905605,136,14.25,4,452,0.0,3271.46772591857,657,691,5.3984375,0.20265432734379374,True
0.9,60,2899,1024,5648,706,34,740,5.78125,5.515625,2544,0.310546875,265,0.10416666666666667,710.39453125,9.935546875,19.615807513646654,0.6643107135520756,0.0323486328125,0.18333712109370026,0.18913315078134474,706,717,1.0155807365439093,98,30.636363636363637,4,214,0.0,718.8181818181819,704,738,5.765625,0.20265432734379374,True
0.9,61,39428,1024,4875,610,34,644,5.03125,4.7607421875,3317,0.4049072265625,526,0.1585770274344287,1387.6796875,15.58203125,16.707911296230613,0.4692993518824097,0.064208984375,0.18333712109370026,0.18913315078134474,610,621,1.018032786885246,54,15.495238095238095,4,408,0.0,1395.8585461689588,595,629,4.9140625,0.20265432734379374,True
0.9,62,40758,1024,6212,777,34,811,6.3359375,6.06640625,1980,0.24169921875,386,0.19494949494949496,4972.51953125,39.232421875,11.1650386322982,0.6362735373181094,0.047119140625,0.18333712109370026,0.18913315078134474,777,788,1.0141570141570142,9,21.233766233766232,3,359,0.0,4977.380254154447,750,784,6.125,0.20265432734379374,True
0.9,63,29154,1024,6323,791,34,825,6.4453125,6.1748046875,1869,0.2281494140625,258,0.13804173354735153,1613.3125,15.1796875,16.05361862120924,0.6236036672998438,0.031494140625,0.18333712109370026,0.18913315078134474,791,802,1.013906447534766,98,30.167315175097276,3,214,0.0,1632.4426877470355,761,795,6.2109375,0.20265432734379374,True
0.9,64,43958,1024,6329,792,34,826,6.453125,6.1806640625,1863,0.2274169921875,126,0.06763285024154589,460.0625,6.4609375,21.50263525792196,0.606936768493686,0.015380859375,0.18473776562507283,0.18626840078127316,792,803,1.0138888888888888,138,64.192,2,116,0.0,467.8291956305859,752,786,6.140625,0.1992420242188473,True
0.9,65,33814,1024,6599,825,34,859,6.7109375,6.4443359375,1593,0.1944580078125,285,0.17890772128060264,1998.50390625,18.818359375,15.123753594045553,0.5858379724215651,0.0347900390625,0.18473776562507283,0.18626840078127316,825,836,1.0133333333333334,18,28.767605633802816,3,260,0.0,2002.4148727984345,818,852,6.65625,0.1992420242188473,True
0.9,66,34153,1024,5997,750,34,784,6.125,5.8564453125,2195,0.2679443359375,295,0.13439635535307518,1852.56640625,17.666015625,15.453065764157119,0.6228289768435038,0.0360107421875,0.18473776562507283,0.18626840078127316,750,761,1.0146666666666666,188,26.928571428571427,3,251,0.0,1895.1328671328672,721,755,5.8984375,0.1992420242188473,True
0.9,67,43609,1024,5600,700,34,734,5.734375,5.46875,2592,0.31640625,490,0.18904320987654322,1409.4658203125,18.2138671875,16.64025812217336,0.5617184680359701,0.059814453125,0.18473776562507283,0.18626840078127316,700,711,1.0157142857142858,35,16.67280163599182,4,427,0.0,1414.993137254902,679,713,5.5703125,0.1992420242188473,True
0.9,68,10762,1024,5379,673,34,707,5.5234375,5.2529296875,2813,0.3433837890625,624,0.22182723071453964,1772.203125,19.875,15.645668628366847,0.39892919175546676,0.076171875,0.18473776562507283,0.18626840078127316,673,684,1.0163447251114412,341,12.468699839486357,7,406,0.0,1848.0,665,699,5.4609375,0.1992420242188473,True
0.9,69,17898,1024,5479,685,34,719,5.6171875,5.3505859375,2713,0.3311767578125,361,0.13306302985624768,1907.03125,18.5859375,15.327225510985901,0.2653343522401955,0.0440673828125,0.18473776562507283,0.18626840078127316,685,696,1.0160583941605839,181,22.127777777777776,4,276,0.0,1948.9021956087824,639,673,5.2578125,0.1992420242188473,True
0.9,70,43653,1024,5240,655,34,689,5.3828125,5.1171875,2952,0.3603515625,396,0.13414634146341464,2379.1923828125,19.6083984375,14.366508001186604,0.5975140593493173,0.04833984375,0.18473776562507283,0.18626840078127316,655,666,1.016793893129771,91,19.850632911392406,4,308,0.0,2405.0276406712733,619,653,5.1015625,0.1992420242188473,True
0.9,71,14233,1024,6444,806,34,840,6.5625,6.29296875,1748,0.21337890625,235,0.13443935926773457,1149.375,13.84375,17.526186142857576,0.5513121630551708,0.0286865234375,0.18473776562507283,0.18626840078127316,806,817,1.0136476426799008,90,32.41025641025641,2,217,0.0,1161.8558736426455,777,811,6.3359375,0.1992420242188473,True
0.9,72,39520,1024,6169,772,34,806,6.296875,6.0244140625,2023,0.2469482421875,243,0.12011863568956994,1030.671875,11.13671875,17.999599356989393,0.6446767247117906,0.0296630859375,0.18473776562507283,0.18626840078127316,772,783,1.0142487046632125,133,32.053719008264466,3,217,0.0,1047.031746031746,727,761,5.9453125,0.1992420242188473,True
0.9,73,18138,1024,5607,701,34,735,5.7421875,5.4755859375,2585,0.3155517578125,320,0.12379110251450677,1534.5,15.171875,16.27113468100069,0.4650984750626189,0.0390625,0.18473776562507283,0.18626840078127316,701,712,1.0156918687589158,595,23.796238244514107,5,275,0.0,1654.0294736842104,673,707,5.5234375,0.1992420242188473,True
0.9,74,9212,1024,5389,674,34,708,5.53125,5.2626953125,2803,0.3421630859375,360,0.12843382090617195,1901.45703125,18.728515625,15.339938451102473,0.42884060591384937,0.0439453125,0.18473776562507283,0.18626840078127316,674,685,1.0163204747774481,82,21.598885793871865,4,311,0.0,1920.2090729783038,650,684,5.34375,0.1992420242188473,True
0.9,75,6456,1024,6255,782,34,816,6.375,6.1083984375,1937,0.2364501953125,395,0.20392359318533815,3246.8203125,25.828125,13.01622106565614,0.5719670391815873,0.0482177734375,0.18473776562507283,0.18626840078127316,782,793,1.014066496163683,27,20.67766497461929,4,311,0.0,3256.360430950049,759,793,6.1953125,0.1992420242188473,True
0.9,76,22948,1024,5421,678,34,712,5.5625,5.2939453125,2771,0.3382568359375,464,0.16744857452183326,1057.015625,18.45703125,17.889989536918705,0.4898940380403113,0.056640625,0.18473776562507283,0.18626840078127316,678,689,1.0162241887905605,83,16.72570194384449,4,427,0.0,1067.439842209073,664,698,5.453125,0.1992420242188473,True
0.9,77,7591,1024,6682,836,34,870,6.796875,6.525390625,1510,0.184326171875,173,0.11456953642384106,934.3125,10.4453125,18.42588201633116,0.6344514995744709,0.0211181640625,0.18473776562507283,0.18626840078127316,836,847,1.013157894736842,18,45.66860465116279,2,165,0.0,936.1409001956947,814,848,6.625,0.1992420242188473,True
0.9,78,29996,1024,5516,690,34,724,5.65625,5.38671875,2676,0.32666015625,454,0.1696562032884903,3438.271484375,27.865234375,12.767401954653836,0.2719541142206433,0.055419921875,0.18473776562507283,0.18626840078127316,690,701,1.0159420289855072,46,16.344370860927153,4,370,0.0,3455.1422963689893,654,688,5.375,0.1992420242188473,True
0.9,79,10378,1024,2635,330,34,364,2.84375,2.5732421875,5557,0.6783447265625,1752,0.3152780277127947,4670.64453125,46.625,11.437035451731683,0.2690033898522042,0.2138671875,0.18473776562507283,0.18626840078127316,330,341,1.0333333333333334,78,4.632210165619646,7,1278,0.0,4712.059113300493,382,416,3.25,0.1992420242188473,True
0.9,80,27337,1024,4841,606,34,640,5.0,4.7275390625,3351,0.4090576171875,316,0.0943002088928678,627.27734375,8.759765625,20.156207590663428,0.6724861169207004,0.03857421875,0.18473776562507283,0.18626840078127316,606,617,1.018151815181518,42,25.80952380952381,4,222,0.0,630.3552502453385,567,601,4.6953125,0.1992420242188473,True
0.9,81,19965,1024,5306,664,34,698,5.453125,5.181640625,2886,0.352294921875,506,0.17532917532917533,2559.8837890625,25.0615234375,14.048601107570226,0.518395552620188,0.061767578125,0.18473776562507283,0.18626840078127316,664,675,1.016566265060241,33,15.635643564356435,4,420,0.0,2569.9225490196077,638,672,5.25,0.1992420242188473,True
0.9,82,24405,1024,6328,791,34,825,6.4453125,6.1796875,1864,0.2275390625,248,0.13304721030042918,666.9375,9.4921875,19.889952236183923,0.7437326276426751,0.0302734375,0.18473776562507283,0.18626840078127316,791,802,1.013906447534766,57,32.91093117408907,3,188,0.0,671.52802359882,742,776,6.0625,0.1992420242188473,True
0.9,83,45135,1024,6346,794,34,828,6.46875,6.197265625,1846,0.225341796875,139,0.07529794149512459,709.1875,7.3046875,19.623192886610635,0.8125949224725374,0.0169677734375,0.18473776562507283,0.18626840078127316,794,805,1.013853904282116,74,57.80434782608695,2,127,0.0,715.4758620689655,758,792,6.1875,0.1992420242188473,True
0.9,84,11274,1024,5917,740,34,774,6.046875,5.7783203125,2275,0.2777099609375,306,0.1345054945054945,1629.3515625,17.01953125,16.01065559444192,0.5340783234399661,0.037353515625,0.18473776562507283,0.18626840078127316,740,751,1.0148648648648648,43,26.511475409836066,3,281,0.0,1637.3464180569185,717,751,5.8671875,0.1992420242188473,True
0.9,85,1941,1024,6148,769,34,803,6.2734375,6.00390625,2044,0.24951171875,188,0.09197651663405088,546.078125,7.08203125,20.75825581113305,0.590020847720123,0.02294921875,0.18473776562507283,0.18626840078127316,769,780,1.0143042912873863,19,42.99465240641711,3,145,0.0,547.146771037182,736,770,6.015625,0.1992420242188473,True
0.9,86,48940,1024,6549,819,34,853,6.6640625,6.3955078125,1643,0.2005615234375,173,0.10529519172245892,608.578125,8.09765625,20.28764023037233,0.7803935749841963,0.0211181640625,0.18473776562507283,0.18626840078127316,819,830,1.0134310134310134,10,46.83139534883721,2,165,0.0,609.1730205278592,785,819,6.3984375,0.1992420242188473,True
0.9,87,36794,1024,6088,761,34,795,6.2109375,5.9453125,2104,0.2568359375,302,0.1435361216730038,1626.828125,16.34765625,16.01738688881906,0.5322345717823485,0.036865234375,0.18473776562507283,0.18626840078127316,761,772,1.014454664914586,112,26.823920265780732,4,250,0.0,1649.378217821782,725,759,5.9296875,0.1992420242188473,True
0.9,88,21994,1024,5761,721,34,755,5.8984375,5.6259765625,2431,0.2967529296875,475,0.195392842451666,2204.15625,21.0234375,14.698379829805695,0.3406824881722195,0.0579833984375,0.18473776562507283,0.18626840078127316,721,732,1.015256588072122,51,17.126582278481013,3,362,0.0,2217.147347740668,702,736,5.75,0.1992420242188473,True
0.9,89,49944,1024,5746,719,34,753,5.8828125,5.611328125,2446,0.298583984375,401,0.16394112837285363,1363.34375,15.5859375,16.784749893282232,0.5694379848420575,0.0489501953125,0.18473776562507283,0.18626840078127316,719,730,1.015299026425591,48,20.3125,5,306,0.0,1371.3791748526523,691,725,5.6640625,0.1992420242188473,True
0.9,90,43442,1024,2517,315,34,349,2.7265625,2.4580078125,5675,0.6927490234375,371,0.06537444933920705,413.7197265625,5.5947265625,21.96374131891681,0.5405240688692496,0.0452880859375,0.18473776562507283,0.18626840078127316,315,326,1.034920634920635,188,17.194594594594594,6,277,0.0,423.2257742257742,265,299,2.3359375,0.1992420242188473,True
0.9,91,45096,1024,5229,654,34,688,5.375,5.1064453125,2963,0.3616943359375,324,0.10934863314208572,844.0,12.0859375,18.867379142422553,0.5284890677377803,0.03955078125,0.18473776562507283,0.18626840078127316,654,665,1.0168195718654434,485,23.176470588235293,4,268,0.0,896.5311203319502,621,655,5.1171875,0.1992420242188473,True
0.9,92,42430,1024,3823,478,34,512,4.0,3.7333984375,4369,0.5333251953125,1026,0.23483634699015793,465.5322265625,11.4345703125,21.451306103865928,0.3278941366733779,0.125244140625,0.18473776562507283,0.18626840078127316,478,489,1.0230125523012552,92,7.897560975609756,7,566,0.0,470.58736426456073,479,513,4.0078125,0.1992420242188473,True
0.9,93,42255,1024,5661,708,34,742,5.796875,5.5283203125,2531,0.3089599609375,385,0.15211378901619912,2996.90234375,26.056640625,13.364077694943365,0.3575090821693129,0.0469970703125,0.18473776562507283,0.18626840078127316,708,719,1.015536723163842,188,20.15625,5,315,0.0,3065.762237762238,674,708,5.53125,0.1992420242188473,True
0.9,94,5771,1024,3429,429,34,463,3.6171875,3.3486328125,4763,0.5814208984375,2154,0.45223598572328366,16104.2236328125,86.8935546875,6.061405680743659,0.21396988335191672,0.262939453125,0.18473776562507283,0.18626840078127316,429,440,1.0256410256410255,171,3.7231769623780773,10,1047,0.0,16441.400797607177,421,455,3.5546875,0.1992420242188473,True
0.9,95,8320,1024,6642,831,34,865,6.7578125,6.486328125,1550,0.189208984375,224,0.14451612903225808,1468.5625,14.9921875,16.46187926639995,0.5765737831231688,0.02734375,0.18473776562507283,0.18626840078127316,831,842,1.01323706377858,169,35.94170403587444,4,195,0.0,1499.3100697906282,816,850,6.640625,0.1992420242188473,True
0.9,96,48807,1024,6158,770,34,804,6.28125,6.013671875,2034,0.248291015625,364,0.17895771878072764,2040.015625,19.58203125,15.034468670570645,0.43921204463004115,0.04443359375,0.18473776562507283,0.18626840078127316,770,781,1.0142857142857142,106,22.101928374655646,5,296,0.0,2066.2472799208704,747,781,6.1015625,0.1992420242188473,True
0.9,97,2675,1024,4044,506,34,540,4.21875,3.94921875,4148,0.50634765625,597,0.1439247830279653,857.65625,12.83203125,18.797671040701825,0.5014709291604537,0.0728759765625,0.18473776562507283,0.18626840078127316,506,517,1.0217391304347827,98,13.573825503355705,5,444,0.0,867.8260869565217,486,520,4.0625,0.1992420242188473,True
0.9,98,37658,1024,5197,650,34,684,5.34375,5.0751953125,2995,0.3656005859375,419,0.13989983305509182,651.56640625,9.09375,19.991216762019004,0.877215362149311,0.0511474609375,0.18473776562507283,0.18626840078127316,650,661,1.0169230769230768,66,19.40909090909091,4,310,0.0,656.6968503937007,621,655,5.1171875,0.1992420242188473,True
0.9,99,45710,1024,2907,364,34,398,3.109375,2.8388671875,5285,0.6451416015625,2252,0.4261116367076632,12671.35546875,81.2421875,7.102572865439072,0.28375692507851924,0.27490234375,0.18473776562507283,0.18626840078127316,364,375,1.0302197802197801,17,3.5686361617059084,8,1301,0.0,12696.152641878669,361,395,3.0859375,0.1992420242188473,True
0.9,100,15813,1024,5376,672,34,706,5.515625,5.25,2816,0.34375,325,0.11541193181818182,746.859375,9.59765625,19.398415239933357,0.6718896903200331,0.0396728515625,0.18473776562507283,0.18626840078127316,672,683,1.0163690476190477,197,24.530864197530864,5,227,0.0,764.784,647,681,5.3203125,0.1992420242188473,True
0.9,101,7135,1024,6442,806,34,840,6.5625,6.291015625,1750,0.213623046875,195,0.11142857142857143,1277.875,12.109375,17.06591987065312,0.3904268154195159,0.0238037109375,0.18473776562507283,0.18626840078127316,806,817,1.0136476426799008,80,40.83505154639175,3,167,0.0,1290.4773175542407,776,810,6.328125,0.1992420242188473,True
0.9,102,31775,1024,6043,756,34,790,6.171875,5.9013671875,2149,0.2623291015625,258,0.12005583992554676,1059.640625,11.15234375,17.879217607376997,0.5789404275693129,0.031494140625,0.18473776562507283,0.18626840078127316,756,767,1.0145502645502646,64,29.17898832684825,4,194,0.0,1067.984251968504,716,750,5.859375,0.1992420242188473,True
0.9,103,31772,1024,5815,727,34,761,5.9453125,5.6787109375,2377,0.2901611328125,227,0.09549852755574254,800.1640625,9.046875,19.099013187092414,0.7765499393621457,0.0277099609375,0.18473776562507283,0.18626840078127316,727,738,1.015130674002751,88,35.84070796460177,3,194,0.0,808.852912142152,691,725,5.6640625,0.1992420242188473,True
0.9,104,25160,1024,5285,661,34,695,5.4296875,5.1611328125,2907,0.3548583984375,583,0.2005503955968352,5035.3359375,42.3203125,11.11051910618668,0.3652406878114252,0.0711669921875,0.18473776562507283,0.18626840078127316,661,672,1.0166414523449319,136,13.828178694158076,4,505,0.0,5120.341608738829,618,652,5.09375,0.1992420242188473,True
0.9,105,36108,1024,5196,650,34,684,5.34375,5.07421875,2996,0.36572265625,344,0.11481975967957277,744.2734375,11.5546875,19.41347841208334,0.5587713046140456,0.0419921875,0.18473776562507283,0.18626840078127316,650,661,1.0169230769230768,134,23.47521865889213,4,302,0.0,756.0873015873016,615,649,5.0703125,0.1992420242188473,True
0.9,106,1260,1024,5178,648,34,682,5.328125,5.056640625,3014,0.367919921875,493,0.16357000663570007,1666.05859375,18.279296875,15.913900897906464,0.38538051370507515,0.0601806640625,0.18473776562507283,0.18626840078127316,648,659,1.0169753086419753,92,16.392276422764226,3,439,0.0,1684.1500493583414,638,672,5.25,0.1992420242188473,True
0.9,107,37885,1024,6136,767,34,801,6.2578125,5.9921875,2056,0.2509765625,227,0.11040856031128404,1340.765625,13.38671875,16.857274940269576,0.6043145988035368,0.0277099609375,0.18473776562507283,0.18626840078127316,767,778,1.014341590612777,268,34.99557522123894,3,206,0.0,1385.4127144298689,740,774,6.046875,0.1992420242188473,True
0.9,108,41535,1024,3028,379,34,413,3.2265625,2.95703125,5164,0.63037109375,1821,0.35263361735089077,9734.7490234375,73.1748046875,8.24755601636537,0.18931496391664424,0.2222900390625,0.18473776562507283,0.18626840078127316,379,390,1.029023746701847,127,4.413736263736264,7,1153,0.0,9879.467789890981,385,419,3.2734375,0.1992420242188473,True
0.9,109,44889,1024,5147,644,34,678,5.296875,5.0263671875,3045,0.3717041015625,635,0.20853858784893267,2151.6962890625,21.9404296875,14.802993900132535,0.4834369872384188,0.0775146484375,0.18473776562507283,0.18626840078127316,644,655,1.0170807453416149,85,12.782334384858045,6,459,0.0,2172.9161735700195,620,654,5.109375,0.1992420242188473,True
0.9,110,28184,1024,6456,807,34,841,6.5703125,6.3046875,1736,0.2119140625,128,0.07373271889400922,565.5,6.59375,20.60647751606436,0.8340528401822844,0.015625,0.18473776562507283,0.18626840078127316,807,818,1.01363073110285,40,64.07874015748031,3,112,0.0,568.2747791952895,743,777,6.0703125,0.1992420242188473,True
0.9,111,25319,1024,6224,778,34,812,6.34375,6.078125,1968,0.240234375,332,0.16869918699186992,1996.953125,19.92578125,15.127124901848726,0.45118130444837323,0.04052734375,0.18473776562507283,0.18626840078127316,778,789,1.0141388174807198,27,24.3595166163142,3,288,0.0,2002.820763956905,751,785,6.1328125,0.1992420242188473,True
0.9,112,11010,1024,5212,652,34,686,5.359375,5.08984375,2980,0.36376953125,682,0.22885906040268456,2177.77734375,28.927734375,14.750668855049934,0.4761152608499056,0.083251953125,0.18473776562507283,0.18626840078127316,652,663,1.0168711656441718,40,11.929515418502202,4,541,0.0,2188.4631992149166,630,664,5.1875,0.1992420242188473,True
0.9,113,33880,1024,5905,739,34,773,6.0390625,5.7666015625,2287,0.2791748046875,240,0.10494097070397901,814.5,10.28125,19.021892722233822,0.3807915334455589,0.029296875,0.18473776562507283,0.18626840078127316,739,750,1.0148849797023005,8,32.48117154811715,3,184,0.0,815.2961876832844,705,739,5.7734375,0.1992420242188473,True
0.9,114,19307,1024,4849,607,34,641,5.0078125,4.7353515625,3343,0.4080810546875,493,0.14747233024229733,1384.49609375,16.697265625,16.71788626113304,0.43882622531898285,0.0601806640625,0.18473776562507283,0.18626840078127316,607,618,1.0181219110378912,161,15.741869918699187,5,425,0.0,1412.0756972111553,581,615,4.8046875,0.1992420242188473,True
0.9,115,12236,1024,149,19,34,53,0.4140625,0.1455078125,8043,0.9818115234375,2049,0.2547556881760537,6237.3251953125,45.1005859375,10.180819734228347,0.06932849384578783,0.2501220703125,0.18473776562507283,0.18626840078127316,19,28,1.4736842105263157,61,3.9345703125,7,1255,0.0,6280.256637168141,26,60,0.46875,0.1992420242188473,True
0.9,116,13805,1024,5152,644,34,678,5.296875,5.03125,3040,0.37109375,541,0.17796052631578949,2630.7109375,26.734375,13.930072304353786,0.3137710110858539,0.0660400390625,0.18473776562507283,0.18626840078127316,644,655,1.0170807453416149,88,14.894444444444444,4,452,0.0,2659.277393879566,616,650,5.078125,0.1992420242188473,True
0.9,117,5814,1024,4507,564,34,598,4.671875,4.4013671875,3685,0.4498291015625,527,0.14301221166892808,1281.359375,14.677734375,17.054094101312273,0.4705903418148505,0.0643310546875,0.18473776562507283,0.18626840078127316,564,575,1.0195035460992907,116,15.009505703422054,4,416,0.0,1299.1207920792078,545,579,4.5234375,0.1992420242188473,True
0.9,118,48485,1024,6117,765,34,799,6.2421875,5.9736328125,2075,0.2532958984375,228,0.10987951807228916,1240.6875,13.1015625,17.19417954160577,0.6647369134149985,0.02783203125,0.18473776562507283,0.18626840078127316,765,776,1.0143790849673202,305,34.440528634361236,3,201,0.0,1288.503042596349,730,764,5.96875,0.1992420242188473,True
0.9,119,12248,1024,3044,381,34,415,3.2421875,2.97265625,5148,0.62841796875,1577,0.30633255633255635,7773.0869140625,51.5380859375,9.224868371111283,0.22523685929723933,0.1925048828125,0.18473776562507283,0.18626840078127316,381,392,1.0288713910761156,13,5.130710659898477,8,951,0.0,7780.685239491691,387,421,3.2890625,0.1992420242188473,True
0.9,120,458,1024,6221,778,34,812,6.34375,6.0751953125,1971,0.2406005859375,411,0.2085235920852359,2481.0625,24.3046875,14.184426562235796,0.463775487993611,0.0501708984375,0.18473776562507283,0.18626840078127316,778,789,1.0141388174807198,16,18.990243902439026,4,351,0.0,2485.917808219178,749,783,6.1171875,0.1992420242188473,True
0.9,121,319,1024,5414,677,34,711,5.5546875,5.287109375,2778,0.339111328125,405,0.14578833693304535,1370.11328125,13.158203125,16.763238846692442,0.6899601307641609,0.0494384765625,0.18473776562507283,0.18626840078127316,677,688,1.016248153618907,132,19.88118811881188,4,308,0.0,1391.861111111111,669,703,5.4921875,0.1992420242188473,True
0.9,122,21496,1024,5757,720,34,754,5.890625,5.6220703125,2435,0.2972412109375,362,0.1486652977412731,1293.7421875,15.09765625,17.01232620626055,0.6471736746165317,0.044189453125,0.18473776562507283,0.18626840078127316,720,731,1.0152777777777777,44,22.548476454293628,4,300,0.0,1300.090284592738,697,731,5.7109375,0.1992420242188473,True
0.9,123,20390,1024,5503,688,34,722,5.640625,5.3740234375,2689,0.3282470703125,432,0.16065451840833023,1423.015625,16.93359375,16.59870692116005,0.4418266906709644,0.052734375,0.18473776562507283,0.18626840078127316,688,699,1.0159883720930232,265,18.34106728538283,4,327,0.0,1470.401614530777,665,699,5.4609375,0.1992420242188473,True
0.9,124,33691,1024,5183,648,34,682,5.328125,5.0615234375,3009,0.3673095703125,530,0.17613825191093385,4326.6015625,38.01953125,11.769334580830975,0.48160598349066563,0.064697265625,0.18473776562507283,0.18626840078127316,648,659,1.0169753086419753,178,15.10586011342155,5,458,0.0,4421.596806387225,615,649,5.0703125,0.1992420242188473,True
0.9,125,33872,1024,6738,843,34,877,6.8515625,6.580078125,1454,0.177490234375,313,0.2152682255845942,1966.1875,19.5234375,15.194554301121034,0.44023980105756044,0.0382080078125,0.18473776562507283,0.18626840078127316,843,854,1.0130486358244366,42,25.637820512820515,3,280,0.0,1975.8351324828263,833,867,6.7734375,0.1992420242188473,True
0.9,126,46987,1024,4568,571,34,605,4.7265625,4.4609375,3624,0.4423828125,420,0.11589403973509933,715.9921875,10.8125,19.581720773088687,0.6191279930999064,0.05126953125,0.18473776562507283,0.18626840078127316,571,582,1.0192644483362523,181,19.09069212410501,5,312,0.0,731.7125748502993,549,583,4.5546875,0.1992420242188473,True
0.9,127,26772,1024,6130,767,34,801,6.2578125,5.986328125,2062,0.251708984375,212,0.10281280310378274,864.01953125,10.283203125,18.765568010068097,0.5997367024811345,0.02587890625,0.18473776562507283,0.18626840078127316,767,778,1.014341590612777,211,34.947867298578196,3,198,0.0,886.5290581162325,735,769,6.0078125,0.1992420242188473,True
0.9,128,7057,1024,5185,649,34,683,5.3359375,5.0634765625,3007,0.3670654296875,520,0.17292983039574328,1785.64453125,20.279296875,15.61285352833659,0.4556225989030856,0.0634765625,0.18473776562507283,0.18626840078127316,649,660,1.0169491525423728,99,15.583815028901734,4,439,0.0,1806.8181818181818,631,665,5.1953125,0.1992420242188473,True
0.9,129,30014,1024,5773,722,34,756,5.90625,5.6376953125,2419,0.2952880859375,500,0.20669698222405952,4658.6875,38.9765625,11.448167814729997,0.617364146526552,0.06103515625,0.18473776562507283,0.18626840078127316,722,733,1.0152354570637119,18,16.364729458917836,4,446,0.0,4667.8043052837575,676,710,5.546875,0.1992420242188473,True
0.9,130,48237,1024,5732,717,34,751,5.8671875,5.59765625,2460,0.30029296875,177,0.07195121951219512,661.828125,7.98828125,19.923351419051126,0.5314148469515022,0.0216064453125,0.18473776562507283,0.18626840078127316,717,728,1.0153417015341701,377,43.82954545454545,3,153,0.0,693.6663254861822,673,707,5.5234375,0.1992420242188473,True
0.9,131,4823,1024,5700,713,34,747,5.8359375,5.56640625,2492,0.30419921875,326,0.13081861958266452,1313.9375,14.8828125,16.94505653216959,0.7241981784440439,0.039794921875,0.18473776562507283,0.18626840078127316,713,724,1.0154277699859748,155,24.513846153846153,3,286,0.0,1338.7781094527363,686,720,5.625,0.1992420242188473,True
0.9,132,26627,1024,6069,759,34,793,6.1953125,5.9267578125,2123,0.2591552734375,406,0.19123881300047102,1407.609375,17.33984375,16.64598210194662,0.4978660195826929,0.049560546875,0.18473776562507283,0.18626840078127316,759,770,1.0144927536231885,51,20.049382716049383,3,319,0.0,1415.9056974459725,737,771,6.0234375,0.1992420242188473,True
0.9,133,12293,1024,6897,863,34,897,7.0078125,6.7353515625,1295,0.1580810546875,155,0.11969111969111969,935.25,9.640625,18.421526439976677,0.6729375788385106,0.0189208984375,0.18473776562507283,0.18626840078127316,863,874,1.0127462340672073,674,47.467532467532465,3,141,0.0,1018.8255319148936,849,883,6.8984375,0.1992420242188473,True
0.9,134,32803,1024,5487,686,34,720,5.625,5.3583984375,2705,0.3302001953125,259,0.09574861367837338,829.375,10.625,18.943294206593997,0.47200825758019577,0.0316162109375,0.18473776562507283,0.18626840078127316,686,697,1.0160349854227406,34,30.484496124031008,4,227,0.0,832.6274509803922,636,670,5.234375,0.1992420242188473,True
0.9,135,41882,1024,4854,607,34,641,5.0078125,4.740234375,3338,0.407470703125,429,0.12852007189934092,1786.09375,18.53125,15.611761101008724,0.46489436178085636,0.0523681640625,0.18473776562507283,0.18626840078127316,607,618,1.0181219110378912,133,18.813084112149532,5,333,0.0,1814.4444444444443,581,615,4.8046875,0.1992420242188473,True
0.9,136,10235,1024,6044,756,34,790,6.171875,5.90234375,2148,0.26220703125,319,0.14851024208566108,2278.4375,21.0859375,14.55443240952472,0.22165203234394065,0.0389404296875,0.18473776562507283,0.18626840078127316,756,767,1.0145502645502646,25,25.566037735849058,3,284,0.0,2285.1322233104797,728,762,5.953125,0.1992420242188473,True
0.9,137,30033,1024,6019,753,34,787,6.1484375,5.8779296875,2173,0.2652587890625,301,0.13851817763460653,1589.96875,16.328125,16.116917722933273,0.6267223836756017,0.0367431640625,0.18473776562507283,0.18626840078127316,753,764,1.0146082337317397,20,27.14666666666667,4,263,0.0,1593.0802348336595,747,781,6.1015625,0.1992420242188473,True
0.9,138,20042,1024,6534,817,34,851,6.6484375,6.380859375,1658,0.202392578125,163,0.09831121833534379,718.140625,8.30859375,19.568708655370887,0.7555320361382009,0.0198974609375,0.18473776562507283,0.18626840078127316,817,828,1.0134638922888617,33,49.25308641975309,4,144,0.0,720.9568627450981,782,816,6.375,0.1992420242188473,True
0.9,139,29399,1024,5848,731,34,765,5.9765625,5.7109375,2344,0.2861328125,267,0.11390784982935154,631.44140625,9.458984375,20.12747303875088,0.6361950578420192,0.0325927734375,0.18473776562507283,0.18626840078127316,731,742,1.015047879616963,99,30.195488721804512,5,217,0.0,638.9288537549407,703,737,5.7578125,0.1992420242188473,True
0.9,140,6463,1024,6768,846,34,880,6.875,6.609375,1424,0.173828125,181,0.1271067415730337,602.0,8.34375,20.334838696100856,0.6535818240630318,0.0220947265625,0.18473776562507283,0.18626840078127316,846,857,1.0130023640661938,11,45.016666666666666,3,162,0.0,602.5884652981428,836,870,6.796875,0.1992420242188473,True
0.9,141,25920,1024,4780,598,34,632,4.9375,4.66796875,3412,0.41650390625,385,0.11283704572098475,1794.46875,18.5,15.591444612082544,0.45887880750402243,0.0469970703125,0.18473776562507283,0.18626840078127316,598,609,1.0183946488294315,258,20.229166666666668,4,345,0.0,1852.3548387096773,562,596,4.65625,0.1992420242188473,True
0.9,142,10327,1024,446,56,34,90,0.703125,0.435546875,7746,0.945556640625,4007,0.5172992512264395,21810.189453125,139.521484375,4.7442092279542685,0.03865900397132495,0.4891357421875,0.18473776562507283,0.18626840078127316,56,67,1.1964285714285714,12,2.040938592111832,9,2178,0.0,21831.50928641251,71,105,0.8203125,0.1992420242188473,True
0.9,143,3805,1024,5915,740,34,774,6.046875,5.7763671875,2277,0.2779541015625,333,0.14624505928853754,1126.953125,13.28515625,17.6117450868801,0.4363690136835628,0.0406494140625,0.18473776562507283,0.18626840078127316,740,751,1.0148648648648648,76,23.180722891566266,3,280,0.0,1136.9458128078818,715,749,5.8515625,0.1992420242188473,True
0.9,144,37879,1024,3962,496,34,530,4.140625,3.869140625,4230,0.516357421875,1111,0.26264775413711583,7692.89453125,72.990234375,9.26990582519611,0.18447269661940105,0.1356201171875,0.18473776562507283,0.18626840078127316,496,507,1.0221774193548387,220,7.175675675675675,5,1001,0.0,7901.227683049147,441,475,3.7109375,0.1992420242188473,True
0.9,145,22721,1024,5692,712,34,746,5.828125,5.55859375,2500,0.30517578125,248,0.0992,1835.84375,16.6875,15.492446455497777,0.269366824481674,0.0302734375,0.18473776562507283,0.18626840078127316,712,723,1.0154494382022472,501,30.238866396761132,4,217,0.0,1954.162162162162,652,686,5.359375,0.1992420242188473,True
0.9,146,43932,1024,6153,770,34,804,6.28125,6.0087890625,2039,0.2489013671875,344,0.16871015203531142,2517.625,21.859375,14.120893183999323,0.8137544870151544,0.0419921875,0.18473776562507283,0.18626840078127316,770,781,1.0142857142857142,35,23.7667638483965,3,282,0.0,2527.4980392156863,736,770,6.015625,0.1992420242188473,True
0.9,147,47270,1024,6513,815,34,849,6.6328125,6.3603515625,1679,0.2049560546875,155,0.09231685527099463,629.328125,7.16015625,20.14203219841285,0.7825696846233027,0.0189208984375,0.18473776562507283,0.18626840078127316,815,826,1.0134969325153373,27,52.935064935064936,3,119,0.0,631.1772771792361,782,816,6.375,0.1992420242188473,True
0.9,148,11091,1024,5073,635,34,669,5.2265625,4.9541015625,3119,0.3807373046875,519,0.16639948701506893,1556.171875,19.00390625,16.210227989071768,0.3846363637722066,0.0633544921875,0.18473776562507283,0.18626840078127316,635,646,1.0173228346456693,17,15.772200772200772,4,399,0.0,1559.2172211350294,604,638,4.984375,0.1992420242188473,True
0.9,149,9736,1024,6162,771,34,805,6.2890625,6.017578125,2030,0.247802734375,170,0.08374384236453201,826.625,8.75,18.957718251558724,0.4329570758825712,0.020751953125,0.18473776562507283,0.18626840078127316,771,782,1.014267185473411,680,43.094674556213015,3,142,0.0,901.4526091586795,739,773,6.0390625,0.1992420242188473,True
0.9,150,23206,1024,5205,651,34,685,5.3515625,5.0830078125,2987,0.3646240234375,566,0.18948778038165384,1167.9609375,15.8203125,17.45652042844858,0.5191199480857991,0.069091796875,0.18473776562507283,0.18626840078127316,651,662,1.0168970814132103,92,13.929203539823009,5,411,0.0,1180.6436327739389,626,660,5.15625,0.1992420242188473,True
0.9,151,25039,1024,6964,871,34,905,7.0703125,6.80078125,1228,0.14990234375,179,0.1457654723127036,1199.5,12.125,17.34080108564061,0.5087594644150085,0.0218505859375,0.18473776562507283,0.18626840078127316,871,882,1.0126291618828933,9,45.662921348314605,2,165,0.0,1200.672531769306,850,884,6.90625,0.1992420242188473,True
0.9,152,21014,1024,384,48,34,82,0.640625,0.375,7808,0.953125,2719,0.34823258196721313,17260.8505859375,95.8525390625,5.760181676534319,0.04728306289893356,0.3319091796875,0.18473776562507283,0.18626840078127316,48,59,1.2291666666666667,87,2.9462840323767474,8,1508,0.0,17431.07593688363,59,93,0.7265625,0.1992420242188473,True
0.9,153,32412,1024,6706,839,34,873,6.8203125,6.548828125,1486,0.181396484375,248,0.16689098250336473,1524.3125,15.0390625,16.30006349826967,0.422095929415547,0.0302734375,0.18473776562507283,0.18626840078127316,839,850,1.0131108462455305,10,33.036437246963565,3,213,0.0,1525.802541544477,814,848,6.625,0.1992420242188473,True
0.9,154,34022,1024,4386,549,34,583,4.5546875,4.283203125,3806,0.464599609375,367,0.09642669469259064,1327.61328125,13.806640625,16.900087724908374,0.37433182490310585,0.0447998046875,0.18473776562507283,0.18626840078127316,549,560,1.0200364298724955,397,21.15846994535519,5,284,0.0,1394.334358974359,519,553,4.3203125,0.1992420242188473,True
0.9,155,21369,1024,4923,616,34,650,5.078125,4.8076171875,3269,0.3990478515625,770,0.23554603854389722,848.119140625,13.888671875,18.84623496250857,0.6677722644812433,0.093994140625,0.18473776562507283,0.18626840078127316,616,627,1.0178571428571428,514,9.983094928478543,5,543,0.0,904.6604166666667,597,631,4.9296875,0.1992420242188473,True
0.9,156,41654,1024,6026,754,34,788,6.15625,5.884765625,2166,0.264404296875,363,0.16759002770083103,1730.515625,18.52734375,15.749048359314104,0.4335372195068412,0.0443115234375,0.18473776562507283,0.18626840078127316,754,765,1.0145888594164456,58,22.45303867403315,3,307,0.0,1742.4267453294,730,764,5.96875,0.1992420242188473,True
0.9,157,11953,1024,2219,278,34,312,2.4375,2.1669921875,5973,0.7291259765625,2510,0.4202243428762766,16212.38671875,100.576171875,6.032334063227998,0.04069140126143483,0.306396484375,0.18473776562507283,0.18626840078127316,278,289,1.039568345323741,78,3.0912714228776403,8,1426,0.0,16356.141871921182,275,309,2.4140625,0.1992420242188473,True
0.9,158,13700,1024,5806,726,34,760,5.9375,5.669921875,2386,0.291259765625,264,0.11064543168482817,989.046875,9.70703125,18.178634857809254,0.618569606703189,0.0322265625,0.18473776562507283,0.18626840078127316,726,737,1.0151515151515151,104,30.007604562737644,4,173,0.0,1001.7645895153314,684,718,5.609375,0.1992420242188473,True
0.9,159,38205,1024,4859,608,34,642,5.015625,4.7451171875,3333,0.4068603515625,488,0.14641464146414643,1498.05078125,19.755859375,16.375538254464793,0.5145253304385596,0.0595703125,0.18473776562507283,0.18626840078127316,608,619,1.018092105263158,77,16.388090349075977,4,403,0.0,1511.3339901477832,583,617,4.8203125,0.1992420242188473,True
0.9,160,40129,1024,5260,658,34,692,5.40625,5.13671875,2932,0.35791015625,146,0.049795361527967257,138.390625,3.15234375,26.719736901739992,0.8135034829917824,0.017822265625,0.18473776562507283,0.18626840078127316,658,669,1.0167173252279635,81,53.42758620689655,4,110,0.0,139.75542406311638,605,639,4.9921875,0.1992420242188473,True
0.9,161,17080,1024,4689,587,34,621,4.8515625,4.5791015625,3503,0.4276123046875,550,0.15700827861832714,1326.5390625,17.26171875,16.90360317723012,0.46567669529204636,0.067138671875,0.18473776562507283,0.18626840078127316,587,598,1.018739352640545,269,14.147540983606557,7,399,0.0,1370.7124117053481,575,609,4.7578125,0.1992420242188473,True
0.9,162,1505,1024,5972,747,34,781,6.1015625,5.83203125,2220,0.27099609375,551,0.2481981981981982,3029.9501953125,29.4541015625,13.31644871005448,0.5415475942071629,0.0672607421875,0.18473776562507283,0.18626840078127316,747,758,1.0147255689424364,74,14.709090909090909,4,459,0.0,3056.8167487684727,745,779,6.0859375,0.1992420242188473,True
0.9,163,36391,1024,6332,792,34,826,6.453125,6.18359375,1860,0.22705078125,169,0.09086021505376345,603.3125,7.8671875,20.32538037333729,0.7719241817062513,0.0206298828125,0.18473776562507283,0.18626840078127316,792,803,1.0138888888888888,82,47.80357142857143,2,156,0.0,609.2623274161735,758,792,6.1875,0.1992420242188473,True
0.9,164,24660,1024,6103,763,34,797,6.2265625,5.9599609375,2089,0.2550048828125,358,0.1713738630923887,1470.0625,17.9453125,16.45744561610818,0.36810262906293667,0.043701171875,0.18473776562507283,0.18626840078127316,763,774,1.0144167758846658,92,22.675070028011206,3,301,0.0,1486.025666337611,737,771,6.0234375,0.1992420242188473,True
0.9,165,24061,1024,4776,597,34,631,4.9296875,4.6640625,3416,0.4169921875,543,0.15895784543325528,1187.7109375,14.220703125,17.383696050072885,0.4685808644871506,0.0662841796875,0.18473776562507283,0.18626840078127316,597,608,1.018425460636516,164,14.77859778597786,4,446,0.0,1211.3705179282867,581,615,4.8046875,0.1992420242188473,True
0.9,166,10964,1024,4621,578,34,612,4.78125,4.5126953125,3571,0.4359130859375,438,0.12265471856622795,606.67578125,10.673828125,20.301237027945124,0.6686442584915535,0.053466796875,0.18473776562507283,0.18626840078127316,578,589,1.019031141868512,43,18.530892448512585,5,329,0.0,609.6526005888126,552,586,4.578125,0.1992420242188473,True
0.9,167,20807,1024,6657,833,34,867,6.7734375,6.5009765625,1535,0.1873779296875,243,0.15830618892508144,1511.3125,15.9765625,16.337260864737843,0.5768121056427735,0.0296630859375,0.18473776562507283,0.18626840078127316,833,844,1.0132052821128452,9,32.070247933884296,2,225,0.0,1512.7898338220919,804,838,6.546875,0.1992420242188473,True
0.9,168,33388,1024,6925,866,34,900,7.03125,6.7626953125,1267,0.1546630859375,213,0.1681136543014996,1489.625,15.140625,16.400034085149212,0.6281875617437706,0.0260009765625,0.18473776562507283,0.18626840078127316,866,877,1.01270207852194,18,37.471698113207545,2,195,0.0,1492.5401174168298,852,886,6.921875,0.1992420242188473,True
0.9,169,34571,1024,5114,640,34,674,5.265625,4.994140625,3078,0.375732421875,598,0.19428200129954515,4297.7197265625,31.7099609375,11.79842271065728,0.5203955270801595,0.072998046875,0.18473776562507283,0.18626840078127316,640,651,1.0171875,44,13.470686767169179,4,468,0.0,4318.807654563298,637,671,5.2421875,0.1992420242188473,True
0.9,170,21194,1024,6365,796,34,830,6.484375,6.2158203125,1827,0.2230224609375,152,0.08319649698960044,653.578125,7.76953125,19.977828527639517,0.5851369516686789,0.0185546875,0.18473776562507283,0.18626840078127316,796,807,1.013819095477387,18,54.03973509933775,2,133,0.0,654.8571428571429,757,791,6.1796875,0.1992420242188473,True
0.9,171,32696,1024,5914,740,34,774,6.046875,5.775390625,2278,0.278076171875,282,0.1237928007023705,1532.80078125,14.435546875,16.275946477787457,0.6283612702645635,0.034423828125,0.18473776562507283,0.18626840078127316,740,751,1.0148648648648648,9,29.07473309608541,3,232,0.0,1534.299120234604,705,739,5.7734375,0.1992420242188473,True
0.9,172,46005,1024,3986,499,34,533,4.1640625,3.892578125,4206,0.513427734375,263,0.06252971944840703,71.6337890625,2.5751953125,29.579624371361565,0.7501078134183887,0.0321044921875,0.18473776562507283,0.18626840078127316,499,510,1.0220440881763526,276,29.301526717557252,4,213,0.0,74.0939393939394,468,502,3.921875,0.1992420242188473,True
0.9,173,19269,1024,3600,450,34,484,3.78125,3.515625,4592,0.560546875,376,0.08188153310104529,505.1494140625,5.8564453125,21.09660507293178,0.7162923042809335,0.0458984375,0.18473776562507283,0.18626840078127316,450,461,1.0244444444444445,98,21.296,4,272,0.0,511.1393280632411,423,457,3.5703125,0.1992420242188473,True
0.9,174,5503,1024,6826,854,34,888,6.9375,6.666015625,1366,0.166748046875,227,0.16617862371888725,1657.953125,14.93359375,15.93508113207105,0.748264777383246,0.0277099609375,0.18473776562507283,0.18626840078127316,854,865,1.0128805620608898,9,36.17256637168141,3,205,0.0,1659.5738025415444,838,872,6.8125,0.1992420242188473,True
0.9,175,32979,1024,5281,661,34,695,5.4296875,5.1572265625,2911,0.3553466796875,728,0.25008588114050156,4206.12890625,39.232421875,11.891977823856104,0.4243772137173603,0.0888671875,0.18473776562507283,0.18626840078127316,661,672,1.0166414523449319,9,11.250343878954608,4,649,0.0,4210.240469208211,632,666,5.203125,0.1992420242188473,True
0.9,176,32764,1024,6626,829,34,863,6.7421875,6.470703125,1566,0.191162109375,196,0.1251596424010217,929.3125,10.3359375,18.449185820688346,0.7118596756418885,0.02392578125,0.18473776562507283,0.18626840078127316,829,840,1.0132689987937273,128,39.92820512820513,3,159,0.0,944.063492063492,791,825,6.4453125,0.1992420242188473,True
0.9,177,36396,1024,5258,658,34,692,5.40625,5.134765625,2934,0.358154296875,296,0.10088616223585549,788.390625,8.81640625,19.163389095615898,0.4983763213726211,0.0361328125,0.18473776562507283,0.18626840078127316,658,669,1.0167173252279635,84,27.420338983050847,5,206,0.0,796.1656804733727,621,655,5.1171875,0.1992420242188473,True
0.9,178,16139,1024,3144,393,34,427,3.3359375,3.0703125,5048,0.6162109375,551,0.10915213946117275,1121.046875,12.177734375,17.63456588479697,0.6417856436165784,0.0672607421875,0.18473776562507283,0.18626840078127316,393,404,1.0279898218829517,269,14.392727272727273,5,410,0.0,1158.377396569122,355,389,3.0390625,0.1992420242188473,True
0.9,179,32110,1024,2826,354,34,388,3.03125,2.759765625,5366,0.655029296875,1390,0.25903838986209465,6612.9609375,44.40234375,9.926844035167646,0.2393995035475858,0.169677734375,0.18473776562507283,0.18626840078127316,354,365,1.0310734463276836,173,5.7523398128149745,7,822,0.0,6751.417746759721,355,389,3.0390625,0.1992420242188473,True
0.9,180,37930,1024,5500,688,34,722,5.640625,5.37109375,2692,0.32861328125,588,0.21842496285289748,1376.625,19.7421875,16.742647086362048,0.4448680329540836,0.07177734375,0.18473776562507283,0.18626840078127316,688,699,1.0159883720930232,77,12.916524701873936,5,488,0.0,1388.8315270935962,678,712,5.5625,0.1992420242188473,True
0.9,181,5624,1024,6391,799,34,833,6.5078125,6.2412109375,1801,0.2198486328125,135,0.07495835646862854,516.5625,6.1015625,20.999574856163687,0.7180068710012661,0.0164794921875,0.18473776562507283,0.18626840078127316,799,810,1.0137672090112642,248,58.64179104477612,3,106,0.0,532.6888217522659,760,794,6.203125,0.1992420242188473,True
0.9,182,37946,1024,5406,676,34,710,5.546875,5.279296875,2786,0.340087890625,340,0.12203876525484565,1624.71484375,15.185546875,16.0230321257028,0.4130245853102977,0.04150390625,0.18473776562507283,0.18626840078127316,676,687,1.0162721893491125,28,23.90560471976401,4,261,0.0,1629.488736532811,635,669,5.2265625,0.1992420242188473,True
0.9,183,6616,1024,6617,828,34,862,6.734375,6.4619140625,1575,0.1922607421875,280,0.17777777777777778,840.890625,11.69140625,18.883408502638854,0.7660256784140176,0.0341796875,0.18473776562507283,0.18626840078127316,828,839,1.0132850241545894,18,29.27956989247312,3,254,0.0,842.5362035225049,803,837,6.5390625,0.1992420242188473,True
0.9,184,11706,1024,5495,687,34,721,5.6328125,5.3662109375,2697,0.3292236328125,494,0.1831664812754913,2196.203125,20.7734375,14.714078556968708,0.604578665020797,0.060302734375,0.18473776562507283,0.18626840078127316,687,698,1.0160116448326055,166,16.168356997971603,4,398,0.0,2239.9521912350597,675,709,5.5390625,0.1992420242188473,True
0.9,185,10558,1024,2000,250,34,284,2.21875,1.953125,6192,0.755859375,2041,0.3296188630490956,8124.77734375,55.166015625,9.032688927192401,0.27319155355054453,0.2491455078125,0.18473776562507283,0.18626840078127316,250,261,1.044,108,3.9411764705882355,8,1181,0.0,8229.25024727992,260,294,2.296875,0.1992420242188473,True
0.9,186,18351,1024,150,19,34,53,0.4140625,0.146484375,8042,0.981689453125,2514,0.3126088037801542,9688.091796875,70.1875,8.268421156743479,0.038981876010585274,0.306884765625,0.18473776562507283,0.18626840078127316,19,28,1.4736842105263157,71,3.2248308794269795,8,1464,0.0,9764.375984251968,26,60,0.46875,0.1992420242188473,True
0.9,187,15023,1024,5683,711,34,745,5.8203125,5.5498046875,2509,0.3062744140625,545,0.21721801514547628,4781.5322265625,41.1982421875,11.335132736886212,0.18497354590478252,0.0665283203125,0.18473776562507283,0.18626840078127316,711,722,1.0154711673699015,269,14.154411764705882,5,467,0.0,4940.75580221998,677,711,5.5546875,0.1992420242188473,True
0.9,188,9490,1024,5014,627,34,661,5.1640625,4.896484375,3178,0.387939453125,344,0.10824417872876023,586.546875,10.91796875,20.447776355666413,0.6038217541706615,0.0419921875,0.18473776562507283,0.18626840078127316,627,638,1.0175438596491229,53,23.43731778425656,3,307,0.0,590.0039292730845,601,635,4.9609375,0.1992420242188473,True
0.9,189,6355,1024,5468,684,34,718,5.609375,5.33984375,2724,0.33251953125,354,0.1299559471365639,1052.578125,14.70703125,17.908260207334013,0.3550332329922217,0.043212890625,0.18473776562507283,0.18626840078127316,684,695,1.0160818713450293,8,22.94900849858357,3,304,0.0,1053.607038123167,658,692,5.40625,0.1992420242188473,True
0.9,190,8857,1024,3656,457,34,491,3.8359375,3.5703125,4536,0.5537109375,514,0.11331569664902998,487.6884765625,11.0283203125,21.24937866962717,0.7162676521643907,0.062744140625,0.18473776562507283,0.18626840078127316,457,468,1.0240700218818382,485,15.011695906432749,5,416,0.0,518.042531120332,416,450,3.515625,0.1992420242188473,True
0.9,191,31811,1024,4770,597,34,631,4.9296875,4.658203125,3422,0.417724609375,585,0.17095265926358855,2689.056640625,21.91015625,13.834804108380556,0.5417412985710015,0.0714111328125,0.18473776562507283,0.18626840078127316,597,608,1.018425460636516,172,13.258561643835616,5,457,0.0,2745.357926221336,576,610,4.765625,0.1992420242188473,True
0.9,192,10400,1024,6506,814,34,848,6.625,6.353515625,1686,0.205810546875,111,0.06583629893238434,373.9375,4.5234375,22.402813406817884,0.7271126394838628,0.0135498046875,0.18173302812499514,0.1796740593749746,814,825,1.0135135135135136,162,70.98181818181818,3,89,0.0,381.38645418326695,773,807,6.3046875,0.19862419687501642,True
0.9,193,275,1024,5830,729,34,763,5.9609375,5.693359375,2362,0.288330078125,148,0.06265876375952582,290.8515625,4.703125,23.494089596295,0.8747756293923158,0.01806640625,0.18173302812499514,0.1796740593749746,729,740,1.0150891632373114,25,53.63265306122449,3,123,0.0,291.7061704211557,680,714,5.578125,0.19862419687501642,True
0.9,194,26152,1024,2198,275,34,309,2.4140625,2.146484375,5994,0.731689453125,2261,0.37721054387721054,9606.5244140625,70.2958984375,8.305140700580862,0.1469319247543196,0.2760009765625,0.18173302812499514,0.1796740593749746,275,286,1.04,287,3.467699115044248,8,1313,0.0,9946.492416582407,282,316,2.46875,0.19862419687501642,True
0.9,195,13037,1024,1727,216,34,250,1.953125,1.6865234375,6465,0.7891845703125,1927,0.2980665119876257,9879.26953125,62.16796875,8.18355526632031,0.06340882935846358,0.2352294921875,0.18173302812499514,0.1796740593749746,216,227,1.0509259259259258,839,3.683281412253375,9,1062,0.0,10996.05652173913,216,250,1.953125,0.19862419687501642,True
0.9,196,41203,1024,6518,815,34,849,6.6328125,6.365234375,1674,0.204345703125,194,0.11589008363201912,963.5,11.09375,18.292286418764384,0.6278388323979224,0.023681640625,0.18173302812499514,0.1796740593749746,815,826,1.0134969325153373,251,41.1139896373057,2,175,0.0,993.5790533736154,787,821,6.4140625,0.19862419687501642,True
0.9,197,43709,1024,4209,527,34,561,4.3828125,4.1103515625,3983,0.4862060546875,436,0.10946522721566658,471.92578125,6.873046875,21.392066574203415,0.6984652782786123,0.05322265625,0.18173302812499514,0.1796740593749746,527,538,1.0208728652751422,140,18.49655172413793,6,294,0.0,479.8927507447865,512,546,4.265625,0.19862419687501642,True
0.9,198,43572,1024,5643,706,34,740,5.78125,5.5107421875,2549,0.3111572265625,364,0.14280109846998823,1778.11328125,17.888671875,15.63120935024158,0.5039678763273775,0.04443359375,0.18173302812499514,0.1796740593749746,706,717,1.0155807365439093,20,22.234159779614323,4,301,0.0,1781.5929549902153,670,704,5.5,0.19862419687501642,True
0.9,199,23390,1024,6260,783,34,817,6.3828125,6.11328125,1932,0.23583984375,177,0.09161490683229814,442.203125,6.41015625,21.674585535038666,0.7630289658575822,0.0216064453125,0.18173302812499514,0.1796740593749746,783,794,1.0140485312899106,475,43.30681818181818,4,133,0.0,469.23937823834194,746,780,6.09375,0.19862419687501642,True
0.925,0,712,1024,6208,776,34,810,6.328125,6.0625,1984,0.2421875,287,0.14465725806451613,1488.1875,14.453125,16.40422708498537,0.5812164324292786,0.0350341796875,0.18173302812499514,0.1796740593749746,776,787,1.0141752577319587,34,28.503496503496503,5,215,0.0,1494.0235294117647,728,762,5.953125,0.19862419687501642,True
0.925,1,24774,1024,5830,729,34,763,5.9609375,5.693359375,2362,0.288330078125,427,0.18077900084674006,1400.03515625,17.498046875,16.669414194941876,0.6712366959109718,0.0521240234375,0.18173302812499514,0.1796740593749746,729,740,1.0150891632373114,88,19.007042253521128,6,353,0.0,1415.237907206318,698,732,5.71875,0.19862419687501642,True
0.925,2,45142,1024,6778,848,34,882,6.890625,6.619140625,1414,0.172607421875,120,0.08486562942008487,513.0,6.96875,21.029629957560942,0.70037300104587,0.0146484375,0.18173302812499514,0.1796740593749746,848,859,1.0129716981132075,305,65.41176470588235,2,115,0.0,532.7707910750507,808,842,6.578125,0.19862419687501642,True
0.925,3,27119,1024,2318,290,34,324,2.53125,2.263671875,5874,0.717041015625,1144,0.1947565543071161,4223.3701171875,30.6162109375,11.87421218157489,0.44413792363946275,0.1396484375,0.18173302812499514,0.1796740593749746,290,301,1.0379310344827586,12,7.15485564304462,9,721,0.0,4227.49853372434,297,331,2.5859375,0.19862419687501642,True
0.925,4,21139,1024,5959,745,34,779,6.0859375,5.8193359375,2233,0.2725830078125,189,0.08463949843260188,1083.796875,10.64453125,17.781324664264638,0.6387802061289417,0.0230712890625,0.18173302812499514,0.1796740593749746,745,756,1.014765100671141,100,42.07446808510638,3,165,0.0,1096.6482213438735,673,707,5.5234375,0.19862419687501642,True
0.925,5,19129,1024,6065,759,34,793,6.1953125,5.9228515625,2127,0.2596435546875,169,0.07945463093559003,513.9375,7.6953125,21.021700532646747,0.8258338961421482,0.0206298828125,0.18173302812499514,0.1796740593749746,759,770,1.0144927536231885,81,47.19642857142857,3,151,0.0,519.0059171597633,694,728,5.6875,0.19862419687501642,True
0.925,6,6433,1024,5623,703,34,737,5.7578125,5.4912109375,2569,0.3135986328125,205,0.07979758660957571,1168.4296875,11.51953125,17.45477777857706,0.29140763000670333,0.0250244140625,0.18173302812499514,0.1796740593749746,703,714,1.0156472261735419,285,37.40196078431372,3,176,0.0,1209.7795753286148,639,673,5.2578125,0.19862419687501642,True
0.925,7,38854,1024,6154,770,34,804,6.28125,6.009765625,2038,0.248779296875,139,0.06820412168792934,427.19140625,4.708984375,21.82457853401118,0.8288838937259588,0.0169677734375,0.18173302812499514,0.1796740593749746,770,781,1.0142857142857142,45,58.55072463768116,4,102,0.0,429.28753680078506,707,741,5.7890625,0.19862419687501642,True
0.925,8,22489,1024,6429,804,34,838,6.546875,6.2783203125,1763,0.2152099609375,152,0.08621667612024958,1575.265625,13.66796875,16.157265648088842,0.7748232116678074,0.0185546875,0.18173302812499514,0.1796740593749746,804,815,1.013681592039801,74,50.00662251655629,2,141,0.0,1589.2334975369458,733,767,5.9921875,0.19862419687501642,True
0.925,9,31104,1024,5455,682,34,716,5.59375,5.3271484375,2737,0.3341064453125,279,0.10193642674461088,790.98828125,9.904296875,19.149103115373137,0.6816956777907819,0.0340576171875,0.18173302812499514,0.1796740593749746,682,693,1.0161290322580645,114,29.035971223021583,3,241,0.0,801.9524752475247,630,664,5.1875,0.19862419687501642,True
0.925,10,21349,1024,6560,820,34,854,6.671875,6.40625,1632,0.19921875,114,0.06985294117647059,428.25,5.046875,21.813829892303623,0.7619547953221798,0.013916015625,0.18173302812499514,0.1796740593749746,820,831,1.0134146341463415,72,70.45132743362832,3,84,0.0,432.04729064039407,778,812,6.34375,0.19862419687501642,True
0.925,11,29116,1024,5523,691,34,725,5.6640625,5.3935546875,2669,0.3258056640625,337,0.12626451854627202,1284.92578125,13.240234375,17.042023178110732,0.653540067054558,0.0411376953125,0.18173302812499514,0.1796740593749746,691,702,1.015918958031838,53,23.63095238095238,4,283,0.0,1292.499017681729,660,694,5.421875,0.19862419687501642,True
0.925,12,10772,1024,6776,847,34,881,6.8828125,6.6171875,1416,0.1728515625,137,0.09675141242937853,866.625,8.984375,18.75249147661082,0.7959442989632773,0.0167236328125,0.18173302812499514,0.1796740593749746,847,858,1.0129870129870129,24,60.00735294117647,3,126,0.0,869.1714005876592,814,848,6.625,0.19862419687501642,True
0.925,13,18332,1024,6769,847,34,881,6.8828125,6.6103515625,1423,0.1737060546875,174,0.12227687983134224,1742.5625,15.0546875,15.718919971002503,0.49427537438915015,0.021240234375,0.18173302812499514,0.1796740593749746,847,858,1.0129870129870129,25,44.861271676300575,3,161,0.0,1747.6826640548481,797,831,6.4921875,0.19862419687501642,True
0.925,14,1003,1024,6589,824,34,858,6.703125,6.4345703125,1603,0.1956787109375,192,0.11977542108546475,948.75,11.140625,18.359285719643736,0.6802287315554209,0.0234375,0.18173302812499514,0.1796740593749746,824,835,1.0133495145631068,257,40.968586387434556,3,171,0.0,979.3548387096774,782,816,6.375,0.19862419687501642,True
0.925,15,22156,1024,6550,819,34,853,6.6640625,6.396484375,1642,0.200439453125,125,0.07612667478684532,498.953125,6.26171875,21.150206138618984,0.8036789409936893,0.0152587890625,0.18173302812499514,0.1796740593749746,819,830,1.0134310134310134,17,64.2741935483871,3,113,0.0,499.92954990215264,766,800,6.25,0.19862419687501642,True
0.925,16,26453,1024,5845,731,34,765,5.9765625,5.7080078125,2347,0.2864990234375,141,0.06007669365146996,299.28125,4.390625,23.370008517678155,0.8365225511240532,0.0172119140625,0.18173302812499514,0.1796740593749746,731,742,1.015047879616963,938,51.785714285714285,3,121,0.0,337.8875413450937,670,704,5.5,0.19862419687501642,True
0.925,17,17039,1024,5945,744,34,778,6.078125,5.8056640625,2247,0.2742919921875,139,0.06186025812194036,282.125,5.1171875,23.626387887820922,0.7033766628061787,0.0169677734375,0.18173302812499514,0.1796740593749746,744,755,1.0147849462365592,250,56.46376811594203,4,123,0.0,290.932527693857,693,727,5.6796875,0.19862419687501642,True
0.925,18,7166,1024,6326,791,34,825,6.4453125,6.177734375,1866,0.227783203125,173,0.09271168274383708,1162.5625,10.9140625,17.47664050767868,0.6764951754933023,0.0211181640625,0.18173302812499514,0.1796740593749746,791,802,1.013906447534766,9,47.53488372093023,4,150,0.0,1163.6989247311828,713,747,5.8359375,0.19862419687501642,True
0.925,19,48310,1024,5562,696,34,730,5.703125,5.431640625,2630,0.321044921875,257,0.09771863117870723,1454.2041015625,14.6943359375,16.504549956367736,0.7305699602006882,0.0313720703125,0.18173302812499514,0.1796740593749746,696,707,1.0158045977011494,244,31.0234375,3,229,0.0,1498.0935613682093,644,678,5.296875,0.19862419687501642,True
0.925,20,12187,1024,4869,609,34,643,5.0234375,4.7548828125,3323,0.4056396484375,348,0.10472464640385194,1675.48046875,16.970703125,15.889409912830354,0.5025081075170107,0.04248046875,0.18173302812499514,0.1796740593749746,609,620,1.0180623973727423,250,22.138328530259365,4,297,0.0,1727.7865055387715,565,599,4.6796875,0.19862419687501642,True
0.925,21,20284,1024,5090,637,34,671,5.2421875,4.970703125,3102,0.378662109375,239,0.07704706640876853,1503.28125,14.1796875,16.360401202036947,0.6175173515316345,0.0291748046875,0.18173302812499514,0.1796740593749746,637,648,1.0172684458398744,179,33.44957983193277,2,223,0.0,1536.2874251497005,582,616,4.8125,0.19862419687501642,True
0.925,22,1052,1024,6474,810,34,844,6.59375,6.322265625,1718,0.209716796875,130,0.07566938300349244,926.765625,9.06640625,18.46110444025413,0.8584375716403916,0.015869140625,0.18173302812499514,0.1796740593749746,810,821,1.0135802469135802,34,62.201550387596896,2,120,0.0,930.4,748,782,6.109375,0.19862419687501642,True
0.925,23,13752,1024,4370,547,34,581,4.5390625,4.267578125,3822,0.466552734375,134,0.03506017791732077,129.015625,2.546875,27.024380502558856,0.8457536485428879,0.016357421875,0.18173302812499514,0.1796740593749746,547,558,1.0201096892138939,26,60.766917293233085,3,104,0.0,129.3947110675808,491,525,4.1015625,0.19862419687501642,True
0.925,24,37139,1024,6277,785,34,819,6.3984375,6.1298828125,1915,0.2337646484375,151,0.07885117493472585,538.16015625,6.849609375,20.82168820099618,0.7888551418352947,0.0184326171875,0.18173302812499514,0.1796740593749746,785,796,1.0140127388535032,44,50.17333333333333,2,126,0.0,540.8007850834151,720,754,5.890625,0.19862419687501642,True
0.925,25,29727,1024,7180,898,34,932,7.28125,7.01171875,1012,0.12353515625,94,0.09288537549407115,598.25,6.109375,20.361976535824354,0.9211701109755451,0.011474609375,0.18173302812499514,0.1796740593749746,898,909,1.012249443207127,17,83.68817204301075,2,90,0.0,599.4207436399217,836,870,6.796875,0.19862419687501642,True
0.925,26,41854,1024,6038,755,34,789,6.1640625,5.896484375,2154,0.262939453125,54,0.025069637883008356,117.75,2.109375,27.421194450669763,0.8615506825258665,0.006591796875,0.18173302812499514,0.1796740593749746,755,766,1.014569536423841,184,143.88679245283018,2,49,0.0,120.45554445554446,682,716,5.59375,0.19862419687501642,True
0.925,27,40333,1024,6801,851,34,885,6.9140625,6.6416015625,1391,0.1697998046875,132,0.09489575844716032,829.5625,8.5390625,18.942312491300882,0.7933604693723577,0.01611328125,0.18173302812499514,0.1796740593749746,851,862,1.0129259694477086,8,61.267175572519086,3,125,0.0,830.3734115347019,810,844,6.59375,0.19862419687501642,True
0.925,28,33248,1024,4869,609,34,643,5.0234375,4.7548828125,3323,0.4056396484375,258,0.07764068612699368,571.310546875,7.58203125,20.56208119290585,0.7123296053638779,0.031494140625,0.18173302812499514,0.1796740593749746,609,620,1.0180623973727423,375,29.750972762645915,5,187,0.0,598.1820040899795,572,606,4.734375,0.19862419687501642,True
0.925,29,9680,1024,6363,796,34,830,6.484375,6.2138671875,1829,0.2232666015625,140,0.07654455986878075,776.625,7.796875,19.22868994246739,0.8155811980374118,0.01708984375,0.18173302812499514,0.1796740593749746,796,807,1.013819095477387,17,57.45323741007194,3,121,0.0,778.1448140900196,734,768,6.0,0.19862419687501642,True
0.925,30,16805,1024,6721,841,34,875,6.8359375,6.5634765625,1471,0.1795654296875,124,0.08429639700883752,612.265625,6.98828125,20.261404837478565,0.6820523534818097,0.01513671875,0.18173302812499514,0.1796740593749746,841,852,1.0130796670630202,19,66.20325203252033,2,114,0.0,613.4637964774951,804,838,6.546875,0.19862419687501642,True
0.925,31,14652,1024,5388,674,34,708,5.53125,5.26171875,2804,0.34228515625,187,0.06669044222539229,495.171875,6.30859375,21.183243914131594,0.5508445202351403,0.0228271484375,0.18173302812499514,0.1796740593749746,674,685,1.0163204747774481,132,37.79032258064516,3,137,0.0,503.031746031746,607,641,5.0078125,0.19862419687501642,True
0.925,32,15793,1024,5737,718,34,752,5.875,5.6025390625,2455,0.2996826171875,98,0.039918533604887986,587.203125,5.66015625,20.442920027087986,0.7615607129230739,0.011962890625,0.18173302812499514,0.1796740593749746,718,729,1.0153203342618384,100,77.82474226804123,2,93,0.0,594.1660079051384,641,675,5.2734375,0.19862419687501642,True
0.925,33,30210,1024,4640,580,34,614,4.796875,4.53125,3552,0.43359375,261,0.07347972972972973,685.33984375,7.580078125,19.77174379644777,0.73179265692465,0.0318603515625,0.18173302812499514,0.1796740593749746,580,591,1.0189655172413794,44,30.796153846153846,4,218,0.0,688.702649656526,514,548,4.28125,0.19862419687501642,True
0.925,34,47426,1024,6354,795,34,829,6.4765625,6.205078125,1838,0.224365234375,206,0.11207834602829161,2038.28125,14.5390625,15.03816251415558,0.8415756896892869,0.025146484375,0.18173302812499514,0.1796740593749746,795,806,1.0138364779874214,10,35.78536585365854,2,170,0.0,2040.2737047898338,754,788,6.15625,0.19862419687501642,True
0.925,35,20875,1024,6172,772,34,806,6.296875,6.02734375,2020,0.24658203125,130,0.06435643564356436,601.203125,6.30859375,20.340591315233514,0.7967847279614821,0.015869140625,0.18173302812499514,0.1796740593749746,772,783,1.0142487046632125,248,61.55813953488372,3,103,0.0,619.9718026183283,712,746,5.828125,0.19862419687501642,True
0.925,36,4161,1024,6488,811,34,845,6.6015625,6.3359375,1704,0.2080078125,131,0.07687793427230047,1153.5048828125,9.0400390625,17.510609236284516,0.8632035686497743,0.0159912109375,0.18173302812499514,0.1796740593749746,811,822,1.0135635018495683,74,62.15384615384615,3,108,0.0,1163.7330049261084,747,781,6.1015625,0.19862419687501642,True
0.925,37,40340,1024,5602,701,34,735,5.7421875,5.470703125,2590,0.316162109375,309,0.1193050193050193,1009.859375,11.47265625,18.088194592769188,0.6979088218069459,0.0377197265625,0.18173302812499514,0.1796740593749746,701,712,1.0156918687589158,205,25.603896103896105,4,234,0.0,1035.131131131131,672,706,5.515625,0.19862419687501642,True
0.925,38,28286,1024,6528,816,34,850,6.640625,6.375,1664,0.203125,110,0.06610576923076923,325.96875,4.7421875,22.999043937848956,0.86615558304235,0.013427734375,0.18173302812499514,0.1796740593749746,816,827,1.0134803921568627,27,71.8348623853211,2,100,0.0,326.92654260528894,754,788,6.15625,0.19862419687501642,True
0.925,39,13256,1024,6974,872,34,906,7.078125,6.810546875,1218,0.148681640625,112,0.09195402298850575,714.625,7.328125,19.590021556455813,0.8031961568902699,0.013671875,0.18173302812499514,0.1796740593749746,872,883,1.0126146788990826,164,69.96396396396396,2,102,0.0,728.8605577689243,821,855,6.6796875,0.19862419687501642,True
0.925,40,48934,1024,6134,767,34,801,6.2578125,5.990234375,2058,0.251220703125,193,0.09378036929057337,1025.90625,10.5234375,18.019726852460586,0.7776498500061393,0.0235595703125,0.18173302812499514,0.1796740593749746,767,778,1.014341590612777,338,40.880208333333336,2,174,0.0,1069.784114052953,733,767,5.9921875,0.19862419687501642,True
0.925,41,11935,1024,5259,658,34,692,5.40625,5.1357421875,2933,0.3580322265625,196,0.06682577565632458,758.70703125,8.013671875,19.3300625199967,0.659372795742762,0.02392578125,0.18173302812499514,0.1796740593749746,658,669,1.0167173252279635,227,39.723076923076924,4,148,0.0,780.0361445783133,610,644,5.03125,0.19862419687501642,True
0.925,42,48447,1024,6556,820,34,854,6.671875,6.40234375,1636,0.19970703125,80,0.0488997555012225,204.0,3.09375,25.034501934420117,0.8228004956501939,0.009765625,0.18173302812499514,0.1796740593749746,820,831,1.0134146341463415,480,95.12658227848101,3,67,0.0,216.69709543568464,759,793,6.1953125,0.19862419687501642,True
0.925,43,15492,1024,7264,908,34,942,7.359375,7.09375,928,0.11328125,95,0.10237068965517242,651.0,6.71875,19.994993722997183,0.7853169345309656,0.0115966796875,0.18173302812499514,0.1796740593749746,908,919,1.0121145374449338,441,81.86170212765957,2,92,0.0,687.9504643962848,868,902,7.046875,0.19862419687501642,True
0.925,44,32513,1024,6839,855,34,889,6.9453125,6.6787109375,1353,0.1651611328125,73,0.05395417590539542,369.0,4.25,22.4605399470885,0.8617471084566577,0.0089111328125,0.18173302812499514,0.1796740593749746,855,866,1.0128654970760234,10,110.0,2,70,0.0,369.36070381231673,787,821,6.4140625,0.19862419687501642,True
0.925,45,36099,1024,5007,626,34,660,5.15625,4.8896484375,3185,0.3887939453125,585,0.1836734693877551,1031.18359375,13.3359375,17.997443661429326,0.6722396766182848,0.0714111328125,0.18173302812499514,0.1796740593749746,626,637,1.0175718849840256,71,13.856164383561644,6,428,0.0,1039.3031496062993,598,632,4.9375,0.19862419687501642,True
0.925,46,39260,1024,4107,514,34,548,4.28125,4.0107421875,4085,0.4986572265625,264,0.06462668298653611,1425.2265625,13.00390625,16.591964529988715,0.43184845312331455,0.0322265625,0.18173302812499514,0.1796740593749746,514,525,1.0214007782101167,1518,25.182509505703422,5,213,0.0,1747.822754491018,442,476,3.71875,0.19862419687501642,True
0.925,47,46517,1024,5653,707,34,741,5.7890625,5.5205078125,2539,0.3099365234375,275,0.10831035840882237,478.390625,8.98828125,21.332977006539902,0.5723697828523415,0.0335693359375,0.18173302812499514,0.1796740593749746,707,718,1.0155586987270155,58,29.251824817518248,4,251,0.0,481.6833824975418,655,689,5.3828125,0.19862419687501642,True
0.925,48,33095,1024,6766,846,34,880,6.875,6.607421875,1426,0.174072265625,111,0.07784011220196353,509.0,6.15625,21.063625785311515,0.7893734147758699,0.0135498046875,0.18173302812499514,0.1796740593749746,846,857,1.0130023640661938,73,72.15454545454546,3,99,0.0,513.5133004926108,792,826,6.453125,0.19862419687501642,True
0.925,49,3,1024,6460,808,34,842,6.578125,6.30859375,1732,0.21142578125,92,0.053117782909930716,361.0,4.65625,22.555731589622525,0.7332324632818142,0.01123046875,0.18173302812499514,0.1796740593749746,808,819,1.0136138613861385,58,89.23076923076923,2,78,0.0,363.4847590953786,745,779,6.0859375,0.19862419687501642,True
0.925,50,21683,1024,6186,774,34,808,6.3125,6.041015625,2006,0.244873046875,151,0.07527417746759721,668.46875,7.21875,19.879992514685366,0.8472999500141466,0.0184326171875,0.18173302812499514,0.1796740593749746,774,785,1.0142118863049097,10,53.88666666666666,4,125,0.0,669.1221896383187,708,742,5.796875,0.19862419687501642,True
0.925,51,13446,1024,6263,783,34,817,6.3828125,6.1162109375,1929,0.2354736328125,185,0.09590461378952825,617.96875,8.5390625,20.221138470181025,0.9052464988254789,0.0225830078125,0.18173302812499514,0.1796740593749746,783,794,1.0140485312899106,73,42.619565217391305,2,173,0.0,623.448275862069,751,785,6.1328125,0.19862419687501642,True
0.925,52,49515,1024,5855,732,34,766,5.984375,5.7177734375,2337,0.2852783203125,440,0.188275566966196,2167.08203125,24.681640625,14.772050097488611,0.49959358210971994,0.0537109375,0.18173302812499514,0.1796740593749746,732,743,1.0150273224043715,177,18.170842824601365,4,385,0.0,2214.6626746506986,692,726,5.671875,0.19862419687501642,True
0.925,53,27943,1024,6489,812,34,846,6.609375,6.3369140625,1703,0.2078857421875,158,0.09277745155607751,1288.890625,11.28515625,17.028642960935315,0.5925225904203177,0.019287109375,0.18173302812499514,0.1796740593749746,812,823,1.0135467980295567,250,49.52866242038217,3,141,0.0,1329.127895266868,753,787,6.1484375,0.19862419687501642,True
0.925,54,29059,1024,6798,850,34,884,6.90625,6.638671875,1394,0.170166015625,220,0.15781922525107603,1766.48828125,13.982421875,15.659696001643209,0.736755603507997,0.02685546875,0.18173302812499514,0.1796740593749746,850,861,1.0129411764705882,9,37.118721461187214,3,172,0.0,1768.215053763441,816,850,6.640625,0.19862419687501642,True
0.925,55,32738,1024,3965,496,34,530,4.140625,3.8720703125,4227,0.5159912109375,346,0.08185474331677313,571.5625,8.203125,20.560166337113994,0.5255262209087612,0.042236328125,0.18173302812499514,0.1796740593749746,496,507,1.0221774193548387,798,20.53913043478261,4,279,0.0,632.7351351351351,451,485,3.7890625,0.19862419687501642,True
0.925,56,445,1024,6918,865,34,899,7.0234375,6.755859375,1274,0.155517578125,124,0.09733124018838304,962.25,9.203125,18.29792441101282,0.6867274143861626,0.01513671875,0.18173302812499514,0.1796740593749746,865,876,1.0127167630057803,33,64.58536585365853,2,117,0.0,966.0235294117647,822,856,6.6875,0.19862419687501642,True
0.925,57,32216,1024,6212,777,34,811,6.3359375,6.06640625,1980,0.24169921875,149,0.07525252525252525,771.125,8.0,19.259555776158745,0.6413137965369597,0.0181884765625,0.18173302812499514,0.1796740593749746,777,788,1.0141570141570142,347,52.63513513513514,2,129,0.0,804.9255861365953,734,768,6.0,0.19862419687501642,True
0.925,58,18250,1024,6754,845,34,879,6.8671875,6.595703125,1438,0.175537109375,142,0.09874826147426982,766.8125,7.8515625,19.283911770625423,0.6937340573360588,0.017333984375,0.18173302812499514,0.1796740593749746,845,856,1.01301775147929,32,57.60283687943262,3,125,0.0,769.8196078431373,804,838,6.546875,0.19862419687501642,True
0.925,59,1684,1024,6006,751,34,785,6.1328125,5.865234375,2186,0.266845703125,330,0.15096065873741996,2370.71875,21.578125,14.382003263195402,0.495195608701323,0.040283203125,0.18173302812499514,0.1796740593749746,751,762,1.014647137150466,136,23.80851063829787,4,278,0.0,2410.7408142999006,706,740,5.78125,0.19862419687501642,True
0.925,60,2899,1024,5929,742,34,776,6.0625,5.7900390625,2263,0.2762451171875,179,0.07909854175872735,462.01953125,6.857421875,21.484200257126332,0.790103863224667,0.0218505859375,0.18173302812499514,0.1796740593749746,742,753,1.0148247978436657,98,45.39887640449438,4,145,0.0,467.498023715415,719,753,5.8828125,0.19862419687501642,True
0.925,61,39428,1024,5480,685,34,719,5.6171875,5.3515625,2712,0.3310546875,209,0.07706489675516225,656.3046875,7.29296875,19.959748547549548,0.700524421884865,0.0255126953125,0.18173302812499514,0.1796740593749746,685,696,1.0160583941605839,54,39.11057692307692,4,176,0.0,660.1728880157171,643,677,5.2890625,0.19862419687501642,True
0.925,62,40758,1024,6355,795,34,829,6.4765625,6.2060546875,1837,0.2242431640625,156,0.0849210669569951,1310.96875,10.71875,16.954880214770746,0.7994841486459366,0.01904296875,0.18173302812499514,0.1796740593749746,795,806,1.0138364779874214,9,52.05161290322581,4,136,0.0,1312.2502443792766,756,790,6.171875,0.19862419687501642,True
0.925,63,29154,1024,6642,831,34,865,6.7578125,6.486328125,1550,0.189208984375,161,0.10387096774193548,968.4375,9.4921875,18.27008762948533,0.7747974427537315,0.0196533203125,0.18173302812499514,0.1796740593749746,831,842,1.01323706377858,98,48.45625,3,133,0.0,979.9209486166008,777,811,6.3359375,0.19862419687501642,True
0.925,64,43958,1024,6512,814,34,848,6.625,6.359375,1680,0.205078125,98,0.058333333333333334,421.3125,5.4140625,21.884760163850437,0.6415772050201728,0.011962890625,0.18173302812499514,0.1796740593749746,814,825,1.0135135135135136,418,79.83505154639175,2,93,0.0,443.85185185185185,758,792,6.1875,0.19862419687501642,True
0.925,65,33814,1024,6758,845,34,879,6.8671875,6.599609375,1434,0.175048828125,214,0.1492329149232915,1482.30078125,14.236328125,16.421440233628758,0.7285651458627644,0.026123046875,0.18173302812499514,0.1796740593749746,845,856,1.01301775147929,18,36.8075117370892,2,199,0.0,1485.20156555773,821,855,6.6796875,0.19862419687501642,True
0.925,66,34153,1024,6333,792,34,826,6.453125,6.1845703125,1859,0.2269287109375,154,0.08284023668639054,1235.17578125,11.451171875,17.213515932361908,0.8270494046321029,0.018798828125,0.18173302812499514,0.1796740593749746,792,803,1.0138888888888888,188,51.49673202614379,3,140,0.0,1263.5564435564436,735,769,6.0078125,0.19862419687501642,True
0.925,67,43609,1024,5985,749,34,783,6.1171875,5.8447265625,2207,0.2694091796875,297,0.13457181694608064,733.3798828125,10.8466796875,19.477513681194512,0.7436807740210304,0.0362548828125,0.18173302812499514,0.1796740593749746,749,760,1.014686248331108,35,27.243243243243242,4,258,0.0,736.2558823529412,698,732,5.71875,0.19862419687501642,True
0.925,68,10762,1024,5909,739,34,773,6.0390625,5.7705078125,2283,0.2786865234375,271,0.11870346035917652,889.49609375,10.373046875,18.639363156616202,0.6130411693564143,0.0330810546875,0.18173302812499514,0.1796740593749746,739,750,1.0148849797023005,408,28.807407407407407,6,196,0.0,936.1192189105858,699,733,5.7265625,0.19862419687501642,True
0.925,69,17898,1024,5707,714,34,748,5.84375,5.5732421875,2485,0.3033447265625,149,0.05995975855130785,864.375,8.1015625,18.763781634145246,0.6005174017371924,0.0181884765625,0.18173302812499514,0.1796740593749746,714,725,1.015406162464986,181,53.82432432432432,4,115,0.0,883.3532934131737,636,670,5.234375,0.19862419687501642,True
0.925,70,43653,1024,5770,722,34,756,5.90625,5.634765625,2422,0.295654296875,191,0.07886044591246903,1134.0439453125,10.2197265625,17.58450476648823,0.7420001459325595,0.0233154296875,0.18173302812499514,0.1796740593749746,722,733,1.0152354570637119,91,41.26842105263158,4,160,0.0,1146.3583415597236,652,686,5.359375,0.19862419687501642,True
0.925,71,14233,1024,6601,826,34,860,6.71875,6.4462890625,1591,0.1942138671875,193,0.1213073538654934,1059.0625,12.2734375,17.88158770350438,0.618309462876129,0.0235595703125,0.18173302812499514,0.1796740593749746,826,837,1.013317191283293,90,39.5,3,182,0.0,1070.5626850937808,782,816,6.375,0.19862419687501642,True
0.925,72,39520,1024,6391,799,34,833,6.5078125,6.2412109375,1801,0.2198486328125,167,0.09272626318711827,995.03125,9.5625,18.15243640434305,0.658739154042373,0.0203857421875,0.18173302812499514,0.1796740593749746,799,810,1.0137672090112642,133,43.54819277108434,3,155,0.0,1010.8253968253969,738,772,6.03125,0.19862419687501642,True
0.925,73,18138,1024,6031,754,34,788,6.15625,5.8896484375,2161,0.2637939453125,127,0.05876908838500694,428.921875,5.16796875,21.807021650612626,0.847879492362729,0.0155029296875,0.18173302812499514,0.1796740593749746,754,765,1.0145888594164456,595,58.214285714285715,3,116,0.0,462.33263157894737,692,726,5.671875,0.19862419687501642,True
0.925,74,9212,1024,5534,692,34,726,5.671875,5.404296875,2658,0.324462890625,185,0.06960120391271633,1010.453125,9.49609375,18.085641895044905,0.5903396378034101,0.0225830078125,0.18173302812499514,0.1796740593749746,692,703,1.0158959537572254,82,42.141304347826086,3,167,0.0,1020.4181459566075,645,679,5.3046875,0.19862419687501642,True
0.925,75,6456,1024,6508,814,34,848,6.625,6.35546875,1684,0.20556640625,223,0.1324228028503563,1128.1875,12.9140625,17.60699077312517,0.6586740414499502,0.0272216796875,0.18173302812499514,0.1796740593749746,814,825,1.0135135135135136,27,35.38288288288288,4,201,0.0,1131.5024485798237,771,805,6.2890625,0.19862419687501642,True
0.925,76,22948,1024,5806,726,34,760,5.9375,5.669921875,2386,0.291259765625,249,0.10435875943000839,602.14453125,9.775390625,20.333796144762374,0.6026032311284812,0.0303955078125,0.18173302812499514,0.1796740593749746,726,737,1.0151515151515151,257,30.524193548387096,2,231,0.0,621.5685483870968,671,705,5.5078125,0.19862419687501642,True
0.925,77,7591,1024,6918,865,34,899,7.0234375,6.755859375,1274,0.155517578125,114,0.08948194662480377,710.25,7.703125,19.61669118472937,0.7399160638235875,0.013916015625,0.18173302812499514,0.1796740593749746,865,876,1.0127167630057803,18,69.51327433628319,2,111,0.0,711.6399217221135,826,860,6.71875,0.19862419687501642,True
0.925,78,29996,1024,5699,713,34,747,5.8359375,5.5654296875,2493,0.3043212890625,331,0.1327717609306057,1931.5263671875,17.0888671875,15.271797198103823,0.5455503704211062,0.0404052734375,0.18173302812499514,0.1796740593749746,713,724,1.0154277699859748,108,22.227272727272727,4,256,0.0,1956.3630069238377,668,702,5.484375,0.19862419687501642,True
0.925,79,10378,1024,4191,524,34,558,4.359375,4.0927734375,4001,0.4884033203125,956,0.23894026493376655,2354.931640625,26.36328125,14.411020559975773,0.5629720749564765,0.11669921875,0.18173302812499514,0.1796740593749746,524,535,1.0209923664122138,78,8.373821989528796,4,742,0.0,2375.8128078817736,558,592,4.625,0.19862419687501642,True
0.925,80,27337,1024,5207,651,34,685,5.3515625,5.0849609375,2985,0.3643798828125,193,0.06465661641541039,620.11328125,8.365234375,20.20609327937635,0.7425366270154967,0.0235595703125,0.18173302812499514,0.1796740593749746,651,662,1.0168970814132103,42,42.34375,4,158,0.0,623.1560353287537,583,617,4.8203125,0.19862419687501642,True
0.925,81,19965,1024,5788,724,34,758,5.921875,5.65234375,2404,0.29345703125,264,0.10981697171381032,1420.890625,13.91796875,16.60519712065801,0.5658255909920902,0.0322265625,0.18173302812499514,0.1796740593749746,724,735,1.0151933701657458,33,29.475285171102662,3,210,0.0,1426.4627450980392,661,695,5.4296875,0.19862419687501642,True
0.925,82,24405,1024,6586,824,34,858,6.703125,6.431640625,1606,0.196044921875,136,0.08468244084682441,409.3125,5.6328125,22.010253530950337,0.7829869005289825,0.0166015625,0.18173302812499514,0.1796740593749746,824,835,1.0133495145631068,57,60.02962962962963,3,105,0.0,412.1297935103245,759,793,6.1953125,0.19862419687501642,True
0.925,83,45135,1024,6540,818,34,852,6.65625,6.38671875,1652,0.20166015625,98,0.059322033898305086,721.25,6.859375,19.549945347041223,0.8074734092916431,0.011962890625,0.18173302812499514,0.1796740593749746,818,829,1.0134474327628362,74,71.16494845360825,2,87,0.0,727.6453201970444,763,797,6.2265625,0.19862419687501642,True
0.925,84,11274,1024,6272,784,34,818,6.390625,6.125,1920,0.234375,159,0.0828125,907.06640625,9.478515625,18.55441277983966,0.7198921882862277,0.0194091796875,0.18173302812499514,0.1796740593749746,784,795,1.0140306122448979,43,49.91772151898734,3,149,0.0,911.5171736997056,730,764,5.96875,0.19862419687501642,True
0.925,85,1941,1024,6358,795,34,829,6.4765625,6.208984375,1834,0.223876953125,115,0.06270447110141766,446.3125,5.2734375,21.634413104490662,0.663796435736748,0.0140380859375,0.18173302812499514,0.1796740593749746,795,806,1.0138364779874214,19,67.84210526315789,3,94,0.0,447.18590998043055,739,773,6.0390625,0.19862419687501642,True
0.925,86,48940,1024,6725,841,34,875,6.8359375,6.5673828125,1467,0.1790771484375,115,0.07839127471029311,494.5,6.21875,21.18914064934712,0.8269455154805981,0.0140380859375,0.18173302812499514,0.1796740593749746,841,852,1.0130796670630202,10,70.65789473684211,2,113,0.0,494.9833822091887,787,821,6.4140625,0.19862419687501642,True
0.925,87,36794,1024,6429,804,34,838,6.546875,6.2783203125,1763,0.2152099609375,127,0.07203630175836642,671.0,7.34375,19.86357840698918,0.75218403247113,0.0155029296875,0.18173302812499514,0.1796740593749746,804,815,1.013681592039801,112,63.76190476190476,3,116,0.0,680.3009900990099,745,779,6.0859375,0.19862419687501642,True
0.925,88,21994,1024,6229,779,34,813,6.3515625,6.0830078125,1963,0.2396240234375,260,0.13245033112582782,1433.15625,14.2734375,16.56786818890997,0.5791254818502926,0.03173828125,0.18173302812499514,0.1796740593749746,779,790,1.0141206675224648,51,31.35135135135135,3,225,0.0,1441.6031434184677,741,775,6.0546875,0.19862419687501642,True
0.925,89,49944,1024,6028,754,34,788,6.15625,5.88671875,2164,0.26416015625,235,0.10859519408502773,979.328125,10.51953125,18.221521338233707,0.6502466987389607,0.0286865234375,0.18173302812499514,0.1796740593749746,754,765,1.0145888594164456,48,34.72222222222222,5,189,0.0,985.1001964636542,695,729,5.6953125,0.19862419687501642,True
0.925,90,43442,1024,2707,339,34,373,2.9140625,2.6435546875,5485,0.6695556640625,265,0.04831358249772106,411.12109375,4.693359375,21.99110600788581,0.6218299114823947,0.0323486328125,0.18173302812499514,0.1796740593749746,339,350,1.0324483775811208,188,21.795454545454547,5,189,0.0,420.56743256743255,270,304,2.375,0.19862419687501642,True
0.925,91,45096,1024,5493,687,34,721,5.6328125,5.3642578125,2699,0.3294677734375,222,0.08225268618006669,582.09375,8.921875,20.480874246221706,0.7429831447881907,0.027099609375,0.18173302812499514,0.1796740593749746,687,698,1.0160116448326055,485,33.873303167420815,3,187,0.0,618.3236514522822,631,665,5.1953125,0.19862419687501642,True
0.925,92,42430,1024,4758,595,34,629,4.9140625,4.646484375,3434,0.419189453125,361,0.10512521840419337,789.0546875,9.18359375,19.159732566997885,0.40355888406363233,0.0440673828125,0.18173302812499514,0.1796740593749746,595,606,1.0184873949579831,92,22.466666666666665,5,244,0.0,797.6229022704837,557,591,4.6171875,0.19862419687501642,True
0.925,93,42255,1024,5868,734,34,768,6.0,5.73046875,2324,0.28369140625,249,0.10714285714285714,1998.1875,17.96875,15.124441230266285,0.35469015367963214,0.0303955078125,0.18173302812499514,0.1796740593749746,734,745,1.0149863760217983,493,30.25,5,211,0.0,2124.760124610592,674,708,5.53125,0.19862419687501642,True
0.925,94,5771,1024,3905,489,34,523,4.0859375,3.8134765625,4287,0.5233154296875,1879,0.43830184278049916,14424.505859375,77.455078125,6.539794164212507,0.33654878377295844,0.2293701171875,0.18173302812499514,0.1796740593749746,489,500,1.0224948875255624,171,4.267305644302449,10,913,0.0,14726.51445663011,468,502,3.921875,0.19862419687501642,True
0.925,95,8320,1024,6825,854,34,888,6.9375,6.6650390625,1367,0.1668701171875,131,0.0958302852962692,910.375,9.046875,18.538600379055836,0.7339064231476332,0.0159912109375,0.18173302812499514,0.1796740593749746,854,865,1.0128805620608898,169,61.66153846153846,4,117,0.0,929.4356929212363,816,850,6.640625,0.19862419687501642,True
0.925,96,48807,1024,6495,812,34,846,6.609375,6.3427734375,1697,0.2071533203125,177,0.10430170889805539,996.1875,10.0078125,18.147392728944354,0.6442904626478739,0.0216064453125,0.18173302812499514,0.1796740593749746,812,823,1.0135467980295567,272,44.82386363636363,3,154,0.0,1030.4,764,798,6.234375,0.19862419687501642,True
0.925,97,2675,1024,4446,556,34,590,4.609375,4.341796875,3746,0.457275390625,393,0.10491190603310198,548.046875,8.98046875,20.742626551514,0.6819479841556727,0.0479736328125,0.18173302812499514,0.1796740593749746,556,567,1.0197841726618706,98,20.637755102040817,5,302,0.0,554.5454545454545,505,539,4.2109375,0.19862419687501642,True
0.925,98,37658,1024,5779,723,34,757,5.9140625,5.6435546875,2413,0.2945556640625,235,0.09738914214670534,764.2646484375,7.6650390625,19.29836589394406,0.9285297995559778,0.0286865234375,0.18173302812499514,0.1796740593749746,723,734,1.0152143845089903,66,34.7008547008547,4,175,0.0,770.2824803149606,669,703,5.4921875,0.19862419687501642,True
0.925,99,45710,1024,6515,815,34,849,6.6328125,6.3623046875,1677,0.2047119140625,77,0.045915324985092425,372.6875,4.2109375,22.417355341780958,0.8621663233286428,0.0093994140625,0.18173302812499514,0.1796740593749746,815,826,1.0134969325153373,17,105.69736842105263,3,63,0.0,373.4168297455969,744,778,6.078125,0.19862419687501642,True
0.925,100,15813,1024,5526,691,34,725,5.6640625,5.396484375,2666,0.325439453125,270,0.10127531882970743,592.171875,7.76953125,20.406325839922076,0.7215188915464793,0.032958984375,0.18173302812499514,0.1796740593749746,691,702,1.015918958031838,197,29.513011152416357,4,179,0.0,606.384,652,686,5.359375,0.19862419687501642,True
0.925,101,7135,1024,6685,836,34,870,6.796875,6.5283203125,1507,0.1839599609375,133,0.08825481088254811,938.0625,9.0546875,18.408485859207634,0.5440596840819635,0.0162353515625,0.18173302812499514,0.1796740593749746,836,847,1.013157894736842,80,60.015151515151516,3,119,0.0,947.3136094674556,782,816,6.375,0.19862419687501642,True
0.925,102,31775,1024,6279,785,34,819,6.3984375,6.1318359375,1913,0.2335205078125,179,0.09357030841610037,660.078125,7.41015625,19.934850204041727,0.7254011327773257,0.0218505859375,0.18173302812499514,0.1796740593749746,785,796,1.0140127388535032,257,40.23033707865169,4,131,0.0,681.3709677419355,724,758,5.921875,0.19862419687501642,True
0.925,103,31772,1024,6032,754,34,788,6.15625,5.890625,2160,0.263671875,142,0.06574074074074074,374.50390625,4.759765625,22.396240089152755,0.8393158222951141,0.017333984375,0.18173302812499514,0.1796740593749746,754,765,1.0145888594164456,88,57.38297872340426,3,125,0.0,378.5705824284304,699,733,5.7265625,0.19862419687501642,True
0.925,104,25160,1024,5512,689,34,723,5.6484375,5.3828125,2680,0.3271484375,175,0.06529850746268656,666.84375,7.4921875,19.89056275770303,0.5981183845234969,0.0213623046875,0.18173302812499514,0.1796740593749746,689,700,1.0159651669085632,136,46.14367816091954,3,140,0.0,678.1012909632572,621,655,5.1171875,0.19862419687501642,True
0.925,105,36108,1024,5446,681,34,715,5.5859375,5.318359375,2746,0.335205078125,247,0.08994901675163874,572.2421875,8.90625,20.555004886585962,0.6523012428240853,0.0301513671875,0.18173302812499514,0.1796740593749746,681,692,1.0161527165932451,140,32.707317073170735,3,227,0.0,581.9026812313804,632,666,5.203125,0.19862419687501642,True
0.925,106,1260,1024,5653,707,34,741,5.7890625,5.5205078125,2539,0.3099365234375,225,0.08861756597085467,791.7890625,8.90234375,19.14470862603914,0.6422442823585778,0.0274658203125,0.18173302812499514,0.1796740593749746,707,718,1.0155586987270155,92,36.004464285714285,4,203,0.0,800.3869693978282,665,699,5.4609375,0.19862419687501642,True
0.925,107,37885,1024,6347,794,34,828,6.46875,6.1982421875,1845,0.2252197265625,127,0.06883468834688347,745.875,7.421875,19.40414310015756,0.7484159265000426,0.0155029296875,0.18173302812499514,0.1796740593749746,794,805,1.013853904282116,268,62.76984126984127,3,109,0.0,770.7124117053481,745,779,6.0859375,0.19862419687501642,True
0.925,108,41535,1024,3493,437,34,471,3.6796875,3.4111328125,4699,0.5736083984375,1456,0.30985316024686105,6082.0576171875,46.8583984375,10.290298308361749,0.360784766177443,0.177734375,0.18173302812499514,0.1796740593749746,437,448,1.0251716247139588,127,5.516151202749141,7,870,0.0,6172.474727452924,425,459,3.5859375,0.19862419687501642,True
0.925,109,44889,1024,5751,719,34,753,5.8828125,5.6162109375,2441,0.2979736328125,356,0.14584186808684965,1800.90234375,17.490234375,15.575901975877377,0.6170562550006536,0.04345703125,0.18173302812499514,0.1796740593749746,719,730,1.015299026425591,85,22.82816901408451,5,284,0.0,1818.6627218934912,678,712,5.5625,0.19862419687501642,True
0.925,110,28184,1024,6670,834,34,868,6.78125,6.513671875,1522,0.185791015625,49,0.032194480946123524,218.25,2.609375,24.74126108490303,0.9372552346230013,0.0059814453125,0.18173302812499514,0.1796740593749746,834,845,1.013189448441247,40,169.5625,3,41,0.0,219.32090284592738,757,791,6.1796875,0.19862419687501642,True
0.925,111,25319,1024,6449,807,34,841,6.5703125,6.2978515625,1743,0.2127685546875,205,0.11761331038439472,1668.953125,15.36328125,15.90636221815819,0.7224297454027191,0.0250244140625,0.18173302812499514,0.1796740593749746,807,818,1.01363073110285,27,39.6764705882353,3,183,0.0,1673.8570029382959,762,796,6.21875,0.19862419687501642,True
0.925,112,11010,1024,5631,704,34,738,5.765625,5.4990234375,2561,0.3126220703125,483,0.18859820382663023,1790.125,24.3203125,15.601970031199519,0.5681314840487879,0.0589599609375,0.18173302812499514,0.1796740593749746,704,715,1.015625,40,15.95435684647303,4,422,0.0,1798.9087340529932,653,687,5.3671875,0.19862419687501642,True
0.925,113,33880,1024,6293,787,34,821,6.4140625,6.1455078125,1899,0.2318115234375,140,0.0737230121116377,764.0,8.125,19.299870022922207,0.5036031482661695,0.01708984375,0.18173302812499514,0.1796740593749746,787,798,1.013977128335451,8,54.10791366906475,3,117,0.0,764.7468230694037,730,764,5.96875,0.19862419687501642,True
0.925,114,19307,1024,5232,654,34,688,5.375,5.109375,2960,0.361328125,299,0.10101351351351351,1106.125,12.1640625,17.69276152757527,0.5995659320393505,0.0364990234375,0.18173302812499514,0.1796740593749746,654,665,1.0168195718654434,165,25.815436241610737,4,247,0.0,1128.1593625498008,597,631,4.9296875,0.19862419687501642,True
0.925,115,12236,1024,2385,299,34,333,2.6015625,2.3291015625,5807,0.7088623046875,925,0.15929051145169623,3441.646484375,23.388671875,12.763141020146605,0.4527856456128607,0.1129150390625,0.18173302812499514,0.1796740593749746,299,310,1.0367892976588629,61,8.720779220779221,7,621,0.0,3465.3352999016715,295,329,2.5703125,0.19862419687501642,True
0.925,116,13805,1024,5461,683,34,717,5.6015625,5.3330078125,2731,0.3333740234375,345,0.1263273526180886,1413.65625,15.96875,16.627365432581534,0.5788808290219705,0.0421142578125,0.18173302812499514,0.1796740593749746,683,694,1.0161054172767203,88,23.38081395348837,4,299,0.0,1429.0069101678184,626,660,5.15625,0.19862419687501642,True
0.925,117,5814,1024,4855,607,34,641,5.0078125,4.7412109375,3337,0.4073486328125,233,0.06982319448606533,570.89453125,7.103515625,20.565244780632305,0.6795546665372532,0.0284423828125,0.18173302812499514,0.1796740593749746,607,618,1.0181219110378912,116,34.0301724137931,4,180,0.0,578.8079207920792,556,590,4.609375,0.19862419687501642,True
0.925,118,48485,1024,6402,801,34,835,6.5234375,6.251953125,1790,0.218505859375,120,0.0670391061452514,767.375,8.015625,19.280727144795566,0.8253822103638518,0.0146484375,0.18173302812499514,0.1796740593749746,801,812,1.013732833957553,305,65.6218487394958,2,109,0.0,796.9492900608519,741,775,6.0546875,0.19862419687501642,True
0.925,119,12248,1024,4354,545,34,579,4.5234375,4.251953125,3838,0.468505859375,781,0.20349140177175612,2176.9326171875,20.6884765625,14.752353743792021,0.5103343415224093,0.0953369140625,0.18173302812499514,0.1796740593749746,545,556,1.0201834862385322,13,10.364102564102565,6,532,0.0,2179.060606060606,528,562,4.390625,0.19862419687501642,True
0.925,120,458,1024,6409,802,34,836,6.53125,6.2587890625,1783,0.2176513671875,249,0.13965227145260797,1561.5,15.34375,16.19538372301693,0.5574123136553016,0.0303955078125,0.18913551015623398,0.18497706093751276,802,813,1.013715710723192,16,31.528225806451612,4,218,0.0,1564.5557729941293,754,788,6.15625,0.20065123984375077,True
0.925,121,319,1024,5915,740,34,774,6.046875,5.7763671875,2277,0.2779541015625,162,0.07114624505928854,584.12109375,5.791015625,20.46577471125705,0.9047777646984604,0.019775390625,0.18913551015623398,0.18497706093751276,740,751,1.0148648648648648,132,49.88819875776397,3,134,0.0,593.3928571428571,698,732,5.71875,0.20065123984375077,True
0.925,122,21496,1024,6090,762,34,796,6.21875,5.947265625,2102,0.256591796875,303,0.14414843006660324,1071.33203125,14.154296875,17.831562709959194,0.666531208558336,0.0369873046875,0.18913551015623398,0.18497706093751276,762,773,1.0144356955380578,44,26.95364238410596,4,262,0.0,1076.5888125613346,721,755,5.8984375,0.20065123984375077,True
0.925,123,20390,1024,5785,724,34,758,5.921875,5.6494140625,2407,0.2938232421875,320,0.13294557540506854,1279.0,14.3046875,17.062098163892564,0.5349632760284926,0.0390625,0.18913551015623398,0.18497706093751276,724,735,1.0151933701657458,265,24.68025078369906,3,257,0.0,1321.590312815338,690,724,5.65625,0.20065123984375077,True
0.925,124,33691,1024,5801,726,34,760,5.9375,5.6650390625,2391,0.2918701171875,227,0.09493935591802594,2452.546875,20.71484375,14.234630441597393,0.5682543281588343,0.0277099609375,0.18913551015623398,0.18497706093751276,726,737,1.0151515151515151,178,35.35840707964602,3,215,0.0,2506.395209580838,655,689,5.3828125,0.20065123984375077,True
0.925,125,33872,1024,7054,882,34,916,7.15625,6.888671875,1138,0.138916015625,134,0.11775043936731107,1030.75,9.578125,17.999270173945142,0.6119085440223357,0.016357421875,0.18913551015623398,0.18497706093751276,882,893,1.0124716553287982,138,57.07518796992481,2,122,0.0,1048.1509433962265,852,886,6.921875,0.20065123984375077,True
0.925,126,46987,1024,4798,600,34,634,4.953125,4.685546875,3394,0.414306640625,223,0.06570418385385975,461.15234375,6.271484375,21.49235940640283,0.7389211008621498,0.0272216796875,0.18913551015623398,0.18497706093751276,600,611,1.0183333333333333,181,36.031531531531535,5,168,0.0,471.27744510978044,559,593,4.6328125,0.20065123984375077,True
0.925,127,26772,1024,6390,799,34,833,6.5078125,6.240234375,1802,0.219970703125,122,0.06770255271920089,507.1875,6.1796875,21.079118193615844,0.6998413459051217,0.014892578125,0.18913551015623398,0.18497706093751276,799,810,1.0137672090112642,250,60.6198347107438,2,116,0.0,523.0211480362537,739,773,6.0390625,0.20065123984375077,True
0.925,128,7057,1024,5610,702,34,736,5.75,5.478515625,2582,0.315185546875,285,0.11037955073586367,1209.0,12.1171875,17.306540600071386,0.6682932331467841,0.0347900390625,0.18913551015623398,0.18497706093751276,702,713,1.0156695156695157,99,28.482394366197184,4,229,0.0,1223.3359683794467,656,690,5.390625,0.20065123984375077,True
0.925,129,30014,1024,6093,762,34,796,6.21875,5.9501953125,2099,0.2562255859375,203,0.09671272034302049,814.66015625,9.083984375,19.02103884699541,0.8180921702557573,0.0247802734375,0.18913551015623398,0.18497706093751276,762,773,1.0144356955380578,18,40.2029702970297,3,177,0.0,816.2544031311155,698,732,5.71875,0.20065123984375077,True
0.925,130,48237,1024,5979,748,34,782,6.109375,5.8388671875,2213,0.2701416015625,114,0.05151378219611387,353.625,5.0625,22.645374004028632,0.6579147425168731,0.013916015625,0.18913551015623398,0.18497706093751276,748,759,1.0147058823529411,377,68.26548672566372,3,99,0.0,370.63664278403274,687,721,5.6328125,0.20065123984375077,True
0.925,131,4823,1024,5921,741,34,775,6.0546875,5.7822265625,2271,0.2772216796875,235,0.10347864376926465,1374.5,13.546875,16.74935616688423,0.7263655684307633,0.0286865234375,0.18913551015623398,0.18497706093751276,741,752,1.0148448043184886,155,34.01709401709402,3,209,0.0,1400.4855721393035,696,730,5.703125,0.20065123984375077,True
0.925,132,26627,1024,6317,790,34,824,6.4375,6.1689453125,1875,0.2288818359375,276,0.1472,1390.25,14.140625,16.699874571189724,0.666502506718719,0.03369140625,0.18913551015623398,0.18497706093751276,790,801,1.0139240506329115,51,29.494545454545456,3,223,0.0,1398.4440078585462,753,787,6.1484375,0.20065123984375077,True
0.925,133,12293,1024,7045,881,34,915,7.1484375,6.8798828125,1147,0.1400146484375,102,0.08892763731473409,589.75,6.265625,20.42412411310277,0.8037447680436344,0.012451171875,0.18913551015623398,0.18497706093751276,881,892,1.0124858115777526,674,72.37623762376238,3,90,0.0,642.4510638297872,851,885,6.9140625,0.20065123984375077,True
0.925,134,32803,1024,5745,719,34,753,5.8828125,5.6103515625,2447,0.2987060546875,182,0.07437678790355537,560.8125,7.5390625,20.642626757728543,0.5351889729006651,0.022216796875,0.18913551015623398,0.18497706093751276,719,730,1.015299026425591,34,43.45303867403315,4,163,0.0,563.0117647058823,648,682,5.328125,0.20065123984375077,True
0.925,135,41882,1024,5099,638,34,672,5.25,4.9794921875,3093,0.3775634765625,268,0.08664726802457161,978.95703125,11.107421875,18.223167308630902,0.7422965569753408,0.03271484375,0.18913551015623398,0.18497706093751276,638,649,1.0172413793103448,158,30.06367041198502,4,218,0.0,997.4646766169154,587,621,4.8515625,0.20065123984375077,True
0.925,136,10235,1024,6221,778,34,812,6.34375,6.0751953125,1971,0.2406005859375,198,0.1004566210045662,1486.25,13.5625,16.40988493241162,0.4014414206076139,0.024169921875,0.18913551015623398,0.18497706093751276,778,789,1.0141388174807198,25,41.26903553299493,3,176,0.0,1490.617042115573,731,765,5.9765625,0.20065123984375077,True
0.925,137,30033,1024,6450,807,34,841,6.5703125,6.298828125,1742,0.212646484375,137,0.07864523536165327,855.453125,8.58203125,18.80884143731388,0.7545045225294187,0.0167236328125,0.18913551015623398,0.18497706093751276,807,818,1.01363073110285,139,59.00735294117647,4,124,0.0,869.8947368421053,779,813,6.3515625,0.20065123984375077,True
0.925,138,20042,1024,6720,840,34,874,6.828125,6.5625,1472,0.1796875,117,0.07948369565217392,585.953125,6.36328125,20.45217486092308,0.7888448137883967,0.0142822265625,0.18913551015623398,0.18497706093751276,840,851,1.013095238095238,33,68.36206896551724,4,98,0.0,588.2509803921569,791,825,6.4453125,0.20065123984375077,True
0.925,139,29399,1024,6121,766,34,800,6.25,5.9775390625,2071,0.2528076171875,221,0.1067117334620956,889.55078125,10.072265625,18.63909615432615,0.5828586771495813,0.0269775390625,0.18913551015623398,0.18497706093751276,766,777,1.014360313315927,99,36.50909090909091,5,178,0.0,900.098814229249,720,754,5.890625,0.20065123984375077,True
0.925,140,6463,1024,7037,880,34,914,7.140625,6.8720703125,1155,0.1409912109375,72,0.06233766233766234,353.75,4.078125,22.643839123355637,0.7724795033099978,0.0087890625,0.18913551015623398,0.18497706093751276,880,891,1.0125,11,105.11267605633803,2,68,0.0,354.09579667644186,850,884,6.90625,0.20065123984375077,True
0.925,141,25920,1024,4976,622,34,656,5.125,4.859375,3216,0.392578125,283,0.08799751243781094,2017.078125,18.52734375,15.083576413366917,0.5336403959800767,0.0345458984375,0.18913551015623398,0.18497706093751276,622,633,1.017684887459807,349,27.078014184397162,4,262,0.0,2105.4923547400613,572,606,4.734375,0.20065123984375077,True
0.925,142,10327,1024,7349,919,34,953,7.4453125,7.1767578125,843,0.1029052734375,163,0.1933570581257414,1272.33984375,9.552734375,17.08477233397867,0.9365412549792269,0.0198974609375,0.18913551015623398,0.18497706093751276,919,930,1.0119695321001088,12,48.870370370370374,5,122,0.0,1273.58357771261,883,917,7.1640625,0.20065123984375077,True
0.925,143,3805,1024,6238,780,34,814,6.359375,6.091796875,1954,0.238525390625,155,0.07932446264073695,605.46875,7.2890625,20.30988628009468,0.6505087726859413,0.0189208984375,0.18913551015623398,0.18497706093751276,780,791,1.014102564102564,76,49.8051948051948,3,136,0.0,610.8374384236453,731,765,5.9765625,0.20065123984375077,True
0.925,144,37879,1024,3753,470,34,504,3.9375,3.6650390625,4439,0.5418701171875,409,0.0921378688893895,321.6025390625,6.0322265625,23.057608920089095,0.6270018109842682,0.0499267578125,0.18913551015623398,0.18497706093751276,470,481,1.023404255319149,220,19.372549019607842,5,289,0.0,330.3119358074223,421,455,3.5546875,0.20065123984375077,True
0.925,145,22721,1024,5885,736,34,770,6.015625,5.7470703125,2307,0.2816162109375,191,0.08279150411790204,1465.765625,13.33203125,16.470158284254634,0.3985530534093319,0.0233154296875,0.18913551015623398,0.18497706093751276,736,747,1.014945652173913,757,37.963157894736845,3,165,0.0,1613.9182795698925,658,692,5.40625,0.20065123984375077,True
0.925,146,43932,1024,6485,811,34,845,6.6015625,6.3330078125,1707,0.2083740234375,172,0.10076157000585823,1299.71875,11.34375,16.99230976667056,0.8423806069577501,0.02099609375,0.18913551015623398,0.18497706093751276,811,822,1.0135635018495683,35,47.63157894736842,3,152,0.0,1304.8156862745097,754,788,6.15625,0.20065123984375077,True
0.925,147,47270,1024,6791,849,34,883,6.8984375,6.6318359375,1401,0.1710205078125,77,0.054960742326909354,596.5625,5.1640625,20.374244107941493,0.9246904206372374,0.0093994140625,0.18913551015623398,0.18497706093751276,849,860,1.0129564193168434,50,106.96052631578948,3,68,0.0,600.0785854616896,788,822,6.421875,0.20065123984375077,True
0.925,148,11091,1024,5534,692,34,726,5.671875,5.404296875,2658,0.324462890625,255,0.09593679458239278,881.109375,10.44140625,18.680505387094254,0.5440936423387972,0.0311279296875,0.18913551015623398,0.18497706093751276,692,703,1.0158959537572254,17,31.409448818897637,4,202,0.0,882.8336594911938,635,669,5.2265625,0.20065123984375077,True
0.925,149,9736,1024,6406,801,34,835,6.5234375,6.255859375,1786,0.218017578125,95,0.05319148936170213,358.75,4.234375,22.582884511258612,0.7048992501860112,0.0115966796875,0.18913551015623398,0.18497706093751276,801,812,1.013732833957553,832,76.70212765957447,3,71,0.0,399.30434782608694,740,774,6.046875,0.20065123984375077,True
0.925,150,23206,1024,5462,683,34,717,5.6015625,5.333984375,2730,0.333251953125,488,0.17875457875457876,1313.8359375,16.63671875,16.945392238686072,0.3415966572542542,0.0595703125,0.18913551015623398,0.18497706093751276,683,694,1.0161054172767203,92,16.125256673511295,5,358,0.0,1328.102665350444,641,675,5.2734375,0.20065123984375077,True
0.925,151,25039,1024,7132,892,34,926,7.234375,6.96484375,1060,0.12939453125,134,0.12641509433962264,1145.5,10.71875,17.54085267342494,0.5854561482035444,0.016357421875,0.18913551015623398,0.18497706093751276,892,903,1.0123318385650224,825,54.97744360902256,2,129,0.0,1273.6069489685126,857,891,6.9609375,0.20065123984375077,True
0.925,152,21014,1024,4095,512,34,546,4.265625,3.9990234375,4097,0.5001220703125,717,0.17500610202587258,4268.7529296875,28.1669921875,11.827793417815872,0.4555868212941473,0.0875244140625,0.18913551015623398,0.18497706093751276,512,523,1.021484375,87,11.184357541899441,6,502,0.0,4310.851084812623,492,526,4.109375,0.20065123984375077,True
0.925,153,32412,1024,6889,862,34,896,7.0,6.7275390625,1303,0.1590576171875,110,0.0844205679201842,626.25,6.640625,20.163326219926084,0.6821196055028235,0.013427734375,0.18913551015623398,0.18497706093751276,862,873,1.0127610208816706,88,74.14678899082568,3,97,0.0,633.0503455083909,817,851,6.6484375,0.20065123984375077,True
0.925,154,34022,1024,4587,574,34,608,4.75,4.4794921875,3605,0.4400634765625,140,0.038834951456310676,293.3984375,3.73046875,23.45622564199552,0.8066797437173273,0.01708984375,0.18913551015623398,0.18497706093751276,574,585,1.019163763066202,397,55.71223021582734,5,106,0.0,308.14358974358976,506,540,4.21875,0.20065123984375077,True
0.925,155,21369,1024,5218,653,34,687,5.3671875,5.095703125,2974,0.363037109375,586,0.19704102219233355,863.1328125,13.6484375,18.770027339847005,0.6782099438875506,0.071533203125,0.18913551015623398,0.18497706093751276,653,664,1.0168453292496171,514,12.30940170940171,3,548,0.0,920.675,602,636,4.96875,0.20065123984375077,True
0.925,156,41654,1024,6354,795,34,829,6.4765625,6.205078125,1838,0.224365234375,218,0.11860718171926006,872.875,10.625,18.721283058188373,0.4953174716376958,0.026611328125,0.18913551015623398,0.18497706093751276,795,806,1.0138364779874214,58,36.60829493087557,3,189,0.0,878.8829891838741,753,787,6.1484375,0.20065123984375077,True
0.925,157,11953,1024,6195,775,34,809,6.3203125,6.0498046875,1997,0.2437744140625,204,0.10215322984476716,1238.1484375,11.16796875,17.203076469409027,0.7125602240477327,0.02490234375,0.18913551015623398,0.18497706093751276,775,786,1.0141935483870967,78,38.206896551724135,5,169,0.0,1249.127093596059,721,755,5.8984375,0.20065123984375077,True
0.925,158,13700,1024,6062,758,34,792,6.1875,5.919921875,2130,0.260009765625,162,0.07605633802816901,485.578125,5.53515625,21.268212470630186,0.8412833231345653,0.019775390625,0.18913551015623398,0.18497706093751276,758,769,1.0145118733509235,104,49.01863354037267,4,101,0.0,491.8219584569733,689,723,5.6484375,0.20065123984375077,True
0.925,159,38205,1024,5148,644,34,678,5.296875,5.02734375,3044,0.37158203125,312,0.10249671484888305,1076.09375,13.5546875,17.812302518664772,0.5855017080129508,0.0380859375,0.18913551015623398,0.18497706093751276,644,655,1.0170807453416149,477,24.372990353697748,4,266,0.0,1141.8860103626944,597,631,4.9296875,0.20065123984375077,True
0.925,160,40129,1024,5519,690,34,724,5.65625,5.3896484375,2673,0.3262939453125,68,0.02543958099513655,79.078125,1.66015625,29.150239975430097,0.8808737092158573,0.00830078125,0.18913551015623398,0.18497706093751276,690,701,1.0159420289855072,81,110.23880597014926,4,49,0.0,79.85798816568047,613,647,5.0546875,0.20065123984375077,True
0.925,161,17080,1024,4965,621,34,655,5.1171875,4.8486328125,3227,0.3939208984375,508,0.1574217539510381,2588.78515625,26.201171875,13.999843511154282,0.5335686201511495,0.06201171875,0.18913551015623398,0.18497706093751276,621,632,1.0177133655394526,269,15.611439842209073,7,424,0.0,2674.9909182643796,586,620,4.84375,0.20065123984375077,True
0.925,162,1505,1024,6379,798,34,832,6.5,6.2294921875,1813,0.2213134765625,249,0.13734142305570876,1193.515625,12.55078125,17.3625225188889,0.7344511055985539,0.0303955078125,0.18913551015623398,0.18497706093751276,798,809,1.0137844611528821,252,31.508064516129032,3,214,0.0,1230.7754279959718,774,808,6.3125,0.20065123984375077,True
0.925,163,36391,1024,6608,826,34,860,6.71875,6.453125,1584,0.193359375,112,0.0707070707070707,408.25,5.421875,22.021541674592044,0.8546172479903642,0.013671875,0.18913551015623398,0.18497706093751276,826,837,1.013317191283293,82,72.35135135135135,2,108,0.0,412.27613412228794,766,800,6.25,0.20065123984375077,True
0.925,164,24660,1024,6408,801,34,835,6.5234375,6.2578125,1784,0.2177734375,179,0.10033632286995516,671.5,8.40625,19.860343438631762,0.6311060134063211,0.0218505859375,0.18913551015623398,0.18497706093751276,801,812,1.013732833957553,218,44.76966292134831,3,156,0.0,689.6850551654965,752,786,6.140625,0.20065123984375077,True
0.925,165,24061,1024,5067,634,34,668,5.21875,4.9482421875,3125,0.3814697265625,394,0.12608,1121.22265625,12.818359375,17.63388496017137,0.5138479439156199,0.048095703125,0.18913551015623398,0.18497706093751276,634,645,1.0173501577287065,326,19.318066157760814,4,326,0.0,1166.80081300813,587,621,4.8515625,0.20065123984375077,True
0.925,166,10964,1024,5020,628,34,662,5.171875,4.90234375,3172,0.38720703125,251,0.07912988650693568,347.73828125,6.056640625,22.718278576436965,0.7993185936184212,0.0306396484375,0.18913551015623398,0.18497706093751276,628,639,1.017515923566879,43,32.356,5,182,0.0,349.4445534838077,573,607,4.7421875,0.20065123984375077,True
0.925,167,20807,1024,6865,859,34,893,6.9765625,6.7041015625,1327,0.1619873046875,155,0.11680482290881689,985.3125,10.1640625,18.195063684399116,0.6678345697173678,0.0189208984375,0.18913551015623398,0.18497706093751276,859,870,1.0128055878928988,9,49.883116883116884,2,144,0.0,986.2756598240469,806,840,6.5625,0.20065123984375077,True
0.925,168,33388,1024,7155,895,34,929,7.2578125,6.9873046875,1037,0.1265869140625,90,0.08678881388621022,551.4375,5.9453125,20.71584064297103,0.8214760500872068,0.010986328125,0.18913551015623398,0.18497706093751276,895,906,1.012290502793296,177,87.47191011235955,2,86,0.0,563.5449101796407,854,888,6.9375,0.20065123984375077,True
0.925,169,34571,1024,5790,724,34,758,5.921875,5.654296875,2402,0.293212890625,294,0.12239800166527894,1873.453125,15.22265625,15.404375296289219,0.8165069277771779,0.035888671875,0.18913551015623398,0.18497706093751276,724,735,1.0151933701657458,44,27.41638225255973,4,246,0.0,1882.6457311089302,691,725,5.6640625,0.20065123984375077,True
0.925,170,21194,1024,6614,827,34,861,6.7265625,6.458984375,1578,0.192626953125,84,0.053231939163498096,253.3125,3.6640625,24.09423739782142,0.8045512329634518,0.01025390625,0.18913551015623398,0.18497706093751276,827,838,1.0133010882708586,18,98.3132530120482,2,76,0.0,253.8082191780822,763,797,6.2265625,0.20065123984375077,True
0.925,171,32696,1024,6205,776,34,810,6.328125,6.0595703125,1987,0.2425537109375,154,0.07750377453447409,893.703125,8.23828125,18.618870843387285,0.786598500687018,0.018798828125,0.18913551015623398,0.18497706093751276,776,787,1.0141752577319587,264,51.41830065359477,3,124,0.0,923.4631685166498,714,748,5.84375,0.20065123984375077,True
0.925,172,46005,1024,4228,529,34,563,4.3984375,4.12890625,3964,0.48388671875,151,0.03809283551967709,63.04296875,1.755859375,30.134437045877878,0.8109752904954851,0.0184326171875,0.18913551015623398,0.18497706093751276,529,540,1.0207939508506616,276,51.18,4,116,0.0,65.20808080808081,480,514,4.015625,0.20065123984375077,True
0.925,173,19269,1024,4143,518,34,552,4.3125,4.0458984375,4049,0.4942626953125,235,0.05803902198073598,179.046875,2.94921875,25.601136154255993,0.8053090324051576,0.0286865234375,0.18913551015623398,0.18497706093751276,518,529,1.0212355212355213,98,34.12820512820513,4,162,0.0,181.1699604743083,462,496,3.875,0.20065123984375077,True
0.925,174,5503,1024,7114,890,34,924,7.21875,6.947265625,1078,0.131591796875,115,0.10667903525046382,707.0,7.4375,19.63660947071011,0.8339816343235161,0.0140380859375,0.18913551015623398,0.18497706093751276,890,901,1.0123595505617977,9,69.06140350877193,2,104,0.0,707.6911045943305,850,884,6.90625,0.20065123984375077,True
0.925,175,32979,1024,5538,693,34,727,5.6796875,5.408203125,2654,0.323974609375,562,0.21175584024114544,3369.24609375,31.662109375,12.855476273417192,0.6574949100726167,0.068603515625,0.18913551015623398,0.18497706093751276,693,704,1.0158730158730158,9,14.561497326203208,4,512,0.0,3372.539589442815,645,679,5.3046875,0.20065123984375077,True
0.925,176,32764,1024,6761,846,34,880,6.875,6.6025390625,1431,0.1746826171875,116,0.08106219426974144,434.25,5.359375,21.753405337487738,0.7845332225227728,0.01416015625,0.18913551015623398,0.18497706093751276,846,857,1.0130023640661938,128,64.98260869565217,3,96,0.0,441.14285714285717,791,825,6.4453125,0.20065123984375077,True
0.925,177,36396,1024,5742,718,34,752,5.875,5.607421875,2450,0.299072265625,154,0.06285714285714286,755.05078125,7.369140625,19.351041996029387,0.6306034197426186,0.018798828125,0.18913551015623398,0.18497706093751276,718,729,1.0153203342618384,308,50.66013071895425,4,124,0.0,784.1501014198783,648,682,5.328125,0.20065123984375077,True
0.925,178,16139,1024,3563,446,34,480,3.75,3.4794921875,4629,0.5650634765625,316,0.06826528407863469,767.6796875,8.12109375,19.279003113687487,0.7043515212962076,0.03857421875,0.18913551015623398,0.18497706093751276,446,457,1.0246636771300448,634,22.755555555555556,4,243,0.0,831.8560846560847,376,410,3.203125,0.20065123984375077,True
0.925,179,32110,1024,3302,413,34,447,3.4921875,3.224609375,4890,0.596923828125,1110,0.22699386503067484,4410.443359375,31.404296875,11.68598111796494,0.36732837371732013,0.135498046875,0.18913551015623398,0.18497706093751276,413,424,1.026634382566586,173,7.204688908926961,7,659,0.0,4502.785643070788,403,437,3.4140625,0.20065123984375077,True
0.925,180,37930,1024,5759,720,34,754,5.890625,5.6240234375,2433,0.2969970703125,377,0.1549527332511303,1025.08203125,13.716796875,18.023217400676273,0.6516592066584257,0.0460205078125,0.18913551015623398,0.18497706093751276,720,731,1.0152777777777777,77,20.14095744680851,4,307,0.0,1034.1714285714286,684,718,5.609375,0.20065123984375077,True
0.925,181,5624,1024,6552,819,34,853,6.6640625,6.3984375,1640,0.2001953125,100,0.06097560975609756,448.0625,4.9453125,21.61741763137799,0.7892273499173669,0.01220703125,0.18913551015623398,0.18497706093751276,819,830,1.0134310134310134,248,79.21212121212122,3,81,0.0,462.0503524672709,763,797,6.2265625,0.20065123984375077,True
0.925,182,37946,1024,5813,727,34,761,5.9453125,5.6767578125,2379,0.2904052734375,160,0.06725514922236234,543.17578125,5.775390625,20.78139963188923,0.8611259145097986,0.01953125,0.18913551015623398,0.18497706093751276,727,738,1.015130674002751,28,49.496855345911946,3,124,0.0,544.7717923604309,656,690,5.390625,0.20065123984375077,True
0.925,183,6616,1024,6971,872,34,906,7.078125,6.8076171875,1221,0.1490478515625,75,0.06142506142506143,412.953125,4.48828125,21.97179603906922,0.8544402987544735,0.0091552734375,0.18913551015623398,0.18497706093751276,872,883,1.0126146788990826,18,110.3108108108108,2,74,0.0,413.76125244618396,822,856,6.6875,0.20065123984375077,True
0.925,184,11706,1024,5889,737,34,771,6.0234375,5.7509765625,2303,0.2811279296875,383,0.16630481980026052,2615.30078125,22.935546875,13.955587173299264,0.5376107208098634,0.0467529296875,0.18913551015623398,0.18497706093751276,737,748,1.0149253731343284,203,20.769633507853403,3,343,0.0,2680.7487487487488,718,752,5.875,0.20065123984375077,True
0.925,185,10558,1024,3437,430,34,464,3.625,3.3564453125,4755,0.5804443359375,1312,0.2759200841219769,5289.2626953125,35.7060546875,10.896852237427657,0.5531322927038044,0.16015625,0.18913551015623398,0.18497706093751276,430,441,1.0255813953488373,108,6.025934401220442,8,747,0.0,5357.274975272008,407,441,3.4453125,0.20065123984375077,True
0.925,186,18351,1024,1250,157,34,191,1.4921875,1.220703125,6942,0.847412109375,2010,0.2895419187554019,7943.0634765625,59.5634765625,9.130923276637704,0.21945809695059784,0.245361328125,0.18913551015623398,0.18497706093751276,157,168,1.070063694267516,71,4.03384768541563,8,1210,0.0,8005.6072834645665,174,208,1.625,0.20065123984375077,True
0.925,187,15023,1024,5904,738,34,772,6.03125,5.765625,2288,0.279296875,446,0.19493006993006992,3824.58203125,32.974609375,12.304963805783117,0.34442451199176094,0.054443359375,0.18913551015623398,0.18497706093751276,738,749,1.0149051490514904,269,17.2561797752809,5,375,0.0,3951.9394550958627,683,717,5.6015625,0.20065123984375077,True
0.925,188,9490,1024,5379,673,34,707,5.5234375,5.2529296875,2813,0.3433837890625,201,0.0714539637397796,495.75,7.328125,21.1781763799057,0.7001166716827217,0.0245361328125,0.18913551015623398,0.18497706093751276,673,684,1.0163447251114412,324,38.84,3,188,0.0,515.9024390243902,624,658,5.140625,0.20065123984375077,True
0.925,189,6355,1024,5606,701,34,735,5.7421875,5.474609375,2586,0.315673828125,235,0.09087393658159319,933.265625,10.64453125,18.4307509112628,0.6569812500929512,0.0286865234375,0.18913551015623398,0.18497706093751276,701,712,1.0156918687589158,8,34.61965811965812,3,197,0.0,934.1779081133919,665,699,5.4609375,0.20065123984375077,True
0.925,190,8857,1024,3865,484,34,518,4.046875,3.7744140625,4327,0.5281982421875,222,0.0513057545643633,537.3984375,6.0859375,20.827839614914797,0.6113027114334342,0.027099609375,0.18913551015623398,0.18497706093751276,484,495,1.0227272727272727,790,28.41628959276018,4,164,0.0,594.2721382289417,414,448,3.5,0.20065123984375077,True
0.925,191,31811,1024,5276,660,34,694,5.421875,5.15234375,2916,0.35595703125,306,0.10493827160493827,2366.29296875,17.525390625,14.39011847611181,0.6447921064610732,0.037353515625,0.18913551015623398,0.18497706093751276,660,671,1.0166666666666666,172,25.386885245901638,4,248,0.0,2415.8364905284147,612,646,5.046875,0.20065123984375077,True
0.925,192,10400,1024,6714,840,34,874,6.828125,6.556640625,1478,0.180419921875,98,0.06630581867388363,524.375,5.34375,20.93438382695135,0.7412053582327021,0.011962890625,0.18913551015623398,0.18497706093751276,840,851,1.013095238095238,162,80.49484536082474,3,81,0.0,534.8207171314741,778,812,6.34375,0.20065123984375077,True
0.925,193,275,1024,6058,758,34,792,6.1875,5.916015625,2134,0.260498046875,112,0.05248359887535145,349.375,4.828125,22.69788535637412,0.8652781955544642,0.013671875,0.18913551015623398,0.18497706093751276,758,769,1.0145118733509235,201,69.36036036036036,3,98,0.0,358.1181181181181,686,720,5.625,0.20065123984375077,True
0.925,194,26152,1024,2924,366,34,400,3.125,2.85546875,5268,0.64306640625,1893,0.3593394077448747,8194.677734375,59.732421875,8.995484817819685,0.24568517582022048,0.2310791015625,0.18913551015623398,0.18497706093751276,366,377,1.030054644808743,287,4.136892177589852,7,1107,0.0,8484.681496461071,362,396,3.09375,0.20065123984375077,True
0.925,195,13037,1024,3353,420,34,454,3.546875,3.2744140625,4839,0.5906982421875,846,0.17482951022938623,2650.9580078125,21.4248046875,13.896775124708237,0.500028172170131,0.103271484375,0.18913551015623398,0.18497706093751276,420,431,1.026190476190476,839,7.946745562130178,7,515,0.0,2950.63152173913,388,422,3.296875,0.20065123984375077,True
0.925,196,41203,1024,6733,842,34,876,6.84375,6.5751953125,1459,0.1781005859375,127,0.08704592186429061,846.25,8.765625,18.855816791747095,0.670183968276353,0.0155029296875,0.18913551015623398,0.18497706093751276,842,853,1.013064133016627,481,61.142857142857146,2,118,0.0,898.9211618257261,798,832,6.5,0.20065123984375077,True
0.925,197,43709,1024,4426,554,34,588,4.59375,4.322265625,3766,0.459716796875,261,0.06930430164630907,425.73828125,5.314453125,21.839376583342784,0.7388850960981592,0.0318603515625,0.18913551015623398,0.18497706093751276,554,565,1.01985559566787,140,30.946153846153845,5,199,0.0,432.92552135054615,524,558,4.359375,0.20065123984375077,True
0.925,198,43572,1024,5899,738,34,772,6.03125,5.7607421875,2293,0.2799072265625,151,0.06585259485390318,480.890625,5.53515625,21.310340503161548,0.816717617022942,0.0184326171875,0.18913551015623398,0.18497706093751276,738,749,1.0149051490514904,20,53.473333333333336,3,119,0.0,481.8317025440313,678,712,5.5625,0.20065123984375077,True
0.925,199,23390,1024,6502,813,34,847,6.6171875,6.349609375,1690,0.206298828125,71,0.042011834319526625,242.625,3.09375,24.28144812471491,0.8910101586791511,0.0086669921875,0.18913551015623398,0.18497706093751276,813,824,1.013530135301353,475,101.34285714285714,4,56,0.0,257.45906735751294,753,787,6.1484375,0.20065123984375077,True
0.95,0,712,1024,6660,833,34,867,6.7734375,6.50390625,1532,0.18701171875,143,0.0933420365535248,777.40625,7.6796875,19.22432333024424,0.7276528691215924,0.0174560546875,0.18913551015623398,0.18497706093751276,833,844,1.0132052821128452,83,56.901408450704224,5,111,0.0,785.0729783037475,743,777,6.0703125,0.20065123984375077,True
0.95,1,24774,1024,6435,805,34,839,6.5546875,6.2841796875,1757,0.2144775390625,153,0.08708025042686397,645.87890625,7.794921875,20.02929259710453,0.8612692023669679,0.0186767578125,0.18913551015623398,0.18497706093751276,805,816,1.013664596273292,170,51.99342105263158,3,131,0.0,659.4017946161515,736,770,6.015625,0.20065123984375077,True
0.95,2,45142,1024,7077,885,34,919,7.1796875,6.9111328125,1115,0.1361083984375,61,0.054708520179372194,258.0,3.6875,24.0146065490468,0.8308653357727424,0.0074462890625,0.18913551015623398,0.18497706093751276,885,896,1.0124293785310734,305,125.06666666666666,2,59,0.0,267.94320486815417,815,849,6.6328125,0.20065123984375077,True
0.95,3,27119,1024,3296,412,34,446,3.484375,3.21875,4896,0.59765625,759,0.15502450980392157,2338.6728515625,18.5615234375,14.44110886685156,0.6171329165679029,0.0926513671875,0.18913551015623398,0.18497706093751276,412,423,1.0266990291262137,12,10.78891820580475,9,487,0.0,2340.958944281525,400,434,3.390625,0.20065123984375077,True
0.95,4,21139,1024,6163,771,34,805,6.2890625,6.0185546875,2029,0.2476806640625,59,0.029078363725973385,199.25,2.515625,25.136820307997603,0.9229327001133666,0.0072021484375,0.18913551015623398,0.18497706093751276,771,782,1.014267185473411,609,130.5,3,48,0.0,215.22362869198312,664,698,5.453125,0.20065123984375077,True
0.95,5,19129,1024,6366,796,34,830,6.484375,6.216796875,1826,0.222900390625,63,0.03450164293537788,166.8125,2.4609375,25.908517697363273,0.8885727805827677,0.0076904296875,0.18913551015623398,0.18497706093751276,796,807,1.013819095477387,81,105.43548387096774,3,54,0.0,168.45759368836292,699,733,5.7265625,0.20065123984375077,True
0.95,6,6433,1024,5780,723,34,757,5.9140625,5.64453125,2412,0.29443359375,116,0.04809286898839138,364.203125,4.39453125,22.51736692982778,0.686047698198742,0.01416015625,0.18913551015623398,0.18497706093751276,723,734,1.0152143845089903,946,60.6,3,88,0.0,411.6379690949227,631,665,5.1953125,0.20065123984375077,True
0.95,7,38854,1024,6530,817,34,851,6.6484375,6.376953125,1662,0.202880859375,37,0.022262334536702767,291.265625,2.67578125,23.487911283985994,0.8677900167779952,0.0045166015625,0.18913551015623398,0.18497706093751276,817,828,1.0134638922888617,45,203.27777777777777,2,36,0.0,292.6947988223749,715,749,5.8515625,0.20065123984375077,True
0.95,8,22489,1024,6603,826,34,860,6.71875,6.4482421875,1589,0.1939697265625,104,0.06544996853366897,1098.0,9.5625,17.724780207538373,0.8199686953013834,0.0126953125,0.18913551015623398,0.18497706093751276,826,837,1.013317191283293,74,73.32038834951456,2,99,0.0,1107.735960591133,730,764,5.96875,0.20065123984375077,True
0.95,9,31104,1024,5729,717,34,751,5.8671875,5.5947265625,2463,0.3006591796875,199,0.08079577750710516,723.4375,7.84375,19.536793438338446,0.7628733309704677,0.0242919921875,0.18913551015623398,0.18497706093751276,717,728,1.0153417015341701,114,40.76767676767677,3,174,0.0,733.4653465346535,635,669,5.2265625,0.20065123984375077,True
0.95,10,21349,1024,6867,859,34,893,6.9765625,6.7060546875,1325,0.1617431640625,61,0.046037735849056606,437.0,4.21875,21.725989238974886,0.8318649287435925,0.0074462890625,0.18913551015623398,0.18497706093751276,859,870,1.0128055878928988,72,130.81666666666666,3,48,0.0,440.87487684729064,783,817,6.3828125,0.20065123984375077,True
0.95,11,29116,1024,5803,726,34,760,5.9375,5.6669921875,2389,0.2916259765625,187,0.07827542904981163,740.84375,7.32421875,19.43353739485413,0.7284876970767464,0.0228271484375,0.18913551015623398,0.18497706093751276,726,737,1.0151515151515151,140,41.016129032258064,4,146,0.0,753.3505461767627,667,701,5.4765625,0.20065123984375077,True
0.95,12,10772,1024,7000,875,34,909,7.1015625,6.8359375,1192,0.1455078125,92,0.07718120805369127,636.5625,6.3359375,20.09239310187652,0.8533531754950935,0.01123046875,0.18913551015623398,0.18497706093751276,875,886,1.0125714285714287,24,86.86813186813187,3,87,0.0,638.4329089128306,815,849,6.6328125,0.20065123984375077,True
0.95,13,18332,1024,7020,878,34,912,7.125,6.85546875,1172,0.14306640625,68,0.05802047781569966,682.0,5.75,19.792959862114316,0.7890944027929914,0.00830078125,0.18913551015623398,0.18497706093751276,878,889,1.0125284738041003,379,110.40298507462687,3,61,0.0,714.8085977482089,802,836,6.53125,0.20065123984375077,True
0.95,14,1003,1024,6882,861,34,895,6.9921875,6.720703125,1310,0.159912109375,96,0.0732824427480916,630.8125,6.3515625,20.131800702705934,0.7736430149369662,0.01171875,0.18913551015623398,0.18497706093751276,861,872,1.0127758420441346,442,80.42105263157895,3,86,0.0,666.6171310629514,795,829,6.4765625,0.20065123984375077,True
0.95,15,22156,1024,6881,861,34,895,6.9921875,6.7197265625,1311,0.1600341796875,59,0.04500381388253242,371.5625,3.9140625,22.430484845691247,0.8866335426300465,0.0072021484375,0.18913551015623398,0.18497706093751276,861,872,1.0127758420441346,17,137.41379310344828,3,55,0.0,372.28962818003913,776,810,6.328125,0.20065123984375077,True
0.95,16,26453,1024,6168,771,34,805,6.2890625,6.0234375,2024,0.2470703125,73,0.03606719367588933,182.65625,2.8046875,25.51445823689957,0.8867220666151434,0.0089111328125,0.18913551015623398,0.18497706093751276,771,782,1.014267185473411,938,96.54166666666667,3,69,0.0,206.21830209481809,682,716,5.59375,0.20065123984375077,True
0.95,17,17039,1024,6214,777,34,811,6.3359375,6.068359375,1978,0.241455078125,78,0.03943377148634985,174.125,3.203125,25.722192314358907,0.7943958109328206,0.009521484375,0.18913551015623398,0.18497706093751276,777,788,1.0141570141570142,721,95.49350649350649,3,69,0.0,190.9036402569593,702,736,5.75,0.20065123984375077,True
0.95,18,7166,1024,6533,817,34,851,6.6484375,6.3798828125,1659,0.2025146484375,127,0.07655213984327909,956.9375,8.9921875,18.3219678703203,0.7694413769017497,0.0155029296875,0.18913551015623398,0.18497706093751276,817,828,1.0134638922888617,218,63.24603174603175,3,114,0.0,982.8525576730191,718,752,5.875,0.20065123984375077,True
0.95,19,48310,1024,5969,747,34,781,6.1015625,5.8291015625,2223,0.2713623046875,175,0.07872244714349977,1123.34375,11.40625,17.625676875234642,0.742928368104997,0.0213623046875,0.18913551015623398,0.18497706093751276,747,758,1.0147255689424364,244,45.64367816091954,3,167,0.0,1157.2474849094567,658,692,5.40625,0.20065123984375077,True
0.95,20,12187,1024,5217,653,34,687,5.3671875,5.0947265625,2975,0.3631591796875,219,0.07361344537815126,1147.984375,11.71484375,17.531443838664607,0.45999045369184355,0.0267333984375,0.18913551015623398,0.18497706093751276,653,664,1.0168453292496171,250,35.23853211009175,4,186,0.0,1183.8227593152064,572,606,4.734375,0.20065123984375077,True
0.95,21,20284,1024,5339,668,34,702,5.484375,5.2138671875,2853,0.3482666015625,105,0.03680336487907466,556.375,5.65625,20.677127535773316,0.8210974636886277,0.0128173828125,0.18913551015623398,0.18497706093751276,668,679,1.0164670658682635,452,73.92307692307692,3,96,0.0,588.5619834710744,580,614,4.796875,0.20065123984375077,True
0.95,22,1052,1024,6777,848,34,882,6.890625,6.6181640625,1415,0.1727294921875,82,0.057950530035335686,752.5,6.75,19.365738566020294,0.9138157226250738,0.010009765625,0.18913551015623398,0.18497706093751276,848,859,1.0129716981132075,34,97.95061728395062,2,77,0.0,755.4509803921569,751,785,6.1328125,0.20065123984375077,True
0.95,23,13752,1024,4634,580,34,614,4.796875,4.525390625,3558,0.434326171875,84,0.023608768971332208,135.47265625,2.001953125,26.81228714647197,0.8450130046065708,0.01025390625,0.18913551015623398,0.18497706093751276,580,591,1.0189655172413794,454,92.21686746987952,2,68,0.0,143.3099173553719,492,526,4.109375,0.20065123984375077,True
0.95,24,37139,1024,6534,817,34,851,6.6484375,6.380859375,1658,0.202392578125,100,0.06031363088057901,392.9375,4.7578125,22.187568831736474,0.8420655561537301,0.01220703125,0.18913551015623398,0.18497706093751276,817,828,1.0134638922888617,44,76.02020202020202,2,82,0.0,394.86555446516195,719,753,5.8828125,0.20065123984375077,True
0.95,25,29727,1024,7423,928,34,962,7.515625,7.2490234375,769,0.0938720703125,34,0.044213263979193757,227.5,2.4375,24.560989598747792,0.971295829440448,0.004150390625,0.18913551015623398,0.18497706093751276,928,939,1.011853448275862,321,226.1818181818182,1,34,0.0,236.7479674796748,846,880,6.875,0.20065123984375077,True
0.95,26,41854,1024,6300,788,34,822,6.421875,6.15234375,1892,0.23095703125,38,0.0200845665961945,100.75,1.640625,28.098353060547634,0.8856231712889755,0.004638671875,0.18913551015623398,0.18497706093751276,788,799,1.013959390862944,184,205.7027027027027,2,34,0.0,103.06493506493507,691,725,5.6640625,0.20065123984375077,True
0.95,27,40333,1024,7114,890,34,924,7.21875,6.947265625,1078,0.131591796875,68,0.06307977736549165,490.0,4.875,21.228842808393967,0.8588288251833419,0.00830078125,0.18913551015623398,0.18497706093751276,890,901,1.0123595505617977,8,119.7910447761194,2,67,0.0,490.4789833822092,816,850,6.640625,0.20065123984375077,True
0.95,28,33248,1024,5283,661,34,695,5.4296875,5.1591796875,2909,0.3551025390625,175,0.060158129941560674,631.740234375,6.5546875,20.125418236749766,0.8106413438280644,0.0213623046875,0.18913551015623398,0.18497706093751276,661,672,1.0166414523449319,375,43.36206896551724,5,139,0.0,661.4539877300614,588,622,4.859375,0.20065123984375077,True
0.95,29,9680,1024,6756,845,34,879,6.8671875,6.59765625,1436,0.17529296875,62,0.04317548746518106,385.765625,3.87109375,22.26756835170051,0.9247995946048834,0.007568359375,0.18913551015623398,0.18497706093751276,845,856,1.01301775147929,17,129.47540983606558,2,58,0.0,386.52054794520546,752,786,6.140625,0.20065123984375077,True
0.95,30,16805,1024,6911,864,34,898,7.015625,6.7490234375,1281,0.1563720703125,75,0.0585480093676815,334.453125,4.08984375,22.88745102681469,0.8388165400075488,0.0091552734375,0.18913551015623398,0.18497706093751276,864,875,1.0127314814814814,19,109.82432432432432,2,70,0.0,335.1076320939335,804,838,6.546875,0.20065123984375077,True
0.95,31,14652,1024,5880,735,34,769,6.0078125,5.7421875,2312,0.2822265625,159,0.06877162629757785,1625.59375,13.4921875,16.02068340014165,0.4308157615640994,0.0194091796875,0.18913551015623398,0.18497706093751276,735,746,1.014965986394558,132,44.949367088607595,3,145,0.0,1651.3968253968253,634,668,5.21875,0.20065123984375077,True
0.95,32,15793,1024,6096,762,34,796,6.21875,5.953125,2096,0.255859375,48,0.022900763358778626,259.328125,2.53515625,23.992307408593526,0.8787193234174433,0.005859375,0.18913551015623398,0.18497706093751276,762,773,1.0144356955380578,100,160.61702127659575,2,46,0.0,262.40316205533594,646,680,5.3125,0.20065123984375077,True
0.95,33,30210,1024,5121,641,34,675,5.2734375,5.0009765625,3071,0.3748779296875,95,0.030934549006838164,154.109375,2.33203125,26.252513017281842,0.905657230456193,0.0115966796875,0.18913551015623398,0.18497706093751276,641,652,1.0171606864274572,212,83.3936170212766,3,82,0.0,158.124248496994,541,575,4.4921875,0.20065123984375077,True
0.95,34,47426,1024,6743,843,34,877,6.8515625,6.5849609375,1449,0.1768798828125,62,0.04278812974465148,286.125,3.28125,23.56524555185311,0.9106388200167543,0.007568359375,0.18913551015623398,0.18497706093751276,843,854,1.0130486358244366,10,120.26229508196721,1,62,0.0,286.4046920821114,771,805,6.2890625,0.20065123984375077,True
0.95,35,20875,1024,6503,813,34,847,6.6171875,6.3505859375,1689,0.2061767578125,52,0.03078744819419775,353.75,3.015625,22.643839123355637,0.8762389756734891,0.00634765625,0.18913551015623398,0.18497706093751276,813,824,1.013530135301353,1073,139.45098039215685,2,40,0.0,407.0112359550562,710,744,5.8125,0.20065123984375077,True
0.95,36,4161,1024,6831,854,34,888,6.9375,6.6708984375,1361,0.1661376953125,55,0.04041146216017634,459.765625,3.98828125,21.505438633363255,0.9616064994694254,0.0067138671875,0.18913551015623398,0.18497706093751276,854,865,1.0128805620608898,74,149.62962962962962,3,49,0.0,463.8423645320197,757,791,6.1796875,0.20065123984375077,True
0.95,37,40340,1024,5997,750,34,784,6.125,5.8564453125,2195,0.2679443359375,188,0.0856492027334852,843.1953125,8.8984375,18.87152177327051,0.7143228549388019,0.02294921875,0.18913551015623398,0.18497706093751276,750,761,1.0146666666666666,205,42.17112299465241,4,145,0.0,864.2962962962963,690,724,5.65625,0.20065123984375077,True
0.95,38,28286,1024,6754,845,34,879,6.8671875,6.595703125,1438,0.175537109375,61,0.04242002781641168,160.328125,2.54296875,26.08070647241806,0.9462399928008215,0.0074462890625,0.18913551015623398,0.18497706093751276,845,856,1.01301775147929,27,126.23333333333333,2,55,0.0,160.79921645445643,759,793,6.1953125,0.20065123984375077,True
0.95,39,13256,1024,7190,899,34,933,7.2890625,7.021484375,1002,0.122314453125,56,0.05588822355289421,279.5,3.15625,23.66698548645468,0.8906472693500116,0.0068359375,0.18913551015623398,0.18497706093751276,899,910,1.0122358175750834,280,139.0909090909091,3,49,0.0,289.39130434782606,824,858,6.703125,0.20065123984375077,True
0.95,40,48934,1024,6480,810,34,844,6.59375,6.328125,1712,0.208984375,105,0.06133177570093458,647.375,6.484375,20.0192443684196,0.8609400056191405,0.0128173828125,0.18913551015623398,0.18497706093751276,810,821,1.0135802469135802,564,73.29807692307692,2,96,0.0,694.8763102725367,749,783,6.1171875,0.20065123984375077,True
0.95,41,11935,1024,5640,705,34,739,5.7734375,5.5078125,2552,0.3115234375,133,0.05211598746081505,704.578125,6.98046875,19.651512053313244,0.7317197491192564,0.0162353515625,0.18913551015623398,0.18497706093751276,705,716,1.0156028368794325,227,58.68181818181818,3,107,0.0,724.3855421686746,627,661,5.1640625,0.20065123984375077,True
0.95,42,48447,1024,6890,862,34,896,7.0,6.728515625,1302,0.158935546875,32,0.02457757296466974,75.0,1.21875,29.380190974762105,0.9378753899088239,0.00390625,0.18913551015623398,0.18497706093751276,862,873,1.0127610208816706,480,242.3548387096774,2,26,0.0,79.66804979253112,767,801,6.2578125,0.20065123984375077,True
0.95,43,15492,1024,7513,940,34,974,7.609375,7.3369140625,679,0.0828857421875,44,0.06480117820324006,286.0,3.1875,23.567143277388674,0.9068669507196933,0.00537109375,0.18913551015623398,0.18497706093751276,940,951,1.0117021276595746,441,167.27906976744185,1,44,0.0,302.23323013415893,879,913,7.1328125,0.20065123984375077,True
0.95,44,32513,1024,7129,892,34,926,7.234375,6.9619140625,1063,0.1297607421875,39,0.036688617121354655,233.25,2.515625,24.45258708449373,0.906637201305636,0.0047607421875,0.18913551015623398,0.18497706093751276,892,903,1.0123318385650224,10,204.6315789473684,2,38,0.0,233.47800586510263,798,832,6.5,0.20065123984375077,True
0.95,45,36099,1024,6150,769,34,803,6.2734375,6.005859375,2042,0.249267578125,105,0.051420176297747304,404.9375,4.5859375,22.056923635785086,0.8844821312045688,0.0128173828125,0.18913551015623398,0.18497706093751276,769,780,1.0143042912873863,237,76.42307692307692,3,93,0.0,416.7396984924623,706,740,5.78125,0.20065123984375077,True
0.95,46,39260,1024,4637,580,34,614,4.796875,4.5283203125,3555,0.4339599609375,132,0.03713080168776371,902.8984375,8.125,18.574414594070852,0.5994098367471795,0.01611328125,0.18913551015623398,0.18497706093751276,580,591,1.0189655172413794,1518,46.091603053435115,5,116,0.0,1107.2670658682634,473,507,3.9609375,0.20065123984375077,True
0.95,47,46517,1024,5850,732,34,766,5.984375,5.712890625,2342,0.285888671875,121,0.05166524338172502,275.9375,4.6171875,23.722696356102478,0.8108992307232273,0.0147705078125,0.18913551015623398,0.18497706093751276,732,743,1.0150273224043715,258,64.85833333333333,4,114,0.0,284.83870967741933,648,682,5.328125,0.20065123984375077,True
0.95,48,33095,1024,6953,870,34,904,7.0625,6.7900390625,1239,0.1512451171875,37,0.02986279257465698,179.0,2.03125,25.60227329888017,0.9251410077792748,0.0045166015625,0.19053021249999347,0.15918353828124054,870,881,1.0126436781609196,73,220.47222222222223,2,35,0.0,180.5871921182266,796,830,6.484375,0.14467930468754275,True
0.95,49,3,1024,6747,844,34,878,6.859375,6.5888671875,1445,0.1763916015625,68,0.047058823529411764,408.25,4.359375,22.021541674592044,0.7384338554655414,0.00830078125,0.19053021249999347,0.15918353828124054,844,855,1.0130331753554502,233,118.58208955223881,2,59,0.0,420.148743718593,746,780,6.09375,0.14467930468754275,True
0.95,50,21683,1024,6462,808,34,842,6.578125,6.310546875,1730,0.211181640625,55,0.031791907514450865,273.0,3.03125,23.769177138271544,0.9017048339059912,0.0067138671875,0.19053021249999347,0.15918353828124054,808,819,1.0136138613861385,10,149.62962962962962,3,47,0.0,273.26686217008796,716,750,5.859375,0.14467930468754275,True
0.95,51,13446,1024,6535,817,34,851,6.6484375,6.3818359375,1657,0.2022705078125,123,0.07423053711526856,465.9375,6.6484375,21.447526957348217,0.9489082168557695,0.0150146484375,0.19053021249999347,0.15918353828124054,817,828,1.0134638922888617,73,61.532786885245905,2,117,0.0,470.0689655172414,750,784,6.125,0.14467930468754275,True
0.95,52,49515,1024,6187,774,34,808,6.3125,6.0419921875,2005,0.2447509765625,283,0.14114713216957606,1679.87109375,18.392578125,15.87804403797383,0.6467382298327449,0.0345458984375,0.19053021249999347,0.15918353828124054,774,785,1.0142118863049097,177,28.28723404255319,3,260,0.0,1716.754491017964,704,738,5.765625,0.14467930468754275,True
0.95,53,27943,1024,6756,845,34,879,6.8671875,6.59765625,1436,0.17529296875,105,0.07311977715877438,1106.828125,8.98046875,17.69000174640852,0.7115223591142366,0.0128173828125,0.19053021249999347,0.15918353828124054,845,856,1.01301775147929,250,71.3173076923077,2,95,0.0,1141.3816717019133,758,792,6.1875,0.14467930468754275,True
0.95,54,29059,1024,7107,889,34,923,7.2109375,6.9404296875,1085,0.1324462890625,117,0.10783410138248847,879.16015625,7.400390625,18.690123633369918,0.8750822504713478,0.0142822265625,0.19053021249999347,0.15918353828124054,889,900,1.0123734533183353,9,70.07758620689656,3,99,0.0,880.019550342131,827,861,6.7265625,0.14467930468754275,True
0.95,55,32738,1024,4492,562,34,596,4.65625,4.38671875,3700,0.45166015625,201,0.054324324324324325,456.71484375,6.271484375,21.53435233968695,0.6034489454686601,0.0245361328125,0.19053021249999347,0.15918353828124054,562,573,1.019572953736655,798,35.43,3,178,0.0,505.5956756756757,478,512,4.0,0.14467930468754275,True
0.95,56,445,1024,7181,898,34,932,7.28125,7.0126953125,1011,0.1234130859375,82,0.08110781404549951,725.0,6.6875,19.527423542969167,0.7741437314221068,0.010009765625,0.19053021249999347,0.15918353828124054,898,909,1.012249443207127,33,98.07407407407408,2,81,0.0,727.843137254902,826,860,6.71875,0.14467930468754275,True
0.95,57,32216,1024,6475,810,34,844,6.59375,6.3232421875,1717,0.2095947265625,54,0.0314502038439138,319.765625,3.40234375,23.08248585870509,0.860927164182113,0.006591796875,0.19053021249999347,0.15918353828124054,810,821,1.0135802469135802,347,146.9811320754717,2,49,0.0,333.78185524974515,730,764,5.96875,0.14467930468754275,True
0.95,58,18250,1024,6983,873,34,907,7.0859375,6.8193359375,1209,0.1475830078125,50,0.0413564929693962,210.3125,2.3515625,24.902152749638393,0.8510890014723584,0.006103515625,0.19053021249999347,0.15918353828124054,873,884,1.0126002290950744,32,165.75510204081633,3,41,0.0,211.13725490196077,809,843,6.5859375,0.14467930468754275,True
0.95,59,1684,1024,6287,786,34,820,6.40625,6.1396484375,1905,0.2325439453125,175,0.09186351706036745,1161.4375,11.4921875,17.480845166287157,0.6773523243224857,0.0213623046875,0.19053021249999347,0.15918353828124054,786,797,1.0139949109414759,136,45.201149425287355,4,150,0.0,1181.0446871896722,703,737,5.7578125,0.14467930468754275,True
0.95,60,2899,1024,6299,788,34,822,6.421875,6.1513671875,1893,0.2310791015625,88,0.04648705758055996,257.5,3.8125,24.023031274907005,0.8681518245403275,0.0107421875,0.19053021249999347,0.15918353828124054,788,799,1.013959390862944,353,89.95402298850574,4,71,0.0,269.0612244897959,737,771,6.0234375,0.14467930468754275,True
0.95,61,39428,1024,5873,735,34,769,6.0078125,5.7353515625,2319,0.2830810546875,59,0.02544200086244071,294.0625,2.9765625,23.44640715760559,0.8118850170125131,0.0072021484375,0.19053021249999347,0.15918353828124054,735,746,1.014965986394558,635,130.24137931034483,3,52,0.0,318.64550264550263,662,696,5.4375,0.14467930468754275,True
0.95,62,40758,1024,6569,822,34,856,6.6875,6.4150390625,1623,0.1981201171875,89,0.05483672211953173,721.796875,6.19140625,19.546653634065358,0.9007222060905469,0.0108642578125,0.19053021249999347,0.15918353828124054,822,833,1.0133819951338199,9,86.39772727272727,2,84,0.0,722.5024437927664,760,794,6.203125,0.14467930468754275,True
0.95,63,29154,1024,6909,864,34,898,7.015625,6.7470703125,1283,0.1566162109375,97,0.07560405300077942,631.0625,6.2578125,20.130079872641208,0.8869258523222903,0.0118408203125,0.19053021249999347,0.15918353828124054,864,875,1.0127314814814814,176,80.19791666666667,2,88,0.0,644.9181636726547,781,815,6.3671875,0.14467930468754275,True
0.95,64,43958,1024,6779,848,34,882,6.890625,6.6201171875,1413,0.1724853515625,64,0.04529370134465676,378.0,4.3125,22.35588561030685,0.6959567605251548,0.0078125,0.19053021249999347,0.15918353828124054,848,859,1.0129716981132075,1065,112.65079365079364,2,62,0.0,434.42424242424244,765,799,6.2421875,0.14467930468754275,True
0.95,65,33814,1024,7210,902,34,936,7.3125,7.041015625,982,0.119873046875,42,0.04276985743380855,278.625,2.921875,23.68060279379616,0.9360336385093085,0.005126953125,0.19053021249999347,0.15918353828124054,902,913,1.0121951219512195,18,180.2439024390244,2,41,0.0,279.17025440313114,834,868,6.78125,0.14467930468754275,True
0.95,66,34153,1024,6507,814,34,848,6.625,6.3544921875,1685,0.2056884765625,82,0.0486646884272997,571.5625,5.7109375,20.560166337113994,0.8767327572719471,0.010009765625,0.19053021249999347,0.15918353828124054,814,825,1.0135135135135136,564,92.62962962962963,2,78,0.0,613.5010482180294,730,764,5.96875,0.14467930468754275,True
0.95,67,43609,1024,6284,786,34,820,6.40625,6.13671875,1908,0.23291015625,181,0.09486373165618449,534.4609375,7.33984375,20.851643917312273,0.7978985153250836,0.0220947265625,0.19053021249999347,0.15918353828124054,786,797,1.0139949109414759,233,43.477777777777774,3,170,0.0,550.0381909547739,708,742,5.796875,0.14467930468754275,True
0.95,68,10762,1024,6235,780,34,814,6.359375,6.0888671875,1957,0.2388916015625,134,0.0684721512519162,576.55078125,6.224609375,20.522427959060607,0.7592101021149917,0.016357421875,0.19053021249999347,0.15918353828124054,780,791,1.014102564102564,408,50.6015037593985,6,105,0.0,606.7708119218911,712,746,5.828125,0.14467930468754275,True
0.95,69,17898,1024,5904,738,34,772,6.03125,5.765625,2288,0.279296875,60,0.026223776223776224,451.625,4.046875,21.583023862918317,0.6824185452410404,0.00732421875,0.19053021249999347,0.15918353828124054,738,749,1.0149051490514904,651,127.47457627118644,2,53,0.0,490.41781548250265,634,668,5.21875,0.14467930468754275,True
0.95,70,43653,1024,6216,777,34,811,6.3359375,6.0703125,1976,0.2412109375,51,0.025809716599190284,329.71484375,3.158203125,22.949418613632115,0.8751004932711295,0.0062255859375,0.19053021249999347,0.15918353828124054,777,788,1.0141570141570142,91,156.18,3,45,0.0,333.29516288252717,669,703,5.4921875,0.14467930468754275,True
0.95,71,14233,1024,6930,867,34,901,7.0390625,6.767578125,1262,0.154052734375,104,0.08240887480190175,474.0,6.3125,21.373020191938252,0.8168154277411289,0.0126953125,0.19053021249999347,0.15918353828124054,867,878,1.0126874279123415,90,71.13592233009709,2,101,0.0,479.14708785784796,789,823,6.4296875,0.14467930468754275,True
0.95,72,39520,1024,6615,827,34,861,6.7265625,6.4599609375,1577,0.1925048828125,101,0.06404565630944832,759.75,6.765625,19.324096521159298,0.7719517306464878,0.0123291015625,0.19053021249999347,0.15918353828124054,827,838,1.0133010882708586,179,68.62,3,92,0.0,776.4311377245509,734,768,6.0,0.14467930468754275,True
0.95,73,18138,1024,6315,790,34,824,6.4375,6.1669921875,1877,0.2291259765625,61,0.03249866808737347,227.5,2.71875,24.560989598747792,0.9546188328625045,0.0074462890625,0.19053021249999347,0.15918353828124054,790,801,1.0139240506329115,723,113.18333333333334,3,54,0.0,249.4218415417559,701,735,5.7421875,0.14467930468754275,True
0.95,74,9212,1024,5843,731,34,765,5.9765625,5.7060546875,2349,0.2867431640625,114,0.04853128991060025,656.265625,6.17578125,19.960007042321873,0.6978569150861599,0.013916015625,0.19053021249999347,0.15918353828124054,731,742,1.015047879616963,82,63.309734513274336,3,106,0.0,662.7376725838265,650,684,5.34375,0.14467930468754275,True
0.95,75,6456,1024,6926,866,34,900,7.03125,6.763671875,1266,0.154541015625,87,0.06872037914691943,581.5,6.25,20.485306418034433,0.7477146578697671,0.0106201171875,0.19053021249999347,0.15918353828124054,866,877,1.01270207852194,48,91.09302325581395,2,86,0.0,584.9273084479371,787,821,6.4140625,0.14467930468754275,True
0.95,76,22948,1024,5951,744,34,778,6.078125,5.8115234375,2241,0.2735595703125,121,0.053993752788933515,195.265625,4.15234375,25.224545650290807,0.7631070797544351,0.0147705078125,0.19053021249999347,0.15918353828124054,744,755,1.0147849462365592,851,58.05833333333333,2,113,0.0,217.81263616557735,670,704,5.5,0.14467930468754275,True
0.95,77,7591,1024,7175,897,34,931,7.2734375,7.0068359375,1017,0.1241455078125,56,0.05506391347099312,397.0,4.0625,22.142898541047952,0.8288675358630514,0.0068359375,0.19053021249999347,0.15918353828124054,897,908,1.0122630992196209,18,142.8181818181818,2,55,0.0,397.7769080234834,836,870,6.796875,0.14467930468754275,True
0.95,78,29996,1024,6147,769,34,803,6.2734375,6.0029296875,2045,0.2496337890625,176,0.08606356968215159,1582.9453125,13.2578125,16.136144497261732,0.6371752426279458,0.021484375,0.19053021249999347,0.15918353828124054,769,780,1.0143042912873863,108,41.91428571428571,4,156,0.0,1603.299703264095,694,728,5.6875,0.14467930468754275,True
0.95,79,10378,1024,5667,709,34,743,5.8046875,5.5341796875,2525,0.3082275390625,339,0.13425742574257427,749.765625,10.59765625,19.381548357120092,0.822720406228459,0.0413818359375,0.19053021249999347,0.15918353828124054,709,720,1.0155148095909732,82,23.218934911242602,4,272,0.0,757.1597633136095,669,703,5.4921875,0.14467930468754275,True
0.95,80,27337,1024,5412,677,34,711,5.5546875,5.28515625,2780,0.33935546875,78,0.02805755395683453,168.140625,2.16015625,25.874077034561687,0.9077815026502728,0.009521484375,0.19053021249999347,0.15918353828124054,677,688,1.016248153618907,281,102.48051948051948,3,58,0.0,174.09100101112236,575,609,4.7578125,0.14467930468754275,True
0.95,81,19965,1024,6083,761,34,795,6.2109375,5.9404296875,2109,0.2574462890625,191,0.0905642484589853,1231.125,11.7109375,17.227782104108513,0.6194153404811127,0.0233154296875,0.19053021249999347,0.15918353828124054,761,772,1.014454664914586,33,40.8,3,157,0.0,1235.9529411764706,667,701,5.4765625,0.14467930468754275,True
0.95,82,24405,1024,6822,853,34,887,6.9296875,6.662109375,1370,0.167236328125,108,0.07883211678832117,1001.5,8.8125,18.124294072383154,0.8474746626864685,0.01318359375,0.19053021249999347,0.15918353828124054,853,864,1.0128956623681125,57,73.5607476635514,2,103,0.0,1008.39331366765,764,798,6.234375,0.14467930468754275,True
0.95,83,45135,1024,6794,850,34,884,6.90625,6.634765625,1398,0.170654296875,45,0.032188841201716736,358.265625,3.36328125,22.58875220547161,0.9454419394745804,0.0054931640625,0.19053021249999347,0.15918353828124054,850,861,1.0129411764705882,74,135.8181818181818,2,41,0.0,361.4423645320197,762,796,6.21875,0.14467930468754275,True
0.95,84,11274,1024,6643,831,34,865,6.7578125,6.4873046875,1549,0.1890869140625,53,0.0342156229825694,290.45703125,3.091796875,23.499984667276713,0.8997006930468286,0.0064697265625,0.19053021249999347,0.15918353828124054,831,842,1.01323706377858,43,151.67307692307693,3,49,0.0,291.88223748773305,745,779,6.0859375,0.14467930468754275,True
0.95,85,1941,1024,6661,833,34,867,6.7734375,6.5048828125,1531,0.1868896484375,36,0.023514043109079032,222.25,2.328125,24.66238591225659,0.8070839208040894,0.00439453125,0.19053021249999347,0.15918353828124054,833,844,1.0132052821128452,202,205.28571428571428,2,31,0.0,227.81181181181182,743,777,6.0703125,0.14467930468754275,True
0.95,86,48940,1024,6997,875,34,909,7.1015625,6.8330078125,1195,0.1458740234375,66,0.055230125523012555,340.25,4.046875,22.81282226992538,0.8795777317026114,0.008056640625,0.19053021249999347,0.15918353828124054,875,886,1.0125714285714287,10,122.6923076923077,2,65,0.0,340.5826001955034,794,828,6.46875,0.14467930468754275,True
0.95,87,36794,1024,6689,837,34,871,6.8046875,6.5322265625,1503,0.1834716796875,91,0.06054557551563539,675.0,6.34375,19.837765880368853,0.7082445617719418,0.0111083984375,0.19053021249999347,0.15918353828124054,837,848,1.013142174432497,112,76.21111111111111,2,82,0.0,684.3564356435644,740,774,6.046875,0.14467930468754275,True
0.95,88,21994,1024,6540,818,34,852,6.65625,6.38671875,1652,0.20166015625,133,0.08050847457627118,694.0625,6.8046875,19.716817806393422,0.7675565460031871,0.0162353515625,0.19053021249999347,0.15918353828124054,818,829,1.0134474327628362,204,60.35606060606061,5,104,0.0,711.4314314314314,746,780,6.09375,0.14467930468754275,True
0.95,89,49944,1024,6299,788,34,822,6.421875,6.1513671875,1893,0.2310791015625,120,0.06339144215530904,513.765625,5.75390625,21.02315317714995,0.776263324217609,0.0146484375,0.19053021249999347,0.15918353828124054,788,799,1.013959390862944,48,66.5798319327731,5,91,0.0,516.7937131630648,705,739,5.7734375,0.14467930468754275,True
0.95,90,43442,1024,3099,388,34,422,3.296875,3.0263671875,5093,0.6217041015625,154,0.03023758099352052,292.0859375,3.53515625,23.475697125323848,0.743820233867089,0.018798828125,0.19053021249999347,0.15918353828124054,388,399,1.0283505154639174,2677,16.88235294117647,5,106,0.0,433.4724637681159,282,316,2.46875,0.14467930468754275,True
0.95,91,45096,1024,5848,731,34,765,5.9765625,5.7109375,2344,0.2861328125,141,0.06015358361774744,393.390625,6.48046875,22.182563549523152,0.848306953672726,0.0172119140625,0.19053021249999347,0.15918353828124054,731,742,1.015047879616963,485,53.47142857142857,3,128,0.0,417.8755186721992,641,675,5.2734375,0.14467930468754275,True
0.95,92,42430,1024,5080,635,34,669,5.2265625,4.9609375,3112,0.3798828125,251,0.08065552699228792,926.8828125,9.0234375,18.46055531903312,0.5574312998688787,0.0306396484375,0.19053021249999347,0.15918353828124054,635,646,1.0173228346456693,92,32.216,5,179,0.0,936.9476801579467,559,593,4.6328125,0.14467930468754275,True
0.95,93,42255,1024,6120,765,34,799,6.2421875,5.9765625,2072,0.2529296875,144,0.0694980694980695,1353.65625,11.4140625,16.81571968071133,0.6838926590932953,0.017578125,0.19053021249999347,0.15918353828124054,765,776,1.0143790849673202,493,46.62237762237762,5,119,0.0,1439.4018691588785,677,711,5.5546875,0.14467930468754275,True
0.95,94,5771,1024,6486,811,34,845,6.6015625,6.333984375,1706,0.208251953125,221,0.12954279015240328,1103.171875,10.583984375,17.704371797523333,0.8177307611259247,0.0269775390625,0.19053021249999347,0.15918353828124054,811,822,1.0135635018495683,171,36.42727272727273,4,168,0.0,1126.2691924227317,736,770,6.015625,0.14467930468754275,True
0.95,95,8320,1024,7132,892,34,926,7.234375,6.96484375,1060,0.12939453125,69,0.06509433962264151,537.75,4.765625,20.824999418084104,0.896506441990518,0.0084228515625,0.19053021249999347,0.15918353828124054,892,903,1.0123318385650224,169,117.88235294117646,4,57,0.0,549.0089730807578,828,862,6.734375,0.14467930468754275,True
0.95,96,48807,1024,6737,843,34,877,6.8515625,6.5791015625,1455,0.1776123046875,80,0.054982817869415807,595.375,5.234375,20.382897663482634,0.841984364193868,0.009765625,0.19053021249999347,0.15918353828124054,843,854,1.0130486358244366,272,99.35443037974683,2,65,0.0,615.8222222222222,767,801,6.2578125,0.14467930468754275,True
0.95,97,2675,1024,4980,623,34,657,5.1328125,4.86328125,3212,0.39208984375,195,0.06070983810709838,258.66796875,4.517578125,24.00337708171459,0.8114202607583522,0.0238037109375,0.19053021249999347,0.15918353828124054,623,634,1.0176565008025682,98,41.68556701030928,4,156,0.0,261.7351778656126,531,565,4.4140625,0.14467930468754275,True
0.95,98,37658,1024,6455,807,34,841,6.5703125,6.3037109375,1737,0.2120361328125,32,0.018422567645365574,99.625,1.328125,28.147120264637415,0.9851402344567585,0.00390625,0.19053021249999347,0.15918353828124054,807,818,1.01363073110285,618,235.03225806451613,2,29,0.0,107.72544878563886,693,727,5.6796875,0.14467930468754275,True
0.95,99,45710,1024,6706,839,34,873,6.8203125,6.548828125,1486,0.181396484375,31,0.02086137281292059,172.0,1.875,25.775519139603613,0.9539377917640444,0.0037841796875,0.19053021249999347,0.15918353828124054,839,850,1.0131108462455305,120,234.66666666666666,3,27,0.0,174.5569871159564,743,777,6.0703125,0.14467930468754275,True
0.95,100,15813,1024,5811,727,34,761,5.9453125,5.6748046875,2381,0.2906494140625,158,0.06635867282654347,578.703125,6.62109375,20.50624533305484,0.764728658055671,0.019287109375,0.19053021249999347,0.15918353828124054,727,738,1.015130674002751,197,50.56687898089172,3,116,0.0,592.592,655,689,5.3828125,0.14467930468754275,True
0.95,101,7135,1024,6892,862,34,896,7.0,6.73046875,1300,0.15869140625,44,0.033846153846153845,163.25,2.109375,26.00227170920799,0.8699854646453377,0.00537109375,0.19053021249999347,0.15918353828124054,862,873,1.0127610208816706,80,175.30232558139534,2,37,0.0,164.85996055226823,781,815,6.3671875,0.14467930468754275,True
0.95,102,31775,1024,6506,814,34,848,6.625,6.353515625,1686,0.205810546875,93,0.05516014234875445,402.703125,4.31640625,22.080953610966098,0.8180123781524957,0.0113525390625,0.19053021249999347,0.15918353828124054,814,825,1.0135135135135136,257,77.83695652173913,4,74,0.0,415.69354838709677,725,759,5.9296875,0.14467930468754275,True
0.95,103,31772,1024,6301,788,34,822,6.421875,6.1533203125,1891,0.2308349609375,71,0.0375462718138551,221.8125,2.6171875,24.670943441762425,0.9300402071335239,0.0086669921875,0.19053021249999347,0.15918353828124054,788,799,1.013959390862944,88,115.58571428571429,3,59,0.0,224.22112537018756,699,733,5.7265625,0.14467930468754275,True
0.95,104,25160,1024,5793,725,34,759,5.9296875,5.6572265625,2399,0.2928466796875,113,0.04710295956648604,365.3125,4.9453125,22.50415828025976,0.7324821347411388,0.0137939453125,0.19053021249999347,0.15918353828124054,725,736,1.0151724137931035,136,66.75,3,90,0.0,371.47964250248265,632,666,5.203125,0.14467930468754275,True
0.95,105,36108,1024,5694,712,34,746,5.828125,5.560546875,2498,0.304931640625,122,0.0488390712570056,275.9609375,4.3125,23.72232749196973,0.7712549994780329,0.014892578125,0.19053021249999347,0.15918353828124054,712,723,1.0154494382022472,140,64.12396694214875,3,115,0.0,280.6196623634558,631,665,5.1953125,0.14467930468754275,True
0.95,106,1260,1024,5987,749,34,783,6.1171875,5.8466796875,2205,0.2691650390625,151,0.06848072562358276,537.39453125,6.068359375,20.827871183093404,0.7686192823021818,0.0184326171875,0.19053021249999347,0.15918353828124054,749,760,1.014686248331108,92,53.76,4,139,0.0,543.2300098716684,678,712,5.5625,0.14467930468754275,True
0.95,107,37885,1024,6643,831,34,865,6.7578125,6.4873046875,1549,0.1890869140625,46,0.029696578437701744,298.5,2.9375,23.381360254025225,0.899814514481887,0.005615234375,0.19053021249999347,0.15918353828124054,831,842,1.01323706377858,1345,151.84444444444443,2,40,0.0,357.0841121495327,746,780,6.09375,0.14467930468754275,True
0.95,108,41535,1024,5550,694,34,728,5.6875,5.419921875,2642,0.322509765625,391,0.14799394398183194,1306.5869140625,12.8642578125,16.969420566076465,0.7091456900570887,0.0477294921875,0.19053021249999347,0.15918353828124054,694,705,1.015850144092219,127,20.56153846153846,5,257,0.0,1326.0109018830526,634,668,5.21875,0.14467930468754275,True
0.95,109,44889,1024,6159,770,34,804,6.28125,6.0146484375,2033,0.2481689453125,220,0.10821446138711265,1230.2734375,12.203125,17.230787134938687,0.7010537587475771,0.02685546875,0.19053021249999347,0.15918353828124054,770,781,1.0142857142857142,85,35.41552511415525,5,174,0.0,1242.4063116370808,698,732,5.71875,0.14467930468754275,True
0.95,110,28184,1024,6836,855,34,889,6.9453125,6.67578125,1356,0.16552734375,26,0.019174041297935103,148.0,1.5625,26.42818645472953,0.962607732528885,0.003173828125,0.19053021249999347,0.15918353828124054,855,866,1.0128654970760234,104,321.04,2,22,0.0,149.9030662710188,755,789,6.1640625,0.14467930468754275,True
0.95,111,25319,1024,6692,837,34,871,6.8046875,6.53515625,1500,0.18310546875,84,0.056,942.0,7.90625,18.39029458075033,0.7827473968246326,0.01025390625,0.19053021249999347,0.15918353828124054,837,848,1.013142174432497,27,94.55421686746988,3,77,0.0,944.7678746327131,755,789,6.1640625,0.14467930468754275,True
0.95,112,11010,1024,5950,744,34,778,6.078125,5.810546875,2242,0.273681640625,139,0.06199821587867975,630.796875,6.93359375,20.131908277228042,0.78407736562193,0.0169677734375,0.19053021249999347,0.15918353828124054,744,755,1.0147849462365592,40,54.268115942028984,3,117,0.0,633.892051030422,664,698,5.453125,0.14467930468754275,True
0.95,113,33880,1024,6567,821,34,855,6.6796875,6.4130859375,1625,0.1983642578125,88,0.05415384615384616,508.75,5.515625,21.06575938634634,0.6339730060714797,0.0107421875,0.19053021249999347,0.15918353828124054,821,832,1.0133982947624847,8,78.63218390804597,2,73,0.0,509.247311827957,737,771,6.0234375,0.14467930468754275,True
0.95,114,19307,1024,5765,721,34,755,5.8984375,5.6298828125,2427,0.2962646484375,161,0.06633704161516275,988.01953125,9.318359375,18.18314831026983,0.6379300893103558,0.0196533203125,0.19053021249999347,0.15918353828124054,721,732,1.015256588072122,165,46.825,4,139,0.0,1007.7011952191235,629,663,5.1796875,0.14467930468754275,True
0.95,115,12236,1024,3763,471,34,505,3.9453125,3.6748046875,4429,0.5406494140625,368,0.08308873334838564,1653.3251953125,12.2080078125,15.947220767826009,0.7006555381379187,0.044921875,0.19053021249999347,0.15918353828124054,471,482,1.0233545647558386,295,21.318801089918257,4,265,0.0,1713.567813765182,443,477,3.7265625,0.14467930468754275,True
0.95,116,13805,1024,5842,731,34,765,5.9765625,5.705078125,2350,0.286865234375,190,0.08085106382978724,1168.265625,11.54296875,17.455387626494957,0.6574736084253263,0.023193359375,0.19053021249999347,0.15918353828124054,731,742,1.015047879616963,88,42.095238095238095,4,167,0.0,1180.9516288252714,637,671,5.2421875,0.14467930468754275,True
0.95,117,5814,1024,5295,662,34,696,5.4375,5.1708984375,2897,0.3536376953125,130,0.04487400759406282,624.52734375,6.220703125,20.17528902977983,0.7031727582772177,0.015869140625,0.19053021249999347,0.15918353828124054,662,673,1.0166163141993958,1053,53.57364341085271,4,104,0.0,716.1433370660694,570,604,4.71875,0.14467930468754275,True
0.95,118,48485,1024,6652,832,34,866,6.765625,6.49609375,1540,0.18798828125,96,0.06233766233766234,737.75,7.265625,19.451711426959132,0.8402022835625779,0.01171875,0.19053021249999347,0.15918353828124054,832,843,1.0132211538461537,305,82.18947368421053,2,89,0.0,766.1825557809331,745,779,6.0859375,0.14467930468754275,True
0.95,119,12248,1024,5738,718,34,752,5.875,5.603515625,2454,0.299560546875,84,0.034229828850855744,154.2177734375,2.5986328125,26.24945932282572,0.9406703431316574,0.01025390625,0.19053021249999347,0.15918353828124054,718,729,1.0153203342618384,13,97.39759036144578,3,73,0.0,154.36852394916912,654,688,5.375,0.14467930468754275,True
0.95,120,458,1024,6614,827,34,861,6.7265625,6.458984375,1578,0.192626953125,124,0.07858048162230671,780.5,7.5,19.20707453469474,0.6535139449703862,0.01513671875,0.19053021249999347,0.15918353828124054,827,838,1.0133010882708586,16,63.21951219512195,4,97,0.0,782.027397260274,753,787,6.1484375,0.14467930468754275,True
0.95,121,319,1024,6261,783,34,817,6.3828125,6.1142578125,1931,0.2357177734375,74,0.038322112894873125,272.734375,2.82421875,23.773404817015997,0.9849545201070802,0.009033203125,0.19053021249999347,0.15918353828124054,783,794,1.0140485312899106,132,103.97260273972603,3,61,0.0,277.06349206349205,710,744,5.8125,0.14467930468754275,True
0.95,122,21496,1024,6460,808,34,842,6.578125,6.30859375,1732,0.21142578125,60,0.03464203233256351,266.4375,3.1015625,23.874850108767028,0.9040954977848257,0.00732421875,0.19053021249999347,0.15918353828124054,808,819,1.0136138613861385,44,137.96610169491527,3,54,0.0,267.7448478900883,724,758,5.921875,0.14467930468754275,True
0.95,123,20390,1024,5983,748,34,782,6.109375,5.8427734375,2209,0.2696533203125,154,0.06971480307831598,591.328125,6.41015625,20.412518252785414,0.6917075740395598,0.018798828125,0.19053021249999347,0.15918353828124054,748,759,1.0147058823529411,265,51.3921568627451,3,116,0.0,611.0191725529768,684,718,5.609375,0.14467930468754275,True
0.95,124,33691,1024,6163,771,34,805,6.2890625,6.0185546875,2029,0.2476806640625,75,0.03696402168555939,703.078125,6.21484375,19.66076775007056,0.8045286176179517,0.0091552734375,0.19053021249999347,0.15918353828124054,771,782,1.014267185473411,203,94.35135135135135,3,72,0.0,720.6726726726727,658,692,5.40625,0.14467930468754275,True
0.95,125,33872,1024,7309,914,34,948,7.40625,7.1376953125,883,0.1077880859375,68,0.07701019252548132,548.0,5.25,20.742998023835412,0.7605844426847337,0.00830078125,0.19053021249999347,0.15918353828124054,914,925,1.012035010940919,296,106.04477611940298,1,68,0.0,568.5430597771024,856,890,6.953125,0.14467930468754275,True
0.95,126,46987,1024,5195,650,34,684,5.34375,5.0732421875,2997,0.3658447265625,177,0.05905905905905906,210.8984375,3.3671875,24.890069987085177,0.7931954217442153,0.0216064453125,0.19053021249999347,0.15918353828124054,650,661,1.0169230769230768,181,39.02840909090909,4,107,0.0,215.52894211576847,572,606,4.734375,0.14467930468754275,True
0.95,127,26772,1024,6653,832,34,866,6.765625,6.4970703125,1539,0.1878662109375,53,0.03443794671864847,203.125,2.640625,25.053169825449608,0.8568571734836641,0.0064697265625,0.19053021249999347,0.15918353828124054,832,843,1.0132211538461537,498,130.75,2,52,0.0,216.21621621621622,747,781,6.1015625,0.14467930468754275,True
0.95,128,7057,1024,5868,734,34,768,6.0,5.73046875,2324,0.28369140625,183,0.07874354561101549,1007.61328125,8.951171875,18.09786477611928,0.8162635721799557,0.0223388671875,0.19053021249999347,0.15918353828124054,734,745,1.0149863760217983,99,44.44505494505494,4,143,0.0,1019.5612648221344,652,686,5.359375,0.14467930468754275,True
0.95,129,30014,1024,6265,784,34,818,6.390625,6.1181640625,1927,0.2352294921875,104,0.05396990140114167,354.6875,3.7421875,22.632344776586745,0.8858183269294451,0.0126953125,0.19053021249999347,0.15918353828124054,784,795,1.0140306122448979,18,78.85436893203884,4,76,0.0,355.3816046966732,685,719,5.6171875,0.14467930468754275,True
0.95,130,48237,1024,6234,780,34,814,6.359375,6.087890625,1958,0.239013671875,76,0.03881511746680286,316.75,3.984375,23.123637373124314,0.7485722542817258,0.00927734375,0.19053021249999347,0.15918353828124054,780,791,1.014102564102564,377,102.85333333333334,2,69,0.0,331.98771750255884,696,730,5.703125,0.14467930468754275,True
0.95,131,4823,1024,6284,786,34,820,6.40625,6.13671875,1908,0.23291015625,118,0.06184486373165619,573.3125,6.0859375,20.546889500162383,0.8575916174562352,0.014404296875,0.19053021249999347,0.15918353828124054,786,797,1.0139949109414759,155,68.03418803418803,3,107,0.0,584.1512437810945,709,743,5.8046875,0.14467930468754275,True
0.95,132,26627,1024,6806,851,34,885,6.9140625,6.646484375,1386,0.169189453125,126,0.09090909090909091,756.125,7.8125,19.34486763352503,0.7730561688022121,0.015380859375,0.19053021249999347,0.15918353828124054,851,862,1.0129259694477086,51,63.416,2,112,0.0,760.5815324165029,776,810,6.328125,0.14467930468754275,True
0.95,133,12293,1024,7347,919,34,953,7.4453125,7.1748046875,845,0.1031494140625,45,0.05325443786982249,378.25,3.546875,22.35301424172686,0.8681582347577208,0.0054931640625,0.19053021249999347,0.15918353828124054,919,930,1.0119695321001088,930,152.3181818181818,2,42,0.0,426.5726872246696,860,894,6.984375,0.14467930468754275,True
0.95,134,32803,1024,5982,748,34,782,6.109375,5.841796875,2210,0.269775390625,110,0.049773755656108594,391.6875,4.8359375,22.201406488238643,0.6346252073892393,0.013427734375,0.19053021249999347,0.15918353828124054,748,759,1.0147058823529411,34,71.98165137614679,3,99,0.0,393.22352941176473,648,682,5.328125,0.14467930468754275,True
0.95,135,41882,1024,5412,677,34,711,5.5546875,5.28515625,2780,0.33935546875,74,0.026618705035971222,192.0,2.78125,25.297791321643608,0.9080339144016102,0.009033203125,0.19053021249999347,0.15918353828124054,677,688,1.016248153618907,498,102.78082191780823,2,65,0.0,204.37422037422039,594,628,4.90625,0.14467930468754275,True
0.95,136,10235,1024,6484,811,34,845,6.6015625,6.33203125,1708,0.20849609375,73,0.04274004683840749,487.625,4.5625,21.249943975480626,0.7252948283937706,0.0089111328125,0.19053021249999347,0.15918353828124054,811,822,1.0135635018495683,25,112.01388888888889,3,66,0.0,489.0577864838394,726,760,5.9375,0.14467930468754275,True
0.95,137,30033,1024,6693,837,34,871,6.8046875,6.5361328125,1499,0.1829833984375,58,0.038692461641094064,330.1875,3.5703125,22.94319732836896,0.9062654989407379,0.007080078125,0.19053021249999347,0.15918353828124054,837,848,1.013142174432497,219,135.94736842105263,3,53,0.0,339.1293881644935,782,816,6.375,0.14467930468754275,True
0.95,138,20042,1024,7031,879,34,913,7.1328125,6.8662109375,1161,0.1417236328125,52,0.04478897502153316,248.5,2.90625,24.177539677985592,0.8867934790329919,0.00634765625,0.19053021249999347,0.15918353828124054,879,890,1.012514220705347,33,155.49019607843138,3,44,0.0,249.47450980392156,799,833,6.5078125,0.14467930468754275,True
0.95,139,29399,1024,6322,791,34,825,6.4453125,6.173828125,1870,0.228271484375,75,0.040106951871657755,498.25,4.953125,21.15633053495385,0.7311529357751142,0.0091552734375,0.19053021249999347,0.15918353828124054,791,802,1.013906447534766,99,108.52702702702703,3,69,0.0,504.15810276679844,715,749,5.8515625,0.14467930468754275,True
0.95,140,6463,1024,7246,906,34,940,7.34375,7.076171875,946,0.115478515625,39,0.0412262156448203,206.0,2.375,24.992131404987568,0.8493144636263101,0.0047607421875,0.19053021249999347,0.15918353828124054,906,917,1.0121412803532008,378,137.8684210526316,2,36,0.0,215.90992835209826,855,889,6.9453125,0.14467930468754275,True
0.95,141,25920,1024,5204,651,34,685,5.3515625,5.08203125,2988,0.36474609375,211,0.07061579651941098,2061.703125,17.66015625,14.988542316646384,0.5349705358766522,0.0257568359375,0.19053021249999347,0.15918353828124054,651,662,1.0168970814132103,514,35.77142857142857,3,195,0.0,2199.15,570,604,4.71875,0.14467930468754275,True
0.95,142,10327,1024,7628,954,34,988,7.71875,7.44921875,564,0.06884765625,41,0.0726950354609929,364.44140625,3.009765625,22.51452647110568,0.9663690653099557,0.0050048828125,0.19053021249999347,0.15918353828124054,954,965,1.0115303983228512,12,194.1,3,34,0.0,364.7976539589443,902,936,7.3125,0.14467930468754275,True
0.95,143,3805,1024,6527,816,34,850,6.640625,6.3740234375,1665,0.2032470703125,54,0.032432432432432434,140.5625,2.2890625,26.652108880882032,0.8725502463020832,0.006591796875,0.19053021249999347,0.15918353828124054,816,827,1.0134803921568627,76,132.0188679245283,3,47,0.0,141.80886699507388,733,767,5.9921875,0.14467930468754275,True
0.95,144,37879,1024,4238,530,34,564,4.40625,4.138671875,3954,0.482666015625,167,0.042235710672736466,73.36328125,1.833984375,29.47601613493564,0.8742743019882059,0.0203857421875,0.19053021249999347,0.15918353828124054,530,541,1.0207547169811322,379,46.6566265060241,5,112,0.0,76.89252814738997,435,469,3.6640625,0.14467930468754275,True
0.95,145,22721,1024,6229,779,34,813,6.3515625,6.0830078125,1963,0.2396240234375,137,0.06979113601630157,1241.125,10.8125,17.192648371641877,0.42099102690021156,0.0167236328125,0.19053021249999347,0.15918353828124054,779,790,1.0141206675224648,803,39.11029411764706,3,125,0.0,1375.4458874458874,666,700,5.46875,0.14467930468754275,True
0.95,146,43932,1024,6753,845,34,879,6.8671875,6.5947265625,1439,0.1756591796875,101,0.07018763029881862,857.703125,7.64453125,18.79743368456362,0.9438254094166553,0.0123291015625,0.19053021249999347,0.15918353828124054,845,856,1.01301775147929,35,80.55,2,98,0.0,861.0666666666667,754,788,6.15625,0.14467930468754275,True
0.95,147,47270,1024,7022,878,34,912,7.125,6.857421875,1170,0.142822265625,31,0.026495726495726495,120.0,1.375,27.338991148202854,0.9515856514846301,0.0037841796875,0.19053021249999347,0.15918353828124054,878,889,1.0125284738041003,304,262.5,3,25,0.0,124.62474645030426,793,827,6.4609375,0.14467930468754275,True
0.95,148,11091,1024,5851,732,34,766,5.984375,5.7138671875,2341,0.2857666015625,145,0.06193934216146946,324.0625,4.9140625,23.024515827987756,0.7763288662147183,0.0177001953125,0.19053021249999347,0.15918353828124054,732,743,1.0150273224043715,17,55.40277777777778,3,113,0.0,324.69667318982385,644,678,5.296875,0.14467930468754275,True
0.95,149,9736,1024,6656,832,34,866,6.765625,6.5,1536,0.1875,68,0.044270833333333336,418.25,4.265625,21.91644411233478,0.7211763426338827,0.00830078125,0.19053021249999347,0.15918353828124054,832,843,1.0132211538461537,931,106.13432835820896,2,62,0.0,471.6828193832599,744,778,6.078125,0.14467930468754275,True
0.95,150,23206,1024,5795,725,34,759,5.9296875,5.6591796875,2397,0.2926025390625,238,0.09929078014184398,765.3125,9.546875,19.292415540631023,0.6723078839055874,0.029052734375,0.19053021249999347,0.15918353828124054,725,736,1.0151724137931035,92,32.09282700421941,3,194,0.0,773.6229022704837,658,692,5.40625,0.14467930468754275,True
0.95,151,25039,1024,7289,912,34,946,7.390625,7.1181640625,903,0.1102294921875,73,0.08084163898117387,605.0,5.96875,20.313249862154414,0.7507359843189226,0.0089111328125,0.19053021249999347,0.15918353828124054,912,923,1.0120614035087718,825,99.66666666666667,1,73,0.0,672.6601520086862,860,894,6.984375,0.14467930468754275,True
0.95,152,21014,1024,4715,590,34,624,4.875,4.6044921875,3477,0.4244384765625,442,0.1271210813920046,1854.2119140625,13.5107421875,15.449209936006167,0.6957690674753331,0.053955078125,0.19053021249999347,0.15918353828124054,590,601,1.0186440677966102,87,18.158730158730158,4,326,0.0,1872.4980276134122,537,571,4.4609375,0.14467930468754275,True
0.95,153,32412,1024,7075,885,34,919,7.1796875,6.9091796875,1117,0.1363525390625,66,0.05908683974932856,454.0,4.5,21.56024508010806,0.7273985376136173,0.008056640625,0.19053021249999347,0.15918353828124054,885,896,1.0124293785310734,88,124.33846153846154,2,60,0.0,458.9299111549852,823,857,6.6953125,0.14467930468754275,True
0.95,154,34022,1024,4958,620,34,654,5.109375,4.841796875,3234,0.394775390625,67,0.020717377860235003,166.390625,2.03515625,25.919515078162515,0.9317392505890499,0.0081787109375,0.19053021249999347,0.15918353828124054,620,631,1.017741935483871,930,109.25757575757575,4,51,0.0,187.647577092511,516,550,4.296875,0.14467930468754275,True
0.95,155,21369,1024,5482,686,34,720,5.625,5.353515625,2710,0.330810546875,372,0.13726937269372694,806.7109375,10.27734375,19.06362415659551,0.695100317385002,0.04541015625,0.19053021249999347,0.15918353828124054,686,697,1.0160349854227406,514,17.644204851752022,4,336,0.0,860.4916666666667,611,645,5.0390625,0.14467930468754275,True
0.95,156,41654,1024,6707,839,34,873,6.8203125,6.5498046875,1485,0.1812744140625,107,0.07205387205387205,317.625,4.71875,23.111656828094844,0.8005985172453056,0.0130615234375,0.19053021249999347,0.15918353828124054,839,850,1.0131108462455305,58,74.86792452830188,3,96,0.0,319.811209439528,765,799,6.2421875,0.14467930468754275,True
0.95,157,11953,1024,6608,826,34,860,6.71875,6.453125,1584,0.193359375,82,0.05176767676767677,581.3125,5.1484375,20.486706991489957,0.8564488849353468,0.010009765625,0.19053021249999347,0.15918353828124054,826,837,1.013317191283293,108,47.95061728395062,4,72,0.0,588.7873392680515,736,770,6.015625,0.14467930468754275,True
0.95,158,13700,1024,6352,794,34,828,6.46875,6.203125,1840,0.224609375,86,0.04673913043478261,307.9375,3.2578125,23.246177812489258,0.9179595846617173,0.010498046875,0.19053021249999347,0.15918353828124054,794,805,1.013853904282116,104,89.90588235294118,3,59,0.0,311.8971315529179,694,728,5.6875,0.14467930468754275,True
0.95,159,38205,1024,5465,684,34,718,5.609375,5.3369140625,2727,0.3328857421875,106,0.03887055372203887,357.78125,4.5859375,22.59462783817397,0.8072330311824523,0.012939453125,0.19053021249999347,0.15918353828124054,684,695,1.0160818713450293,1953,57.304761904761904,3,95,0.0,469.7025641025641,597,631,4.9296875,0.14467930468754275,True
0.95,160,40129,1024,5851,732,34,766,5.984375,5.7138671875,2341,0.2857666015625,31,0.013242204186245195,39.8125,0.8046875,32.130609111884844,0.9524986653382846,0.0037841796875,0.19053021249999347,0.15918353828124054,732,743,1.0150273224043715,81,243.8,3,22,0.0,40.205128205128204,616,650,5.078125,0.14467930468754275,True
0.95,161,17080,1024,5621,703,34,737,5.7578125,5.4892578125,2571,0.3138427734375,168,0.06534422403733955,420.6328125,5.6953125,21.891772129839453,0.856989713022081,0.0205078125,0.19053021249999347,0.15918353828124054,703,714,1.0156472261735419,1436,39.52095808383233,6,137,0.0,509.7372781065089,620,654,5.109375,0.14467930468754275,True
0.95,162,1505,1024,6835,855,34,889,6.9453125,6.6748046875,1357,0.1656494140625,120,0.08843036109064112,779.5625,7.6171875,19.212294211801208,0.8466827481778921,0.0146484375,0.19053021249999347,0.15918353828124054,855,866,1.0128654970760234,322,63.11764705882353,2,105,0.0,811.2520325203252,793,827,6.4609375,0.14467930468754275,True
0.95,163,36391,1024,6866,859,34,893,6.9765625,6.705078125,1326,0.161865234375,62,0.04675716440422323,265.75,3.234375,23.886070876725757,0.9283289825185412,0.007568359375,0.19053021249999347,0.15918353828124054,859,870,1.0128055878928988,82,130.0983606557377,2,61,0.0,268.37080867850096,770,804,6.28125,0.14467930468754275,True
0.95,164,24660,1024,6622,828,34,862,6.734375,6.466796875,1570,0.191650390625,108,0.06878980891719745,492.875,5.703125,21.20343570786631,0.716892012060207,0.01318359375,0.19053021249999347,0.15918353828124054,828,839,1.0132850241545894,240,73.96261682242991,2,97,0.0,507.75050301810865,751,785,6.1328125,0.14467930468754275,True
0.95,165,24061,1024,5582,698,34,732,5.71875,5.451171875,2610,0.318603515625,180,0.06896551724137931,607.21484375,6.763671875,20.297379812480752,0.782359634192742,0.02197265625,0.19053021249999347,0.15918353828124054,698,709,1.015759312320917,326,41.60335195530726,3,160,0.0,631.8983739837398,613,647,5.0546875,0.14467930468754275,True
0.95,166,10964,1024,5348,669,34,703,5.4921875,5.22265625,2844,0.34716796875,90,0.03164556962025317,132.265625,2.01953125,26.916333724068437,0.8937767849779243,0.010986328125,0.19053021249999347,0.15918353828124054,669,680,1.0164424514200299,244,88.10112359550561,4,62,0.0,136.25754527162977,577,611,4.7734375,0.14467930468754275,True
0.95,167,20807,1024,7171,897,34,931,7.2734375,7.0029296875,1021,0.1246337890625,25,0.024485798237022526,112.5,1.40625,27.61927838420529,0.9546677897122497,0.0030517578125,0.19053021249999347,0.15918353828124054,897,908,1.0122630992196209,9,313.6666666666667,2,24,0.0,112.6099706744868,810,844,6.59375,0.14467930468754275,True
0.95,168,33388,1024,7439,930,34,964,7.53125,7.2646484375,753,0.0919189453125,46,0.06108897742363878,252.5625,2.8828125,24.10711493081187,0.9087658823307124,0.005615234375,0.19053021249999347,0.15918353828124054,930,941,1.0118279569892472,177,173.0,2,45,0.0,258.1077844311377,864,898,7.015625,0.14467930468754275,True
0.95,169,34571,1024,6263,783,34,817,6.3828125,6.1162109375,1929,0.2354736328125,142,0.0736132711249352,735.87890625,6.955078125,19.462740066856096,0.9298251282589416,0.017333984375,0.19053021249999347,0.15918353828124054,783,794,1.0140485312899106,93,56.45390070921986,4,123,0.0,743.8696939782824,714,748,5.84375,0.14467930468754275,True
0.95,170,21194,1024,6912,864,34,898,7.015625,6.75,1280,0.15625,38,0.0296875,263.8125,2.6328125,23.91784991369427,0.7796378126411349,0.004638671875,0.19053021249999347,0.15918353828124054,864,875,1.0127314814814814,18,220.8108108108108,2,36,0.0,264.32876712328766,778,812,6.34375,0.14467930468754275,True
0.95,171,32696,1024,6475,810,34,844,6.59375,6.3232421875,1717,0.2095947265625,70,0.040768782760629,316.3125,3.2265625,23.129640062150475,0.9408266822057761,0.008544921875,0.19053021249999347,0.15918353828124054,810,821,1.0135802469135802,264,114.01449275362319,3,54,0.0,326.84561049445006,722,756,5.90625,0.14467930468754275,True
0.95,172,46005,1024,4539,568,34,602,4.703125,4.4326171875,3653,0.4459228515625,67,0.01834108951546674,76.34375,1.31640625,29.3030687221438,0.8205745225187987,0.0081787109375,0.19053021249999347,0.15918353828124054,568,579,1.0193661971830985,276,116.31818181818181,3,53,0.0,78.96565656565656,485,519,4.0546875,0.14467930468754275,True
0.95,173,19269,1024,4418,553,34,587,4.5859375,4.314453125,3774,0.460693359375,126,0.033386327503974564,80.390625,1.76171875,29.07874955753346,0.8562362997222683,0.015380859375,0.19053021249999347,0.15918353828124054,553,564,1.0198915009041591,250,60.496,4,86,0.0,82.90030211480362,463,497,3.8828125,0.14467930468754275,True
0.95,174,5503,1024,7340,918,34,952,7.4375,7.16796875,852,0.10400390625,57,0.06690140845070422,399.25,3.859375,22.1183543605739,0.9132808895564987,0.0069580078125,0.19053021249999347,0.15918353828124054,918,929,1.0119825708061003,240,124.0,2,51,0.0,411.2997987927565,849,883,6.8984375,0.14467930468754275,True
0.95,175,32979,1024,5858,733,34,767,5.9921875,5.720703125,2334,0.284912109375,352,0.15081405312767782,3070.78125,26.1796875,13.258314807001952,0.7055810967624295,0.04296875,0.19053021249999347,0.15918353828124054,733,744,1.015006821282401,9,23.273504273504273,4,328,0.0,3073.7829912023462,658,692,5.40625,0.14467930468754275,True
0.95,176,32764,1024,7015,877,34,911,7.1171875,6.8505859375,1177,0.1436767578125,81,0.06881903143585387,422.75,4.515625,21.86996744598131,0.8625139908078245,0.0098876953125,0.1301977367187419,0.12438099921882895,877,888,1.0125427594070695,128,93.4125,3,69,0.0,429.46031746031747,795,829,6.4765625,0.14504207578124806,True
0.95,177,36396,1024,5888,736,34,770,6.015625,5.75,2304,0.28125,89,0.038628472222222224,187.02734375,2.427734375,25.411752550180104,0.8773658871960381,0.0108642578125,0.1301977367187419,0.12438099921882895,736,747,1.014945652173913,604,85.69318181818181,4,58,0.0,201.8082191780822,640,674,5.265625,0.14504207578124806,True
0.95,178,16139,1024,4027,504,34,538,4.203125,3.9326171875,4165,0.5084228515625,92,0.022088835534213685,177.2890625,2.38671875,25.643984173844025,0.8995083050557249,0.01123046875,0.1301977367187419,0.12438099921882895,504,515,1.0218253968253967,634,78.84615384615384,4,75,0.0,192.1100529100529,400,434,3.390625,0.14504207578124806,True
0.95,179,32110,1024,4087,511,34,545,4.2578125,3.9912109375,4105,0.5010986328125,766,0.18660170523751524,2361.8232421875,18.3251953125,14.398329687822253,0.6102127105382983,0.093505859375,0.1301977367187419,0.12438099921882895,511,522,1.0215264187866928,173,10.444444444444445,7,452,0.0,2411.273180458624,468,502,3.921875,0.14504207578124806,True
0.95,180,37930,1024,6325,791,34,825,6.4453125,6.1767578125,1867,0.2279052734375,148,0.07927155865024103,642.015625,7.47265625,20.05534763065873,0.7793633308159312,0.01806640625,0.1301977367187419,0.12438099921882895,791,802,1.013906447534766,116,50.925170068027214,4,130,0.0,650.9148514851485,714,748,5.84375,0.14504207578124806,True
0.95,181,5624,1024,6790,849,34,883,6.8984375,6.630859375,1402,0.171142578125,45,0.03209700427960057,181.5,2.1875,25.54203731495779,0.8713181411901281,0.0054931640625,0.1301977367187419,0.12438099921882895,849,860,1.0129564193168434,248,178.22727272727272,2,40,0.0,187.16616314199396,762,796,6.21875,0.14504207578124806,True
0.95,182,37946,1024,6104,763,34,797,6.2265625,5.9609375,2088,0.2548828125,90,0.04310344827586207,373.3125,3.890625,22.41007828776763,0.8730103872777367,0.010986328125,0.1301977367187419,0.12438099921882895,763,774,1.0144167758846658,28,88.42696629213484,3,72,0.0,374.40940254652304,656,690,5.390625,0.14504207578124806,True
0.95,183,6616,1024,7249,907,34,941,7.3515625,7.0791015625,943,0.1151123046875,36,0.03817603393425239,197.0625,2.2421875,25.184763727759304,0.9418537866016005,0.00439453125,0.1301977367187419,0.12438099921882895,907,918,1.0121278941565601,2522,135.28571428571428,1,36,0.0,284.61495063469675,827,861,6.7265625,0.14504207578124806,True
0.95,184,11706,1024,6397,800,34,834,6.515625,6.2470703125,1795,0.2191162109375,147,0.0818941504178273,1174.734375,10.41796875,17.43140683632941,0.798062487843429,0.0179443359375,0.1301977367187419,0.12438099921882895,800,811,1.01375,203,53.74657534246575,3,134,0.0,1204.132132132132,732,766,5.984375,0.14504207578124806,True
0.95,185,10558,1024,4548,569,34,603,4.7109375,4.44140625,3644,0.44482421875,791,0.21706915477497254,3573.0107421875,23.7646484375,12.600460389655705,0.6080825684178934,0.0965576171875,0.1301977367187419,0.12438099921882895,569,580,1.0193321616871704,108,9.134177215189874,8,444,0.0,3618.95450049456,510,544,4.25,0.14504207578124806,True
0.95,186,18351,1024,5243,656,34,690,5.390625,5.1201171875,2949,0.3599853515625,218,0.07392336385215327,789.451171875,8.1796875,19.157550871202183,0.8539767262330253,0.026611328125,0.1301977367187419,0.12438099921882895,656,667,1.016768292682927,174,36.73271889400922,6,163,0.0,805.9800598205384,601,635,4.9609375,0.14504207578124806,True
0.95,187,15023,1024,6348,794,34,828,6.46875,6.19921875,1844,0.22509765625,187,0.10140997830802603,2103.40625,17.9140625,14.901572008329424,0.5368291008644885,0.0228271484375,0.1301977367187419,0.12438099921882895,794,805,1.013853904282116,269,39.89784946236559,3,179,0.0,2173.449041372351,697,731,5.7109375,0.14504207578124806,True
0.95,188,9490,1024,5737,718,34,752,5.875,5.6025390625,2455,0.2996826171875,65,0.026476578411405296,109.4375,2.1328125,27.73914197440389,0.8875102846475857,0.0079345703125,0.1301977367187419,0.12438099921882895,718,729,1.0153203342618384,324,105.71875,2,58,0.0,113.88617886178862,626,660,5.15625,0.14504207578124806,True
0.95,189,6355,1024,5894,737,34,771,6.0234375,5.755859375,2298,0.280517578125,123,0.05352480417754569,574.96875,6.3125,20.53436119780661,0.7624729910420127,0.0150146484375,0.1301977367187419,0.12438099921882895,737,748,1.0149253731343284,8,66.3688524590164,2,108,0.0,575.5307917888563,668,702,5.484375,0.14504207578124806,True
0.95,190,8857,1024,4238,530,34,564,4.40625,4.138671875,3954,0.482666015625,120,0.030349013657056147,249.08203125,3.037109375,24.16737962156956,0.804808104484653,0.0146484375,0.1301977367187419,0.12438099921882895,530,541,1.0207547169811322,2325,30.42016806722689,4,77,0.0,347.4931880108992,428,462,3.609375,0.14504207578124806,True
0.95,191,31811,1024,5577,698,34,732,5.71875,5.4462890625,2615,0.3192138671875,267,0.10210325047801147,1594.87890625,15.501953125,16.10352646731056,0.6403950684915818,0.0325927734375,0.1301977367187419,0.12438099921882895,698,709,1.015759312320917,212,28.992481203007518,3,235,0.0,1636.428857715431,629,663,5.1796875,0.14504207578124806,True
0.95,192,10400,1024,6890,862,34,896,7.0,6.728515625,1302,0.158935546875,40,0.030721966205837174,347.0,3.15625,22.727508860770364,0.7780104736309911,0.0048828125,0.1301977367187419,0.12438099921882895,862,873,1.0127610208816706,162,196.51282051282053,2,37,0.0,353.9123505976096,780,814,6.359375,0.14504207578124806,True
0.95,193,275,1024,6308,789,34,823,6.4296875,6.16015625,1884,0.22998046875,57,0.030254777070063694,233.375,2.6875,24.450260299107754,0.960979231698679,0.0069580078125,0.1301977367187419,0.12438099921882895,789,800,1.0139416983523448,201,137.48214285714286,3,51,0.0,239.2152152152152,687,721,5.6328125,0.14504207578124806,True
0.95,194,26152,1024,6495,812,34,846,6.609375,6.3427734375,1697,0.2071533203125,143,0.08426635238656452,498.048828125,5.140625,21.1580843829751,0.9293548352015931,0.0174560546875,0.1301977367187419,0.12438099921882895,812,823,1.0135467980295567,300,50.90845070422535,4,95,0.0,516.7193515704154,743,777,6.0703125,0.14504207578124806,True
0.95,195,13037,1024,4161,521,34,555,4.3359375,4.0634765625,4031,0.4920654296875,517,0.12825601587695362,1892.810546875,14.931640625,15.359732136575692,0.6276378273865444,0.0631103515625,0.1301977367187419,0.12438099921882895,521,532,1.021113243761996,839,10.9515503875969,6,328,0.0,2106.7804347826086,466,500,3.90625,0.14504207578124806,True
0.95,196,41203,1024,7036,880,34,914,7.140625,6.87109375,1156,0.14111328125,74,0.06401384083044982,592.25,5.890625,20.405752914731075,0.7824668399287109,0.009033203125,0.1301977367187419,0.12438099921882895,880,891,1.0125,609,103.79452054794521,2,72,0.0,639.7299578059071,811,845,6.6015625,0.14504207578124806,True
0.95,197,43709,1024,4984,623,34,657,5.1328125,4.8671875,3208,0.3916015625,109,0.033977556109725686,138.375,1.96875,26.72022726981131,0.8753368784770166,0.0133056640625,0.1301977367187419,0.12438099921882895,623,634,1.0176565008025682,140,74.49074074074075,5,69,0.0,140.71102284011917,552,586,4.578125,0.14504207578124806,True
0.95,198,43572,1024,6358,795,34,829,6.4765625,6.208984375,1834,0.223876953125,78,0.04252998909487459,224.140625,2.84765625,24.625597822697802,0.8856404725834057,0.009521484375,0.1301977367187419,0.12438099921882895,795,806,1.0138364779874214,20,100.83116883116882,3,57,0.0,224.5792563600783,700,734,5.734375,0.14504207578124806,True
0.95,199,23390,1024,6711,839,34,873,6.8203125,6.5537109375,1481,0.1807861328125,38,0.025658338960162053,172.25,2.015625,25.769211302882468,0.9318687645713425,0.004638671875,0.1301977367187419,0.12438099921882895,839,850,1.0131108462455305,475,191.0810810810811,2,31,0.0,182.78134715025908,754,788,6.15625,0.14504207578124806,True
0.975,0,712,1024,7093,887,34,921,7.1953125,6.9267578125,1099,0.1341552734375,61,0.055505004549590536,327.5,3.5,22.978690565401084,0.9527565826633277,0.0074462890625,0.1301977367187419,0.12438099921882895,887,898,1.012401352874859,168,128.93333333333334,4,48,0.0,334.3569292123629,759,793,6.1953125,0.14504207578124806,True
0.975,1,24774,1024,6879,860,34,894,6.984375,6.7177734375,1313,0.1602783203125,50,0.03808073115003808,268.453125,2.71484375,23.84211897018806,0.9283226289892731,0.006103515625,0.1301977367187419,0.12438099921882895,860,871,1.0127906976744185,170,155.87755102040816,2,43,0.0,274.073778664008,741,775,6.0546875,0.14504207578124806,True
0.975,2,45142,1024,7463,933,34,967,7.5546875,7.2880859375,729,0.0889892578125,17,0.023319615912208505,92.0,1.1875,28.49292533522355,0.9479404396658393,0.0020751953125,0.1301977367187419,0.12438099921882895,933,944,1.0117899249732047,561,188.5,1,17,0.0,98.75052410901468,830,864,6.75,0.14504207578124806,True
0.975,3,27119,1024,5162,646,34,680,5.3125,5.041015625,3030,0.369873046875,156,0.05148514851485148,403.21875,4.23046875,22.07539641914062,0.9484158835723832,0.01904296875,0.1301977367187419,0.12438099921882895,646,657,1.0170278637770898,12,50.987096774193546,4,123,0.0,403.61290322580646,565,599,4.6796875,0.14504207578124806,True
0.975,4,21139,1024,6570,822,34,856,6.6875,6.416015625,1622,0.197998046875,18,0.011097410604192354,120.0,1.25,27.338991148202854,0.9906104026391918,0.002197265625,0.1301977367187419,0.12438099921882895,822,833,1.0133819951338199,6145,89.82352941176471,2,17,0.0,480.0,666,700,5.46875,0.14504207578124806,True
0.975,5,19129,1024,6734,842,34,876,6.84375,6.576171875,1458,0.177978515625,17,0.011659807956104253,27.25,0.515625,33.77713854255249,0.9923119822580327,0.0020751953125,0.1301977367187419,0.12438099921882895,842,853,1.013064133016627,698,366.4375,3,12,0.0,29.78014941302028,697,731,5.7109375,0.14504207578124806,True
0.975,6,6433,1024,6187,774,34,808,6.3125,6.0419921875,2005,0.2447509765625,66,0.03291770573566085,285.0,3.046875,23.582355008594003,0.7474262445436287,0.008056640625,0.1301977367187419,0.12438099921882895,774,785,1.0142118863049097,948,90.76923076923077,3,47,0.0,322.11920529801324,640,674,5.265625,0.14504207578124806,True
0.975,7,38854,1024,6901,863,34,897,7.0078125,6.7392578125,1291,0.1575927734375,6,0.004647560030983733,41.015625,0.41015625,32.00131027109822,0.9800499419558103,0.000732421875,0.1301977367187419,0.12438099921882895,863,874,1.0127462340672073,45,1181.8,1,6,0.0,41.216879293424924,719,753,5.8828125,0.14504207578124806,True
0.975,8,22489,1024,6971,872,34,906,7.078125,6.8076171875,1221,0.1490478515625,72,0.05896805896805897,978.0,7.9375,18.22741506080309,0.8785529298887458,0.0087890625,0.1301977367187419,0.12438099921882895,872,883,1.0126146788990826,536,24.690140845070424,2,70,0.0,1046.4702194357367,734,768,6.0,0.14504207578124806,True
0.975,9,31104,1024,6255,782,34,816,6.375,6.1083984375,1937,0.2364501953125,55,0.02839442436757873,300.90625,2.84375,23.346491524820255,0.9602094012143998,0.0067138671875,0.1301977367187419,0.12438099921882895,782,793,1.014066496163683,637,135.07407407407408,3,45,0.0,326.0613756613757,646,680,5.3125,0.14504207578124806,True
0.975,10,21349,1024,7131,892,34,926,7.234375,6.9638671875,1061,0.1295166015625,18,0.016965127238454288,148.0,1.4375,26.42818645472953,0.9658864407499858,0.002197265625,0.1301977367187419,0.12438099921882895,892,903,1.0123318385650224,72,461.70588235294116,2,16,0.0,149.31231527093595,772,806,6.296875,0.14504207578124806,True
0.975,11,29116,1024,6330,792,34,826,6.453125,6.181640625,1862,0.227294921875,49,0.02631578947368421,102.015625,1.34765625,28.044136662473345,0.9579670052209719,0.0059814453125,0.1301977367187419,0.12438099921882895,792,803,1.0138888888888888,140,147.60416666666666,3,39,0.0,103.73783515392255,677,711,5.5546875,0.14504207578124806,True
0.975,12,10772,1024,7398,925,34,959,7.4921875,7.224609375,794,0.096923828125,20,0.02518891687657431,221.0,1.96875,24.686880871827995,0.9435518456825962,0.00244140625,0.1301977367187419,0.12438099921882895,925,936,1.011891891891892,24,350.3157894736842,1,20,0.0,221.64936336924583,822,856,6.6875,0.14504207578124806,True
0.975,13,18332,1024,7348,919,34,953,7.4453125,7.17578125,844,0.10302734375,15,0.017772511848341232,89.5,0.90625,28.612573255519983,0.9419421507816623,0.0018310546875,0.1301977367187419,0.12438099921882895,919,930,1.0119695321001088,379,476.35714285714283,2,14,0.0,93.80552712384852,798,832,6.5,0.14504207578124806,True
0.975,14,1003,1024,7208,901,34,935,7.3046875,7.0390625,984,0.1201171875,48,0.04878048780487805,304.5,3.28125,23.29493063899016,0.8883415198472305,0.005859375,0.1301977367187419,0.12438099921882895,901,912,1.0122086570477247,442,151.29787234042553,3,44,0.0,321.78328173374615,796,830,6.484375,0.14504207578124806,True
0.975,15,22156,1024,7214,902,34,936,7.3125,7.044921875,978,0.119384765625,24,0.024539877300613498,172.5,1.84375,25.762912614586174,0.9227519424054992,0.0029296875,0.1301977367187419,0.12438099921882895,902,913,1.0121951219512195,217,337.82608695652175,1,24,0.0,177.1715145436309,779,813,6.3515625,0.14504207578124806,True
0.975,16,26453,1024,6625,829,34,863,6.7421875,6.4697265625,1567,0.1912841796875,13,0.008296107211231652,28.8125,0.5390625,33.53499418134187,0.9827853759782769,0.0015869140625,0.1301977367187419,0.12438099921882895,829,840,1.0132689987937273,938,189.91666666666666,1,13,0.0,32.529217199558985,685,719,5.6171875,0.14504207578124806,True
0.975,17,17039,1024,6553,820,34,854,6.671875,6.3994140625,1639,0.2000732421875,26,0.01586333129957291,45.8125,0.9140625,31.520963688827074,0.9796006695245069,0.003173828125,0.1301977367187419,0.12438099921882895,820,831,1.0134146341463415,1729,251.56,3,22,0.0,58.05940594059406,705,739,5.7734375,0.14504207578124806,True
0.975,18,7166,1024,6993,875,34,909,7.1015625,6.8291015625,1199,0.1463623046875,38,0.0316930775646372,337.0,3.09375,22.85450459996572,0.8791756645295039,0.004638671875,0.1301977367187419,0.12438099921882895,875,886,1.0125714285714287,249,212.1081081081081,3,35,0.0,347.52064451158105,721,755,5.8984375,0.14504207578124806,True
0.975,19,48310,1024,6441,806,34,840,6.5625,6.2900390625,1751,0.2137451171875,19,0.010850942318675044,98.09375,1.078125,28.214390234877737,0.9524709632825343,0.0023193359375,0.1301977367187419,0.12438099921882895,806,817,1.0136476426799008,244,427.0,1,19,0.0,101.05432595573441,655,689,5.3828125,0.14504207578124806,True
0.975,20,12187,1024,5683,711,34,745,5.8203125,5.5498046875,2509,0.3062744140625,30,0.011956954962136309,154.28125,1.4765625,26.24767211968285,0.9463625032532332,0.003662109375,0.1301977367187419,0.12438099921882895,711,722,1.0154711673699015,1276,200.0344827586207,3,26,0.0,182.64046242774566,578,612,4.78125,0.14504207578124806,True
0.975,21,20284,1024,5796,725,34,759,5.9296875,5.66015625,2396,0.29248046875,42,0.017529215358931552,274.8125,2.6171875,23.740438779041288,0.8711447544484556,0.005126953125,0.1301977367187419,0.12438099921882895,725,736,1.0151724137931035,2002,144.6341463414634,2,39,0.0,363.57622739018086,579,613,4.7890625,0.14504207578124806,True
0.975,22,1052,1024,7115,890,34,924,7.21875,6.9482421875,1077,0.1314697265625,34,0.031569173630454965,373.0,3.15625,22.413715290592226,0.9332107373484415,0.004150390625,0.1301977367187419,0.12438099921882895,890,901,1.0123595505617977,490,226.6060606060606,2,32,0.0,396.62720664589824,754,788,6.15625,0.14504207578124806,True
0.975,23,13752,1024,5159,645,34,679,5.3046875,5.0380859375,3033,0.3702392578125,22,0.007253544345532476,74.5,0.875,29.409240881196176,0.9199997730278537,0.002685546875,0.1301977367187419,0.12438099921882895,645,656,1.0170542635658915,4026,172.23809523809524,2,16,0.0,146.426103646833,495,529,4.1328125,0.14504207578124806,True
0.975,24,37139,1024,6895,862,34,896,7.0,6.7333984375,1297,0.1583251953125,19,0.014649190439475714,130.5,1.28125,26.974698491936103,0.9716883642002792,0.0023193359375,0.1301977367187419,0.12438099921882895,862,873,1.0127610208816706,993,365.3333333333333,2,17,0.0,148.48,719,753,5.8828125,0.14504207578124806,True
0.975,25,29727,1024,7740,968,34,1002,7.828125,7.55859375,452,0.05517578125,5,0.011061946902654867,17.0,0.28125,35.826314394896364,0.9907370699031662,0.0006103515625,0.1301977367187419,0.12438099921882895,968,979,1.0113636363636365,1777,1014.0,1,5,0.0,21.705735660847882,847,881,6.8828125,0.14504207578124806,True
0.975,26,41854,1024,6704,838,34,872,6.8125,6.546875,1488,0.181640625,15,0.010080645161290322,42.25,0.734375,31.872536475821992,0.9549091134349564,0.0018310546875,0.1301977367187419,0.12438099921882895,838,849,1.0131264916467781,4553,200.07142857142858,2,14,0.0,95.08571428571429,690,724,5.65625,0.14504207578124806,True
0.975,27,40333,1024,7481,936,34,970,7.578125,7.3056640625,711,0.0867919921875,21,0.029535864978902954,132.0,1.4375,26.925064296620604,0.961625439256774,0.0025634765625,0.1301977367187419,0.12438099921882895,936,947,1.0117521367521367,8,390.45,1,21,0.0,132.1290322580645,817,851,6.6484375,0.14504207578124806,True
0.975,28,33248,1024,5855,732,34,766,5.984375,5.7177734375,2337,0.2852783203125,68,0.029097133076593923,508.9990234375,4.3330078125,21.06363411765163,0.9307341185263333,0.00830078125,0.1301977367187419,0.12438099921882895,732,743,1.0150273224043715,455,111.41791044776119,4,57,0.0,538.4452479338843,606,640,5.0,0.14504207578124806,True
0.975,29,9680,1024,7123,891,34,925,7.2265625,6.9560546875,1069,0.1304931640625,20,0.018709073900841908,186.25,1.671875,25.429840794475798,0.9677443796230945,0.00244140625,0.1301977367187419,0.12438099921882895,891,902,1.0123456790123457,17,314.05263157894734,1,20,0.0,186.61448140900197,754,788,6.15625,0.14504207578124806,True
0.975,30,16805,1024,7180,898,34,932,7.28125,7.01171875,1012,0.12353515625,26,0.025691699604743084,78.0,1.21875,29.2098575817743,0.9510151740166837,0.003173828125,0.1301977367187419,0.12438099921882895,898,909,1.012249443207127,19,325.08,2,24,0.0,78.15264187866927,805,839,6.5546875,0.14504207578124806,True
0.975,31,14652,1024,6263,783,34,817,6.3828125,6.1162109375,1929,0.2354736328125,48,0.024883359253499222,343.375,3.1875,22.77311688439292,0.7914123551924336,0.005859375,0.1301977367187419,0.12438099921882895,783,794,1.0140485312899106,396,116.2127659574468,3,37,0.0,360.63179487179485,633,667,5.2109375,0.14504207578124806,True
0.975,32,15793,1024,6518,815,34,849,6.6328125,6.365234375,1674,0.204345703125,25,0.014934289127837515,171.4375,1.7109375,25.78974535919306,0.8910361637249653,0.0030517578125,0.1301977367187419,0.12438099921882895,815,826,1.0134969325153373,172,311.5416666666667,1,25,0.0,175.02691924227318,650,684,5.34375,0.14504207578124806,True
0.975,33,30210,1024,5605,701,34,735,5.7421875,5.4736328125,2587,0.3157958984375,31,0.01198299188248937,67.71875,1.015625,29.823714278679986,0.9465065703503268,0.0037841796875,0.1301977367187419,0.12438099921882895,701,712,1.0156918687589158,212,245.33333333333334,2,30,0.0,69.48296593186373,545,579,4.5234375,0.14504207578124806,True
0.975,34,47426,1024,7185,899,34,933,7.2890625,7.0166015625,1007,0.1229248046875,15,0.014895729890764648,96.75,0.984375,28.27429387176961,0.9606655345747028,0.0018310546875,0.1301977367187419,0.12438099921882895,899,910,1.0122358175750834,227,508.5,1,15,0.0,99.46987951807229,788,822,6.421875,0.14504207578124806,True
0.975,35,20875,1024,6846,856,34,890,6.953125,6.685546875,1346,0.164306640625,30,0.022288261515601784,126.5625,1.4609375,27.10775315973148,0.9833892356743699,0.003662109375,0.1301977367187419,0.12438099921882895,856,867,1.0128504672897196,1073,245.24137931034483,2,26,0.0,145.61797752808988,709,743,5.8046875,0.14504207578124806,True
0.975,36,4161,1024,7248,906,34,940,7.34375,7.078125,944,0.115234375,12,0.012711864406779662,105.0,1.03125,27.918910617979723,0.9923410241223659,0.00146484375,0.1301977367187419,0.12438099921882895,906,917,1.0121412803532008,74,707.4545454545455,1,12,0.0,105.93103448275862,762,796,6.21875,0.14504207578124806,True
0.975,37,40340,1024,6541,818,34,852,6.65625,6.3876953125,1651,0.2015380859375,54,0.03270745003028468,227.453125,2.59765625,24.561884528479784,0.9258011702594369,0.006591796875,0.1301977367187419,0.12438099921882895,818,829,1.0134474327628362,460,136.56603773584905,3,41,0.0,240.8603929679421,704,738,5.765625,0.14504207578124806,True
0.975,38,28286,1024,7183,898,34,932,7.28125,7.0146484375,1009,0.1231689453125,18,0.017839444995044598,31.1875,0.6015625,33.19099797900445,0.9631380908809974,0.002197265625,0.1301977367187419,0.12438099921882895,898,909,1.012249443207127,27,445.52941176470586,2,17,0.0,31.279138099902056,765,799,6.2421875,0.14504207578124806,True
0.975,39,13256,1024,7545,944,34,978,7.640625,7.3681640625,647,0.0789794921875,16,0.02472952086553323,117.0,1.15625,27.448944991217488,0.9807520265381066,0.001953125,0.1301977367187419,0.12438099921882895,944,955,1.0116525423728813,280,360.06666666666666,2,14,0.0,121.14054600606673,827,861,6.7265625,0.14504207578124806,True
0.975,40,48934,1024,6943,868,34,902,7.046875,6.7802734375,1249,0.1524658203125,31,0.024819855884707767,241.375,2.203125,24.303880740804594,0.9298824161718119,0.0037841796875,0.1301977367187419,0.12438099921882895,868,879,1.012672811059908,937,233.06666666666666,2,30,0.0,272.51157662624036,760,794,6.203125,0.14504207578124806,True
0.975,41,11935,1024,6143,768,34,802,6.265625,5.9990234375,2049,0.2501220703125,41,0.02000976085895559,308.8125,2.9296875,23.233854896344184,0.8527225864842722,0.0050048828125,0.1301977367187419,0.12438099921882895,768,779,1.0143229166666667,227,188.825,3,37,0.0,317.49397590361446,635,669,5.2265625,0.14504207578124806,True
0.975,42,48447,1024,7194,900,34,934,7.296875,7.025390625,998,0.121826171875,13,0.013026052104208416,47.0,0.59375,31.40982502932193,0.951618737775088,0.0015869140625,0.1301977367187419,0.12438099921882895,900,911,1.0122222222222221,498,424.6666666666667,2,10,0.0,50.02910602910603,769,803,6.2734375,0.14504207578124806,True
0.975,43,15492,1024,7751,969,34,1003,7.8359375,7.5693359375,441,0.0538330078125,15,0.034013605442176874,108.0,1.1875,27.796566053809606,0.9720445159988066,0.0018310546875,0.1301977367187419,0.12438099921882895,969,980,1.0113519091847265,441,490.85714285714283,1,15,0.0,114.13003095975232,886,920,7.1875,0.14504207578124806,True
0.975,44,32513,1024,7461,933,34,967,7.5546875,7.2861328125,731,0.0892333984375,16,0.02188782489740082,124.0,1.1875,27.196586757056753,0.9716505638636026,0.001953125,0.1301977367187419,0.12438099921882895,933,944,1.0117899249732047,425,490.6,1,16,0.0,130.76828012358393,803,837,6.5390625,0.14504207578124806,True
0.975,45,36099,1024,6466,809,34,843,6.5859375,6.314453125,1726,0.210693359375,59,0.034183082271147164,367.97265625,3.591796875,22.47264813066535,0.9455002469162692,0.0072021484375,0.1301977367187419,0.12438099921882895,809,820,1.0135970333745365,237,135.24137931034483,3,54,0.0,378.69748743718594,707,741,5.7890625,0.14504207578124806,True
0.975,46,39260,1024,5045,631,34,665,5.1953125,4.9267578125,3147,0.3841552734375,54,0.017159199237368923,295.203125,2.93359375,23.42959410281024,0.9039976657135261,0.006591796875,0.1301977367187419,0.12438099921882895,631,642,1.01743264659271,2018,87.24528301886792,4,44,0.0,391.56476683937825,472,506,3.953125,0.14504207578124806,True
0.975,47,46517,1024,6192,774,34,808,6.3125,6.046875,2000,0.244140625,17,0.0085,98.5625,1.1015625,28.193686501949323,0.9399588199809934,0.0020751953125,0.1301977367187419,0.12438099921882895,774,785,1.0142118863049097,2075,231.3125,1,17,0.0,131.93202614379084,646,680,5.3125,0.14504207578124806,True
0.975,48,33095,1024,7288,911,34,945,7.3828125,7.1171875,904,0.1103515625,19,0.02101769911504425,120.0,1.1875,27.338991148202854,0.9495018012431696,0.0023193359375,0.1301977367187419,0.12438099921882895,911,922,1.0120746432491767,441,316.5,1,19,0.0,126.81114551083591,798,832,6.5,0.14504207578124806,True
0.975,49,3,1024,7102,888,34,922,7.203125,6.935546875,1090,0.133056640625,19,0.01743119266055046,66.0,1.0625,29.935364253260417,0.909269890152011,0.0023193359375,0.1301977367187419,0.12438099921882895,888,899,1.0123873873873874,2481,316.44444444444446,2,18,0.0,94.65546218487395,749,783,6.1171875,0.14504207578124806,True
0.975,50,21683,1024,6936,867,34,901,7.0390625,6.7734375,1256,0.1533203125,30,0.02388535031847134,212.5,2.0625,24.857214264815802,0.9222779327667612,0.003662109375,0.1301977367187419,0.12438099921882895,867,878,1.0126874279123415,10,261.7586206896552,3,27,0.0,212.70772238514175,725,759,5.9296875,0.14504207578124806,True
0.975,51,13446,1024,6945,869,34,903,7.0546875,6.7822265625,1247,0.1522216796875,49,0.03929430633520449,261.0,3.125,23.96439853529629,0.9592218279224337,0.0059814453125,0.1301977367187419,0.12438099921882895,869,880,1.0126582278481013,73,156.20833333333334,2,47,0.0,263.3142857142857,759,793,6.1953125,0.14504207578124806,True
0.975,52,49515,1024,6577,823,34,857,6.6953125,6.4228515625,1615,0.1971435546875,79,0.04891640866873065,308.0625,4.4453125,23.24441525369111,0.869743044062511,0.0096435546875,0.1301977367187419,0.12438099921882895,823,834,1.0133657351154313,265,101.14102564102564,2,75,0.0,318.32088799192735,716,750,5.859375,0.14504207578124806,True
0.975,53,27943,1024,7084,886,34,920,7.1875,6.91796875,1108,0.13525390625,40,0.036101083032490974,448.75,3.734375,21.61075899281535,0.8478686270968214,0.0048828125,0.1301977367187419,0.12438099921882895,886,897,1.012415349887133,592,172.30769230769232,2,39,0.0,483.70526315789476,759,793,6.1953125,0.14504207578124806,True
0.975,54,29059,1024,7509,939,34,973,7.6015625,7.3330078125,683,0.0833740234375,31,0.04538799414348463,234.5,2.125,24.429375138168083,0.9728838666813389,0.0037841796875,0.1301977367187419,0.12438099921882895,939,950,1.0117145899893503,9,265.8666666666667,2,29,0.0,234.72922776148582,838,872,6.8125,0.14504207578124806,True
0.975,55,32738,1024,4961,621,34,655,5.1171875,4.8447265625,3231,0.3944091796875,47,0.014546580006190035,182.390625,1.97265625,25.520778493283927,0.8493402822972318,0.0057373046875,0.1301977367187419,0.12438099921882895,621,632,1.0177133655394526,1219,121.17391304347827,3,42,0.0,214.1834862385321,479,513,4.0078125,0.14504207578124806,True
0.975,56,445,1024,7522,941,34,975,7.6171875,7.345703125,670,0.081787109375,22,0.03283582089552239,215.25,1.953125,24.80137200742218,0.907177430564663,0.002685546875,0.1301977367187419,0.12438099921882895,941,952,1.0116896918172158,289,366.0952380952381,1,22,0.0,223.0931174089069,831,865,6.7578125,0.14504207578124806,True
0.975,57,32216,1024,6777,848,34,882,6.890625,6.6181640625,1415,0.1727294921875,8,0.005653710247349823,47.25,0.515625,31.386785480226287,0.9762170893040231,0.0009765625,0.1301977367187419,0.12438099921882895,848,859,1.0129716981132075,2145,611.4285714285714,2,7,0.0,64.0,726,760,5.9375,0.14504207578124806,True
0.975,58,18250,1024,7389,924,34,958,7.484375,7.2158203125,803,0.0980224609375,48,0.05977584059775841,488.25,4.171875,21.244381089080182,0.8133124273393819,0.005859375,0.1301977367187419,0.12438099921882895,924,935,1.0119047619047619,32,167.3404255319149,3,43,0.0,490.16470588235296,814,848,6.625,0.14504207578124806,True
0.975,59,1684,1024,6725,841,34,875,6.8359375,6.5673828125,1467,0.1790771484375,92,0.0627130197682345,679.5,6.375,19.808908997993974,0.7761349170634216,0.01123046875,0.1301977367187419,0.12438099921882895,841,852,1.0130796670630202,136,84.94505494505495,4,78,0.0,690.9712015888779,710,744,5.8125,0.14504207578124806,True
0.975,60,2899,1024,6693,837,34,871,6.8046875,6.5361328125,1499,0.1829833984375,32,0.02134756504336224,93.25,1.359375,28.43431520387185,0.9326701003275214,0.00390625,0.1301977367187419,0.12438099921882895,837,848,1.013142174432497,353,244.41935483870967,4,23,0.0,97.43673469387755,740,774,6.046875,0.14504207578124806,True
0.975,61,39428,1024,6330,792,34,826,6.453125,6.181640625,1862,0.227294921875,22,0.011815252416756176,150.078125,1.41796875,26.367629656540853,0.8954881138287075,0.002685546875,0.1301977367187419,0.12438099921882895,792,803,1.0138888888888888,1130,304.5238095238095,1,22,0.0,174.04303510758777,668,702,5.484375,0.14504207578124806,True
0.975,62,40758,1024,6967,871,34,905,7.0703125,6.8037109375,1225,0.1495361328125,17,0.013877551020408163,207.0,1.65625,24.971100154109926,0.965798653570065,0.0020751953125,0.1301977367187419,0.12438099921882895,871,882,1.0126291618828933,32,363.5,2,16,0.0,207.81176470588235,772,806,6.296875,0.14504207578124806,True
0.975,63,29154,1024,7273,910,34,944,7.375,7.1025390625,919,0.1121826171875,31,0.03373231773667029,185.5,1.84375,25.447364469168456,0.9758010463050566,0.0037841796875,0.1301977367187419,0.12438099921882895,910,921,1.012087912087912,176,246.13333333333333,2,29,0.0,189.57285429141717,788,822,6.421875,0.14504207578124806,True
0.975,64,43958,1024,7214,902,34,936,7.3125,7.044921875,978,0.119384765625,18,0.018404907975460124,132.0,1.3125,26.925064296620604,0.8947508736677439,0.002197265625,0.1301977367187419,0.12438099921882895,902,913,1.0121951219512195,2873,311.11764705882354,2,17,0.0,203.26015037593984,765,799,6.2421875,0.14504207578124806,True
0.975,65,33814,1024,7507,939,34,973,7.6015625,7.3310546875,685,0.0836181640625,13,0.01897810218978102,96.25,1.015625,28.29679622687372,0.9663117893385542,0.0015869140625,0.1301977367187419,0.12438099921882895,939,950,1.0117145899893503,104,624.0833333333334,1,13,0.0,97.48763600395648,834,868,6.78125,0.14504207578124806,True
0.975,66,34153,1024,6802,851,34,885,6.9140625,6.642578125,1390,0.169677734375,42,0.030215827338129497,500.0625,4.3203125,21.140560731142966,0.9192891871717134,0.005126953125,0.1301977367187419,0.12438099921882895,851,862,1.0129259694477086,1004,147.0487804878049,1,42,0.0,569.5928809788654,728,762,5.953125,0.14504207578124806,True
0.975,67,43609,1024,6704,838,34,872,6.8125,6.546875,1488,0.181640625,34,0.0228494623655914,173.75,1.875,25.731555476057586,0.9126573668244805,0.004150390625,0.1301977367187419,0.12438099921882895,838,849,1.0131264916467781,233,236.63636363636363,2,33,0.0,178.8140703517588,722,756,5.90625,0.14504207578124806,True
0.975,68,10762,1024,6659,833,34,867,6.7734375,6.5029296875,1533,0.1871337890625,40,0.02609262883235486,88.828125,1.05078125,28.64529865828044,0.9418630394825702,0.0048828125,0.1301977367187419,0.12438099921882895,833,844,1.0132052821128452,664,144.2051282051282,5,23,0.0,96.66312433581297,725,759,5.9296875,0.14504207578124806,True
0.975,69,17898,1024,6235,780,34,814,6.359375,6.0888671875,1957,0.2388916015625,6,0.0030659172202350538,6.5,0.15625,40.00167004225055,0.9827271704711065,0.000732421875,0.1301977367187419,0.12438099921882895,780,791,1.014102564102564,1995,1073.4,2,5,0.0,8.588387096774193,629,663,5.1796875,0.14504207578124806,True
0.975,70,43653,1024,6561,821,34,855,6.6796875,6.4072265625,1631,0.1990966796875,22,0.0134886572654813,142.31640625,1.369140625,26.598253923849313,0.9208546727219178,0.002685546875,0.1301977367187419,0.12438099921882895,821,832,1.0133982947624847,91,283.6666666666667,2,19,0.0,143.86179664363277,668,702,5.484375,0.14504207578124806,True
0.975,71,14233,1024,7254,907,34,941,7.3515625,7.083984375,938,0.114501953125,38,0.04051172707889126,189.25,2.390625,25.360444726957997,0.9060562059504083,0.004638671875,0.1301977367187419,0.12438099921882895,907,918,1.0121278941565601,90,187.6216216216216,2,37,0.0,191.30503455083908,788,822,6.421875,0.14504207578124806,True
0.975,72,39520,1024,7017,878,34,912,7.125,6.8525390625,1175,0.1434326171875,25,0.02127659574468085,200.8125,1.7890625,25.10289617972317,0.8595505795050431,0.0030517578125,0.1301977367187419,0.12438099921882895,878,889,1.0125284738041003,179,185.625,2,22,0.0,205.22155688622755,736,770,6.015625,0.14504207578124806,True
0.975,73,18138,1024,6748,844,34,878,6.859375,6.58984375,1444,0.17626953125,6,0.004155124653739612,21.25,0.296875,34.8572142648158,0.9963799877780787,0.000732421875,0.1301977367187419,0.12438099921882895,844,855,1.0130331753554502,6083,164.4,1,6,0.0,82.42424242424242,707,741,5.7890625,0.14504207578124806,True
0.975,74,9212,1024,6300,788,34,822,6.421875,6.15234375,1892,0.23095703125,23,0.012156448202959831,164.5,1.625,25.969144585819173,0.9127887615056752,0.0028076171875,0.1301977367187419,0.12438099921882895,788,799,1.013959390862944,82,222.0909090909091,2,22,0.0,166.1222879684418,652,686,5.359375,0.14504207578124806,True
0.975,75,6456,1024,7261,908,34,942,7.359375,7.0908203125,931,0.1136474609375,39,0.04189044038668099,423.0,3.78125,21.86739993492868,0.8150723151392919,0.0047607421875,0.1301977367187419,0.12438099921882895,908,919,1.0121145374449338,1184,176.02631578947367,1,39,0.0,494.4657534246575,793,827,6.4609375,0.14504207578124806,True
0.975,76,22948,1024,6331,792,34,826,6.453125,6.1826171875,1861,0.2271728515625,11,0.005910800644814616,20.25,0.390625,35.06655333317223,0.984229007404405,0.0013427734375,0.1301977367187419,0.12438099921882895,792,803,1.0138888888888888,851,643.1,2,9,0.0,22.58823529411765,665,699,5.4609375,0.14504207578124806,True
0.975,77,7591,1024,7472,934,34,968,7.5625,7.296875,720,0.087890625,8,0.011111111111111112,86.0,0.75,28.785819096243426,0.9599291692455991,0.0009765625,0.1301977367187419,0.12438099921882895,934,945,1.011777301927195,3322,562.0,1,8,0.0,144.60426929392446,841,875,6.8359375,0.14504207578124806,True
0.975,78,29996,1024,6575,822,34,856,6.6875,6.4208984375,1617,0.1973876953125,36,0.022263450834879406,330.0625,2.7578125,22.944841760353402,0.9216628603584048,0.00439453125,0.1301977367187419,0.12438099921882895,822,833,1.0133819951338199,108,202.22857142857143,2,31,0.0,334.3066271018793,692,726,5.671875,0.14504207578124806,True
0.975,79,10378,1024,6574,822,34,856,6.6875,6.419921875,1618,0.197509765625,70,0.04326328800988875,148.109375,2.27734375,26.424978115843366,0.9634810394616609,0.008544921875,0.1301977367187419,0.12438099921882895,822,833,1.0133819951338199,324,108.47826086956522,3,62,0.0,154.130081300813,714,748,5.84375,0.14504207578124806,True
0.975,80,27337,1024,5786,724,34,758,5.921875,5.650390625,2406,0.293701171875,14,0.005818786367414797,21.265625,0.33203125,34.85402209648463,0.9788039975924385,0.001708984375,0.1301977367187419,0.12438099921882895,724,735,1.0151933701657458,1317,190.6153846153846,3,12,0.0,25.32093023255814,571,605,4.7265625,0.14504207578124806,True
0.975,81,19965,1024,6416,802,34,836,6.53125,6.265625,1776,0.216796875,45,0.02533783783783784,216.75,2.234375,24.771212547196626,0.9420498907252929,0.0054931640625,0.1301977367187419,0.12438099921882895,802,813,1.013715710723192,537,164.72727272727272,3,32,0.0,231.92476489028212,655,689,5.3828125,0.14504207578124806,True
0.975,82,24405,1024,7174,897,34,931,7.2734375,7.005859375,1018,0.124267578125,35,0.0343811394891945,181.0,1.875,25.55401785998726,0.9268935382328236,0.0042724609375,0.1301977367187419,0.12438099921882895,897,908,1.0122630992196209,57,238.35294117647058,2,30,0.0,182.24582104228122,769,803,6.2734375,0.14504207578124806,True
0.975,83,45135,1024,7171,897,34,931,7.2734375,7.0029296875,1021,0.1246337890625,21,0.02056807051909892,239.0,2.03125,24.346824599197724,0.97397758693073,0.0025634765625,0.1301977367187419,0.12438099921882895,897,908,1.0122630992196209,641,161.2,2,20,0.0,259.2542372881356,763,797,6.2265625,0.14504207578124806,True
0.975,84,11274,1024,7065,884,34,918,7.171875,6.8994140625,1127,0.1375732421875,13,0.011535048802129548,73.625,0.75,29.460550530727524,0.9649324777023345,0.0015869140625,0.1301977367187419,0.12438099921882895,884,895,1.012443438914027,43,636.0833333333334,2,12,0.0,73.98626104023552,747,781,6.1015625,0.14504207578124806,True
0.975,85,1941,1024,6949,869,34,903,7.0546875,6.7861328125,1243,0.1517333984375,1,0.0008045052292839903,1.0,0.03125,48.1308036086791,0.99996447141959,0.0001220703125,0.1301977367187419,0.12438099921882895,869,880,1.0126582278481013,450,,1,1,0.0,1.0578512396694215,741,775,6.0546875,0.14504207578124806,True
0.975,86,48940,1024,7230,904,34,938,7.328125,7.060546875,962,0.117431640625,19,0.01975051975051975,110.0,1.25,27.716876757096852,0.9444448151878081,0.0023193359375,0.1301977367187419,0.12438099921882895,904,915,1.0121681415929205,248,414.72222222222223,2,18,0.0,113.43403826787512,798,832,6.5,0.14504207578124806,True
0.975,87,36794,1024,7062,883,34,917,7.1640625,6.896484375,1130,0.137939453125,27,0.023893805309734513,297.25,2.453125,23.39958497577181,0.9241072186010066,0.0032958984375,0.1301977367187419,0.12438099921882895,883,894,1.0124575311438277,112,263.8076923076923,2,26,0.0,301.37029702970295,752,786,6.140625,0.14504207578124806,True
0.975,88,21994,1024,6901,863,34,897,7.0078125,6.7392578125,1291,0.1575927734375,46,0.03563129357087529,296.5,2.875,23.410556631676293,0.9021891488221037,0.005615234375,0.1301977367187419,0.12438099921882895,863,874,1.0127462340672073,1392,150.64444444444445,3,38,0.0,357.19529411764705,741,775,6.0546875,0.14504207578124806,True
0.975,89,49944,1024,6700,838,34,872,6.8125,6.54296875,1492,0.18212890625,26,0.01742627345844504,72.125,0.921875,29.549945347041223,0.9689575020130696,0.003173828125,0.1301977367187419,0.12438099921882895,838,849,1.0131264916467781,48,316.92,5,18,0.0,72.5500982318271,703,737,5.7578125,0.14504207578124806,True
0.975,90,43442,1024,3845,481,34,515,4.0234375,3.7548828125,4347,0.5306396484375,18,0.004140786749482402,49.453125,0.53515625,31.188866204984237,0.9427775316253457,0.002197265625,0.1301977367187419,0.12438099921882895,481,492,1.022869022869023,2931,136.11764705882354,3,14,0.0,76.96048632218844,300,334,2.609375,0.14504207578124806,True
0.975,91,45096,1024,6305,789,34,823,6.4296875,6.1572265625,1887,0.2303466796875,42,0.022257551669316374,120.5,1.875,27.320933139570233,0.9408049812836435,0.005126953125,0.1301977367187419,0.12438099921882895,789,800,1.0139416983523448,1001,169.390243902439,2,37,0.0,137.25472747497219,640,674,5.265625,0.14504207578124806,True
0.975,92,42430,1024,5508,689,34,723,5.6484375,5.37890625,2684,0.32763671875,113,0.042101341281669154,506.078125,4.82421875,21.088627953376434,0.6555614359403901,0.0137939453125,0.1301977367187419,0.12438099921882895,689,700,1.0159651669085632,1035,63.473214285714285,4,79,0.0,579.0212290502793,563,597,4.6640625,0.14504207578124806,True
0.975,93,42255,1024,6482,811,34,845,6.6015625,6.330078125,1710,0.208740234375,54,0.031578947368421054,529.0,4.53125,20.896246888327248,0.7777878949172718,0.006591796875,0.1301977367187419,0.12438099921882895,811,822,1.0135635018495683,552,119.84905660377359,3,48,0.0,567.2209424083769,672,706,5.515625,0.14504207578124806,True
0.975,94,5771,1024,7162,896,34,930,7.265625,6.994140625,1030,0.125732421875,34,0.03300970873786408,170.23828125,1.708984375,25.82023134929935,0.9872831450903132,0.004150390625,0.1301977367187419,0.12438099921882895,896,907,1.0122767857142858,171,219.33333333333334,3,28,0.0,173.80259222333,777,811,6.3359375,0.14504207578124806,True
0.975,95,8320,1024,7468,934,34,968,7.5625,7.29296875,724,0.08837890625,25,0.034530386740331494,224.0,2.125,24.628323425337477,0.9637535598363465,0.0030517578125,0.1301977367187419,0.12438099921882895,934,945,1.011777301927195,169,314.3333333333333,2,24,0.0,228.68993020937188,833,867,6.7734375,0.14504207578124806,True
0.975,96,48807,1024,7054,882,34,916,7.15625,6.888671875,1138,0.138916015625,27,0.023725834797891036,216.0,1.9375,24.786266097169793,0.941603456638098,0.0032958984375,0.1301977367187419,0.12438099921882895,882,893,1.0124716553287982,272,281.5769230769231,2,23,0.0,223.4181818181818,762,796,6.21875,0.14504207578124806,True
0.975,97,2675,1024,5474,685,34,719,5.6171875,5.345703125,2718,0.331787109375,64,0.0235467255334805,107.359375,1.53515625,27.82240386310889,0.9391478478198183,0.0078125,0.1301977367187419,0.12438099921882895,685,696,1.0160583941605839,98,128.36507936507937,3,45,0.0,108.63241106719367,531,565,4.4140625,0.14504207578124806,True
0.975,98,37658,1024,6839,855,34,889,6.9453125,6.6787109375,1353,0.1651611328125,4,0.0029563932002956393,3.25,0.109375,43.01196999889036,0.9993231250157816,0.00048828125,0.1301977367187419,0.12438099921882895,855,866,1.0128654970760234,618,2434.6666666666665,1,4,0.0,3.5142555438225975,697,731,5.7109375,0.14504207578124806,True
0.975,99,45710,1024,7026,879,34,913,7.1328125,6.861328125,1166,0.142333984375,6,0.005145797598627788,48.0,0.5,31.318391234923233,0.9867613353755813,0.000732421875,0.1301977367187419,0.12438099921882895,879,890,1.012514220705347,120,1112.2,1,6,0.0,48.71357779980178,740,774,6.046875,0.14504207578124806,True
0.975,100,15813,1024,6218,778,34,812,6.34375,6.072265625,1974,0.240966796875,64,0.03242147922998987,386.75,3.765625,22.256500384965054,0.8732145233546468,0.0078125,0.1301977367187419,0.12438099921882895,778,789,1.0141388174807198,939,114.23809523809524,3,51,0.0,436.63947078280046,654,688,5.375,0.14504207578124806,True
0.975,101,7135,1024,7147,894,34,928,7.25,6.9794921875,1045,0.1275634765625,14,0.013397129186602871,32.0,0.5625,33.07930382548004,0.9686363835352994,0.001708984375,0.1301977367187419,0.12438099921882895,894,905,1.012304250559284,80,579.8461538461538,2,11,0.0,32.315581854043394,774,808,6.3125,0.14504207578124806,True
0.975,102,31775,1024,6877,860,34,894,6.984375,6.7158203125,1315,0.1605224609375,31,0.023574144486692015,117.0,1.375,27.448944991217488,0.9110223891160338,0.0037841796875,0.1301977367187419,0.12438099921882895,860,871,1.0127906976744185,257,238.7,4,24,0.0,120.7741935483871,723,757,5.9140625,0.14504207578124806,True
0.975,103,31772,1024,6724,841,34,875,6.8359375,6.56640625,1468,0.17919921875,16,0.010899182561307902,79.0625,0.8828125,29.151098180119984,0.9712514849929952,0.001953125,0.1301977367187419,0.12438099921882895,841,852,1.0130796670630202,88,222.46666666666667,1,16,0.0,79.92102665350444,703,737,5.7578125,0.14504207578124806,True
0.975,104,25160,1024,6155,770,34,804,6.28125,6.0107421875,2037,0.2486572265625,22,0.010800196367206676,54.0625,0.8203125,30.801842360590207,0.9512285004797315,0.002685546875,0.1342118632811662,0.1313720382812562,770,781,1.0142857142857142,240,325.5238095238095,3,15,0.0,55.69416498993964,629,663,5.1796875,0.1394030960938153,True
0.975,105,36108,1024,6221,778,34,812,6.34375,6.0751953125,1971,0.2406005859375,21,0.0106544901065449,73.125,0.84375,29.490144817776734,0.9845308373146664,0.0025634765625,0.1342118632811662,0.1313720382812562,778,789,1.0141388174807198,618,226.0,1,21,0.0,79.07074973600845,640,674,5.265625,0.1394030960938153,True
0.975,106,1260,1024,6495,812,34,846,6.609375,6.3427734375,1697,0.2071533203125,46,0.027106658809664112,200.7734375,2.1171875,25.103741061312324,0.9121345234954642,0.005615234375,0.1342118632811662,0.1313720382812562,812,823,1.0135467980295567,438,171.51111111111112,2,43,0.0,211.95051546391753,687,721,5.6328125,0.1394030960938153,True
0.975,107,37885,1024,7020,878,34,912,7.125,6.85546875,1172,0.14306640625,7,0.005972696245733789,31.0,0.34375,33.217186670336375,0.9742245514581506,0.0008544921875,0.1342118632811662,0.1313720382812562,878,889,1.0125284738041003,3680,185.66666666666666,2,6,0.0,56.283687943262414,751,785,6.1328125,0.1394030960938153,True
0.975,108,41535,1024,6570,822,34,856,6.6875,6.416015625,1622,0.197998046875,37,0.02281134401972873,199.140625,1.97265625,25.13920495046511,0.9549465633940784,0.0045166015625,0.1342118632811662,0.1313720382812562,822,833,1.0133819951338199,131,220.36111111111111,3,31,0.0,202.3015873015873,694,728,5.6875,0.1394030960938153,True
0.975,109,44889,1024,6634,830,34,864,6.75,6.478515625,1558,0.190185546875,55,0.03530166880616174,217.09375,2.453125,24.76433040313461,0.9260761116332855,0.0067138671875,0.1342118632811662,0.1313720382812562,830,841,1.0132530120481928,85,142.90740740740742,5,43,0.0,219.23471400394476,717,751,5.8671875,0.1394030960938153,True
0.975,110,28184,1024,7118,890,34,924,7.21875,6.951171875,1074,0.131103515625,6,0.00558659217877095,33.0,0.34375,32.94566420990023,0.966493548740225,0.000732421875,0.1342118632811662,0.1313720382812562,890,901,1.0123595505617977,104,1406.8,2,5,0.0,33.42433234421365,750,784,6.125,0.1394030960938153,True
0.975,111,25319,1024,6947,869,34,903,7.0546875,6.7841796875,1245,0.1519775390625,42,0.033734939759036145,436.0625,3.7578125,21.735316205446914,0.8156847908216739,0.005126953125,0.1342118632811662,0.1313720382812562,869,880,1.0126582278481013,2880,118.85365853658537,2,39,0.0,672.4819277108434,754,788,6.15625,0.1394030960938153,True
0.975,112,11010,1024,6511,814,34,848,6.625,6.3583984375,1681,0.2052001953125,79,0.046995835812016655,539.5625,5.5546875,20.810386026126775,0.8981138709678971,0.0096435546875,0.1342118632811662,0.1313720382812562,814,825,1.0135135135135136,40,96.01282051282051,2,73,0.0,542.2100098135427,672,706,5.515625,0.1394030960938153,True
0.975,113,33880,1024,6878,860,34,894,6.984375,6.716796875,1314,0.160400390625,30,0.0228310502283105,226.0,2.125,24.589719217205094,0.8501244434068812,0.003662109375,0.1342118632811662,0.1313720382812562,860,871,1.0127906976744185,8,189.51724137931035,2,24,0.0,226.22091886608015,737,771,6.0234375,0.1394030960938153,True
0.975,114,19307,1024,6169,772,34,806,6.296875,6.0244140625,2023,0.2469482421875,35,0.01730103806228374,246.125,2.296875,24.219246317217355,0.8390547974909607,0.0042724609375,0.1342118632811662,0.1313720382812562,772,783,1.0142487046632125,547,208.41176470588235,2,32,0.0,263.6317991631799,622,656,5.125,0.1394030960938153,True
0.975,115,12236,1024,4812,602,34,636,4.96875,4.69921875,3380,0.41259765625,74,0.021893491124260357,369.3359375,3.25,22.456587929987016,0.9321964567641262,0.009033203125,0.1342118632811662,0.1313720382812562,602,613,1.0182724252491695,805,68.6027397260274,4,58,0.0,409.3073593073593,512,546,4.265625,0.1394030960938153,True
0.975,116,13805,1024,6304,788,34,822,6.421875,6.15625,1888,0.23046875,71,0.03760593220338983,636.125,5.515625,20.095378969865592,0.8724311347268379,0.0086669921875,0.1342118632811662,0.1313720382812562,788,799,1.013959390862944,88,113.65714285714286,2,65,0.0,643.0325765054295,638,672,5.25,0.1394030960938153,True
0.975,117,5814,1024,5771,722,34,756,5.90625,5.6357421875,2421,0.2955322265625,37,0.015282940933498555,65.25,0.9453125,29.984998448575915,0.973490496724831,0.0045166015625,0.1342118632811662,0.1313720382812562,722,733,1.0152354570637119,1053,191.72222222222223,3,25,0.0,74.82194848824189,576,610,4.765625,0.1394030960938153,True
0.975,118,48485,1024,6981,873,34,907,7.0859375,6.8173828125,1211,0.1478271484375,63,0.05202312138728324,453.25,4.640625,21.567425481003642,0.9346914168105461,0.0076904296875,0.1342118632811662,0.1313720382812562,873,884,1.0126002290950744,305,125.93548387096774,2,58,0.0,470.7180527383367,742,776,6.0625,0.1394030960938153,True
0.975,119,12248,1024,6113,765,34,799,6.2421875,5.9697265625,2079,0.2537841796875,31,0.014911014911014911,96.4375,1.4453125,28.28834417460687,0.9618951956149515,0.0037841796875,0.1342118632811662,0.1313720382812562,765,776,1.0143790849673202,1628,186.56666666666666,2,29,0.0,120.28258221680878,653,687,5.3671875,0.1394030960938153,True
0.975,120,458,1024,7035,880,34,914,7.140625,6.8701171875,1157,0.1412353515625,21,0.018150388936905792,117.0,1.40625,27.448944991217488,0.91120424783017,0.0025634765625,0.1342118632811662,0.1313720382812562,880,891,1.0125,1290,264.7,1,21,0.0,138.82734646581693,754,788,6.15625,0.1394030960938153,True
0.975,121,319,1024,6697,838,34,872,6.8125,6.5400390625,1495,0.1824951171875,36,0.024080267558528427,234.390625,2.11328125,24.431401237957118,0.9883275956864793,0.00439453125,0.1342118632811662,0.1313720382812562,838,849,1.0131264916467781,132,216.4,2,31,0.0,238.11111111111111,720,754,5.890625,0.1394030960938153,True
0.975,122,21496,1024,6792,849,34,883,6.8984375,6.6328125,1400,0.1708984375,27,0.019285714285714285,118.875,1.359375,27.3798983092244,0.9499956250053762,0.0032958984375,0.1342118632811662,0.1313720382812562,849,860,1.0129564193168434,44,313.0769230769231,3,23,0.0,119.45829244357213,721,755,5.8984375,0.1394030960938153,True
0.975,123,20390,1024,6383,798,34,832,6.5,6.2333984375,1809,0.2208251953125,46,0.02542841348811498,283.3125,2.9296875,23.608146244651472,0.8823343841238832,0.005615234375,0.1342118632811662,0.1313720382812562,798,809,1.0137844611528821,338,173.11111111111111,3,42,0.0,295.4297352342159,681,715,5.5859375,0.1394030960938153,True
0.975,124,33691,1024,6581,823,34,857,6.6953125,6.4267578125,1611,0.1966552734375,19,0.011793916821849782,181.0,1.65625,25.55401785998726,0.9438934887096397,0.0023193359375,0.1342118632811662,0.1313720382812562,823,834,1.0133657351154313,1769,78.66666666666667,2,18,0.0,230.81444582814447,653,687,5.3671875,0.1394030960938153,True
0.975,125,33872,1024,7621,953,34,987,7.7109375,7.4423828125,571,0.0697021484375,19,0.03327495621716287,172.0,1.5625,25.775519139603613,0.930805894365206,0.0023193359375,0.1342118632811662,0.1313720382812562,953,964,1.011542497376705,296,391.1666666666667,1,19,0.0,178.44782168186424,860,894,6.984375,0.1394030960938153,True
0.975,126,46987,1024,5640,705,34,739,5.7734375,5.5078125,2552,0.3115234375,32,0.012539184952978056,60.578125,0.98046875,30.307645338445877,0.9199636642627954,0.00390625,0.1342118632811662,0.1313720382812562,705,716,1.0156028368794325,1829,168.41935483870967,3,23,0.0,77.92964824120602,574,608,4.75,0.1394030960938153,True
0.975,127,26772,1024,7051,882,34,916,7.15625,6.8857421875,1141,0.1392822265625,14,0.012269938650306749,39.3125,0.6328125,32.185496980785665,0.9699968462207098,0.001708984375,0.1342118632811662,0.1313720382812562,882,893,1.0124716553287982,1337,374.7692307692308,2,13,0.0,46.97316219369895,753,787,6.1484375,0.1394030960938153,True
0.975,128,7057,1024,6375,797,34,831,6.4921875,6.2255859375,1817,0.2218017578125,76,0.041827187671986794,495.40625,4.1953125,21.18118879564015,0.9677635621460365,0.00927734375,0.1342118632811662,0.1313720382812562,797,808,1.013801756587202,99,104.0,3,60,0.0,501.2806324110672,662,696,5.4375,0.1394030960938153,True
0.975,129,30014,1024,6724,841,34,875,6.8359375,6.56640625,1468,0.17919921875,32,0.021798365122615803,97.890625,1.28515625,28.223392595216286,0.9849726992995121,0.00390625,0.1342118632811662,0.1313720382812562,841,852,1.0130796670630202,18,252.8709677419355,3,25,0.0,98.08219178082192,697,731,5.7109375,0.1394030960938153,True
0.975,130,48237,1024,6626,829,34,863,6.7421875,6.470703125,1566,0.191162109375,31,0.01979565772669221,210.25,2.140625,24.903443563979604,0.8619396602868571,0.0037841796875,0.1342118632811662,0.1313720382812562,829,840,1.0132689987937273,377,256.8666666666667,2,29,0.0,220.36438075742066,701,735,5.7421875,0.1394030960938153,True
0.975,131,4823,1024,6727,841,34,875,6.8359375,6.5693359375,1465,0.1788330078125,36,0.024573378839590442,217.3125,2.1796875,24.75995652840577,0.9676813507117535,0.00439453125,0.1342118632811662,0.1313720382812562,841,852,1.0130796670630202,409,183.8,2,34,0.0,228.70298047276464,714,748,5.84375,0.1394030960938153,True
0.975,132,26627,1024,7200,900,34,934,7.296875,7.03125,992,0.12109375,18,0.018145161290322582,58.0,0.9375,30.49652367304973,0.963829496714558,0.002197265625,0.1342118632811662,0.1313720382812562,900,911,1.0122222222222221,354,384.4117647058824,2,17,0.0,60.60408163265306,784,818,6.390625,0.1394030960938153,True
0.975,133,12293,1024,7561,946,34,980,7.65625,7.3837890625,631,0.0770263671875,12,0.01901743264659271,96.0,1.0,28.30809127828342,0.9531137321693618,0.00146484375,0.1342118632811662,0.1313720382812562,946,957,1.0116279069767442,2089,458.8181818181818,1,12,0.0,128.83879423328963,852,886,6.921875,0.1394030960938153,True
0.975,134,32803,1024,6359,795,34,829,6.4765625,6.2099609375,1833,0.2237548828125,41,0.02236770321876705,376.3125,3.3671875,22.37531716316687,0.7245199652676808,0.0050048828125,0.1342118632811662,0.1313720382812562,795,806,1.0138364779874214,2356,104.55,3,38,0.0,527.8684931506849,648,682,5.328125,0.1394030960938153,True
0.975,135,41882,1024,5866,734,34,768,6.0,5.728515625,2326,0.283935546875,24,0.010318142734307825,99.0,1.28125,28.174451662703603,0.9717085449194751,0.0029296875,0.1342118632811662,0.1313720382812562,734,745,1.0149863760217983,2553,236.8695652173913,2,23,0.0,143.79574468085107,595,629,4.9140625,0.1394030960938153,True
0.975,136,10235,1024,6780,848,34,882,6.890625,6.62109375,1412,0.17236328125,23,0.016288951841359773,75.0,0.875,29.380190974762105,0.9104066734710121,0.0028076171875,0.1342118632811662,0.1313720382812562,848,859,1.0129716981132075,25,308.77272727272725,3,18,0.0,75.2203721841332,717,751,5.8671875,0.1394030960938153,True
0.975,137,30033,1024,7117,890,34,924,7.21875,6.9501953125,1075,0.1312255859375,19,0.017674418604651163,93.8125,1.0546875,28.40819651280565,0.9872717252524651,0.0023193359375,0.1342118632811662,0.1313720382812562,890,901,1.0123595505617977,913,364.1111111111111,3,16,0.0,105.56483516483516,788,822,6.421875,0.1394030960938153,True
0.975,138,20042,1024,7333,917,34,951,7.4296875,7.1611328125,859,0.1048583984375,9,0.010477299185098952,68.0,0.6875,29.80571448161674,0.9842513252517834,0.0010986328125,0.1342118632811662,0.1313720382812562,917,928,1.0119956379498365,33,901.875,2,8,0.0,68.26666666666667,793,827,6.4609375,0.1394030960938153,True
0.975,139,29399,1024,6703,838,34,872,6.8125,6.5458984375,1489,0.1817626953125,29,0.019476158495634655,233.5,2.21875,24.447934759657795,0.8972096575696142,0.0035400390625,0.1342118632811662,0.1313720382812562,838,849,1.0131264916467781,99,286.82142857142856,2,28,0.0,236.2687747035573,713,747,5.8359375,0.1394030960938153,True
0.975,140,6463,1024,7548,944,34,978,7.640625,7.37109375,644,0.07861328125,16,0.024844720496894408,121.0,1.15625,27.302949905514602,0.9243206933492976,0.001953125,0.1342118632811662,0.1313720382812562,944,955,1.0116525423728813,920,295.53333333333336,2,13,0.0,136.3080308030803,858,892,6.96875,0.1394030960938153,True
0.975,141,25920,1024,5575,697,34,731,5.7109375,5.4443359375,2617,0.3194580078125,127,0.04852884982804738,1543.75,12.671875,16.245033902641694,0.6792292150401291,0.0155029296875,0.1342118632811662,0.1313720382812562,697,708,1.0157819225251077,3456,36.26190476190476,3,119,0.0,2670.2702702702704,570,604,4.71875,0.1394030960938153,True
0.975,142,10327,1024,7866,984,34,1018,7.953125,7.681640625,326,0.039794921875,15,0.046012269938650305,148.0625,1.1328125,26.4263528280107,0.9874211966184403,0.0018310546875,0.1342118632811662,0.1313720382812562,984,995,1.011178861788618,12,443.14285714285717,3,12,0.0,148.20723362658848,906,940,7.34375,0.1394030960938153,True
0.975,143,3805,1024,6864,858,34,892,6.96875,6.703125,1328,0.162109375,19,0.01430722891566265,88.0,1.1875,28.685976887177418,0.908391174506819,0.0023193359375,0.1342118632811662,0.1313720382812562,858,869,1.0128205128205128,826,298.6111111111111,1,19,0.0,97.8414766558089,731,765,5.9765625,0.1394030960938153,True
0.975,144,37879,1024,4823,603,34,637,4.9765625,4.7099609375,3369,0.4112548828125,51,0.015138023152270703,27.98828125,0.720703125,33.661041314463965,0.9541087692618148,0.0062255859375,0.1342118632811662,0.1313720382812562,603,614,1.0182421227197347,379,151.54,3,39,0.0,29.33469805527124,442,476,3.71875,0.1394030960938153,True
0.975,145,22721,1024,6592,824,34,858,6.703125,6.4375,1600,0.1953125,70,0.04375,756.75,6.359375,19.341279312393,0.6062446033437016,0.008544921875,0.1342118632811662,0.1313720382812562,824,835,1.0133495145631068,803,73.59420289855072,3,65,0.0,838.6493506493506,665,699,5.4609375,0.1394030960938153,True
0.975,146,43932,1024,7096,887,34,921,7.1953125,6.9296875,1096,0.1337890625,45,0.04105839416058394,442.0,3.8125,21.676580915188186,0.964805625110426,0.0054931640625,0.1342118632811662,0.1313720382812562,887,898,1.012401352874859,120,180.9318181818182,2,42,0.0,448.5708622398414,759,793,6.1953125,0.1394030960938153,True
0.975,147,47270,1024,7299,913,34,947,7.3984375,7.1279296875,893,0.1090087890625,11,0.012318029115341545,78.25,0.703125,29.195960146494244,0.9617124538560113,0.0013427734375,0.1342118632811662,0.1313720382812562,913,924,1.0120481927710843,4841,327.9,3,9,0.0,191.236276849642,791,825,6.4453125,0.1394030960938153,True
0.975,148,11091,1024,6308,789,34,823,6.4296875,6.16015625,1884,0.22998046875,60,0.03184713375796178,180.53125,2.484375,25.565279716464037,0.870402023810463,0.00732421875,0.1342118632811662,0.1313720382812562,789,800,1.0139416983523448,17,134.94915254237287,2,51,0.0,180.88454011741683,643,677,5.2890625,0.1394030960938153,True
0.975,149,9736,1024,7072,884,34,918,7.171875,6.90625,1120,0.13671875,26,0.023214285714285715,184.25,1.859375,25.47672864336821,0.8553981431172876,0.003173828125,0.1342118632811662,0.1313720382812562,884,895,1.012443438914027,936,215.08,2,23,0.0,208.01764057331863,745,779,6.0859375,0.1394030960938153,True
0.975,150,23206,1024,6316,790,34,824,6.4375,6.16796875,1876,0.22900390625,52,0.02771855010660981,136.4375,2.0859375,26.78146607814696,0.9493862358389372,0.00634765625,0.1342118632811662,0.1313720382812562,790,801,1.0139240506329115,92,142.2156862745098,2,44,0.0,137.91905231984205,676,710,5.546875,0.1394030960938153,True
0.975,151,25039,1024,7562,946,34,980,7.65625,7.384765625,630,0.076904296875,22,0.03492063492063492,127.0,1.40625,27.092766399119537,0.9383857957791675,0.002685546875,0.1342118632811662,0.1313720382812562,946,957,1.0116279069767442,1720,298.6666666666667,1,22,0.0,160.75154511742892,866,900,7.03125,0.1394030960938153,True
0.975,152,21014,1024,5807,726,34,760,5.9375,5.6708984375,2385,0.2911376953125,87,0.03647798742138365,579.1796875,3.83203125,20.502670386203835,0.895425375892202,0.0106201171875,0.1342118632811662,0.1313720382812562,726,737,1.0151515151515151,884,83.37209302325581,3,64,0.0,648.8840262582057,608,642,5.015625,0.1394030960938153,True
0.975,153,32412,1024,7361,921,34,955,7.4609375,7.1884765625,831,0.1014404296875,27,0.032490974729241874,220.0,2.0625,24.706576800457043,0.8556481060551381,0.0032958984375,0.1342118632811662,0.1313720382812562,921,932,1.011943539630836,88,310.84615384615387,2,25,0.0,222.38894373149063,818,852,6.65625,0.1394030960938153,True
0.975,154,34022,1024,5433,680,34,714,5.578125,5.3056640625,2759,0.3367919921875,27,0.009786154403769481,102.03125,1.2265625,28.04347153576724,0.9585831271760052,0.0032958984375,0.1342118632811662,0.1313720382812562,680,691,1.0161764705882352,930,273.96153846153845,2,24,0.0,115.06607929515418,526,560,4.375,0.1394030960938153,True
0.975,155,21369,1024,5971,747,34,781,6.1015625,5.8310546875,2221,0.2711181640625,73,0.03286807744259343,340.48828125,3.271484375,22.809781916853055,0.8854898259021872,0.0089111328125,0.1342118632811662,0.1313720382812562,747,758,1.0147255689424364,1670,60.69444444444444,3,60,0.0,427.27941176470586,617,651,5.0859375,0.1394030960938153,True
0.975,156,41654,1024,7183,898,34,932,7.28125,7.0146484375,1009,0.1231689453125,50,0.049554013875123884,247.375,2.828125,24.197245536534577,0.8507329793760573,0.006103515625,0.1342118632811662,0.1313720382812562,898,909,1.012249443207127,58,150.9795918367347,2,48,0.0,249.07767944936086,777,811,6.3359375,0.1394030960938153,True
0.975,157,11953,1024,7085,886,34,920,7.1875,6.9189453125,1107,0.1351318359375,8,0.007226738934056007,72.5,0.65625,29.527423542969164,0.9739769582868357,0.0009765625,0.1342118632811662,0.1313720382812562,886,897,1.012415349887133,571,474.0,1,8,0.0,77.90136411332634,743,777,6.0703125,0.1394030960938153,True
0.975,158,13700,1024,6683,836,34,870,6.796875,6.5263671875,1509,0.1842041015625,20,0.013253810470510271,95.125,0.984375,28.34785691089281,0.986957602835164,0.00244140625,0.1342118632811662,0.1313720382812562,836,847,1.013157894736842,801,365.0,3,15,0.0,105.41991341991341,696,730,5.703125,0.1394030960938153,True
0.975,159,38205,1024,5931,742,34,776,6.0625,5.7919921875,2261,0.2760009765625,14,0.006191950464396285,40.5,0.5,32.05625337653242,0.9847112361526665,0.001708984375,0.1342118632811662,0.1313720382812562,742,753,1.0148247978436657,2208,211.23076923076923,2,11,0.0,55.44385026737968,599,633,4.9453125,0.1394030960938153,True
0.975,160,40129,1024,6262,783,34,817,6.3828125,6.115234375,1930,0.235595703125,14,0.007253886010362694,32.25,0.578125,33.04550641896624,0.9671436685533927,0.001708984375,0.1342118632811662,0.1313720382812562,783,794,1.0140485312899106,905,499.2307692307692,2,12,0.0,36.25027442371021,617,651,5.0859375,0.1394030960938153,True
0.975,161,17080,1024,6131,767,34,801,6.2578125,5.9873046875,2061,0.2515869140625,56,0.027171276079573023,357.6875,3.4609375,22.59576597615446,0.9328454554986002,0.0068359375,0.1342118632811662,0.1313720382812562,767,778,1.014341590612777,1684,114.16363636363636,4,49,0.0,449.965601965602,628,662,5.171875,0.1394030960938153,True
0.975,162,1505,1024,7163,896,34,930,7.265625,6.9951171875,1029,0.1256103515625,46,0.04470359572400389,495.625,4.015625,21.179271562062315,0.8961790890618999,0.005615234375,0.1342118632811662,0.1313720382812562,896,907,1.0122767857142858,508,154.95555555555555,2,44,0.0,528.1165452653486,800,834,6.515625,0.1394030960938153,True
0.975,163,36391,1024,7205,901,34,935,7.3046875,7.0361328125,987,0.1204833984375,17,0.017223910840932118,124.0,1.25,27.196586757056753,0.9700763834358062,0.0020751953125,0.1342118632811662,0.1313720382812562,901,912,1.0122086570477247,2233,351.9375,2,16,0.0,170.43758389261745,773,807,6.3046875,0.1394030960938153,True
0.975,164,24660,1024,7063,883,34,917,7.1640625,6.8974609375,1129,0.1378173828125,40,0.0354295837023915,170.25,2.046875,25.819932402830872,0.9087841375218285,0.0048828125,0.1342118632811662,0.1313720382812562,883,894,1.0124575311438277,240,202.92307692307693,2,35,0.0,175.38832997987927,764,798,6.234375,0.1394030960938153,True
0.975,165,24061,1024,6140,768,34,802,6.265625,5.99609375,2052,0.25048828125,75,0.03654970760233918,500.453125,4.76953125,21.137169553906464,0.8739220732876573,0.0091552734375,0.1342118632811662,0.1313720382812562,768,779,1.0143229166666667,795,94.29729729729729,2,72,0.0,554.0151351351351,633,667,5.2109375,0.1394030960938153,True
0.975,166,10964,1024,5843,731,34,765,5.9765625,5.7060546875,2349,0.2867431640625,15,0.006385696040868455,18.890625,0.37890625,35.36834033991026,0.9550730786051655,0.0018310546875,0.1342118632811662,0.1313720382812562,731,742,1.015047879616963,244,336.35714285714283,3,12,0.0,19.46076458752515,588,622,4.859375,0.1394030960938153,True
0.975,167,20807,1024,7582,948,34,982,7.671875,7.404296875,610,0.074462890625,1,0.001639344262295082,4.0,0.0625,42.11020369539948,0.999999985106275,0.0001220703125,0.1342118632811662,0.1313720382812562,948,959,1.011603375527426,9,,1,1,0.0,4.0039100684261975,813,847,6.6171875,0.1394030960938153,True
0.975,168,33388,1024,7780,973,34,1007,7.8671875,7.59765625,412,0.05029296875,12,0.02912621359223301,77.0,0.78125,29.265896356954286,0.9787287830648728,0.00146484375,0.1342118632811662,0.1313720382812562,973,984,1.0113052415210688,1393,597.1818181818181,2,11,0.0,92.76235294117647,871,905,7.0703125,0.1394030960938153,True
0.975,169,34571,1024,6731,842,34,876,6.84375,6.5732421875,1461,0.1783447265625,33,0.022587268993839837,225.125,2.0234375,24.606566350403206,0.9892217288419448,0.0040283203125,0.1342118632811662,0.1313720382812562,842,853,1.013064133016627,93,241.21875,2,31,0.0,227.5695952615992,723,757,5.9140625,0.1394030960938153,True
0.975,170,21194,1024,7282,911,34,945,7.3828125,7.111328125,910,0.111083984375,12,0.013186813186813187,67.0,0.78125,29.87005558167084,0.8929241259067319,0.00146484375,0.1342118632811662,0.1313720382812562,911,922,1.0120746432491767,18,742.5454545454545,1,12,0.0,67.13111545988258,779,813,6.3515625,0.1394030960938153,True
0.975,171,32696,1024,6829,854,34,888,6.9375,6.6689453125,1363,0.1663818359375,19,0.013939838591342627,117.5,1.15625,27.430424942601555,0.940489735500544,0.0023193359375,0.1342118632811662,0.1313720382812562,854,865,1.0128805620608898,705,385.8888888888889,2,17,0.0,128.54700854700855,728,762,5.953125,0.1394030960938153,True
0.975,172,46005,1024,5050,632,34,666,5.203125,4.931640625,3142,0.383544921875,31,0.009866327180140038,69.5,1.015625,29.71095556277796,0.8338060345848649,0.0037841796875,0.1342118632811662,0.1313720382812562,632,643,1.0174050632911393,276,238.03333333333333,3,26,0.0,71.88686868686868,495,529,4.1328125,0.1394030960938153,True
0.975,173,19269,1024,4961,621,34,655,5.1171875,4.8447265625,3231,0.3944091796875,50,0.01547508511296812,42.75,0.78125,31.82144241803719,0.9025365806194379,0.006103515625,0.1342118632811662,0.1313720382812562,621,632,1.0177133655394526,762,143.87755102040816,3,32,0.0,47.121636167922496,471,505,3.9453125,0.1394030960938153,True
0.975,174,5503,1024,7686,961,34,995,7.7734375,7.505859375,506,0.061767578125,19,0.037549407114624504,129.25,1.328125,27.0164980910193,0.9866358315761612,0.0023193359375,0.1342118632811662,0.1313720382812562,961,972,1.0114464099895941,240,371.55555555555554,1,19,0.0,133.15090543259558,859,893,6.9765625,0.1394030960938153,True
0.975,175,32979,1024,6571,822,34,856,6.6875,6.4169921875,1621,0.1978759765625,21,0.012954966070326958,134.8125,1.3671875,26.8335019842129,0.9762476478295858,0.0025634765625,0.1342118632811662,0.1313720382812562,822,833,1.0133819951338199,9,397.15,2,20,0.0,134.94428152492668,679,713,5.5703125,0.1394030960938153,True
0.975,176,32764,1024,7351,919,34,953,7.4453125,7.1787109375,841,0.1026611328125,32,0.03804994054696789,258.0,2.4375,24.0146065490468,0.9355169376203328,0.00390625,0.1342118632811662,0.1313720382812562,919,930,1.0119695321001088,128,226.6451612903226,2,30,0.0,262.0952380952381,799,833,6.5078125,0.1394030960938153,True
0.975,177,36396,1024,6322,791,34,825,6.4453125,6.173828125,1870,0.228271484375,19,0.010160427807486631,34.75,0.671875,32.721255519417774,0.940367346470716,0.0023193359375,0.1342118632811662,0.1313720382812562,791,802,1.013906447534766,2488,309.5,3,16,0.0,49.90743338008415,644,678,5.296875,0.1394030960938153,True
0.975,178,16139,1024,4493,562,34,596,4.65625,4.3876953125,3699,0.4515380859375,16,0.004325493376588267,43.12890625,0.505859375,31.783119162998084,0.9793105554256784,0.001953125,0.1342118632811662,0.1313720382812562,562,573,1.019572953736655,2908,291.53333333333336,2,14,0.0,66.81391830559758,403,437,3.4140625,0.1394030960938153,True
0.975,179,32110,1024,5924,741,34,775,6.0546875,5.78515625,2268,0.27685546875,135,0.05952380952380952,314.177734375,3.462890625,23.15904957314541,0.9280213588501914,0.0164794921875,0.1342118632811662,0.1313720382812562,741,752,1.0148448043184886,173,59.62686567164179,5,98,0.0,320.75573280159523,638,672,5.25,0.1394030960938153,True
0.975,180,37930,1024,6706,839,34,873,6.8203125,6.548828125,1486,0.181396484375,52,0.034993270524899055,137.9375,2.2109375,26.733980103621803,0.9171152537123901,0.00634765625,0.1342118632811662,0.1313720382812562,839,850,1.0131108462455305,116,100.01960784313725,4,44,0.0,139.84950495049506,715,749,5.8515625,0.1394030960938153,True
0.975,181,5624,1024,7183,898,34,932,7.28125,7.0146484375,1009,0.1231689453125,17,0.01684836471754212,112.0,1.1875,27.638623381977286,0.9002398722693012,0.0020751953125,0.1342118632811662,0.1313720382812562,898,909,1.012249443207127,248,358.625,1,17,0.0,115.49647532729104,769,803,6.2734375,0.1394030960938153,True
0.975,182,37946,1024,6582,823,34,857,6.6953125,6.427734375,1610,0.196533203125,25,0.015527950310559006,180.25,1.703125,25.572050874764436,0.9716790141425462,0.0030517578125,0.1342118632811662,0.1313720382812562,823,834,1.0133657351154313,243,318.9583333333333,2,22,0.0,185.69014084507043,661,695,5.4296875,0.1394030960938153,True
0.975,183,6616,1024,7565,946,34,980,7.65625,7.3876953125,627,0.0765380859375,7,0.011164274322169059,29.0,0.34375,33.50682362968954,0.983669531384066,0.0008544921875,0.1342118632811662,0.1313720382812562,946,957,1.0116279069767442,3498,476.0,1,7,0.0,50.58943781942078,831,865,6.7578125,0.1394030960938153,True
0.975,184,11706,1024,6838,855,34,889,6.9453125,6.677734375,1354,0.165283203125,47,0.03471196454948301,327.453125,3.04296875,22.979312214587782,0.9668832523198331,0.0057373046875,0.1342118632811662,0.1313720382812562,855,866,1.0128654970760234,203,167.2391304347826,2,44,0.0,335.64764764764766,743,777,6.0703125,0.1394030960938153,True
0.975,185,10558,1024,6365,796,34,830,6.484375,6.2158203125,1827,0.2230224609375,69,0.03776683087027915,514.57421875,4.060546875,21.016323375149483,0.9493259402294716,0.0084228515625,0.1342118632811662,0.1313720382812562,796,807,1.013819095477387,108,104.08823529411765,5,58,0.0,521.1909000989119,676,710,5.546875,0.1394030960938153,True
0.975,186,18351,1024,5928,741,34,775,6.0546875,5.7890625,2264,0.2763671875,84,0.037102473498233215,336.2421875,3.55859375,22.864281584598444,0.9436395787267121,0.01025390625,0.1342118632811662,0.1313720382812562,741,752,1.0148448043184886,195,95.6987951807229,5,64,0.0,344.312,635,669,5.2265625,0.1394030960938153,True
0.975,187,15023,1024,6732,842,34,876,6.84375,6.57421875,1460,0.17822265625,30,0.02054794520547945,282.515625,2.56640625,23.620378886642236,0.9726570262027943,0.003662109375,0.1342118632811662,0.1313720382812562,842,853,1.013064133016627,269,248.68965517241378,2,28,0.0,291.9233097880928,689,723,5.6484375,0.1394030960938153,True
0.975,188,9490,1024,6162,771,34,805,6.2890625,6.017578125,2030,0.247802734375,18,0.008866995073891626,39.5,0.71875,32.1648326524145,0.9451565656196284,0.002197265625,0.1342118632811662,0.1313720382812562,771,782,1.014267185473411,490,237.58823529411765,2,16,0.0,42.00207684319834,628,662,5.171875,0.1394030960938153,True
0.975,189,6355,1024,6235,780,34,814,6.359375,6.0888671875,1957,0.2388916015625,22,0.011241696474195196,45.5625,0.8515625,31.544728152058603,0.9672337027106043,0.002685546875,0.1342118632811662,0.1313720382812562,780,791,1.014102564102564,442,364.9047619047619,2,20,0.0,48.14860681114551,664,698,5.453125,0.1394030960938153,True
0.975,190,8857,1024,4784,598,34,632,4.9375,4.671875,3408,0.416015625,37,0.01085680751173709,55.125,0.90625,30.717317583920156,0.9312072621470018,0.0045166015625,0.1342118632811662,0.1313720382812562,598,609,1.0183946488294315,2338,99.83333333333333,3,24,0.0,77.11475409836065,443,477,3.7265625,0.1394030960938153,True
0.975,191,31811,1024,6406,801,34,835,6.5234375,6.255859375,1786,0.218017578125,13,0.007278835386338186,49.0625,0.6640625,31.223306867785826,0.9754481458918423,0.0015869140625,0.1342118632811662,0.1313720382812562,801,812,1.013732833957553,212,461.75,2,12,0.0,50.34068136272545,655,689,5.3828125,0.1394030960938153,True
0.975,192,10400,1024,7110,889,34,923,7.2109375,6.943359375,1082,0.132080078125,6,0.005545286506469501,42.0,0.4375,31.898310704700098,0.9608486123075318,0.000732421875,0.1342118632811662,0.1313720382812562,889,900,1.0123734533183353,5394,228.8,1,6,0.0,122.88,773,807,6.3046875,0.1394030960938153,True
0.975,193,275,1024,6778,848,34,882,6.890625,6.619140625,1414,0.172607421875,23,0.016265912305516265,91.5,1.34375,28.51659266801462,0.9710361687712143,0.0028076171875,0.1342118632811662,0.1313720382812562,848,859,1.0129716981132075,457,326.1818181818182,1,23,0.0,96.89348500517063,697,731,5.7109375,0.1394030960938153,True
0.975,194,26152,1024,6872,859,34,893,6.9765625,6.7109375,1320,0.1611328125,69,0.05227272727272727,197.2001953125,2.1787109375,25.181730201252993,0.9690941280213975,0.0084228515625,0.1342118632811662,0.1313720382812562,859,870,1.0128055878928988,300,106.30882352941177,4,44,0.0,204.59270516717325,752,786,6.140625,0.1394030960938153,True
0.975,195,13037,1024,5525,691,34,725,5.6640625,5.3955078125,2667,0.3255615234375,66,0.024746906636670417,182.6826171875,2.0341796875,25.51383136004179,0.9449918615280843,0.008056640625,0.1342118632811662,0.1313720382812562,691,702,1.015918958031838,1310,79.6923076923077,3,52,0.0,217.267131242741,572,606,4.734375,0.1394030960938153,True
0.975,196,41203,1024,7336,917,34,951,7.4296875,7.1640625,856,0.1044921875,40,0.04672897196261682,359.0,3.46875,22.57985912289591,0.8296430743147326,0.0048828125,0.1342118632811662,0.1313720382812562,917,928,1.0119956379498365,609,194.28205128205127,1,40,0.0,387.78059071729956,811,845,6.6015625,0.1394030960938153,True
0.975,197,43709,1024,5476,685,34,719,5.6171875,5.34765625,2716,0.33154296875,25,0.009204712812960236,16.4375,0.4453125,35.97244595034078,0.9707293084237301,0.0030517578125,0.1342118632811662,0.1313720382812562,685,696,1.0160583941605839,140,288.3333333333333,4,22,0.0,16.714995034756704,560,594,4.640625,0.1394030960938153,True
0.975,198,43572,1024,6773,847,34,881,6.8828125,6.6142578125,1419,0.1732177734375,26,0.018322762508809022,108.25,1.234375,27.786524558425075,0.9330714705688387,0.003173828125,0.1342118632811662,0.1313720382812562,847,858,1.0129870129870129,241,301.72,2,18,0.0,111.51710261569417,706,740,5.78125,0.1394030960938153,True
0.975,199,23390,1024,7040,880,34,914,7.140625,6.875,1152,0.140625,8,0.006944444444444444,31.0,0.40625,33.217186670336375,0.9640185541111799,0.0009765625,0.1342118632811662,0.1313720382812562,880,891,1.0125,1234,828.2857142857143,2,7,0.0,36.48735632183908,752,786,6.140625,0.1394030960938153,True
0.99,0,712,1024,7491,937,34,971,7.5859375,7.3154296875,701,0.0855712890625,12,0.017118402282453638,89.0,0.90625,28.636903542229977,0.9784615944898735,0.00146484375,0.1342118632811662,0.1313720382812562,937,948,1.0117395944503735,168,701.9090909090909,2,11,0.0,90.86340977068794,769,803,6.2734375,0.1394030960938153,True
0.99,1,24774,1024,7317,915,34,949,7.4140625,7.1455078125,875,0.1068115234375,19,0.021714285714285714,100.25,1.140625,28.119959795756905,0.9821476659318849,0.0023193359375,0.1342118632811662,0.1313720382812562,915,926,1.0120218579234972,363,234.94444444444446,1,19,0.0,104.85801838610827,744,778,6.078125,0.1394030960938153,True
0.99,2,45142,1024,7807,976,34,1010,7.890625,7.6240234375,385,0.0469970703125,3,0.007792207792207792,12.0,0.1875,37.33899114820285,0.9974917417986278,0.0003662109375,0.1342118632811662,0.1313720382812562,976,987,1.0112704918032787,1385,1096.0,1,3,0.0,14.439482961222092,834,868,6.78125,0.1394030960938153,True
0.99,3,27119,1024,6014,752,34,786,6.140625,5.873046875,2178,0.265869140625,27,0.012396694214876033,56.7421875,0.73046875,30.591742863543836,0.9901545864774021,0.0032958984375,0.1342118632811662,0.1313720382812562,752,763,1.014627659574468,245,295.0,2,23,0.0,58.454728370221325,599,633,4.9453125,0.1394030960938153,True
0.99,4,21139,1024,6982,873,34,907,7.0859375,6.818359375,1210,0.147705078125,4,0.003305785123966942,9.0,0.15625,38.58837851428585,0.9914036118470716,0.00048828125,0.1342118632811662,0.1313720382812562,873,884,1.0126002290950744,7097,5.333333333333333,2,3,0.0,67.27007299270073,664,698,5.453125,0.1394030960938153,True
0.99,5,19129,1024,7202,901,34,935,7.3046875,7.033203125,990,0.120849609375,10,0.010101010101010102,14.0,0.25,36.66952325189672,0.9959026573589369,0.001220703125,0.1342118632811662,0.1313720382812562,901,912,1.0122086570477247,5401,107.55555555555556,3,5,0.0,41.07736389684814,700,734,5.734375,0.1394030960938153,True
0.99,6,6433,1024,6692,837,34,871,6.8046875,6.53515625,1500,0.18310546875,12,0.008,64.5,0.65625,30.035206462326425,0.9254636781923133,0.00146484375,0.1342118632811662,0.1313720382812562,837,848,1.013142174432497,2009,287.27272727272725,2,10,0.0,85.44372574385511,642,676,5.28125,0.1394030960938153,True
0.99,7,38854,1024,7277,910,34,944,7.375,7.1064453125,915,0.1116943359375,3,0.003278688524590164,36.0,0.3125,32.56777860100623,0.9836756297824825,0.0003662109375,0.1342118632811662,0.1313720382812562,910,921,1.012087912087912,2681,1279.5,1,3,0.0,53.503628447024674,720,754,5.890625,0.1394030960938153,True
0.99,8,22489,1024,7334,917,34,951,7.4296875,7.162109375,858,0.104736328125,52,0.06060606060606061,764.0,6.0625,19.299870022922207,0.9030260598266887,0.00634765625,0.1342118632811662,0.1313720382812562,917,928,1.0119956379498365,536,16.647058823529413,2,50,0.0,817.4879832810867,736,770,6.015625,0.1394030960938153,True
0.99,9,31104,1024,6765,846,34,880,6.875,6.6064453125,1427,0.1741943359375,6,0.004204625087596356,8.3125,0.1796875,38.933487025567494,0.9977468104797,0.000732421875,0.1342118632811662,0.1313720382812562,846,857,1.0130023640661938,764,530.8,1,6,0.0,9.16254036598493,648,682,5.328125,0.1394030960938153,True
0.99,10,21349,1024,7511,939,34,973,7.6015625,7.3349609375,681,0.0831298828125,11,0.016152716593245228,60.0,0.6875,30.349291104842667,0.9805666389930227,0.0013427734375,0.1342118632811662,0.1313720382812562,939,950,1.0117145899893503,72,784.9,2,9,0.0,60.532019704433495,769,803,6.2734375,0.1394030960938153,True
0.99,11,29116,1024,6857,858,34,892,6.96875,6.6962890625,1335,0.1629638671875,11,0.008239700374531835,11.625,0.234375,37.476873993059186,0.9995764216410183,0.0013427734375,0.1342118632811662,0.1313720382812562,858,869,1.0128205128205128,140,446.2,3,8,0.0,11.821251241310824,676,710,5.546875,0.1394030960938153,True
0.99,12,10772,1024,7715,965,34,999,7.8046875,7.5341796875,477,0.0582275390625,7,0.014675052410901468,85.0,0.71875,28.836614351536177,0.9964837359210702,0.0008544921875,0.1342118632811662,0.1313720382812562,965,976,1.01139896373057,24,1109.3333333333333,1,7,0.0,85.24975514201763,824,858,6.703125,0.1394030960938153,True
0.99,13,18332,1024,7700,963,34,997,7.7890625,7.51953125,492,0.06005859375,2,0.0040650406504065045,8.0,0.125,39.099903738759664,0.9812061561146476,0.000244140625,0.1342118632811662,0.1313720382812562,963,974,1.011422637590862,5553,16.0,1,2,0.0,24.824242424242424,797,831,6.4921875,0.1394030960938153,True
0.99,14,1003,1024,7535,942,34,976,7.625,7.3583984375,657,0.0802001953125,10,0.015220700152207,56.5,0.65625,30.61031913048472,0.9938326604319148,0.001220703125,0.1342118632811662,0.1313720382812562,942,953,1.0116772823779194,563,775.6666666666666,1,10,0.0,60.64570230607966,792,826,6.453125,0.1394030960938153,True
0.99,15,22156,1024,7571,947,34,981,7.6640625,7.3935546875,621,0.0758056640625,0,0.0,0.0,0.0,,1.0,0.0,0.1342118632811662,0.1313720382812562,947,958,1.0116156282998945,,,0,0,,,782,816,6.375,0.1394030960938153,True
0.99,16,26453,1024,6998,875,34,909,7.1015625,6.833984375,1194,0.145751953125,1,0.0008375209380234506,4.0,0.0625,42.11020369539948,0.9967433137427774,0.0001220703125,0.1342118632811662,0.1313720382812562,875,886,1.0125714285714287,2145,,1,1,0.0,5.417989417989418,683,717,5.6015625,0.1394030960938153,True
0.99,17,17039,1024,6938,868,34,902,7.046875,6.775390625,1254,0.153076171875,4,0.003189792663476874,3.3125,0.0703125,42.929244739230455,0.9999897178648212,0.00048828125,0.1342118632811662,0.1313720382812562,868,879,1.012672811059908,8003,3.0,3,2,0.0,141.33333333333334,710,744,5.8125,0.1394030960938153,True
0.99,18,7166,1024,7368,921,34,955,7.4609375,7.1953125,824,0.1005859375,4,0.0048543689320388345,17.0,0.15625,35.826314394896364,0.9999493972725925,0.00048828125,0.1342118632811662,0.1313720382812562,921,932,1.011943539630836,8080,2.6666666666666665,3,2,0.0,1243.4285714285713,716,750,5.859375,0.1394030960938153,True
0.99,19,48310,1024,7057,883,34,917,7.1640625,6.8916015625,1135,0.1385498046875,4,0.003524229074889868,34.0,0.3125,32.81601443825655,0.9813708283550727,0.00048828125,0.1342118632811662,0.1313720382812562,883,894,1.0124575311438277,1522,2048.0,1,4,0.0,41.74580335731415,660,694,5.421875,0.1394030960938153,True
0.99,20,12187,1024,6213,777,34,811,6.3359375,6.0673828125,1979,0.2415771484375,6,0.003031834259727135,66.0,0.5625,29.935364253260417,0.9702660573326909,0.000732421875,0.1342118632811662,0.1313720382812562,777,788,1.0141570141570142,3344,70.8,1,6,0.0,111.52475247524752,576,610,4.765625,0.1394030960938153,True
0.99,21,20284,1024,6256,782,34,816,6.375,6.109375,1936,0.236328125,16,0.008264462809917356,141.25,1.234375,26.630919043764344,0.9043135408722921,0.001953125,0.1342118632811662,0.1313720382812562,782,793,1.014066496163683,2984,315.93333333333334,2,15,0.0,222.18125960061445,575,609,4.7578125,0.1394030960938153,True
0.99,22,1052,1024,7511,939,34,973,7.6015625,7.3349609375,681,0.0831298828125,5,0.007342143906020558,57.0,0.46875,30.57205505195419,0.9872528603635031,0.0006103515625,0.1342118632811662,0.1313720382812562,939,950,1.0117145899893503,6104,66.0,1,5,0.0,223.632183908046,755,789,6.1640625,0.1394030960938153,True
0.99,23,13752,1024,5751,719,34,753,5.8828125,5.6162109375,2441,0.2979736328125,12,0.004916018025399427,82.25,0.765625,28.979444542458985,0.9196776659556484,0.00146484375,0.1342118632811662,0.1313720382812562,719,730,1.015299026425591,4026,328.8181818181818,2,10,0.0,161.65834932821497,500,534,4.171875,0.1394030960938153,True
0.99,24,37139,1024,7304,913,34,947,7.3984375,7.1328125,888,0.1083984375,10,0.01126126126126126,112.0,1.0,27.638623381977286,0.9867749036618579,0.001220703125,0.1342118632811662,0.1313720382812562,913,924,1.0120481927710843,2425,571.5555555555555,1,10,0.0,159.06796116504853,718,752,5.875,0.1394030960938153,True
0.99,25,29727,1024,7990,999,34,1033,8.0703125,7.802734375,202,0.024658203125,2,0.009900990099009901,8.0,0.125,39.099903738759664,0.9958578910218397,0.000244140625,0.1342118632811662,0.1313720382812562,999,1010,1.011011011011011,1777,1488.0,1,2,0.0,10.214463840399002,849,883,6.8984375,0.1394030960938153,True
0.99,26,41854,1024,7139,893,34,927,7.2421875,6.9716796875,1053,0.1285400390625,7,0.006647673314339981,25.0,0.40625,34.15140352195873,0.9721927629231089,0.0008544921875,0.1342118632811662,0.1313720382812562,893,904,1.0123180291153415,4553,465.3333333333333,1,7,0.0,56.26373626373626,692,726,5.671875,0.1394030960938153,True
0.99,27,40333,1024,7784,973,34,1007,7.8671875,7.6015625,408,0.0498046875,7,0.01715686274509804,74.0,0.625,29.438486411369343,0.9836395162405049,0.0008544921875,0.1342118632811662,0.1313720382812562,973,984,1.0113052415210688,8,1192.3333333333333,1,7,0.0,74.07233626588466,819,853,6.6640625,0.1394030960938153,True
0.99,28,33248,1024,6211,777,34,811,6.3359375,6.0654296875,1981,0.2418212890625,16,0.008076728924785462,28.88671875,0.333984375,33.523821478468484,0.9957912676160492,0.001953125,0.1342118632811662,0.1313720382812562,777,788,1.0141570141570142,878,404.06666666666666,4,9,0.0,32.32786885245902,604,638,4.984375,0.1394030960938153,True
0.99,29,9680,1024,7430,929,34,963,7.5234375,7.255859375,762,0.093017578125,0,0.0,0.0,0.0,,1.0,0.0,0.1342118632811662,0.1313720382812562,929,940,1.0118406889128095,,,0,0,,,751,785,6.1328125,0.1394030960938153,True
0.99,30,16805,1024,7658,958,34,992,7.75,7.478515625,534,0.065185546875,3,0.0056179775280898875,9.0,0.15625,38.58837851428585,0.9935561044668949,0.0003662109375,0.1342118632811662,0.1313720382812562,958,969,1.011482254697286,7089,400.5,1,3,0.0,66.78260869565217,809,843,6.5859375,0.1394030960938153,True
0.99,31,14652,1024,6581,823,34,857,6.6953125,6.4267578125,1611,0.1966552734375,19,0.011793916821849782,98.0,1.0625,28.218542851754155,0.9622831027999229,0.0023193359375,0.1342118632811662,0.1313720382812562,823,834,1.0133657351154313,2072,94.27777777777777,2,14,0.0,131.17908496732025,623,657,5.1328125,0.1394030960938153,True
0.99,32,15793,1024,6915,865,34,899,7.0234375,6.7529296875,1277,0.1558837890625,2,0.0015661707126076742,8.0,0.125,39.099903738759664,0.9811548918570245,0.000244140625,0.12843401250006536,0.13342289062507007,865,876,1.0127167630057803,2473,8.0,1,2,0.0,11.457342657342657,647,681,5.3203125,0.13594132187495234,True
0.99,33,30210,1024,6247,781,34,815,6.3671875,6.1005859375,1945,0.2374267578125,5,0.002570694087403599,6.3125,0.1484375,40.12878969741193,0.9874644305590987,0.0006103515625,0.12843401250006536,0.13342289062507007,781,792,1.0140845070422535,556,1715.75,1,5,0.0,6.768586387434555,552,586,4.578125,0.13594132187495234,True
0.99,34,47426,1024,7527,941,34,975,7.6171875,7.3505859375,665,0.0811767578125,1,0.0015037593984962407,1.0,0.03125,48.1308036086791,0.9997191470332617,0.0001220703125,0.12843401250006536,0.13342289062507007,941,952,1.0116896918172158,7338,,1,1,0.0,9.570093457943925,791,825,6.4453125,0.13594132187495234,True
0.99,35,20875,1024,7271,909,34,943,7.3671875,7.1005859375,921,0.1124267578125,8,0.008686210640608035,45.25,0.453125,31.574617773266883,0.9879362007499093,0.0009765625,0.12843401250006536,0.13342289062507007,909,920,1.012101210121012,3056,194.28571428571428,2,7,0.0,72.17445482866043,707,741,5.7890625,0.13594132187495234,True
0.99,36,4161,1024,7590,949,34,983,7.6796875,7.412109375,602,0.073486328125,5,0.008305647840531562,32.0,0.375,33.07930382548004,0.9929852049613815,0.0006103515625,0.12843401250006536,0.13342289062507007,949,960,1.01159114857745,193,1915.75,1,5,0.0,32.768,764,798,6.234375,0.13594132187495234,True
0.99,37,40340,1024,7095,887,34,921,7.1953125,6.9287109375,1097,0.1339111328125,9,0.008204193254329991,17.625,0.3125,35.66951235204474,0.9990395827075219,0.0010986328125,0.12843401250006536,0.13342289062507007,887,898,1.012401352874859,460,887.75,2,7,0.0,18.66390899689762,704,738,5.765625,0.13594132187495234,True
0.99,38,28286,1024,7559,945,34,979,7.6484375,7.3818359375,633,0.0772705078125,8,0.01263823064770932,14.0625,0.2734375,36.650178254124725,0.9974604100134739,0.0009765625,0.12843401250006536,0.13342289062507007,945,956,1.0116402116402117,27,831.7142857142857,2,7,0.0,14.103819784524976,765,799,6.2421875,0.13594132187495234,True
0.99,39,13256,1024,7888,986,34,1020,7.96875,7.703125,304,0.037109375,1,0.003289473684210526,16.0,0.125,36.08960378211985,0.9999683773501148,0.0001220703125,0.12843401250006536,0.13342289062507007,986,997,1.011156186612576,536,,1,1,0.0,17.120167189132708,827,861,6.7265625,0.13594132187495234,True
0.99,40,48934,1024,7325,916,34,950,7.421875,7.1533203125,867,0.1058349609375,7,0.008073817762399077,28.8125,0.3515625,33.53499418134187,0.9924768191438914,0.0008544921875,0.12843401250006536,0.13342289062507007,916,927,1.012008733624454,1313,1102.6666666666667,1,7,0.0,34.306976744186045,763,797,6.2265625,0.13594132187495234,True
0.99,41,11935,1024,6532,817,34,851,6.6484375,6.37890625,1660,0.20263671875,8,0.004819277108433735,17.0625,0.2890625,35.81037696483079,0.9841957086701155,0.0009765625,0.12843401250006536,0.13342289062507007,817,828,1.0134638922888617,1392,912.5714285714286,3,6,0.0,20.55529411764706,627,661,5.1640625,0.13594132187495234,True
0.99,42,48447,1024,7421,928,34,962,7.515625,7.2470703125,771,0.0941162109375,2,0.0025940337224383916,8.0,0.125,39.099903738759664,0.9875640168225511,0.000244140625,0.12843401250006536,0.13342289062507007,928,939,1.011853448275862,3905,1648.0,1,2,0.0,15.283582089552239,767,801,6.2578125,0.13594132187495234,True
0.99,43,15492,1024,8039,1005,34,1039,8.1171875,7.8505859375,153,0.0186767578125,4,0.026143790849673203,16.0,0.25,36.08960378211985,0.9979536476217521,0.00048828125,0.12843401250006536,0.13342289062507007,1005,1016,1.0109452736318407,537,2258.6666666666665,1,4,0.0,17.120167189132708,888,922,7.203125,0.13594132187495234,True
0.99,44,32513,1024,7764,971,34,1005,7.8515625,7.58203125,428,0.05224609375,4,0.009345794392523364,64.0,0.5,30.069003868840234,0.9800045777106,0.00048828125,0.12843401250006536,0.13342289062507007,971,982,1.011328527291452,4808,781.3333333333334,1,4,0.0,154.93144208037825,805,839,6.5546875,0.13594132187495234,True
0.99,45,36099,1024,6968,871,34,905,7.0703125,6.8046875,1224,0.1494140625,17,0.013888888888888888,23.83203125,0.431640625,34.35919301187373,0.966469975940714,0.0020751953125,0.12843401250006536,0.13342289062507007,871,882,1.0126291618828933,237,233.75,3,13,0.0,24.526633165829146,711,745,5.8203125,0.13594132187495234,True
0.99,46,39260,1024,5710,714,34,748,5.84375,5.576171875,2482,0.302978515625,18,0.007252215954875101,102.25,1.015625,28.034170441885312,0.9807119183381848,0.002197265625,0.12843401250006536,0.13342289062507007,714,725,1.015406162464986,2018,271.94117647058823,4,13,0.0,135.62694300518135,483,517,4.0390625,0.13594132187495234,True
0.99,47,46517,1024,6649,832,34,866,6.765625,6.4931640625,1543,0.1883544921875,5,0.0032404406999351912,20.0,0.3125,35.12050365203929,0.9903115853648472,0.0006103515625,0.12843401250006536,0.13342289062507007,832,843,1.0132211538461537,2329,258.0,1,5,0.0,27.939972714870397,645,679,5.3046875,0.13594132187495234,True
0.99,48,33095,1024,7627,954,34,988,7.71875,7.4482421875,565,0.0689697265625,4,0.007079646017699115,29.0,0.28125,33.50682362968954,0.9948844009255575,0.00048828125,0.12843401250006536,0.13342289062507007,954,965,1.0115303983228512,697,45.0,1,4,0.0,31.69263607257204,794,828,6.46875,0.13594132187495234,True
0.99,49,3,1024,7527,941,34,975,7.6171875,7.3505859375,665,0.0811767578125,10,0.015037593984962405,40.0,0.625,32.11020369539948,0.9574553410495954,0.001220703125,0.12843401250006536,0.13342289062507007,941,952,1.0116896918172158,3377,238.22222222222223,1,10,0.0,68.03986710963456,750,784,6.125,0.13594132187495234,True
0.99,50,21683,1024,7326,916,34,950,7.421875,7.154296875,866,0.105712890625,9,0.010392609699769052,80.0,0.75,29.099903738759668,0.9752604669778796,0.0010986328125,0.12843401250006536,0.13342289062507007,916,927,1.012008733624454,1776,329.0,2,8,0.0,102.14463840399003,723,757,5.9140625,0.13594132187495234,True
0.99,51,13446,1024,7316,915,34,949,7.4140625,7.14453125,876,0.10693359375,9,0.010273972602739725,46.0,0.5,31.503225291863362,0.9998298730583529,0.0010986328125,0.12843401250006536,0.13342289062507007,915,926,1.0120218579234972,329,277.875,2,7,0.0,47.91861648016277,755,789,6.1640625,0.13594132187495234,True
0.99,52,49515,1024,6988,874,34,908,7.09375,6.82421875,1204,0.14697265625,28,0.023255813953488372,87.25,1.359375,28.72314925236693,0.9847925025213987,0.00341796875,0.12843401250006536,0.13342289062507007,874,885,1.0125858123569793,409,286.85185185185185,3,24,0.0,91.82322713257965,716,750,5.859375,0.13594132187495234,True
0.99,53,27943,1024,7438,930,34,964,7.53125,7.263671875,754,0.092041015625,7,0.009283819628647215,89.0,0.71875,28.636903542229977,0.991153062329635,0.0008544921875,0.12843401250006536,0.13342289062507007,930,941,1.0118279569892472,592,1120.0,1,7,0.0,95.93263157894737,756,790,6.171875,0.13594132187495234,True
0.99,54,29059,1024,7829,979,34,1013,7.9140625,7.6455078125,363,0.0443115234375,13,0.03581267217630854,136.0,1.25,26.79541452497693,0.9821858609229073,0.0015869140625,0.12843401250006536,0.13342289062507007,979,990,1.0112359550561798,9,663.9166666666666,1,13,0.0,136.1329423264907,838,872,6.8125,0.13594132187495234,True
0.99,55,32738,1024,5513,690,34,724,5.65625,5.3837890625,2679,0.3270263671875,14,0.005225830533781261,34.671875,0.42578125,32.73103032619789,0.9616490393029525,0.001708984375,0.12843401250006536,0.13342289062507007,690,701,1.0159420289855072,1731,277.3076923076923,3,12,0.0,43.94059405940594,480,514,4.015625,0.13594132187495234,True
0.99,56,445,1024,7824,978,34,1012,7.90625,7.640625,368,0.044921875,4,0.010869565217391304,40.0,0.375,32.11020369539948,0.9973609078019348,0.00048828125,0.12843401250006536,0.13342289062507007,978,989,1.0112474437627812,448,1773.6666666666667,1,4,0.0,42.31404958677686,829,863,6.7421875,0.13594132187495234,True
0.99,57,32216,1024,7171,897,34,931,7.2734375,7.0029296875,1021,0.1246337890625,2,0.0019588638589618022,20.0,0.1875,35.12050365203929,0.9869305483581003,0.000244140625,0.12843401250006536,0.13342289062507007,897,908,1.0122630992196209,2145,15.0,1,2,0.0,27.08994708994709,729,763,5.9609375,0.13594132187495234,True
0.99,58,18250,1024,7627,954,34,988,7.71875,7.4482421875,565,0.0689697265625,2,0.0035398230088495575,8.0,0.125,39.099903738759664,0.9795937589114073,0.000244140625,0.12843401250006536,0.13342289062507007,954,965,1.0115303983228512,2473,8.0,1,2,0.0,11.457342657342657,808,842,6.578125,0.13594132187495234,True
0.99,59,1684,1024,7210,902,34,936,7.3125,7.041015625,982,0.119873046875,27,0.0274949083503055,134.0,1.375,26.859755625031028,0.9453036092871333,0.0032958984375,0.12843401250006536,0.13342289062507007,902,913,1.0121951219512195,136,266.15384615384613,3,20,0.0,136.26216484607747,709,743,5.8046875,0.13594132187495234,True
0.99,60,2899,1024,7046,881,34,915,7.1484375,6.880859375,1146,0.139892578125,9,0.007853403141361256,33.0,0.53125,32.94566420990023,0.9807797314405446,0.0010986328125,0.12843401250006536,0.13342289062507007,881,892,1.0124858115777526,353,946.125,1,9,0.0,34.481632653061226,742,776,6.0625,0.13594132187495234,True
0.99,61,39428,1024,6786,849,34,883,6.8984375,6.626953125,1406,0.171630859375,5,0.0035561877667140826,68.0,0.5625,29.80571448161674,0.9440496086639798,0.0006103515625,0.12843401250006536,0.13342289062507007,849,860,1.0129564193168434,3672,474.0,1,5,0.0,123.2424778761062,669,703,5.4921875,0.13594132187495234,True
0.99,62,40758,1024,7282,911,34,945,7.3828125,7.111328125,910,0.111083984375,3,0.0032967032967032967,52.0,0.3125,30.97077017233111,0.9999910333605737,0.0003662109375,0.12843401250006536,0.13342289062507007,911,922,1.0120746432491767,32,4.5,2,2,0.0,52.20392156862745,772,806,6.296875,0.13594132187495234,True
0.99,63,29154,1024,7620,953,34,987,7.7109375,7.44140625,572,0.06982421875,2,0.0034965034965034965,5.0,0.09375,41.141103565318915,0.9984981956558516,0.000244140625,0.12843401250006536,0.13342289062507007,953,964,1.011542497376705,6578,759.0,1,2,0.0,25.346534653465348,789,823,6.4296875,0.13594132187495234,True
0.99,64,43958,1024,7620,953,34,987,7.7109375,7.44140625,572,0.06982421875,3,0.005244755244755245,33.0,0.28125,32.94566420990023,0.9808288119285601,0.0003662109375,0.12843401250006536,0.13342289062507007,953,964,1.011542497376705,6016,1073.0,1,3,0.0,124.23529411764706,764,798,6.234375,0.13594132187495234,True
0.99,65,33814,1024,7813,977,34,1011,7.8984375,7.6298828125,379,0.0462646484375,5,0.013192612137203167,44.0,0.4375,31.69627684381723,0.9967014862553519,0.0006103515625,0.12843401250006536,0.13342289062507007,977,988,1.0112589559877174,104,1872.25,1,5,0.0,44.56577645895153,836,870,6.796875,0.13594132187495234,True
0.99,66,34153,1024,7183,898,34,932,7.28125,7.0146484375,1009,0.1231689453125,7,0.006937561942517344,48.0625,0.5078125,31.31274003722404,0.9777154604100824,0.0008544921875,0.12843401250006536,0.13342289062507007,898,909,1.012249443207127,1004,960.8333333333334,1,7,0.0,54.74527252502781,730,764,5.96875,0.13594132187495234,True
0.99,67,43609,1024,7110,889,34,923,7.2109375,6.943359375,1082,0.132080078125,11,0.010166358595194085,19.75,0.359375,35.17513260905431,0.9882929906800009,0.0013427734375,0.12843401250006536,0.13342289062507007,889,900,1.0123734533183353,1952,609.0,2,10,0.0,25.92820512820513,724,758,5.921875,0.13594132187495234,True
0.99,68,10762,1024,7122,891,34,925,7.2265625,6.955078125,1070,0.130615234375,15,0.014018691588785047,58.25,0.578125,30.477844311698536,0.966756788672063,0.0018310546875,0.12843401250006536,0.13342289062507007,891,902,1.0123456790123457,664,401.7142857142857,4,8,0.0,63.38788522848034,732,766,5.984375,0.13594132187495234,True
0.99,69,17898,1024,6662,833,34,867,6.7734375,6.505859375,1530,0.186767578125,1,0.00065359477124183,0.25,0.015625,54.15140352195873,0.9970377765097308,0.0001220703125,0.12843401250006536,0.13342289062507007,833,844,1.0132052821128452,1995,,1,1,0.0,0.3303225806451613,628,662,5.171875,0.13594132187495234,True
0.99,70,43653,1024,7097,888,34,922,7.203125,6.9306640625,1095,0.1336669921875,6,0.005479452054794521,57.25,0.484375,30.553048698559845,0.9665176786767602,0.000732421875,0.12843401250006536,0.13342289062507007,888,899,1.0123873873873874,91,1191.4,1,6,0.0,57.87166831194472,673,707,5.5234375,0.13594132187495234,True
0.99,71,14233,1024,7562,946,34,980,7.65625,7.384765625,630,0.076904296875,1,0.0015873015873015873,4.0,0.0625,42.11020369539948,0.9999366744639581,0.0001220703125,0.12843401250006536,0.13342289062507007,946,957,1.0116279069767442,657,,1,1,0.0,4.348195329087049,784,818,6.390625,0.13594132187495234,True
0.99,72,39520,1024,7400,925,34,959,7.4921875,7.2265625,792,0.0966796875,5,0.006313131313131313,22.0,0.25,34.70657680045704,0.9658252458339791,0.0006103515625,0.12843401250006536,0.13342289062507007,925,936,1.011891891891892,4024,152.5,2,4,0.0,43.23992322456814,735,769,6.0078125,0.13594132187495234,True
0.99,73,18138,1024,7128,891,34,925,7.2265625,6.9609375,1064,0.1298828125,1,0.0009398496240601503,1.0,0.03125,48.1308036086791,0.9999994396576138,0.0001220703125,0.12843401250006536,0.13342289062507007,891,902,1.0123456790123457,7410,,1,1,0.0,10.448979591836734,705,739,5.7734375,0.13594132187495234,True
0.99,74,9212,1024,6740,843,34,877,6.8515625,6.58203125,1452,0.17724609375,0,0.0,0.0,0.0,,1.0,0.0,0.12843401250006536,0.13342289062507007,843,854,1.0130486358244366,,,0,0,,,653,687,5.3671875,0.13594132187495234,True
0.99,75,6456,1024,7581,948,34,982,7.671875,7.4033203125,611,0.0745849609375,7,0.011456628477905073,76.0,0.6875,29.322667685871192,0.9944694487722281,0.0008544921875,0.12843401250006536,0.13342289062507007,948,959,1.011603375527426,1265,1058.5,1,7,0.0,89.86605080831409,797,831,6.4921875,0.13594132187495234,True
0.99,76,22948,1024,6742,843,34,877,6.8515625,6.583984375,1450,0.177001953125,0,0.0,0.0,0.0,,1.0,0.0,0.12843401250006536,0.13342289062507007,843,854,1.0130486358244366,,,0,0,,,662,696,5.4375,0.13594132187495234,True
0.99,77,7591,1024,7724,966,34,1000,7.8125,7.54296875,468,0.05712890625,2,0.004273504273504274,32.0,0.25,33.07930382548004,0.9825438179433243,0.000244140625,0.12843401250006536,0.13342289062507007,966,977,1.0113871635610765,4136,8.0,1,2,0.0,64.63116370808679,838,872,6.8125,0.13594132187495234,True
0.99,78,29996,1024,7003,876,34,910,7.109375,6.8388671875,1189,0.1451416015625,4,0.00336417157275021,29.0,0.28125,33.50682362968954,0.9813587078661828,0.00048828125,0.12843401250006536,0.13342289062507007,876,887,1.0125570776255708,1561,458.3333333333333,1,4,0.0,35.82147165259349,687,721,5.6328125,0.13594132187495234,True
0.99,79,10378,1024,7048,881,34,915,7.1484375,6.8828125,1144,0.1396484375,18,0.015734265734265736,47.0,0.71875,31.40982502932193,0.9892867651526187,0.002197265625,0.12843401250006536,0.13342289062507007,881,892,1.0124858115777526,571,425.7647058823529,2,17,0.0,50.501573976915004,715,749,5.8515625,0.13594132187495234,True
0.99,80,27337,1024,6345,794,34,828,6.46875,6.1962890625,1847,0.2254638671875,3,0.0016242555495397943,25.0,0.21875,34.15140352195873,0.9738459302469258,0.0003662109375,0.12843401250006536,0.13342289062507007,794,805,1.013853904282116,1888,4.0,1,3,0.0,32.48730964467005,577,611,4.7734375,0.13594132187495234,True
0.99,81,19965,1024,6837,855,34,889,6.9453125,6.6767578125,1355,0.1654052734375,12,0.008856088560885609,47.0,0.53125,31.40982502932193,0.9899922235987528,0.00146484375,0.12843401250006536,0.13342289062507007,855,866,1.0128654970760234,537,644.4545454545455,2,8,0.0,50.29049111807733,647,681,5.3203125,0.13594132187495234,True
0.99,82,24405,1024,7562,946,34,980,7.65625,7.384765625,630,0.076904296875,7,0.011111111111111112,56.0,0.5,30.6489233386171,0.9802788335551371,0.0008544921875,0.12843401250006536,0.13342289062507007,946,957,1.0116279069767442,2104,925.5,2,5,0.0,75.35348226018397,769,803,6.2734375,0.13594132187495234,True
0.99,83,45135,1024,7589,949,34,983,7.6796875,7.4111328125,603,0.0736083984375,0,0.0,0.0,0.0,,1.0,0.0,0.12843401250006536,0.13342289062507007,949,960,1.01159114857745,,,0,0,,,762,796,6.21875,0.13594132187495234,True
0.99,84,11274,1024,7393,925,34,959,7.4921875,7.2197265625,799,0.0975341796875,2,0.0025031289111389237,0.5625,0.0234375,50.6295783408451,0.9999999544642046,0.000244140625,0.12843401250006536,0.13342289062507007,925,936,1.011891891891892,7674,2.0,1,2,0.0,8.861538461538462,747,781,6.1015625,0.13594132187495234,True
0.99,85,1941,1024,7316,915,34,949,7.4140625,7.14453125,876,0.10693359375,0,0.0,0.0,0.0,,1.0,0.0,0.12843401250006536,0.13342289062507007,915,926,1.0120218579234972,,,0,0,,,742,776,6.0625,0.13594132187495234,True
0.99,86,48940,1024,7497,938,34,972,7.59375,7.3212890625,695,0.0848388671875,6,0.008633093525179856,37.0,0.40625,32.44878636800915,0.9912772039529459,0.000732421875,0.12843401250006536,0.13342289062507007,938,949,1.011727078891258,5017,488.0,1,6,0.0,95.43576826196474,797,831,6.4921875,0.13594132187495234,True
0.99,87,36794,1024,7467,934,34,968,7.5625,7.2919921875,725,0.0885009765625,6,0.008275862068965517,61.0,0.53125,30.277505258571434,0.9865808443940717,0.000732421875,0.12843401250006536,0.13342289062507007,934,945,1.011777301927195,112,1200.2,1,6,0.0,61.845544554455444,750,784,6.125,0.13594132187495234,True
0.99,88,21994,1024,7294,912,34,946,7.390625,7.123046875,898,0.109619140625,9,0.01002227171492205,60.0,0.625,30.349291104842667,0.9868377711653198,0.0010986328125,0.12843401250006536,0.13342289062507007,912,923,1.0120614035087718,1392,847.25,1,9,0.0,72.28235294117647,742,776,6.0625,0.13594132187495234,True
0.99,89,49944,1024,7080,885,34,919,7.1796875,6.9140625,1112,0.1357421875,8,0.007194244604316547,13.25,0.234375,36.90864482595084,0.9949181588666051,0.0009765625,0.12843401250006536,0.13342289062507007,885,896,1.0124293785310734,2024,415.0,3,5,0.0,17.59792477302205,705,739,5.7734375,0.13594132187495234,True
0.99,90,43442,1024,4594,575,34,609,4.7578125,4.486328125,3598,0.439208984375,7,0.0019455252918287938,10.3125,0.1484375,37.997163993099285,0.9870262701973735,0.0008544921875,0.12843401250006536,0.13342289062507007,575,586,1.0191304347826087,3436,301.1666666666667,3,5,0.0,17.747899159663866,300,334,2.609375,0.13594132187495234,True
0.99,91,45096,1024,6777,848,34,882,6.890625,6.6181640625,1415,0.1727294921875,4,0.0028268551236749115,9.0,0.15625,38.58837851428585,0.9999022577483978,0.00048828125,0.12843401250006536,0.13342289062507007,848,859,1.0129716981132075,1001,5.333333333333333,2,3,0.0,10.25139043381535,638,672,5.25,0.13594132187495234,True
0.99,92,42430,1024,6121,766,34,800,6.25,5.9775390625,2071,0.2528076171875,41,0.01979719942056977,322.8125,2.8046875,23.041300176681958,0.7922111039920697,0.0050048828125,0.12843401250006536,0.13342289062507007,766,777,1.014360313315927,1288,165.225,4,32,0.0,383.0359212050985,565,599,4.6796875,0.13594132187495234,True
0.99,93,42255,1024,6785,849,34,883,6.8984375,6.6259765625,1407,0.1717529296875,6,0.0042643923240938165,44.0,0.4375,31.69627684381723,0.9945653663747601,0.000732421875,0.12843401250006536,0.13342289062507007,849,860,1.0129564193168434,552,262.6,2,5,0.0,47.179057591623035,662,696,5.4375,0.13594132187495234,True
0.99,94,5771,1024,7509,939,34,973,7.6015625,7.3330078125,683,0.0833740234375,5,0.007320644216691069,2.91015625,0.072265625,43.49164053431467,0.9999965233720873,0.0006103515625,0.12843401250006536,0.13342289062507007,939,950,1.0117145899893503,171,2.0,2,3,0.0,2.971086739780658,780,814,6.359375,0.13594132187495234,True
0.99,95,8320,1024,7735,967,34,1001,7.8203125,7.5537109375,457,0.0557861328125,6,0.01312910284463895,48.0,0.5,31.318391234923233,0.9992949316005163,0.000732421875,0.12843401250006536,0.13342289062507007,967,978,1.0113753877973113,169,1505.6,1,6,0.0,49.00498504486541,834,868,6.78125,0.13594132187495234,True
0.99,96,48807,1024,7462,933,34,967,7.5546875,7.287109375,730,0.089111328125,13,0.01780821917808219,129.0,1.09375,27.024906505686612,0.980185024408328,0.0015869140625,0.12843401250006536,0.13342289062507007,933,944,1.0117899249732047,272,609.3333333333334,2,11,0.0,133.43030303030304,761,795,6.2109375,0.13594132187495234,True
0.99,97,2675,1024,6104,763,34,797,6.2265625,5.9609375,2088,0.2548828125,8,0.0038314176245210726,11.3125,0.2421875,37.595217686546505,0.9899008471983768,0.0009765625,0.12843401250006536,0.13342289062507007,763,774,1.0144167758846658,1371,935.7142857142857,2,7,0.0,13.580304806565065,528,562,4.390625,0.13594132187495234,True
0.99,98,37658,1024,7260,908,34,942,7.359375,7.08984375,932,0.11376953125,1,0.001072961373390558,1.0,0.03125,48.1308036086791,0.9999894623771558,0.0001220703125,0.12843401250006536,0.13342289062507007,908,919,1.0121145374449338,618,,1,1,0.0,1.0813093980992607,697,731,5.7109375,0.13594132187495234,True
0.99,99,45710,1024,7338,918,34,952,7.4375,7.166015625,854,0.104248046875,2,0.00234192037470726,8.0,0.125,39.099903738759664,0.9923728682653921,0.000244140625,0.12843401250006536,0.13342289062507007,918,929,1.0119825708061003,3633,8.0,1,2,0.0,14.371929824561404,737,771,6.0234375,0.13594132187495234,True
0.99,100,15813,1024,6695,837,34,871,6.8046875,6.5380859375,1497,0.1827392578125,25,0.016700066800267203,240.75,2.046875,24.31514065071338,0.9255178656659849,0.0030517578125,0.12843401250006536,0.13342289062507007,837,848,1.013142174432497,939,299.875,2,21,0.0,271.80595369349504,654,688,5.375,0.13594132187495234,True
0.99,101,7135,1024,7451,932,34,966,7.546875,7.2763671875,741,0.0904541015625,1,0.001349527665317139,4.0,0.0625,42.11020369539948,0.9988029543779328,0.0001220703125,0.12843401250006536,0.13342289062507007,932,943,1.011802575107296,969,,1,1,0.0,4.535991140642303,775,809,6.3203125,0.13594132187495234,True
0.99,102,31775,1024,7277,910,34,944,7.375,7.1064453125,915,0.1116943359375,4,0.004371584699453552,7.0,0.15625,39.67982320853653,0.9973962277920129,0.00048828125,0.12843401250006536,0.13342289062507007,910,921,1.012087912087912,1274,2048.0,1,4,0.0,8.286705202312138,725,759,5.9296875,0.13594132187495234,True
0.99,103,31772,1024,7121,891,34,925,7.2265625,6.9541015625,1071,0.1307373046875,1,0.0009337068160597573,4.0,0.0625,42.11020369539948,0.9940310862250858,0.0001220703125,0.12843401250006536,0.13342289062507007,891,902,1.0123456790123457,2489,,1,1,0.0,5.744740532959327,699,733,5.7265625,0.13594132187495234,True
0.99,104,25160,1024,6736,842,34,876,6.84375,6.578125,1456,0.177734375,2,0.0013736263736263737,20.0,0.1875,35.12050365203929,0.9946848410163808,0.000244140625,0.12843401250006536,0.13342289062507007,842,853,1.013064133016627,240,3505.0,1,2,0.0,20.603621730382294,638,672,5.25,0.13594132187495234,True
0.99,105,36108,1024,6674,835,34,869,6.7890625,6.517578125,1518,0.185302734375,9,0.005928853754940711,60.0625,0.5703125,30.344769558552898,0.9944088873649906,0.0010986328125,0.12843401250006536,0.13342289062507007,835,846,1.0131736526946107,618,502.75,1,9,0.0,64.94614572333685,643,677,5.2890625,0.13594132187495234,True
0.99,106,1260,1024,6888,861,34,895,6.9921875,6.7265625,1304,0.1591796875,5,0.003834355828220859,6.5,0.15625,40.00167004225055,0.9921677893388544,0.0006103515625,0.12843401250006536,0.13342289062507007,861,872,1.0127758420441346,1322,1458.25,1,5,0.0,7.748544819557625,691,725,5.6640625,0.13594132187495234,True
0.99,107,37885,1024,7429,929,34,963,7.5234375,7.2548828125,763,0.0931396484375,2,0.002621231979030144,2.0,0.0625,45.12050365203929,0.9977072645126465,0.000244140625,0.12843401250006536,0.13342289062507007,929,940,1.0118406889128095,4786,8.0,1,2,0.0,4.807511737089202,752,786,6.140625,0.13594132187495234,True
0.99,108,41535,1024,7028,879,34,913,7.1328125,6.86328125,1164,0.14208984375,17,0.014604810996563574,118.25,1.140625,27.40279211458061,0.9829759335059232,0.0020751953125,0.12843401250006536,0.13342289062507007,879,890,1.012514220705347,3832,264.0,2,15,0.0,222.17981651376147,695,729,5.6953125,0.13594132187495234,True
0.99,109,44889,1024,7023,878,34,912,7.125,6.8583984375,1169,0.1427001953125,18,0.015397775876817793,61.5625,0.8046875,30.237641130262233,0.9714717941062215,0.002197265625,0.12843401250006536,0.13342289062507007,878,889,1.0125284738041003,834,290.29411764705884,2,15,0.0,68.52173913043478,716,750,5.859375,0.13594132187495234,True
0.99,110,28184,1024,7632,954,34,988,7.71875,7.453125,560,0.068359375,4,0.007142857142857143,13.0,0.15625,36.99137008561073,0.9964687351596616,0.00048828125,0.12843401250006536,0.13342289062507007,954,965,1.0115303983228512,7128,3.3333333333333335,2,3,0.0,100.09022556390977,749,783,6.1171875,0.13594132187495234,True
0.99,111,25319,1024,7334,917,34,951,7.4296875,7.162109375,858,0.104736328125,3,0.0034965034965034965,25.0,0.21875,34.15140352195873,0.9865015862941021,0.0003662109375,0.12843401250006536,0.13342289062507007,917,928,1.0119956379498365,3136,4.0,1,3,0.0,40.50632911392405,747,781,6.1015625,0.13594132187495234,True
0.99,112,11010,1024,6841,856,34,890,6.953125,6.6806640625,1351,0.1649169921875,15,0.011102886750555145,49.25,0.640625,31.206741260342795,0.9876574463979688,0.0018310546875,0.12843401250006536,0.13342289062507007,856,867,1.0128504672897196,3026,316.5,2,12,0.0,78.06811145510837,663,697,5.4453125,0.13594132187495234,True
0.99,113,33880,1024,7211,902,34,936,7.3125,7.0419921875,981,0.1197509765625,13,0.013251783893985729,72.0,0.75,29.55747864436642,0.9313024286299811,0.0015869140625,0.12843401250006536,0.13342289062507007,902,913,1.0121951219512195,1152,169.33333333333334,2,9,0.0,83.78181818181818,734,768,6.0,0.13594132187495234,True
0.99,114,19307,1024,6699,838,34,872,6.8125,6.5419921875,1493,0.1822509765625,3,0.0020093770931011385,2.5,0.0625,44.15140352195873,0.997557459743972,0.0003662109375,0.12843401250006536,0.13342289062507007,838,849,1.0131264916467781,547,1432.0,1,3,0.0,2.6778242677824267,624,658,5.140625,0.13594132187495234,True
0.99,115,12236,1024,5400,675,34,709,5.5390625,5.2734375,2792,0.3408203125,18,0.0064469914040114614,47.390625,0.58203125,31.373879245411338,0.9923526150810928,0.002197265625,0.12843401250006536,0.13342289062507007,675,686,1.0162962962962963,805,106.05882352941177,2,17,0.0,52.51948051948052,530,564,4.40625,0.13594132187495234,True
0.99,116,13805,1024,6894,862,34,896,7.0,6.732421875,1298,0.158447265625,24,0.01848998459167951,145.5,1.4375,26.502173675459844,0.9551755382015333,0.0029296875,0.12843401250006536,0.13342289062507007,862,873,1.0127610208816706,1848,268.95652173913044,2,20,0.0,187.88398486759144,638,672,5.25,0.13594132187495234,True
0.99,117,5814,1024,6300,788,34,822,6.421875,6.15234375,1892,0.23095703125,15,0.007928118393234672,23.78125,0.4296875,34.36845682417243,0.9913553792843695,0.0018310546875,0.12843401250006536,0.13342289062507007,788,799,1.013959390862944,1053,361.5,3,11,0.0,27.26987681970885,582,616,4.8125,0.13594132187495234,True
0.99,118,48485,1024,7329,917,34,951,7.4296875,7.1572265625,863,0.1053466796875,6,0.006952491309385863,32.0,0.375,33.07930382548004,0.9967386530087584,0.000732421875,0.12843401250006536,0.13342289062507007,917,928,1.0119956379498365,305,1268.6,2,5,0.0,33.233265720081135,741,775,6.0546875,0.13594132187495234,True
0.99,119,12248,1024,6565,821,34,855,6.6796875,6.4111328125,1627,0.1986083984375,2,0.001229256299938537,8.0,0.125,39.099903738759664,0.9907812373808965,0.000244140625,0.12843401250006536,0.13342289062507007,821,832,1.0133982947624847,3121,8.0,1,2,0.0,12.921135646687697,654,688,5.375,0.13594132187495234,True
0.99,120,458,1024,7383,923,34,957,7.4765625,7.2099609375,809,0.0987548828125,5,0.006180469715698393,56.0,0.5,30.6489233386171,0.9641239725756672,0.0006103515625,0.12843401250006536,0.13342289062507007,923,934,1.0119176598049837,1848,1120.0,1,5,0.0,72.31273644388399,755,789,6.1640625,0.13594132187495234,True
0.99,121,319,1024,7128,891,34,925,7.2265625,6.9609375,1064,0.1298828125,15,0.014097744360902255,146.3125,1.3046875,26.477989298272107,0.9916596070594473,0.0018310546875,0.12843401250006536,0.13342289062507007,891,902,1.0123456790123457,132,302.57142857142856,1,15,0.0,148.63492063492063,724,758,5.921875,0.13594132187495234,True
0.99,122,21496,1024,7288,911,34,945,7.3828125,7.1171875,904,0.1103515625,14,0.015486725663716814,61.0,0.78125,30.277505258571434,0.9974600268768276,0.001708984375,0.12843401250006536,0.13342289062507007,911,922,1.0120746432491767,65,624.5384615384615,2,13,0.0,61.48031496062992,718,752,5.875,0.13594132187495234,True
0.99,123,20390,1024,6807,851,34,885,6.9140625,6.6474609375,1385,0.1690673828125,2,0.001444043321299639,32.0,0.25,33.07930382548004,0.9984878886227064,0.000244140625,0.12843401250006536,0.13342289062507007,851,862,1.0129259694477086,4360,8.0,1,2,0.0,68.40918580375782,669,703,5.4921875,0.13594132187495234,True
0.99,124,33691,1024,7050,882,34,916,7.15625,6.884765625,1142,0.139404296875,9,0.00788091068301226,97.0,0.84375,28.263086266016657,0.9530285071280211,0.0010986328125,0.12843401250006536,0.13342289062507007,882,893,1.0124716553287982,2224,120.125,1,9,0.0,133.14745308310992,659,693,5.4140625,0.13594132187495234,True
0.99,125,33872,1024,7897,988,34,1022,7.984375,7.7119140625,295,0.0360107421875,5,0.01694915254237288,57.0,0.46875,30.57205505195419,0.9875227402804514,0.0006103515625,0.12843401250006536,0.13342289062507007,988,999,1.0111336032388665,296,196.0,1,5,0.0,59.13677811550152,862,896,7.0,0.13594132187495234,True
0.99,126,46987,1024,6124,766,34,800,6.25,5.98046875,2068,0.25244140625,4,0.0019342359767891683,13.0,0.21875,36.99137008561073,0.9751925585718482,0.00048828125,0.12843401250006536,0.13342289062507007,766,777,1.014360313315927,4425,376.3333333333333,1,4,0.0,28.26326963906582,572,606,4.734375,0.13594132187495234,True
0.99,127,26772,1024,7387,924,34,958,7.484375,7.2138671875,805,0.0982666015625,6,0.007453416149068323,25.0,0.34375,34.15140352195873,0.9827458491619718,0.000732421875,0.12843401250006536,0.13342289062507007,924,935,1.0119047619047619,5296,181.0,1,6,0.0,70.7182320441989,754,788,6.15625,0.13594132187495234,True
0.99,128,7057,1024,6952,869,34,903,7.0546875,6.7890625,1240,0.1513671875,10,0.008064516129032258,50.3125,0.5859375,31.11404463155967,0.9958128706307618,0.001220703125,0.12843401250006536,0.13342289062507007,869,880,1.0126582278481013,99,782.7777777777778,1,10,0.0,50.90909090909091,677,711,5.5546875,0.13594132187495234,True
0.99,129,30014,1024,7168,896,34,930,7.265625,7.0,1024,0.125,2,0.001953125,1.0,0.03125,48.1308036086791,0.9991877712161149,0.000244140625,0.12843401250006536,0.13342289062507007,896,907,1.0122767857142858,7273,1.0,2,1,0.0,8.904347826086957,697,731,5.7109375,0.13594132187495234,True
0.99,130,48237,1024,7117,890,34,924,7.21875,6.9501953125,1075,0.1312255859375,7,0.0065116279069767444,74.0,0.625,29.438486411369343,0.968554970535522,0.0008544921875,0.12843401250006536,0.13342289062507007,890,901,1.0123595505617977,378,383.6666666666667,1,7,0.0,77.55987717502559,701,735,5.7421875,0.13594132187495234,True
0.99,131,4823,1024,7174,897,34,931,7.2734375,7.005859375,1018,0.124267578125,7,0.0068762278978389,25.0,0.34375,34.15140352195873,0.9941986576644917,0.0008544921875,0.12843401250006536,0.13342289062507007,897,908,1.0122630992196209,466,199.66666666666666,1,7,0.0,26.501035196687372,719,753,5.8828125,0.13594132187495234,True
0.99,132,26627,1024,7608,951,34,985,7.6953125,7.4296875,584,0.0712890625,2,0.003424657534246575,8.0,0.125,39.099903738759664,0.9960347932254504,0.000244140625,0.12843401250006536,0.13342289062507007,951,962,1.0115667718191377,1137,8.0,1,2,0.0,9.287981859410431,787,821,6.4140625,0.13594132187495234,True
0.99,133,12293,1024,7873,985,34,1019,7.9609375,7.6884765625,319,0.0389404296875,8,0.025078369905956112,80.0,0.75,29.099903738759668,0.966350297995951,0.0009765625,0.12843401250006536,0.13342289062507007,985,996,1.0111675126903554,2089,721.0,1,8,0.0,107.3656618610747,854,888,6.9375,0.13594132187495234,True
0.99,134,32803,1024,6670,834,34,868,6.78125,6.513671875,1522,0.185791015625,3,0.0019710906701708277,12.0,0.1875,37.33899114820285,0.9881634111105805,0.0003662109375,0.12843401250006536,0.13342289062507007,834,845,1.013189448441247,5921,128.0,1,3,0.0,43.267605633802816,640,674,5.265625,0.13594132187495234,True
0.99,135,41882,1024,6404,801,34,835,6.5234375,6.25390625,1788,0.21826171875,13,0.00727069351230425,76.0,0.8125,29.322667685871192,0.9774543008449714,0.0015869140625,0.12843401250006536,0.13342289062507007,801,812,1.013732833957553,2553,450.0833333333333,1,13,0.0,110.3886524822695,595,629,4.9140625,0.13594132187495234,True
0.99,136,10235,1024,7155,895,34,929,7.2578125,6.9873046875,1037,0.1265869140625,2,0.0019286403085824494,32.0,0.25,33.07930382548004,0.9762873781699102,0.000244140625,0.12843401250006536,0.13342289062507007,895,906,1.012290502793296,1936,8.0,1,2,0.0,41.90281329923274,716,750,5.859375,0.13594132187495234,True
0.99,137,30033,1024,7453,932,34,966,7.546875,7.2783203125,739,0.0902099609375,4,0.005412719891745603,28.0,0.3125,33.65922329525691,0.9991049160181538,0.00048828125,0.12843401250006536,0.13342289062507007,932,943,1.011802575107296,6169,429.0,1,4,0.0,113.32806324110672,791,825,6.4453125,0.13594132187495234,True
0.99,138,20042,1024,7648,956,34,990,7.734375,7.46875,544,0.06640625,8,0.014705882352941176,64.0,0.625,30.069003868840234,0.9868684873659919,0.0009765625,0.12843401250006536,0.13342289062507007,956,967,1.0115062761506277,33,1030.7142857142858,2,7,0.0,64.25098039215686,794,828,6.46875,0.13594132187495234,True
0.99,139,29399,1024,7101,888,34,922,7.203125,6.9345703125,1091,0.1331787109375,10,0.00916590284142988,101.0,0.90625,28.08758987085268,0.946802623059928,0.001220703125,0.12843401250006536,0.13342289062507007,888,899,1.0123873873873874,2912,578.7777777777778,1,10,0.0,156.7030303030303,714,748,5.84375,0.13594132187495234,True
0.99,140,6463,1024,7823,978,34,1012,7.90625,7.6396484375,369,0.0450439453125,1,0.0027100271002710027,4.0,0.0625,42.11020369539948,0.9997850150201516,0.0001220703125,0.12843401250006536,0.13342289062507007,978,989,1.0112474437627812,5353,,1,1,0.0,11.538028169014085,861,895,6.9921875,0.13594132187495234,True
0.99,141,25920,1024,6122,766,34,800,6.25,5.978515625,2070,0.252685546875,2,0.000966183574879227,4.0,0.0625,42.11020369539948,0.9817729054716271,0.000244140625,0.12843401250006536,0.13342289062507007,766,777,1.014360313315927,3456,1.0,2,1,0.0,6.918918918918919,568,602,4.703125,0.13594132187495234,True
0.99,142,10327,1024,8062,1008,34,1042,8.140625,7.873046875,130,0.015869140625,0,0.0,0.0,0.0,,1.0,0.0,0.12843401250006536,0.13342289062507007,1008,1019,1.0109126984126984,,,0,0,,,908,942,7.359375,0.13594132187495234,True
0.99,143,3805,1024,7257,908,34,942,7.359375,7.0869140625,935,0.1141357421875,7,0.0074866310160427805,28.0,0.4375,33.65922329525691,0.9562117434199281,0.0008544921875,0.12843401250006536,0.13342289062507007,908,919,1.0121145374449338,1953,233.33333333333334,1,7,0.0,36.758974358974356,731,765,5.9765625,0.13594132187495234,True
0.99,144,37879,1024,5490,687,34,721,5.6328125,5.361328125,2702,0.329833984375,6,0.0022205773501110288,1.765625,0.08203125,45.661818913683774,0.9981724670386025,0.000732421875,0.12843401250006536,0.13342289062507007,687,698,1.0160116448326055,6525,263.4,2,5,0.0,8.650717703349283,442,476,3.71875,0.13594132187495234,True
0.99,145,22721,1024,7168,896,34,930,7.265625,7.0,1024,0.125,10,0.009765625,78.25,0.703125,29.195960146494244,0.9623529975469748,0.001220703125,0.12843401250006536,0.13342289062507007,896,907,1.0122767857142858,1219,430.77777777777777,2,9,0.0,91.88990825688073,672,706,5.515625,0.13594132187495234,True
0.99,146,43932,1024,7467,934,34,968,7.5625,7.2919921875,725,0.0885009765625,6,0.008275862068965517,68.0,0.5625,29.80571448161674,0.9997845701017796,0.000732421875,0.12843401250006536,0.13342289062507007,934,945,1.011777301927195,120,384.2,2,5,0.0,69.01090188305253,752,786,6.140625,0.13594132187495234,True
0.99,147,47270,1024,7544,943,34,977,7.6328125,7.3671875,648,0.0791015625,5,0.007716049382716049,32.25,0.265625,33.04550641896624,0.973931105436058,0.0006103515625,0.12843401250006536,0.13342289062507007,943,954,1.0116648992576882,4841,347.75,3,3,0.0,78.81622911694511,789,823,6.4296875,0.13594132187495234,True
0.99,148,11091,1024,6731,842,34,876,6.84375,6.5732421875,1461,0.1783447265625,24,0.01642710472279261,78.25,1.203125,29.195960146494244,0.9673728608017977,0.0029296875,0.12843401250006536,0.13342289062507007,842,853,1.013064133016627,2224,227.91304347826087,2,22,0.0,107.41018766756032,640,674,5.265625,0.13594132187495234,True
0.99,149,9736,1024,7332,917,34,951,7.4296875,7.16015625,860,0.10498046875,7,0.00813953488372093,28.0,0.4375,33.65922329525691,0.9525181322219337,0.0008544921875,0.12843401250006536,0.13342289062507007,917,928,1.0119956379498365,5209,184.0,1,7,0.0,76.8686327077748,738,772,6.03125,0.13594132187495234,True
0.99,150,23206,1024,6773,847,34,881,6.8828125,6.6142578125,1419,0.1732177734375,11,0.007751937984496124,30.0,0.5,33.359591061482476,0.9957237471875248,0.0013427734375,0.12843401250006536,0.13342289062507007,847,858,1.0129870129870129,593,675.2,2,9,0.0,32.33684210526316,671,705,5.5078125,0.13594132187495234,True
0.99,151,25039,1024,7937,993,34,1027,8.0234375,7.7509765625,255,0.0311279296875,0,0.0,0.0,0.0,,1.0,0.0,0.12843401250006536,0.13342289062507007,993,1004,1.0110775427995973,,,0,0,,,869,903,7.0546875,0.13594132187495234,True
0.99,152,21014,1024,6336,792,34,826,6.453125,6.1875,1856,0.2265625,9,0.004849137931034483,35.5078125,0.37890625,32.62756442957793,0.9811702714590327,0.0010986328125,0.12843401250006536,0.13342289062507007,792,803,1.0138888888888888,1490,791.5,1,9,0.0,43.389021479713605,617,651,5.0859375,0.13594132187495234,True
0.99,153,32412,1024,7760,970,34,1004,7.84375,7.578125,432,0.052734375,6,0.013888888888888888,36.0,0.4375,32.56777860100623,0.9732105540542997,0.000732421875,0.12843401250006536,0.13342289062507007,970,981,1.011340206185567,2328,822.6,1,6,0.0,50.29195088676671,819,853,6.6640625,0.13594132187495234,True
0.99,154,34022,1024,6045,756,34,790,6.171875,5.9033203125,2147,0.2620849609375,11,0.005123428039124359,47.0,0.59375,31.40982502932193,0.9741351329468433,0.0013427734375,0.12843401250006536,0.13342289062507007,756,767,1.0145502645502646,930,447.0,2,9,0.0,53.00440528634361,524,558,4.359375,0.13594132187495234,True
0.99,155,21369,1024,6507,814,34,848,6.625,6.3544921875,1685,0.2056884765625,5,0.002967359050445104,53.0,0.46875,30.888044912671212,0.9753097239904185,0.0006103515625,0.12843401250006536,0.13342289062507007,814,825,1.0135135135135136,2249,695.75,1,5,0.0,73.04441453566622,617,651,5.0859375,0.13594132187495234,True
0.99,156,41654,1024,7472,934,34,968,7.5625,7.296875,720,0.087890625,12,0.016666666666666666,36.0,0.625,32.56777860100623,0.9782120045090906,0.00146484375,0.12843401250006536,0.13342289062507007,934,945,1.011777301927195,1522,168.0,1,12,0.0,44.201438848920866,772,806,6.296875,0.13594132187495234,True
0.99,157,11953,1024,7473,935,34,969,7.5703125,7.2978515625,719,0.0877685546875,2,0.0027816411682892906,8.0,0.125,39.099903738759664,0.9943745803891018,0.000244140625,0.12843401250006536,0.13342289062507007,935,946,1.011764705882353,3881,8.0,1,2,0.0,15.198515769944342,743,777,6.0703125,0.13594132187495234,True
0.99,158,13700,1024,7090,887,34,921,7.1953125,6.923828125,1102,0.134521484375,8,0.007259528130671506,57.0,0.53125,30.57205505195419,0.9935228855346199,0.0009765625,0.12843401250006536,0.13342289062507007,887,898,1.012401352874859,801,954.1428571428571,3,6,0.0,63.16883116883117,695,729,5.6953125,0.13594132187495234,True
0.99,159,38205,1024,6468,809,34,843,6.5859375,6.31640625,1724,0.21044921875,4,0.002320185614849188,8.0,0.125,39.099903738759664,0.9946130044019685,0.00048828125,0.12843401250006536,0.13342289062507007,809,820,1.0135970333745365,2208,3.0,2,2,0.0,10.95187165775401,599,633,4.9453125,0.13594132187495234,True
0.99,160,40129,1024,6640,830,34,864,6.75,6.484375,1552,0.189453125,0,0.0,0.0,0.0,,1.0,0.0,0.12657803125000555,0.04725364296882617,830,841,1.0132530120481928,,,0,0,,,614,648,5.0625,0.13755766874999154,True
0.99,161,17080,1024,6544,818,34,852,6.65625,6.390625,1648,0.201171875,10,0.006067961165048544,28.75,0.421875,33.54442511842261,0.9825417242101299,0.001220703125,0.12657803125000555,0.04725364296882617,818,829,1.0134474327628362,2179,533.3333333333334,1,10,0.0,39.148936170212764,622,656,5.125,0.13755766874999154,True
0.99,162,1505,1024,7543,943,34,977,7.6328125,7.3662109375,649,0.0792236328125,9,0.01386748844375963,116.25,0.953125,27.47687399305919,0.960504171956504,0.0010986328125,0.12657803125000555,0.04725364296882617,943,954,1.0116648992576882,1080,721.125,1,9,0.0,133.90326209223846,797,831,6.4921875,0.13755766874999154,True
0.99,163,36391,1024,7558,945,34,979,7.6484375,7.380859375,634,0.077392578125,4,0.006309148264984227,10.0,0.1875,38.1308036086791,0.9960341046905581,0.00048828125,0.12657803125000555,0.04725364296882617,945,956,1.0116402116402117,4930,970.3333333333334,1,4,0.0,25.098039215686274,772,806,6.296875,0.13755766874999154,True
0.99,164,24660,1024,7429,929,34,963,7.5234375,7.2548828125,763,0.0931396484375,8,0.010484927916120577,54.5,0.53125,30.76683858591268,0.9677704805680024,0.0009765625,0.12657803125000555,0.04725364296882617,929,940,1.0118406889128095,746,1023.0,1,8,0.0,59.944146079484426,766,800,6.25,0.13755766874999154,True
0.99,165,24061,1024,6587,824,34,858,6.703125,6.4326171875,1605,0.1959228515625,19,0.011838006230529595,116.75,1.203125,27.458234716297607,0.9654024631202508,0.0023193359375,0.12657803125000555,0.04725364296882617,824,835,1.0133495145631068,795,341.22222222222223,2,17,0.0,129.2454054054054,631,665,5.1953125,0.13755766874999154,True
0.99,166,10964,1024,6323,791,34,825,6.4453125,6.1748046875,1869,0.2281494140625,3,0.0016051364365971107,5.25,0.109375,40.92921057461954,0.9896316224320348,0.0003662109375,0.12657803125000555,0.04725364296882617,791,802,1.013906447534766,499,2227.0,1,3,0.0,5.588357588357589,587,621,4.8515625,0.13755766874999154,True
0.99,167,20807,1024,7883,986,34,1020,7.96875,7.6982421875,309,0.0377197265625,0,0.0,0.0,0.0,,1.0,0.0,0.12657803125000555,0.04725364296882617,986,997,1.011156186612576,,,0,0,,,815,849,6.6328125,0.13755766874999154,True
0.99,168,33388,1024,8010,1002,34,1036,8.09375,7.822265625,182,0.022216796875,3,0.016483516483516484,36.0,0.3125,32.56777860100623,0.9956127358930783,0.0003662109375,0.12657803125000555,0.04725364296882617,1002,1013,1.0109780439121756,4568,1696.5,1,3,0.0,81.37748344370861,874,908,7.09375,0.13755766874999154,True
0.99,169,34571,1024,7128,891,34,925,7.2265625,6.9609375,1064,0.1298828125,7,0.006578947368421052,41.3125,0.4296875,31.969988840381948,0.9998260192603844,0.0008544921875,0.12657803125000555,0.04725364296882617,891,902,1.0123456790123457,370,1240.3333333333333,1,7,0.0,43.25562372188139,729,763,5.9609375,0.13755766874999154,True
0.99,170,21194,1024,7635,955,34,989,7.7265625,7.4560546875,557,0.0679931640625,4,0.00718132854578097,13.0,0.21875,36.99137008561073,0.9700009883337937,0.00048828125,0.12657803125000555,0.04725364296882617,955,966,1.0115183246073298,5489,899.0,1,4,0.0,39.38461538461539,777,811,6.3359375,0.13755766874999154,True
0.99,171,32696,1024,7244,906,34,940,7.34375,7.07421875,948,0.11572265625,9,0.00949367088607595,78.25,0.703125,29.195960146494244,0.9380170488221813,0.0010986328125,0.12657803125000555,0.04725364296882617,906,917,1.0121412803532008,1722,741.125,1,9,0.0,99.04573547589617,729,763,5.9609375,0.13755766874999154,True
0.99,172,46005,1024,5599,700,34,734,5.734375,5.4677734375,2593,0.3165283203125,21,0.008098727342846125,64.0,0.875,30.069003868840234,0.8409588661994616,0.0025634765625,0.12657803125000555,0.04725364296882617,700,711,1.0157142857142858,3193,183.2,2,18,0.0,104.8576,491,525,4.1015625,0.13755766874999154,True
0.99,173,19269,1024,5629,704,34,738,5.765625,5.4970703125,2563,0.3128662109375,26,0.010144362075692548,7.375,0.234375,39.45318336217709,0.9740291769259625,0.003173828125,0.12657803125000555,0.04725364296882617,704,715,1.015625,1018,225.28,3,13,0.0,8.41917502787068,477,511,3.9921875,0.13755766874999154,True
0.99,174,5503,1024,7927,991,34,1025,8.0078125,7.7412109375,265,0.0323486328125,6,0.022641509433962263,48.0,0.5,31.318391234923233,0.9997669190219821,0.000732421875,0.12657803125000555,0.04725364296882617,991,1002,1.0110998990918265,4849,415.8,1,6,0.0,117.58851674641149,857,891,6.9609375,0.13755766874999154,True
0.99,175,32979,1024,7068,884,34,918,7.171875,6.90234375,1124,0.13720703125,7,0.006227758007117438,46.0,0.5,31.503225291863362,0.9769873980438201,0.0008544921875,0.12657803125000555,0.04725364296882617,884,895,1.012443438914027,4265,250.5,1,7,0.0,95.93482688391039,674,708,5.53125,0.13755766874999154,True
0.99,176,32764,1024,7715,965,34,999,7.8046875,7.5341796875,477,0.0582275390625,8,0.016771488469601678,30.0,0.375,33.359591061482476,0.9992417820901517,0.0009765625,0.12657803125000555,0.04725364296882617,965,976,1.01139896373057,2537,658.4285714285714,2,7,0.0,43.45120226308345,799,833,6.5078125,0.13755766874999154,True
0.99,177,36396,1024,6820,853,34,887,6.9296875,6.66015625,1372,0.16748046875,5,0.0036443148688046646,13.0,0.21875,36.99137008561073,0.9674735397883718,0.0006103515625,0.12657803125000555,0.04725364296882617,853,864,1.0128956623681125,2488,886.5,2,4,0.0,18.67040673211781,651,685,5.3515625,0.13755766874999154,True
0.99,178,16139,1024,5148,644,34,678,5.296875,5.02734375,3044,0.37158203125,9,0.002956636005256242,28.3125,0.3671875,33.61102141511003,0.984200653000819,0.0010986328125,0.12657803125000555,0.04725364296882617,644,653,1.013975155279503,4236,307.625,2,7,0.0,58.56969696969697,405,439,3.4296875,0.13755766874999154,True
0.99,179,32110,1024,6644,831,34,865,6.7578125,6.48828125,1548,0.18896484375,33,0.02131782945736434,28.41796875,0.478515625,33.59487328521815,0.988741501666008,0.0040283203125,0.12657803125000555,0.04725364296882617,831,842,1.01323706377858,173,77.84375,3,24,0.0,29.01296111665005,659,693,5.4140625,0.13755766874999154,True
0.99,180,37930,1024,7146,894,34,928,7.25,6.978515625,1046,0.127685546875,13,0.0124282982791587,39.0,0.59375,32.220157538414114,0.9752854953644406,0.0015869140625,0.12657803125000555,0.04725364296882617,894,905,1.012304250559284,824,287.4166666666667,2,11,0.0,43.36156351791531,718,752,5.875,0.13755766874999154,True
0.99,181,5624,1024,7417,928,34,962,7.515625,7.2431640625,775,0.0946044921875,0,0.0,0.0,0.0,,1.0,0.0,0.12657803125000555,0.04725364296882617,928,939,1.011853448275862,,,0,0,,,760,794,6.203125,0.13755766874999154,True
0.99,182,37946,1024,7065,884,34,918,7.171875,6.8994140625,1127,0.1375732421875,9,0.007985803016858917,74.0,0.6875,29.438486411369343,0.9918018948235419,0.0010986328125,0.12657803125000555,0.04725364296882617,884,895,1.012443438914027,809,852.875,1,9,0.0,82.09750812567714,663,697,5.4453125,0.13755766874999154,True
0.99,183,6616,1024,7878,985,34,1019,7.9609375,7.693359375,314,0.038330078125,0,0.0,0.0,0.0,,1.0,0.0,0.12657803125000555,0.04725364296882617,985,996,1.0111675126903554,,,0,0,,,833,867,6.7734375,0.13755766874999154,True
0.99,184,11706,1024,7323,916,34,950,7.421875,7.1513671875,869,0.1060791015625,9,0.010356731875719217,40.328125,0.40234375,32.07472330307929,0.9921661082031179,0.0010986328125,0.12657803125000555,0.04725364296882617,916,927,1.012008733624454,203,837.75,2,7,0.0,41.33733733733734,744,778,6.078125,0.13755766874999154,True
0.99,185,10558,1024,6882,861,34,895,6.9921875,6.720703125,1310,0.159912109375,12,0.00916030534351145,112.16015625,0.767578125,27.632417552304773,0.9986910303602187,0.00146484375,0.12657803125000555,0.04725364296882617,861,872,1.0127758420441346,108,70.27272727272727,2,9,0.0,113.60237388724036,682,716,5.59375,0.13755766874999154,True
0.99,186,18351,1024,6523,816,34,850,6.640625,6.3701171875,1669,0.2037353515625,30,0.017974835230677052,130.65625,1.21875,26.96950171637402,0.9852312530068335,0.003662109375,0.12657803125000555,0.04725364296882617,816,827,1.0134803921568627,195,273.44827586206895,5,23,0.0,133.792,646,680,5.3125,0.13755766874999154,True
0.99,187,15023,1024,7101,888,34,922,7.203125,6.9345703125,1091,0.1331787109375,1,0.0009165902841429881,4.0,0.0625,42.11020369539948,0.9999482335905406,0.0001220703125,0.12657803125000555,0.04725364296882617,888,899,1.0123873873873874,1033,,1,1,0.0,4.576536312849162,687,721,5.6328125,0.13755766874999154,True
0.99,188,9490,1024,6645,831,34,865,6.7578125,6.4892578125,1547,0.1888427734375,3,0.0019392372333548805,3.0,0.09375,43.35959106148248,0.999998368559452,0.0003662109375,0.12657803125000555,0.04725364296882617,831,842,1.01323706377858,490,8.0,1,3,0.0,3.190031152647975,629,663,5.1796875,0.13755766874999154,True
0.99,189,6355,1024,6768,846,34,880,6.875,6.609375,1424,0.173828125,10,0.007022471910112359,34.25,0.546875,32.78419785039466,0.9730746875812804,0.001220703125,0.12657803125000555,0.04725364296882617,846,857,1.0130023640661938,1449,739.5555555555555,1,10,0.0,41.60379596678529,670,704,5.5,0.13755766874999154,True
0.99,190,8857,1024,5366,671,34,705,5.5078125,5.240234375,2826,0.344970703125,16,0.005661712668082095,20.0,0.40625,35.12050365203929,0.9716930743431537,0.001953125,0.12657803125000555,0.04725364296882617,671,682,1.0163934426229508,2338,86.93333333333334,3,11,0.0,27.97814207650273,442,476,3.71875,0.13755766874999154,True
0.99,191,31811,1024,6892,862,34,896,7.0,6.73046875,1300,0.15869140625,0,0.0,0.0,0.0,,1.0,0.0,0.12657803125000555,0.04725364296882617,862,873,1.0127610208816706,,,0,0,,,656,690,5.390625,0.13755766874999154,True
0.99,192,10400,1024,7428,929,34,963,7.5234375,7.25390625,764,0.09326171875,0,0.0,0.0,0.0,,1.0,0.0,0.12657803125000555,0.04725364296882617,929,940,1.0118406889128095,,,0,0,,,774,808,6.3125,0.13755766874999154,True
0.99,193,275,1024,7184,898,34,932,7.28125,7.015625,1008,0.123046875,3,0.002976190476190476,20.25,0.203125,35.06655333317223,0.9952180149825891,0.0003662109375,0.12657803125000555,0.04725364296882617,898,909,1.012249443207127,4576,1517.5,1,3,0.0,45.876106194690266,699,733,5.7265625,0.13755766874999154,True
0.99,194,26152,1024,7332,917,34,951,7.4296875,7.16015625,860,0.10498046875,7,0.00813953488372093,34.015625,0.30859375,32.81401905810703,0.9740978443699874,0.0008544921875,0.12657803125000555,0.04725364296882617,917,928,1.0119956379498365,444,808.6666666666666,2,6,0.0,35.946336429308566,762,796,6.21875,0.13755766874999154,True
0.99,195,13037,1024,6014,752,34,786,6.140625,5.873046875,2178,0.265869140625,14,0.006427915518824609,33.015625,0.45703125,32.94360837799484,0.9838004499499615,0.001708984375,0.12657803125000555,0.04725364296882617,752,763,1.014627659574468,2082,176.46153846153845,3,12,0.0,44.25130890052356,582,616,4.8125,0.13755766874999154,True
0.99,196,41203,1024,7711,964,34,998,7.796875,7.5302734375,481,0.0587158203125,6,0.012474012474012475,72.0,0.625,29.55747864436642,0.9605891198285801,0.000732421875,0.12657803125000555,0.04725364296882617,964,975,1.0114107883817427,609,1462.4,1,6,0.0,77.77215189873418,813,847,6.6171875,0.13755766874999154,True
0.99,197,43709,1024,6014,752,34,786,6.140625,5.873046875,2178,0.265869140625,5,0.002295684113865932,4.4375,0.1015625,41.6594199480476,0.9962808787929145,0.0006103515625,0.12657803125000555,0.04725364296882617,752,763,1.014627659574468,435,949.5,1,5,0.0,4.684536082474227,562,596,4.65625,0.13755766874999154,True
0.99,198,43572,1024,7161,896,34,930,7.265625,6.9931640625,1031,0.1258544921875,2,0.0019398642095053346,4.0,0.0625,42.11020369539948,0.990812460386821,0.000244140625,0.12657803125000555,0.04725364296882617,896,907,1.0122767857142858,2464,1.0,2,1,0.0,5.720670391061453,697,731,5.7109375,0.13755766874999154,True
0.99,199,23390,1024,7304,913,34,947,7.3984375,7.1328125,888,0.1083984375,0,0.0,0.0,0.0,,1.0,0.0,0.12657803125000555,0.04725364296882617,913,924,1.0120481927710843,,,0,0,,,748,782,6.109375,0.13755766874999154,True
1.0,0,712,1024,8192,1024,34,1058,8.265625,8.0,0,0.0,0,,0.0,0.0,,1.0,0.0,0.12657803125000555,0.04725364296882617,1024,994,0.970703125,,,0,0,,,767,801,6.2578125,0.13755766874999154,True
1.0,1,24774,1024,8192,1024,34,1058,8.265625,8.0,0,0.0,0,,0.0,0.0,,1.0,0.0,0.12657803125000555,0.04725364296882617,1024,1035,1.0107421875,,,0,0,,,741,775,6.0546875,0.13755766874999154,True
1.0,2,45142,1024,8192,1024,34,1058,8.265625,8.0,0,0.0,0,,0.0,0.0,,1.0,0.0,0.12657803125000555,0.04725364296882617,1024,968,0.9453125,,,0,0,,,836,870,6.796875,0.13755766874999154,True
1.0,3,27119,1024,8192,1024,34,1058,8.265625,8.0,0,0.0,0,,0.0,0.0,,1.0,0.0,0.12657803125000555,0.04725364296882617,1024,796,0.77734375,,,0,0,,,607,641,5.0078125,0.13755766874999154,True
1.0,4,21139,1024,8192,1024,34,1058,8.265625,8.0,0,0.0,0,,0.0,0.0,,1.0,0.0,0.12657803125000555,0.04725364296882617,1024,984,0.9609375,,,0,0,,,664,698,5.453125,0.13755766874999154,True
1.0,5,19129,1024,8192,1024,34,1058,8.265625,8.0,0,0.0,0,,0.0,0.0,,1.0,0.0,0.12657803125000555,0.04725364296882617,1024,1032,1.0078125,,,0,0,,,701,735,5.7421875,0.13755766874999154,True
1.0,6,6433,1024,8192,1024,34,1058,8.265625,8.0,0,0.0,0,,0.0,0.0,,1.0,0.0,0.12657803125000555,0.04725364296882617,1024,884,0.86328125,,,0,0,,,639,673,5.2578125,0.13755766874999154,True
1.0,7,38854,1024,8192,1024,34,1058,8.265625,8.0,0,0.0,0,,0.0,0.0,,1.0,0.0,0.12657803125000555,0.04725364296882617,1024,1007,0.9833984375,,,0,0,,,719,753,5.8828125,0.13755766874999154,True
1.0,8,22489,1024,8192,1024,34,1058,8.265625,8.0,0,0.0,0,,0.0,0.0,,1.0,0.0,0.12657803125000555,0.04725364296882617,1024,998,0.974609375,,,0,0,,,726,760,5.9375,0.13755766874999154,True
1.0,9,31104,1024,8192,1024,34,1058,8.265625,8.0,0,0.0,0,,0.0,0.0,,1.0,0.0,0.12657803125000555,0.04725364296882617,1024,953,0.9306640625,,,0,0,,,645,679,5.3046875,0.13755766874999154,True
1.0,10,21349,1024,8192,1024,34,1058,8.265625,8.0,0,0.0,0,,0.0,0.0,,1.0,0.0,0.12657803125000555,0.04725364296882617,1024,923,0.9013671875,,,0,0,,,767,801,6.2578125,0.13755766874999154,True
1.0,11,29116,1024,8192,1024,34,1058,8.265625,8.0,0,0.0,0,,0.0,0.0,,1.0,0.0,0.12657803125000555,0.04725364296882617,1024,993,0.9697265625,,,0,0,,,677,711,5.5546875,0.13755766874999154,True
1.0,12,10772,1024,8192,1024,34,1058,8.265625,8.0,0,0.0,0,,0.0,0.0,,1.0,0.0,0.12657803125000555,0.04725364296882617,1024,1035,1.0107421875,,,0,0,,,822,856,6.6875,0.13755766874999154,True
1.0,13,18332,1024,8192,1024,34,1058,8.265625,8.0,0,0.0,0,,0.0,0.0,,1.0,0.0,0.12657803125000555,0.04725364296882617,1024,1035,1.0107421875,,,0,0,,,798,832,6.5,0.13755766874999154,True
1.0,14,1003,1024,8192,1024,34,1058,8.265625,8.0,0,0.0,0,,0.0,0.0,,1.0,0.0,0.12657803125000555,0.04725364296882617,1024,999,0.9755859375,,,0,0,,,793,827,6.4609375,0.13755766874999154,True
1.0,15,22156,1024,8192,1024,34,1058,8.265625,8.0,0,0.0,0,,0.0,0.0,,1.0,0.0,0.12657803125000555,0.04725364296882617,1024,1027,1.0029296875,,,0,0,,,782,816,6.375,0.13755766874999154,True
1.0,16,26453,1024,8192,1024,34,1058,8.265625,8.0,0,0.0,0,,0.0,0.0,,1.0,0.0,0.12657803125000555,0.04725364296882617,1024,934,0.912109375,,,0,0,,,683,717,5.6015625,0.13755766874999154,True
1.0,17,17039,1024,8192,1024,34,1058,8.265625,8.0,0,0.0,0,,0.0,0.0,,1.0,0.0,0.12657803125000555,0.04725364296882617,1024,884,0.86328125,,,0,0,,,711,745,5.8203125,0.13755766874999154,True
1.0,18,7166,1024,8192,1024,34,1058,8.265625,8.0,0,0.0,0,,0.0,0.0,,1.0,0.0,0.12657803125000555,0.04725364296882617,1024,1020,0.99609375,,,0,0,,,712,746,5.828125,0.13755766874999154,True
1.0,19,48310,1024,8192,1024,34,1058,8.265625,8.0,0,0.0,0,,0.0,0.0,,1.0,0.0,0.12657803125000555,0.04725364296882617,1024,998,0.974609375,,,0,0,,,660,694,5.421875,0.13755766874999154,True
1.0,20,12187,1024,8192,1024,34,1058,8.265625,8.0,0,0.0,0,,0.0,0.0,,1.0,0.0,0.12657803125000555,0.04725364296882617,1024,879,0.8583984375,,,0,0,,,572,606,4.734375,0.13755766874999154,True
1.0,21,20284,1024,8192,1024,34,1058,8.265625,8.0,0,0.0,0,,0.0,0.0,,1.0,0.0,0.12657803125000555,0.04725364296882617,1024,781,0.7626953125,,,0,0,,,570,604,4.71875,0.13755766874999154,True
1.0,22,1052,1024,8192,1024,34,1058,8.265625,8.0,0,0.0,0,,0.0,0.0,,1.0,0.0,0.12657803125000555,0.04725364296882617,1024,1014,0.990234375,,,0,0,,,754,788,6.15625,0.13755766874999154,True
1.0,23,13752,1024,8192,1024,34,1058,8.265625,8.0,0,0.0,0,,0.0,0.0,,1.0,0.0,0.12657803125000555,0.04725364296882617,1024,760,0.7421875,,,0,0,,,497,531,4.1484375,0.13755766874999154,True
1.0,24,37139,1024,8192,1024,34,1058,8.265625,8.0,0,0.0,0,,0.0,0.0,,1.0,0.0,0.12657803125000555,0.04725364296882617,1024,1035,1.0107421875,,,0,0,,,717,751,5.8671875,0.13755766874999154,True
1.0,25,29727,1024,8192,1024,34,1058,8.265625,8.0,0,0.0,0,,0.0,0.0,,1.0,0.0,0.12657803125000555,0.04725364296882617,1024,1035,1.0107421875,,,0,0,,,849,883,6.8984375,0.13755766874999154,True
1.0,26,41854,1024,8192,1024,34,1058,8.265625,8.0,0,0.0,0,,0.0,0.0,,1.0,0.0,0.12657803125000555,0.04725364296882617,1024,896,0.875,,,0,0,,,692,726,5.671875,0.13755766874999154,True
1.0,27,40333,1024,8192,1024,34,1058,8.265625,8.0,0,0.0,0,,0.0,0.0,,1.0,0.0,0.12657803125000555,0.04725364296882617,1024,1014,0.990234375,,,0,0,,,816,850,6.640625,0.13755766874999154,True
1.0,28,33248,1024,8192,1024,34,1058,8.265625,8.0,0,0.0,0,,0.0,0.0,,1.0,0.0,0.12657803125000555,0.04725364296882617,1024,899,0.8779296875,,,0,0,,,600,634,4.953125,0.13755766874999154,True
1.0,29,9680,1024,8192,1024,34,1058,8.265625,8.0,0,0.0,0,,0.0,0.0,,1.0,0.0,0.12657803125000555,0.04725364296882617,1024,1019,0.9951171875,,,0,0,,,751,785,6.1328125,0.13755766874999154,True
1.0,30,16805,1024,8192,1024,34,1058,8.265625,8.0,0,0.0,0,,0.0,0.0,,1.0,0.0,0.12657803125000555,0.04725364296882617,1024,1012,0.98828125,,,0,0,,,808,842,6.578125,0.13755766874999154,True
1.0,31,14652,1024,8192,1024,34,1058,8.265625,8.0,0,0.0,0,,0.0,0.0,,1.0,0.0,0.12657803125000555,0.04725364296882617,1024,915,0.8935546875,,,0,0,,,625,659,5.1484375,0.13755766874999154,True
1.0,32,15793,1024,8192,1024,34,1058,8.265625,8.0,0,0.0,0,,0.0,0.0,,1.0,0.0,0.12657803125000555,0.04725364296882617,1024,848,0.828125,,,0,0,,,649,683,5.3359375,0.13755766874999154,True
1.0,33,30210,1024,8192,1024,34,1058,8.265625,8.0,0,0.0,0,,0.0,0.0,,1.0,0.0,0.12657803125000555,0.04725364296882617,1024,885,0.8642578125,,,0,0,,,557,591,4.6171875,0.13755766874999154,True
1.0,34,47426,1024,8192,1024,34,1058,8.265625,8.0,0,0.0,0,,0.0,0.0,,1.0,0.0,0.12657803125000555,0.04725364296882617,1024,1015,0.9912109375,,,0,0,,,791,825,6.4453125,0.13755766874999154,True
1.0,35,20875,1024,8192,1024,34,1058,8.265625,8.0,0,0.0,0,,0.0,0.0,,1.0,0.0,0.12657803125000555,0.04725364296882617,1024,1018,0.994140625,,,0,0,,,707,741,5.7890625,0.13755766874999154,True
1.0,36,4161,1024,8192,1024,34,1058,8.265625,8.0,0,0.0,0,,0.0,0.0,,1.0,0.0,0.12657803125000555,0.04725364296882617,1024,1035,1.0107421875,,,0,0,,,762,796,6.21875,0.13755766874999154,True
1.0,37,40340,1024,8192,1024,34,1058,8.265625,8.0,0,0.0,0,,0.0,0.0,,1.0,0.0,0.12657803125000555,0.04725364296882617,1024,977,0.9541015625,,,0,0,,,705,739,5.7734375,0.13755766874999154,True
1.0,38,28286,1024,8192,1024,34,1058,8.265625,8.0,0,0.0,0,,0.0,0.0,,1.0,0.0,0.12657803125000555,0.04725364296882617,1024,1035,1.0107421875,,,0,0,,,764,798,6.234375,0.13755766874999154,True
1.0,39,13256,1024,8192,1024,34,1058,8.265625,8.0,0,0.0,0,,0.0,0.0,,1.0,0.0,0.12657803125000555,0.04725364296882617,1024,1022,0.998046875,,,0,0,,,826,860,6.71875,0.13755766874999154,True
1.0,40,48934,1024,8192,1024,34,1058,8.265625,8.0,0,0.0,0,,0.0,0.0,,1.0,0.0,0.12657803125000555,0.04725364296882617,1024,1029,1.0048828125,,,0,0,,,762,796,6.21875,0.13755766874999154,True
1.0,41,11935,1024,8192,1024,34,1058,8.265625,8.0,0,0.0,0,,0.0,0.0,,1.0,0.0,0.12657803125000555,0.04725364296882617,1024,923,0.9013671875,,,0,0,,,625,659,5.1484375,0.13755766874999154,True
1.0,42,48447,1024,8192,1024,34,1058,8.265625,8.0,0,0.0,0,,0.0,0.0,,1.0,0.0,0.12657803125000555,0.04725364296882617,1024,913,0.8916015625,,,0,0,,,766,800,6.25,0.13755766874999154,True
1.0,43,15492,1024,8192,1024,34,1058,8.265625,8.0,0,0.0,0,,0.0,0.0,,1.0,0.0,0.12657803125000555,0.04725364296882617,1024,1001,0.9775390625,,,0,0,,,889,923,7.2109375,0.13755766874999154,True
1.0,44,32513,1024,8192,1024,34,1058,8.265625,8.0,0,0.0,0,,0.0,0.0,,1.0,0.0,0.12657803125000555,0.04725364296882617,1024,938,0.916015625,,,0,0,,,800,834,6.515625,0.13755766874999154,True
1.0,45,36099,1024,8192,1024,34,1058,8.265625,8.0,0,0.0,0,,0.0,0.0,,1.0,0.0,0.12657803125000555,0.04725364296882617,1024,1016,0.9921875,,,0,0,,,715,749,5.8515625,0.13755766874999154,True
1.0,46,39260,1024,8192,1024,34,1058,8.265625,8.0,0,0.0,0,,0.0,0.0,,1.0,0.0,0.12657803125000555,0.04725364296882617,1024,759,0.7412109375,,,0,0,,,475,509,3.9765625,0.13755766874999154,True
1.0,47,46517,1024,8192,1024,34,1058,8.265625,8.0,0,0.0,0,,0.0,0.0,,1.0,0.0,0.12657803125000555,0.04725364296882617,1024,979,0.9560546875,,,0,0,,,645,679,5.3046875,0.13755766874999154,True
1.0,48,33095,1024,8192,1024,34,1058,8.265625,8.0,0,0.0,0,,0.0,0.0,,1.0,0.0,0.12657803125000555,0.04725364296882617,1024,1008,0.984375,,,0,0,,,794,828,6.46875,0.13755766874999154,True
1.0,49,3,1024,8192,1024,34,1058,8.265625,8.0,0,0.0,0,,0.0,0.0,,1.0,0.0,0.12657803125000555,0.04725364296882617,1024,938,0.916015625,,,0,0,,,752,786,6.140625,0.13755766874999154,True
1.0,50,21683,1024,8192,1024,34,1058,8.265625,8.0,0,0.0,0,,0.0,0.0,,1.0,0.0,0.12657803125000555,0.04725364296882617,1024,1023,0.9990234375,,,0,0,,,723,757,5.9140625,0.13755766874999154,True
1.0,51,13446,1024,8192,1024,34,1058,8.265625,8.0,0,0.0,0,,0.0,0.0,,1.0,0.0,0.12657803125000555,0.04725364296882617,1024,1035,1.0107421875,,,0,0,,,754,788,6.15625,0.13755766874999154,True
1.0,52,49515,1024,8192,1024,34,1058,8.265625,8.0,0,0.0,0,,0.0,0.0,,1.0,0.0,0.12657803125000555,0.04725364296882617,1024,949,0.9267578125,,,0,0,,,716,750,5.859375,0.13755766874999154,True
1.0,53,27943,1024,8192,1024,34,1058,8.265625,8.0,0,0.0,0,,0.0,0.0,,1.0,0.0,0.12657803125000555,0.04725364296882617,1024,1018,0.994140625,,,0,0,,,755,789,6.1640625,0.13755766874999154,True
1.0,54,29059,1024,8192,1024,34,1058,8.265625,8.0,0,0.0,0,,0.0,0.0,,1.0,0.0,0.12657803125000555,0.04725364296882617,1024,1035,1.0107421875,,,0,0,,,839,873,6.8203125,0.13755766874999154,True
1.0,55,32738,1024,8192,1024,34,1058,8.265625,8.0,0,0.0,0,,0.0,0.0,,1.0,0.0,0.12657803125000555,0.04725364296882617,1024,772,0.75390625,,,0,0,,,479,513,4.0078125,0.13755766874999154,True
1.0,56,445,1024,8192,1024,34,1058,8.265625,8.0,0,0.0,0,,0.0,0.0,,1.0,0.0,0.12657803125000555,0.04725364296882617,1024,1035,1.0107421875,,,0,0,,,828,862,6.734375,0.13755766874999154,True
1.0,57,32216,1024,8192,1024,34,1058,8.265625,8.0,0,0.0,0,,0.0,0.0,,1.0,0.0,0.12657803125000555,0.04725364296882617,1024,1008,0.984375,,,0,0,,,728,762,5.953125,0.13755766874999154,True
1.0,58,18250,1024,8192,1024,34,1058,8.265625,8.0,0,0.0,0,,0.0,0.0,,1.0,0.0,0.12657803125000555,0.04725364296882617,1024,975,0.9521484375,,,0,0,,,808,842,6.578125,0.13755766874999154,True
1.0,59,1684,1024,8192,1024,34,1058,8.265625,8.0,0,0.0,0,,0.0,0.0,,1.0,0.0,0.12657803125000555,0.04725364296882617,1024,1004,0.98046875,,,0,0,,,706,740,5.78125,0.13755766874999154,True
1.0,60,2899,1024,8192,1024,34,1058,8.265625,8.0,0,0.0,0,,0.0,0.0,,1.0,0.0,0.12657803125000555,0.04725364296882617,1024,958,0.935546875,,,0,0,,,743,777,6.0703125,0.13755766874999154,True
1.0,61,39428,1024,8192,1024,34,1058,8.265625,8.0,0,0.0,0,,0.0,0.0,,1.0,0.0,0.12657803125000555,0.04725364296882617,1024,961,0.9384765625,,,0,0,,,668,702,5.484375,0.13755766874999154,True
1.0,62,40758,1024,8192,1024,34,1058,8.265625,8.0,0,0.0,0,,0.0,0.0,,1.0,0.0,0.12657803125000555,0.04725364296882617,1024,1015,0.9912109375,,,0,0,,,772,806,6.296875,0.13755766874999154,True
1.0,63,29154,1024,8192,1024,34,1058,8.265625,8.0,0,0.0,0,,0.0,0.0,,1.0,0.0,0.12657803125000555,0.04725364296882617,1024,1035,1.0107421875,,,0,0,,,789,823,6.4296875,0.13755766874999154,True
1.0,64,43958,1024,8192,1024,34,1058,8.265625,8.0,0,0.0,0,,0.0,0.0,,1.0,0.0,0.12657803125000555,0.04725364296882617,1024,905,0.8837890625,,,0,0,,,766,800,6.25,0.13755766874999154,True
1.0,65,33814,1024,8192,1024,34,1058,8.265625,8.0,0,0.0,0,,0.0,0.0,,1.0,0.0,0.12657803125000555,0.04725364296882617,1024,1035,1.0107421875,,,0,0,,,837,871,6.8046875,0.13755766874999154,True
1.0,66,34153,1024,8192,1024,34,1058,8.265625,8.0,0,0.0,0,,0.0,0.0,,1.0,0.0,0.12657803125000555,0.04725364296882617,1024,1035,1.0107421875,,,0,0,,,736,770,6.015625,0.13755766874999154,True
1.0,67,43609,1024,8192,1024,34,1058,8.265625,8.0,0,0.0,0,,0.0,0.0,,1.0,0.0,0.12657803125000555,0.04725364296882617,1024,1035,1.0107421875,,,0,0,,,726,760,5.9375,0.13755766874999154,True
1.0,68,10762,1024,8192,1024,34,1058,8.265625,8.0,0,0.0,0,,0.0,0.0,,1.0,0.0,0.12657803125000555,0.04725364296882617,1024,1012,0.98828125,,,0,0,,,730,764,5.96875,0.13755766874999154,True
1.0,69,17898,1024,8192,1024,34,1058,8.265625,8.0,0,0.0,0,,0.0,0.0,,1.0,0.0,0.12657803125000555,0.04725364296882617,1024,889,0.8681640625,,,0,0,,,628,662,5.171875,0.13755766874999154,True
1.0,70,43653,1024,8192,1024,34,1058,8.265625,8.0,0,0.0,0,,0.0,0.0,,1.0,0.0,0.12657803125000555,0.04725364296882617,1024,983,0.9599609375,,,0,0,,,669,703,5.4921875,0.13755766874999154,True
1.0,71,14233,1024,8192,1024,34,1058,8.265625,8.0,0,0.0,0,,0.0,0.0,,1.0,0.0,0.12657803125000555,0.04725364296882617,1024,1028,1.00390625,,,0,0,,,784,818,6.390625,0.13755766874999154,True
1.0,72,39520,1024,8192,1024,34,1058,8.265625,8.0,0,0.0,0,,0.0,0.0,,1.0,0.0,0.12657803125000555,0.04725364296882617,1024,1019,0.9951171875,,,0,0,,,735,769,6.0078125,0.13755766874999154,True
1.0,73,18138,1024,8192,1024,34,1058,8.265625,8.0,0,0.0,0,,0.0,0.0,,1.0,0.0,0.12657803125000555,0.04725364296882617,1024,995,0.9716796875,,,0,0,,,707,741,5.7890625,0.13755766874999154,True
1.0,74,9212,1024,8192,1024,34,1058,8.265625,8.0,0,0.0,0,,0.0,0.0,,1.0,0.0,0.12657803125000555,0.04725364296882617,1024,968,0.9453125,,,0,0,,,654,688,5.375,0.13755766874999154,True
1.0,75,6456,1024,8192,1024,34,1058,8.265625,8.0,0,0.0,0,,0.0,0.0,,1.0,0.0,0.12657803125000555,0.04725364296882617,1024,1035,1.0107421875,,,0,0,,,795,829,6.4765625,0.13755766874999154,True
1.0,76,22948,1024,8192,1024,34,1058,8.265625,8.0,0,0.0,0,,0.0,0.0,,1.0,0.0,0.12657803125000555,0.04725364296882617,1024,1032,1.0078125,,,0,0,,,663,697,5.4453125,0.13755766874999154,True
1.0,77,7591,1024,8192,1024,34,1058,8.265625,8.0,0,0.0,0,,0.0,0.0,,1.0,0.0,0.12657803125000555,0.04725364296882617,1024,990,0.966796875,,,0,0,,,838,872,6.8125,0.13755766874999154,True
1.0,78,29996,1024,8192,1024,34,1058,8.265625,8.0,0,0.0,0,,0.0,0.0,,1.0,0.0,0.12657803125000555,0.04725364296882617,1024,990,0.966796875,,,0,0,,,686,720,5.625,0.13755766874999154,True
1.0,79,10378,1024,8192,1024,34,1058,8.265625,8.0,0,0.0,0,,0.0,0.0,,1.0,0.0,0.12657803125000555,0.04725364296882617,1024,912,0.890625,,,0,0,,,719,753,5.8828125,0.13755766874999154,True
1.0,80,27337,1024,8192,1024,34,1058,8.265625,8.0,0,0.0,0,,0.0,0.0,,1.0,0.0,0.12657803125000555,0.04725364296882617,1024,924,0.90234375,,,0,0,,,576,610,4.765625,0.13755766874999154,True
1.0,81,19965,1024,8192,1024,34,1058,8.265625,8.0,0,0.0,0,,0.0,0.0,,1.0,0.0,0.12657803125000555,0.04725364296882617,1024,979,0.9560546875,,,0,0,,,648,682,5.328125,0.13755766874999154,True
1.0,82,24405,1024,8192,1024,34,1058,8.265625,8.0,0,0.0,0,,0.0,0.0,,1.0,0.0,0.12657803125000555,0.04725364296882617,1024,984,0.9609375,,,0,0,,,765,799,6.2421875,0.13755766874999154,True
1.0,83,45135,1024,8192,1024,34,1058,8.265625,8.0,0,0.0,0,,0.0,0.0,,1.0,0.0,0.12657803125000555,0.04725364296882617,1024,1025,1.0009765625,,,0,0,,,762,796,6.21875,0.13755766874999154,True
1.0,84,11274,1024,8192,1024,34,1058,8.265625,8.0,0,0.0,0,,0.0,0.0,,1.0,0.0,0.12657803125000555,0.04725364296882617,1024,985,0.9619140625,,,0,0,,,747,781,6.1015625,0.13755766874999154,True
1.0,85,1941,1024,8192,1024,34,1058,8.265625,8.0,0,0.0,0,,0.0,0.0,,1.0,0.0,0.12657803125000555,0.04725364296882617,1024,923,0.9013671875,,,0,0,,,743,777,6.0703125,0.13755766874999154,True
1.0,86,48940,1024,8192,1024,34,1058,8.265625,8.0,0,0.0,0,,0.0,0.0,,1.0,0.0,0.12657803125000555,0.04725364296882617,1024,962,0.939453125,,,0,0,,,796,830,6.484375,0.13755766874999154,True
1.0,87,36794,1024,8192,1024,34,1058,8.265625,8.0,0,0.0,0,,0.0,0.0,,1.0,0.0,0.12657803125000555,0.04725364296882617,1024,1035,1.0107421875,,,0,0,,,748,782,6.109375,0.13755766874999154,True
1.0,88,21994,1024,8192,1024,34,1058,8.265625,8.0,0,0.0,0,,0.0,0.0,,1.0,0.0,0.12867122142857365,6.848571436941191e-05,1024,1032,1.0078125,,,0,0,,,742,776,6.0625,0.14197534285722213,True
1.0,89,49944,1024,8192,1024,34,1058,8.265625,8.0,0,0.0,0,,0.0,0.0,,1.0,0.0,0.12867122142857365,6.848571436941191e-05,1024,1013,0.9892578125,,,0,0,,,701,735,5.7421875,0.14197534285722213,True
1.0,90,43442,1024,8192,1024,34,1058,8.265625,8.0,0,0.0,0,,0.0,0.0,,1.0,0.0,0.12867122142857365,6.848571436941191e-05,1024,460,0.44921875,,,0,0,,,302,336,2.625,0.14197534285722213,True
1.0,91,45096,1024,8192,1024,34,1058,8.265625,8.0,0,0.0,0,,0.0,0.0,,1.0,0.0,0.12867122142857365,6.848571436941191e-05,1024,935,0.9130859375,,,0,0,,,634,668,5.21875,0.14197534285722213,True
1.0,92,42430,1024,8192,1024,34,1058,8.265625,8.0,0,0.0,0,,0.0,0.0,,1.0,0.0,0.12867122142857365,6.848571436941191e-05,1024,791,0.7724609375,,,0,0,,,561,595,4.6484375,0.14197534285722213,True
1.0,93,42255,1024,8192,1024,34,1058,8.265625,8.0,0,0.0,0,,0.0,0.0,,1.0,0.0,0.12867122142857365,6.848571436941191e-05,1024,983,0.9599609375,,,0,0,,,661,695,5.4296875,0.14197534285722213,True
1.0,94,5771,1024,8192,1024,34,1058,8.265625,8.0,0,0.0,0,,0.0,0.0,,1.0,0.0,0.12867122142857365,6.848571436941191e-05,1024,1014,0.990234375,,,0,0,,,782,816,6.375,0.14197534285722213,True
1.0,95,8320,1024,8192,1024,34,1058,8.265625,8.0,0,0.0,0,,0.0,0.0,,1.0,0.0,0.12867122142857365,6.848571436941191e-05,1024,1017,0.9931640625,,,0,0,,,836,870,6.796875,0.14197534285722213,True
1.0,96,48807,1024,8192,1024,34,1058,8.265625,8.0,0,0.0,0,,0.0,0.0,,1.0,0.0,0.12867122142857365,6.848571436941191e-05,1024,1015,0.9912109375,,,0,0,,,755,789,6.1640625,0.14197534285722213,True
1.0,97,2675,1024,8192,1024,34,1058,8.265625,8.0,0,0.0,0,,0.0,0.0,,1.0,0.0,0.12867122142857365,6.848571436941191e-05,1024,839,0.8193359375,,,0,0,,,527,561,4.3828125,0.14197534285722213,True
1.0,98,37658,1024,8192,1024,34,1058,8.265625,8.0,0,0.0,0,,0.0,0.0,,1.0,0.0,0.12867122142857365,6.848571436941191e-05,1024,1035,1.0107421875,,,0,0,,,698,732,5.71875,0.14197534285722213,True
1.0,99,45710,1024,8192,1024,34,1058,8.265625,8.0,0,0.0,0,,0.0,0.0,,1.0,0.0,0.12867122142857365,6.848571436941191e-05,1024,1029,1.0048828125,,,0,0,,,737,771,6.0234375,0.14197534285722213,True
1.0,100,15813,1024,8192,1024,34,1058,8.265625,8.0,0,0.0,0,,0.0,0.0,,1.0,0.0,0.12867122142857365,6.848571436941191e-05,1024,884,0.86328125,,,0,0,,,640,674,5.265625,0.14197534285722213,True
1.0,101,7135,1024,8192,1024,34,1058,8.265625,8.0,0,0.0,0,,0.0,0.0,,1.0,0.0,0.12867122142857365,6.848571436941191e-05,1024,935,0.9130859375,,,0,0,,,776,810,6.328125,0.14197534285722213,True
1.0,102,31775,1024,8192,1024,34,1058,8.265625,8.0,0,0.0,0,,0.0,0.0,,1.0,0.0,0.12867122142857365,6.848571436941191e-05,1024,874,0.853515625,,,0,0,,,728,762,5.953125,0.14197534285722213,True
1.0,103,31772,1024,8192,1024,34,1058,8.265625,8.0,0,0.0,0,,0.0,0.0,,1.0,0.0,0.12867122142857365,6.848571436941191e-05,1024,1011,0.9873046875,,,0,0,,,700,734,5.734375,0.14197534285722213,True
1.0,104,25160,1024,8192,1024,34,1058,8.265625,8.0,0,0.0,0,,0.0,0.0,,1.0,0.0,0.12867122142857365,6.848571436941191e-05,1024,904,0.8828125,,,0,0,,,635,669,5.2265625,0.14197534285722213,True
1.0,105,36108,1024,8192,1024,34,1058,8.265625,8.0,0,0.0,0,,0.0,0.0,,1.0,0.0,0.12867122142857365,6.848571436941191e-05,1024,947,0.9248046875,,,0,0,,,645,679,5.3046875,0.14197534285722213,True
1.0,106,1260,1024,8192,1024,34,1058,8.265625,8.0,0,0.0,0,,0.0,0.0,,1.0,0.0,0.12867122142857365,6.848571436941191e-05,1024,984,0.9609375,,,0,0,,,695,729,5.6953125,0.14197534285722213,True
1.0,107,37885,1024,8192,1024,34,1058,8.265625,8.0,0,0.0,0,,0.0,0.0,,1.0,0.0,0.12867122142857365,6.848571436941191e-05,1024,1035,1.0107421875,,,0,0,,,753,787,6.1484375,0.14197534285722213,True
1.0,108,41535,1024,8192,1024,34,1058,8.265625,8.0,0,0.0,0,,0.0,0.0,,1.0,0.0,0.12867122142857365,6.848571436941191e-05,1024,969,0.9462890625,,,0,0,,,689,723,5.6484375,0.14197534285722213,True
1.0,109,44889,1024,8192,1024,34,1058,8.265625,8.0,0,0.0,0,,0.0,0.0,,1.0,0.0,0.12867122142857365,6.848571436941191e-05,1024,984,0.9609375,,,0,0,,,720,754,5.890625,0.14197534285722213,True
1.0,110,28184,1024,8192,1024,34,1058,8.265625,8.0,0,0.0,0,,0.0,0.0,,1.0,0.0,0.12867122142857365,6.848571436941191e-05,1024,932,0.91015625,,,0,0,,,749,783,6.1171875,0.14197534285722213,True
1.0,111,25319,1024,8192,1024,34,1058,8.265625,8.0,0,0.0,0,,0.0,0.0,,1.0,0.0,0.12867122142857365,6.848571436941191e-05,1024,1023,0.9990234375,,,0,0,,,746,780,6.09375,0.14197534285722213,True
1.0,112,11010,1024,8192,1024,34,1058,8.265625,8.0,0,0.0,0,,0.0,0.0,,1.0,0.0,0.12867122142857365,6.848571436941191e-05,1024,997,0.9736328125,,,0,0,,,664,698,5.453125,0.14197534285722213,True
1.0,113,33880,1024,8192,1024,34,1058,8.265625,8.0,0,0.0,0,,0.0,0.0,,1.0,0.0,0.12867122142857365,6.848571436941191e-05,1024,934,0.912109375,,,0,0,,,735,769,6.0078125,0.14197534285722213,True
1.0,114,19307,1024,8192,1024,34,1058,8.265625,8.0,0,0.0,0,,0.0,0.0,,1.0,0.0,0.12867122142857365,6.848571436941191e-05,1024,926,0.904296875,,,0,0,,,623,657,5.1328125,0.14197534285722213,True
1.0,115,12236,1024,8192,1024,34,1058,8.265625,8.0,0,0.0,0,,0.0,0.0,,1.0,0.0,0.12867122142857365,6.848571436941191e-05,1024,770,0.751953125,,,0,0,,,535,569,4.4453125,0.14197534285722213,True
1.0,116,13805,1024,8192,1024,34,1058,8.265625,8.0,0,0.0,0,,0.0,0.0,,1.0,0.0,0.12867122142857365,6.848571436941191e-05,1024,952,0.9296875,,,0,0,,,632,666,5.203125,0.14197534285722213,True
1.0,117,5814,1024,8192,1024,34,1058,8.265625,8.0,0,0.0,0,,0.0,0.0,,1.0,0.0,0.12867122142857365,6.848571436941191e-05,1024,906,0.884765625,,,0,0,,,580,614,4.796875,0.14197534285722213,True
1.0,118,48485,1024,8192,1024,34,1058,8.265625,8.0,0,0.0,0,,0.0,0.0,,1.0,0.0,0.12867122142857365,6.848571436941191e-05,1024,1025,1.0009765625,,,0,0,,,736,770,6.015625,0.14197534285722213,True
1.0,119,12248,1024,8192,1024,34,1058,8.265625,8.0,0,0.0,0,,0.0,0.0,,1.0,0.0,0.12867122142857365,6.848571436941191e-05,1024,963,0.9404296875,,,0,0,,,655,689,5.3828125,0.14197534285722213,True
1.0,120,458,1024,8192,1024,34,1058,8.265625,8.0,0,0.0,0,,0.0,0.0,,1.0,0.0,0.12867122142857365,6.848571436941191e-05,1024,1015,0.9912109375,,,0,0,,,754,788,6.15625,0.14197534285722213,True
1.0,121,319,1024,8192,1024,34,1058,8.265625,8.0,0,0.0,0,,0.0,0.0,,1.0,0.0,0.12867122142857365,6.848571436941191e-05,1024,1023,0.9990234375,,,0,0,,,724,758,5.921875,0.14197534285722213,True
1.0,122,21496,1024,8192,1024,34,1058,8.265625,8.0,0,0.0,0,,0.0,0.0,,1.0,0.0,0.12867122142857365,6.848571436941191e-05,1024,1007,0.9833984375,,,0,0,,,718,752,5.875,0.14197534285722213,True
1.0,123,20390,1024,8192,1024,34,1058,8.265625,8.0,0,0.0,0,,0.0,0.0,,1.0,0.0,0.12867122142857365,6.848571436941191e-05,1024,906,0.884765625,,,0,0,,,668,702,5.484375,0.14197534285722213,True
1.0,124,33691,1024,8192,1024,34,1058,8.265625,8.0,0,0.0,0,,0.0,0.0,,1.0,0.0,0.12867122142857365,6.848571436941191e-05,1024,902,0.880859375,,,0,0,,,657,691,5.3984375,0.14197534285722213,True
1.0,125,33872,1024,8192,1024,34,1058,8.265625,8.0,0,0.0,0,,0.0,0.0,,1.0,0.0,0.12867122142857365,6.848571436941191e-05,1024,1028,1.00390625,,,0,0,,,862,896,7.0,0.14197534285722213,True
1.0,126,46987,1024,8192,1024,34,1058,8.265625,8.0,0,0.0,0,,0.0,0.0,,1.0,0.0,0.12867122142857365,6.848571436941191e-05,1024,924,0.90234375,,,0,0,,,575,609,4.7578125,0.14197534285722213,True
1.0,127,26772,1024,8192,1024,34,1058,8.265625,8.0,0,0.0,0,,0.0,0.0,,1.0,0.0,0.12867122142857365,6.848571436941191e-05,1024,1021,0.9970703125,,,0,0,,,752,786,6.140625,0.14197534285722213,True
1.0,128,7057,1024,8192,1024,34,1058,8.265625,8.0,0,0.0,0,,0.0,0.0,,1.0,0.0,0.12867122142857365,6.848571436941191e-05,1024,960,0.9375,,,0,0,,,677,711,5.5546875,0.14197534285722213,True
1.0,129,30014,1024,8192,1024,34,1058,8.265625,8.0,0,0.0,0,,0.0,0.0,,1.0,0.0,0.12867122142857365,6.848571436941191e-05,1024,1030,1.005859375,,,0,0,,,697,731,5.7109375,0.14197534285722213,True
1.0,130,48237,1024,8192,1024,34,1058,8.265625,8.0,0,0.0,0,,0.0,0.0,,1.0,0.0,0.12867122142857365,6.848571436941191e-05,1024,898,0.876953125,,,0,0,,,704,738,5.765625,0.14197534285722213,True
1.0,131,4823,1024,8192,1024,34,1058,8.265625,8.0,0,0.0,0,,0.0,0.0,,1.0,0.0,0.12867122142857365,6.848571436941191e-05,1024,1035,1.0107421875,,,0,0,,,719,753,5.8828125,0.14197534285722213,True
1.0,132,26627,1024,8192,1024,34,1058,8.265625,8.0,0,0.0,0,,0.0,0.0,,1.0,0.0,0.12867122142857365,6.848571436941191e-05,1024,1021,0.9970703125,,,0,0,,,787,821,6.4140625,0.14197534285722213,True
1.0,133,12293,1024,8192,1024,34,1058,8.265625,8.0,0,0.0,0,,0.0,0.0,,1.0,0.0,0.12867122142857365,6.848571436941191e-05,1024,1016,0.9921875,,,0,0,,,856,890,6.953125,0.14197534285722213,True
1.0,134,32803,1024,8192,1024,34,1058,8.265625,8.0,0,0.0,0,,0.0,0.0,,1.0,0.0,0.12867122142857365,6.848571436941191e-05,1024,878,0.857421875,,,0,0,,,640,674,5.265625,0.14197534285722213,True
1.0,135,41882,1024,8192,1024,34,1058,8.265625,8.0,0,0.0,0,,0.0,0.0,,1.0,0.0,0.12867122142857365,6.848571436941191e-05,1024,1006,0.982421875,,,0,0,,,596,630,4.921875,0.14197534285722213,True
1.0,136,10235,1024,8192,1024,34,1058,8.265625,8.0,0,0.0,0,,0.0,0.0,,1.0,0.0,0.12867122142857365,6.848571436941191e-05,1024,935,0.9130859375,,,0,0,,,715,749,5.8515625,0.14197534285722213,True
1.0,137,30033,1024,8192,1024,34,1058,8.265625,8.0,0,0.0,0,,0.0,0.0,,1.0,0.0,0.12867122142857365,6.848571436941191e-05,1024,1035,1.0107421875,,,0,0,,,793,827,6.4609375,0.14197534285722213,True
1.0,138,20042,1024,8192,1024,34,1058,8.265625,8.0,0,0.0,0,,0.0,0.0,,1.0,0.0,0.12867122142857365,6.848571436941191e-05,1024,1035,1.0107421875,,,0,0,,,793,827,6.4609375,0.14197534285722213,True
1.0,139,29399,1024,8192,1024,34,1058,8.265625,8.0,0,0.0,0,,0.0,0.0,,1.0,0.0,0.12867122142857365,6.848571436941191e-05,1024,1035,1.0107421875,,,0,0,,,711,745,5.8203125,0.14197534285722213,True
1.0,140,6463,1024,8192,1024,34,1058,8.265625,8.0,0,0.0,0,,0.0,0.0,,1.0,0.0,0.12867122142857365,6.848571436941191e-05,1024,985,0.9619140625,,,0,0,,,862,896,7.0,0.14197534285722213,True
1.0,141,25920,1024,8192,1024,34,1058,8.265625,8.0,0,0.0,0,,0.0,0.0,,1.0,0.0,0.12867122142857365,6.848571436941191e-05,1024,850,0.830078125,,,0,0,,,567,601,4.6953125,0.14197534285722213,True
1.0,142,10327,1024,8192,1024,34,1058,8.265625,8.0,0,0.0,0,,0.0,0.0,,1.0,0.0,0.12867122142857365,6.848571436941191e-05,1024,1031,1.0068359375,,,0,0,,,908,942,7.359375,0.14197534285722213,True
1.0,143,3805,1024,8192,1024,34,1058,8.265625,8.0,0,0.0,0,,0.0,0.0,,1.0,0.0,0.12867122142857365,6.848571436941191e-05,1024,971,0.9482421875,,,0,0,,,730,764,5.96875,0.14197534285722213,True
1.0,144,37879,1024,8192,1024,34,1058,8.265625,8.0,0,0.0,0,,0.0,0.0,,1.0,0.0,0.12867122142857365,6.848571436941191e-05,1024,796,0.77734375,,,0,0,,,442,476,3.71875,0.14197534285722213,True
1.0,145,22721,1024,8192,1024,34,1058,8.265625,8.0,0,0.0,0,,0.0,0.0,,1.0,0.0,0.12867122142857365,6.848571436941191e-05,1024,953,0.9306640625,,,0,0,,,665,699,5.4609375,0.14197534285722213,True
1.0,146,43932,1024,8192,1024,34,1058,8.265625,8.0,0,0.0,0,,0.0,0.0,,1.0,0.0,0.12867122142857365,6.848571436941191e-05,1024,1035,1.0107421875,,,0,0,,,750,784,6.125,0.14197534285722213,True
1.0,147,47270,1024,8192,1024,34,1058,8.265625,8.0,0,0.0,0,,0.0,0.0,,1.0,0.0,0.12867122142857365,6.848571436941191e-05,1024,1008,0.984375,,,0,0,,,788,822,6.421875,0.14197534285722213,True
1.0,148,11091,1024,8192,1024,34,1058,8.265625,8.0,0,0.0,0,,0.0,0.0,,1.0,0.0,0.12867122142857365,6.848571436941191e-05,1024,969,0.9462890625,,,0,0,,,635,669,5.2265625,0.14197534285722213,True
1.0,149,9736,1024,8192,1024,34,1058,8.265625,8.0,0,0.0,0,,0.0,0.0,,1.0,0.0,0.12867122142857365,6.848571436941191e-05,1024,938,0.916015625,,,0,0,,,741,775,6.0546875,0.14197534285722213,True
1.0,150,23206,1024,8192,1024,34,1058,8.265625,8.0,0,0.0,0,,0.0,0.0,,1.0,0.0,0.12867122142857365,6.848571436941191e-05,1024,982,0.958984375,,,0,0,,,670,704,5.5,0.14197534285722213,True
1.0,151,25039,1024,8192,1024,34,1058,8.265625,8.0,0,0.0,0,,0.0,0.0,,1.0,0.0,0.12867122142857365,6.848571436941191e-05,1024,1027,1.0029296875,,,0,0,,,869,903,7.0546875,0.14197534285722213,True
1.0,152,21014,1024,8192,1024,34,1058,8.265625,8.0,0,0.0,0,,0.0,0.0,,1.0,0.0,0.12867122142857365,6.848571436941191e-05,1024,865,0.8447265625,,,0,0,,,620,654,5.109375,0.14197534285722213,True
1.0,153,32412,1024,8192,1024,34,1058,8.265625,8.0,0,0.0,0,,0.0,0.0,,1.0,0.0,0.12867122142857365,6.848571436941191e-05,1024,957,0.9345703125,,,0,0,,,820,854,6.671875,0.14197534285722213,True
1.0,154,34022,1024,8192,1024,34,1058,8.265625,8.0,0,0.0,0,,0.0,0.0,,1.0,0.0,0.12867122142857365,6.848571436941191e-05,1024,813,0.7939453125,,,0,0,,,525,559,4.3671875,0.14197534285722213,True
1.0,155,21369,1024,8192,1024,34,1058,8.265625,8.0,0,0.0,0,,0.0,0.0,,1.0,0.0,0.12867122142857365,6.848571436941191e-05,1024,871,0.8505859375,,,0,0,,,616,650,5.078125,0.14197534285722213,True
1.0,156,41654,1024,8192,1024,34,1058,8.265625,8.0,0,0.0,0,,0.0,0.0,,1.0,0.0,0.12867122142857365,6.848571436941191e-05,1024,1023,0.9990234375,,,0,0,,,777,811,6.3359375,0.14197534285722213,True
1.0,157,11953,1024,8192,1024,34,1058,8.265625,8.0,0,0.0,0,,0.0,0.0,,1.0,0.0,0.12867122142857365,6.848571436941191e-05,1024,1021,0.9970703125,,,0,0,,,743,777,6.0703125,0.14197534285722213,True
1.0,158,13700,1024,8192,1024,34,1058,8.265625,8.0,0,0.0,0,,0.0,0.0,,1.0,0.0,0.12867122142857365,6.848571436941191e-05,1024,988,0.96484375,,,0,0,,,691,725,5.6640625,0.14197534285722213,True
1.0,159,38205,1024,8192,1024,34,1058,8.265625,8.0,0,0.0,0,,0.0,0.0,,1.0,0.0,0.12867122142857365,6.848571436941191e-05,1024,920,0.8984375,,,0,0,,,600,634,4.953125,0.14197534285722213,True
1.0,160,40129,1024,8192,1024,34,1058,8.265625,8.0,0,0.0,0,,0.0,0.0,,1.0,0.0,0.12867122142857365,6.848571436941191e-05,1024,800,0.78125,,,0,0,,,615,649,5.0703125,0.14197534285722213,True
1.0,161,17080,1024,8192,1024,34,1058,8.265625,8.0,0,0.0,0,,0.0,0.0,,1.0,0.0,0.12867122142857365,6.848571436941191e-05,1024,919,0.8974609375,,,0,0,,,622,656,5.125,0.14197534285722213,True
1.0,162,1505,1024,8192,1024,34,1058,8.265625,8.0,0,0.0,0,,0.0,0.0,,1.0,0.0,0.12867122142857365,6.848571436941191e-05,1024,1035,1.0107421875,,,0,0,,,798,832,6.5,0.14197534285722213,True
1.0,163,36391,1024,8192,1024,34,1058,8.265625,8.0,0,0.0,0,,0.0,0.0,,1.0,0.0,0.12867122142857365,6.848571436941191e-05,1024,1035,1.0107421875,,,0,0,,,771,805,6.2890625,0.14197534285722213,True
1.0,164,24660,1024,8192,1024,34,1058,8.265625,8.0,0,0.0,0,,0.0,0.0,,1.0,0.0,0.12867122142857365,6.848571436941191e-05,1024,1027,1.0029296875,,,0,0,,,764,798,6.234375,0.14197534285722213,True
1.0,165,24061,1024,8192,1024,34,1058,8.265625,8.0,0,0.0,0,,0.0,0.0,,1.0,0.0,0.12867122142857365,6.848571436941191e-05,1024,880,0.859375,,,0,0,,,624,658,5.140625,0.14197534285722213,True
1.0,166,10964,1024,8192,1024,34,1058,8.265625,8.0,0,0.0,0,,0.0,0.0,,1.0,0.0,0.12867122142857365,6.848571436941191e-05,1024,1004,0.98046875,,,0,0,,,589,623,4.8671875,0.14197534285722213,True
1.0,167,20807,1024,8192,1024,34,1058,8.265625,8.0,0,0.0,0,,0.0,0.0,,1.0,0.0,0.12867122142857365,6.848571436941191e-05,1024,1035,1.0107421875,,,0,0,,,815,849,6.6328125,0.14197534285722213,True
1.0,168,33388,1024,8192,1024,34,1058,8.265625,8.0,0,0.0,0,,0.0,0.0,,1.0,0.0,0.12867122142857365,6.848571436941191e-05,1024,1035,1.0107421875,,,0,0,,,873,907,7.0859375,0.14197534285722213,True
1.0,169,34571,1024,8192,1024,34,1058,8.265625,8.0,0,0.0,0,,0.0,0.0,,1.0,0.0,0.12867122142857365,6.848571436941191e-05,1024,983,0.9599609375,,,0,0,,,731,765,5.9765625,0.14197534285722213,True
1.0,170,21194,1024,8192,1024,34,1058,8.265625,8.0,0,0.0,0,,0.0,0.0,,1.0,0.0,0.12867122142857365,6.848571436941191e-05,1024,996,0.97265625,,,0,0,,,778,812,6.34375,0.14197534285722213,True
1.0,171,32696,1024,8192,1024,34,1058,8.265625,8.0,0,0.0,0,,0.0,0.0,,1.0,0.0,0.12867122142857365,6.848571436941191e-05,1024,1017,0.9931640625,,,0,0,,,723,757,5.9140625,0.14197534285722213,True
1.0,172,46005,1024,8192,1024,34,1058,8.265625,8.0,0,0.0,0,,0.0,0.0,,1.0,0.0,0.12867122142857365,6.848571436941191e-05,1024,667,0.6513671875,,,0,0,,,490,524,4.09375,0.14197534285722213,True
1.0,173,19269,1024,8192,1024,34,1058,8.265625,8.0,0,0.0,0,,0.0,0.0,,1.0,0.0,0.12867122142857365,6.848571436941191e-05,1024,754,0.736328125,,,0,0,,,475,509,3.9765625,0.14197534285722213,True
1.0,174,5503,1024,8192,1024,34,1058,8.265625,8.0,0,0.0,0,,0.0,0.0,,1.0,0.0,0.12867122142857365,6.848571436941191e-05,1024,1035,1.0107421875,,,0,0,,,859,893,6.9765625,0.14197534285722213,True
1.0,175,32979,1024,8192,1024,34,1058,8.265625,8.0,0,0.0,0,,0.0,0.0,,1.0,0.0,0.12867122142857365,6.848571436941191e-05,1024,1012,0.98828125,,,0,0,,,677,711,5.5546875,0.14197534285722213,True
1.0,176,32764,1024,8192,1024,34,1058,8.265625,8.0,0,0.0,0,,0.0,0.0,,1.0,0.0,0.12867122142857365,6.848571436941191e-05,1024,1022,0.998046875,,,0,0,,,795,829,6.4765625,0.14197534285722213,True
1.0,177,36396,1024,8192,1024,34,1058,8.265625,8.0,0,0.0,0,,0.0,0.0,,1.0,0.0,0.12867122142857365,6.848571436941191e-05,1024,947,0.9248046875,,,0,0,,,653,687,5.3671875,0.14197534285722213,True
1.0,178,16139,1024,8192,1024,34,1058,8.265625,8.0,0,0.0,0,,0.0,0.0,,1.0,0.0,0.12867122142857365,6.848571436941191e-05,1024,548,0.53515625,,,0,0,,,406,440,3.4375,0.14197534285722213,True
1.0,179,32110,1024,8192,1024,34,1058,8.265625,8.0,0,0.0,0,,0.0,0.0,,1.0,0.0,0.12867122142857365,6.848571436941191e-05,1024,889,0.8681640625,,,0,0,,,671,705,5.5078125,0.14197534285722213,True
1.0,180,37930,1024,8192,1024,34,1058,8.265625,8.0,0,0.0,0,,0.0,0.0,,1.0,0.0,0.12867122142857365,6.848571436941191e-05,1024,978,0.955078125,,,0,0,,,721,755,5.8984375,0.14197534285722213,True
1.0,181,5624,1024,8192,1024,34,1058,8.265625,8.0,0,0.0,0,,0.0,0.0,,1.0,0.0,0.12867122142857365,6.848571436941191e-05,1024,919,0.8974609375,,,0,0,,,760,794,6.203125,0.14197534285722213,True
1.0,182,37946,1024,8192,1024,34,1058,8.265625,8.0,0,0.0,0,,0.0,0.0,,1.0,0.0,0.12867122142857365,6.848571436941191e-05,1024,1007,0.9833984375,,,0,0,,,661,695,5.4296875,0.14197534285722213,True
1.0,183,6616,1024,8192,1024,34,1058,8.265625,8.0,0,0.0,0,,0.0,0.0,,1.0,0.0,0.12867122142857365,6.848571436941191e-05,1024,1035,1.0107421875,,,0,0,,,833,867,6.7734375,0.14197534285722213,True
1.0,184,11706,1024,8192,1024,34,1058,8.265625,8.0,0,0.0,0,,0.0,0.0,,1.0,0.0,0.12867122142857365,6.848571436941191e-05,1024,1009,0.9853515625,,,0,0,,,749,783,6.1171875,0.14197534285722213,True
1.0,185,10558,1024,8192,1024,34,1058,8.265625,8.0,0,0.0,0,,0.0,0.0,,1.0,0.0,0.12867122142857365,6.848571436941191e-05,1024,957,0.9345703125,,,0,0,,,681,715,5.5859375,0.14197534285722213,True
1.0,186,18351,1024,8192,1024,34,1058,8.265625,8.0,0,0.0,0,,0.0,0.0,,1.0,0.0,0.12867122142857365,6.848571436941191e-05,1024,861,0.8408203125,,,0,0,,,652,686,5.359375,0.14197534285722213,True
1.0,187,15023,1024,8192,1024,34,1058,8.265625,8.0,0,0.0,0,,0.0,0.0,,1.0,0.0,0.12867122142857365,6.848571436941191e-05,1024,901,0.8798828125,,,0,0,,,688,722,5.640625,0.14197534285722213,True
1.0,188,9490,1024,8192,1024,34,1058,8.265625,8.0,0,0.0,0,,0.0,0.0,,1.0,0.0,0.12867122142857365,6.848571436941191e-05,1024,1028,1.00390625,,,0,0,,,629,663,5.1796875,0.14197534285722213,True
1.0,189,6355,1024,8192,1024,34,1058,8.265625,8.0,0,0.0,0,,0.0,0.0,,1.0,0.0,0.12867122142857365,6.848571436941191e-05,1024,922,0.900390625,,,0,0,,,670,704,5.5,0.14197534285722213,True
1.0,190,8857,1024,8192,1024,34,1058,8.265625,8.0,0,0.0,0,,0.0,0.0,,1.0,0.0,0.12867122142857365,6.848571436941191e-05,1024,604,0.58984375,,,0,0,,,443,477,3.7265625,0.14197534285722213,True
1.0,191,31811,1024,8192,1024,34,1058,8.265625,8.0,0,0.0,0,,0.0,0.0,,1.0,0.0,0.12867122142857365,6.848571436941191e-05,1024,1013,0.9892578125,,,0,0,,,657,691,5.3984375,0.14197534285722213,True
1.0,192,10400,1024,8192,1024,34,1058,8.265625,8.0,0,0.0,0,,0.0,0.0,,1.0,0.0,0.12867122142857365,6.848571436941191e-05,1024,929,0.9072265625,,,0,0,,,775,809,6.3203125,0.14197534285722213,True
1.0,193,275,1024,8192,1024,34,1058,8.265625,8.0,0,0.0,0,,0.0,0.0,,1.0,0.0,0.12867122142857365,6.848571436941191e-05,1024,1023,0.9990234375,,,0,0,,,697,731,5.7109375,0.14197534285722213,True
1.0,194,26152,1024,8192,1024,34,1058,8.265625,8.0,0,0.0,0,,0.0,0.0,,1.0,0.0,0.12867122142857365,6.848571436941191e-05,1024,1019,0.9951171875,,,0,0,,,763,797,6.2265625,0.14197534285722213,True
1.0,195,13037,1024,8192,1024,34,1058,8.265625,8.0,0,0.0,0,,0.0,0.0,,1.0,0.0,0.12867122142857365,6.848571436941191e-05,1024,854,0.833984375,,,0,0,,,586,620,4.84375,0.14197534285722213,True
1.0,196,41203,1024,8192,1024,34,1058,8.265625,8.0,0,0.0,0,,0.0,0.0,,1.0,0.0,0.12867122142857365,6.848571436941191e-05,1024,988,0.96484375,,,0,0,,,812,846,6.609375,0.14197534285722213,True
1.0,197,43709,1024,8192,1024,34,1058,8.265625,8.0,0,0.0,0,,0.0,0.0,,1.0,0.0,0.12867122142857365,6.848571436941191e-05,1024,908,0.88671875,,,0,0,,,563,597,4.6640625,0.14197534285722213,True
1.0,198,43572,1024,8192,1024,34,1058,8.265625,8.0,0,0.0,0,,0.0,0.0,,1.0,0.0,0.12867122142857365,6.848571436941191e-05,1024,1003,0.9794921875,,,0,0,,,696,730,5.703125,0.14197534285722213,True
1.0,199,23390,1024,8192,1024,34,1058,8.265625,8.0,0,0.0,0,,0.0,0.0,,1.0,0.0,0.12867122142857365,6.848571436941191e-05,1024,956,0.93359375,,,0,0,,,749,783,6.1171875,0.14197534285722213,True
