threshold,image_index,dataset_index,original_bytes,payload_bits,payload_bytes,header_bytes,file_bytes,file_bpp,payload_bpp,predicted_bits,omitted_fraction,incorrect_omitted_predictions,omitted_error_rate,mse,mae,psnr_db,ssim,bit_error_rate,encode_seconds,decode_seconds,raw_payload_bytes,zlib_payload_bytes,payload_zlib_to_raw_ratio,first_incorrect_omission,mean_gap_between_errors,max_error_run,error_runs,mse_before_first_error_pixel,mse_after_first_error_pixel,range_payload_bytes,range_file_bytes,range_file_bpp,range_decode_seconds,encoder_decoder_equal
0.5,0,712,1024,0,0,34,34,0.265625,0.0,8192,1.0,3676,0.44873046875,2091.5380859375,32.9990234375,14.92614583578373,0.16823415224447086,0.44873046875,0.16863862187499024,0.15539000156249472,0,8,,2,2.228299319727891,17,1783,,2091.5380859375,4,38,0.296875,0.15507811484374656,True
0.5,1,24774,1024,0,0,34,34,0.265625,0.0,8192,1.0,4408,0.5380859375,3669.67578125,50.62890625,12.484526651809574,0.07446113752262962,0.5380859375,0.16863862187499024,0.15539000156249472,0,8,,0,1.8586339913773542,23,2001,,3669.67578125,4,38,0.296875,0.15507811484374656,True
0.5,2,45142,1024,0,0,34,34,0.265625,0.0,8192,1.0,4691,0.5726318359375,3829.0390625,53.40234375,12.299905639791767,0.07282105646172812,0.5726318359375,0.16863862187499024,0.15539000156249472,0,8,,0,1.7464818763326226,10,2041,,3829.0390625,4,38,0.296875,0.15507811484374656,True
0.5,3,27119,1024,0,0,34,34,0.265625,0.0,8192,1.0,4862,0.593505859375,10949.953125,98.46484375,7.736681008330894,0.06306873314637847,0.593505859375,0.16863862187499024,0.15539000156249472,0,8,,1,1.6846327916066652,11,1967,,10949.953125,4,38,0.296875,0.15507811484374656,True
0.5,4,21139,1024,0,0,34,34,0.265625,0.0,8192,1.0,4261,0.5201416015625,3325.9091796875,50.1806640625,12.91169975064112,0.16585909232500684,0.5201416015625,0.16863862187499024,0.15539000156249472,0,8,,0,1.922769953051643,12,1943,,3325.9091796875,4,38,0.296875,0.15507811484374656,True
0.5,5,19129,1024,0,0,34,34,0.265625,0.0,8192,1.0,4364,0.53271484375,3265.123046875,49.931640625,12.991808084660388,0.0781641597761666,0.53271484375,0.16863862187499024,0.15539000156249472,0,8,,2,1.8769195507678202,12,2069,,3265.123046875,4,38,0.296875,0.15507811484374656,True
0.5,6,6433,1024,0,0,34,34,0.265625,0.0,8192,1.0,4894,0.597412109375,2098.419921875,41.197265625,14.911879601826243,0.1633574193569176,0.597412109375,0.16863862187499024,0.15539000156249472,0,8,,0,1.6732066217044759,13,1996,,2098.419921875,4,38,0.296875,0.15507811484374656,True
0.5,7,38854,1024,0,0,34,34,0.265625,0.0,8192,1.0,3997,0.4879150390625,3568.3046875,48.474609375,12.606184303963353,0.07146359444990039,0.4879150390625,0.16863862187499024,0.15539000156249472,0,8,,8,2.0477977977977977,23,1929,0.0,3571.7927663734117,4,38,0.296875,0.15507811484374656,True
0.5,8,22489,1024,0,0,34,34,0.265625,0.0,8192,1.0,4318,0.527099609375,2681.365234375,44.013671875,13.847243866947132,0.132389465495531,0.527099609375,0.16863862187499024,0.15539000156249472,0,8,,0,1.896919156821867,26,1869,,2681.365234375,4,38,0.296875,0.15507811484374656,True
0.5,9,31104,1024,0,0,34,34,0.265625,0.0,8192,1.0,3948,0.48193359375,6230.9501953125,70.9873046875,10.185260809640393,0.08808742679586404,0.48193359375,0.16863862187499024,0.15539000156249472,0,8,,1,2.0747403090955157,13,2122,,6230.9501953125,4,38,0.296875,0.15507811484374656,True
0.5,10,21349,1024,0,0,34,34,0.265625,0.0,8192,1.0,4875,0.5950927734375,1171.642578125,26.779296875,17.442852150751992,0.11955570191631026,0.5950927734375,0.16863862187499024,0.15539000156249472,0,8,,0,1.6805498563807961,15,1715,,1171.642578125,4,38,0.296875,0.15507811484374656,True
0.5,11,29116,1024,0,0,34,34,0.265625,0.0,8192,1.0,4045,0.4937744140625,4946.212890625,60.28515625,11.18807555912198,0.10517349399599535,0.4937744140625,0.16863862187499024,0.15539000156249472,0,8,,1,2.0252225519287834,13,2014,,4946.212890625,4,38,0.296875,0.15507811484374656,True
0.5,12,10772,1024,0,0,34,34,0.265625,0.0,8192,1.0,4178,0.510009765625,4898.6708984375,61.1123046875,11.230020971195852,0.027670988419128503,0.510009765625,0.16863862187499024,0.15539000156249472,0,8,,2,1.9602585587742398,12,2038,,4898.6708984375,4,38,0.296875,0.15507811484374656,True
0.5,13,18332,1024,0,0,34,34,0.265625,0.0,8192,1.0,4186,0.510986328125,2663.853515625,44.50390625,13.87570021415016,0.08075612319209348,0.510986328125,0.16863862187499024,0.15539000156249472,0,8,,5,1.9560334528076464,17,1979,,2663.853515625,4,38,0.296875,0.15507811484374656,True
0.5,14,1003,1024,0,0,34,34,0.265625,0.0,8192,1.0,4258,0.519775390625,2255.7392578125,34.1083984375,14.597914630023736,0.0746566105957238,0.519775390625,0.16863862187499024,0.15539000156249472,0,8,,1,1.9234202490016443,22,1731,,2255.7392578125,4,38,0.296875,0.15507811484374656,True
0.5,15,22156,1024,0,0,34,34,0.265625,0.0,8192,1.0,4405,0.5377197265625,4006.6171875,55.935546875,12.103025111475748,0.05460759952136135,0.5377197265625,0.16863862187499024,0.15539000156249472,0,8,,2,1.8594459582198002,13,2061,,4006.6171875,4,38,0.296875,0.15507811484374656,True
0.5,16,26453,1024,0,0,34,34,0.265625,0.0,8192,1.0,4063,0.4959716796875,8880.9765625,88.8203125,8.646196369377325,0.07298356081717729,0.4959716796875,0.16863862187499024,0.15539000156249472,0,8,,0,2.016248153618907,11,2215,,8880.9765625,4,38,0.296875,0.15507811484374656,True
0.5,17,17039,1024,0,0,34,34,0.265625,0.0,8192,1.0,3556,0.43408203125,4061.900390625,59.107421875,12.043510918070817,0.2746207937487302,0.43408203125,0.16863862187499024,0.15539000156249472,0,8,,2,2.3032348804500704,7,2165,,4061.900390625,4,38,0.296875,0.15507811484374656,True
0.5,18,7166,1024,0,0,34,34,0.265625,0.0,8192,1.0,4332,0.52880859375,2916.244140625,42.265625,13.48256481658227,0.13466803251430018,0.52880859375,0.16863862187499024,0.15539000156249472,0,8,,1,1.8910182405910876,13,1874,,2916.244140625,4,38,0.296875,0.15507811484374656,True
0.5,19,48310,1024,0,0,34,34,0.265625,0.0,8192,1.0,4186,0.510986328125,5027.828125,62.126953125,11.11699937844426,0.08684762244044997,0.510986328125,0.16863862187499024,0.15539000156249472,0,8,,1,1.9562724014336919,16,2131,,5027.828125,4,38,0.296875,0.15507811484374656,True
0.5,20,12187,1024,0,0,34,34,0.265625,0.0,8192,1.0,3921,0.4786376953125,2128.1357421875,31.7939453125,14.850810350819126,0.21797119711532995,0.4786376953125,0.16863862187499024,0.15539000156249472,0,8,,3,2.0887755102040817,22,1725,,2128.1357421875,4,38,0.296875,0.15507811484374656,True
0.5,21,20284,1024,0,0,34,34,0.265625,0.0,8192,1.0,3226,0.393798828125,920.6630859375,26.9208984375,18.489796304404805,0.2690323410829916,0.393798828125,0.16863862187499024,0.15539000156249472,0,8,,3,2.5389147286821707,9,1838,,920.6630859375,4,38,0.296875,0.15507811484374656,True
0.5,22,1052,1024,0,0,34,34,0.265625,0.0,8192,1.0,4354,0.531494140625,4306.8359375,56.001953125,11.789220325916183,0.05459359692209847,0.531494140625,0.16863862187499024,0.15539000156249472,0,8,,0,1.8807718814610614,14,1995,,4306.8359375,4,38,0.296875,0.15507811484374656,True
0.5,23,13752,1024,0,0,34,34,0.265625,0.0,8192,1.0,3338,0.407470703125,1452.513671875,36.580078125,16.509601319625638,0.4093993335542245,0.407470703125,0.16863862187499024,0.15539000156249472,0,8,,3,2.4528019178903206,9,2127,,1452.513671875,4,38,0.296875,0.15507811484374656,True
0.5,24,37139,1024,0,0,34,34,0.265625,0.0,8192,1.0,4186,0.510986328125,5229.23828125,65.162109375,10.946419290450933,0.06447259108617814,0.510986328125,0.16863862187499024,0.15539000156249472,0,8,,1,1.9567502986857825,15,2101,,5229.23828125,4,38,0.296875,0.15507811484374656,True
0.5,25,29727,1024,0,0,34,34,0.265625,0.0,8192,1.0,4166,0.508544921875,3707.970703125,51.716796875,12.439440667658431,0.08411720958788407,0.508544921875,0.16863862187499024,0.15539000156249472,0,8,,0,1.966626650660264,12,1996,,3707.970703125,4,38,0.296875,0.15507811484374656,True
0.5,26,41854,1024,0,0,34,34,0.265625,0.0,8192,1.0,4841,0.5909423828125,1766.2724609375,36.5537109375,15.66022663237514,0.256399437949176,0.5909423828125,0.16863862187499024,0.15539000156249472,0,8,,0,1.6915289256198347,18,1832,,1766.2724609375,4,38,0.296875,0.15507811484374656,True
0.5,27,40333,1024,0,0,34,34,0.265625,0.0,8192,1.0,3604,0.43994140625,2804.4267578125,44.2548828125,13.652362586843424,0.06840258295723887,0.43994140625,0.16863862187499024,0.15539000156249472,0,8,,0,2.273105745212323,10,1991,,2804.4267578125,4,38,0.296875,0.15507811484374656,True
0.5,28,33248,1024,0,0,34,34,0.265625,0.0,8192,1.0,4124,0.50341796875,5417.7236328125,63.2255859375,10.792635136971157,0.17319340428245172,0.50341796875,0.16863862187499024,0.15539000156249472,0,8,,1,1.9859325733689062,13,1991,,5417.7236328125,4,38,0.296875,0.15507811484374656,True
0.5,29,9680,1024,0,0,34,34,0.265625,0.0,8192,1.0,3912,0.4775390625,7010.353515625,76.09375,9.67340441900672,0.03353190070749744,0.4775390625,0.16863862187499024,0.15539000156249472,0,8,,0,2.094349271286116,10,2127,,7010.353515625,4,38,0.296875,0.15507811484374656,True
0.5,30,16805,1024,0,0,34,34,0.265625,0.0,8192,1.0,3655,0.4461669921875,2514.3115234375,43.2783203125,14.126612750564991,0.14235301754403465,0.4461669921875,0.16863862187499024,0.15539000156249472,0,8,,3,2.2402846195949646,10,1989,,2514.3115234375,4,38,0.296875,0.15507811484374656,True
0.5,31,14652,1024,0,0,34,34,0.265625,0.0,8192,1.0,4746,0.579345703125,1154.0673828125,29.5478515625,17.508491940505326,0.25767495712671457,0.579345703125,0.16863862187499024,0.15539000156249472,0,8,,0,1.7262381454162277,15,1836,,1154.0673828125,4,38,0.296875,0.15507811484374656,True
0.5,32,15793,1024,0,0,34,34,0.265625,0.0,8192,1.0,4038,0.492919921875,8576.1787109375,85.7236328125,8.797865385698975,0.16209860748686605,0.492919921875,0.16863862187499024,0.15539000156249472,0,8,,0,2.027991082486995,11,2173,,8576.1787109375,4,38,0.296875,0.15507811484374656,True
0.5,33,30210,1024,0,0,34,34,0.265625,0.0,8192,1.0,4091,0.4993896484375,7909.810546875,80.919921875,9.149142793211961,0.2640910788851425,0.4993896484375,0.16863862187499024,0.15539000156249472,0,8,,1,2.002444987775061,17,2172,,7909.810546875,4,38,0.296875,0.15507811484374656,True
0.5,34,47426,1024,0,0,34,34,0.265625,0.0,8192,1.0,3948,0.48193359375,7080.5283203125,77.0498046875,9.63014696675882,0.05193945397074848,0.48193359375,0.16863862187499024,0.15539000156249472,0,8,,2,2.0747403090955157,13,2078,,7080.5283203125,4,38,0.296875,0.15507811484374656,True
0.5,35,20875,1024,0,0,34,34,0.265625,0.0,8192,1.0,4466,0.545166015625,4222.75390625,57.59765625,11.87484588529408,0.08281290549612262,0.545166015625,0.16863862187499024,0.15539000156249472,0,8,,0,1.8340425531914895,20,2095,,4222.75390625,4,38,0.296875,0.15507811484374656,True
0.5,36,4161,1024,0,0,34,34,0.265625,0.0,8192,1.0,3841,0.4688720703125,5072.8544921875,57.6396484375,11.078279555081918,0.10301630986528039,0.4688720703125,0.16863862187499024,0.15539000156249472,0,8,,0,2.13125,16,1904,,5072.8544921875,4,38,0.296875,0.15507811484374656,True
0.5,37,40340,1024,0,0,34,34,0.265625,0.0,8192,1.0,4243,0.5179443359375,2371.626953125,41.80078125,14.380339834862049,0.15858107094295065,0.5179443359375,0.16863862187499024,0.15539000156249472,0,8,,2,1.92998585572843,21,2005,,2371.626953125,4,38,0.296875,0.15507811484374656,True
0.5,38,28286,1024,0,0,34,34,0.265625,0.0,8192,1.0,4243,0.5179443359375,4583.9599609375,60.6435546875,11.518395452811436,0.14876904392916535,0.5179443359375,0.16863862187499024,0.15539000156249472,0,8,,0,1.9306930693069306,9,2101,,4583.9599609375,4,38,0.296875,0.15507811484374656,True
0.5,39,13256,1024,0,0,34,34,0.265625,0.0,8192,1.0,3796,0.46337890625,2070.1474609375,38.6044921875,14.970790786039904,0.10288057027347712,0.46337890625,0.16863862187499024,0.15539000156249472,0,8,,2,2.157312252964427,14,1908,,2070.1474609375,4,38,0.296875,0.15507811484374656,True
0.5,40,48934,1024,0,0,34,34,0.265625,0.0,8192,1.0,4251,0.5189208984375,6486.7177734375,72.4970703125,10.010553579746961,0.028576402983005792,0.5189208984375,0.16863862187499024,0.15539000156249472,0,8,,0,1.9268235294117646,11,2197,,6486.7177734375,4,38,0.296875,0.15507811484374656,True
0.5,41,11935,1024,0,0,34,34,0.265625,0.0,8192,1.0,3960,0.4833984375,1696.587890625,32.94140625,15.835039979626744,0.11117142743755117,0.4833984375,0.16863862187499024,0.15539000156249472,0,8,,0,2.068956807274564,41,1745,,1696.587890625,4,38,0.296875,0.15507811484374656,True
0.5,42,48447,1024,0,0,34,34,0.265625,0.0,8192,1.0,4699,0.5736083984375,815.740234375,21.16015625,19.01528477528361,0.15638336643723957,0.5736083984375,0.16863862187499024,0.15539000156249472,0,8,,0,1.7430821626223925,21,1567,,815.740234375,4,38,0.296875,0.15507811484374656,True
0.5,43,15492,1024,0,0,34,34,0.265625,0.0,8192,1.0,3839,0.4686279296875,1548.2490234375,29.9658203125,16.232395461187018,0.07157831349853265,0.4686279296875,0.16863862187499024,0.15539000156249472,0,8,,2,2.133402813965607,17,1759,,1548.2490234375,4,38,0.296875,0.15507811484374656,True
0.5,44,32513,1024,0,0,34,34,0.265625,0.0,8192,1.0,4905,0.5987548828125,2455.2255859375,41.7275390625,14.229889596321648,0.2208618675660274,0.5987548828125,0.16863862187499024,0.15539000156249472,0,8,,10,1.668026101141925,14,1914,0.0,2457.6256109481915,4,38,0.296875,0.15507811484374656,True
0.5,45,36099,1024,0,0,34,34,0.265625,0.0,8192,1.0,4534,0.553466796875,4732.7890625,59.021484375,11.37963212206746,0.11519349718566203,0.553466796875,0.16863862187499024,0.15539000156249472,0,8,,1,1.8067504963600265,12,1936,,4732.7890625,4,38,0.296875,0.15507811484374656,True
0.5,46,39260,1024,0,0,34,34,0.265625,0.0,8192,1.0,4939,0.6029052734375,2202.16015625,40.853515625,14.702314601984362,0.2525593026624566,0.6029052734375,0.16863862187499024,0.15539000156249472,0,8,,0,1.6587687322802753,30,1929,,2202.16015625,4,38,0.296875,0.15507811484374656,True
0.5,47,46517,1024,0,0,34,34,0.265625,0.0,8192,1.0,4291,0.5238037109375,3151.962890625,48.2578125,13.144992651505392,0.2203247485290245,0.5238037109375,0.16863862187499024,0.15539000156249472,0,8,,0,1.9093240093240094,12,2004,,3151.962890625,4,38,0.296875,0.15507811484374656,True
0.5,48,33095,1024,0,0,34,34,0.265625,0.0,8192,1.0,4239,0.5174560546875,2114.30859375,37.85546875,14.879119858521232,0.10211082809813012,0.5174560546875,0.16863862187499024,0.15539000156249472,0,8,,0,1.9327512977819725,15,1857,,2114.30859375,4,38,0.296875,0.15507811484374656,True
0.5,49,3,1024,0,0,34,34,0.265625,0.0,8192,1.0,4575,0.5584716796875,3062.2822265625,51.2255859375,13.270351471410587,0.15425216266201267,0.5584716796875,0.16863862187499024,0.15539000156249472,0,8,,0,1.790773939658942,11,2086,,3062.2822265625,4,38,0.296875,0.15507811484374656,True
0.5,50,21683,1024,0,0,34,34,0.265625,0.0,8192,1.0,4356,0.53173828125,4810.5166015625,63.2470703125,11.308886430885401,0.10050285496738812,0.53173828125,0.16863862187499024,0.15539000156249472,0,8,,0,1.8808266360505166,15,2162,,4810.5166015625,4,38,0.296875,0.15507811484374656,True
0.5,51,13446,1024,0,0,34,34,0.265625,0.0,8192,1.0,4094,0.499755859375,5720.486328125,67.408203125,10.556474088855825,0.043169514891921355,0.499755859375,0.16863862187499024,0.15539000156249472,0,8,,2,2.000488639139995,13,2126,,5720.486328125,4,38,0.296875,0.15507811484374656,True
0.5,52,49515,1024,0,0,34,34,0.265625,0.0,8192,1.0,3516,0.42919921875,2282.4365234375,41.4599609375,14.546816526042502,0.18240542064861398,0.42919921875,0.16863862187499024,0.15539000156249472,0,8,,1,2.330014224751067,12,1999,,2282.4365234375,4,38,0.296875,0.15507811484374656,True
0.5,53,27943,1024,0,0,34,34,0.265625,0.0,8192,1.0,4126,0.503662109375,4763.3232421875,61.4697265625,11.351703068526405,0.09932489389880551,0.503662109375,0.16863862187499024,0.15539000156249472,0,8,,0,1.984969696969697,17,2021,,4763.3232421875,4,38,0.296875,0.15507811484374656,True
0.5,54,29059,1024,0,0,34,34,0.265625,0.0,8192,1.0,4143,0.5057373046875,4882.923828125,61.052734375,11.244004113703962,0.054678090830683035,0.5057373046875,0.16863862187499024,0.15539000156249472,0,8,,6,1.9760985031385805,14,2065,,4882.923828125,4,38,0.296875,0.15507811484374656,True
0.5,55,32738,1024,0,0,34,34,0.265625,0.0,8192,1.0,3693,0.4508056640625,1305.171875,29.48046875,16.974126542135405,0.4400291248764058,0.4508056640625,0.16863862187499024,0.15539000156249472,0,8,,4,2.2166847237269773,14,1876,,1305.171875,4,38,0.296875,0.15507811484374656,True
0.5,56,445,1024,0,0,34,34,0.265625,0.0,8192,1.0,4292,0.52392578125,3614.37109375,52.146484375,12.55047620585964,0.07829957623729106,0.52392578125,0.16863862187499024,0.15539000156249472,0,8,,0,1.908879049172687,10,2066,,3614.37109375,4,38,0.296875,0.15507811484374656,True
0.5,57,32216,1024,0,0,34,34,0.265625,0.0,8192,1.0,4036,0.49267578125,4461.3671875,58.24609375,11.63612392066441,0.12940397118137686,0.49267578125,0.16863862187499024,0.15539000156249472,0,8,,0,2.02998760842627,15,2193,,4461.3671875,4,38,0.296875,0.15507811484374656,True
0.5,58,18250,1024,0,0,34,34,0.265625,0.0,8192,1.0,4151,0.5067138671875,1249.2060546875,28.5693359375,17.164462803537788,0.0905616631183396,0.5067138671875,0.16863862187499024,0.15539000156249472,0,8,,3,1.9708433734939759,17,1751,,1249.2060546875,4,38,0.296875,0.15507811484374656,True
0.5,59,1684,1024,0,0,34,34,0.265625,0.0,8192,1.0,4583,0.5594482421875,3165.2978515625,48.8779296875,13.126657778877677,0.09506689894624272,0.5594482421875,0.16863862187499024,0.15539000156249472,0,8,,0,1.7869925796595374,11,2111,,3165.2978515625,4,38,0.296875,0.15507811484374656,True
0.5,60,2899,1024,0,0,34,34,0.265625,0.0,8192,1.0,4618,0.563720703125,4327.3603515625,51.6240234375,11.768572992307963,0.1712350280773179,0.563720703125,0.16863862187499024,0.15539000156249472,0,8,,0,1.773879142300195,16,1929,,4327.3603515625,4,38,0.296875,0.15507811484374656,True
0.5,61,39428,1024,0,0,34,34,0.265625,0.0,8192,1.0,4152,0.5068359375,6515.5478515625,71.4951171875,9.991294221842738,0.10939100513047256,0.5068359375,0.16863862187499024,0.15539000156249472,0,8,,1,1.973018549747049,14,2100,,6515.5478515625,4,38,0.296875,0.15507811484374656,True
0.5,62,40758,1024,0,0,34,34,0.265625,0.0,8192,1.0,3728,0.455078125,4185.42578125,53.486328125,11.913407157330337,0.03285813813141909,0.455078125,0.16863862187499024,0.15539000156249472,0,8,,1,2.1969412396028978,17,1973,,4185.42578125,4,38,0.296875,0.15507811484374656,True
0.5,63,29154,1024,0,0,34,34,0.265625,0.0,8192,1.0,4096,0.5,3754.6953125,52.224609375,12.385056603982301,0.08895640387042233,0.5,0.16863862187499024,0.15539000156249472,0,8,,0,2.0,13,2034,,3754.6953125,4,38,0.296875,0.15507811484374656,True
0.5,64,43958,1024,0,0,34,34,0.265625,0.0,8192,1.0,4671,0.5701904296875,3049.9404296875,50.6103515625,13.287890039180603,0.15410751037807832,0.5701904296875,0.16863862187499024,0.15539000156249472,0,8,,0,1.7535331905781584,13,2108,,3049.9404296875,4,38,0.296875,0.15507811484374656,True
0.5,65,33814,1024,0,0,34,34,0.265625,0.0,8192,1.0,4192,0.51171875,4600.58984375,57.65234375,11.502668445203504,0.05178097812139431,0.51171875,0.16863862187499024,0.15539000156249472,0,8,,1,1.9539489382009068,20,2066,,4600.58984375,4,38,0.296875,0.15507811484374656,True
0.5,66,34153,1024,0,0,34,34,0.265625,0.0,8192,1.0,3976,0.4853515625,2924.865234375,45.232421875,13.469745004721485,0.09678389149868767,0.4853515625,0.16863862187499024,0.15539000156249472,0,8,,2,2.059874213836478,9,1952,,2924.865234375,4,38,0.296875,0.15507811484374656,True
0.5,67,43609,1024,0,0,34,34,0.265625,0.0,8192,1.0,4296,0.5244140625,5958.45703125,69.369140625,10.379465490420072,0.05395611105768274,0.5244140625,0.16863862187499024,0.15539000156249472,0,8,,0,1.9071012805587892,12,2112,,5958.45703125,4,38,0.296875,0.15507811484374656,True
0.5,68,10762,1024,0,0,34,34,0.265625,0.0,8192,1.0,3885,0.4742431640625,3439.9228515625,46.5498046875,12.765316582720798,0.059793456060534315,0.4742431640625,0.16863862187499024,0.15539000156249472,0,8,,5,2.107621009268795,24,1868,,3439.9228515625,4,38,0.296875,0.15507811484374656,True
0.5,69,17898,1024,0,0,34,34,0.265625,0.0,8192,1.0,4412,0.53857421875,1666.357421875,38.119140625,15.913122007122935,0.27403926250400273,0.53857421875,0.16863862187499024,0.15539000156249472,0,8,,0,1.8564951258218092,15,2074,,1666.357421875,4,38,0.296875,0.15507811484374656,True
0.5,70,43653,1024,0,0,34,34,0.265625,0.0,8192,1.0,3755,0.4583740234375,6556.115234375,70.4921875,9.964337824713756,0.07405531268436816,0.4583740234375,0.16863862187499024,0.15539000156249472,0,8,,0,2.1808737346830047,13,2032,,6556.115234375,4,38,0.296875,0.15507811484374656,True
0.5,71,14233,1024,0,0,34,34,0.265625,0.0,8192,1.0,4331,0.5286865234375,2655.0185546875,44.3330078125,13.890128003580545,0.05895659581769826,0.5286865234375,0.16863862187499024,0.15539000156249472,0,8,,0,1.8912240184757505,16,1951,,2655.0185546875,4,38,0.296875,0.15507811484374656,True
0.5,72,39520,1024,0,0,34,34,0.265625,0.0,8192,1.0,4282,0.522705078125,2871.9423828125,46.5205078125,13.54904638068399,0.09130925831857915,0.522705078125,0.16863862187499024,0.15539000156249472,0,8,,1,1.9128708245736978,23,2001,,2871.9423828125,4,38,0.296875,0.15507811484374656,True
0.5,73,18138,1024,0,0,34,34,0.265625,0.0,8192,1.0,3839,0.4686279296875,2168.4501953125,33.6728515625,14.769309090888472,0.18922219982383356,0.4686279296875,0.16863862187499024,0.15539000156249472,0,8,,5,2.1326211568525273,26,1755,,2168.4501953125,4,38,0.296875,0.15507811484374656,True
0.5,74,9212,1024,0,0,34,34,0.265625,0.0,8192,1.0,3645,0.4449462890625,6027.9091796875,72.5478515625,10.329136605328307,0.25088553788595735,0.4449462890625,0.16863862187499024,0.15539000156249472,0,8,,0,2.247530186608123,9,2150,,6027.9091796875,4,38,0.296875,0.15507811484374656,True
0.5,75,6456,1024,0,0,34,34,0.265625,0.0,8192,1.0,4408,0.5380859375,3691.0078125,48.513671875,12.459353964302998,0.10566185126698874,0.5380859375,0.16863862187499024,0.15539000156249472,0,8,,0,1.8584070796460177,12,1901,,3691.0078125,4,38,0.296875,0.15507811484374656,True
0.5,76,22948,1024,0,0,34,34,0.265625,0.0,8192,1.0,3816,0.4658203125,4853.8115234375,61.9091796875,11.269974524732035,0.22765472249502325,0.4658203125,0.16863862187499024,0.15539000156249472,0,8,,2,2.146264744429882,12,2096,,4853.8115234375,4,38,0.296875,0.15507811484374656,True
0.5,77,7591,1024,0,0,34,34,0.265625,0.0,8192,1.0,4399,0.5369873046875,3929.6767578125,51.1220703125,12.187235326481789,0.11308899996932535,0.5369873046875,0.16863862187499024,0.15539000156249472,0,8,,0,1.86243747157799,13,1974,,3929.6767578125,4,38,0.296875,0.15507811484374656,True
0.5,78,29996,1024,0,0,34,34,0.265625,0.0,8192,1.0,3848,0.4697265625,5542.11328125,66.5546875,10.694049623161444,0.1824382767860935,0.4697265625,0.16863862187499024,0.15539000156249472,0,8,,0,2.1284117494151285,9,2104,,5542.11328125,4,38,0.296875,0.15507811484374656,True
0.5,79,10378,1024,0,0,34,34,0.265625,0.0,8192,1.0,4291,0.5238037109375,7474.6591796875,79.9560546875,9.394889658454261,0.0338699871901596,0.5238037109375,0.16863862187499024,0.15539000156249472,0,8,,1,1.9081585081585082,8,2178,,7474.6591796875,4,38,0.296875,0.15507811484374656,True
0.5,80,27337,1024,0,0,34,34,0.265625,0.0,8192,1.0,4415,0.5389404296875,2391.859375,42.57421875,14.343447183512069,0.20178159848533087,0.5389404296875,0.16863862187499024,0.15539000156249472,0,8,,2,1.855233348436792,15,1982,,2391.859375,4,38,0.296875,0.15507811484374656,True
0.5,81,19965,1024,0,0,34,34,0.265625,0.0,8192,1.0,4453,0.5435791015625,2998.1904296875,48.0380859375,13.362211473202946,0.09936768318522564,0.5435791015625,0.16863862187499024,0.15539000156249472,0,8,,0,1.839173405211141,11,1902,,2998.1904296875,4,38,0.296875,0.15507811484374656,True
0.5,82,24405,1024,0,0,34,34,0.265625,0.0,8192,1.0,4414,0.538818359375,2966.1025390625,46.5732421875,13.408942002243435,0.13792687214919166,0.538818359375,0.16863862187499024,0.15539000156249472,0,8,,0,1.8558803535010198,16,2003,,2966.1025390625,4,38,0.296875,0.15507811484374656,True
0.5,83,45135,1024,0,0,34,34,0.265625,0.0,8192,1.0,4593,0.5606689453125,3604.3349609375,51.3115234375,12.56255216483456,0.15318415413290223,0.5606689453125,0.16863862187499024,0.15539000156249472,0,8,,0,1.783754355400697,19,2032,,3604.3349609375,4,38,0.296875,0.15507811484374656,True
0.5,84,11274,1024,0,0,34,34,0.265625,0.0,8192,1.0,4189,0.5113525390625,6697.0673828125,70.9150390625,9.87195692238372,0.06416796896592065,0.5113525390625,0.16863862187499024,0.15539000156249472,0,8,,0,1.9558261700095512,15,2017,,6697.0673828125,4,38,0.296875,0.15507811484374656,True
0.5,85,1941,1024,0,0,34,34,0.265625,0.0,8192,1.0,4193,0.5118408203125,771.8017578125,22.5634765625,19.255745975065935,0.1893080899852285,0.5118408203125,0.16863862187499024,0.15539000156249472,0,8,,0,1.953959923664122,21,1678,,771.8017578125,4,38,0.296875,0.15507811484374656,True
0.5,86,48940,1024,0,0,34,34,0.265625,0.0,8192,1.0,4413,0.5386962890625,5629.0908203125,68.1220703125,10.626421052007132,0.07089926059487128,0.5386962890625,0.16863862187499024,0.15539000156249472,0,8,,0,1.856300997280145,11,2204,,5629.0908203125,4,38,0.296875,0.15507811484374656,True
0.5,87,36794,1024,0,0,34,34,0.265625,0.0,8192,1.0,4066,0.496337890625,4749.35546875,61.20703125,11.364456850026318,0.07031825532497692,0.496337890625,0.16863862187499024,0.15539000156249472,0,8,,0,2.0137761377613774,18,2137,,4749.35546875,4,38,0.296875,0.15507811484374656,True
0.5,88,21994,1024,0,0,34,34,0.265625,0.0,8192,1.0,4115,0.5023193359375,3460.4970703125,48.1552734375,12.739418749685388,0.07840576131885534,0.5023193359375,0.16863862187499024,0.15539000156249472,0,8,,1,1.9907632474477395,14,1975,,3460.4970703125,4,38,0.296875,0.15507811484374656,True
0.5,89,49944,1024,0,0,34,34,0.265625,0.0,8192,1.0,4626,0.564697265625,3549.84765625,45.38671875,12.628706454099003,0.10997477019778007,0.564697265625,0.16863862187499024,0.15539000156249472,0,8,,0,1.7703783783783784,24,1801,,3549.84765625,4,38,0.296875,0.15507811484374656,True
0.5,90,43442,1024,0,0,34,34,0.265625,0.0,8192,1.0,2728,0.3330078125,469.4384765625,17.0380859375,21.41501678089464,0.6344569688683224,0.3330078125,0.16863862187499024,0.15539000156249472,0,8,,4,3.0011001100110013,9,1815,,469.4384765625,4,38,0.296875,0.15507811484374656,True
0.5,91,45096,1024,0,0,34,34,0.265625,0.0,8192,1.0,3383,0.4129638671875,1866.40625,37.89453125,15.42074180765901,0.25670681902467263,0.4129638671875,0.16863862187499024,0.15539000156249472,0,8,,2,2.4201655824955646,13,1995,,1866.40625,4,38,0.296875,0.15507811484374656,True
0.5,92,42430,1024,0,0,34,34,0.265625,0.0,8192,1.0,4284,0.52294921875,348.36328125,13.841796875,22.71047988329358,0.41106344640614545,0.52294921875,0.16863862187499024,0.15539000156249472,0,8,,0,1.9119775858043428,30,1483,,348.36328125,4,38,0.296875,0.15507811484374656,True
0.5,93,42255,1024,0,0,34,34,0.265625,0.0,8192,1.0,3909,0.4771728515625,1748.4208984375,33.6943359375,15.70434372006001,0.1812913501009514,0.4771728515625,0.16863862187499024,0.15539000156249472,0,8,,0,2.095957011258956,22,1840,,1748.4208984375,4,38,0.296875,0.15507811484374656,True
0.5,94,5771,1024,0,0,34,34,0.265625,0.0,8192,1.0,3879,0.4735107421875,6036.185546875,63.892578125,10.323177797402652,0.04248460947680812,0.4735107421875,0.16863862187499024,0.15539000156249472,0,8,,1,2.111913357400722,12,1887,,6036.185546875,4,38,0.296875,0.15507811484374656,True
0.5,95,8320,1024,0,0,34,34,0.265625,0.0,8192,1.0,4527,0.5526123046875,3368.986328125,47.123046875,12.855811123183479,0.08282397859534817,0.5526123046875,0.16863862187499024,0.15539000156249472,0,8,,0,1.809765797613787,21,1932,,3368.986328125,4,38,0.296875,0.15507811484374656,True
0.5,96,48807,1024,0,0,34,34,0.265625,0.0,8192,1.0,4089,0.4991455078125,2433.5498046875,43.0849609375,14.268401219877418,0.11049145544033544,0.4991455078125,0.16863862187499024,0.15539000156249472,0,8,,2,2.003180039138943,14,1977,,2433.5498046875,4,38,0.296875,0.15507811484374656,True
0.5,97,2675,1024,0,0,34,34,0.265625,0.0,8192,1.0,3616,0.44140625,1900.3134765625,40.1357421875,15.34255112593118,0.35077540553889613,0.44140625,0.16863862187499024,0.15539000156249472,0,8,,5,2.2636237897648686,21,2138,,1900.3134765625,4,38,0.296875,0.15507811484374656,True
0.5,98,37658,1024,0,0,34,34,0.265625,0.0,8192,1.0,3823,0.4666748046875,7437.9423828125,75.9248046875,9.416275510454826,0.028879199017998083,0.4666748046875,0.16863862187499024,0.15539000156249472,0,8,,0,2.1431187859759286,18,1962,,7437.9423828125,4,38,0.296875,0.15507811484374656,True
0.5,99,45710,1024,0,0,34,34,0.265625,0.0,8192,1.0,4525,0.5523681640625,3494.1484375,50.23828125,12.697390102445148,0.09057309873598052,0.5523681640625,0.16863862187499024,0.15539000156249472,0,8,,2,1.8101237842617153,15,2058,,3494.1484375,4,38,0.296875,0.15507811484374656,True
0.5,100,15813,1024,0,0,34,34,0.265625,0.0,8192,1.0,3460,0.42236328125,636.21484375,17.869140625,20.094765633026146,0.2595821774926257,0.42236328125,0.16863862187499024,0.15539000156249472,0,8,,3,2.3668690372940158,20,1575,,636.21484375,4,38,0.296875,0.15507811484374656,True
0.5,101,7135,1024,0,0,34,34,0.265625,0.0,8192,1.0,4222,0.515380859375,939.3740234375,23.4501953125,18.402418144242727,0.20535495455286037,0.515380859375,0.16863862187499024,0.15539000156249472,0,8,,0,1.9400615967780146,17,1673,,939.3740234375,4,38,0.296875,0.15507811484374656,True
0.5,102,31775,1024,0,0,34,34,0.265625,0.0,8192,1.0,3355,0.4095458984375,503.279296875,16.615234375,21.112712954377436,0.209182821681984,0.4095458984375,0.16863862187499024,0.15539000156249472,0,8,,1,2.4412641621943947,14,1566,,503.279296875,4,38,0.296875,0.15507811484374656,True
0.5,103,31772,1024,0,0,34,34,0.265625,0.0,8192,1.0,4082,0.498291015625,2964.904296875,45.54296875,13.41069681383442,0.0879925537140726,0.498291015625,0.16863862187499024,0.15539000156249472,0,8,,0,2.007106101445724,18,1945,,2964.904296875,4,38,0.296875,0.15507811484374656,True
0.5,104,25160,1024,0,0,34,34,0.265625,0.0,8192,1.0,3986,0.486572265625,735.8662109375,20.1279296875,19.462814991570987,0.24153363573859463,0.486572265625,0.16863862187499024,0.15539000156249472,0,8,,0,2.055457967377666,22,1617,,735.8662109375,4,38,0.296875,0.15507811484374656,True
0.5,105,36108,1024,0,0,34,34,0.265625,0.0,8192,1.0,4587,0.5599365234375,5162.275390625,63.1171875,11.002391918420447,0.10781468422925315,0.5599365234375,0.16863862187499024,0.15539000156249472,0,8,,0,1.7856519843000436,11,2141,,5162.275390625,4,38,0.296875,0.15507811484374656,True
0.5,106,1260,1024,0,0,34,34,0.265625,0.0,8192,1.0,4315,0.5267333984375,6449.4248046875,69.3193359375,10.035593772852566,0.07142131163752079,0.5267333984375,0.16863862187499024,0.15539000156249472,0,8,,1,1.8984700973574409,15,2013,,6449.4248046875,4,38,0.296875,0.15507811484374656,True
0.5,107,37885,1024,0,0,34,34,0.265625,0.0,8192,1.0,4227,0.5159912109375,3625.599609375,50.619140625,12.537005194758393,0.08292420630034796,0.5159912109375,0.16863862187499024,0.15539000156249472,0,8,,0,1.9382394699479413,11,2058,,3625.599609375,4,38,0.296875,0.15507811484374656,True
0.5,108,41535,1024,0,0,34,34,0.265625,0.0,8192,1.0,4744,0.5791015625,4315.7001953125,51.1455078125,11.780290935418932,0.12021013844315942,0.5791015625,0.16863862187499024,0.15539000156249472,0,8,,1,1.7267552182163188,14,1846,,4315.7001953125,4,38,0.296875,0.15507811484374656,True
0.5,109,44889,1024,0,0,34,34,0.265625,0.0,8192,1.0,4051,0.4945068359375,2693.748046875,42.07421875,13.827233882519081,0.059684692959080056,0.4945068359375,0.16863862187499024,0.15539000156249472,0,8,,2,2.021728395061728,24,1872,,2693.748046875,4,38,0.296875,0.15507811484374656,True
0.5,110,28184,1024,0,0,34,34,0.265625,0.0,8192,1.0,4652,0.56787109375,1815.2275390625,37.9970703125,15.541492892007287,0.24169266464156902,0.56787109375,0.16863862187499024,0.15539000156249472,0,8,,0,1.7609116319071167,10,1891,,1815.2275390625,4,38,0.296875,0.15507811484374656,True
0.5,111,25319,1024,0,0,34,34,0.265625,0.0,8192,1.0,4186,0.510986328125,2519.4375,42.71484375,14.117767716398223,0.08307065449109885,0.510986328125,0.16863862187499024,0.15539000156249472,0,8,,4,1.9562724014336919,13,1928,,2519.4375,4,38,0.296875,0.15507811484374656,True
0.5,112,11010,1024,0,0,34,34,0.265625,0.0,8192,1.0,3848,0.4697265625,4262.685546875,56.498046875,11.833970644145403,0.12066591097036089,0.4697265625,0.16863862187499024,0.15539000156249472,0,8,,0,2.1291915778528723,12,2087,,4262.685546875,4,38,0.296875,0.15507811484374656,True
0.5,113,33880,1024,0,0,34,34,0.265625,0.0,8192,1.0,3472,0.423828125,1943.8095703125,39.1181640625,15.244266448318784,0.12773275722369137,0.423828125,0.16863862187499024,0.15539000156249472,0,8,,2,2.358686257562662,15,1956,,1943.8095703125,4,38,0.296875,0.15507811484374656,True
0.5,114,19307,1024,0,0,34,34,0.265625,0.0,8192,1.0,3644,0.44482421875,3830.4033203125,51.6318359375,12.298358556814923,0.1635953626052676,0.44482421875,0.16863862187499024,0.15539000156249472,0,8,,2,2.2478726324457865,11,2007,,3830.4033203125,4,38,0.296875,0.15507811484374656,True
0.5,115,12236,1024,0,0,34,34,0.265625,0.0,8192,1.0,5040,0.615234375,10579.806640625,95.21875,7.886026303782855,0.05979170701741647,0.615234375,0.16863862187499024,0.15539000156249472,0,8,,1,1.6253224846199643,14,1839,,10579.806640625,4,38,0.296875,0.15507811484374656,True
0.5,116,13805,1024,0,0,34,34,0.265625,0.0,8192,1.0,3935,0.4803466796875,2919.3623046875,46.9833984375,13.477923648307526,0.13555747429856418,0.4803466796875,0.16863862187499024,0.15539000156249472,0,8,,0,2.0821047280122014,10,2166,,2919.3623046875,4,38,0.296875,0.15507811484374656,True
0.5,117,5814,1024,0,0,34,34,0.265625,0.0,8192,1.0,3895,0.4754638671875,3246.986328125,50.0,13.015999008937014,0.0727520686054031,0.4754638671875,0.16863862187499024,0.15539000156249472,0,8,,1,2.1027221366204416,14,2128,,3246.986328125,4,38,0.296875,0.15507811484374656,True
0.5,118,48485,1024,0,0,34,34,0.265625,0.0,8192,1.0,4124,0.50341796875,2841.62109375,46.65234375,13.595141929288816,0.06040245848042197,0.50341796875,0.16863862187499024,0.15539000156249472,0,8,,1,1.9864176570458405,15,2002,,2841.62109375,4,38,0.296875,0.15507811484374656,True
0.5,119,12248,1024,0,0,34,34,0.265625,0.0,8192,1.0,4463,0.5447998046875,6466.0400390625,71.7880859375,10.0244197134244,0.049974034454280655,0.5447998046875,0.16863862187499024,0.15539000156249472,0,8,,1,1.8354997758852531,11,1913,,6466.0400390625,4,38,0.296875,0.15507811484374656,True
0.5,120,458,1024,0,0,34,34,0.265625,0.0,8192,1.0,4026,0.491455078125,2034.3544921875,36.8447265625,15.046537286102586,0.08751552922907482,0.491455078125,0.16863862187499024,0.15539000156249472,0,8,,0,2.035031055900621,17,1843,,2034.3544921875,4,38,0.296875,0.15507811484374656,True
0.5,121,319,1024,0,0,34,34,0.265625,0.0,8192,1.0,4021,0.4908447265625,6634.478515625,76.3125,9.912735688124524,0.056707304465616074,0.4908447265625,0.16863862187499024,0.15539000156249472,0,8,,1,2.036318407960199,12,2304,,6634.478515625,4,38,0.296875,0.15507811484374656,True
0.5,122,21496,1024,0,0,34,34,0.265625,0.0,8192,1.0,4116,0.50244140625,3364.720703125,51.58203125,12.861313404879347,0.09849864476850408,0.50244140625,0.16863862187499024,0.15539000156249472,0,8,,1,1.9893074119076548,16,2051,,3364.720703125,4,38,0.296875,0.15507811484374656,True
0.5,123,20390,1024,0,0,34,34,0.265625,0.0,8192,1.0,4141,0.5054931640625,1800.990234375,35.51171875,15.575690029448504,0.19243915676930343,0.5054931640625,0.16863862187499024,0.15539000156249472,0,8,,0,1.9785024154589372,16,1844,,1800.990234375,4,38,0.296875,0.15507811484374656,True
0.5,124,33691,1024,0,0,34,34,0.265625,0.0,8192,1.0,3480,0.4248046875,3049.095703125,36.21484375,13.289093049227333,0.10419694429167295,0.4248046875,0.16863862187499024,0.15539000156249472,0,8,,0,2.3544121874101753,22,1659,,3049.095703125,4,38,0.296875,0.15507811484374656,True
0.5,125,33872,1024,0,0,34,34,0.265625,0.0,8192,1.0,4192,0.51171875,2152.5576171875,38.7978515625,14.80125575891254,0.07550787403318619,0.51171875,0.16863862187499024,0.15539000156249472,0,8,,1,1.9541875447387258,13,1903,,2152.5576171875,4,38,0.296875,0.15507811484374656,True
0.5,126,46987,1024,0,0,34,34,0.265625,0.0,8192,1.0,4073,0.4971923828125,2615.638671875,46.04296875,13.955026111427134,0.30243090472440226,0.4971923828125,0.16863862187499024,0.15539000156249472,0,8,,3,2.0108055009823183,13,2031,,2615.638671875,4,38,0.296875,0.15507811484374656,True
0.5,127,26772,1024,0,0,34,34,0.265625,0.0,8192,1.0,4210,0.513916015625,4984.5517578125,58.8876953125,11.15454250950679,0.07145335560310678,0.513916015625,0.16863862187499024,0.15539000156249472,0,8,,0,1.9458303635067713,19,2070,,4984.5517578125,4,38,0.296875,0.15507811484374656,True
0.5,128,7057,1024,0,0,34,34,0.265625,0.0,8192,1.0,3864,0.4716796875,5550.03515625,64.0859375,10.687846267331583,0.11714289587675317,0.4716796875,0.1884494898437481,0.19898988203125612,0,8,,0,2.1201139011131245,9,2048,,5550.03515625,4,38,0.296875,0.19734931718750204,True
0.5,129,30014,1024,0,0,34,34,0.265625,0.0,8192,1.0,4176,0.509765625,4112.173828125,56.798828125,11.990088961744974,0.07634679213209926,0.509765625,0.1884494898437481,0.19898988203125612,0,8,,1,1.961437125748503,14,2053,,4112.173828125,4,38,0.296875,0.19734931718750204,True
0.5,130,48237,1024,0,0,34,34,0.265625,0.0,8192,1.0,5062,0.617919921875,2034.9189453125,39.2353515625,15.045332457364394,0.1711022360462799,0.617919921875,0.1884494898437481,0.19898988203125612,0,8,,0,1.6182572614107884,15,1948,,2034.9189453125,4,38,0.296875,0.19734931718750204,True
0.5,131,4823,1024,0,0,34,34,0.265625,0.0,8192,1.0,4077,0.4976806640625,3683.837890625,50.041015625,12.467798502975159,0.12332033903703508,0.4976806640625,0.1884494898437481,0.19898988203125612,0,8,,1,2.0090775269872423,12,1924,,3683.837890625,4,38,0.296875,0.19734931718750204,True
0.5,132,26627,1024,0,0,34,34,0.265625,0.0,8192,1.0,3900,0.47607421875,3068.078125,45.30859375,13.262139466521107,0.10314676791686665,0.47607421875,0.1884494898437481,0.19898988203125612,0,8,,4,2.099769171582457,14,1908,,3068.078125,4,38,0.296875,0.19734931718750204,True
0.5,133,12293,1024,0,0,34,34,0.265625,0.0,8192,1.0,3972,0.48486328125,1762.3505859375,34.2685546875,15.669880536178049,0.06937870776030863,0.48486328125,0.1884494898437481,0.19898988203125612,0,8,,2,2.0616973054646186,13,1871,,1762.3505859375,4,38,0.296875,0.19734931718750204,True
0.5,134,32803,1024,0,0,34,34,0.265625,0.0,8192,1.0,4950,0.604248046875,1539.390625,32.712890625,16.257315235211323,0.2255642940759438,0.604248046875,0.1884494898437481,0.19898988203125612,0,8,,0,1.6550818347140837,23,1807,,1539.390625,4,38,0.296875,0.19734931718750204,True
0.5,135,41882,1024,0,0,34,34,0.265625,0.0,8192,1.0,4241,0.5177001953125,5102.044921875,66.1015625,11.053360827531861,0.19744519482805695,0.5177001953125,0.1884494898437481,0.19898988203125612,0,8,,1,1.9316037735849056,10,2141,,5102.044921875,4,38,0.296875,0.19734931718750204,True
0.5,136,10235,1024,0,0,34,34,0.265625,0.0,8192,1.0,3592,0.4384765625,1370.041015625,28.796875,16.763467918188248,0.2017966091244534,0.4384765625,0.1884494898437481,0.19898988203125612,0,8,,0,2.280701754385965,17,1790,,1370.041015625,4,38,0.296875,0.19734931718750204,True
0.5,137,30033,1024,0,0,34,34,0.265625,0.0,8192,1.0,4024,0.4912109375,6442.2275390625,71.3486328125,10.040443008601612,0.05665275868833324,0.4912109375,0.1884494898437481,0.19898988203125612,0,8,,0,2.0360427541635597,13,2098,,6442.2275390625,4,38,0.296875,0.19734931718750204,True
0.5,138,20042,1024,0,0,34,34,0.265625,0.0,8192,1.0,4276,0.52197265625,2321.6484375,40.103515625,14.472839048164952,0.04589554758495685,0.52197265625,0.1884494898437481,0.19898988203125612,0,8,,3,1.9153216374269006,17,1908,,2321.6484375,4,38,0.296875,0.19734931718750204,True
0.5,139,29399,1024,0,0,34,34,0.265625,0.0,8192,1.0,3899,0.4759521484375,3619.4658203125,51.8212890625,12.544358810554705,0.13199225639768242,0.4759521484375,0.1884494898437481,0.19898988203125612,0,8,,2,2.100564391995895,15,1991,,3619.4658203125,4,38,0.296875,0.19734931718750204,True
0.5,140,6463,1024,0,0,34,34,0.265625,0.0,8192,1.0,4503,0.5496826171875,2827.087890625,42.6875,13.617410504964994,0.06543497824493201,0.5496826171875,0.1884494898437481,0.19898988203125612,0,8,,5,1.818302976454909,16,1892,,2827.087890625,4,38,0.296875,0.19734931718750204,True
0.5,141,25920,1024,0,0,34,34,0.265625,0.0,8192,1.0,4611,0.5628662109375,1950.7744140625,40.3916015625,15.228733100240124,0.4517162031604,0.5628662109375,0.1884494898437481,0.19898988203125612,0,8,,0,1.7765726681127982,15,1903,,1950.7744140625,4,38,0.296875,0.19734931718750204,True
0.5,142,10327,1024,0,0,34,34,0.265625,0.0,8192,1.0,4075,0.4974365234375,2596.9853515625,40.6259765625,13.98610860893408,0.0476138034104109,0.4974365234375,0.1884494898437481,0.19898988203125612,0,8,,1,2.0103092783505154,13,1887,,2596.9853515625,4,38,0.296875,0.19734931718750204,True
0.5,143,3805,1024,0,0,34,34,0.265625,0.0,8192,1.0,4621,0.5640869140625,1634.333984375,33.857421875,15.997395493388979,0.09967947674960968,0.5640869140625,0.1884494898437481,0.19898988203125612,0,8,,0,1.772943722943723,17,1818,,1634.333984375,4,38,0.296875,0.19734931718750204,True
0.5,144,37879,1024,0,0,34,34,0.265625,0.0,8192,1.0,3641,0.4444580078125,4652.93359375,64.078125,11.453535065022205,0.3845417364334391,0.4444580078125,0.1884494898437481,0.19898988203125612,0,8,,0,2.2502747252747253,14,2415,,4652.93359375,4,38,0.296875,0.19734931718750204,True
0.5,145,22721,1024,0,0,34,34,0.265625,0.0,8192,1.0,4400,0.537109375,2199.6396484375,42.0888671875,14.707288216427411,0.17019123222330015,0.537109375,0.1884494898437481,0.19898988203125612,0,8,,0,1.8620140941122982,15,1897,,2199.6396484375,4,38,0.296875,0.19734931718750204,True
0.5,146,43932,1024,0,0,34,34,0.265625,0.0,8192,1.0,4006,0.489013671875,4647.3251953125,58.9794921875,11.458772976878668,0.053289305109753805,0.489013671875,0.1884494898437481,0.19898988203125612,0,8,,0,2.0441947565543073,12,2006,,4647.3251953125,4,38,0.296875,0.19734931718750204,True
0.5,147,47270,1024,0,0,34,34,0.265625,0.0,8192,1.0,4075,0.4974365234375,3816.8076171875,50.9384765625,12.313800905964376,0.06782654575274388,0.4974365234375,0.1884494898437481,0.19898988203125612,0,8,,0,2.009818360333824,17,1966,,3816.8076171875,4,38,0.296875,0.19734931718750204,True
0.5,148,11091,1024,0,0,34,34,0.265625,0.0,8192,1.0,4410,0.538330078125,1742.509765625,32.50390625,15.719051401551571,0.15631504436924548,0.538330078125,0.1884494898437481,0.19898988203125612,0,8,,0,1.8571104558856883,25,1785,,1742.509765625,4,38,0.296875,0.19734931718750204,True
0.5,149,9736,1024,0,0,34,34,0.265625,0.0,8192,1.0,3687,0.4500732421875,1069.5810546875,26.0166015625,17.83866659132256,0.1428489501216212,0.4500732421875,0.1884494898437481,0.19898988203125612,0,8,,0,2.2216494845360826,15,1729,,1069.5810546875,4,38,0.296875,0.19734931718750204,True
0.5,150,23206,1024,0,0,34,34,0.265625,0.0,8192,1.0,3691,0.4505615234375,3031.9111328125,44.9326171875,13.313638931607844,0.16240345976067852,0.4505615234375,0.1884494898437481,0.19898988203125612,0,8,,1,2.219241192411924,14,2027,,3031.9111328125,4,38,0.296875,0.19734931718750204,True
0.5,151,25039,1024,0,0,34,34,0.265625,0.0,8192,1.0,4283,0.5228271484375,2449.154296875,41.810546875,14.240642143015805,0.0793722082195815,0.5228271484375,0.1884494898437481,0.19898988203125612,0,8,,0,1.9126576366184027,20,1886,,2449.154296875,4,38,0.296875,0.19734931718750204,True
0.5,152,21014,1024,0,0,34,34,0.265625,0.0,8192,1.0,5031,0.6141357421875,8959.6240234375,86.1494140625,8.607905753098432,0.06182608593627123,0.6141357421875,0.1884494898437481,0.19898988203125612,0,8,,1,1.628230616302187,13,1847,,8959.6240234375,4,38,0.296875,0.19734931718750204,True
0.5,153,32412,1024,0,0,34,34,0.265625,0.0,8192,1.0,3721,0.4542236328125,1212.189453125,28.974609375,17.29509859835678,0.12180050903177891,0.4542236328125,0.1884494898437481,0.19898988203125612,0,8,,2,2.2010752688172044,13,1820,,1212.189453125,4,38,0.296875,0.19734931718750204,True
0.5,154,34022,1024,0,0,34,34,0.265625,0.0,8192,1.0,3950,0.482177734375,838.7421875,21.341796875,18.8945187292656,0.255053183930249,0.482177734375,0.1884494898437481,0.19898988203125612,0,8,,0,2.0739427703216005,31,1699,,838.7421875,4,38,0.296875,0.19734931718750204,True
0.5,155,21369,1024,0,0,34,34,0.265625,0.0,8192,1.0,3866,0.471923828125,6344.087890625,73.11328125,10.107111698261683,0.11471799149900822,0.471923828125,0.1884494898437481,0.19898988203125612,0,8,,1,2.1190168175937902,9,2288,,6344.087890625,4,38,0.296875,0.19734931718750204,True
0.5,156,41654,1024,0,0,34,34,0.265625,0.0,8192,1.0,4565,0.5572509765625,3701.705078125,49.72265625,12.446785461390519,0.07818631213996079,0.5572509765625,0.1884494898437481,0.19898988203125612,0,8,,0,1.794697633654689,16,1957,,3701.705078125,4,38,0.296875,0.19734931718750204,True
0.5,157,11953,1024,0,0,34,34,0.265625,0.0,8192,1.0,4567,0.5574951171875,5096.2763671875,61.4951171875,11.058273894428874,0.1005026950792509,0.5574951171875,0.1884494898437481,0.19898988203125612,0,8,,1,1.7936925098554533,14,2018,,5096.2763671875,4,38,0.296875,0.19734931718750204,True
0.5,158,13700,1024,0,0,34,34,0.265625,0.0,8192,1.0,4486,0.547607421875,3258.0634765625,47.1943359375,13.001208194920206,0.13264155813450765,0.547607421875,0.1884494898437481,0.19898988203125612,0,8,,2,1.8258639910813823,21,1986,,3258.0634765625,4,38,0.296875,0.19734931718750204,True
0.5,159,38205,1024,0,0,34,34,0.265625,0.0,8192,1.0,3888,0.474609375,3900.7353515625,56.8134765625,12.219338746050557,0.13125685699494755,0.474609375,0.1884494898437481,0.19898988203125612,0,8,,1,2.106508875739645,14,2302,,3900.7353515625,4,38,0.296875,0.19734931718750204,True
0.5,160,40129,1024,0,0,34,34,0.265625,0.0,8192,1.0,4511,0.5506591796875,6451.02734375,78.755859375,10.034514781407228,0.2521648836542987,0.5506591796875,0.1884494898437481,0.19898988203125612,0,8,,0,1.8159645232815964,9,2432,,6451.02734375,4,38,0.296875,0.19734931718750204,True
0.5,161,17080,1024,0,0,34,34,0.265625,0.0,8192,1.0,4430,0.540771484375,1883.267578125,33.46484375,15.381683311076067,0.09909420121872665,0.540771484375,0.1884494898437481,0.19898988203125612,0,8,,0,1.8489501016030707,32,1885,,1883.267578125,4,38,0.296875,0.19734931718750204,True
0.5,162,1505,1024,0,0,34,34,0.265625,0.0,8192,1.0,4270,0.521240234375,4254.4169921875,56.4580078125,11.842403063000948,0.04277319228722709,0.521240234375,0.1884494898437481,0.19898988203125612,0,8,,1,1.9182478332162098,16,2054,,4254.4169921875,4,38,0.296875,0.19734931718750204,True
0.5,163,36391,1024,0,0,34,34,0.265625,0.0,8192,1.0,4008,0.4892578125,2640.2177734375,42.7705078125,13.91440610550516,0.0718445579630853,0.4892578125,0.1884494898437481,0.19898988203125612,0,8,,1,2.0439231345145994,17,1949,,2640.2177734375,4,38,0.296875,0.19734931718750204,True
0.5,164,24660,1024,0,0,34,34,0.265625,0.0,8192,1.0,3972,0.48486328125,3074.6142578125,45.3134765625,13.252897240774328,0.12105130345547582,0.48486328125,0.1884494898437481,0.19898988203125612,0,8,,3,2.0611936539914377,14,2018,,3074.6142578125,4,38,0.296875,0.19734931718750204,True
0.5,165,24061,1024,0,0,34,34,0.265625,0.0,8192,1.0,4022,0.490966796875,6834.681640625,72.78515625,9.783620709238189,0.14411387738335757,0.490966796875,0.1884494898437481,0.19898988203125612,0,8,,1,2.036806764486446,16,2044,,6834.681640625,4,38,0.296875,0.19734931718750204,True
0.5,166,10964,1024,0,0,34,34,0.265625,0.0,8192,1.0,4240,0.517578125,4025.6044921875,56.6298828125,12.08249256807605,0.11828540796672048,0.517578125,0.1884494898437481,0.19898988203125612,0,8,,2,1.9308799245104977,16,2048,,4025.6044921875,4,38,0.296875,0.19734931718750204,True
0.5,167,20807,1024,0,0,34,34,0.265625,0.0,8192,1.0,4042,0.493408203125,4199.662109375,57.62890625,11.898660109312075,0.06326438295320626,0.493408203125,0.1884494898437481,0.19898988203125612,0,8,,0,2.026973521405593,14,2090,,4199.662109375,4,38,0.296875,0.19734931718750204,True
0.5,168,33388,1024,0,0,34,34,0.265625,0.0,8192,1.0,4192,0.51171875,2934.533203125,46.154296875,13.455413331139424,0.044048989247770946,0.51171875,0.1884494898437481,0.19898988203125612,0,8,,3,1.9537103316630875,14,1954,,2934.533203125,4,38,0.296875,0.19734931718750204,True
0.5,169,34571,1024,0,0,34,34,0.265625,0.0,8192,1.0,4394,0.536376953125,8474.0478515625,83.0556640625,8.84989448806094,0.03670681318801263,0.536376953125,0.1884494898437481,0.19898988203125612,0,8,,1,1.864101980423401,15,2110,,8474.0478515625,4,38,0.296875,0.19734931718750204,True
0.5,170,21194,1024,0,0,34,34,0.265625,0.0,8192,1.0,3860,0.47119140625,3106.341796875,46.955078125,13.208311205732954,0.14427224180289938,0.47119140625,0.1884494898437481,0.19898988203125612,0,8,,2,2.1220523451671416,14,1968,,3106.341796875,4,38,0.296875,0.19734931718750204,True
0.5,171,32696,1024,0,0,34,34,0.265625,0.0,8192,1.0,3659,0.4466552734375,3504.5830078125,48.6005859375,12.68444009943128,0.19865833179336848,0.4466552734375,0.1884494898437481,0.19898988203125612,0,8,,0,2.2389283761618373,13,2028,,3504.5830078125,4,38,0.296875,0.19734931718750204,True
0.5,172,46005,1024,0,0,34,34,0.265625,0.0,8192,1.0,5510,0.672607421875,848.041015625,24.869140625,18.84663503388506,0.5563341379501323,0.672607421875,0.1884494898437481,0.19898988203125612,0,8,,0,1.4868397168270104,9,1842,,848.041015625,4,38,0.296875,0.19734931718750204,True
0.5,173,19269,1024,0,0,34,34,0.265625,0.0,8192,1.0,3682,0.449462890625,5045.89453125,63.04296875,11.10142192168486,0.3884676952758304,0.449462890625,0.1884494898437481,0.19898988203125612,0,8,,1,2.2246672099972833,23,2295,,5045.89453125,4,38,0.296875,0.19734931718750204,True
0.5,174,5503,1024,0,0,34,34,0.265625,0.0,8192,1.0,4500,0.54931640625,3810.068359375,53.01171875,12.32147593110134,0.07742436204148068,0.54931640625,0.1884494898437481,0.19898988203125612,0,8,,0,1.82018226272505,15,2011,,3810.068359375,4,38,0.296875,0.19734931718750204,True
0.5,175,32979,1024,0,0,34,34,0.265625,0.0,8192,1.0,4433,0.5411376953125,3703.0537109375,50.4541015625,12.445203495490633,0.06009812541842248,0.5411376953125,0.1884494898437481,0.19898988203125612,0,8,,1,1.8474729241877257,29,2072,,3703.0537109375,4,38,0.296875,0.19734931718750204,True
0.5,176,32764,1024,0,0,34,34,0.265625,0.0,8192,1.0,4053,0.4947509765625,1969.4833984375,36.0107421875,15.187280365490368,0.10020470400494905,0.4947509765625,0.1884494898437481,0.19898988203125612,0,8,,0,2.0207305034550838,15,1835,,1969.4833984375,4,38,0.296875,0.19734931718750204,True
0.5,177,36396,1024,0,0,34,34,0.265625,0.0,8192,1.0,4303,0.5252685546875,1699.1318359375,31.6279296875,15.828532837064113,0.2728773215428111,0.5252685546875,0.1884494898437481,0.19898988203125612,0,8,,0,1.903998140399814,15,1751,,1699.1318359375,4,38,0.296875,0.19734931718750204,True
0.5,178,16139,1024,0,0,34,34,0.265625,0.0,8192,1.0,3487,0.4256591796875,1572.6904296875,36.2353515625,16.16437116890357,0.5596157426326178,0.4256591796875,0.1884494898437481,0.19898988203125612,0,8,,3,2.348823866896156,18,2205,,1572.6904296875,4,38,0.296875,0.19734931718750204,True
0.5,179,32110,1024,0,0,34,34,0.265625,0.0,8192,1.0,4899,0.5980224609375,7178.4912109375,73.4130859375,9.570471878820374,0.08705694040389704,0.5980224609375,0.1884494898437481,0.19898988203125612,0,8,,1,1.671906900775827,14,1933,,7178.4912109375,4,38,0.296875,0.19734931718750204,True
0.5,180,37930,1024,0,0,34,34,0.265625,0.0,8192,1.0,4089,0.4991455078125,5150.8955078125,62.9931640625,11.011976210903654,0.08165297301726776,0.4991455078125,0.1884494898437481,0.19898988203125612,0,8,,2,2.003180039138943,22,2058,,5150.8955078125,4,38,0.296875,0.19734931718750204,True
0.5,181,5624,1024,0,0,34,34,0.265625,0.0,8192,1.0,4520,0.5517578125,1152.6328125,28.9140625,17.513893821965354,0.13263265878177552,0.5517578125,0.1884494898437481,0.19898988203125612,0,8,,2,1.8110201371984953,16,1758,,1152.6328125,4,38,0.296875,0.19734931718750204,True
0.5,182,37946,1024,0,0,34,34,0.265625,0.0,8192,1.0,3993,0.4874267578125,3199.9375,49.591796875,13.079388649449402,0.14898913606190373,0.4874267578125,0.1884494898437481,0.19898988203125612,0,8,,1,2.051352705410822,12,1936,,3199.9375,4,38,0.296875,0.19734931718750204,True
0.5,183,6616,1024,0,0,34,34,0.265625,0.0,8192,1.0,4220,0.51513671875,3840.8046875,51.150390625,12.28658137872917,0.0696918894560289,0.51513671875,0.1884494898437481,0.19898988203125612,0,8,,0,1.9414553211661532,15,1959,,3840.8046875,4,38,0.296875,0.19734931718750204,True
0.5,184,11706,1024,0,0,34,34,0.265625,0.0,8192,1.0,4026,0.491455078125,3518.271484375,50.740234375,12.667510124955065,0.11130371641123099,0.491455078125,0.1884494898437481,0.19898988203125612,0,8,,1,2.034782608695652,10,2140,,3518.271484375,4,38,0.296875,0.19734931718750204,True
0.5,185,10558,1024,0,0,34,34,0.265625,0.0,8192,1.0,4476,0.54638671875,8375.1015625,84.193359375,8.900902785601172,0.10204708301923321,0.54638671875,0.1884494898437481,0.19898988203125612,0,8,,1,1.830167597765363,15,2082,,8375.1015625,4,38,0.296875,0.19734931718750204,True
0.5,186,18351,1024,0,0,34,34,0.265625,0.0,8192,1.0,4923,0.6009521484375,7762.95703125,74.408203125,9.23053178561593,0.045260366125777426,0.6009521484375,0.1884494898437481,0.19898988203125612,0,8,,1,1.6639577407557904,15,1777,,7762.95703125,4,38,0.296875,0.19734931718750204,True
0.5,187,15023,1024,0,0,34,34,0.265625,0.0,8192,1.0,4629,0.5650634765625,2185.2685546875,32.1962890625,14.735755444347205,0.19212679452060016,0.5650634765625,0.1884494898437481,0.19898988203125612,0,8,,1,1.7696629213483146,22,1599,,2185.2685546875,4,38,0.296875,0.19734931718750204,True
0.5,188,9490,1024,0,0,34,34,0.265625,0.0,8192,1.0,3968,0.484375,3389.822265625,49.40234375,12.829034328954627,0.15005692412016042,0.484375,0.1884494898437481,0.19898988203125612,0,8,,1,2.0645323922359466,14,2066,,3389.822265625,4,38,0.296875,0.19734931718750204,True
0.5,189,6355,1024,0,0,34,34,0.265625,0.0,8192,1.0,3745,0.4571533203125,5137.4365234375,66.0126953125,11.023338919577274,0.25292047348872265,0.4571533203125,0.1884494898437481,0.19898988203125612,0,8,,0,2.1875,13,2285,,5137.4365234375,4,38,0.296875,0.19734931718750204,True
0.5,190,8857,1024,0,0,34,34,0.265625,0.0,8192,1.0,3553,0.4337158203125,1147.3115234375,31.4150390625,17.533990052678263,0.3699455364669719,0.4337158203125,0.1884494898437481,0.19898988203125612,0,8,,3,2.3046171171171173,14,1871,,1147.3115234375,4,38,0.296875,0.19734931718750204,True
0.5,191,31811,1024,0,0,34,34,0.265625,0.0,8192,1.0,4726,0.576904296875,6673.4716796875,72.9228515625,9.887285390823223,0.1803110031897244,0.576904296875,0.1884494898437481,0.19898988203125612,0,8,,1,1.733121693121693,15,2101,,6673.4716796875,4,38,0.296875,0.19734931718750204,True
0.5,192,10400,1024,0,0,34,34,0.265625,0.0,8192,1.0,4107,0.5013427734375,810.955078125,21.685546875,19.040835632076384,0.17320046473790784,0.5013427734375,0.1884494898437481,0.19898988203125612,0,8,,0,1.994154895275207,16,1631,,810.955078125,4,38,0.296875,0.19734931718750204,True
0.5,193,275,1024,0,0,34,34,0.265625,0.0,8192,1.0,4347,0.5306396484375,4538.25390625,58.68359375,11.561915707296272,0.04797571591458879,0.5306396484375,0.1884494898437481,0.19898988203125612,0,8,,0,1.8847215830648874,14,2058,,4538.25390625,4,38,0.296875,0.19734931718750204,True
0.5,194,26152,1024,0,0,34,34,0.265625,0.0,8192,1.0,4451,0.5433349609375,4597.125,54.654296875,11.505940480960264,0.06083635868667845,0.5433349609375,0.1884494898437481,0.19898988203125612,0,8,,1,1.8402247191011236,17,1853,,4597.125,4,38,0.296875,0.19734931718750204,True
0.5,195,13037,1024,0,0,34,34,0.265625,0.0,8192,1.0,4530,0.552978515625,8096.3720703125,76.2998046875,9.047899028283826,0.0462732585907646,0.552978515625,0.1884494898437481,0.19898988203125612,0,8,,1,1.808125413998675,15,1868,,8096.3720703125,4,38,0.296875,0.19734931718750204,True
0.5,196,41203,1024,0,0,34,34,0.265625,0.0,8192,1.0,4652,0.56787109375,2418.9599609375,40.5224609375,14.294516809673015,0.08231966485574564,0.56787109375,0.1884494898437481,0.19898988203125612,0,8,,0,1.7609116319071167,17,1906,,2418.9599609375,4,38,0.296875,0.19734931718750204,True
0.5,197,43709,1024,0,0,34,34,0.265625,0.0,8192,1.0,4134,0.504638671875,3259.857421875,45.44921875,12.998817553542786,0.3854116847647771,0.504638671875,0.1884494898437481,0.19898988203125612,0,8,,2,1.981369465279458,15,1958,,3259.857421875,4,38,0.296875,0.19734931718750204,True
0.5,198,43572,1024,0,0,34,34,0.265625,0.0,8192,1.0,3689,0.4503173828125,3385.8095703125,45.5849609375,12.83417832637867,0.1254792156409533,0.4503173828125,0.1884494898437481,0.19898988203125612,0,8,,1,2.2204446854663775,15,1940,,3385.8095703125,4,38,0.296875,0.19734931718750204,True
0.5,199,23390,1024,0,0,34,34,0.265625,0.0,8192,1.0,4771,0.5823974609375,2172.912109375,35.75,14.760382006704427,0.11398268018899524,0.5823974609375,0.1884494898437481,0.19898988203125612,0,8,,0,1.7171907756813418,12,1803,,2172.912109375,4,38,0.296875,0.19734931718750204,True
0.55,0,712,1024,8,1,34,35,0.2734375,0.0078125,8184,0.9990234375,3771,0.4607771260997067,2151.134765625,33.140625,14.804127416780762,0.16816798229377816,0.4603271484375,0.1884494898437481,0.19898988203125612,1,9,9.0,2,2.1721485411140584,23,1757,,2151.134765625,4,38,0.296875,0.19734931718750204,True
0.55,1,24774,1024,7,1,34,35,0.2734375,0.0068359375,8185,0.9991455078125,3776,0.4613317043372022,3373.791015625,48.146484375,12.849621834956064,0.07553281386816955,0.4609375,0.1884494898437481,0.19898988203125612,1,9,9.0,5,2.168476821192053,14,1990,,3373.791015625,4,38,0.296875,0.19734931718750204,True
0.55,2,45142,1024,5,1,34,35,0.2734375,0.0048828125,8187,0.9993896484375,3464,0.42310980823256383,3551.9521484375,50.8134765625,12.626132544960115,0.07353587248064125,0.4228515625,0.1884494898437481,0.19898988203125612,1,9,9.0,3,2.3632688420444703,9,2036,,3551.9521484375,4,38,0.296875,0.19734931718750204,True
0.55,3,27119,1024,7,1,34,35,0.2734375,0.0068359375,8185,0.9991455078125,3647,0.4455711667684789,8808.0419921875,87.0419921875,8.68200984407866,0.06782632771205438,0.4451904296875,0.1884494898437481,0.19898988203125612,1,9,9.0,1,2.246023038946791,13,2038,,8808.0419921875,4,38,0.296875,0.19734931718750204,True
0.55,4,21139,1024,10,2,34,36,0.28125,0.009765625,8182,0.998779296875,3842,0.4695673429479345,1620.9462890625,34.5224609375,16.033117363650067,0.1788485908741464,0.468994140625,0.1884494898437481,0.19898988203125612,2,10,5.0,20,2.1273105961989067,11,2062,0.0,1624.118395303327,5,39,0.3046875,0.19734931718750204,True
0.55,5,19129,1024,6,1,34,35,0.2734375,0.005859375,8186,0.999267578125,4361,0.5327388223796726,3264.6533203125,49.9248046875,12.992432913576348,0.07816415390740825,0.5323486328125,0.1884494898437481,0.19898988203125612,1,9,9.0,2,1.8782110091743118,12,2068,,3264.6533203125,4,38,0.296875,0.19734931718750204,True
0.55,6,6433,1024,9,2,34,36,0.28125,0.0087890625,8183,0.9989013671875,3392,0.4145179029695711,1141.6220703125,26.5673828125,17.555580047186766,0.16527228969094046,0.4140625,0.1884494898437481,0.19898988203125612,2,10,5.0,7,2.4128575641403716,8,1889,,1141.6220703125,5,39,0.3046875,0.19734931718750204,True
0.55,7,38854,1024,7,1,34,35,0.2734375,0.0068359375,8185,0.9991455078125,4034,0.49285277947464873,3472.4912109375,48.0810546875,12.724392056796178,0.07172544121463015,0.492431640625,0.1884494898437481,0.19898988203125612,1,9,9.0,14,2.0275229357798166,14,1941,0.0,3475.885630498534,4,38,0.296875,0.19734931718750204,True
0.55,8,22489,1024,9,2,34,36,0.28125,0.0087890625,8183,0.9989013671875,3692,0.45117927410485154,2826.0400390625,40.7822265625,13.619020502694815,0.12281050464521685,0.45068359375,0.1884494898437481,0.19898988203125612,2,10,5.0,4,2.217827147114603,21,1788,,2826.0400390625,5,39,0.3046875,0.19734931718750204,True
0.55,9,31104,1024,6,1,34,35,0.2734375,0.005859375,8186,0.999267578125,3956,0.48326410945516735,5936.1591796875,68.7626953125,10.39574822718735,0.08934110640363724,0.48291015625,0.1884494898437481,0.19898988203125612,1,9,9.0,1,2.070037926675095,11,2178,,5936.1591796875,4,38,0.296875,0.19734931718750204,True
0.55,10,21349,1024,6,1,34,35,0.2734375,0.005859375,8186,0.999267578125,3399,0.4152211092108478,1024.4189453125,24.3251953125,18.026027592786694,0.12008413932297855,0.4149169921875,0.1884494898437481,0.19898988203125612,1,9,9.0,3,2.4096527369040612,14,1708,,1024.4189453125,4,38,0.296875,0.19734931718750204,True
0.55,11,29116,1024,7,1,34,35,0.2734375,0.0068359375,8185,0.9991455078125,4086,0.49920586438607206,4028.4384765625,54.6025390625,12.079436255038154,0.10682284471832876,0.498779296875,0.1884494898437481,0.19898988203125612,1,9,9.0,1,2.004161566707466,14,1968,,4028.4384765625,4,38,0.296875,0.19734931718750204,True
0.55,12,10772,1024,7,1,34,35,0.2734375,0.0068359375,8185,0.9991455078125,4065,0.49664019547953575,6425.796875,67.705078125,10.051533678598364,0.02631489117464914,0.4962158203125,0.1884494898437481,0.19898988203125612,1,9,9.0,2,2.015009842519685,14,2068,,6425.796875,4,38,0.296875,0.19734931718750204,True
0.55,13,18332,1024,8,1,34,35,0.2734375,0.0078125,8184,0.9990234375,4202,0.5134408602150538,2697.60546875,44.97265625,13.82101927494162,0.08030483430402743,0.512939453125,0.1884494898437481,0.19898988203125612,1,9,9.0,8,1.9476315163056415,13,1963,0.0,2700.242424242424,4,38,0.296875,0.19734931718750204,True
0.55,14,1003,1024,6,1,34,35,0.2734375,0.005859375,8186,0.999267578125,4197,0.512704617639873,3101.138671875,44.5078125,13.215591740941193,0.07344862188181771,0.5123291015625,0.1884494898437481,0.19898988203125612,1,9,9.0,1,1.951620591039085,13,1849,,3101.138671875,4,38,0.296875,0.19734931718750204,True
0.55,15,22156,1024,6,1,34,35,0.2734375,0.005859375,8186,0.999267578125,4498,0.5494747129245052,5180.7900390625,63.7802734375,10.986843687977863,0.05160205000358813,0.549072265625,0.1884494898437481,0.19898988203125612,1,9,9.0,2,1.8209917722926396,16,2005,,5180.7900390625,4,38,0.296875,0.19734931718750204,True
0.55,16,26453,1024,5,1,34,35,0.2734375,0.0048828125,8187,0.9993896484375,3464,0.42310980823256383,1904.8056640625,29.3310546875,15.332296870665134,0.14007320058484943,0.4228515625,0.1884494898437481,0.19898988203125612,1,9,9.0,2,2.364423909904707,8,1970,,1904.8056640625,4,38,0.296875,0.19734931718750204,True
0.55,17,17039,1024,6,1,34,35,0.2734375,0.005859375,8186,0.999267578125,3499,0.42743708771072564,2887.6865234375,48.6435546875,13.525303148132872,0.2824250712710465,0.4271240234375,0.1884494898437481,0.19898988203125612,1,9,9.0,2,2.341052029731275,9,2137,,2887.6865234375,4,38,0.296875,0.19734931718750204,True
0.55,18,7166,1024,6,1,34,35,0.2734375,0.005859375,8186,0.999267578125,4217,0.5151478133398485,3874.7119140625,50.2705078125,12.248409427440304,0.12980331265747772,0.5147705078125,0.1884494898437481,0.19898988203125612,1,9,9.0,1,1.9425996204933587,18,1812,,3874.7119140625,4,38,0.296875,0.19734931718750204,True
0.55,19,48310,1024,7,1,34,35,0.2734375,0.0068359375,8185,0.9991455078125,4052,0.4950519242516799,3937.666015625,54.2109375,12.17841483429001,0.08854617315935187,0.49462890625,0.1884494898437481,0.19898988203125612,1,9,9.0,1,2.0214761787213034,14,2027,,3937.666015625,4,38,0.296875,0.19734931718750204,True
0.55,20,12187,1024,7,1,34,35,0.2734375,0.0068359375,8185,0.9991455078125,3850,0.4703726328649969,1686.90234375,33.419921875,15.85990419237941,0.2229521628236814,0.469970703125,0.1884494898437481,0.19898988203125612,1,9,9.0,12,2.1247077162899455,13,1692,0.0,1688.5513196480938,4,38,0.296875,0.19734931718750204,True
0.55,21,20284,1024,6,1,34,35,0.2734375,0.005859375,8186,0.999267578125,2855,0.34876618617151234,816.404296875,14.25390625,19.011750790519628,0.27158764560636045,0.3485107421875,0.1884494898437481,0.19898988203125612,1,9,9.0,13,2.865451997196917,10,1454,0.0,817.2023460410558,4,38,0.296875,0.19734931718750204,True
0.55,22,1052,1024,9,2,34,36,0.28125,0.0087890625,8183,0.9989013671875,3759,0.4593669803250642,2484.876953125,38.80859375,14.177754727892635,0.06178321718035133,0.4588623046875,0.1884494898437481,0.19898988203125612,2,10,5.0,4,2.1780202235231507,11,2021,,2484.876953125,5,39,0.3046875,0.19734931718750204,True
0.55,23,13752,1024,6,1,34,35,0.2734375,0.005859375,8186,0.999267578125,3679,0.44942584901050575,484.6162109375,14.9033203125,21.27682423202312,0.42263588151440523,0.4490966796875,0.1884494898437481,0.19898988203125612,1,9,9.0,15,2.22294725394236,9,1815,0.0,485.0899315738025,4,38,0.296875,0.19734931718750204,True
0.55,24,37139,1024,6,1,34,35,0.2734375,0.005859375,8186,0.999267578125,4147,0.506596628389934,5588.2744140625,66.9091796875,10.658026367280296,0.06161163367994582,0.5062255859375,0.1884494898437481,0.19898988203125612,1,9,9.0,1,1.9749155812831645,12,2067,,5588.2744140625,4,38,0.296875,0.19734931718750204,True
0.55,25,29727,1024,10,2,34,36,0.28125,0.009765625,8182,0.998779296875,4138,0.5057443167929602,5762.6767578125,60.6591796875,10.52456101209418,0.0765656923400663,0.505126953125,0.1884494898437481,0.19898988203125612,2,10,5.0,11,1.9770364998791394,11,1945,0.0,5768.309872922776,5,39,0.3046875,0.19734931718750204,True
0.55,26,41854,1024,14,2,34,36,0.28125,0.013671875,8178,0.998291015625,3313,0.40511127415015896,553.650390625,18.958984375,20.698447502023715,0.27605679262694616,0.4044189453125,0.1884494898437481,0.19898988203125612,2,10,5.0,13,2.4692028985507246,12,1795,0.0,554.1915933528837,5,39,0.3046875,0.19734931718750204,True
0.55,27,40333,1024,10,2,34,36,0.28125,0.009765625,8182,0.998779296875,4524,0.5529210461989733,7457.1318359375,78.7900390625,9.405085397413123,0.06028327585582576,0.55224609375,0.1884494898437481,0.19898988203125612,2,10,5.0,8,1.8089763431350874,21,1904,0.0,7464.421309872922,5,39,0.3046875,0.19734931718750204,True
0.55,28,33248,1024,6,1,34,35,0.2734375,0.005859375,8186,0.999267578125,3513,0.42914732470070854,3696.841796875,50.154296875,12.452494951512572,0.18254373507683894,0.4288330078125,0.1884494898437481,0.19898988203125612,1,9,9.0,1,2.332004555808656,14,1989,,3696.841796875,4,38,0.296875,0.19734931718750204,True
0.55,29,9680,1024,8,1,34,35,0.2734375,0.0078125,8184,0.9990234375,3839,0.46908602150537637,6171.8994140625,64.0712890625,10.226615212917023,0.036595972923603746,0.4686279296875,0.1884494898437481,0.19898988203125612,1,9,9.0,2,2.1331422615945805,15,1969,,6171.8994140625,5,39,0.3046875,0.19734931718750204,True
0.55,30,16805,1024,6,1,34,35,0.2734375,0.005859375,8186,0.999267578125,3584,0.4378206694356218,1864.3671875,35.11328125,15.425489100385402,0.14314255428744424,0.4375,0.1884494898437481,0.19898988203125612,1,9,9.0,5,2.28467764443204,11,1990,,1864.3671875,4,38,0.296875,0.19734931718750204,True
0.55,31,14652,1024,5,1,34,35,0.2734375,0.0048828125,8187,0.9993896484375,3487,0.4259191401001588,1050.712890625,27.849609375,17.915963004549017,0.25922926160119747,0.4256591796875,0.1884494898437481,0.19898988203125612,1,9,9.0,3,2.3479632816982217,17,1835,,1050.712890625,4,38,0.296875,0.19734931718750204,True
0.55,32,15793,1024,7,1,34,35,0.2734375,0.0068359375,8185,0.9991455078125,3731,0.4558338423946243,2368.267578125,31.40625,14.386495913904788,0.37276924272267703,0.4554443359375,0.1884494898437481,0.19898988203125612,1,9,9.0,2,2.1951742627345845,8,1957,,2368.267578125,4,38,0.296875,0.19734931718750204,True
0.55,33,30210,1024,6,1,34,35,0.2734375,0.005859375,8186,0.999267578125,4144,0.5062301490349377,7145.3994140625,76.1123046875,9.590538508374763,0.2710585291341332,0.505859375,0.1884494898437481,0.19898988203125612,1,9,9.0,1,1.9765870142408883,14,1995,,7145.3994140625,4,38,0.296875,0.19734931718750204,True
0.55,34,47426,1024,6,1,34,35,0.2734375,0.005859375,8186,0.999267578125,4166,0.5089176643049108,9258.0380859375,88.4560546875,8.465613978064638,0.048300100847115446,0.508544921875,0.1884494898437481,0.19898988203125612,1,9,9.0,2,1.9661464585834334,15,2199,,9258.0380859375,4,38,0.296875,0.19734931718750204,True
0.55,35,20875,1024,10,2,34,36,0.28125,0.009765625,8182,0.998779296875,3673,0.44891224639452454,2754.5888671875,38.1748046875,13.730235729381715,0.09590771512614281,0.4483642578125,0.1884494898437481,0.19898988203125612,2,10,5.0,11,2.227124183006536,10,1942,0.0,2757.2815249266864,5,39,0.3046875,0.19734931718750204,True
0.55,36,4161,1024,8,1,34,35,0.2734375,0.0078125,8184,0.9990234375,3968,0.48484848484848486,7274.5078125,73.314453125,9.512767462403946,0.07819865256268047,0.484375,0.1884494898437481,0.19898988203125612,1,9,9.0,2,2.064280312578775,11,2120,,7274.5078125,5,39,0.3046875,0.19734931718750204,True
0.55,37,40340,1024,6,1,34,35,0.2734375,0.005859375,8186,0.999267578125,4462,0.5450769606645492,2914.6201171875,45.2080078125,13.484984027198193,0.1577520354191302,0.544677734375,0.1884494898437481,0.19898988203125612,1,9,9.0,2,1.8356870656803408,29,1913,,2914.6201171875,4,38,0.296875,0.19734931718750204,True
0.55,38,28286,1024,5,1,34,35,0.2734375,0.0048828125,8187,0.9993896484375,3832,0.4680591181140833,4733.525390625,48.970703125,11.378956498531423,0.1796514777732914,0.4677734375,0.1884494898437481,0.19898988203125612,1,9,9.0,2,2.13677890890107,15,1982,,4733.525390625,4,38,0.296875,0.19734931718750204,True
0.55,39,13256,1024,6,1,34,35,0.2734375,0.005859375,8186,0.999267578125,3793,0.4633520645003665,2069.615234375,38.59765625,14.971907483191417,0.10288057456284252,0.4630126953125,0.1884494898437481,0.19898988203125612,1,9,9.0,2,2.159018987341772,14,1907,,2069.615234375,4,38,0.296875,0.19734931718750204,True
0.55,40,48934,1024,8,1,34,35,0.2734375,0.0078125,8184,0.9990234375,3581,0.43756109481915934,5426.7509765625,54.9580078125,10.785404677914968,0.02895243951208143,0.4371337890625,0.1884494898437481,0.19898988203125612,1,9,9.0,2,2.287150837988827,14,2090,,5426.7509765625,5,39,0.3046875,0.19734931718750204,True
0.55,41,11935,1024,13,2,34,36,0.28125,0.0126953125,8179,0.9984130859375,4459,0.5451766719647879,3700.5673828125,54.1240234375,12.448120442783878,0.10506235487770137,0.5443115234375,0.1884494898437481,0.19898988203125612,2,10,5.0,18,1.8328847016599372,14,1932,0.0,3707.8091976516635,5,39,0.3046875,0.19734931718750204,True
0.55,42,48447,1024,5,1,34,35,0.2734375,0.0048828125,8187,0.9993896484375,3492,0.42652986441920115,792.9658203125,20.0361328125,19.138258928057745,0.15654530857841278,0.42626953125,0.1884494898437481,0.19898988203125612,1,9,9.0,4,2.3451733027785733,23,1596,,792.9658203125,4,38,0.296875,0.19734931718750204,True
0.55,43,15492,1024,6,1,34,35,0.2734375,0.005859375,8186,0.999267578125,3886,0.4747129245052529,1569.453125,29.62109375,16.173320117511526,0.07152709854909949,0.474365234375,0.1884494898437481,0.19898988203125612,1,9,9.0,2,2.1055341055341055,13,1776,,1569.453125,4,38,0.296875,0.19734931718750204,True
0.55,44,32513,1024,9,2,34,36,0.28125,0.0087890625,8183,0.9989013671875,3268,0.39936453623365514,2223.2001953125,39.0751953125,14.661017889449708,0.221968404543861,0.39892578125,0.1884494898437481,0.19898988203125612,2,10,5.0,10,2.5041322314049586,13,1915,0.0,2225.373411534702,5,39,0.3046875,0.19734931718750204,True
0.55,45,36099,1024,6,1,34,35,0.2734375,0.005859375,8186,0.999267578125,4327,0.5285853896897141,5669.4345703125,67.7509765625,10.595406133044825,0.10745585461884744,0.5281982421875,0.1884494898437481,0.19898988203125612,1,9,9.0,1,1.8929727230698103,16,2006,,5669.4345703125,4,38,0.296875,0.19734931718750204,True
0.55,46,39260,1024,5,1,34,35,0.2734375,0.0048828125,8187,0.9993896484375,3174,0.3876877977281055,2026.0654296875,38.4990234375,15.064268945260771,0.25382015719225753,0.387451171875,0.1884494898437481,0.19898988203125612,1,9,9.0,3,2.5802080050425467,17,1888,,2026.0654296875,4,38,0.296875,0.19734931718750204,True
0.55,47,46517,1024,7,1,34,35,0.2734375,0.0068359375,8185,0.9991455078125,3977,0.48588882101405007,2951.6689453125,46.8408203125,13.430127147922766,0.2228837448336144,0.4854736328125,0.1884494898437481,0.19898988203125612,1,9,9.0,3,2.058853118712274,15,1986,,2951.6689453125,4,38,0.296875,0.19734931718750204,True
0.55,48,33095,1024,7,1,34,35,0.2734375,0.0068359375,8185,0.9991455078125,4111,0.5022602321319487,4901.52734375,56.626953125,11.227489311240513,0.08506610133662015,0.5018310546875,0.1884494898437481,0.19898988203125612,1,9,9.0,4,1.9912408759124087,12,1827,,4901.52734375,4,38,0.296875,0.19734931718750204,True
0.55,49,3,1024,5,1,34,35,0.2734375,0.0048828125,8187,0.9993896484375,4098,0.5005496518871382,1708.466796875,30.056640625,15.804738179286748,0.15966002570069587,0.500244140625,0.1884494898437481,0.19898988203125612,1,9,9.0,2,1.998779594825482,15,2068,,1708.466796875,4,38,0.296875,0.19734931718750204,True
0.55,50,21683,1024,7,1,34,35,0.2734375,0.0068359375,8185,0.9991455078125,3668,0.4481368356750153,5018.8544921875,51.9365234375,11.124757561713267,0.11292099788656122,0.44775390625,0.1884494898437481,0.19898988203125612,1,9,9.0,2,2.233160621761658,14,1914,,5018.8544921875,4,38,0.296875,0.19734931718750204,True
0.55,51,13446,1024,6,1,34,35,0.2734375,0.005859375,8186,0.999267578125,4095,0.5002443195699976,4968.1787109375,61.7470703125,11.168831513608037,0.04371838858580407,0.4998779296875,0.1884494898437481,0.19898988203125612,1,9,9.0,2,1.999267220322423,15,2075,,4968.1787109375,4,38,0.296875,0.19734931718750204,True
0.55,52,49515,1024,8,1,34,35,0.2734375,0.0078125,8184,0.9990234375,3488,0.426197458455523,2236.5380859375,40.9306640625,14.635040627090401,0.18278590968533454,0.42578125,0.1884494898437481,0.19898988203125612,1,9,9.0,1,2.3472899340407225,14,2003,,2236.5380859375,4,38,0.296875,0.19734931718750204,True
0.55,53,27943,1024,5,1,34,35,0.2734375,0.0048828125,8187,0.9993896484375,4097,0.5004275070233297,4589.671875,60.55078125,11.512987228188113,0.09895839369604692,0.5001220703125,0.1884494898437481,0.19898988203125612,1,9,9.0,7,1.998046875,13,2032,,4589.671875,4,38,0.296875,0.19734931718750204,True
0.55,54,29059,1024,6,1,34,35,0.2734375,0.005859375,8186,0.999267578125,4140,0.5057415098949426,4882.3564453125,61.0458984375,11.244508781707284,0.05467809751197657,0.50537109375,0.1884494898437481,0.19898988203125612,1,9,9.0,9,1.9768059917854555,14,2063,0.0,4887.129032258064,4,38,0.296875,0.19734931718750204,True
0.55,55,32738,1024,6,1,34,35,0.2734375,0.005859375,8186,0.999267578125,3608,0.4407525042755925,1418.1669921875,28.0654296875,16.61352987908402,0.44111728323568306,0.4404296875,0.1884494898437481,0.19898988203125612,1,9,9.0,23,2.264208483504297,13,1747,0.0,1420.9422700587083,4,38,0.296875,0.19734931718750204,True
0.55,56,445,1024,7,1,34,35,0.2734375,0.0068359375,8185,0.9991455078125,3857,0.4712278558338424,6977.7451171875,65.4052734375,9.693652593586691,0.05287646827113784,0.4708251953125,0.22351965546874908,0.21585872734375755,1,9,9.0,28,2.116960580912863,12,2024,0.0,6998.247796278159,4,38,0.296875,0.22618932031249983,True
0.55,57,32216,1024,5,1,34,35,0.2734375,0.0048828125,8187,0.9993896484375,4167,0.508977647489923,11999.1728515625,90.8701171875,7.339290513522223,0.07433462179170484,0.5086669921875,0.22351965546874908,0.21585872734375755,1,9,9.0,2,1.9656745079212674,9,2020,,11999.1728515625,4,38,0.296875,0.22618932031249983,True
0.55,58,18250,1024,7,1,34,35,0.2734375,0.0068359375,8185,0.9991455078125,4032,0.4926084300549786,1672.41796875,32.76953125,15.897355358288962,0.08833536834409944,0.4921875,0.22351965546874908,0.21585872734375755,1,9,9.0,5,2.030761597618457,16,1768,,1672.41796875,4,38,0.296875,0.22618932031249983,True
0.55,59,1684,1024,8,1,34,35,0.2734375,0.0078125,8184,0.9990234375,3622,0.4425708699902248,3059.8076171875,47.0361328125,13.273862394256831,0.09567339982733314,0.442138671875,0.22351965546874908,0.21585872734375755,1,9,9.0,3,2.260701463684065,13,2111,,3059.8076171875,5,39,0.3046875,0.22618932031249983,True
0.55,60,2899,1024,9,2,34,36,0.28125,0.0087890625,8183,0.9989013671875,3685,0.45032384211169496,2149.5732421875,42.1025390625,14.80728113491665,0.15557071173168244,0.4498291015625,0.22351965546874908,0.21585872734375755,2,10,5.0,2,2.222584147665581,7,2282,,2149.5732421875,5,39,0.3046875,0.22618932031249983,True
0.55,61,39428,1024,7,1,34,35,0.2734375,0.0068359375,8185,0.9991455078125,4276,0.5224190592547343,4308.4990234375,59.3818359375,11.787543620233041,0.11269784480742796,0.52197265625,0.22351965546874908,0.21585872734375755,1,9,9.0,1,1.9157894736842105,16,2113,,4308.4990234375,4,38,0.296875,0.22618932031249983,True
0.55,62,40758,1024,8,1,34,35,0.2734375,0.0078125,8184,0.9990234375,4079,0.4984115347018573,5240.255859375,54.857421875,10.93727868616637,0.032167246020471836,0.4979248046875,0.22351965546874908,0.21585872734375755,1,9,9.0,1,2.0083374203040707,11,1969,,5240.255859375,4,38,0.296875,0.22618932031249983,True
0.55,63,29154,1024,8,1,34,35,0.2734375,0.0078125,8184,0.9990234375,3998,0.488514173998045,3974.3046875,51.921875,12.13819201912042,0.09395670217993102,0.488037109375,0.22351965546874908,0.21585872734375755,1,9,9.0,4,2.0482862146609957,15,2044,,3974.3046875,4,38,0.296875,0.22618932031249983,True
0.55,64,43958,1024,8,1,34,35,0.2734375,0.0078125,8184,0.9990234375,4048,0.4946236559139785,2507.33203125,44.818359375,14.138685120347287,0.1268348412744946,0.494140625,0.22351965546874908,0.21585872734375755,1,9,9.0,4,2.022979985174203,7,2115,,2507.33203125,5,39,0.3046875,0.22618932031249983,True
0.55,65,33814,1024,6,1,34,35,0.2734375,0.005859375,8186,0.999267578125,4106,0.5015880772049841,4946.076171875,59.599609375,11.188195604539832,0.050410023010136154,0.501220703125,0.22351965546874908,0.21585872734375755,1,9,9.0,1,1.994884287454324,16,1974,,4946.076171875,4,38,0.296875,0.22618932031249983,True
0.55,66,34153,1024,7,1,34,35,0.2734375,0.0068359375,8185,0.9991455078125,3994,0.48796579108124616,3069.9150390625,46.0947265625,13.259540044711514,0.09596530982670477,0.487548828125,0.22351965546874908,0.21585872734375755,1,9,9.0,2,2.050588529927373,12,1964,,3069.9150390625,4,38,0.296875,0.22618932031249983,True
0.55,67,43609,1024,5,1,34,35,0.2734375,0.0048828125,8187,0.9993896484375,4061,0.4960302919262245,10093.8798828125,76.2236328125,8.090222285445549,0.05104106915557215,0.4957275390625,0.22351965546874908,0.21585872734375755,1,9,9.0,2,2.016995073891626,23,2004,,10093.8798828125,4,38,0.296875,0.22618932031249983,True
0.55,68,10762,1024,8,1,34,35,0.2734375,0.0078125,8184,0.9990234375,3912,0.4780058651026393,3552.68359375,47.103515625,12.625238304422856,0.059540692545277385,0.4775390625,0.22351965546874908,0.21585872734375755,1,9,9.0,29,2.0869342879059065,15,1921,0.0,3563.122428991185,4,38,0.296875,0.22618932031249983,True
0.55,69,17898,1024,9,2,34,36,0.28125,0.0087890625,8183,0.9989013671875,3699,0.45203470609800805,3301.001953125,43.482421875,12.944345795757208,0.23975692629325152,0.4515380859375,0.22351965546874908,0.21585872734375755,2,10,5.0,7,2.2130881557598703,14,1813,,3301.001953125,5,39,0.3046875,0.22618932031249983,True
0.55,70,43653,1024,7,1,34,35,0.2734375,0.0068359375,8185,0.9991455078125,3541,0.43262064752596213,7784.1015625,68.470703125,9.218718671449261,0.04148938612303309,0.4322509765625,0.22351965546874908,0.21585872734375755,1,9,9.0,2,2.312994350282486,9,1993,,7784.1015625,4,38,0.296875,0.22618932031249983,True
0.55,71,14233,1024,9,2,34,36,0.28125,0.0087890625,8183,0.9989013671875,3767,0.4603446168886716,4520.4501953125,51.2412109375,11.578986721618802,0.054368963867510965,0.4598388671875,0.22351965546874908,0.21585872734375755,2,10,5.0,12,2.1707381837493362,14,1819,0.0,4524.8690127077225,5,39,0.3046875,0.22618932031249983,True
0.55,72,39520,1024,7,1,34,35,0.2734375,0.0068359375,8185,0.9991455078125,4311,0.5266951740989615,3123.603515625,50.115234375,13.184244579110501,0.08811193594009888,0.5262451171875,0.22351965546874908,0.21585872734375755,1,9,9.0,1,1.900232018561485,14,2017,,3123.603515625,4,38,0.296875,0.22618932031249983,True
0.55,73,18138,1024,9,2,34,36,0.28125,0.0087890625,8183,0.9989013671875,3834,0.46853232310888426,1995.7021484375,32.3232421875,15.12984636011975,0.1890492989624604,0.468017578125,0.22351965546874908,0.21585872734375755,2,10,5.0,12,2.133837725019567,17,1749,0.0,1997.652981427175,5,39,0.3046875,0.22618932031249983,True
0.55,74,9212,1024,8,1,34,35,0.2734375,0.0078125,8184,0.9990234375,4600,0.5620723362658846,24642.7841796875,146.8916015625,4.213905873444225,0.0837522754563273,0.5615234375,0.22351965546874908,0.21585872734375755,1,9,9.0,2,1.7806044792346163,11,2191,,24642.7841796875,5,39,0.3046875,0.22618932031249983,True
0.55,75,6456,1024,5,1,34,35,0.2734375,0.0048828125,8187,0.9993896484375,3775,0.46109686087700014,3505.7138671875,46.9287109375,12.683038943390706,0.10601348958624736,0.4608154296875,0.22351965546874908,0.21585872734375755,1,9,9.0,3,2.169581346051934,13,1899,,3505.7138671875,4,38,0.296875,0.22618932031249983,True
0.55,76,22948,1024,7,1,34,35,0.2734375,0.0068359375,8185,0.9991455078125,3761,0.45949908368967624,4289.267578125,52.1875,11.806972211155735,0.2409197494773294,0.4591064453125,0.22351965546874908,0.21585872734375755,1,9,9.0,2,2.177659574468085,10,2077,,4289.267578125,4,38,0.296875,0.22618932031249983,True
0.55,77,7591,1024,5,1,34,35,0.2734375,0.0048828125,8187,0.9993896484375,3750,0.4580432392817882,2147.158203125,38.794921875,14.812163163324625,0.09691446843910963,0.457763671875,0.22351965546874908,0.21585872734375755,1,9,9.0,2,2.184315817551347,7,2144,,2147.158203125,4,38,0.296875,0.22618932031249983,True
0.55,78,29996,1024,6,1,34,35,0.2734375,0.005859375,8186,0.999267578125,4296,0.524798436354752,6107.873046875,64.3671875,10.271903592704684,0.14727068472474705,0.5244140625,0.22351965546874908,0.21585872734375755,1,9,9.0,4,1.9059371362048894,20,1918,,6107.873046875,4,38,0.296875,0.22618932031249983,True
0.55,79,10378,1024,6,1,34,35,0.2734375,0.005859375,8186,0.999267578125,3460,0.42267285609577326,4845.6640625,61.880859375,11.277270585488186,0.035857100354097955,0.42236328125,0.22351965546874908,0.21585872734375755,1,9,9.0,1,2.367447239086441,9,2113,,4845.6640625,4,38,0.296875,0.22618932031249983,True
0.55,80,27337,1024,6,1,34,35,0.2734375,0.005859375,8186,0.999267578125,4592,0.5609577327143904,3032.1474609375,51.0029296875,13.313300425641682,0.19564131158914683,0.560546875,0.22351965546874908,0.21585872734375755,1,9,9.0,2,1.7832716183837944,42,2029,,3032.1474609375,4,38,0.296875,0.22618932031249983,True
0.55,81,19965,1024,8,1,34,35,0.2734375,0.0078125,8184,0.9990234375,4335,0.5296920821114369,6553.5439453125,60.4482421875,9.966041448965516,0.07531407697707135,0.5291748046875,0.22351965546874908,0.21585872734375755,1,9,9.0,21,1.8848638670973696,12,2146,0.0,6566.3688845401175,5,39,0.3046875,0.22618932031249983,True
0.55,82,24405,1024,8,1,34,35,0.2734375,0.0078125,8184,0.9990234375,3803,0.4646871945259042,2693.892578125,40.103515625,13.827000870970164,0.14087512910423958,0.4642333984375,0.22351965546874908,0.21585872734375755,1,9,9.0,12,2.1512361914781692,7,2074,0.0,2696.5259042033235,5,39,0.3046875,0.22618932031249983,True
0.55,83,45135,1024,8,1,34,35,0.2734375,0.0078125,8184,0.9990234375,3644,0.4452590420332356,6604.0341796875,62.0439453125,9.932710485467998,0.1480353078666189,0.44482421875,0.22351965546874908,0.21585872734375755,1,9,9.0,2,2.2478726324457865,8,2034,,6604.0341796875,5,39,0.3046875,0.22618932031249983,True
0.55,84,11274,1024,7,1,34,35,0.2734375,0.0068359375,8185,0.9991455078125,3616,0.44178375076359194,3572.859375,47.03515625,12.600644378262285,0.07546606045019591,0.44140625,0.22351965546874908,0.21585872734375755,1,9,9.0,2,2.265283540802213,8,2076,,3572.859375,4,38,0.296875,0.22618932031249983,True
0.55,85,1941,1024,9,2,34,36,0.28125,0.0087890625,8183,0.9989013671875,3988,0.48735182695832824,1434.1005859375,30.7880859375,16.56500747621477,0.18466201002972094,0.48681640625,0.22351965546874908,0.21585872734375755,2,10,5.0,14,2.0506646601454728,15,1655,0.0,1435.5024437927664,5,39,0.3046875,0.22618932031249983,True
0.55,86,48940,1024,7,1,34,35,0.2734375,0.0068359375,8185,0.9991455078125,3426,0.41857055589492975,1842.87890625,31.107421875,15.475835617721192,0.1066272678795793,0.418212890625,0.22351965546874908,0.21585872734375755,1,9,9.0,2,2.3883211678832117,8,1891,,1842.87890625,4,38,0.296875,0.22618932031249983,True
0.55,87,36794,1024,10,2,34,36,0.28125,0.009765625,8182,0.998779296875,3946,0.48227817159618674,14399.029296875,99.330078125,6.547471455240795,0.03605717165081454,0.481689453125,0.22351965546874908,0.21585872734375755,2,10,5.0,13,2.072750316856781,15,1957,0.0,14413.104594330402,5,39,0.3046875,0.22618932031249983,True
0.55,88,21994,1024,8,1,34,35,0.2734375,0.0078125,8184,0.9990234375,4088,0.4995112414467253,3289.8955078125,47.5791015625,12.958982565656871,0.07848607341083362,0.4990234375,0.22351965546874908,0.21585872734375755,1,9,9.0,1,2.0039148519696597,18,1924,,3289.8955078125,4,38,0.296875,0.22618932031249983,True
0.55,89,49944,1024,6,1,34,35,0.2734375,0.005859375,8186,0.999267578125,3496,0.4270706083557293,3513.2626953125,43.9873046875,12.673697365927517,0.10972980621254466,0.4267578125,0.22351965546874908,0.21585872734375755,1,9,9.0,5,2.341630901287554,17,1797,,3513.2626953125,4,38,0.296875,0.22618932031249983,True
0.55,90,43442,1024,7,1,34,35,0.2734375,0.0068359375,8185,0.9991455078125,2612,0.31912034208918755,402.1953125,13.71875,22.08643356186618,0.63639844465825,0.31884765625,0.22351965546874908,0.21585872734375755,1,9,9.0,23,3.127537342014554,11,1793,0.0,402.98238747553813,4,38,0.296875,0.22618932031249983,True
0.55,91,45096,1024,6,1,34,35,0.2734375,0.005859375,8186,0.999267578125,3393,0.41448815050085513,1531.080078125,33.59765625,16.280824552262583,0.25917060776567086,0.4141845703125,0.22351965546874908,0.21585872734375755,1,9,9.0,2,2.4139150943396226,12,1954,,1531.080078125,4,38,0.296875,0.22618932031249983,True
0.55,92,42430,1024,5,1,34,35,0.2734375,0.0048828125,8187,0.9993896484375,3859,0.47135702943691216,356.2392578125,13.5439453125,22.613385835512553,0.4114548743128419,0.4710693359375,0.22351965546874908,0.21585872734375755,1,9,9.0,4,2.1220839813374806,21,1432,,356.2392578125,4,38,0.296875,0.22618932031249983,True
0.55,93,42255,1024,9,2,34,36,0.28125,0.0087890625,8183,0.9989013671875,4256,0.5201026518391788,3049.689453125,48.67578125,13.288247430492326,0.16588264784078854,0.51953125,0.22351965546874908,0.21585872734375755,2,10,5.0,4,1.9240893066980023,29,1902,,3049.689453125,5,39,0.3046875,0.22618932031249983,True
0.55,94,5771,1024,6,1,34,35,0.2734375,0.005859375,8186,0.999267578125,4056,0.4954800879550452,8990.0283203125,79.2216796875,8.593193010216591,0.0386068177559456,0.4951171875,0.22351965546874908,0.21585872734375755,1,9,9.0,1,2.018249075215783,11,1938,,8990.0283203125,4,38,0.296875,0.22618932031249983,True
0.55,95,8320,1024,12,2,34,36,0.28125,0.01171875,8180,0.99853515625,3805,0.46515892420537897,1985.0390625,36.75390625,15.15311303440676,0.08630038181293734,0.4644775390625,0.22351965546874908,0.21585872734375755,2,10,5.0,4,2.1522082018927446,14,1963,,1985.0390625,5,39,0.3046875,0.22618932031249983,True
0.55,96,48807,1024,6,1,34,35,0.2734375,0.005859375,8186,0.999267578125,4152,0.507207427314928,2904.859375,44.880859375,13.499552479418245,0.10699824722970694,0.5068359375,0.22351965546874908,0.21585872734375755,1,9,9.0,2,1.9720549265237293,15,1996,,2904.859375,4,38,0.296875,0.22618932031249983,True
0.55,97,2675,1024,8,1,34,35,0.2734375,0.0078125,8184,0.9990234375,3639,0.4446480938416422,1822.80859375,38.931640625,15.523392934430127,0.35200272513862235,0.4442138671875,0.22351965546874908,0.21585872734375755,1,9,9.0,14,2.247388675096207,10,2133,0.0,1824.5904203323557,4,38,0.296875,0.22618932031249983,True
0.55,98,37658,1024,7,1,34,35,0.2734375,0.0068359375,8185,0.9991455078125,3849,0.47025045815516187,10828.7861328125,82.1337890625,7.785005843319185,0.02757656050703587,0.4698486328125,0.22351965546874908,0.21585872734375755,1,9,9.0,2,2.128118503118503,13,2134,,10828.7861328125,4,38,0.296875,0.22618932031249983,True
0.55,99,45710,1024,6,1,34,35,0.2734375,0.005859375,8186,0.999267578125,4436,0.541900806254581,6179.8095703125,69.3369140625,10.22105268276941,0.08379665957939963,0.54150390625,0.22351965546874908,0.21585872734375755,1,9,9.0,2,1.8459977452085683,15,1950,,6179.8095703125,4,38,0.296875,0.22618932031249983,True
0.55,100,15813,1024,7,1,34,35,0.2734375,0.0068359375,8185,0.9991455078125,3470,0.4239462431276726,1082.537109375,23.75,17.786375679713284,0.25832759017646606,0.423583984375,0.22351965546874908,0.21585872734375755,1,9,9.0,12,2.357451715191698,13,1694,0.0,1083.5953079178885,4,38,0.296875,0.22618932031249983,True
0.55,101,7135,1024,6,1,34,35,0.2734375,0.005859375,8186,0.999267578125,3899,0.476301001710237,819.798828125,22.197265625,18.99373067696417,0.2059900023184684,0.4759521484375,0.22351965546874908,0.21585872734375755,1,9,9.0,3,2.100307850179579,14,1650,,819.798828125,4,38,0.296875,0.22618932031249983,True
0.55,102,31775,1024,8,1,34,35,0.2734375,0.0078125,8184,0.9990234375,3322,0.40591397849462363,480.806640625,15.20703125,21.311099036060103,0.2093819005448904,0.405517578125,0.22351965546874908,0.21585872734375755,1,9,9.0,1,2.46582354712436,23,1505,,480.806640625,4,38,0.296875,0.22618932031249983,True
0.55,103,31772,1024,6,1,34,35,0.2734375,0.005859375,8186,0.999267578125,4202,0.5133154165648669,7089.673828125,68.263671875,9.624541056430864,0.07969832912899832,0.512939453125,0.22351965546874908,0.21585872734375755,1,9,9.0,4,1.948821709116877,9,1881,,7089.673828125,4,38,0.296875,0.22618932031249983,True
0.55,104,25160,1024,8,1,34,35,0.2734375,0.0078125,8184,0.9990234375,4201,0.5133186705767351,757.5390625,20.498046875,19.336753287222127,0.24141325181931542,0.5128173828125,0.22351965546874908,0.21585872734375755,1,9,9.0,3,1.9492857142857143,19,1615,,757.5390625,4,38,0.296875,0.22618932031249983,True
0.55,105,36108,1024,6,1,34,35,0.2734375,0.005859375,8186,0.999267578125,3634,0.4439286586855607,4496.9462890625,58.1025390625,11.601626604254026,0.11073852186527255,0.443603515625,0.22351965546874908,0.21585872734375755,1,9,9.0,5,2.252958987063033,14,2144,,4496.9462890625,4,38,0.296875,0.22618932031249983,True
0.55,106,1260,1024,7,1,34,35,0.2734375,0.0068359375,8185,0.9991455078125,4051,0.4949297495418448,5033.3916015625,62.4697265625,11.112196407267362,0.07166941214154102,0.4945068359375,0.22351965546874908,0.21585872734375755,1,9,9.0,1,2.022222222222222,13,1975,,5033.3916015625,4,38,0.296875,0.22618932031249983,True
0.55,107,37885,1024,5,1,34,35,0.2734375,0.0048828125,8187,0.9993896484375,3760,0.45926468791987296,4181.5615234375,52.1728515625,11.917418699126276,0.073930388261823,0.458984375,0.22351965546874908,0.21585872734375755,1,9,9.0,2,2.1785049215216814,11,2136,,4181.5615234375,4,38,0.296875,0.22618932031249983,True
0.55,108,41535,1024,6,1,34,35,0.2734375,0.005859375,8186,0.999267578125,4273,0.5219887612997801,5026.740234375,62.044921875,11.117939179896315,0.11426393057588388,0.5216064453125,0.22351965546874908,0.21585872734375755,1,9,9.0,1,1.9159644194756553,11,1850,,5026.740234375,4,38,0.296875,0.22618932031249983,True
0.55,109,44889,1024,6,1,34,35,0.2734375,0.005859375,8186,0.999267578125,3946,0.4820425116051796,3211.4619140625,45.0263671875,13.06377584949232,0.05927506258221013,0.481689453125,0.22351965546874908,0.21585872734375755,1,9,9.0,2,2.0757921419518377,15,1893,,3211.4619140625,4,38,0.296875,0.22618932031249983,True
0.55,110,28184,1024,7,1,34,35,0.2734375,0.0068359375,8185,0.9991455078125,4035,0.49297495418448384,4693.65625,61.646484375,11.415690809301687,0.17563627820556293,0.4925537109375,0.22351965546874908,0.21585872734375755,1,9,9.0,4,2.0292513634110065,8,2182,,4693.65625,4,38,0.296875,0.22618932031249983,True
0.55,111,25319,1024,6,1,34,35,0.2734375,0.005859375,8186,0.999267578125,4165,0.5087955045199121,2790.0029296875,44.9091796875,13.674757015561598,0.0817683060414062,0.5084228515625,0.22351965546874908,0.21585872734375755,1,9,9.0,6,1.9649375600384247,19,1889,,2790.0029296875,4,38,0.296875,0.22618932031249983,True
0.55,112,11010,1024,6,1,34,35,0.2734375,0.005859375,8186,0.999267578125,4297,0.5249205961397508,4764.1708984375,60.1435546875,11.350930289393794,0.11866485829938012,0.5245361328125,0.22351965546874908,0.21585872734375755,1,9,9.0,3,1.9059590316573556,13,2102,,4764.1708984375,4,38,0.296875,0.22618932031249983,True
0.55,113,33880,1024,9,2,34,36,0.28125,0.0087890625,8183,0.9989013671875,3411,0.41683978980813885,1649.9052734375,35.4814453125,15.956213502323864,0.1289638587105433,0.4163818359375,0.22351965546874908,0.21585872734375755,2,10,5.0,2,2.401466275659824,12,1971,,1649.9052734375,5,39,0.3046875,0.22618932031249983,True
0.55,114,19307,1024,7,1,34,35,0.2734375,0.0068359375,8185,0.9991455078125,3790,0.4630421502748931,1925.8095703125,36.2685546875,15.28467020265933,0.16667805986431847,0.462646484375,0.22351965546874908,0.21585872734375755,1,9,9.0,2,2.1609923462655054,9,1980,,1925.8095703125,4,38,0.296875,0.22618932031249983,True
0.55,115,12236,1024,6,1,34,35,0.2734375,0.005859375,8186,0.999267578125,3379,0.41277791351087223,6790.4716796875,76.8603515625,9.811804185799312,0.06472788139958101,0.4124755859375,0.22351965546874908,0.21585872734375755,1,9,9.0,1,2.4230313795145055,10,1840,,6790.4716796875,4,38,0.296875,0.22618932031249983,True
0.55,116,13805,1024,5,1,34,35,0.2734375,0.0048828125,8187,0.9993896484375,4232,0.516917063637474,11645.2109375,98.40625,7.469330012593334,0.09930524209281426,0.5166015625,0.22351965546874908,0.21585872734375755,1,9,9.0,4,1.9350035452611676,15,2183,,11645.2109375,4,38,0.296875,0.22618932031249983,True
0.55,117,5814,1024,7,1,34,35,0.2734375,0.0068359375,8185,0.9991455078125,3577,0.4370189370800244,2352.1484375,41.611328125,14.41615635490598,0.07298901538031814,0.4366455078125,0.22351965546874908,0.21585872734375755,1,9,9.0,1,2.2897091722595078,13,2016,,2352.1484375,4,38,0.296875,0.22618932031249983,True
0.55,118,48485,1024,9,2,34,36,0.28125,0.0087890625,8183,0.9989013671875,3987,0.4872296223878773,2744.9736328125,46.1865234375,13.745421837317203,0.06037679759734291,0.4866943359375,0.22351965546874908,0.21585872734375755,2,10,5.0,1,2.0539387857501255,11,1989,,2744.9736328125,5,39,0.3046875,0.22618932031249983,True
0.55,119,12248,1024,6,1,34,35,0.2734375,0.005859375,8186,0.999267578125,3844,0.46958221353530416,5668.212890625,65.2109375,10.596342074563232,0.04824989274863917,0.46923828125,0.22351965546874908,0.21585872734375755,1,9,9.0,1,2.1306271142336715,14,2091,,5668.212890625,4,38,0.296875,0.22618932031249983,True
0.55,120,458,1024,5,1,34,35,0.2734375,0.0048828125,8187,0.9993896484375,4115,0.5026261145718822,2089.98046875,37.2109375,14.929381332993128,0.08741953652086785,0.5023193359375,0.22351965546874908,0.21585872734375755,1,9,9.0,4,1.9897909577053963,23,1815,,2089.98046875,4,38,0.296875,0.22618932031249983,True
0.55,121,319,1024,6,1,34,35,0.2734375,0.005859375,8186,0.999267578125,4018,0.49083801612509165,6633.1279296875,76.3056640625,9.9136198747703,0.0567073087664395,0.490478515625,0.22351965546874908,0.21585872734375755,1,9,9.0,1,2.0378391834702514,12,2303,,6633.1279296875,4,38,0.296875,0.22618932031249983,True
0.55,122,21496,1024,6,1,34,35,0.2734375,0.005859375,8186,0.999267578125,4140,0.5057415098949426,3367.48046875,52.115234375,12.857752753559453,0.09731722906993925,0.50537109375,0.22351965546874908,0.21585872734375755,1,9,9.0,1,1.9784972215510992,14,1992,,3367.48046875,4,38,0.296875,0.22618932031249983,True
0.55,123,20390,1024,11,2,34,36,0.28125,0.0107421875,8181,0.9986572265625,4189,0.5120400928981788,3285.3291015625,46.5966796875,12.965014801734435,0.15278715702116674,0.5113525390625,0.22351965546874908,0.21585872734375755,2,10,5.0,12,1.9529608404966572,8,2261,0.0,3288.5405669599218,5,39,0.3046875,0.22618932031249983,True
0.55,124,33691,1024,9,2,34,36,0.28125,0.0087890625,8183,0.9989013671875,4747,0.5801050959305878,2914.3876953125,36.2685546875,13.485330362427401,0.10419774800491295,0.5794677734375,0.22351965546874908,0.21585872734375755,2,10,5.0,4,1.7248209018120522,14,1665,,2914.3876953125,5,39,0.3046875,0.22618932031249983,True
0.55,125,33872,1024,7,1,34,35,0.2734375,0.0068359375,8185,0.9991455078125,4121,0.5034819792302994,2215.361328125,39.669921875,14.676357905738344,0.0746971166089971,0.5030517578125,0.22351965546874908,0.21585872734375755,1,9,9.0,1,1.9878640776699028,22,1900,,2215.361328125,4,38,0.296875,0.22618932031249983,True
0.55,126,46987,1024,6,1,34,35,0.2734375,0.005859375,8186,0.999267578125,4360,0.5326166625946739,2520.1826171875,45.4873046875,14.11648349148549,0.3115732523388183,0.5322265625,0.22351965546874908,0.21585872734375755,1,9,9.0,14,1.8758889653590274,16,2089,0.0,2522.646138807429,4,38,0.296875,0.22618932031249983,True
0.55,127,26772,1024,9,2,34,36,0.28125,0.0087890625,8183,0.9989013671875,3966,0.4846633264084077,3763.08984375,50.859375,12.37535773645822,0.09241561949473644,0.484130859375,0.22351965546874908,0.21585872734375755,2,10,5.0,2,2.064564943253468,9,2115,,3763.08984375,5,39,0.3046875,0.22618932031249983,True
0.55,128,7057,1024,5,1,34,35,0.2734375,0.0048828125,8187,0.9993896484375,3851,0.47037987052644437,9397.4521484375,79.0986328125,8.400702378917389,0.07381704543586122,0.4700927734375,0.22351965546874908,0.21585872734375755,1,9,9.0,2,2.1267532467532466,11,2259,,9397.4521484375,4,38,0.296875,0.22618932031249983,True
0.55,129,30014,1024,6,1,34,35,0.2734375,0.005859375,8186,0.999267578125,4247,0.5188126068898119,4420.0830078125,58.3291015625,11.676499355241534,0.07550712954545175,0.5184326171875,0.22351965546874908,0.21585872734375755,1,9,9.0,1,1.9279321714554876,16,2080,,4420.0830078125,4,38,0.296875,0.22618932031249983,True
0.55,130,48237,1024,10,2,34,36,0.28125,0.009765625,8182,0.998779296875,3345,0.40882424835003667,1414.521484375,30.189453125,16.624708127690322,0.17336769828735962,0.4083251953125,0.22351965546874908,0.21585872734375755,2,10,5.0,15,2.444677033492823,11,1889,0.0,1415.9042033235582,5,39,0.3046875,0.22618932031249983,True
0.55,131,4823,1024,7,1,34,35,0.2734375,0.0068359375,8185,0.9991455078125,4131,0.50470372632865,4387.84375,54.892578125,11.708292068059375,0.1222869900975426,0.5042724609375,0.22351965546874908,0.21585872734375755,1,9,9.0,1,1.9828087167070219,21,1896,,4387.84375,4,38,0.296875,0.22618932031249983,True
0.55,132,26627,1024,9,2,34,36,0.28125,0.0087890625,8183,0.9989013671875,3986,0.4871074178174264,2457.986328125,40.43359375,14.225008979547342,0.10521768851911481,0.486572265625,0.22351965546874908,0.21585872734375755,2,10,5.0,27,2.04792973651192,14,1956,0.0,2465.2086190009795,5,39,0.3046875,0.22618932031249983,True
0.55,133,12293,1024,6,1,34,35,0.2734375,0.005859375,8186,0.999267578125,4031,0.49242609333007575,1811.83984375,34.046875,15.549605549717393,0.06936671051435454,0.4920654296875,0.22351965546874908,0.21585872734375755,1,9,9.0,2,2.0320099255583126,12,1822,,1811.83984375,4,38,0.296875,0.22618932031249983,True
0.55,134,32803,1024,11,2,34,36,0.28125,0.0107421875,8181,0.9986572265625,3357,0.41034103410341033,511.265625,18.150390625,21.04433766996598,0.23323387201007376,0.4097900390625,0.22351965546874908,0.21585872734375755,2,10,5.0,22,2.4335518474374256,7,1825,0.0,512.26614481409,5,39,0.3046875,0.22618932031249983,True
0.55,135,41882,1024,7,1,34,35,0.2734375,0.0068359375,8185,0.9991455078125,4192,0.5121563836285888,5207.1376953125,66.8505859375,10.964812987436432,0.19344210936826317,0.51171875,0.22351965546874908,0.21585872734375755,1,9,9.0,1,1.9539489382009068,15,2189,,5207.1376953125,4,38,0.296875,0.22618932031249983,True
0.55,136,10235,1024,8,1,34,35,0.2734375,0.0078125,8184,0.9990234375,4082,0.4987781036168133,9778.125,91.7265625,8.22824776041623,0.10047617777162202,0.498291015625,0.22351965546874908,0.21585872734375755,1,9,9.0,4,2.005880911541289,7,2328,,9778.125,5,39,0.3046875,0.22618932031249983,True
0.55,137,30033,1024,7,1,34,35,0.2734375,0.0068359375,8185,0.9991455078125,3994,0.48796579108124616,3811.3505859375,49.0556640625,12.320014618109905,0.06184520593447106,0.487548828125,0.22351965546874908,0.21585872734375755,1,9,9.0,5,2.0485850237916354,12,2033,,3811.3505859375,4,38,0.296875,0.22618932031249983,True
0.55,138,20042,1024,6,1,34,35,0.2734375,0.005859375,8186,0.999267578125,4237,0.5175910090398241,3179.7255859375,47.4345703125,13.106907193914932,0.0447584834339168,0.5172119140625,0.22351965546874908,0.21585872734375755,1,9,9.0,12,1.9308309726156752,28,1868,0.0,3182.8338220918868,4,38,0.296875,0.22618932031249983,True
0.55,139,29399,1024,6,1,34,35,0.2734375,0.005859375,8186,0.999267578125,3854,0.470803811385292,3478.54296875,47.87109375,12.716829885125305,0.13398396220097808,0.470458984375,0.22351965546874908,0.21585872734375755,1,9,9.0,2,2.1248377887360497,11,2077,,3478.54296875,4,38,0.296875,0.22618932031249983,True
0.55,140,6463,1024,8,1,34,35,0.2734375,0.0078125,8184,0.9990234375,4481,0.5475317693059628,3216.48046875,46.048828125,13.056994422650078,0.06449309994504093,0.5469970703125,0.22351965546874908,0.21585872734375755,1,9,9.0,11,1.8256696428571428,19,1903,0.0,3219.624633431085,4,38,0.296875,0.22618932031249983,True
0.55,141,25920,1024,11,2,34,36,0.28125,0.0107421875,8181,0.9986572265625,3176,0.3882165994377216,926.4873046875,20.7666015625,18.462408881487082,0.4831948435494886,0.3876953125,0.22351965546874908,0.21585872734375755,2,10,5.0,23,2.5725984251968503,20,1676,0.0,928.3003913894324,5,39,0.3046875,0.22618932031249983,True
0.55,142,10327,1024,6,1,34,35,0.2734375,0.005859375,8186,0.999267578125,4044,0.49401417053505986,4323.005859375,51.54296875,11.772945366938457,0.04681726427105313,0.49365234375,0.22351965546874908,0.21585872734375755,1,9,9.0,1,2.0249814494187484,15,1861,,4323.005859375,4,38,0.296875,0.22618932031249983,True
0.55,143,3805,1024,14,2,34,36,0.28125,0.013671875,8178,0.998291015625,3617,0.44228417706040596,1109.509765625,24.728515625,17.679492317326144,0.10111157111563494,0.4415283203125,0.22351965546874908,0.21585872734375755,2,10,5.0,4,2.264103982300885,13,1789,,1109.509765625,5,39,0.3046875,0.22618932031249983,True
0.55,144,37879,1024,7,1,34,35,0.2734375,0.0068359375,8185,0.9991455078125,4529,0.5533292608430055,5198.521484375,68.080078125,10.972005177101043,0.37703754602057177,0.5528564453125,0.22351965546874908,0.21585872734375755,1,9,9.0,3,1.808303886925795,8,2405,,5198.521484375,4,38,0.296875,0.22618932031249983,True
0.55,145,22721,1024,5,1,34,35,0.2734375,0.0048828125,8187,0.9993896484375,3973,0.48528154391107853,3219.37109375,43.03125,13.053093205976648,0.15293382620804105,0.4849853515625,0.22351965546874908,0.21585872734375755,1,9,9.0,4,2.061178247734139,7,2101,,3219.37109375,4,38,0.296875,0.22618932031249983,True
0.55,146,43932,1024,10,2,34,36,0.28125,0.009765625,8182,0.998779296875,3826,0.46761183084820335,8970.7431640625,76.4013671875,8.602519380376158,0.049881775508201776,0.467041015625,0.22351965546874908,0.21585872734375755,2,10,5.0,2,2.1409150326797386,16,2076,,8970.7431640625,5,39,0.3046875,0.22618932031249983,True
0.55,147,47270,1024,12,2,34,36,0.28125,0.01171875,8180,0.99853515625,4099,0.5011002444987775,4289.1064453125,53.4658203125,11.807135363499384,0.06653358820605665,0.5003662109375,0.22351965546874908,0.21585872734375755,2,10,5.0,7,1.9968277208394338,16,1982,,4289.1064453125,5,39,0.3046875,0.22618932031249983,True
0.55,148,11091,1024,7,1,34,35,0.2734375,0.0068359375,8185,0.9991455078125,4145,0.5064141722663409,7292.2470703125,76.4658203125,9.502189862037332,0.0942502992722824,0.5059814453125,0.22351965546874908,0.21585872734375755,1,9,9.0,13,1.972972972972973,9,2289,0.0,7299.375366568915,4,38,0.296875,0.22618932031249983,True
0.55,149,9736,1024,5,1,34,35,0.2734375,0.0048828125,8187,0.9993896484375,4508,0.5506290460486136,1130.970703125,27.103515625,17.596290058416095,0.14286722954731298,0.55029296875,0.22351965546874908,0.21585872734375755,1,9,9.0,4,1.8165076547592633,22,1703,,1130.970703125,4,38,0.296875,0.22618932031249983,True
0.55,150,23206,1024,6,1,34,35,0.2734375,0.005859375,8186,0.999267578125,3690,0.4507696066454923,3031.05859375,44.92578125,13.314860290214565,0.1624035160509967,0.450439453125,0.22351965546874908,0.21585872734375755,1,9,9.0,1,2.2198427758200054,14,2025,,3031.05859375,4,38,0.296875,0.22618932031249983,True
0.55,151,25039,1024,9,2,34,36,0.28125,0.0087890625,8183,0.9989013671875,3912,0.4780642796040572,3338.7919921875,45.5185546875,12.89490997656338,0.07691274109866689,0.4775390625,0.22351965546874908,0.21585872734375755,2,10,5.0,9,2.09204806954743,11,1843,0.0,3342.0557184750733,5,39,0.3046875,0.22618932031249983,True
0.55,152,21014,1024,6,1,34,35,0.2734375,0.005859375,8186,0.999267578125,3786,0.46249694600537505,8153.71484375,84.98828125,9.017248418743334,0.05722176321367509,0.462158203125,0.22351965546874908,0.21585872734375755,1,9,9.0,1,2.162483487450462,13,1999,,8153.71484375,4,38,0.296875,0.22618932031249983,True
0.55,153,32412,1024,6,1,34,35,0.2734375,0.005859375,8186,0.999267578125,3698,0.45174688492548254,1011.8564453125,25.1396484375,18.079614584737616,0.12115632605658057,0.451416015625,0.22351965546874908,0.21585872734375755,1,9,9.0,2,2.215039220989992,12,1764,,1011.8564453125,4,38,0.296875,0.22618932031249983,True
0.55,154,34022,1024,5,1,34,35,0.2734375,0.0048828125,8187,0.9993896484375,4217,0.5150848906803469,816.9560546875,21.5751953125,19.008816650699213,0.25522756201320823,0.5147705078125,0.22351965546874908,0.21585872734375755,1,9,9.0,5,1.941650853889943,17,1710,,816.9560546875,4,38,0.296875,0.22618932031249983,True
0.55,155,21369,1024,6,1,34,35,0.2734375,0.005859375,8186,0.999267578125,3941,0.4814317126801857,4989.4736328125,63.6708984375,11.150256289564675,0.12024797461226633,0.4810791015625,0.22351965546874908,0.21585872734375755,1,9,9.0,1,2.078172588832487,9,2078,,4989.4736328125,4,38,0.296875,0.22618932031249983,True
0.55,156,41654,1024,5,1,34,35,0.2734375,0.0048828125,8187,0.9993896484375,3842,0.46928056675216806,3114.2626953125,44.8408203125,13.197251173394864,0.07547981716345226,0.468994140625,0.22351965546874908,0.21585872734375755,1,9,9.0,2,2.13199687581359,9,2166,,3114.2626953125,4,38,0.296875,0.22618932031249983,True
0.55,157,11953,1024,6,1,34,35,0.2734375,0.005859375,8186,0.999267578125,4244,0.5184461275348156,6786.9921875,74.482421875,9.81403011592105,0.09011959040304124,0.51806640625,0.22351965546874908,0.21585872734375755,1,9,9.0,1,1.9297666745227433,14,1989,,6786.9921875,4,38,0.296875,0.22618932031249983,True
0.55,158,13700,1024,6,1,34,35,0.2734375,0.005859375,8186,0.999267578125,4493,0.5488639139995114,3737.533203125,51.08203125,12.40495301376249,0.13040439557363614,0.5484619140625,0.22351965546874908,0.21585872734375755,1,9,9.0,2,1.8230186999109528,13,1932,,3737.533203125,4,38,0.296875,0.22618932031249983,True
0.55,159,38205,1024,7,1,34,35,0.2734375,0.0068359375,8185,0.9991455078125,3794,0.46353084911423337,3253.2841796875,51.3408203125,13.007583595966237,0.13562508385515165,0.463134765625,0.22351965546874908,0.21585872734375755,1,9,9.0,1,2.1589770630108096,14,2130,,3253.2841796875,4,38,0.296875,0.22618932031249983,True
0.55,160,40129,1024,8,1,34,35,0.2734375,0.0078125,8184,0.9990234375,3003,0.36693548387096775,393.8525390625,13.9794921875,22.177467112726077,0.38757847730652145,0.3665771484375,0.22351965546874908,0.21585872734375755,1,9,9.0,4,2.7265156562291804,7,1661,,393.8525390625,5,39,0.3046875,0.22618932031249983,True
0.55,161,17080,1024,7,1,34,35,0.2734375,0.0068359375,8185,0.9991455078125,3810,0.4654856444715944,1890.3447265625,32.9560546875,15.3653935077293,0.09907508630193723,0.465087890625,0.22351965546874908,0.21585872734375755,1,9,9.0,3,2.1496455762667366,40,1843,,1890.3447265625,4,38,0.296875,0.22618932031249983,True
0.55,162,1505,1024,6,1,34,35,0.2734375,0.005859375,8186,0.999267578125,4279,0.5227217200097728,4488.3515625,58.458984375,11.609934939758586,0.04180173173965491,0.5223388671875,0.22351965546874908,0.21585872734375755,1,9,9.0,1,1.9144460028050492,14,2103,,4488.3515625,4,38,0.296875,0.22618932031249983,True
0.55,163,36391,1024,6,1,34,35,0.2734375,0.005859375,8186,0.999267578125,4009,0.4897385780601026,2639.1015625,42.763671875,13.916242570500636,0.07184470939933231,0.4893798828125,0.22351965546874908,0.21585872734375755,1,9,9.0,1,2.0434131736526946,17,1947,,2639.1015625,4,38,0.296875,0.22618932031249983,True
0.55,164,24660,1024,8,1,34,35,0.2734375,0.0078125,8184,0.9990234375,4008,0.4897360703812317,3972.80078125,48.603515625,12.139835732535422,0.11571781877757402,0.4892578125,0.22351965546874908,0.21585872734375755,1,9,9.0,11,2.041177938607437,16,1955,0.0,3976.6842619745844,4,38,0.296875,0.22618932031249983,True
0.55,165,24061,1024,6,1,34,35,0.2734375,0.005859375,8186,0.999267578125,3769,0.4604202296603958,4879.0517578125,60.8525390625,11.247449356613341,0.1491942653451539,0.4600830078125,0.22351965546874908,0.21585872734375755,1,9,9.0,1,2.1735668789808917,12,2025,,4879.0517578125,4,38,0.296875,0.22618932031249983,True
0.55,166,10964,1024,10,2,34,36,0.28125,0.009765625,8182,0.998779296875,4253,0.5197995600097776,4191.5703125,57.751953125,11.907036051352797,0.1175561403568506,0.5191650390625,0.22351965546874908,0.21585872734375755,2,10,5.0,2,1.925917215428034,39,2004,,4191.5703125,5,39,0.3046875,0.22618932031249983,True
0.55,167,20807,1024,5,1,34,35,0.2734375,0.0048828125,8187,0.9993896484375,4139,0.5055575913032857,4161.2919921875,57.4130859375,11.938521701538809,0.06296405894850361,0.5052490234375,0.22351965546874908,0.21585872734375755,1,9,9.0,3,1.9784920251329146,13,2124,,4161.2919921875,4,38,0.296875,0.22618932031249983,True
0.55,168,33388,1024,7,1,34,35,0.2734375,0.0068359375,8185,0.9991455078125,4136,0.5053145998778253,3355.484375,48.92578125,12.8732514002735,0.042702487777832296,0.5048828125,0.22351965546874908,0.21585872734375755,1,9,9.0,13,1.9777509068923822,14,2002,0.0,3358.764418377322,4,38,0.296875,0.22618932031249983,True
0.55,169,34571,1024,7,1,34,35,0.2734375,0.0068359375,8185,0.9991455078125,4120,0.5033598045204642,8872.8935546875,85.9189453125,8.650150894119848,0.034553344449178895,0.5029296875,0.22351965546874908,0.21585872734375755,1,9,9.0,1,1.9881039087157077,12,2069,,8872.8935546875,4,38,0.296875,0.22618932031249983,True
0.55,170,21194,1024,7,1,34,35,0.2734375,0.0068359375,8185,0.9991455078125,3700,0.4520464263897373,3442.60546875,45.810546875,12.761931065520237,0.14579252887888106,0.45166015625,0.22351965546874908,0.21585872734375755,1,9,9.0,2,2.2138415788050825,10,1904,,3442.60546875,4,38,0.296875,0.22618932031249983,True
0.55,171,32696,1024,5,1,34,35,0.2734375,0.0048828125,8187,0.9993896484375,4164,0.5086112128984976,17786.341796875,124.01953125,5.62993727050502,0.07902388675972305,0.50830078125,0.22351965546874908,0.21585872734375755,1,9,9.0,4,1.9663704059572424,14,2064,,17786.341796875,4,38,0.296875,0.22618932031249983,True
0.55,172,46005,1024,5,1,34,35,0.2734375,0.0048828125,8187,0.9993896484375,2739,0.3345547819714181,710.6005859375,21.9345703125,19.614547996097347,0.5585226622296893,0.3343505859375,0.22351965546874908,0.21585872734375755,1,9,9.0,4,2.989408327246165,10,1744,,710.6005859375,4,38,0.296875,0.22618932031249983,True
0.55,173,19269,1024,9,2,34,36,0.28125,0.0087890625,8183,0.9989013671875,3283,0.40119760479041916,2857.3193359375,48.0224609375,13.57121580728279,0.4147617799386887,0.4007568359375,0.22351965546874908,0.21585872734375755,2,10,5.0,1,2.495429616087751,7,2305,,2857.3193359375,5,39,0.3046875,0.22618932031249983,True
0.55,174,5503,1024,11,2,34,36,0.28125,0.0107421875,8181,0.9986572265625,3691,0.4511673389561178,3733.2470703125,44.1279296875,12.409936279138465,0.08102476790870086,0.4505615234375,0.22351965546874908,0.21585872734375755,2,10,5.0,4,2.2181571815718155,15,1909,,3733.2470703125,5,39,0.3046875,0.22618932031249983,True
0.55,175,32979,1024,6,1,34,35,0.2734375,0.005859375,8186,0.999267578125,4252,0.5194234058148057,3846.0859375,55.251953125,12.280613769183695,0.05880318042767275,0.51904296875,0.22351965546874908,0.21585872734375755,1,9,9.0,1,1.926605504587156,15,1985,,3846.0859375,4,38,0.296875,0.22618932031249983,True
0.55,176,32764,1024,7,1,34,35,0.2734375,0.0068359375,8185,0.9991455078125,4041,0.4937080024434942,2025.9345703125,36.2958984375,15.064549456141755,0.10115778503850577,0.4932861328125,0.22351965546874908,0.21585872734375755,1,9,9.0,4,2.026237623762376,12,1835,,2025.9345703125,4,38,0.296875,0.22618932031249983,True
0.55,177,36396,1024,8,1,34,35,0.2734375,0.0078125,8184,0.9990234375,4029,0.49230205278592376,5625.17578125,66.876953125,10.629442625940042,0.1837276100727519,0.4918212890625,0.22351965546874908,0.21585872734375755,1,9,9.0,12,2.0305362462760677,8,2344,0.0,5630.674486803519,5,39,0.3046875,0.22618932031249983,True
0.55,178,16139,1024,6,1,34,35,0.2734375,0.005859375,8186,0.999267578125,4027,0.4919374541900806,1134.8017578125,25.3408203125,17.581603610196705,0.5713964447559914,0.4915771484375,0.22351965546874908,0.21585872734375755,1,9,9.0,13,2.031296572280179,9,1886,0.0,1135.911045943304,4,38,0.296875,0.22618932031249983,True
0.55,179,32110,1024,6,1,34,35,0.2734375,0.005859375,8186,0.999267578125,3982,0.4864402638651356,7049.90625,77.435546875,9.648970191074893,0.08826407348748028,0.486083984375,0.22351965546874908,0.21585872734375755,1,9,9.0,1,2.0572720422004522,16,1827,,7049.90625,4,38,0.296875,0.22618932031249983,True
0.55,180,37930,1024,7,1,34,35,0.2734375,0.0068359375,8185,0.9991455078125,3998,0.48845448992058643,3831.1806640625,54.9677734375,12.297477287085286,0.08509787593444931,0.488037109375,0.22351965546874908,0.21585872734375755,1,9,9.0,2,2.0485364023017265,16,2061,,3831.1806640625,4,38,0.296875,0.22618932031249983,True
0.55,181,5624,1024,7,1,34,35,0.2734375,0.0068359375,8185,0.9991455078125,4519,0.5521075137446548,1073.7548828125,27.8564453125,17.821752091054886,0.13293883452583286,0.5516357421875,0.22351965546874908,0.21585872734375755,1,9,9.0,2,1.8123063302346172,12,1754,,1073.7548828125,4,38,0.296875,0.22618932031249983,True
0.55,182,37946,1024,6,1,34,35,0.2734375,0.005859375,8186,0.999267578125,4100,0.5008551184949914,3297.4560546875,49.9443359375,12.949013444687337,0.14803568419543667,0.50048828125,0.22351965546874908,0.21585872734375755,1,9,9.0,1,1.9980483044645034,16,2013,,3297.4560546875,4,38,0.296875,0.22618932031249983,True
0.55,183,6616,1024,5,1,34,35,0.2734375,0.0048828125,8187,0.9993896484375,3969,0.48479296445584463,3973.4853515625,51.6162109375,12.139087445587382,0.06964207743831197,0.4844970703125,0.22351965546874908,0.21585872734375755,1,9,9.0,3,2.063256048387097,15,1969,,3973.4853515625,4,38,0.296875,0.22618932031249983,True
0.55,184,11706,1024,6,1,34,35,0.2734375,0.005859375,8186,0.999267578125,3833,0.4682384559003176,3384.7685546875,49.1611328125,12.835513832259345,0.11201519668748296,0.4678955078125,0.2357582539062406,0.23583274296875345,1,9,9.0,1,2.1372651356993737,16,1995,,3384.7685546875,4,38,0.296875,0.2391599687500019,True
0.55,185,10558,1024,6,1,34,35,0.2734375,0.005859375,8186,0.999267578125,3911,0.47776691913022235,6296.6884765625,71.2470703125,10.139681533934775,0.10947590392239358,0.4774169921875,0.2357582539062406,0.23583274296875345,1,9,9.0,1,2.0946291560102304,10,2109,,6296.6884765625,4,38,0.296875,0.2391599687500019,True
0.55,186,18351,1024,6,1,34,35,0.2734375,0.005859375,8186,0.999267578125,3614,0.44148546298558516,5428.1474609375,66.3642578125,10.78428723685375,0.04463025276815848,0.441162109375,0.2357582539062406,0.23583274296875345,1,9,9.0,1,2.265430390257404,14,1746,,5428.1474609375,4,38,0.296875,0.2391599687500019,True
0.55,187,15023,1024,6,1,34,35,0.2734375,0.005859375,8186,0.999267578125,4406,0.5382360127046176,2987.51953125,46.787109375,13.377696076526796,0.18261645516134073,0.537841796875,0.2357582539062406,0.23583274296875345,1,9,9.0,1,1.8583427922814983,20,1752,,2987.51953125,4,38,0.296875,0.2391599687500019,True
0.55,188,9490,1024,7,1,34,35,0.2734375,0.0068359375,8185,0.9991455078125,4064,0.4965180207697007,3045.4765625,47.62890625,13.294250992784056,0.15142154625628998,0.49609375,0.2357582539062406,0.23583274296875345,1,9,9.0,1,2.0152596603494954,18,2029,,3045.4765625,4,38,0.296875,0.2391599687500019,True
0.55,189,6355,1024,8,1,34,35,0.2734375,0.0078125,8184,0.9990234375,4449,0.5436217008797654,5527.7666015625,68.6279296875,10.705306632950744,0.25031504772801105,0.5430908203125,0.2357582539062406,0.23583274296875345,1,9,9.0,3,1.8408273381294964,11,2280,,5527.7666015625,4,38,0.296875,0.2391599687500019,True
0.55,190,8857,1024,7,1,34,35,0.2734375,0.0068359375,8185,0.9991455078125,3111,0.3800855222968845,845.2724609375,15.1435546875,18.860836410200346,0.3765090826831757,0.3797607421875,0.2357582539062406,0.23583274296875345,1,9,9.0,13,2.629581993569132,15,1380,0.0,846.0987292277615,4,38,0.296875,0.2391599687500019,True
0.55,191,31811,1024,6,1,34,35,0.2734375,0.005859375,8186,0.999267578125,4553,0.5561935010994381,7297.470703125,78.611328125,9.499080007497138,0.1798357348778385,0.5557861328125,0.2357582539062406,0.23583274296875345,1,9,9.0,1,1.7989894551845342,23,2061,,7297.470703125,4,38,0.296875,0.2391599687500019,True
0.55,192,10400,1024,5,1,34,35,0.2734375,0.0048828125,8187,0.9993896484375,4110,0.5020153902528399,767.4287109375,21.2861328125,19.280423179361847,0.1731393790419508,0.501708984375,0.2357582539062406,0.23583274296875345,1,9,9.0,3,1.9926989535166708,16,1651,,767.4287109375,4,38,0.296875,0.2391599687500019,True
0.55,193,275,1024,7,1,34,35,0.2734375,0.0068359375,8185,0.9991455078125,3735,0.4563225412339646,5363.830078125,57.869140625,10.836053495745453,0.047975420998972985,0.4559326171875,0.2357582539062406,0.23583274296875345,1,9,9.0,12,2.190412426352437,9,1996,0.0,5369.073313782991,4,38,0.296875,0.2391599687500019,True
0.55,194,26152,1024,6,1,34,35,0.2734375,0.005859375,8186,0.999267578125,4204,0.5135597361348644,5001.0029296875,62.6787109375,11.140232519017779,0.05968291209412543,0.51318359375,0.2357582539062406,0.23583274296875345,1,9,9.0,1,1.948608137044968,15,1869,,5001.0029296875,4,38,0.296875,0.2391599687500019,True
0.55,195,13037,1024,6,1,34,35,0.2734375,0.005859375,8186,0.999267578125,3479,0.42499389201075005,7128.49609375,72.634765625,9.600824449119006,0.048288528662274,0.4246826171875,0.2357582539062406,0.23583274296875345,1,9,9.0,1,2.354801610120759,9,1761,,7128.49609375,4,38,0.296875,0.2391599687500019,True
0.55,196,41203,1024,11,2,34,36,0.28125,0.0107421875,8181,0.9986572265625,3675,0.44921158782544923,1459.099609375,29.95703125,16.489954196768227,0.08439126548046144,0.4486083984375,0.2357582539062406,0.23583274296875345,2,10,5.0,10,2.2261839956450733,19,1862,0.0,1460.5259042033235,5,39,0.3046875,0.2391599687500019,True
0.55,197,43709,1024,7,1,34,35,0.2734375,0.0068359375,8185,0.9991455078125,3943,0.48173488087965793,2222.3798828125,43.1728515625,14.66262063730249,0.396384096594664,0.4813232421875,0.2357582539062406,0.23583274296875345,1,9,9.0,2,2.0773718924403854,14,2053,,2222.3798828125,4,38,0.296875,0.2391599687500019,True
0.55,198,43572,1024,7,1,34,35,0.2734375,0.0068359375,8185,0.9991455078125,3745,0.4575442883323152,3339.16015625,44.2578125,12.89443111233259,0.12557906518381692,0.4571533203125,0.2357582539062406,0.23583274296875345,1,9,9.0,1,2.187232905982906,14,1887,,3339.16015625,4,38,0.296875,0.2391599687500019,True
0.55,199,23390,1024,5,1,34,35,0.2734375,0.0048828125,8187,0.9993896484375,3456,0.422132649322096,1986.9541015625,33.6962890625,15.148925258005523,0.11507508163226103,0.421875,0.2357582539062406,0.23583274296875345,1,9,9.0,4,2.3693198263386397,13,1793,,1986.9541015625,4,38,0.296875,0.2391599687500019,True
0.6,0,712,1024,9,2,34,36,0.28125,0.0087890625,8183,0.9989013671875,3927,0.4798973481608212,4200.634765625,50.853515625,11.897654384751773,0.16344848995601038,0.4793701171875,0.2357582539062406,0.23583274296875345,2,10,5.0,20,2.0812531839021906,15,2015,0.0,4208.855185909981,5,39,0.3046875,0.2391599687500019,True
0.6,1,24774,1024,15,2,34,36,0.28125,0.0146484375,8177,0.9981689453125,3823,0.4675308792955852,3331.43359375,47.765625,12.904492000716113,0.07570654108973743,0.4666748046875,0.2357582539062406,0.23583274296875345,2,10,5.0,30,2.135007849293564,20,1955,0.0,3341.222331047992,5,39,0.3046875,0.2391599687500019,True
0.6,2,45142,1024,13,2,34,36,0.28125,0.0126953125,8179,0.9984130859375,3579,0.43758405673065165,1864.9677734375,31.2705078125,15.424090292482372,0.07945985236121447,0.4368896484375,0.2357582539062406,0.23583274296875345,2,10,5.0,12,2.285913918390162,9,1838,0.0,1866.7908113391984,5,39,0.3046875,0.2391599687500019,True
0.6,3,27119,1024,3,1,34,35,0.2734375,0.0029296875,8189,0.9996337890625,2533,0.3093173769691049,13518.4150390625,72.7802734375,6.82154584953097,0.07200111569928044,0.3092041015625,0.2357582539062406,0.23583274296875345,1,9,9.0,7,3.2322274881516586,35,1206,,13518.4150390625,4,38,0.296875,0.2391599687500019,True
0.6,4,21139,1024,14,2,34,36,0.28125,0.013671875,8178,0.998291015625,3671,0.4488872584984104,1605.78125,34.208984375,16.073939783240732,0.17909240269188337,0.4481201171875,0.2357582539062406,0.23583274296875345,2,10,5.0,20,2.226158038147139,14,1910,0.0,1608.9236790606653,5,39,0.3046875,0.2391599687500019,True
0.6,5,19129,1024,10,2,34,36,0.28125,0.009765625,8182,0.998779296875,4285,0.5237105842092398,4956.5048828125,61.7158203125,11.179048225158832,0.0718924597345584,0.5230712890625,0.2357582539062406,0.23583274296875345,2,10,5.0,14,1.9087301587301588,21,1974,0.0,4961.349951124144,5,39,0.3046875,0.2391599687500019,True
0.6,6,6433,1024,15,2,34,36,0.28125,0.0146484375,8177,0.9981689453125,3284,0.40161428396722515,882.3154296875,22.2705078125,18.674564867533338,0.16880861934475383,0.40087890625,0.2357582539062406,0.23583274296875345,2,10,5.0,31,2.4855315260432533,9,1815,0.0,884.9079333986288,5,39,0.3046875,0.2391599687500019,True
0.6,7,38854,1024,10,2,34,36,0.28125,0.009765625,8182,0.998779296875,4034,0.4930334881447079,3472.4912109375,48.0810546875,12.724392056796178,0.07172544121463015,0.492431640625,0.2357582539062406,0.23583274296875345,2,10,5.0,14,2.0275229357798166,14,1941,0.0,3475.885630498534,5,39,0.3046875,0.2391599687500019,True
0.6,8,22489,1024,15,2,34,36,0.28125,0.0146484375,8177,0.9981689453125,3972,0.4857527210468387,3788.265625,49.55859375,12.346399376783634,0.11157606043148463,0.48486328125,0.2357582539062406,0.23583274296875345,2,10,5.0,20,2.0574162679425836,8,2159,0.0,3795.679060665362,5,39,0.3046875,0.2391599687500019,True
0.6,9,31104,1024,3,1,34,35,0.2734375,0.0029296875,8189,0.9996337890625,3907,0.47710343143240935,14995.6875,97.564453125,6.371139794277938,0.09175849348881226,0.4769287109375,0.2357582539062406,0.23583274296875345,1,9,9.0,3,2.0962621607782896,8,2085,,14995.6875,4,38,0.296875,0.2391599687500019,True
0.6,10,21349,1024,22,3,34,37,0.2890625,0.021484375,8170,0.997314453125,3364,0.411750305997552,934.49609375,22.748046875,18.425028705263774,0.12041781608363325,0.41064453125,0.2357582539062406,0.23583274296875345,3,11,3.6666666666666665,19,2.4293785310734464,13,1722,0.0,936.3248532289629,6,40,0.3125,0.2391599687500019,True
0.6,11,29116,1024,13,2,34,36,0.28125,0.0126953125,8179,0.9984130859375,3724,0.4553123853771855,5517.1337890625,57.3173828125,10.71366845254003,0.10463271320667039,0.45458984375,0.2357582539062406,0.23583274296875345,2,10,5.0,20,2.1941982272361,8,2078,0.0,5527.930528375734,5,39,0.3046875,0.2391599687500019,True
0.6,12,10772,1024,13,2,34,36,0.28125,0.0126953125,8179,0.9984130859375,4045,0.4945592370705465,11103.6708984375,86.9619140625,7.676137796150795,0.02401873490856415,0.4937744140625,0.2357582539062406,0.23583274296875345,2,10,5.0,9,2.0229970326409497,15,1955,0.0,11114.524926686217,5,39,0.3046875,0.2391599687500019,True
0.6,13,18332,1024,11,2,34,36,0.28125,0.0107421875,8181,0.9986572265625,4202,0.513629140691847,2697.60546875,44.97265625,13.82101927494162,0.08030483430402743,0.512939453125,0.2357582539062406,0.23583274296875345,2,10,5.0,8,1.9476315163056415,13,1963,0.0,2700.242424242424,5,39,0.3046875,0.2391599687500019,True
0.6,14,1003,1024,11,2,34,36,0.28125,0.0107421875,8181,0.9986572265625,4051,0.4951717393961618,11513.798828125,96.380859375,7.518617237806241,0.065436081508394,0.4945068359375,0.2357582539062406,0.23583274296875345,2,10,5.0,7,2.0207407407407407,8,2326,,11513.798828125,5,39,0.3046875,0.2391599687500019,True
0.6,15,22156,1024,16,2,34,36,0.28125,0.015625,8176,0.998046875,4285,0.5240949119373777,11993.0673828125,97.3154296875,7.341500871053568,0.042880105343094575,0.5230712890625,0.2357582539062406,0.23583274296875345,2,10,5.0,15,1.908263305322129,13,1953,0.0,12004.790811339199,6,40,0.3125,0.2391599687500019,True
0.6,16,26453,1024,6,1,34,35,0.2734375,0.005859375,8186,0.999267578125,2996,0.3659907158563401,3112.6669921875,37.1123046875,13.199477005745289,0.08529987981657346,0.36572265625,0.2357582539062406,0.23583274296875345,1,9,9.0,6,2.7328881469115194,7,1856,,3112.6669921875,4,38,0.296875,0.2391599687500019,True
0.6,17,17039,1024,7,1,34,35,0.2734375,0.0068359375,8185,0.9991455078125,3607,0.44068417837507634,789.5810546875,22.5361328125,19.15683641600689,0.2954078139421068,0.4403076171875,0.2357582539062406,0.23583274296875345,1,9,9.0,10,2.2687188019966724,7,1903,0.0,790.3528836754643,4,38,0.296875,0.2391599687500019,True
0.6,18,7166,1024,9,2,34,36,0.28125,0.0087890625,8183,0.9989013671875,4159,0.5082488085054381,12831.0869140625,102.6572265625,7.048169140965727,0.10919734717413189,0.5076904296875,0.2357582539062406,0.23583274296875345,2,10,5.0,9,1.9677729677729678,10,2221,0.0,12843.629521016617,5,39,0.3046875,0.2391599687500019,True
0.6,19,48310,1024,3,1,34,35,0.2734375,0.0029296875,8189,0.9996337890625,3583,0.43753816094761266,11717.3720703125,89.2646484375,7.442501402554064,0.08144840342342438,0.4373779296875,0.2357582539062406,0.23583274296875345,1,9,9.0,5,2.285315466219989,8,2120,,11717.3720703125,4,38,0.296875,0.2391599687500019,True
0.6,20,12187,1024,9,2,34,36,0.28125,0.0087890625,8183,0.9989013671875,3850,0.4704875962360992,1686.90234375,33.419921875,15.85990419237941,0.2229521628236814,0.469970703125,0.2357582539062406,0.23583274296875345,2,10,5.0,12,2.1247077162899455,13,1692,0.0,1688.5513196480938,5,39,0.3046875,0.2391599687500019,True
0.6,21,20284,1024,10,2,34,36,0.28125,0.009765625,8182,0.998779296875,2725,0.3330481544854559,776.392578125,13.708984375,19.22998985741956,0.27169587826886393,0.3326416015625,0.2357582539062406,0.23583274296875345,2,10,5.0,21,2.999265785609398,11,1377,0.0,777.9119373776908,5,39,0.3046875,0.2391599687500019,True
0.6,22,1052,1024,17,3,34,37,0.2890625,0.0166015625,8175,0.9979248046875,3873,0.47376146788990825,2768.072265625,41.1796875,13.709029368778111,0.060906843510814546,0.4727783203125,0.2357582539062406,0.23583274296875345,3,11,3.6666666666666665,12,2.112086776859504,10,2038,0.0,2770.7781036168135,6,40,0.3125,0.2391599687500019,True
0.6,23,13752,1024,10,2,34,36,0.28125,0.009765625,8182,0.998779296875,3712,0.45367880713761916,494.44921875,15.5546875,21.189586658429498,0.4224198338612382,0.453125,0.2357582539062406,0.23583274296875345,2,10,5.0,23,2.200754513608192,14,1815,0.0,495.4168297455969,5,39,0.3046875,0.2391599687500019,True
0.6,24,37139,1024,3,1,34,35,0.2734375,0.0029296875,8189,0.9996337890625,4097,0.5003052875809012,22322.1748046875,130.8779296875,4.6434385610134505,0.04406427153450754,0.5001220703125,0.2357582539062406,0.23583274296875345,1,9,9.0,4,1.998779296875,8,2114,,22322.1748046875,4,38,0.296875,0.2391599687500019,True
0.6,25,29727,1024,12,2,34,36,0.28125,0.01171875,8180,0.99853515625,4142,0.506356968215159,5860.2236328125,61.1787109375,10.45166171361208,0.07609851526217519,0.505615234375,0.2357582539062406,0.23583274296875345,2,10,5.0,11,1.9753682685341705,11,1929,0.0,5865.952101661779,5,39,0.3046875,0.2391599687500019,True
0.6,26,41854,1024,23,3,34,37,0.2890625,0.0224609375,8169,0.9971923828125,3271,0.40041620761415103,523.9736328125,18.6279296875,20.93770927724163,0.27554848609139065,0.3992919921875,0.2357582539062406,0.23583274296875345,3,11,3.6666666666666665,13,2.5009174311926605,7,1783,0.0,524.485826001955,6,40,0.3125,0.2391599687500019,True
0.6,27,40333,1024,12,2,34,36,0.28125,0.01171875,8180,0.99853515625,4524,0.5530562347188264,7457.1318359375,78.7900390625,9.405085397413123,0.06028327585582576,0.55224609375,0.2357582539062406,0.23583274296875345,2,10,5.0,8,1.8089763431350874,21,1904,0.0,7464.421309872922,5,39,0.3046875,0.2391599687500019,True
0.6,28,33248,1024,3,1,34,35,0.2734375,0.0029296875,8189,0.9996337890625,3277,0.4001709610453047,10005.841796875,80.859375,8.128267289292916,0.17856737380555399,0.4000244140625,0.2357582539062406,0.23583274296875345,1,9,9.0,375,2.385836385836386,8,1828,0.0,10476.464212678937,4,38,0.296875,0.2391599687500019,True
0.6,29,9680,1024,8,1,34,35,0.2734375,0.0078125,8184,0.9990234375,3543,0.43291788856304986,10608.4228515625,73.9736328125,7.874295384912035,0.030131890430950485,0.4324951171875,0.2357582539062406,0.23583274296875345,1,9,9.0,13,2.308018068887634,7,1899,0.0,10618.792766373412,5,39,0.3046875,0.2391599687500019,True
0.6,30,16805,1024,10,2,34,36,0.28125,0.009765625,8182,0.998779296875,3568,0.4360791982400391,1795.5078125,33.8828125,15.588930617270336,0.14306302158138673,0.435546875,0.2357582539062406,0.23583274296875345,2,10,5.0,12,2.2929632744603308,12,1973,0.0,1797.2629521016618,5,39,0.3046875,0.2391599687500019,True
0.6,31,14652,1024,15,2,34,36,0.28125,0.0146484375,8177,0.9981689453125,3689,0.45114345114345117,801.6845703125,22.0654296875,19.090768358742697,0.2658021173933237,0.4503173828125,0.2357582539062406,0.23583274296875345,2,10,5.0,20,2.2147505422993494,13,1698,0.0,803.2534246575342,5,39,0.3046875,0.2391599687500019,True
0.6,32,15793,1024,7,1,34,35,0.2734375,0.0068359375,8185,0.9991455078125,3287,0.40158827122785584,3934.626953125,41.986328125,12.181767982209465,0.23306522820748013,0.4012451171875,0.2357582539062406,0.23583274296875345,1,9,9.0,5,2.4908703590992087,8,1912,,3934.626953125,4,38,0.296875,0.2391599687500019,True
0.6,33,30210,1024,3,1,34,35,0.2734375,0.0029296875,8189,0.9996337890625,3420,0.4176334106728538,9034.0908203125,67.0029296875,8.571959086294397,0.308935108851516,0.41748046875,0.2357582539062406,0.23583274296875345,1,9,9.0,3,2.3942673296285464,69,1981,,9034.0908203125,4,38,0.296875,0.2391599687500019,True
0.6,34,47426,1024,14,2,34,36,0.28125,0.013671875,8178,0.998291015625,4542,0.5553925165077036,18132.779296875,125.134765625,5.546159853003772,0.03994126721392838,0.554443359375,0.2357582539062406,0.23583274296875345,2,10,5.0,9,1.8002642589737943,16,2023,0.0,18150.50439882698,5,39,0.3046875,0.2391599687500019,True
0.6,35,20875,1024,11,2,34,36,0.28125,0.0107421875,8181,0.9986572265625,3673,0.4489671189341156,2754.5888671875,38.1748046875,13.730235729381715,0.09590771512614281,0.4483642578125,0.2357582539062406,0.23583274296875345,2,10,5.0,11,2.227124183006536,10,1942,0.0,2757.2815249266864,5,39,0.3046875,0.2391599687500019,True
0.6,36,4161,1024,8,1,34,35,0.2734375,0.0078125,8184,0.9990234375,3864,0.47214076246334313,13649.5234375,96.333984375,6.779628722806638,0.02627924359094325,0.4716796875,0.2357582539062406,0.23583274296875345,1,9,9.0,13,2.1170075071188195,14,2033,0.0,13662.866080156402,5,39,0.3046875,0.2391599687500019,True
0.6,37,40340,1024,12,2,34,36,0.28125,0.01171875,8180,0.99853515625,4078,0.4985330073349633,5673.314453125,62.357421875,10.592435051240695,0.15205513786752747,0.497802734375,0.2357582539062406,0.23583274296875345,2,10,5.0,12,2.006131959774344,10,1892,0.0,5678.860215053764,5,39,0.3046875,0.2391599687500019,True
0.6,38,28286,1024,15,2,34,36,0.28125,0.0146484375,8177,0.9981689453125,3787,0.4631282866576984,7665.9140625,67.07421875,9.285164145109174,0.1420359494743874,0.4622802734375,0.2357582539062406,0.23583274296875345,2,10,5.0,22,2.157686212361331,12,2164,0.0,7680.915851272016,5,39,0.3046875,0.2391599687500019,True
0.6,39,13256,1024,10,2,34,36,0.28125,0.009765625,8182,0.998779296875,3659,0.44720117330725984,2728.115234375,38.6484375,13.772176500901331,0.10120700391323714,0.4466552734375,0.2357582539062406,0.23583274296875345,2,10,5.0,13,2.235101148168398,13,1748,0.0,2730.7820136852397,5,39,0.3046875,0.2391599687500019,True
0.6,40,48934,1024,8,1,34,35,0.2734375,0.0078125,8184,0.9990234375,3467,0.4236314760508309,9775.4462890625,71.4326171875,8.229437670299033,0.01472903559632062,0.4232177734375,0.2357582539062406,0.23583274296875345,1,9,9.0,5,2.3615118291979225,10,1906,,9775.4462890625,5,39,0.3046875,0.2391599687500019,True
0.6,41,11935,1024,18,3,34,37,0.2890625,0.017578125,8174,0.997802734375,4589,0.5614142402740396,3265.0908203125,50.4404296875,12.991850949468644,0.10665715125352568,0.5601806640625,0.2357582539062406,0.23583274296875345,3,11,3.6666666666666665,18,1.781386224934612,18,1843,0.0,3271.4804305283756,6,40,0.3125,0.2391599687500019,True
0.6,42,48447,1024,15,2,34,36,0.28125,0.0146484375,8177,0.9981689453125,3506,0.4287636052341935,831.9541015625,18.7744140625,18.929809936973577,0.15652456345382287,0.427978515625,0.2357582539062406,0.23583274296875345,2,10,5.0,19,2.329243937232525,17,1579,0.0,833.582191780822,5,39,0.3046875,0.2391599687500019,True
0.6,43,15492,1024,9,2,34,36,0.28125,0.0087890625,8183,0.9989013671875,4000,0.4888182818037395,2899.953125,43.26171875,13.5068938287184,0.06949429922097146,0.48828125,0.2357582539062406,0.23583274296875345,2,10,5.0,10,2.0445111277819454,13,1956,0.0,2902.787878787879,5,39,0.3046875,0.2391599687500019,True
0.6,44,32513,1024,12,2,34,36,0.28125,0.01171875,8180,0.99853515625,3268,0.3995110024449878,2223.2001953125,39.0751953125,14.661017889449708,0.221968404543861,0.39892578125,0.2357582539062406,0.23583274296875345,2,10,5.0,10,2.5041322314049586,13,1915,0.0,2225.373411534702,5,39,0.3046875,0.2391599687500019,True
0.6,45,36099,1024,3,1,34,35,0.2734375,0.0029296875,8189,0.9996337890625,3813,0.4656246183905239,20775.7470703125,126.6787109375,4.955237114355471,0.08265445976338844,0.4654541015625,0.2357582539062406,0.23583274296875345,1,9,9.0,15,2.1445435466946483,8,2076,0.0,20796.055718475072,4,38,0.296875,0.2391599687500019,True
0.6,46,39260,1024,10,2,34,36,0.28125,0.009765625,8182,0.998779296875,2730,0.33365925201662183,1389.5966796875,26.6201171875,16.70191593134049,0.2586373420961973,0.333251953125,0.2357582539062406,0.23583274296875345,2,10,5.0,175,2.936973250274826,14,1663,0.0,1418.690927218345,5,39,0.3046875,0.2391599687500019,True
0.6,47,46517,1024,18,3,34,37,0.2890625,0.017578125,8174,0.997802734375,3950,0.48323954000489355,2185.54296875,39.953125,14.735210115349979,0.23643605706555007,0.482177734375,0.2357582539062406,0.23583274296875345,3,11,3.6666666666666665,13,2.0703975690048115,18,1883,0.0,2187.6793743890516,6,40,0.3125,0.2391599687500019,True
0.6,48,33095,1024,19,3,34,37,0.2890625,0.0185546875,8173,0.9976806640625,3946,0.4828092499694115,5465.7099609375,60.2509765625,10.754337788289469,0.08142057376129128,0.481689453125,0.2357582539062406,0.23583274296875345,3,11,3.6666666666666665,13,2.073003802281369,8,2159,0.0,5471.052785923754,6,40,0.3125,0.2391599687500019,True
0.6,49,3,1024,12,2,34,36,0.28125,0.01171875,8180,0.99853515625,3737,0.45684596577017117,5334.0517578125,65.3310546875,10.860231354114456,0.07730943152624856,0.4561767578125,0.2357582539062406,0.23583274296875345,2,10,5.0,10,2.189775160599572,7,2313,0.0,5339.265884652981,5,39,0.3046875,0.2391599687500019,True
0.6,50,21683,1024,6,1,34,35,0.2734375,0.005859375,8186,0.999267578125,3717,0.4540679208404593,7850.4140625,73.056640625,9.181877970759725,0.043908624551319685,0.4537353515625,0.2357582539062406,0.23583274296875345,1,9,9.0,10,2.201022604951561,8,2220,0.0,7858.087976539589,4,38,0.296875,0.2391599687500019,True
0.6,51,13446,1024,11,2,34,36,0.28125,0.0107421875,8181,0.9986572265625,4078,0.49847206942916517,5961.078125,61.462890625,10.377555472024888,0.043167852200092505,0.497802734375,0.2357582539062406,0.23583274296875345,2,10,5.0,12,2.006131959774344,13,2119,0.0,5966.905180840665,5,39,0.3046875,0.2391599687500019,True
0.6,52,49515,1024,10,2,34,36,0.28125,0.009765625,8182,0.998779296875,3661,0.44744561231972624,3359.6787109375,43.1748046875,12.867826134597957,0.18933747255132818,0.4468994140625,0.2357582539062406,0.23583274296875345,2,10,5.0,23,2.2314207650273223,11,2077,0.0,3366.253424657534,5,39,0.3046875,0.2391599687500019,True
0.6,53,27943,1024,11,2,34,36,0.28125,0.0107421875,8181,0.9986572265625,4096,0.5006722894511674,4589.6708984375,60.5498046875,11.512988152253625,0.09895839366324181,0.5,0.2357582539062406,0.23583274296875345,2,10,5.0,11,1.9975579975579976,13,2031,0.0,4594.157380254154,5,39,0.3046875,0.2391599687500019,True
0.6,54,29059,1024,10,2,34,36,0.28125,0.009765625,8182,0.998779296875,4140,0.5059887558054266,4882.3564453125,61.0458984375,11.244508781707284,0.05467809751197657,0.50537109375,0.2357582539062406,0.23583274296875345,2,10,5.0,9,1.9768059917854555,14,2063,0.0,4887.129032258064,5,39,0.3046875,0.2391599687500019,True
0.6,55,32738,1024,10,2,34,36,0.28125,0.009765625,8182,0.998779296875,3608,0.4409679784893669,1418.1669921875,28.0654296875,16.61352987908402,0.44111728323568306,0.4404296875,0.2357582539062406,0.23583274296875345,2,10,5.0,23,2.264208483504297,13,1747,0.0,1420.9422700587083,5,39,0.3046875,0.2391599687500019,True
0.6,56,445,1024,11,2,34,36,0.28125,0.0107421875,8181,0.9986572265625,3857,0.47145825693680476,6977.7451171875,65.4052734375,9.693652593586691,0.05287646827113784,0.4708251953125,0.2357582539062406,0.23583274296875345,2,10,5.0,28,2.116960580912863,12,2024,0.0,6998.247796278159,5,39,0.3046875,0.2391599687500019,True
0.6,57,32216,1024,6,1,34,35,0.2734375,0.005859375,8186,0.999267578125,3959,0.4836305888101637,16986.7216796875,112.3154296875,5.829707897563918,0.024801106912431745,0.4832763671875,0.2357582539062406,0.23583274296875345,1,9,9.0,6,2.067710965133906,8,2105,,16986.7216796875,4,38,0.296875,0.2391599687500019,True
0.6,58,18250,1024,10,2,34,36,0.28125,0.009765625,8182,0.998779296875,4032,0.49278904913224153,1762.875,33.671875,15.66858841951939,0.08799594714280211,0.4921875,0.2357582539062406,0.23583274296875345,2,10,5.0,14,2.0285289010171175,15,1791,0.0,1764.5982404692081,5,39,0.3046875,0.2391599687500019,True
0.6,59,1684,1024,14,2,34,36,0.28125,0.013671875,8178,0.998291015625,3639,0.44497432134996334,2994.294921875,40.974609375,13.367857870936895,0.09774389639913666,0.4442138671875,0.2357582539062406,0.23583274296875345,2,10,5.0,12,2.248213304013194,10,1898,0.0,2997.2218963831865,5,39,0.3046875,0.2391599687500019,True
0.6,60,2899,1024,30,4,34,38,0.296875,0.029296875,8162,0.996337890625,3652,0.4474393530997305,3503.7841796875,50.9521484375,12.685430135024156,0.12001303701991714,0.44580078125,0.2357582539062406,0.23583274296875345,4,12,3.0,12,2.240208162147357,7,2247,0.0,3507.2091886608014,7,41,0.3203125,0.2391599687500019,True
0.6,61,39428,1024,3,1,34,35,0.2734375,0.0029296875,8189,0.9996337890625,3337,0.4074978629869337,6859.14453125,63.880859375,9.768104067536983,0.10716098862343396,0.4073486328125,0.2357582539062406,0.23583274296875345,1,9,9.0,5,2.453537170263789,8,1992,,6859.14453125,4,38,0.296875,0.2391599687500019,True
0.6,62,40758,1024,12,2,34,36,0.28125,0.01171875,8180,0.99853515625,4471,0.5465770171149145,13746.005859375,98.6953125,6.7490383617238345,0.02869273833954264,0.5457763671875,0.2357582539062406,0.23583274296875345,2,10,5.0,9,1.8304250559284116,21,2099,0.0,13759.442815249267,5,39,0.3046875,0.2391599687500019,True
0.6,63,29154,1024,19,3,34,37,0.2890625,0.0185546875,8173,0.9976806640625,3997,0.489049308699376,4014.6611328125,52.0498046875,12.094314673828485,0.0940164135163186,0.4879150390625,0.2357582539062406,0.23583274296875345,3,11,3.6666666666666665,11,2.0462962962962963,13,2026,0.0,4018.585532746823,6,40,0.3125,0.2391599687500019,True
0.6,64,43958,1024,12,2,34,36,0.28125,0.01171875,8180,0.99853515625,4026,0.4921760391198044,1946.181640625,38.822265625,15.238969895605779,0.14057206251811524,0.491455078125,0.2357582539062406,0.23583274296875345,2,10,5.0,9,2.0325465838509316,7,1990,0.0,1948.0840664711632,5,39,0.3046875,0.2391599687500019,True
0.6,65,33814,1024,3,1,34,35,0.2734375,0.0029296875,8189,0.9996337890625,4019,0.4907803150567835,20936.2744140625,127.8486328125,4.921809588530103,0.04112437663284123,0.4906005859375,0.2357582539062406,0.23583274296875345,1,9,9.0,4,2.037580886012942,8,2094,,20936.2744140625,4,38,0.296875,0.2391599687500019,True
0.6,66,34153,1024,9,2,34,36,0.28125,0.0087890625,8183,0.9989013671875,4307,0.5263350849321765,5821.5908203125,64.1162109375,10.480386837646652,0.08756868976644128,0.5257568359375,0.2357582539062406,0.23583274296875345,2,10,5.0,12,1.8992104040873201,21,1841,0.0,5827.281524926686,5,39,0.3046875,0.2391599687500019,True
0.6,67,43609,1024,8,1,34,35,0.2734375,0.0078125,8184,0.9990234375,4189,0.511852394916911,17708.3720703125,108.8974609375,5.649017225110647,0.02077535377257209,0.5113525390625,0.2357582539062406,0.23583274296875345,1,9,9.0,5,1.954632282712512,16,2027,,17708.3720703125,5,39,0.3046875,0.2391599687500019,True
0.6,68,10762,1024,12,2,34,36,0.28125,0.01171875,8180,0.99853515625,3912,0.478239608801956,3552.68359375,47.103515625,12.625238304422856,0.059540692545277385,0.4775390625,0.2357582539062406,0.23583274296875345,2,10,5.0,29,2.0869342879059065,15,1921,0.0,3563.122428991185,5,39,0.3046875,0.2391599687500019,True
0.6,69,17898,1024,15,2,34,36,0.28125,0.0146484375,8177,0.9981689453125,3821,0.46728629081570255,2816.82421875,37.892578125,13.633206147727426,0.2479836503120696,0.4664306640625,0.2357582539062406,0.23583274296875345,2,10,5.0,35,2.135078534031414,17,1704,0.0,2827.8705882352942,5,39,0.3046875,0.2391599687500019,True
0.6,70,43653,1024,7,1,34,35,0.2734375,0.0068359375,8185,0.9991455078125,3504,0.4281001832620647,12755.6123046875,88.5224609375,7.073790500848251,0.0016677397715681346,0.427734375,0.2357582539062406,0.23583274296875345,1,9,9.0,5,2.336854125035684,8,2014,,12755.6123046875,4,38,0.296875,0.2391599687500019,True
0.6,71,14233,1024,11,2,34,36,0.28125,0.0107421875,8181,0.9986572265625,3767,0.4604571568267938,4520.4501953125,51.2412109375,11.578986721618802,0.054368963867510965,0.4598388671875,0.2357582539062406,0.23583274296875345,2,10,5.0,12,2.1707381837493362,14,1819,0.0,4524.8690127077225,5,39,0.3046875,0.2391599687500019,True
0.6,72,39520,1024,11,2,34,36,0.28125,0.0107421875,8181,0.9986572265625,3877,0.4739029458501406,9582.0693359375,83.3818359375,8.316210517757455,0.07307373986532532,0.4732666015625,0.2357582539062406,0.23583274296875345,2,10,5.0,13,2.109907120743034,12,2097,0.0,9591.43597262952,5,39,0.3046875,0.2391599687500019,True
0.6,73,18138,1024,12,2,34,36,0.28125,0.01171875,8180,0.99853515625,3834,0.4687041564792176,1995.7021484375,32.3232421875,15.12984636011975,0.1890492989624604,0.468017578125,0.2357582539062406,0.23583274296875345,2,10,5.0,12,2.133837725019567,17,1749,0.0,1997.652981427175,5,39,0.3046875,0.2391599687500019,True
0.6,74,9212,1024,9,2,34,36,0.28125,0.0087890625,8183,0.9989013671875,4400,0.5377001099841134,32107.0185546875,167.5498046875,3.064803818465321,0.019396200628578338,0.537109375,0.2357582539062406,0.23583274296875345,2,10,5.0,22,1.8570129574903387,13,1911,0.0,32169.850293542073,5,39,0.3046875,0.2391599687500019,True
0.6,75,6456,1024,17,3,34,37,0.2890625,0.0166015625,8175,0.9979248046875,3775,0.4617737003058104,2978.9228515625,42.5205078125,13.39021104908506,0.10687213410803051,0.4608154296875,0.2357582539062406,0.23583274296875345,3,11,3.6666666666666665,12,2.1664016958134606,12,1900,0.0,2981.8347996089933,6,40,0.3125,0.2391599687500019,True
0.6,76,22948,1024,9,2,34,36,0.28125,0.0087890625,8183,0.9989013671875,3741,0.45716729805694734,5565.017578125,51.5625,10.676138203965305,0.24633191944191307,0.4566650390625,0.2357582539062406,0.23583274296875345,2,10,5.0,14,2.186096256684492,11,1979,0.0,5570.457478005865,5,39,0.3046875,0.2391599687500019,True
0.6,77,7591,1024,8,1,34,35,0.2734375,0.0078125,8184,0.9990234375,3720,0.45454545454545453,5920.845703125,65.892578125,10.40696617325941,0.03765885432622164,0.4541015625,0.2357582539062406,0.23583274296875345,1,9,9.0,11,2.199515998924442,8,2140,0.0,5926.633431085044,5,39,0.3046875,0.2391599687500019,True
0.6,78,29996,1024,10,2,34,36,0.28125,0.009765625,8182,0.998779296875,3616,0.44194573453923247,7347.689453125,67.33984375,9.46929568112233,0.13022297068987343,0.44140625,0.2357582539062406,0.23583274296875345,2,10,5.0,13,2.2614107883817427,14,1906,0.0,7354.871945259042,5,39,0.3046875,0.2391599687500019,True
0.6,79,10378,1024,12,2,34,36,0.28125,0.01171875,8180,0.99853515625,4018,0.49119804400977995,4624.75390625,45.029296875,11.479917329823063,0.03705661626050628,0.490478515625,0.2357582539062406,0.23583274296875345,2,10,5.0,7,2.037092357480707,7,1837,,4624.75390625,5,39,0.3046875,0.2391599687500019,True
0.6,80,27337,1024,10,2,34,36,0.28125,0.009765625,8182,0.998779296875,4638,0.5668540699095576,5691.5849609375,63.0693359375,10.57847137717519,0.18525132351179005,0.566162109375,0.2357582539062406,0.23583274296875345,2,10,5.0,13,1.7632089713176622,13,1925,0.0,5697.148582600195,5,39,0.3046875,0.2391599687500019,True
0.6,81,19965,1024,12,2,34,36,0.28125,0.01171875,8180,0.99853515625,4335,0.5299511002444988,6553.5439453125,60.4482421875,9.966041448965516,0.07531407697707135,0.5291748046875,0.2357582539062406,0.23583274296875345,2,10,5.0,21,1.8848638670973696,12,2146,0.0,6566.3688845401175,5,39,0.3046875,0.2391599687500019,True
0.6,82,24405,1024,15,2,34,36,0.28125,0.0146484375,8177,0.9981689453125,3792,0.4637397578574049,2629.6875,39.611328125,13.931762188759738,0.14150851021285285,0.462890625,0.2357582539062406,0.23583274296875345,2,10,5.0,12,2.157214455288842,7,2081,0.0,2632.2580645161293,5,39,0.3046875,0.2391599687500019,True
0.6,83,45135,1024,10,2,34,36,0.28125,0.009765625,8182,0.998779296875,4173,0.5100219995111219,14414.8291015625,104.1904296875,6.542708629947651,0.0593665496477464,0.5093994140625,0.2357582539062406,0.23583274296875345,2,10,5.0,5,1.961888782358581,12,2078,,14414.8291015625,5,39,0.3046875,0.2391599687500019,True
0.6,84,11274,1024,7,1,34,35,0.2734375,0.0068359375,8185,0.9991455078125,3454,0.42199144777031156,6986.958984375,64.634765625,9.687921670499337,0.027042852566322443,0.421630859375,0.2357582539062406,0.23583274296875345,1,9,9.0,5,2.3698233420214305,8,1988,,6986.958984375,4,38,0.296875,0.2391599687500019,True
0.6,85,1941,1024,18,3,34,37,0.2890625,0.017578125,8174,0.997802734375,4070,0.4979202348911182,1111.71875,26.970703125,17.670854304314943,0.18708901224224436,0.496826171875,0.2357582539062406,0.23583274296875345,3,11,3.6666666666666665,14,2.009584664536741,15,1665,0.0,1112.8054740957966,6,40,0.3125,0.2391599687500019,True
0.6,86,48940,1024,6,1,34,35,0.2734375,0.005859375,8186,0.999267578125,3620,0.4422184216955778,4289.369140625,54.970703125,11.806869378888171,0.05075810704304496,0.44189453125,0.2357582539062406,0.23583274296875345,1,9,9.0,5,2.2619508151423044,9,2082,,4289.369140625,4,38,0.296875,0.2391599687500019,True
0.6,87,36794,1024,14,2,34,36,0.28125,0.013671875,8178,0.998291015625,4009,0.4902176571288824,13816.376953125,96.87890625,6.726861872618326,0.03812448786854031,0.4893798828125,0.2357582539062406,0.23583274296875345,2,10,5.0,13,2.0404191616766467,17,1992,0.0,13829.882697947214,5,39,0.3046875,0.2391599687500019,True
0.6,88,21994,1024,10,2,34,36,0.28125,0.009765625,8182,0.998779296875,3848,0.47030065998533366,6064.9775390625,64.9599609375,10.302511640213412,0.07426898534172942,0.4697265625,0.2357582539062406,0.23583274296875345,2,10,5.0,12,2.125552378476735,13,2087,0.0,6070.906158357771,5,39,0.3046875,0.2391599687500019,True
0.6,89,49944,1024,19,3,34,37,0.2890625,0.0185546875,8173,0.9976806640625,3516,0.4301969900893185,3512.40234375,43.158203125,12.674761025910966,0.10931058069649074,0.42919921875,0.2357582539062406,0.23583274296875345,3,11,3.6666666666666665,46,2.317211948790896,15,1827,0.0,3529.6368989205102,6,40,0.3125,0.2391599687500019,True
0.6,90,43442,1024,15,2,34,36,0.28125,0.0146484375,8177,0.9981689453125,2820,0.3448697566344625,380.6162109375,12.1865234375,22.325930793583897,0.637139620520646,0.34423828125,0.2357582539062406,0.23583274296875345,2,10,5.0,31,2.8942887548776164,8,1368,0.0,381.7345739471107,5,39,0.3046875,0.2391599687500019,True
0.6,91,45096,1024,9,2,34,36,0.28125,0.0087890625,8183,0.9989013671875,3313,0.4048637419039472,961.955078125,22.11328125,18.299255692645573,0.2640406264759907,0.4044189453125,0.2357582539062406,0.23583274296875345,2,10,5.0,12,2.4692028985507246,11,1746,0.0,962.8954056695992,5,39,0.3046875,0.2391599687500019,True
0.6,92,42430,1024,19,3,34,37,0.2890625,0.0185546875,8173,0.9976806640625,3951,0.4834210204331335,408.9951171875,14.1650390625,22.01362237680087,0.41161487833830823,0.4822998046875,0.2357582539062406,0.23583274296875345,3,11,3.6666666666666665,61,2.057721518987342,24,1462,0.0,411.8102261553589,6,40,0.3125,0.2391599687500019,True
0.6,93,42255,1024,16,2,34,36,0.28125,0.015625,8176,0.998046875,4301,0.5260518590998043,4461.2236328125,58.6552734375,11.636263667089846,0.15201174217585303,0.5250244140625,0.2357582539062406,0.23583274296875345,2,10,5.0,27,1.8986046511627908,13,1835,0.0,4474.332027424094,6,40,0.3125,0.2391599687500019,True
0.6,94,5771,1024,3,1,34,35,0.2734375,0.0029296875,8189,0.9996337890625,4642,0.5668579802173648,30773.9658203125,161.4580078125,3.2489689377563016,0.028660498355079878,0.566650390625,0.2357582539062406,0.23583274296875345,1,9,9.0,23,1.7588881706528765,62,1885,0.0,30834.188845401175,4,38,0.296875,0.2391599687500019,True
0.6,95,8320,1024,21,3,34,37,0.2890625,0.0205078125,8171,0.9974365234375,3715,0.45465671276465547,1994.505859375,36.923828125,15.13245044368208,0.0862297472554203,0.4534912109375,0.2357582539062406,0.23583274296875345,3,11,3.6666666666666665,13,2.2019386106623586,14,1979,0.0,1996.455522971652,6,40,0.3125,0.2391599687500019,True
0.6,96,48807,1024,12,2,34,36,0.28125,0.01171875,8180,0.99853515625,4110,0.5024449877750611,5929.4990234375,62.2080078125,10.400623589956501,0.09811188171902585,0.501708984375,0.2357582539062406,0.23583274296875345,2,10,5.0,11,1.990752007787783,16,1798,0.0,5935.295210166178,5,39,0.3046875,0.2391599687500019,True
0.6,97,2675,1024,13,2,34,36,0.28125,0.0126953125,8179,0.9984130859375,3626,0.4433304804988385,1691.9326171875,36.6162109375,15.846972980079133,0.35419692031695865,0.442626953125,0.2357582539062406,0.23583274296875345,2,10,5.0,20,2.2537931034482757,13,1950,0.0,1695.2436399217222,5,39,0.3046875,0.2391599687500019,True
0.6,98,37658,1024,7,1,34,35,0.2734375,0.0068359375,8185,0.9991455078125,3704,0.4525351252290776,17124.060546875,101.953125,5.7947360613408865,0.01310526502880215,0.4521484375,0.2357582539062406,0.23583274296875345,1,9,9.0,5,2.210640021604105,23,1895,,17124.060546875,4,38,0.296875,0.2391599687500019,True
0.6,99,45710,1024,12,2,34,36,0.28125,0.01171875,8180,0.99853515625,4386,0.5361858190709047,11251.8974609375,96.7822265625,7.61854595102434,0.0757679842439149,0.535400390625,0.2357582539062406,0.23583274296875345,2,10,5.0,9,1.8654503990877993,12,1995,0.0,11262.896383186706,5,39,0.3046875,0.2391599687500019,True
0.6,100,15813,1024,10,2,34,36,0.28125,0.009765625,8182,0.998779296875,3470,0.424101686629186,1082.537109375,23.75,17.786375679713284,0.25832759017646606,0.423583984375,0.2357582539062406,0.23583274296875345,2,10,5.0,12,2.357451715191698,13,1694,0.0,1083.5953079178885,5,39,0.3046875,0.2391599687500019,True
0.6,101,7135,1024,11,2,34,36,0.28125,0.0107421875,8181,0.9986572265625,3853,0.47096931915413764,851.923828125,23.89453125,18.82679595331091,0.20535474471529563,0.4703369140625,0.2357582539062406,0.23583274296875345,2,10,5.0,12,2.1230529595015577,20,1683,0.0,852.7565982404692,5,39,0.3046875,0.2391599687500019,True
0.6,102,31775,1024,9,2,34,36,0.28125,0.0087890625,8183,0.9989013671875,3820,0.46682145912257117,4596.78515625,64.171875,11.506261546236939,0.19517806815152297,0.46630859375,0.2357582539062406,0.23583274296875345,2,10,5.0,9,2.142445666404818,7,2448,0.0,4601.278592375366,5,39,0.3046875,0.2391599687500019,True
0.6,103,31772,1024,10,2,34,36,0.28125,0.009765625,8182,0.998779296875,3927,0.47995600097775604,8928.9697265625,78.9248046875,8.622790103647977,0.07113447747164091,0.4793701171875,0.2357582539062406,0.23583274296875345,2,10,5.0,12,2.0827814569536423,9,2087,0.0,8937.697947214076,5,39,0.3046875,0.2391599687500019,True
0.6,104,25160,1024,13,2,34,36,0.28125,0.0126953125,8179,0.9984130859375,4254,0.5201124831886539,1248.2998046875,27.7724609375,17.16761458306232,0.23739882832466852,0.519287109375,0.2357582539062406,0.23583274296875345,2,10,5.0,20,1.9207618151892782,38,1634,0.0,1250.742661448141,5,39,0.3046875,0.2391599687500019,True
0.6,105,36108,1024,12,2,34,36,0.28125,0.01171875,8180,0.99853515625,3662,0.4476772616136919,4093.3134765625,54.8798828125,12.010053555512151,0.11272378021948239,0.447021484375,0.2357582539062406,0.23583274296875345,2,10,5.0,28,2.229445506692161,10,2124,0.0,4105.34084231146,5,39,0.3046875,0.2391599687500019,True
0.6,106,1260,1024,19,3,34,37,0.2890625,0.0185546875,8173,0.9976806640625,3629,0.44402300256943594,4398.6240234375,49.1083984375,11.697635190375967,0.06594698319269855,0.4429931640625,0.2357582539062406,0.23583274296875345,3,11,3.6666666666666665,12,2.2538588754134508,8,2084,0.0,4402.923753665689,6,40,0.3125,0.2391599687500019,True
0.6,107,37885,1024,8,1,34,35,0.2734375,0.0078125,8184,0.9990234375,3846,0.46994134897360706,9468.3505859375,82.2666015625,8.368060306308035,0.030196695652189198,0.469482421875,0.2357582539062406,0.23583274296875345,1,9,9.0,13,2.1269180754226267,8,2151,0.0,9477.60606060606,5,39,0.3046875,0.2391599687500019,True
0.6,108,41535,1024,3,1,34,35,0.2734375,0.0029296875,8189,0.9996337890625,3583,0.43753816094761266,19386.240234375,122.7890625,5.255867706541303,0.0897188649870212,0.4373779296875,0.2357582539062406,0.23583274296875345,1,9,9.0,127,2.2445561139028474,11,1936,0.0,19674.44003964321,4,38,0.296875,0.2391599687500019,True
0.6,109,44889,1024,16,2,34,36,0.28125,0.015625,8176,0.998046875,3684,0.450587084148728,4301.0009765625,49.2861328125,11.795108197052027,0.06327781980562448,0.44970703125,0.2357582539062406,0.23583274296875345,2,10,5.0,37,2.2139560141189247,15,1835,0.0,4317.867647058823,5,39,0.3046875,0.2391599687500019,True
0.6,110,28184,1024,13,2,34,36,0.28125,0.0126953125,8179,0.9984130859375,4085,0.49944981049028,3989.8427734375,55.6708984375,12.121245789590773,0.193925669733557,0.4986572265625,0.2357582539062406,0.23583274296875345,2,10,5.0,9,2.0026934378060726,8,2164,0.0,3993.7429130009773,5,39,0.3046875,0.2391599687500019,True
0.6,111,25319,1024,14,2,34,36,0.28125,0.013671875,8178,0.998291015625,4284,0.5238444607483492,3219.703125,48.171875,13.0526453175538,0.08019370238817822,0.52294921875,0.2357582539062406,0.23583274296875345,2,10,5.0,11,1.9089423301424235,15,1937,0.0,3222.850439882698,5,39,0.3046875,0.2391599687500019,True
0.6,112,11010,1024,16,2,34,36,0.28125,0.015625,8176,0.998046875,4285,0.5240949119373777,6452.5205078125,71.0478515625,10.033509673473699,0.11190830499068523,0.5230712890625,0.2298911859374897,0.24461895078124485,2,10,5.0,22,1.9068627450980393,14,1963,0.0,6465.147749510763,6,40,0.3125,0.25374041171875206,True
0.6,113,33880,1024,11,2,34,36,0.28125,0.0107421875,8181,0.9986572265625,3296,0.40288473291773624,931.3857421875,21.8779296875,18.439507754746415,0.13266621263354733,0.40234375,0.2298911859374897,0.24461895078124485,2,10,5.0,8,2.483156297420334,13,1799,0.0,932.2961876832844,5,39,0.3046875,0.25374041171875206,True
0.6,114,19307,1024,12,2,34,36,0.28125,0.01171875,8180,0.99853515625,3668,0.44841075794621027,1805.3447265625,35.4677734375,15.565202191418667,0.16423478834533806,0.44775390625,0.2298911859374897,0.24461895078124485,2,10,5.0,47,2.2208890100899916,7,2063,0.0,1814.2031403336605,5,39,0.3046875,0.25374041171875206,True
0.6,115,12236,1024,3,1,34,35,0.2734375,0.0029296875,8189,0.9996337890625,2107,0.2572963731835389,6252.1591796875,45.1962890625,10.170503342623045,0.0683359819917323,0.2572021484375,0.2298911859374897,0.24461895078124485,1,9,9.0,15,3.848053181386515,8,1283,0.0,6258.270772238514,4,38,0.296875,0.25374041171875206,True
0.6,116,13805,1024,14,2,34,36,0.28125,0.013671875,8178,0.998291015625,4296,0.5253118121790169,12243.390625,101.333984375,7.251786550018915,0.09607111353149507,0.5244140625,0.2298911859374897,0.24461895078124485,2,10,5.0,9,1.9043073341094297,15,2126,0.0,12255.358748778104,5,39,0.3046875,0.25374041171875206,True
0.6,117,5814,1024,15,2,34,36,0.28125,0.0146484375,8177,0.9981689453125,3588,0.43879173290937995,6076.6845703125,61.3701171875,10.294136673753059,0.06762275906939028,0.43798828125,0.2298911859374897,0.24461895078124485,2,10,5.0,45,2.269584611095623,7,1983,0.0,6106.501472031403,6,40,0.3125,0.25374041171875206,True
0.6,118,48485,1024,10,2,34,36,0.28125,0.009765625,8182,0.998779296875,3763,0.4599120019555121,5278.748046875,58.45703125,10.90549427122906,0.05670282897892645,0.4593505859375,0.2298911859374897,0.24461895078124485,2,10,5.0,9,2.174641148325359,15,2045,0.0,5283.908113391984,5,39,0.3046875,0.25374041171875206,True
0.6,119,12248,1024,3,1,34,35,0.2734375,0.0029296875,8189,0.9996337890625,3404,0.4156795701550861,15032.712890625,96.7734375,6.360429979050716,0.04075705209861439,0.41552734375,0.2298911859374897,0.24461895078124485,1,9,9.0,13,2.4025859535703793,9,1894,0.0,15047.407624633432,4,38,0.296875,0.25374041171875206,True
0.6,120,458,1024,19,3,34,37,0.2890625,0.0185546875,8173,0.9976806640625,4160,0.5089930258167136,2255.5546875,38.48828125,14.598269995332485,0.08708636659059223,0.5078125,0.2298911859374897,0.24461895078124485,3,11,3.6666666666666665,16,1.9651358499639335,15,1850,0.0,2259.968688845401,6,40,0.3125,0.25374041171875206,True
0.6,121,319,1024,3,1,34,35,0.2734375,0.0029296875,8189,0.9996337890625,4012,0.4899255098302601,19421.4580078125,113.6533203125,5.24798530714103,0.03766062035883091,0.48974609375,0.2298911859374897,0.24461895078124485,1,9,9.0,3,2.0413861879830466,9,2042,,19421.4580078125,4,38,0.296875,0.25374041171875206,True
0.6,122,21496,1024,9,2,34,36,0.28125,0.0087890625,8183,0.9989013671875,3728,0.45557863864108517,8162.27734375,73.37890625,9.012690134086242,0.08257088881662765,0.455078125,0.2298911859374897,0.24461895078124485,2,10,5.0,14,2.193184867185404,13,1911,0.0,8170.256109481916,5,39,0.3046875,0.25374041171875206,True
0.6,123,20390,1024,14,2,34,36,0.28125,0.013671875,8178,0.998291015625,4189,0.512227928588897,3285.3291015625,46.5966796875,12.965014801734435,0.15278715702116674,0.5113525390625,0.2298911859374897,0.24461895078124485,2,10,5.0,12,1.9529608404966572,8,2261,0.0,3288.5405669599218,5,39,0.3046875,0.25374041171875206,True
0.6,124,33691,1024,15,2,34,36,0.28125,0.0146484375,8177,0.9981689453125,4775,0.5839549957197016,2642.9658203125,37.3095703125,13.909888141363734,0.10391823558057714,0.5828857421875,0.2298911859374897,0.24461895078124485,2,10,5.0,21,1.7111436950146628,29,1642,0.0,2648.137964774951,5,39,0.3046875,0.25374041171875206,True
0.6,125,33872,1024,9,2,34,36,0.28125,0.0087890625,8183,0.9989013671875,4017,0.49089575950140535,7652.111328125,75.431640625,9.29299081054908,0.06583840101750656,0.4903564453125,0.2298911859374897,0.24461895078124485,2,10,5.0,12,2.0366035856573705,13,2182,0.0,7659.591397849463,5,39,0.3046875,0.25374041171875206,True
0.6,126,46987,1024,9,2,34,36,0.28125,0.0087890625,8183,0.9989013671875,4360,0.5328119271660761,2520.1826171875,45.4873046875,14.11648349148549,0.3115732523388183,0.5322265625,0.2298911859374897,0.24461895078124485,2,10,5.0,14,1.8758889653590274,16,2089,0.0,2522.646138807429,5,39,0.3046875,0.25374041171875206,True
0.6,127,26772,1024,13,2,34,36,0.28125,0.0126953125,8179,0.9984130859375,3683,0.4502995476219587,6888.986328125,62.64453125,9.74925038015278,0.08635026204226734,0.4495849609375,0.2298911859374897,0.24461895078124485,2,10,5.0,18,2.219717544812602,13,1928,0.0,6902.4677103718195,5,39,0.3046875,0.25374041171875206,True
0.6,128,7057,1024,6,1,34,35,0.2734375,0.005859375,8186,0.999267578125,3691,0.45089176643049106,13423.9658203125,93.4130859375,6.8519952316908475,0.026403356056296606,0.4505615234375,0.2298911859374897,0.24461895078124485,1,9,9.0,6,2.2181571815718155,7,1938,,13423.9658203125,4,38,0.296875,0.25374041171875206,True
0.6,129,30014,1024,3,1,34,35,0.2734375,0.0029296875,8189,0.9996337890625,4229,0.5164244718524851,25428.4638671875,147.7705078125,4.077602356176559,0.057900275035140294,0.5162353515625,0.2298911859374897,0.24461895078124485,1,9,9.0,3,1.9366130558183539,9,2221,,25428.4638671875,4,38,0.296875,0.25374041171875206,True
0.6,130,48237,1024,11,2,34,36,0.28125,0.0107421875,8181,0.9986572265625,3345,0.40887422075540886,1414.521484375,30.189453125,16.624708127690322,0.17336769828735962,0.4083251953125,0.2298911859374897,0.24461895078124485,2,10,5.0,15,2.444677033492823,11,1889,0.0,1415.9042033235582,5,39,0.3046875,0.25374041171875206,True
0.6,131,4823,1024,11,2,34,36,0.28125,0.0107421875,8181,0.9986572265625,4085,0.4993277105488327,11900.84375,95.3984375,7.37502607628409,0.11103648287763945,0.4986572265625,0.2298911859374897,0.24461895078124485,2,10,5.0,14,2.001958863858962,12,2113,0.0,11912.477028347996,5,39,0.3046875,0.25374041171875206,True
0.6,132,26627,1024,13,2,34,36,0.28125,0.0126953125,8179,0.9984130859375,3986,0.48734564127643965,2457.986328125,40.43359375,14.225008979547342,0.10521768851911481,0.486572265625,0.2298911859374897,0.24461895078124485,2,10,5.0,27,2.04792973651192,14,1956,0.0,2465.2086190009795,5,39,0.3046875,0.25374041171875206,True
0.6,133,12293,1024,9,2,34,36,0.28125,0.0087890625,8183,0.9989013671875,3985,0.4869852132469754,3288.83984375,45.24609375,12.96037635658027,0.06764257437932186,0.4864501953125,0.2298911859374897,0.24461895078124485,2,10,5.0,11,2.0532128514056227,11,1859,0.0,3292.0547409579667,5,39,0.3046875,0.25374041171875206,True
0.6,134,32803,1024,14,2,34,36,0.28125,0.013671875,8178,0.998291015625,3387,0.41415994130594275,517.884765625,18.337890625,20.988472251006627,0.23312863290025018,0.4134521484375,0.2298911859374897,0.24461895078124485,2,10,5.0,22,2.4125812167749556,7,1866,0.0,518.8982387475538,5,39,0.3046875,0.25374041171875206,True
0.6,135,41882,1024,11,2,34,36,0.28125,0.0107421875,8181,0.9986572265625,3994,0.48820437599315486,10716.5126953125,84.5595703125,7.830268780837728,0.17309934556444487,0.487548828125,0.2298911859374897,0.24461895078124485,2,10,5.0,13,2.047833708990734,14,1929,0.0,10726.988269794721,5,39,0.3046875,0.25374041171875206,True
0.6,136,10235,1024,13,2,34,36,0.28125,0.0126953125,8179,0.9984130859375,4004,0.48954639931531974,7721.57421875,80.3359375,9.253745106849738,0.1260550087618144,0.48876953125,0.2298911859374897,0.24461895078124485,2,10,5.0,13,2.0427179615288535,7,2302,0.0,7729.122189638319,5,39,0.3046875,0.25374041171875206,True
0.6,137,30033,1024,16,2,34,36,0.28125,0.015625,8176,0.998046875,3597,0.43994618395303325,3925.419921875,48.49609375,12.191942386405776,0.0616389051095777,0.4390869140625,0.2298911859374897,0.24461895078124485,2,10,5.0,17,2.272525027808676,11,1928,0.0,3933.101761252446,5,39,0.3046875,0.25374041171875206,True
0.6,138,20042,1024,11,2,34,36,0.28125,0.0107421875,8181,0.9986572265625,4246,0.5190074563011857,3061.6943359375,46.5341796875,13.271185301039354,0.04488854587475171,0.518310546875,0.2298911859374897,0.24461895078124485,2,10,5.0,14,1.926266195524146,16,1882,0.0,3064.687194525904,5,39,0.3046875,0.25374041171875206,True
0.6,139,29399,1024,13,2,34,36,0.28125,0.0126953125,8179,0.9984130859375,3820,0.4670497615845458,5335.8037109375,54.2216796875,10.858805161259628,0.13199205194189115,0.46630859375,0.2298911859374897,0.24461895078124485,2,10,5.0,9,2.1421838177533385,17,1844,0.0,5341.019550342131,5,39,0.3046875,0.25374041171875206,True
0.6,140,6463,1024,10,2,34,36,0.28125,0.009765625,8182,0.998779296875,4540,0.5548765582987045,3054.6171875,44.658203125,13.281235697831404,0.06487214818073626,0.55419921875,0.2298911859374897,0.24461895078124485,2,10,5.0,11,1.801498127340824,15,1885,0.0,3057.603128054741,5,39,0.3046875,0.25374041171875206,True
0.6,141,25920,1024,16,2,34,36,0.28125,0.015625,8176,0.998046875,3174,0.38820939334637966,926.4853515625,20.7646484375,18.462418036845175,0.48319485304901993,0.387451171875,0.2298911859374897,0.24461895078124485,2,10,5.0,38,2.5694925937598487,20,1674,0.0,930.1186274509804,5,39,0.3046875,0.25374041171875206,True
0.6,142,10327,1024,3,1,34,35,0.2734375,0.0029296875,8189,0.9996337890625,4214,0.5145927463670777,22041.005859375,140.28125,4.698489508511291,0.03909978369539226,0.514404296875,0.2298911859374897,0.24461895078124485,1,9,9.0,12,1.9406598623308806,9,2191,0.0,22062.551319648093,4,38,0.296875,0.25374041171875206,True
0.6,143,3805,1024,27,4,34,38,0.296875,0.0263671875,8165,0.9967041015625,3619,0.44323331292100426,1071.0302734375,25.1787109375,17.832786142180904,0.10135585385250567,0.4417724609375,0.2298911859374897,0.24461895078124485,4,12,3.0,29,2.255942509673853,14,1774,0.0,1074.177277179236,7,41,0.3203125,0.25374041171875206,True
0.6,144,37879,1024,17,3,34,37,0.2890625,0.0166015625,8175,0.9979248046875,4401,0.538348623853211,6385.130859375,75.55859375,10.079105585758999,0.36085583935549803,0.5372314453125,0.2298911859374897,0.24461895078124485,3,11,3.6666666666666665,35,1.8525,11,2300,0.0,6410.170588235294,6,40,0.3125,0.25374041171875206,True
0.6,145,22721,1024,8,1,34,35,0.2734375,0.0078125,8184,0.9990234375,3981,0.4864369501466276,4359.13671875,53.71484375,11.736798705454412,0.13673165929145986,0.4859619140625,0.2298911859374897,0.24461895078124485,1,9,9.0,15,2.0542713567839197,7,2140,0.0,4363.397849462365,4,38,0.296875,0.25374041171875206,True
0.6,146,43932,1024,7,1,34,35,0.2734375,0.0068359375,8185,0.9991455078125,3803,0.4646304215027489,13492.986328125,97.24609375,6.829722805590659,0.021371979114920427,0.4642333984375,0.2298911859374897,0.24461895078124485,1,9,9.0,5,2.152814308258811,8,2143,,13492.986328125,4,38,0.296875,0.25374041171875206,True
0.6,147,47270,1024,21,3,34,37,0.2890625,0.0205078125,8171,0.9974365234375,4080,0.49932688777383427,4930.7919921875,56.9716796875,11.201636788702508,0.06504611570300424,0.498046875,0.2298911859374897,0.24461895078124485,3,11,3.6666666666666665,21,2.002941897523903,12,1968,0.0,4940.441291585127,6,40,0.3125,0.25374041171875206,True
0.6,148,11091,1024,11,2,34,36,0.28125,0.0107421875,8181,0.9986572265625,4042,0.49407162938516075,7600.8642578125,78.3798828125,9.322173842372624,0.0903984511936338,0.493408203125,0.2298911859374897,0.24461895078124485,2,10,5.0,13,2.0235090324177185,8,2302,0.0,7608.294232649071,5,39,0.3046875,0.25374041171875206,True
0.6,149,9736,1024,16,2,34,36,0.28125,0.015625,8176,0.998046875,4525,0.5534491193737769,1155.3408203125,27.4970703125,17.503702428329845,0.14285782210297585,0.5523681640625,0.2298911859374897,0.24461895078124485,2,10,5.0,29,1.8034924845269673,23,1714,0.0,1158.73555337904,6,40,0.3125,0.25374041171875206,True
0.6,150,23206,1024,9,2,34,36,0.28125,0.0087890625,8183,0.9989013671875,4210,0.5144812415984358,6004.30859375,58.359375,10.346173559910985,0.15973431483924477,0.513916015625,0.2298911859374897,0.24461895078124485,2,10,5.0,9,1.9436920883820386,11,2249,0.0,6010.177908113392,5,39,0.3046875,0.25374041171875206,True
0.6,151,25039,1024,12,2,34,36,0.28125,0.01171875,8180,0.99853515625,3911,0.47811735941320294,3338.728515625,45.517578125,12.89499254469864,0.07691274181984069,0.4774169921875,0.2298911859374897,0.24461895078124485,2,10,5.0,9,2.0925831202046035,11,1842,0.0,3341.9921798631476,5,39,0.3046875,0.25374041171875206,True
0.6,152,21014,1024,3,1,34,35,0.2734375,0.0029296875,8189,0.9996337890625,2912,0.35559897423372816,17491.58984375,96.634765625,5.702510757466874,0.045170081610979684,0.35546875,0.2298911859374897,0.24461895078124485,1,9,9.0,87,2.750944692545517,8,1577,0.0,17664.090729783038,4,38,0.296875,0.25374041171875206,True
0.6,153,32412,1024,13,2,34,36,0.28125,0.0126953125,8179,0.9984130859375,3730,0.4560459713901455,3085.580078125,47.03515625,13.237435389988775,0.11467933513085804,0.455322265625,0.2298911859374897,0.24461895078124485,2,10,5.0,10,2.1936175918476803,9,1892,0.0,3088.596285434995,5,39,0.3046875,0.25374041171875206,True
0.6,154,34022,1024,15,2,34,36,0.28125,0.0146484375,8177,0.9981689453125,4214,0.515347927112633,816.904296875,21.5625,19.009091804354174,0.25522764438307005,0.514404296875,0.2298911859374897,0.24461895078124485,2,10,5.0,29,1.9373368146214098,17,1707,0.0,819.3046033300685,5,39,0.3046875,0.25374041171875206,True
0.6,155,21369,1024,9,2,34,36,0.28125,0.0087890625,8183,0.9989013671875,3537,0.43223756568495664,5077.8486328125,47.1884765625,11.074006101581046,0.12809990747709646,0.4317626953125,0.2298911859374897,0.24461895078124485,2,10,5.0,11,2.3127828054298645,11,1923,0.0,5082.812316715543,5,39,0.3046875,0.25374041171875206,True
0.6,156,41654,1024,11,2,34,36,0.28125,0.0107421875,8181,0.9986572265625,3870,0.4730473047304731,6364.2470703125,66.5224609375,10.093333295554451,0.04603146323284249,0.472412109375,0.2298911859374897,0.24461895078124485,2,10,5.0,22,2.111398294132851,10,2089,0.0,6376.70156555773,5,39,0.3046875,0.25374041171875206,True
0.6,157,11953,1024,3,1,34,35,0.2734375,0.0029296875,8189,0.9996337890625,3910,0.4774697765294908,24389.4921875,139.6796875,4.258776028855657,0.06422202619835923,0.477294921875,0.2298911859374897,0.24461895078124485,1,9,9.0,14,2.091327705295472,8,2023,0.0,24413.333333333332,4,38,0.296875,0.25374041171875206,True
0.6,158,13700,1024,10,2,34,36,0.28125,0.009765625,8182,0.998779296875,4395,0.5371547298948912,7664.6611328125,76.3955078125,9.285874021214633,0.11791179522666093,0.5364990234375,0.2298911859374897,0.24461895078124485,2,10,5.0,28,1.857532999544834,15,1840,0.0,7687.182174338884,5,39,0.3046875,0.25374041171875206,True
0.6,159,38205,1024,9,2,34,36,0.28125,0.0087890625,8183,0.9989013671875,3581,0.43761456678479776,5587.9453125,51.802734375,10.65828213711324,0.14086359430027748,0.4371337890625,0.2298911859374897,0.24461895078124485,2,10,5.0,15,2.2837988826815643,12,1818,0.0,5593.407624633431,5,39,0.3046875,0.25374041171875206,True
0.6,160,40129,1024,16,2,34,36,0.28125,0.015625,8176,0.998046875,2886,0.3529843444227006,265.3818359375,10.7763671875,23.89209166612563,0.38993531989931435,0.352294921875,0.2298911859374897,0.24461895078124485,2,10,5.0,12,2.835008665511265,7,1516,0.0,265.64125122189637,6,40,0.3125,0.25374041171875206,True
0.6,161,17080,1024,14,2,34,36,0.28125,0.013671875,8178,0.998291015625,3628,0.44362924920518465,2230.6884765625,33.7001953125,14.646414370908023,0.09798665918263688,0.44287109375,0.2298911859374897,0.24461895078124485,2,10,5.0,12,2.2550317066446097,15,1718,0.0,2232.8690127077225,5,39,0.3046875,0.25374041171875206,True
0.6,162,1505,1024,3,1,34,35,0.2734375,0.0029296875,8189,0.9996337890625,4163,0.5083648797166931,23205.1796875,138.30859375,4.474954251743751,0.028226393042684515,0.5081787109375,0.2298911859374897,0.24461895078124485,1,9,9.0,3,1.9673234022104757,10,2082,,23205.1796875,4,38,0.296875,0.25374041171875206,True
0.6,163,36391,1024,10,2,34,36,0.28125,0.009765625,8182,0.998779296875,3983,0.48680029332681496,5349.3310546875,58.6552734375,10.847808849069034,0.07179077853132795,0.4862060546875,0.2298911859374897,0.24461895078124485,2,10,5.0,11,2.0534907081868408,14,2162,0.0,5354.560117302053,5,39,0.3046875,0.25374041171875206,True
0.6,164,24660,1024,10,2,34,36,0.28125,0.009765625,8182,0.998779296875,4008,0.4898557809826448,3972.80078125,48.603515625,12.139835732535422,0.11571781877757402,0.4892578125,0.2298911859374897,0.24461895078124485,2,10,5.0,11,2.041177938607437,16,1955,0.0,3976.6842619745844,5,39,0.3046875,0.25374041171875206,True
0.6,165,24061,1024,3,1,34,35,0.2734375,0.0029296875,8189,0.9996337890625,3351,0.4092074734399805,5192.2138671875,55.9365234375,10.977277881259685,0.14884248328518646,0.4090576171875,0.2298911859374897,0.24461895078124485,1,9,9.0,4,2.4435820895522387,8,1879,,5192.2138671875,4,38,0.296875,0.25374041171875206,True
0.6,166,10964,1024,9,2,34,36,0.28125,0.0087890625,8183,0.9989013671875,4161,0.5084932176463399,6844.92578125,69.84765625,9.777116173779346,0.1097939832282025,0.5079345703125,0.2298911859374897,0.24461895078124485,2,10,5.0,13,1.9658653846153846,19,1917,0.0,6851.616813294233,5,39,0.3046875,0.25374041171875206,True
0.6,167,20807,1024,12,2,34,36,0.28125,0.01171875,8180,0.99853515625,4049,0.4949877750611247,4171.7001953125,56.9873046875,11.927672711325783,0.06160035077569071,0.4942626953125,0.2298911859374897,0.24461895078124485,2,10,5.0,9,2.0212450592885376,11,2124,0.0,4175.7781036168135,5,39,0.3046875,0.25374041171875206,True
0.6,168,33388,1024,10,2,34,36,0.28125,0.009765625,8182,0.998779296875,4136,0.5054998777804938,3355.484375,48.92578125,12.8732514002735,0.042702487777832296,0.5048828125,0.2298911859374897,0.24461895078124485,2,10,5.0,13,1.9777509068923822,14,2002,0.0,3358.764418377322,5,39,0.3046875,0.25374041171875206,True
0.6,169,34571,1024,3,1,34,35,0.2734375,0.0029296875,8189,0.9996337890625,3927,0.479545732079619,23184.30859375,121.34765625,4.47886212044174,0.027037953415993205,0.4793701171875,0.2298911859374897,0.24461895078124485,1,9,9.0,5,2.0850738665308204,10,1836,,23184.30859375,4,38,0.296875,0.25374041171875206,True
0.6,170,21194,1024,10,2,34,36,0.28125,0.009765625,8182,0.998779296875,3555,0.4344903446590076,5892.859375,55.69921875,10.427542834907689,0.1447251375424476,0.4339599609375,0.2298911859374897,0.24461895078124485,2,10,5.0,18,2.299662352279122,11,1850,0.0,5904.391389432485,5,39,0.3046875,0.25374041171875206,True
0.6,171,32696,1024,10,2,34,36,0.28125,0.009765625,8182,0.998779296875,4273,0.5222439501344415,15438.8095703125,115.2685546875,6.24466550423616,0.09963742192422816,0.5216064453125,0.2298911859374897,0.24461895078124485,2,10,5.0,9,1.9143258426966292,14,2032,0.0,15453.901270772238,5,39,0.3046875,0.25374041171875206,True
0.6,172,46005,1024,15,2,34,36,0.28125,0.0146484375,8177,0.9981689453125,2759,0.33740980799804327,431.7080078125,14.6259765625,21.778902563475565,0.5630957539445502,0.3367919921875,0.2298911859374897,0.24461895078124485,2,10,5.0,30,2.9583031182015955,9,1461,0.0,432.9764936336925,5,39,0.3046875,0.25374041171875206,True
0.6,173,19269,1024,13,2,34,36,0.28125,0.0126953125,8179,0.9984130859375,2893,0.35371072258222275,2953.6943359375,34.0048828125,13.42714810678767,0.4343973004377294,0.3531494140625,0.2298911859374897,0.24461895078124485,2,10,5.0,14,2.8274550484094054,13,1912,0.0,2956.581622678397,5,39,0.3046875,0.25374041171875206,True
0.6,174,5503,1024,17,3,34,37,0.2890625,0.0166015625,8175,0.9979248046875,3772,0.4614067278287462,3855.376953125,44.44140625,12.270135139780315,0.08085503606866773,0.46044921875,0.2298911859374897,0.24461895078124485,3,11,3.6666666666666665,9,2.16971625563511,10,1949,0.0,3859.1456500488757,6,40,0.3125,0.25374041171875206,True
0.6,175,32979,1024,10,2,34,36,0.28125,0.009765625,8182,0.998779296875,3792,0.46345636763627474,10115.5859375,82.783203125,8.0808931686016,0.052879604396637706,0.462890625,0.2298911859374897,0.24461895078124485,2,10,5.0,9,2.1582695858612504,14,2075,0.0,10125.474095796677,5,39,0.3046875,0.25374041171875206,True
0.6,176,32764,1024,14,2,34,36,0.28125,0.013671875,8178,0.998291015625,4055,0.495842504279775,2212.9814453125,37.6513671875,14.68102588256593,0.10220117146731976,0.4949951171875,0.2298911859374897,0.24461895078124485,2,10,5.0,20,2.0152935372471634,16,1827,0.0,2217.312133072407,5,39,0.3046875,0.25374041171875206,True
0.6,177,36396,1024,12,2,34,36,0.28125,0.01171875,8180,0.99853515625,4052,0.4953545232273839,5233.3134765625,63.9248046875,10.943036110195548,0.1934212880406712,0.49462890625,0.2298911859374897,0.24461895078124485,2,10,5.0,13,2.017773389286596,13,2334,0.0,5238.429130009775,5,39,0.3046875,0.25374041171875206,True
0.6,178,16139,1024,11,2,34,36,0.28125,0.0107421875,8181,0.9986572265625,3824,0.46742452022980074,1161.4970703125,26.6572265625,17.480622421674887,0.5703730105491635,0.466796875,0.2298911859374897,0.24461895078124485,2,10,5.0,13,2.139157729531781,12,1968,0.0,1162.6324535679375,5,39,0.3046875,0.25374041171875206,True
0.6,179,32110,1024,3,1,34,35,0.2734375,0.0029296875,8189,0.9996337890625,3196,0.3902796434241055,18629.90625,108.3125,5.42869691436516,0.08397785770620061,0.39013671875,0.2298911859374897,0.24461895078124485,1,9,9.0,14,2.5593114241001564,8,1653,0.0,18648.117302052786,4,38,0.296875,0.25374041171875206,True
0.6,180,37930,1024,11,2,34,36,0.28125,0.0107421875,8181,0.9986572265625,3726,0.45544554455445546,2501.9228515625,41.1201171875,14.148064470601753,0.08965304827627539,0.454833984375,0.2298911859374897,0.24461895078124485,2,10,5.0,12,2.1954362416107385,13,1967,0.0,2504.3685239491692,5,39,0.3046875,0.25374041171875206,True
0.6,181,5624,1024,8,1,34,35,0.2734375,0.0078125,8184,0.9990234375,4559,0.5570625610948191,3193.197265625,50.861328125,13.088546121605674,0.1262331088814201,0.5565185546875,0.2298911859374897,0.24461895078124485,1,9,9.0,12,1.7944273804300133,19,1740,0.0,3196.3186705767353,5,39,0.3046875,0.25374041171875206,True
0.6,182,37946,1024,9,2,34,36,0.28125,0.0087890625,8183,0.9989013671875,4098,0.500794329707931,8742.5810546875,79.5693359375,8.714406934136132,0.13270063768206516,0.500244140625,0.2298911859374897,0.24461895078124485,2,10,5.0,13,1.9960947034415426,17,2069,0.0,8751.127077223851,5,39,0.3046875,0.25374041171875206,True
0.6,183,6616,1024,14,2,34,36,0.28125,0.013671875,8178,0.998291015625,3979,0.48654927855221325,5145.4365234375,56.7685546875,11.01658135962226,0.06847458312272647,0.4857177734375,0.2298911859374897,0.24461895078124485,2,10,5.0,11,2.055806938159879,15,1911,0.0,5150.466275659824,5,39,0.3046875,0.25374041171875206,True
0.6,184,11706,1024,14,2,34,36,0.28125,0.013671875,8178,0.998291015625,3919,0.47921252139887505,8602.8955078125,73.3115234375,8.784357129475588,0.10596527205470468,0.4783935546875,0.2298911859374897,0.24461895078124485,2,10,5.0,39,2.080653394589076,15,1971,0.0,8636.632352941177,5,39,0.3046875,0.25374041171875206,True
0.6,185,10558,1024,3,1,34,35,0.2734375,0.0029296875,8189,0.9996337890625,3047,0.3720845036023935,10764.2568359375,72.0634765625,7.810963093551887,0.11452213169709084,0.3719482421875,0.2298911859374897,0.24461895078124485,1,9,9.0,6,2.6766250820748523,8,1691,,10764.2568359375,4,38,0.296875,0.25374041171875206,True
0.6,186,18351,1024,3,1,34,35,0.2734375,0.0029296875,8189,0.9996337890625,2574,0.31432409329588473,9704.8349609375,70.2744140625,8.260922066317915,0.038040394839714185,0.314208984375,0.2298911859374897,0.24461895078124485,1,9,9.0,71,3.1496307811892734,8,1489,0.0,9781.250984251968,4,38,0.296875,0.25374041171875206,True
0.6,187,15023,1024,3,1,34,35,0.2734375,0.0029296875,8189,0.9996337890625,3852,0.4703871046525827,17648.89453125,124.361328125,5.663628530711873,0.14312015887894564,0.47021484375,0.2298911859374897,0.24461895078124485,1,9,9.0,14,2.1223058945728384,8,1955,0.0,17666.146627565984,4,38,0.296875,0.25374041171875206,True
0.6,188,9490,1024,10,2,34,36,0.28125,0.009765625,8182,0.998779296875,3746,0.45783427034954777,6284.2265625,63.904296875,10.148285267867598,0.1454668845935819,0.457275390625,0.2298911859374897,0.24461895078124485,2,10,5.0,14,2.1829105473965287,12,2116,0.0,6290.369501466275,5,39,0.3046875,0.25374041171875206,True
0.6,189,6355,1024,12,2,34,36,0.28125,0.01171875,8180,0.99853515625,4334,0.5298288508557457,9851.2890625,93.984375,8.195872982787941,0.22004935270607542,0.529052734375,0.2298911859374897,0.24461895078124485,2,10,5.0,8,1.8878375259635356,12,2144,0.0,9860.918866080156,5,39,0.3046875,0.25374041171875206,True
0.6,190,8857,1024,10,2,34,36,0.28125,0.009765625,8182,0.998779296875,3111,0.3802248838914691,845.2724609375,15.1435546875,18.860836410200346,0.3765090826831757,0.3797607421875,0.2298911859374897,0.24461895078124485,2,10,5.0,13,2.629581993569132,15,1380,0.0,846.0987292277615,5,39,0.3046875,0.25374041171875206,True
0.6,191,31811,1024,9,2,34,36,0.28125,0.0087890625,8183,0.9989013671875,4375,0.5346449957228401,14917.970703125,105.228515625,6.393706109467336,0.17028146009169945,0.5340576171875,0.2298911859374897,0.24461895078124485,2,10,5.0,21,1.8676268861454046,22,1977,0.0,14947.164383561643,5,39,0.3046875,0.25374041171875206,True
0.6,192,10400,1024,11,2,34,36,0.28125,0.0107421875,8181,0.9986572265625,3967,0.4849040459601516,1366.5361328125,31.1103515625,16.774592414337267,0.16547693665821256,0.4842529296875,0.2298911859374897,0.24461895078124485,2,10,5.0,18,2.060514372163389,11,1678,0.0,1369.2103718199608,5,39,0.3046875,0.25374041171875206,True
0.6,193,275,1024,9,2,34,36,0.28125,0.0087890625,8183,0.9989013671875,3735,0.45643407063424174,5363.830078125,57.869140625,10.836053495745453,0.047975420998972985,0.4559326171875,0.2298911859374897,0.24461895078124485,2,10,5.0,12,2.190412426352437,9,1996,0.0,5369.073313782991,5,39,0.3046875,0.25374041171875206,True
0.6,194,26152,1024,3,1,34,35,0.2734375,0.0029296875,8189,0.9996337890625,3706,0.45255830992795215,18343.6904296875,117.4931640625,5.495936482897765,0.05140453878207003,0.452392578125,0.2298911859374897,0.24461895078124485,1,9,9.0,287,2.1333333333333333,8,1888,0.0,18992.86046511628,4,38,0.296875,0.25374041171875206,True
0.6,195,13037,1024,3,1,34,35,0.2734375,0.0029296875,8189,0.9996337890625,3115,0.3803883258029063,15930.12109375,93.841796875,6.108612837392501,0.0480518310274592,0.3802490234375,0.2298911859374897,0.24461895078124485,1,9,9.0,14,2.625883108542068,11,1497,0.0,15945.693059628544,4,38,0.296875,0.25374041171875206,True
0.6,196,41203,1024,13,2,34,36,0.28125,0.0126953125,8179,0.9984130859375,3675,0.44932143293801197,1459.099609375,29.95703125,16.489954196768227,0.08439126548046144,0.4486083984375,0.2298911859374897,0.24461895078124485,2,10,5.0,10,2.2261839956450733,19,1862,0.0,1460.5259042033235,5,39,0.3046875,0.25374041171875206,True
0.6,197,43709,1024,18,3,34,37,0.2890625,0.017578125,8174,0.997802734375,3655,0.4471494984095914,3455.1513671875,46.1806640625,12.746132826759881,0.3941553593457929,0.4461669921875,0.2298911859374897,0.24461895078124485,3,11,3.6666666666666665,54,2.2268746579091405,8,2061,0.0,3475.515717092338,6,40,0.3125,0.25374041171875206,True
0.6,198,43572,1024,3,1,34,35,0.2734375,0.0029296875,8189,0.9996337890625,4136,0.5050677738429601,17111.33203125,117.408203125,5.797965423668688,0.10719098281498292,0.5048828125,0.2298911859374897,0.24461895078124485,1,9,9.0,3,1.9801692865779927,8,2201,,17111.33203125,4,38,0.296875,0.25374041171875206,True
0.6,199,23390,1024,19,3,34,37,0.2890625,0.0185546875,8173,0.9976806640625,3556,0.4350911537990946,1766.3193359375,31.2197265625,15.660111376749747,0.11651330214267715,0.43408203125,0.2298911859374897,0.24461895078124485,3,11,3.6666666666666665,21,2.2978902953586497,20,1794,0.0,1769.7759295499022,6,40,0.3125,0.25374041171875206,True
0.65,0,712,1024,11,2,34,36,0.28125,0.0107421875,8181,0.9986572265625,3927,0.48001466813348004,4200.634765625,50.853515625,11.897654384751773,0.16344848995601038,0.4793701171875,0.2298911859374897,0.24461895078124485,2,10,5.0,20,2.0812531839021906,15,2015,0.0,4208.855185909981,5,39,0.3046875,0.25374041171875206,True
0.65,1,24774,1024,17,3,34,37,0.2890625,0.0166015625,8175,0.9979248046875,3823,0.46764525993883793,3331.43359375,47.765625,12.904492000716113,0.07570654108973743,0.4666748046875,0.2298911859374897,0.24461895078124485,3,11,3.6666666666666665,30,2.135007849293564,20,1955,0.0,3341.222331047992,6,40,0.3125,0.25374041171875206,True
0.65,2,45142,1024,14,2,34,36,0.28125,0.013671875,8178,0.998291015625,3526,0.43115676204450964,1830.470703125,30.87890625,15.505175785233291,0.07964625301612924,0.430419921875,0.2298911859374897,0.24461895078124485,2,10,5.0,12,2.3197163120567375,13,1829,0.0,1832.2600195503421,5,39,0.3046875,0.25374041171875206,True
0.65,3,27119,1024,3,1,34,35,0.2734375,0.0029296875,8189,0.9996337890625,2533,0.3093173769691049,13518.4150390625,72.7802734375,6.82154584953097,0.07200111569928044,0.3092041015625,0.2298911859374897,0.24461895078124485,1,9,9.0,7,3.2322274881516586,35,1206,,13518.4150390625,4,38,0.296875,0.25374041171875206,True
0.65,4,21139,1024,18,3,34,37,0.2890625,0.017578125,8174,0.997802734375,3671,0.44910692439442135,1605.78125,34.208984375,16.073939783240732,0.17909240269188337,0.4481201171875,0.2298911859374897,0.24461895078124485,3,11,3.6666666666666665,20,2.226158038147139,14,1910,0.0,1608.9236790606653,6,40,0.3125,0.25374041171875206,True
0.65,5,19129,1024,12,2,34,36,0.28125,0.01171875,8180,0.99853515625,4241,0.5184596577017115,5045.9306640625,62.2470703125,11.10139082268982,0.07166763771460166,0.5177001953125,0.2298911859374897,0.24461895078124485,2,10,5.0,14,1.9283018867924528,16,1989,0.0,5050.863147605083,5,39,0.3046875,0.25374041171875206,True
0.65,6,6433,1024,19,3,34,37,0.2890625,0.0185546875,8173,0.9976806640625,3283,0.40168848647987276,882.314453125,22.26953125,18.674569674385005,0.16880859782160876,0.4007568359375,0.2298911859374897,0.24461895078124485,3,11,3.6666666666666665,51,2.4801950030469224,9,1814,0.0,887.5147347740668,6,40,0.3125,0.25374041171875206,True
0.65,7,38854,1024,10,2,34,36,0.28125,0.009765625,8182,0.998779296875,4034,0.4930334881447079,3472.4912109375,48.0810546875,12.724392056796178,0.07172544121463015,0.492431640625,0.2298911859374897,0.24461895078124485,2,10,5.0,14,2.0275229357798166,14,1941,0.0,3475.885630498534,5,39,0.3046875,0.25374041171875206,True
0.65,8,22489,1024,18,3,34,37,0.2890625,0.017578125,8174,0.997802734375,3972,0.4859310007340347,3788.265625,49.55859375,12.346399376783634,0.11157606043148463,0.48486328125,0.2298911859374897,0.24461895078124485,3,11,3.6666666666666665,20,2.0574162679425836,8,2159,0.0,3795.679060665362,6,40,0.3125,0.25374041171875206,True
0.65,9,31104,1024,3,1,34,35,0.2734375,0.0029296875,8189,0.9996337890625,3907,0.47710343143240935,14995.6875,97.564453125,6.371139794277938,0.09175849348881226,0.4769287109375,0.2298911859374897,0.24461895078124485,1,9,9.0,3,2.0962621607782896,8,2085,,14995.6875,4,38,0.296875,0.25374041171875206,True
0.65,10,21349,1024,23,3,34,37,0.2890625,0.0224609375,8169,0.9971923828125,3323,0.406781735830579,766.458984375,20.083984375,19.285914415160185,0.12110483317195399,0.4056396484375,0.2298911859374897,0.24461895078124485,3,11,3.6666666666666665,19,2.459662853702589,14,1667,0.0,767.9589041095891,6,40,0.3125,0.25374041171875206,True
0.65,11,29116,1024,14,2,34,36,0.28125,0.013671875,8178,0.998291015625,3724,0.4553680606505258,5517.1337890625,57.3173828125,10.71366845254003,0.10463271320667039,0.45458984375,0.2298911859374897,0.24461895078124485,2,10,5.0,20,2.1941982272361,8,2078,0.0,5527.930528375734,5,39,0.3046875,0.25374041171875206,True
0.65,12,10772,1024,14,2,34,36,0.28125,0.013671875,8178,0.998291015625,4043,0.4943751528491074,11103.857421875,86.962890625,7.676064842422234,0.02401874475699578,0.4935302734375,0.2298911859374897,0.24461895078124485,2,10,5.0,9,2.023998020781791,15,1955,0.0,11114.711632453567,5,39,0.3046875,0.25374041171875206,True
0.65,13,18332,1024,27,4,34,38,0.296875,0.0263671875,8165,0.9967041015625,4225,0.5174525413349663,2644.6728515625,44.2548828125,13.907084037966843,0.08079670060576695,0.5157470703125,0.2298911859374897,0.24461895078124485,4,12,3.0,8,1.9370265151515151,15,1993,0.0,2647.2580645161293,7,41,0.3203125,0.25374041171875206,True
0.65,14,1003,1024,14,2,34,36,0.28125,0.013671875,8178,0.998291015625,4050,0.49523110785033014,11513.7978515625,96.3798828125,7.518617606160534,0.06543608102695093,0.494384765625,0.2298911859374897,0.24461895078124485,2,10,5.0,13,2.0197579649296125,8,2325,0.0,11525.052785923754,5,39,0.3046875,0.25374041171875206,True
0.65,15,22156,1024,16,2,34,36,0.28125,0.015625,8176,0.998046875,4281,0.523605675146771,11801.802734375,96.453125,7.411320096810456,0.043043319488114,0.5225830078125,0.2298911859374897,0.24461895078124485,2,10,5.0,15,1.9102803738317757,13,1939,0.0,11813.339198435973,6,40,0.3125,0.25374041171875206,True
0.65,16,26453,1024,9,2,34,36,0.28125,0.0087890625,8183,0.9989013671875,3072,0.3754124404252719,2970.0380859375,35.6728515625,13.4031834239028,0.09814055998515425,0.375,0.2298911859374897,0.24461895078124485,2,10,5.0,12,2.6633018560729402,8,1872,0.0,2972.941348973607,5,39,0.3046875,0.25374041171875206,True
0.65,17,17039,1024,10,2,34,36,0.28125,0.009765625,8182,0.998779296875,3632,0.4439012466389636,762.87109375,22.046875,19.30629201684566,0.29557818936545627,0.443359375,0.2298911859374897,0.24461895078124485,2,10,5.0,10,2.252547507573671,7,1761,0.0,763.6168132942327,5,39,0.3046875,0.25374041171875206,True
0.65,18,7166,1024,10,2,34,36,0.28125,0.009765625,8182,0.998779296875,4159,0.5083109264238572,12831.0869140625,102.6572265625,7.048169140965727,0.10919734717413189,0.5076904296875,0.2298911859374897,0.24461895078124485,2,10,5.0,9,1.9677729677729678,10,2221,0.0,12843.629521016617,5,39,0.3046875,0.25374041171875206,True
0.65,19,48310,1024,3,1,34,35,0.2734375,0.0029296875,8189,0.9996337890625,3583,0.43753816094761266,11717.3720703125,89.2646484375,7.442501402554064,0.08144840342342438,0.4373779296875,0.2298911859374897,0.24461895078124485,1,9,9.0,5,2.285315466219989,8,2120,,11717.3720703125,4,38,0.296875,0.25374041171875206,True
0.65,20,12187,1024,11,2,34,36,0.28125,0.0107421875,8181,0.9986572265625,3773,0.4611905635007945,1683.2421875,32.71875,15.869337534317822,0.22273864955185066,0.4605712890625,0.2298911859374897,0.24461895078124485,2,10,5.0,13,2.1659597030752917,14,1760,0.0,1684.887585532747,5,39,0.3046875,0.25374041171875206,True
0.65,21,20284,1024,13,2,34,36,0.28125,0.0126953125,8179,0.9984130859375,2766,0.338183151974569,744.3623046875,13.7216796875,19.412959889947864,0.27176036392199476,0.337646484375,0.2298911859374897,0.24461895078124485,2,10,5.0,21,2.9547920433996384,14,1377,0.0,745.8189823874756,5,39,0.3046875,0.25374041171875206,True
0.65,22,1052,1024,19,3,34,37,0.2890625,0.0185546875,8173,0.9976806640625,3759,0.45992903462620827,2485.658203125,38.826171875,14.176389512453593,0.061783340587367626,0.4588623046875,0.2298911859374897,0.24461895078124485,3,11,3.6666666666666665,12,2.17589143161256,11,2020,0.0,2488.0879765395894,6,40,0.3125,0.25374041171875206,True
0.65,23,13752,1024,12,2,34,36,0.28125,0.01171875,8180,0.99853515625,3678,0.4496332518337408,484.615234375,14.90234375,21.276832983610923,0.42263588853873135,0.448974609375,0.2298911859374897,0.24461895078124485,2,10,5.0,26,2.220560239325537,9,1814,0.0,486.03917727717925,5,39,0.3046875,0.25374041171875206,True
0.65,24,37139,1024,3,1,34,35,0.2734375,0.0029296875,8189,0.9996337890625,4097,0.5003052875809012,22322.1748046875,130.8779296875,4.6434385610134505,0.04406427153450754,0.5001220703125,0.2298911859374897,0.24461895078124485,1,9,9.0,4,1.998779296875,8,2114,,22322.1748046875,4,38,0.296875,0.25374041171875206,True
0.65,25,29727,1024,24,3,34,37,0.2890625,0.0234375,8168,0.9970703125,3884,0.4755142017629775,6377.4013671875,63.9052734375,10.084366103273528,0.0735029339027705,0.47412109375,0.2298911859374897,0.24461895078124485,3,11,3.6666666666666665,11,2.1061035281998457,14,2096,0.0,6383.635386119257,7,41,0.3203125,0.25374041171875206,True
0.65,26,41854,1024,26,4,34,38,0.296875,0.025390625,8166,0.996826171875,3175,0.38880724957139357,615.3642578125,19.7060546875,20.239480933399516,0.27604925884238657,0.3875732421875,0.2298911859374897,0.24461895078124485,4,12,3.0,20,2.574354127284184,8,1798,0.0,616.568493150685,7,41,0.3203125,0.25374041171875206,True
0.65,27,40333,1024,24,3,34,37,0.2890625,0.0234375,8168,0.9970703125,4528,0.55435847208619,7183.84375,77.34765625,9.56723483095461,0.06085161532226587,0.552734375,0.2298911859374897,0.24461895078124485,3,11,3.6666666666666665,8,1.8067152639717252,15,1874,0.0,7190.866080156403,7,41,0.3203125,0.25374041171875206,True
0.65,28,33248,1024,3,1,34,35,0.2734375,0.0029296875,8189,0.9996337890625,3277,0.4001709610453047,10005.841796875,80.859375,8.128267289292916,0.17856737380555399,0.4000244140625,0.2298911859374897,0.24461895078124485,1,9,9.0,375,2.385836385836386,8,1828,0.0,10476.464212678937,4,38,0.296875,0.25374041171875206,True
0.65,29,9680,1024,11,2,34,36,0.28125,0.0107421875,8181,0.9986572265625,3543,0.4330766409974331,10608.4228515625,73.9736328125,7.874295384912035,0.030131890430950485,0.4324951171875,0.2298911859374897,0.24461895078124485,2,10,5.0,13,2.308018068887634,7,1899,0.0,10618.792766373412,5,39,0.3046875,0.25374041171875206,True
0.65,30,16805,1024,13,2,34,36,0.28125,0.0126953125,8179,0.9984130859375,3637,0.44467538818926516,1910.7333984375,35.8330078125,15.31880265997426,0.14314807366491564,0.4439697265625,0.2298911859374897,0.24461895078124485,2,10,5.0,12,2.2494499449944994,14,1964,0.0,1912.6011730205278,5,39,0.3046875,0.25374041171875206,True
0.65,31,14652,1024,23,3,34,37,0.2890625,0.0224609375,8169,0.9971923828125,3477,0.42563349247153875,846.1259765625,23.7587890625,18.856453325181455,0.26334101089247575,0.4244384765625,0.2298911859374897,0.24461895078124485,3,11,3.6666666666666665,20,2.3506904487917146,16,1831,0.0,847.7818003913894,7,41,0.3203125,0.25374041171875206,True
0.65,32,15793,1024,8,1,34,35,0.2734375,0.0078125,8184,0.9990234375,3287,0.40163734115347016,3934.626953125,41.986328125,12.181767982209465,0.23306522820748013,0.4012451171875,0.2298911859374897,0.24461895078124485,1,9,9.0,5,2.4908703590992087,8,1912,,3934.626953125,5,39,0.3046875,0.25374041171875206,True
0.65,33,30210,1024,3,1,34,35,0.2734375,0.0029296875,8189,0.9996337890625,3420,0.4176334106728538,9034.0908203125,67.0029296875,8.571959086294397,0.308935108851516,0.41748046875,0.2298911859374897,0.24461895078124485,1,9,9.0,3,2.3942673296285464,69,1981,,9034.0908203125,4,38,0.296875,0.25374041171875206,True
0.65,34,47426,1024,22,3,34,37,0.2890625,0.021484375,8170,0.997314453125,4309,0.5274173806609547,19118.365234375,128.634765625,5.316296068213009,0.03931613657967778,0.5260009765625,0.2298911859374897,0.24461895078124485,3,11,3.6666666666666665,9,1.8987929433611885,21,1890,0.0,19137.05376344086,6,40,0.3125,0.25374041171875206,True
0.65,35,20875,1024,12,2,34,36,0.28125,0.01171875,8180,0.99853515625,3673,0.44902200488997557,2754.5888671875,38.1748046875,13.730235729381715,0.09590771512614281,0.4483642578125,0.2298911859374897,0.24461895078124485,2,10,5.0,11,2.227124183006536,10,1942,0.0,2757.2815249266864,5,39,0.3046875,0.25374041171875206,True
0.65,36,4161,1024,11,2,34,36,0.28125,0.0107421875,8181,0.9986572265625,3864,0.47231389805647234,13649.5234375,96.333984375,6.779628722806638,0.02627924359094325,0.4716796875,0.2298911859374897,0.24461895078124485,2,10,5.0,13,2.1170075071188195,14,2033,0.0,13662.866080156402,5,39,0.3046875,0.25374041171875206,True
0.65,37,40340,1024,14,2,34,36,0.28125,0.013671875,8178,0.998291015625,4078,0.4986549278552213,5673.314453125,62.357421875,10.592435051240695,0.15205513786752747,0.497802734375,0.2298911859374897,0.24461895078124485,2,10,5.0,12,2.006131959774344,10,1892,0.0,5678.860215053764,5,39,0.3046875,0.25374041171875206,True
0.65,38,28286,1024,19,3,34,37,0.2890625,0.0185546875,8173,0.9976806640625,3785,0.4631102410375627,7665.84375,67.0703125,9.285203979198823,0.14203603205879595,0.4620361328125,0.2298911859374897,0.24461895078124485,3,11,3.6666666666666665,27,2.1575052854122623,12,2162,0.0,7688.368266405485,6,40,0.3125,0.25374041171875206,True
0.65,39,13256,1024,10,2,34,36,0.28125,0.009765625,8182,0.998779296875,3659,0.44720117330725984,2728.115234375,38.6484375,13.772176500901331,0.10120700391323714,0.4466552734375,0.2298911859374897,0.24461895078124485,2,10,5.0,13,2.235101148168398,13,1748,0.0,2730.7820136852397,5,39,0.3046875,0.25374041171875206,True
0.65,40,48934,1024,23,3,34,37,0.2890625,0.0224609375,8169,0.9971923828125,3432,0.42012486228424534,8954.638671875,66.376953125,8.610322945216978,0.01866007006501971,0.4189453125,0.23150548984375519,0.26006007421874244,3,11,3.6666666666666665,12,2.382978723404255,11,1871,0.0,8963.391984359727,7,41,0.3203125,0.23510743984374471,True
0.65,41,11935,1024,34,5,34,39,0.3046875,0.033203125,8158,0.995849609375,4494,0.5508703113508213,2672.1630859375,44.7451171875,13.862174006417444,0.10864275700127494,0.548583984375,0.23150548984375519,0.26006007421874244,5,13,2.6,18,1.8190518584464723,15,1987,0.0,2677.3923679060667,8,42,0.328125,0.23510743984374471,True
0.65,42,48447,1024,17,3,34,37,0.2890625,0.0166015625,8175,0.9979248046875,3506,0.428868501529052,831.9541015625,18.7744140625,18.929809936973577,0.15652456345382287,0.427978515625,0.23150548984375519,0.26006007421874244,3,11,3.6666666666666665,19,2.329243937232525,17,1579,0.0,833.582191780822,6,40,0.3125,0.23510743984374471,True
0.65,43,15492,1024,9,2,34,36,0.28125,0.0087890625,8183,0.9989013671875,4000,0.4888182818037395,2899.953125,43.26171875,13.5068938287184,0.06949429922097146,0.48828125,0.23150548984375519,0.26006007421874244,2,10,5.0,10,2.0445111277819454,13,1956,0.0,2902.787878787879,5,39,0.3046875,0.23510743984374471,True
0.65,44,32513,1024,17,3,34,37,0.2890625,0.0166015625,8175,0.9979248046875,3232,0.39535168195718656,2149.8017578125,38.2080078125,14.806819472116546,0.22231958739150692,0.39453125,0.23150548984375519,0.26006007421874244,3,11,3.6666666666666665,10,2.5317239244815846,14,1906,0.0,2151.9032258064517,6,40,0.3125,0.23510743984374471,True
0.65,45,36099,1024,3,1,34,35,0.2734375,0.0029296875,8189,0.9996337890625,3813,0.4656246183905239,20775.7470703125,126.6787109375,4.955237114355471,0.08265445976338844,0.4654541015625,0.23150548984375519,0.26006007421874244,1,9,9.0,15,2.1445435466946483,8,2076,0.0,20796.055718475072,4,38,0.296875,0.23510743984374471,True
0.65,46,39260,1024,13,2,34,36,0.28125,0.0126953125,8179,0.9984130859375,2730,0.3337816358968089,1389.5966796875,26.6201171875,16.70191593134049,0.2586373420961973,0.333251953125,0.23150548984375519,0.26006007421874244,2,10,5.0,175,2.936973250274826,14,1663,0.0,1418.690927218345,5,39,0.3046875,0.23510743984374471,True
0.65,47,46517,1024,14,2,34,36,0.28125,0.013671875,8178,0.998291015625,3926,0.4800684764000978,1947.5361328125,36.5615234375,15.235948369440973,0.24594574269688552,0.479248046875,0.23150548984375519,0.26006007421874244,2,10,5.0,30,2.078471337579618,16,1900,0.0,1953.258570029383,5,39,0.3046875,0.23510743984374471,True
0.65,48,33095,1024,22,3,34,37,0.2890625,0.021484375,8170,0.997314453125,3945,0.4828641370869033,5465.736328125,60.251953125,10.754316837495345,0.08142049471619142,0.4815673828125,0.23150548984375519,0.26006007421874244,3,11,3.6666666666666665,13,2.073529411764706,8,2159,0.0,5471.07917888563,6,40,0.3125,0.23510743984374471,True
0.65,49,3,1024,32,4,34,38,0.296875,0.03125,8160,0.99609375,3815,0.4675245098039216,4128.642578125,55.548828125,11.972730737953157,0.10816126183632288,0.4656982421875,0.23150548984375519,0.26006007421874244,4,12,3.0,10,2.1449921342422655,7,2340,0.0,4132.678396871946,7,41,0.3203125,0.23510743984374471,True
0.65,50,21683,1024,8,1,34,35,0.2734375,0.0078125,8184,0.9990234375,3740,0.45698924731182794,7997.5263671875,74.0556640625,9.101246802761723,0.03935595462551169,0.45654296875,0.23150548984375519,0.26006007421874244,1,9,9.0,10,2.1880181866809307,10,2180,0.0,8005.344086021505,5,39,0.3046875,0.23510743984374471,True
0.65,51,13446,1024,19,3,34,37,0.2890625,0.0185546875,8173,0.9976806640625,4139,0.5064235898690811,5838.4326171875,61.2470703125,10.467840885961422,0.043228836159809485,0.5052490234375,0.23150548984375519,0.26006007421874244,3,11,3.6666666666666665,12,1.9765587240212663,13,2126,0.0,5844.139784946236,6,40,0.3125,0.23510743984374471,True
0.65,52,49515,1024,12,2,34,36,0.28125,0.01171875,8180,0.99853515625,3685,0.4504889975550122,3280.5576171875,42.6513671875,12.97132691093796,0.18942509991041148,0.4498291015625,0.23150548984375519,0.26006007421874244,2,10,5.0,31,2.214983713355049,12,2091,0.0,3290.1968658178257,5,39,0.3046875,0.23510743984374471,True
0.65,53,27943,1024,16,2,34,36,0.28125,0.015625,8176,0.998046875,4095,0.5008561643835616,4589.5302734375,60.5458984375,11.51312121974039,0.09895839406537624,0.4998779296875,0.23150548984375519,0.26006007421874244,2,10,5.0,11,1.9980459208597947,13,2030,0.0,4594.016617790811,5,39,0.3046875,0.23510743984374471,True
0.65,54,29059,1024,19,3,34,37,0.2890625,0.0185546875,8173,0.9976806640625,4181,0.511562461764346,5314.88671875,63.498046875,10.875863484424745,0.05296494630209572,0.5103759765625,0.23150548984375519,0.26006007421874244,3,11,3.6666666666666665,9,1.957177033492823,11,2060,0.0,5320.08211143695,6,40,0.3125,0.23510743984374471,True
0.65,55,32738,1024,10,2,34,36,0.28125,0.009765625,8182,0.998779296875,3608,0.4409679784893669,1418.1669921875,28.0654296875,16.61352987908402,0.44111728323568306,0.4404296875,0.23150548984375519,0.26006007421874244,2,10,5.0,23,2.264208483504297,13,1747,0.0,1420.9422700587083,5,39,0.3046875,0.23510743984374471,True
0.65,56,445,1024,12,2,34,36,0.28125,0.01171875,8180,0.99853515625,3857,0.4715158924205379,6977.7451171875,65.4052734375,9.693652593586691,0.05287646827113784,0.4708251953125,0.23150548984375519,0.26006007421874244,2,10,5.0,28,2.116960580912863,12,2024,0.0,6998.247796278159,5,39,0.3046875,0.23510743984374471,True
0.65,57,32216,1024,9,2,34,36,0.28125,0.0087890625,8183,0.9989013671875,3979,0.4862519858242698,16541.7177734375,110.4033203125,5.9449975403176,0.029892984526458898,0.4857177734375,0.23150548984375519,0.26006007421874244,2,10,5.0,22,2.05253896430367,8,2117,0.0,16574.08904109589,5,39,0.3046875,0.23510743984374471,True
0.65,58,18250,1024,15,2,34,36,0.28125,0.0146484375,8177,0.9981689453125,4098,0.5011617952794424,1811.0947265625,34.1494140625,15.551391948456782,0.08782323972852413,0.500244140625,0.23150548984375519,0.26006007421874244,2,10,5.0,23,1.9934098120576031,19,1797,0.0,1814.6389432485323,5,39,0.3046875,0.23510743984374471,True
0.65,59,1684,1024,17,3,34,37,0.2890625,0.0166015625,8175,0.9979248046875,3712,0.4540672782874618,2948.044921875,41.650390625,13.435462639150252,0.09744590898079757,0.453125,0.23150548984375519,0.26006007421874244,3,11,3.6666666666666665,12,2.2039881433575856,13,1917,0.0,2950.926686217009,6,40,0.3125,0.23510743984374471,True
0.65,60,2899,1024,42,6,34,40,0.3125,0.041015625,8150,0.994873046875,3611,0.44306748466257667,2908.3642578125,47.2763671875,13.4943156210217,0.13505061578352848,0.4407958984375,0.23150548984375519,0.26006007421874244,6,14,2.3333333333333335,12,2.265650969529086,7,2184,0.0,2911.2072336265883,9,43,0.3359375,0.23510743984374471,True
0.65,61,39428,1024,3,1,34,35,0.2734375,0.0029296875,8189,0.9996337890625,3337,0.4074978629869337,6859.14453125,63.880859375,9.768104067536983,0.10716098862343396,0.4073486328125,0.23150548984375519,0.26006007421874244,1,9,9.0,5,2.453537170263789,8,1992,,6859.14453125,4,38,0.296875,0.23510743984374471,True
0.65,62,40758,1024,13,2,34,36,0.28125,0.0126953125,8179,0.9984130859375,4433,0.5419977992419611,13550.1796875,97.75,6.811353064860989,0.028752981224307746,0.5411376953125,0.23150548984375519,0.26006007421874244,2,10,5.0,9,1.8458935018050542,15,2054,0.0,13563.42521994135,5,39,0.3046875,0.23510743984374471,True
0.65,63,29154,1024,26,4,34,38,0.296875,0.025390625,8166,0.996826171875,4063,0.4975508204751408,3865.0615234375,51.5419921875,12.259239495277306,0.09373166785849013,0.4959716796875,0.23150548984375519,0.26006007421874244,4,12,3.0,11,2.0132939438700146,23,2012,0.0,3868.839687194526,7,41,0.3203125,0.23510743984374471,True
0.65,64,43958,1024,21,3,34,37,0.2890625,0.0205078125,8171,0.9974365234375,4043,0.4947986782523559,2420.7666015625,43.9189453125,14.291274419506827,0.1290076412054381,0.4935302734375,0.23150548984375519,0.26006007421874244,3,11,3.6666666666666665,9,2.0230084116773877,8,2068,0.0,2423.1329423264906,6,40,0.3125,0.23510743984374471,True
0.65,65,33814,1024,3,1,34,35,0.2734375,0.0029296875,8189,0.9996337890625,4019,0.4907803150567835,20936.2744140625,127.8486328125,4.921809588530103,0.04112437663284123,0.4906005859375,0.23150548984375519,0.26006007421874244,1,9,9.0,4,2.037580886012942,8,2094,,20936.2744140625,4,38,0.296875,0.23510743984374471,True
0.65,66,34153,1024,9,2,34,36,0.28125,0.0087890625,8183,0.9989013671875,4307,0.5263350849321765,5821.5908203125,64.1162109375,10.480386837646652,0.08756868976644128,0.5257568359375,0.23150548984375519,0.26006007421874244,2,10,5.0,12,1.8992104040873201,21,1841,0.0,5827.281524926686,5,39,0.3046875,0.23510743984374471,True
0.65,67,43609,1024,47,6,34,40,0.3125,0.0458984375,8145,0.9942626953125,3961,0.4863106200122775,9704.205078125,74.65234375,8.261203950047621,0.05185588859494888,0.4835205078125,0.23150548984375519,0.26006007421874244,6,14,2.3333333333333335,20,2.063131313131313,17,2002,0.0,9723.195694716243,10,44,0.34375,0.23510743984374471,True
0.65,68,10762,1024,13,2,34,36,0.28125,0.0126953125,8179,0.9984130859375,3912,0.47829808044993277,3552.68359375,47.103515625,12.625238304422856,0.059540692545277385,0.4775390625,0.23150548984375519,0.26006007421874244,2,10,5.0,29,2.0869342879059065,15,1921,0.0,3563.122428991185,5,39,0.3046875,0.23510743984374471,True
0.65,69,17898,1024,18,3,34,37,0.2890625,0.017578125,8174,0.997802734375,3821,0.4674577930022021,2816.82421875,37.892578125,13.633206147727426,0.2479836503120696,0.4664306640625,0.23150548984375519,0.26006007421874244,3,11,3.6666666666666665,35,2.135078534031414,17,1704,0.0,2827.8705882352942,6,40,0.3125,0.23510743984374471,True
0.65,70,43653,1024,9,2,34,36,0.28125,0.0087890625,8183,0.9989013671875,3357,0.4102407430037883,12233.4765625,85.5546875,7.2553046659930445,0.006352912476954456,0.4097900390625,0.23150548984375519,0.26006007421874244,2,10,5.0,39,2.4287842669845054,9,1932,0.0,12281.450980392157,5,39,0.3046875,0.23510743984374471,True
0.65,71,14233,1024,19,3,34,37,0.2890625,0.0185546875,8173,0.9976806640625,3753,0.45919491006974184,4430.3505859375,50.6513671875,11.666422663573353,0.054638411532686934,0.4581298828125,0.23150548984375519,0.26006007421874244,3,11,3.6666666666666665,12,2.179904051172708,10,1797,0.0,4434.681329423265,6,40,0.3125,0.23510743984374471,True
0.65,72,39520,1024,14,2,34,36,0.28125,0.013671875,8178,0.998291015625,3876,0.4739545121056493,9582.060546875,83.380859375,8.316214501284353,0.073073740874936,0.47314453125,0.23150548984375519,0.26006007421874244,2,10,5.0,13,2.110451612903226,12,2096,0.0,9591.427174975563,5,39,0.3046875,0.23510743984374471,True
0.65,73,18138,1024,16,2,34,36,0.28125,0.015625,8176,0.998046875,3844,0.47015655577299414,2093.326171875,33.052734375,14.922434576085726,0.18918367189476049,0.46923828125,0.23150548984375519,0.26006007421874244,2,10,5.0,12,2.1272443403590944,23,1743,0.0,2095.3724340175954,5,39,0.3046875,0.23510743984374471,True
0.65,74,9212,1024,12,2,34,36,0.28125,0.01171875,8180,0.99853515625,4400,0.5378973105134475,32107.0185546875,167.5498046875,3.064803818465321,0.019396200628578338,0.537109375,0.23150548984375519,0.26006007421874244,2,10,5.0,22,1.8570129574903387,13,1911,0.0,32169.850293542073,5,39,0.3046875,0.23510743984374471,True
0.65,75,6456,1024,23,3,34,37,0.2890625,0.0224609375,8169,0.9971923828125,3796,0.46468355979924103,3285.8125,45.03515625,12.96437583430054,0.10640793992763652,0.46337890625,0.23150548984375519,0.26006007421874244,3,11,3.6666666666666665,12,2.1552042160737814,16,1904,0.0,3289.0244379276637,7,41,0.3203125,0.23510743984374471,True
0.65,76,22948,1024,12,2,34,36,0.28125,0.01171875,8180,0.99853515625,3726,0.4555012224938875,5425.279296875,50.98828125,10.7865826001198,0.24623020828955422,0.454833984375,0.23150548984375519,0.26006007421874244,2,10,5.0,22,2.192214765100671,9,1979,0.0,5435.896281800391,5,39,0.3046875,0.23510743984374471,True
0.65,77,7591,1024,9,2,34,36,0.28125,0.0087890625,8183,0.9989013671875,3720,0.4546010020774777,5920.845703125,65.892578125,10.40696617325941,0.03765885432622164,0.4541015625,0.23150548984375519,0.26006007421874244,2,10,5.0,11,2.199515998924442,8,2140,0.0,5926.633431085044,5,39,0.3046875,0.23510743984374471,True
0.65,78,29996,1024,20,3,34,37,0.2890625,0.01953125,8172,0.99755859375,3578,0.4378365149290259,6768.3056640625,65.3896484375,9.826003971817883,0.13816400319746663,0.436767578125,0.23150548984375519,0.26006007421874244,3,11,3.6666666666666665,52,2.2750908582611125,16,1865,0.0,6808.197445972495,6,40,0.3125,0.23510743984374471,True
0.65,79,10378,1024,12,2,34,36,0.28125,0.01171875,8180,0.99853515625,2944,0.35990220048899757,4305.2060546875,42.4599609375,11.790864184877183,0.03711392919546177,0.359375,0.23150548984375519,0.26006007421874244,2,10,5.0,22,2.7757390417940875,15,1772,0.0,4313.6311154598825,5,39,0.3046875,0.23510743984374471,True
0.65,80,27337,1024,10,2,34,36,0.28125,0.009765625,8182,0.998779296875,4638,0.5668540699095576,5691.5849609375,63.0693359375,10.57847137717519,0.18525132351179005,0.566162109375,0.23150548984375519,0.26006007421874244,2,10,5.0,13,1.7632089713176622,13,1925,0.0,5697.148582600195,5,39,0.3046875,0.23510743984374471,True
0.65,81,19965,1024,13,2,34,36,0.28125,0.0126953125,8179,0.9984130859375,4289,0.5243917349309206,6315.9853515625,58.5185546875,10.126392467740464,0.07683255916449014,0.5235595703125,0.23150548984375519,0.26006007421874244,2,10,5.0,21,1.9048507462686568,14,2149,0.0,6328.345401174169,5,39,0.3046875,0.23510743984374471,True
0.65,82,24405,1024,44,6,34,40,0.3125,0.04296875,8148,0.99462890625,3715,0.45594010800196366,2411.7412109375,37.2919921875,14.307496563598212,0.13802198088360973,0.4534912109375,0.23150548984375519,0.26006007421874244,6,14,2.3333333333333335,12,2.2019386106623586,8,1885,0.0,2414.0987292277614,9,43,0.3359375,0.23510743984374471,True
0.65,83,45135,1024,50,7,34,41,0.3203125,0.048828125,8142,0.993896484375,4180,0.5133873741095554,9059.09765625,76.88671875,8.559954195297035,0.12643954642671268,0.51025390625,0.23150548984375519,0.26006007421874244,7,15,2.142857142857143,12,1.9562096195262024,15,2178,0.0,9067.953079178886,10,44,0.34375,0.23510743984374471,True
0.65,84,11274,1024,13,2,34,36,0.28125,0.0126953125,8179,0.9984130859375,3278,0.40078249174715735,6365.609375,59.69140625,10.092403762038892,0.055858552357001316,0.400146484375,0.23150548984375519,0.26006007421874244,2,10,5.0,39,2.48764113518462,8,1918,0.0,6390.572549019608,5,39,0.3046875,0.23510743984374471,True
0.65,85,1941,1024,31,4,34,38,0.296875,0.0302734375,8161,0.9962158203125,4012,0.4916064207817669,1715.119140625,32.6796875,15.787860672070014,0.18615426658532877,0.48974609375,0.23150548984375519,0.26006007421874244,4,12,3.0,19,2.036898529045126,13,1764,0.0,1718.4755381604696,7,41,0.3203125,0.23510743984374471,True
0.65,86,48940,1024,9,2,34,36,0.28125,0.0087890625,8183,0.9989013671875,3556,0.4345594525235244,4073.533203125,53.0234375,12.031091002985283,0.05958089239524069,0.43408203125,0.23150548984375519,0.26006007421874244,2,10,5.0,5,2.30267229254571,8,2070,,4073.533203125,5,39,0.3046875,0.23510743984374471,True
0.65,87,36794,1024,17,3,34,37,0.2890625,0.0166015625,8175,0.9979248046875,3967,0.4852599388379205,16040.693359375,106.607421875,6.078572241241025,0.030125712782489104,0.4842529296875,0.23150548984375519,0.26006007421874244,3,11,3.6666666666666665,46,2.05345436207766,18,1894,0.0,16119.401373895977,6,40,0.3125,0.23510743984374471,True
0.65,88,21994,1024,13,2,34,36,0.28125,0.0126953125,8179,0.9984130859375,3817,0.4666829685780658,5963.4501953125,64.3408203125,10.3758276434126,0.07151519538643789,0.4659423828125,0.23150548984375519,0.26006007421874244,2,10,5.0,12,2.143081761006289,13,2132,0.0,5969.279569892473,5,39,0.3046875,0.23510743984374471,True
0.65,89,49944,1024,30,4,34,38,0.296875,0.029296875,8162,0.996337890625,3486,0.42710120068610635,3506.8876953125,43.3876953125,12.681585026245667,0.10949863276897166,0.425537109375,0.23150548984375519,0.26006007421874244,4,12,3.0,46,2.337159253945481,14,1837,0.0,3524.0951913640824,7,41,0.3203125,0.23510743984374471,True
0.65,90,43442,1024,16,2,34,36,0.28125,0.015625,8176,0.998046875,2820,0.3449119373776908,380.6162109375,12.1865234375,22.325930793583897,0.637139620520646,0.34423828125,0.23150548984375519,0.26006007421874244,2,10,5.0,31,2.8942887548776164,8,1368,0.0,381.7345739471107,5,39,0.3046875,0.23510743984374471,True
0.65,91,45096,1024,9,2,34,36,0.28125,0.0087890625,8183,0.9989013671875,3313,0.4048637419039472,961.955078125,22.11328125,18.299255692645573,0.2640406264759907,0.4044189453125,0.23150548984375519,0.26006007421874244,2,10,5.0,12,2.4692028985507246,11,1746,0.0,962.8954056695992,5,39,0.3046875,0.23510743984374471,True
0.65,92,42430,1024,23,3,34,37,0.2890625,0.0224609375,8169,0.9971923828125,3951,0.48365773044436283,408.9951171875,14.1650390625,22.01362237680087,0.41161487833830823,0.4822998046875,0.23150548984375519,0.26006007421874244,3,11,3.6666666666666665,61,2.057721518987342,24,1462,0.0,411.8102261553589,6,40,0.3125,0.23510743984374471,True
0.65,93,42255,1024,20,3,34,37,0.2890625,0.01953125,8172,0.99755859375,4301,0.5263093489965737,4461.2236328125,58.6552734375,11.636263667089846,0.15201174217585303,0.5250244140625,0.23150548984375519,0.26006007421874244,3,11,3.6666666666666665,27,1.8986046511627908,13,1835,0.0,4474.332027424094,6,40,0.3125,0.23510743984374471,True
0.65,94,5771,1024,3,1,34,35,0.2734375,0.0029296875,8189,0.9996337890625,4642,0.5668579802173648,30773.9658203125,161.4580078125,3.2489689377563016,0.028660498355079878,0.566650390625,0.23150548984375519,0.26006007421874244,1,9,9.0,23,1.7588881706528765,62,1885,0.0,30834.188845401175,4,38,0.296875,0.23510743984374471,True
0.65,95,8320,1024,22,3,34,37,0.2890625,0.021484375,8170,0.997314453125,3695,0.45226438188494494,1988.1796875,36.822265625,15.146247284106462,0.08627017914869133,0.4510498046875,0.23150548984375519,0.26006007421874244,3,11,3.6666666666666665,18,2.2119653492149434,15,1967,0.0,1992.0704500978475,6,40,0.3125,0.23510743984374471,True
0.65,96,48807,1024,14,2,34,36,0.28125,0.013671875,8178,0.998291015625,4109,0.5024455857177794,5929.513671875,62.208984375,10.400612861010108,0.09811188349747514,0.5015869140625,0.23150548984375519,0.26006007421874244,2,10,5.0,11,1.9912366114897762,16,1797,0.0,5935.309872922776,5,39,0.3046875,0.23510743984374471,True
0.65,97,2675,1024,23,3,34,37,0.2890625,0.0224609375,8169,0.9971923828125,3552,0.43481454278369447,1539.7294921875,32.8115234375,16.25635932479132,0.35725310084055734,0.43359375,0.23150548984375519,0.26006007421874244,3,11,3.6666666666666665,38,2.29597296536187,9,1923,0.0,1545.7676470588235,6,40,0.3125,0.23510743984374471,True
0.65,98,37658,1024,10,2,34,36,0.28125,0.009765625,8182,0.998779296875,3742,0.457345392324615,16522.0791015625,99.5185546875,5.95015663796295,0.022460634032871667,0.456787109375,0.23150548984375519,0.26006007421874244,2,10,5.0,12,2.186046511627907,15,1916,0.0,16538.22971652004,5,39,0.3046875,0.23510743984374471,True
0.65,99,45710,1024,13,2,34,36,0.28125,0.0126953125,8179,0.9984130859375,4386,0.5362513754737743,11251.8974609375,96.7822265625,7.61854595102434,0.0757679842439149,0.535400390625,0.23150548984375519,0.26006007421874244,2,10,5.0,9,1.8654503990877993,12,1995,0.0,11262.896383186706,5,39,0.3046875,0.23510743984374471,True
0.65,100,15813,1024,12,2,34,36,0.28125,0.01171875,8180,0.99853515625,3470,0.4242053789731051,1082.537109375,23.75,17.786375679713284,0.25832759017646606,0.423583984375,0.23150548984375519,0.26006007421874244,2,10,5.0,12,2.357451715191698,13,1694,0.0,1083.5953079178885,5,39,0.3046875,0.23510743984374471,True
0.65,101,7135,1024,13,2,34,36,0.28125,0.0126953125,8179,0.9984130859375,3853,0.4710844846558259,851.923828125,23.89453125,18.82679595331091,0.20535474471529563,0.4703369140625,0.23150548984375519,0.26006007421874244,2,10,5.0,12,2.1230529595015577,20,1683,0.0,852.7565982404692,5,39,0.3046875,0.23510743984374471,True
0.65,102,31775,1024,10,2,34,36,0.28125,0.009765625,8182,0.998779296875,3820,0.4668785138108042,4596.78515625,64.171875,11.506261546236939,0.19517806815152297,0.46630859375,0.23150548984375519,0.26006007421874244,2,10,5.0,9,2.142445666404818,7,2448,0.0,4601.278592375366,5,39,0.3046875,0.23510743984374471,True
0.65,103,31772,1024,16,2,34,36,0.28125,0.015625,8176,0.998046875,3955,0.4837328767123288,8775.4697265625,78.0361328125,8.698099885284268,0.07192321713353812,0.4827880859375,0.23150548984375519,0.26006007421874244,2,10,5.0,12,2.0685381891755186,9,2108,0.0,8784.047898338222,6,40,0.3125,0.23510743984374471,True
0.65,104,25160,1024,16,2,34,36,0.28125,0.015625,8176,0.998046875,4227,0.5170009784735812,1348.72265625,29.119140625,16.831577078925072,0.23653181498010525,0.5159912109375,0.23150548984375519,0.26006007421874244,2,10,5.0,20,1.9327969711310933,45,1630,0.0,1351.3620352250489,6,40,0.3125,0.23510743984374471,True
0.65,105,36108,1024,14,2,34,36,0.28125,0.013671875,8178,0.998291015625,3662,0.44778674492540965,4093.3134765625,54.8798828125,12.010053555512151,0.11272378021948239,0.447021484375,0.23150548984375519,0.26006007421874244,2,10,5.0,28,2.229445506692161,10,2124,0.0,4105.34084231146,5,39,0.3046875,0.23510743984374471,True
0.65,106,1260,1024,26,4,34,38,0.296875,0.025390625,8166,0.996826171875,3479,0.426034778349253,4620.51953125,49.84765625,11.483895504915074,0.06562787894694867,0.4246826171875,0.23150548984375519,0.26006007421874244,4,12,3.0,12,2.3516388729154687,8,1913,0.0,4625.036168132942,7,41,0.3203125,0.23510743984374471,True
0.65,107,37885,1024,9,2,34,36,0.28125,0.0087890625,8183,0.9989013671875,3846,0.4699987779542955,9468.3505859375,82.2666015625,8.368060306308035,0.030196695652189198,0.469482421875,0.23150548984375519,0.26006007421874244,2,10,5.0,13,2.1269180754226267,8,2151,0.0,9477.60606060606,5,39,0.3046875,0.23510743984374471,True
0.65,108,41535,1024,3,1,34,35,0.2734375,0.0029296875,8189,0.9996337890625,3583,0.43753816094761266,19386.240234375,122.7890625,5.255867706541303,0.0897188649870212,0.4373779296875,0.23150548984375519,0.26006007421874244,1,9,9.0,127,2.2445561139028474,11,1936,0.0,19674.44003964321,4,38,0.296875,0.23510743984374471,True
0.65,109,44889,1024,20,3,34,37,0.2890625,0.01953125,8172,0.99755859375,3751,0.4590063631913852,4628.8212890625,51.2451171875,11.476099471346242,0.06190440059569087,0.4578857421875,0.23150548984375519,0.26006007421874244,3,11,3.6666666666666665,37,2.1744,15,1815,0.0,4646.9735294117645,6,40,0.3125,0.23510743984374471,True
0.65,110,28184,1024,18,3,34,37,0.2890625,0.017578125,8174,0.997802734375,4069,0.4977978957670663,3561.4091796875,51.7587890625,12.614584870893239,0.20448229688387415,0.4967041015625,0.23150548984375519,0.26006007421874244,3,11,3.6666666666666665,9,2.010816125860374,7,2284,0.0,3564.8905180840666,6,40,0.3125,0.23510743984374471,True
0.65,111,25319,1024,25,4,34,38,0.296875,0.0244140625,8167,0.9969482421875,4303,0.5268764540222848,4279.419921875,55.71875,11.816954567618103,0.0773095430419526,0.5252685546875,0.23150548984375519,0.26006007421874244,4,12,3.0,11,1.901208740120874,15,1967,0.0,4283.603128054741,7,41,0.3203125,0.23510743984374471,True
0.65,112,11010,1024,18,3,34,37,0.2890625,0.017578125,8174,0.997802734375,4288,0.5245901639344263,6213.44140625,69.5859375,10.197481536431352,0.11288302227436431,0.5234375,0.23150548984375519,0.26006007421874244,3,11,3.6666666666666665,22,1.9055283414975508,16,1947,0.0,6225.600782778865,6,40,0.3125,0.23510743984374471,True
0.65,113,33880,1024,12,2,34,36,0.28125,0.01171875,8180,0.99853515625,3231,0.3949877750611247,952.9677734375,21.6787109375,18.340021465411375,0.1327706522583608,0.3944091796875,0.23150548984375519,0.26006007421874244,2,10,5.0,8,2.53343653250774,12,1790,0.0,953.8993157380254,5,39,0.3046875,0.23510743984374471,True
0.65,114,19307,1024,14,2,34,36,0.28125,0.013671875,8178,0.998291015625,3668,0.44852042064074343,1805.3447265625,35.4677734375,15.565202191418667,0.16423478834533806,0.44775390625,0.23150548984375519,0.26006007421874244,2,10,5.0,47,2.2208890100899916,7,2063,0.0,1814.2031403336605,5,39,0.3046875,0.23510743984374471,True
0.65,115,12236,1024,3,1,34,35,0.2734375,0.0029296875,8189,0.9996337890625,2107,0.2572963731835389,6252.1591796875,45.1962890625,10.170503342623045,0.0683359819917323,0.2572021484375,0.23150548984375519,0.26006007421874244,1,9,9.0,15,3.848053181386515,8,1283,0.0,6258.270772238514,4,38,0.296875,0.23510743984374471,True
0.65,116,13805,1024,17,3,34,37,0.2890625,0.0166015625,8175,0.9979248046875,4350,0.5321100917431193,13925.5966796875,109.2314453125,6.69266548106955,0.08658953046607955,0.531005859375,0.23150548984375519,0.26006007421874244,3,11,3.6666666666666665,9,1.879742469533226,15,2082,0.0,13939.209188660801,6,40,0.3125,0.23510743984374471,True
0.65,117,5814,1024,19,3,34,37,0.2890625,0.0185546875,8173,0.9976806640625,3603,0.4408417961580815,6200.40625,62.36328125,10.206602155062308,0.06751323608028831,0.4398193359375,0.23150548984375519,0.26006007421874244,3,11,3.6666666666666665,45,2.261521377012771,9,2007,0.0,6230.830225711482,6,40,0.3125,0.23510743984374471,True
0.65,118,48485,1024,14,2,34,36,0.28125,0.013671875,8178,0.998291015625,3709,0.45353387136219125,5924.8486328125,62.0400390625,10.404031013374983,0.05612857973338643,0.4527587890625,0.23150548984375519,0.26006007421874244,2,10,5.0,9,2.2057713052858685,13,2065,0.0,5930.64027370479,5,39,0.3046875,0.23510743984374471,True
0.65,119,12248,1024,3,1,34,35,0.2734375,0.0029296875,8189,0.9996337890625,3404,0.4156795701550861,15032.712890625,96.7734375,6.360429979050716,0.04075705209861439,0.41552734375,0.23150548984375519,0.26006007421874244,1,9,9.0,13,2.4025859535703793,9,1894,0.0,15047.407624633432,4,38,0.296875,0.23510743984374471,True
0.65,120,458,1024,17,3,34,37,0.2890625,0.0166015625,8175,0.9979248046875,4144,0.5069113149847094,2405.041015625,39.783203125,14.319578736267841,0.08675036978594791,0.505859375,0.23150548984375519,0.26006007421874244,3,11,3.6666666666666665,16,1.972242336471156,13,1877,0.0,2409.747553816047,6,40,0.3125,0.23510743984374471,True
0.65,121,319,1024,3,1,34,35,0.2734375,0.0029296875,8189,0.9996337890625,4012,0.4899255098302601,19421.4580078125,113.6533203125,5.24798530714103,0.03766062035883091,0.48974609375,0.23150548984375519,0.26006007421874244,1,9,9.0,3,2.0413861879830466,9,2042,,19421.4580078125,4,38,0.296875,0.23510743984374471,True
0.65,122,21496,1024,11,2,34,36,0.28125,0.0107421875,8181,0.9986572265625,3783,0.4624129079574624,7888.9765625,71.99609375,9.160596950587879,0.08301144394028287,0.4617919921875,0.23150548984375519,0.26006007421874244,2,10,5.0,23,2.159439450026441,14,1937,0.0,7904.414872798435,5,39,0.3046875,0.23510743984374471,True
0.65,123,20390,1024,18,3,34,37,0.2890625,0.017578125,8174,0.997802734375,4189,0.5124785906532909,3285.3291015625,46.5966796875,12.965014801734435,0.15278715702116674,0.5113525390625,0.23150548984375519,0.26006007421874244,3,11,3.6666666666666665,12,1.9529608404966572,8,2261,0.0,3288.5405669599218,6,40,0.3125,0.23510743984374471,True
0.65,124,33691,1024,21,3,34,37,0.2890625,0.0205078125,8171,0.9974365234375,4680,0.572757312446457,2762.4814453125,36.5830078125,13.717809911794333,0.10411352091093941,0.5712890625,0.23150548984375519,0.26006007421874244,3,11,3.6666666666666665,21,1.745885873049797,36,1673,0.0,2767.8874755381603,6,40,0.3125,0.23510743984374471,True
0.65,125,33872,1024,11,2,34,36,0.28125,0.0107421875,8181,0.9986572265625,4017,0.491015768243491,7652.111328125,75.431640625,9.29299081054908,0.06583840101750656,0.4903564453125,0.23150548984375519,0.26006007421874244,2,10,5.0,12,2.0366035856573705,13,2182,0.0,7659.591397849463,5,39,0.3046875,0.23510743984374471,True
0.65,126,46987,1024,11,2,34,36,0.28125,0.0107421875,8181,0.9986572265625,4333,0.5296418530741963,2559.5341796875,45.5517578125,14.049194274307332,0.31205972980211505,0.5289306640625,0.23150548984375519,0.26006007421874244,2,10,5.0,15,1.8873499538319483,16,2070,0.0,2562.0361681329423,5,39,0.3046875,0.23510743984374471,True
0.65,127,26772,1024,19,3,34,37,0.2890625,0.0185546875,8173,0.9976806640625,3591,0.43937354704514864,6768.599609375,62.005859375,9.825815363233216,0.08750191426404758,0.4383544921875,0.23150548984375519,0.26006007421874244,3,11,3.6666666666666665,18,2.2760445682451254,16,1925,0.0,6781.845401174169,6,40,0.3125,0.23510743984374471,True
0.65,128,7057,1024,14,2,34,36,0.28125,0.013671875,8178,0.998291015625,3574,0.43702616776718023,13055.86328125,91.96484375,6.972747672912728,0.03138795516905496,0.436279296875,0.23150548984375519,0.26006007421874244,2,10,5.0,13,2.288832913518052,7,1909,0.0,13068.625610948191,6,40,0.3125,0.23510743984374471,True
0.65,129,30014,1024,3,1,34,35,0.2734375,0.0029296875,8189,0.9996337890625,4229,0.5164244718524851,25428.4638671875,147.7705078125,4.077602356176559,0.057900275035140294,0.5162353515625,0.23150548984375519,0.26006007421874244,1,9,9.0,3,1.9366130558183539,9,2221,,25428.4638671875,4,38,0.296875,0.23510743984374471,True
0.65,130,48237,1024,35,5,34,39,0.3046875,0.0341796875,8157,0.9957275390625,3860,0.4732131911241878,1982.98046875,37.2890625,15.157619241996086,0.16467497920531268,0.47119140625,0.23150548984375519,0.26006007421874244,5,13,2.6,29,2.115055713915522,7,2215,0.0,1988.8070519098922,8,42,0.328125,0.23510743984374471,True
0.65,131,4823,1024,12,2,34,36,0.28125,0.01171875,8180,0.99853515625,4080,0.49877750611246946,11542.05859375,93.833984375,7.507970861753125,0.11146565674344465,0.498046875,0.23150548984375519,0.26006007421874244,2,10,5.0,20,2.002451581269919,13,2130,0.0,11564.6457925636,5,39,0.3046875,0.23510743984374471,True
0.65,132,26627,1024,19,3,34,37,0.2890625,0.0185546875,8173,0.9976806640625,3848,0.47081854888046004,2415.0625,40.078125,14.301519864205904,0.10764826597564676,0.4697265625,0.23150548984375519,0.26006007421874244,3,11,3.6666666666666665,31,2.1211333506628542,12,1913,0.0,2422.158667972576,6,40,0.3125,0.23510743984374471,True
0.65,133,12293,1024,9,2,34,36,0.28125,0.0087890625,8183,0.9989013671875,3985,0.4869852132469754,3288.83984375,45.24609375,12.96037635658027,0.06764257437932186,0.4864501953125,0.23150548984375519,0.26006007421874244,2,10,5.0,11,2.0532128514056227,11,1859,0.0,3292.0547409579667,5,39,0.3046875,0.23510743984374471,True
0.65,134,32803,1024,16,2,34,36,0.28125,0.015625,8176,0.998046875,3387,0.41426125244618395,517.884765625,18.337890625,20.988472251006627,0.23312863290025018,0.4134521484375,0.23150548984375519,0.26006007421874244,2,10,5.0,22,2.4125812167749556,7,1866,0.0,518.8982387475538,5,39,0.3046875,0.23510743984374471,True
0.65,135,41882,1024,12,2,34,36,0.28125,0.01171875,8180,0.99853515625,3994,0.4882640586797066,10716.5126953125,84.5595703125,7.830268780837728,0.17309934556444487,0.487548828125,0.23150548984375519,0.26006007421874244,2,10,5.0,13,2.047833708990734,14,1929,0.0,10726.988269794721,5,39,0.3046875,0.23510743984374471,True
0.65,136,10235,1024,14,2,34,36,0.28125,0.013671875,8178,0.998291015625,4004,0.4896062606994375,7721.57421875,80.3359375,9.253745106849738,0.1260550087618144,0.48876953125,0.23150548984375519,0.26006007421874244,2,10,5.0,13,2.0427179615288535,7,2302,0.0,7729.122189638319,5,39,0.3046875,0.23510743984374471,True
0.65,137,30033,1024,17,3,34,37,0.2890625,0.0166015625,8175,0.9979248046875,3621,0.4429357798165138,3958.908203125,48.392578125,12.155049291683628,0.061564549371128936,0.4420166015625,0.23150548984375519,0.26006007421874244,3,11,3.6666666666666665,17,2.258011049723757,10,1947,0.0,3966.655577299413,6,40,0.3125,0.23510743984374471,True
0.65,138,20042,1024,12,2,34,36,0.28125,0.01171875,8180,0.99853515625,4229,0.5169926650366748,2951.6552734375,45.6708984375,13.430147264113746,0.04501421529873138,0.5162353515625,0.23150548984375519,0.26006007421874244,2,10,5.0,19,1.93282876064333,15,1863,0.0,2957.431506849315,5,39,0.3046875,0.23510743984374471,True
0.65,139,29399,1024,14,2,34,36,0.28125,0.013671875,8178,0.998291015625,3820,0.467106872095867,5335.8037109375,54.2216796875,10.858805161259628,0.13199205194189115,0.46630859375,0.23150548984375519,0.26006007421874244,2,10,5.0,9,2.1421838177533385,17,1844,0.0,5341.019550342131,5,39,0.3046875,0.23510743984374471,True
0.65,140,6463,1024,16,2,34,36,0.28125,0.015625,8176,0.998046875,4499,0.5502690802348337,3386.53515625,47.498046875,12.833247724105064,0.06411151544449391,0.5491943359375,0.23150548984375519,0.26006007421874244,2,10,5.0,11,1.8181413961760782,15,1894,0.0,3389.8455522971653,6,40,0.3125,0.23510743984374471,True
0.65,141,25920,1024,17,3,34,37,0.2890625,0.0166015625,8175,0.9979248046875,3174,0.38825688073394493,926.4853515625,20.7646484375,18.462418036845175,0.48319485304901993,0.387451171875,0.23150548984375519,0.26006007421874244,3,11,3.6666666666666665,38,2.5694925937598487,20,1674,0.0,930.1186274509804,6,40,0.3125,0.23510743984374471,True
0.65,142,10327,1024,3,1,34,35,0.2734375,0.0029296875,8189,0.9996337890625,4214,0.5145927463670777,22041.005859375,140.28125,4.698489508511291,0.03909978369539226,0.514404296875,0.23150548984375519,0.26006007421874244,1,9,9.0,12,1.9406598623308806,9,2191,0.0,22062.551319648093,4,38,0.296875,0.23510743984374471,True
0.65,143,3805,1024,26,4,34,38,0.296875,0.025390625,8166,0.996826171875,3590,0.4396277247122214,1303.703125,26.58984375,16.979016543286754,0.10008025532660475,0.438232421875,0.23150548984375519,0.26006007421874244,4,12,3.0,29,2.273892449150181,11,1837,0.0,1307.533790401567,7,41,0.3203125,0.23510743984374471,True
0.65,144,37879,1024,21,3,34,37,0.2890625,0.0205078125,8171,0.9974365234375,4401,0.5386121649736875,6385.130859375,75.55859375,10.079105585758999,0.36085583935549803,0.5372314453125,0.23150548984375519,0.26006007421874244,3,11,3.6666666666666665,35,1.8525,11,2300,0.0,6410.170588235294,6,40,0.3125,0.23510743984374471,True
0.65,145,22721,1024,19,3,34,37,0.2890625,0.0185546875,8173,0.9976806640625,3991,0.4883151841429096,3753.185546875,48.138671875,12.386803256336073,0.14560739157324407,0.4871826171875,0.23150548984375519,0.26006007421874244,3,11,3.6666666666666665,29,2.0456140350877194,7,2166,0.0,3764.213516160627,6,40,0.3125,0.23510743984374471,True
0.65,146,43932,1024,8,1,34,35,0.2734375,0.0078125,8184,0.9990234375,3803,0.4646871945259042,13492.986328125,97.24609375,6.829722805590659,0.021371979114920427,0.4642333984375,0.23150548984375519,0.26006007421874244,1,9,9.0,5,2.152814308258811,8,2143,,13492.986328125,5,39,0.3046875,0.23510743984374471,True
0.65,147,47270,1024,23,3,34,37,0.2890625,0.0224609375,8169,0.9971923828125,4054,0.4962663728730567,4833.2314453125,56.4306640625,11.288427684984505,0.06525728239865085,0.494873046875,0.23150548984375519,0.26006007421874244,3,11,3.6666666666666665,21,2.0152973106340983,14,1951,0.0,4842.689823874755,6,40,0.3125,0.23510743984374471,True
0.65,148,11091,1024,33,5,34,39,0.3046875,0.0322265625,8159,0.9959716796875,4025,0.49332025983576416,8236.5625,82.1953125,8.97334362613004,0.08226219194093504,0.4913330078125,0.23150548984375519,0.26006007421874244,5,13,2.6,13,2.0320576540755466,8,2334,0.0,8244.613880742912,8,42,0.328125,0.23510743984374471,True
0.65,149,9736,1024,17,3,34,37,0.2890625,0.0166015625,8175,0.9979248046875,4525,0.5535168195718655,1155.3408203125,27.4970703125,17.503702428329845,0.14285782210297585,0.5523681640625,0.23150548984375519,0.26006007421874244,3,11,3.6666666666666665,29,1.8034924845269673,23,1714,0.0,1158.73555337904,6,40,0.3125,0.23510743984374471,True
0.65,150,23206,1024,10,2,34,36,0.28125,0.009765625,8182,0.998779296875,4210,0.5145441212417502,6004.30859375,58.359375,10.346173559910985,0.15973431483924477,0.513916015625,0.23150548984375519,0.26006007421874244,2,10,5.0,9,1.9436920883820386,11,2249,0.0,6010.177908113392,5,39,0.3046875,0.23510743984374471,True
0.65,151,25039,1024,17,3,34,37,0.2890625,0.0166015625,8175,0.9979248046875,3910,0.4782874617737003,3338.583984375,45.515625,12.895180551847767,0.07691275285382243,0.477294921875,0.23150548984375519,0.26006007421874244,3,11,3.6666666666666665,9,2.093118444614991,11,1842,0.0,3341.8475073313784,6,40,0.3125,0.23510743984374471,True
0.65,152,21014,1024,3,1,34,35,0.2734375,0.0029296875,8189,0.9996337890625,2912,0.35559897423372816,17491.58984375,96.634765625,5.702510757466874,0.045170081610979684,0.35546875,0.23150548984375519,0.26006007421874244,1,9,9.0,87,2.750944692545517,8,1577,0.0,17664.090729783038,4,38,0.296875,0.23510743984374471,True
0.65,153,32412,1024,16,2,34,36,0.28125,0.015625,8176,0.998046875,3731,0.4563356164383562,3085.4775390625,47.0322265625,13.237579715813583,0.11467930709873608,0.4554443359375,0.23150548984375519,0.26006007421874244,2,10,5.0,10,2.193029490616622,9,1891,0.0,3088.4936461388074,6,40,0.3125,0.23510743984374471,True
0.65,154,34022,1024,18,3,34,37,0.2890625,0.017578125,8174,0.997802734375,4214,0.5155370687545877,816.904296875,21.5625,19.009091804354174,0.25522764438307005,0.514404296875,0.23150548984375519,0.26006007421874244,3,11,3.6666666666666665,29,1.9373368146214098,17,1707,0.0,819.3046033300685,6,40,0.3125,0.23510743984374471,True
0.65,155,21369,1024,14,2,34,36,0.28125,0.013671875,8178,0.998291015625,3563,0.43568109562240154,5212.6064453125,47.3681640625,10.960254241782156,0.12810422880936423,0.4349365234375,0.23150548984375519,0.26006007421874244,2,10,5.0,11,2.2961819202695115,16,1888,0.0,5217.701857282503,5,39,0.3046875,0.23510743984374471,True
0.65,156,41654,1024,13,2,34,36,0.28125,0.0126953125,8179,0.9984130859375,3882,0.4746301503851327,6627.4072265625,68.2177734375,9.917367038703958,0.04326333539634371,0.473876953125,0.23150548984375519,0.26006007421874244,2,10,5.0,31,2.1025508889461477,12,2073,0.0,6646.880509304603,5,39,0.3046875,0.23510743984374471,True
0.65,157,11953,1024,3,1,34,35,0.2734375,0.0029296875,8189,0.9996337890625,3910,0.4774697765294908,24389.4921875,139.6796875,4.258776028855657,0.06422202619835923,0.477294921875,0.23150548984375519,0.26006007421874244,1,9,9.0,14,2.091327705295472,8,2023,0.0,24413.333333333332,4,38,0.296875,0.23510743984374471,True
0.65,158,13700,1024,12,2,34,36,0.28125,0.01171875,8180,0.99853515625,4395,0.5372860635696821,7664.6611328125,76.3955078125,9.285874021214633,0.11791179522666093,0.5364990234375,0.23150548984375519,0.26006007421874244,2,10,5.0,28,1.857532999544834,15,1840,0.0,7687.182174338884,5,39,0.3046875,0.23510743984374471,True
0.65,159,38205,1024,15,2,34,36,0.28125,0.0146484375,8177,0.9981689453125,3567,0.4362235538706127,5388.251953125,50.552734375,10.816324658560161,0.14096900859506076,0.4354248046875,0.23150548984375519,0.26006007421874244,2,10,5.0,21,2.291082445316882,13,1834,0.0,5398.796477495108,6,40,0.3125,0.23510743984374471,True
0.65,160,40129,1024,18,3,34,37,0.2890625,0.017578125,8174,0.997802734375,2886,0.353070712013702,265.3818359375,10.7763671875,23.89209166612563,0.38993531989931435,0.352294921875,0.23150548984375519,0.26006007421874244,3,11,3.6666666666666665,12,2.835008665511265,7,1516,0.0,265.64125122189637,6,40,0.3125,0.23510743984374471,True
0.65,161,17080,1024,14,2,34,36,0.28125,0.013671875,8178,0.998291015625,3627,0.44350696991929567,2230.7353515625,33.7041015625,14.646323110563236,0.09798663511539989,0.4427490234375,0.23150548984375519,0.26006007421874244,2,10,5.0,12,2.25565361279647,15,1718,0.0,2232.915933528837,5,39,0.3046875,0.23510743984374471,True
0.65,162,1505,1024,3,1,34,35,0.2734375,0.0029296875,8189,0.9996337890625,4163,0.5083648797166931,23205.1796875,138.30859375,4.474954251743751,0.028226393042684515,0.5081787109375,0.23150548984375519,0.26006007421874244,1,9,9.0,3,1.9673234022104757,10,2082,,23205.1796875,4,38,0.296875,0.23510743984374471,True
0.65,163,36391,1024,10,2,34,36,0.28125,0.009765625,8182,0.998779296875,3983,0.48680029332681496,5349.3310546875,58.6552734375,10.847808849069034,0.07179077853132795,0.4862060546875,0.23150548984375519,0.26006007421874244,2,10,5.0,11,2.0534907081868408,14,2162,0.0,5354.560117302053,5,39,0.3046875,0.23510743984374471,True
0.65,164,24660,1024,10,2,34,36,0.28125,0.009765625,8182,0.998779296875,4008,0.4898557809826448,3972.80078125,48.603515625,12.139835732535422,0.11571781877757402,0.4892578125,0.23150548984375519,0.26006007421874244,2,10,5.0,11,2.041177938607437,16,1955,0.0,3976.6842619745844,5,39,0.3046875,0.23510743984374471,True
0.65,165,24061,1024,3,1,34,35,0.2734375,0.0029296875,8189,0.9996337890625,3351,0.4092074734399805,5192.2138671875,55.9365234375,10.977277881259685,0.14884248328518646,0.4090576171875,0.23150548984375519,0.26006007421874244,1,9,9.0,4,2.4435820895522387,8,1879,,5192.2138671875,4,38,0.296875,0.23510743984374471,True
0.65,166,10964,1024,12,2,34,36,0.28125,0.01171875,8180,0.99853515625,4174,0.5102689486552567,6612.0234375,68.982421875,9.927459765312834,0.11032357650969511,0.509521484375,0.23150548984375519,0.26006007421874244,2,10,5.0,13,1.9597411933860531,11,1929,0.0,6618.486803519061,5,39,0.3046875,0.23510743984374471,True
0.65,167,20807,1024,24,3,34,37,0.2890625,0.0234375,8168,0.9970703125,4141,0.5069784524975515,4138.3037109375,57.0263671875,11.962580004096184,0.06214582673523495,0.5054931640625,0.23150548984375519,0.26006007421874244,3,11,3.6666666666666665,9,1.9763285024154589,13,2113,0.0,4142.348973607038,6,40,0.3125,0.23510743984374471,True
0.65,168,33388,1024,11,2,34,36,0.28125,0.0107421875,8181,0.9986572265625,4161,0.5086175284195086,3447.67578125,49.5,12.755539427623786,0.04249836328741276,0.5079345703125,0.2392199351562425,0.24466691718750155,2,10,5.0,13,1.9658653846153846,13,2002,0.0,3451.045943304008,5,39,0.3046875,0.2634465882812407,True
0.65,169,34571,1024,3,1,34,35,0.2734375,0.0029296875,8189,0.9996337890625,3927,0.479545732079619,23184.30859375,121.34765625,4.47886212044174,0.027037953415993205,0.4793701171875,0.2392199351562425,0.24466691718750155,1,9,9.0,5,2.0850738665308204,10,1836,,23184.30859375,4,38,0.296875,0.2634465882812407,True
0.65,170,21194,1024,13,2,34,36,0.28125,0.0126953125,8179,0.9984130859375,3555,0.4346497126788116,5892.859375,55.69921875,10.427542834907689,0.1447251375424476,0.4339599609375,0.2392199351562425,0.24466691718750155,2,10,5.0,18,2.299662352279122,11,1850,0.0,5904.391389432485,5,39,0.3046875,0.2634465882812407,True
0.65,171,32696,1024,16,2,34,36,0.28125,0.015625,8176,0.998046875,4197,0.5133317025440313,15892.32421875,116.998046875,6.1189294436768655,0.09564935421989236,0.5123291015625,0.2392199351562425,0.24466691718750155,2,10,5.0,9,1.9497140133460438,14,2090,0.0,15907.859237536657,6,40,0.3125,0.2634465882812407,True
0.65,172,46005,1024,17,3,34,37,0.2890625,0.0166015625,8175,0.9979248046875,2759,0.3374923547400612,431.7080078125,14.6259765625,21.778902563475565,0.5630957539445502,0.3367919921875,0.2392199351562425,0.24466691718750155,3,11,3.6666666666666665,30,2.9583031182015955,9,1461,0.0,432.9764936336925,6,40,0.3125,0.2634465882812407,True
0.65,173,19269,1024,18,3,34,37,0.2890625,0.017578125,8174,0.997802734375,2871,0.3512356251529239,3088.673828125,35.224609375,13.233083127557599,0.4342431242554336,0.3504638671875,0.2392199351562425,0.24466691718750155,3,11,3.6666666666666665,70,2.829616724738676,7,1741,0.0,3112.994094488189,6,40,0.3125,0.2634465882812407,True
0.65,174,5503,1024,26,4,34,38,0.296875,0.025390625,8166,0.996826171875,3720,0.45554739162380603,3694.3056640625,44.0361328125,12.455475350793986,0.08106088561940034,0.4541015625,0.2392199351562425,0.24466691718750155,4,12,3.0,9,2.2000537778972844,10,1904,0.0,3697.9169110459434,7,41,0.3203125,0.2634465882812407,True
0.65,175,32979,1024,10,2,34,36,0.28125,0.009765625,8182,0.998779296875,3792,0.46345636763627474,10115.5859375,82.783203125,8.0808931686016,0.052879604396637706,0.462890625,0.2392199351562425,0.24466691718750155,2,10,5.0,9,2.1582695858612504,14,2075,0.0,10125.474095796677,5,39,0.3046875,0.2634465882812407,True
0.65,176,32764,1024,17,3,34,37,0.2890625,0.0166015625,8175,0.9979248046875,4144,0.5069113149847094,2182.791015625,37.4296875,14.740682033106392,0.1020864812977711,0.505859375,0.2392199351562425,0.24466691718750155,3,11,3.6666666666666665,20,1.972242336471156,15,1827,0.0,2187.0626223091976,6,40,0.3125,0.2634465882812407,True
0.65,177,36396,1024,18,3,34,37,0.2890625,0.017578125,8174,0.997802734375,4030,0.4930266699290433,5625.0751953125,66.8681640625,10.629520284505535,0.18372727321410398,0.491943359375,0.2392199351562425,0.24466691718750155,3,11,3.6666666666666665,13,2.029784065524944,8,2345,0.0,5630.573802541545,6,40,0.3125,0.2634465882812407,True
0.65,178,16139,1024,21,3,34,37,0.2890625,0.0205078125,8171,0.9974365234375,3786,0.4633459796842492,1043.40625,24.673828125,17.94626927051247,0.5771569337265654,0.462158203125,0.2392199351562425,0.24466691718750155,3,11,3.6666666666666665,13,2.160105680317041,13,1930,0.0,1044.4261974584556,6,40,0.3125,0.2634465882812407,True
0.65,179,32110,1024,3,1,34,35,0.2734375,0.0029296875,8189,0.9996337890625,3196,0.3902796434241055,18629.90625,108.3125,5.42869691436516,0.08397785770620061,0.39013671875,0.2392199351562425,0.24466691718750155,1,9,9.0,14,2.5593114241001564,8,1653,0.0,18648.117302052786,4,38,0.296875,0.2634465882812407,True
0.65,180,37930,1024,18,3,34,37,0.2890625,0.017578125,8174,0.997802734375,3821,0.4674577930022021,2574.4716796875,40.4580078125,14.023922421072957,0.09013627473001044,0.4664306640625,0.2392199351562425,0.24466691718750155,3,11,3.6666666666666665,22,2.1384816753926703,11,2055,0.0,2579.509784735812,6,40,0.3125,0.2634465882812407,True
0.65,181,5624,1024,10,2,34,36,0.28125,0.009765625,8182,0.998779296875,4577,0.5593986800293327,3094.84765625,49.958984375,13.224410851138293,0.1264963746309519,0.5587158203125,0.2392199351562425,0.24466691718750155,2,10,5.0,12,1.7869318181818181,29,1718,0.0,3097.8729227761487,5,39,0.3046875,0.2634465882812407,True
0.65,182,37946,1024,18,3,34,37,0.2890625,0.017578125,8174,0.997802734375,4035,0.4936383655493027,8357.5107421875,77.7529296875,8.910034173897527,0.14016495136750934,0.4925537109375,0.2392199351562425,0.24466691718750155,3,11,3.6666666666666665,13,2.0272682201289043,17,2008,0.0,8365.680351906158,6,40,0.3125,0.2634465882812407,True
0.65,183,6616,1024,17,3,34,37,0.2890625,0.0166015625,8175,0.9979248046875,3978,0.48660550458715596,4983.1982421875,55.9931640625,11.155721961982465,0.06868822304518779,0.485595703125,0.2392199351562425,0.24466691718750155,3,11,3.6666666666666665,11,2.0565753080211215,13,1922,0.0,4988.069403714565,6,40,0.3125,0.2634465882812407,True
0.65,184,11706,1024,28,4,34,38,0.296875,0.02734375,8164,0.99658203125,3767,0.46141597256246936,9505.8212890625,78.2294921875,8.350907156370875,0.1050561247385229,0.4598388671875,0.2392199351562425,0.24466691718750155,4,12,3.0,47,2.1625066383430696,15,1994,0.0,9552.464180569186,7,41,0.3203125,0.2634465882812407,True
0.65,185,10558,1024,3,1,34,35,0.2734375,0.0029296875,8189,0.9996337890625,3047,0.3720845036023935,10764.2568359375,72.0634765625,7.810963093551887,0.11452213169709084,0.3719482421875,0.2392199351562425,0.24466691718750155,1,9,9.0,6,2.6766250820748523,8,1691,,10764.2568359375,4,38,0.296875,0.2634465882812407,True
0.65,186,18351,1024,3,1,34,35,0.2734375,0.0029296875,8189,0.9996337890625,2574,0.31432409329588473,9704.8349609375,70.2744140625,8.260922066317915,0.038040394839714185,0.314208984375,0.2392199351562425,0.24466691718750155,1,9,9.0,71,3.1496307811892734,8,1489,0.0,9781.250984251968,4,38,0.296875,0.2634465882812407,True
0.65,187,15023,1024,3,1,34,35,0.2734375,0.0029296875,8189,0.9996337890625,3852,0.4703871046525827,17648.89453125,124.361328125,5.663628530711873,0.14312015887894564,0.47021484375,0.2392199351562425,0.24466691718750155,1,9,9.0,14,2.1223058945728384,8,1955,0.0,17666.146627565984,4,38,0.296875,0.2634465882812407,True
0.65,188,9490,1024,11,2,34,36,0.28125,0.0107421875,8181,0.9986572265625,3696,0.4517785111844518,6170.623046875,63.345703125,10.227513439726241,0.14565458674690254,0.451171875,0.2392199351562425,0.24466691718750155,2,10,5.0,14,2.2129905277401893,17,2095,0.0,6176.654936461388,5,39,0.3046875,0.2634465882812407,True
0.65,189,6355,1024,17,3,34,37,0.2890625,0.0166015625,8175,0.9979248046875,4417,0.5403058103975535,10422.00390625,96.927734375,7.951291292601097,0.21588111187933923,0.5391845703125,0.2392199351562425,0.24466691718750155,3,11,3.6666666666666665,8,1.853034420289855,12,2092,0.0,10432.191593352884,6,40,0.3125,0.2634465882812407,True
0.65,190,8857,1024,10,2,34,36,0.28125,0.009765625,8182,0.998779296875,3111,0.3802248838914691,845.2724609375,15.1435546875,18.860836410200346,0.3765090826831757,0.3797607421875,0.2392199351562425,0.24466691718750155,2,10,5.0,13,2.629581993569132,15,1380,0.0,846.0987292277615,5,39,0.3046875,0.2634465882812407,True
0.65,191,31811,1024,10,2,34,36,0.28125,0.009765625,8182,0.998779296875,4375,0.5347103397702273,14917.970703125,105.228515625,6.393706109467336,0.17028146009169945,0.5340576171875,0.2392199351562425,0.24466691718750155,2,10,5.0,21,1.8676268861454046,22,1977,0.0,14947.164383561643,5,39,0.3046875,0.2634465882812407,True
0.65,192,10400,1024,11,2,34,36,0.28125,0.0107421875,8181,0.9986572265625,3967,0.4849040459601516,1366.5361328125,31.1103515625,16.774592414337267,0.16547693665821256,0.4842529296875,0.2392199351562425,0.24466691718750155,2,10,5.0,18,2.060514372163389,11,1678,0.0,1369.2103718199608,5,39,0.3046875,0.2634465882812407,True
0.65,193,275,1024,24,3,34,37,0.2890625,0.0234375,8168,0.9970703125,3856,0.4720861900097943,4314.6494140625,51.2138671875,11.781348478905521,0.05236151869477826,0.470703125,0.2392199351562425,0.24466691718750155,3,11,3.6666666666666665,12,2.121141374837873,8,2044,0.0,4318.867057673509,6,40,0.3125,0.2634465882812407,True
0.65,194,26152,1024,3,1,34,35,0.2734375,0.0029296875,8189,0.9996337890625,3706,0.45255830992795215,18343.6904296875,117.4931640625,5.495936482897765,0.05140453878207003,0.452392578125,0.2392199351562425,0.24466691718750155,1,9,9.0,287,2.1333333333333333,8,1888,0.0,18992.86046511628,4,38,0.296875,0.2634465882812407,True
0.65,195,13037,1024,3,1,34,35,0.2734375,0.0029296875,8189,0.9996337890625,3115,0.3803883258029063,15930.12109375,93.841796875,6.108612837392501,0.0480518310274592,0.3802490234375,0.2392199351562425,0.24466691718750155,1,9,9.0,14,2.625883108542068,11,1497,0.0,15945.693059628544,4,38,0.296875,0.2634465882812407,True
0.65,196,41203,1024,18,3,34,37,0.2890625,0.017578125,8174,0.997802734375,3673,0.4493516026425251,1459.02734375,29.955078125,16.490169297500163,0.08439133316183245,0.4483642578125,0.2392199351562425,0.24466691718750155,3,11,3.6666666666666665,10,2.22739651416122,19,1862,0.0,1460.453567937439,6,40,0.3125,0.2634465882812407,True
0.65,197,43709,1024,21,3,34,37,0.2890625,0.0205078125,8171,0.9974365234375,3655,0.4473136702973932,3455.1513671875,46.1806640625,12.746132826759881,0.3941553593457929,0.4461669921875,0.2392199351562425,0.24466691718750155,3,11,3.6666666666666665,54,2.2268746579091405,8,2061,0.0,3475.515717092338,6,40,0.3125,0.2634465882812407,True
0.65,198,43572,1024,3,1,34,35,0.2734375,0.0029296875,8189,0.9996337890625,4136,0.5050677738429601,17111.33203125,117.408203125,5.797965423668688,0.10719098281498292,0.5048828125,0.2392199351562425,0.24466691718750155,1,9,9.0,3,1.9801692865779927,8,2201,,17111.33203125,4,38,0.296875,0.2634465882812407,True
0.65,199,23390,1024,22,3,34,37,0.2890625,0.021484375,8170,0.997314453125,3554,0.4350061199510404,1766.259765625,31.216796875,15.660257847966738,0.11651336447977972,0.433837890625,0.2392199351562425,0.24466691718750155,3,11,3.6666666666666665,21,2.299183788347875,20,1793,0.0,1769.7162426614482,6,40,0.3125,0.2634465882812407,True
0.7,0,712,1024,16,2,34,36,0.28125,0.015625,8176,0.998046875,3942,0.48214285714285715,4600.73828125,54.166015625,11.502528322850976,0.16250778057604387,0.481201171875,0.2392199351562425,0.24466691718750155,2,10,5.0,20,2.0733316417153005,14,1990,0.0,4609.74168297456,6,40,0.3125,0.2634465882812407,True
0.7,1,24774,1024,21,3,34,37,0.2890625,0.0205078125,8171,0.9974365234375,3818,0.4672622690001224,3291.109375,47.423828125,12.957380452190431,0.07587867362028239,0.466064453125,0.2392199351562425,0.24466691718750155,3,11,3.6666666666666665,63,2.1294210112653915,14,1928,0.0,3313.7620452310716,6,40,0.3125,0.2634465882812407,True
0.7,2,45142,1024,16,2,34,36,0.28125,0.015625,8176,0.998046875,3526,0.4312622309197652,1830.470703125,30.87890625,15.505175785233291,0.07964625301612924,0.430419921875,0.2392199351562425,0.24466691718750155,2,10,5.0,12,2.3197163120567375,13,1829,0.0,1832.2600195503421,5,39,0.3046875,0.2634465882812407,True
0.7,3,27119,1024,3,1,34,35,0.2734375,0.0029296875,8189,0.9996337890625,2533,0.3093173769691049,13518.4150390625,72.7802734375,6.82154584953097,0.07200111569928044,0.3092041015625,0.2392199351562425,0.24466691718750155,1,9,9.0,7,3.2322274881516586,35,1206,,13518.4150390625,4,38,0.296875,0.2634465882812407,True
0.7,4,21139,1024,19,3,34,37,0.2890625,0.0185546875,8173,0.9976806640625,3671,0.44916187446470085,1605.78125,34.208984375,16.073939783240732,0.17909240269188337,0.4481201171875,0.2392199351562425,0.24466691718750155,3,11,3.6666666666666665,20,2.226158038147139,14,1910,0.0,1608.9236790606653,6,40,0.3125,0.2634465882812407,True
0.7,5,19129,1024,42,6,34,40,0.3125,0.041015625,8150,0.994873046875,4358,0.5347239263803681,5229.0400390625,63.3037109375,10.946583936075163,0.07122143657554847,0.531982421875,0.2392199351562425,0.24466691718750155,6,14,2.3333333333333335,18,1.8753729630479687,22,1812,0.0,5239.272994129158,9,43,0.3359375,0.2634465882812407,True
0.7,6,6433,1024,22,3,34,37,0.2890625,0.021484375,8170,0.997314453125,3283,0.4018359853121175,882.314453125,22.26953125,18.674569674385005,0.16880859782160876,0.4007568359375,0.2392199351562425,0.24466691718750155,3,11,3.6666666666666665,51,2.4801950030469224,9,1814,0.0,887.5147347740668,6,40,0.3125,0.2634465882812407,True
0.7,7,38854,1024,22,3,34,37,0.2890625,0.021484375,8170,0.997314453125,3988,0.48812729498164015,3903.5458984375,50.0771484375,12.216210706420485,0.0706451546203553,0.48681640625,0.2392199351562425,0.24466691718750155,3,11,3.6666666666666665,21,2.0491597692500627,13,1993,0.0,3911.1849315068494,6,40,0.3125,0.2634465882812407,True
0.7,8,22489,1024,18,3,34,37,0.2890625,0.017578125,8174,0.997802734375,3972,0.4859310007340347,3788.265625,49.55859375,12.346399376783634,0.11157606043148463,0.48486328125,0.2392199351562425,0.24466691718750155,3,11,3.6666666666666665,20,2.0574162679425836,8,2159,0.0,3795.679060665362,6,40,0.3125,0.2634465882812407,True
0.7,9,31104,1024,3,1,34,35,0.2734375,0.0029296875,8189,0.9996337890625,3907,0.47710343143240935,14995.6875,97.564453125,6.371139794277938,0.09175849348881226,0.4769287109375,0.2392199351562425,0.24466691718750155,1,9,9.0,3,2.0962621607782896,8,2085,,14995.6875,4,38,0.296875,0.2634465882812407,True
0.7,10,21349,1024,27,4,34,38,0.296875,0.0263671875,8165,0.9967041015625,3355,0.41090018371096143,809.673828125,20.689453125,19.047702594879812,0.12091909957687907,0.4095458984375,0.2392199351562425,0.24466691718750155,4,12,3.0,19,2.436195587358378,13,1688,0.0,811.2583170254403,7,41,0.3203125,0.2634465882812407,True
0.7,11,29116,1024,16,2,34,36,0.28125,0.015625,8176,0.998046875,3732,0.45645792563600784,5608.041015625,57.60546875,10.642691795907506,0.10452922712169005,0.45556640625,0.2392199351562425,0.24466691718750155,2,10,5.0,20,2.1900294827124096,14,2059,0.0,5619.015655577299,5,39,0.3046875,0.2634465882812407,True
0.7,12,10772,1024,20,3,34,37,0.2890625,0.01953125,8172,0.99755859375,4350,0.5323054331864905,11945.08984375,90.904296875,7.358909402689855,0.02371420618837908,0.531005859375,0.2392199351562425,0.24466691718750155,3,11,3.6666666666666665,9,1.8813520349505632,20,2024,0.0,11956.766373411534,6,40,0.3125,0.2634465882812407,True
0.7,13,18332,1024,29,4,34,38,0.296875,0.0283203125,8163,0.9964599609375,4193,0.5136591939238025,3021.14453125,47.623046875,13.329088584933789,0.07882239376512279,0.5118408203125,0.2392199351562425,0.24466691718750155,4,12,3.0,8,1.9520515267175573,16,1987,0.0,3024.097751710655,7,41,0.3203125,0.2634465882812407,True
0.7,14,1003,1024,19,3,34,37,0.2890625,0.0185546875,8173,0.9976806640625,4105,0.5022635507157714,11321.7421875,95.3828125,7.5916709972234955,0.06557222569692399,0.5010986328125,0.2392199351562425,0.24466691718750155,3,11,3.6666666666666665,14,1.9912280701754386,10,2313,0.0,11332.809384164222,6,40,0.3125,0.2634465882812407,True
0.7,15,22156,1024,18,3,34,37,0.2890625,0.017578125,8174,0.997802734375,4277,0.5232444335698556,11801.876953125,96.453125,7.4112927851421,0.043043159915648506,0.5220947265625,0.2392199351562425,0.24466691718750155,3,11,3.6666666666666665,17,1.911599625818522,13,1935,0.0,11824.972602739726,6,40,0.3125,0.2634465882812407,True
0.7,16,26453,1024,25,4,34,38,0.296875,0.0244140625,8167,0.9969482421875,3079,0.377005020203257,2708.736328125,33.369140625,13.803136285602866,0.11743324212345273,0.3758544921875,0.2392199351562425,0.24466691718750155,4,12,3.0,12,2.657244964262508,8,1887,0.0,2711.384164222874,7,41,0.3203125,0.2634465882812407,True
0.7,17,17039,1024,24,3,34,37,0.2890625,0.0234375,8168,0.9970703125,3621,0.44331537708129287,762.685546875,22.06640625,19.307348444148303,0.289150599343284,0.4420166015625,0.2392199351562425,0.24466691718750155,3,11,3.6666666666666665,10,2.25939226519337,7,1777,0.0,763.4310850439882,7,41,0.3203125,0.2634465882812407,True
0.7,18,7166,1024,13,2,34,36,0.28125,0.0126953125,8179,0.9984130859375,4212,0.5149773810979338,12031.2978515625,98.9052734375,7.327678823751521,0.11042818155793038,0.51416015625,0.2392199351562425,0.24466691718750155,2,10,5.0,9,1.943006411778675,13,2340,0.0,12043.058651026393,5,39,0.3046875,0.2634465882812407,True
0.7,19,48310,1024,3,1,34,35,0.2734375,0.0029296875,8189,0.9996337890625,3583,0.43753816094761266,11717.3720703125,89.2646484375,7.442501402554064,0.08144840342342438,0.4373779296875,0.2392199351562425,0.24466691718750155,1,9,9.0,5,2.285315466219989,8,2120,,11717.3720703125,4,38,0.296875,0.2634465882812407,True
0.7,20,12187,1024,14,2,34,36,0.28125,0.013671875,8178,0.998291015625,3797,0.4642944485204206,1687.5859375,32.1171875,15.858144630793738,0.22248767831113517,0.4635009765625,0.2392199351562425,0.24466691718750155,2,10,5.0,13,2.154109589041096,12,1758,0.0,1689.2355816226784,5,39,0.3046875,0.2634465882812407,True
0.7,21,20284,1024,13,2,34,36,0.28125,0.0126953125,8179,0.9984130859375,2765,0.33806088763907566,744.369140625,13.72265625,19.412920006193886,0.27176035695371303,0.3375244140625,0.2392199351562425,0.24466691718750155,2,10,5.0,21,2.9558610709117223,14,1376,0.0,745.8258317025441,5,39,0.3046875,0.2634465882812407,True
0.7,22,1052,1024,46,6,34,40,0.3125,0.044921875,8146,0.994384765625,3711,0.45556101153940587,2094.3837890625,36.2900390625,14.92024093171901,0.06214058852522373,0.4530029296875,0.2392199351562425,0.24466691718750155,6,14,2.3333333333333335,12,2.2045822102425876,19,1930,0.0,2096.4310850439883,10,44,0.34375,0.2634465882812407,True
0.7,23,13752,1024,15,2,34,36,0.28125,0.0146484375,8177,0.9981689453125,3657,0.4472300354653296,470.9404296875,13.7216796875,21.40114385149161,0.42301435893295014,0.4464111328125,0.2392199351562425,0.24466691718750155,2,10,5.0,26,2.2333150984682715,10,1799,0.0,472.32419196865817,5,39,0.3046875,0.2634465882812407,True
0.7,24,37139,1024,3,1,34,35,0.2734375,0.0029296875,8189,0.9996337890625,4097,0.5003052875809012,22322.1748046875,130.8779296875,4.6434385610134505,0.04406427153450754,0.5001220703125,0.2392199351562425,0.24466691718750155,1,9,9.0,4,1.998779296875,8,2114,,22322.1748046875,4,38,0.296875,0.2634465882812407,True
0.7,25,29727,1024,29,4,34,38,0.296875,0.0283203125,8163,0.9964599609375,3916,0.47972559108171015,6597.787109375,65.0625,9.936820628012539,0.07233673077969606,0.47802734375,0.2392199351562425,0.24466691718750155,4,12,3.0,11,2.0891443167305237,19,2129,0.0,6604.236559139785,7,41,0.3203125,0.2634465882812407,True
0.7,26,41854,1024,34,5,34,39,0.3046875,0.033203125,8158,0.995849609375,3174,0.3890659475361608,615.4111328125,19.7060546875,20.23915012480513,0.2760479230603394,0.387451171875,0.2392199351562425,0.24466691718750155,5,13,2.6,20,2.575165458556571,8,1797,0.0,616.6154598825832,8,42,0.328125,0.2634465882812407,True
0.7,27,40333,1024,27,4,34,38,0.296875,0.0263671875,8165,0.9967041015625,4268,0.5227189222290264,9778.1181640625,90.0400390625,8.22825079659236,0.07323784409118901,0.52099609375,0.2392199351562425,0.24466691718750155,4,12,3.0,8,1.917740801499883,15,2018,0.0,9787.676441837732,7,41,0.3203125,0.2634465882812407,True
0.7,28,33248,1024,3,1,34,35,0.2734375,0.0029296875,8189,0.9996337890625,3277,0.4001709610453047,10005.841796875,80.859375,8.128267289292916,0.17856737380555399,0.4000244140625,0.2392199351562425,0.24466691718750155,1,9,9.0,375,2.385836385836386,8,1828,0.0,10476.464212678937,4,38,0.296875,0.2634465882812407,True
0.7,29,9680,1024,13,2,34,36,0.28125,0.0126953125,8179,0.9984130859375,3543,0.4331825406528916,10608.4228515625,73.9736328125,7.874295384912035,0.030131890430950485,0.4324951171875,0.2392199351562425,0.24466691718750155,2,10,5.0,13,2.308018068887634,7,1899,0.0,10618.792766373412,5,39,0.3046875,0.2634465882812407,True
0.7,30,16805,1024,17,3,34,37,0.2890625,0.0166015625,8175,0.9979248046875,3622,0.4430581039755352,1825.9482421875,34.4697265625,15.515918978837268,0.14311390455036443,0.442138671875,0.2392199351562425,0.24466691718750155,3,11,3.6666666666666665,12,2.258768296050815,13,1958,0.0,1827.733137829912,6,40,0.3125,0.2634465882812407,True
0.7,31,14652,1024,37,5,34,39,0.3046875,0.0361328125,8155,0.9954833984375,3417,0.4190067443286327,934.2060546875,25.7119140625,18.42637683198902,0.2611789235988924,0.4171142578125,0.2392199351562425,0.24466691718750155,5,13,2.6,20,2.3913934426229506,17,1814,0.0,936.0342465753424,8,42,0.328125,0.2634465882812407,True
0.7,32,15793,1024,11,2,34,36,0.28125,0.0107421875,8181,0.9986572265625,3213,0.3927392739273927,3614.861328125,38.09375,12.549887191502918,0.30996274237233107,0.3922119140625,0.2392199351562425,0.24466691718750155,2,10,5.0,39,2.537671232876712,8,1919,0.0,3629.0372549019608,5,39,0.3046875,0.2634465882812407,True
0.7,33,30210,1024,3,1,34,35,0.2734375,0.0029296875,8189,0.9996337890625,3420,0.4176334106728538,9034.0908203125,67.0029296875,8.571959086294397,0.308935108851516,0.41748046875,0.2392199351562425,0.24466691718750155,1,9,9.0,3,2.3942673296285464,69,1981,,9034.0908203125,4,38,0.296875,0.2634465882812407,True
0.7,34,47426,1024,28,4,34,38,0.296875,0.02734375,8164,0.99658203125,4395,0.5383390494855463,20917.7392578125,134.7900390625,4.925656157067081,0.03826256417150228,0.5364990234375,0.2392199351562425,0.24466691718750155,4,12,3.0,9,1.862084660901229,17,1926,0.0,20938.18670576735,7,41,0.3203125,0.2634465882812407,True
0.7,35,20875,1024,20,3,34,37,0.2890625,0.01953125,8172,0.99755859375,3672,0.44933920704845814,2796.634765625,38.4609375,13.664446087012017,0.09584386197401068,0.4482421875,0.2392199351562425,0.24466691718750155,3,11,3.6666666666666665,11,2.2282756742032146,15,1921,0.0,2799.3685239491692,6,40,0.3125,0.2634465882812407,True
0.7,36,4161,1024,23,3,34,37,0.2890625,0.0224609375,8169,0.9971923828125,3838,0.4698249479740482,12910.060546875,93.43359375,7.021520817996273,0.03214538454656799,0.468505859375,0.2392199351562425,0.24466691718750155,3,11,3.6666666666666665,13,2.1313526192337764,8,2029,0.0,12922.680351906158,6,40,0.3125,0.2634465882812407,True
0.7,37,40340,1024,14,2,34,36,0.28125,0.013671875,8178,0.998291015625,4078,0.4986549278552213,5673.314453125,62.357421875,10.592435051240695,0.15205513786752747,0.497802734375,0.2392199351562425,0.24466691718750155,2,10,5.0,12,2.006131959774344,10,1892,0.0,5678.860215053764,5,39,0.3046875,0.2634465882812407,True
0.7,38,28286,1024,49,7,34,41,0.3203125,0.0478515625,8143,0.9940185546875,3795,0.46604445536043226,7283.2939453125,64.6689453125,9.507525229373822,0.14967326744815546,0.4632568359375,0.2392199351562425,0.24466691718750155,7,15,2.142857142857143,27,2.151555086979441,9,2033,0.0,7304.694417238002,10,44,0.34375,0.2634465882812407,True
0.7,39,13256,1024,12,2,34,36,0.28125,0.01171875,8180,0.99853515625,3659,0.4473105134474328,2728.115234375,38.6484375,13.772176500901331,0.10120700391323714,0.4466552734375,0.2392199351562425,0.24466691718750155,2,10,5.0,13,2.235101148168398,13,1748,0.0,2730.7820136852397,5,39,0.3046875,0.2634465882812407,True
0.7,40,48934,1024,25,4,34,38,0.296875,0.0244140625,8167,0.9969482421875,3432,0.42022774580629363,8954.638671875,66.376953125,8.610322945216978,0.01866007006501971,0.4189453125,0.2392199351562425,0.24466691718750155,4,12,3.0,12,2.382978723404255,11,1871,0.0,8963.391984359727,7,41,0.3203125,0.2634465882812407,True
0.7,41,11935,1024,40,5,34,39,0.3046875,0.0390625,8152,0.9951171875,4484,0.5500490677134445,2544.0009765625,43.3837890625,14.075630871794178,0.10903998607838367,0.54736328125,0.2392199351562425,0.24466691718750155,5,13,2.6,18,1.8231095248717377,14,2007,0.0,2548.9794520547944,9,43,0.3359375,0.2634465882812407,True
0.7,42,48447,1024,18,3,34,37,0.2890625,0.017578125,8174,0.997802734375,3506,0.4289209689258625,831.9541015625,18.7744140625,18.929809936973577,0.15652456345382287,0.427978515625,0.2392199351562425,0.24466691718750155,3,11,3.6666666666666665,19,2.329243937232525,17,1579,0.0,833.582191780822,6,40,0.3125,0.2634465882812407,True
0.7,43,15492,1024,13,2,34,36,0.28125,0.0126953125,8179,0.9984130859375,3943,0.4820882748502262,2827.533203125,42.548828125,13.616726474121313,0.06959039697735674,0.4813232421875,0.2392199351562425,0.24466691718750155,2,10,5.0,10,2.0753424657534247,11,1971,0.0,2830.297165200391,5,39,0.3046875,0.2634465882812407,True
0.7,44,32513,1024,27,4,34,38,0.296875,0.0263671875,8165,0.9967041015625,3261,0.3993876301285977,2222.0478515625,39.0634765625,14.663269536772033,0.22197106756755522,0.3980712890625,0.2392199351562425,0.24466691718750155,4,12,3.0,10,2.509509202453988,13,1912,0.0,2224.2199413489734,7,41,0.3203125,0.2634465882812407,True
0.7,45,36099,1024,3,1,34,35,0.2734375,0.0029296875,8189,0.9996337890625,3813,0.4656246183905239,20775.7470703125,126.6787109375,4.955237114355471,0.08265445976338844,0.4654541015625,0.2392199351562425,0.24466691718750155,1,9,9.0,15,2.1445435466946483,8,2076,0.0,20796.055718475072,4,38,0.296875,0.2634465882812407,True
0.7,46,39260,1024,16,2,34,36,0.28125,0.015625,8176,0.998046875,2730,0.3339041095890411,1389.5966796875,26.6201171875,16.70191593134049,0.2586373420961973,0.333251953125,0.2392199351562425,0.24466691718750155,2,10,5.0,175,2.936973250274826,14,1663,0.0,1418.690927218345,5,39,0.3046875,0.2634465882812407,True
0.7,47,46517,1024,51,7,34,41,0.3203125,0.0498046875,8141,0.9937744140625,3841,0.47180936002948043,2100.6806640625,39.1318359375,14.90720322919926,0.252502300674325,0.4688720703125,0.2392199351562425,0.24466691718750155,7,15,2.142857142857143,30,2.125,16,1900,0.0,2106.853085210578,10,44,0.34375,0.2634465882812407,True
0.7,48,33095,1024,26,4,34,38,0.296875,0.025390625,8166,0.996826171875,3864,0.47318148420279205,5121.0029296875,57.9970703125,11.037253365768162,0.08366320488618281,0.4716796875,0.2392199351562425,0.24466691718750155,4,12,3.0,36,2.11079471913021,11,2141,0.0,5141.085294117647,7,41,0.3203125,0.2634465882812407,True
0.7,49,3,1024,27,4,34,38,0.296875,0.0263671875,8165,0.9967041015625,3739,0.45793018983466016,5077.017578125,63.353515625,11.07471693805737,0.0840112195520385,0.4564208984375,0.2392199351562425,0.24466691718750155,4,12,3.0,10,2.1886035313001604,8,2309,0.0,5081.980449657869,7,41,0.3203125,0.2634465882812407,True
0.7,50,21683,1024,14,2,34,36,0.28125,0.013671875,8178,0.998291015625,3739,0.4572022499388604,7997.3818359375,74.0537109375,9.101325289144441,0.03935595421949259,0.4564208984375,0.2392199351562425,0.24466691718750155,2,10,5.0,10,2.1886035313001604,10,2180,0.0,8005.199413489736,5,39,0.3046875,0.2634465882812407,True
0.7,51,13446,1024,22,3,34,37,0.2890625,0.021484375,8170,0.997314453125,4139,0.506609547123623,5838.4326171875,61.2470703125,10.467840885961422,0.043228836159809485,0.5052490234375,0.2392199351562425,0.24466691718750155,3,11,3.6666666666666665,12,1.9765587240212663,13,2126,0.0,5844.139784946236,6,40,0.3125,0.2634465882812407,True
0.7,52,49515,1024,15,2,34,36,0.28125,0.0146484375,8177,0.9981689453125,3660,0.44759691818515346,3359.677734375,43.173828125,12.86782739696797,0.18933747434066703,0.44677734375,0.2392199351562425,0.24466691718750155,2,10,5.0,47,2.2254714402842306,11,2076,0.0,3376.162904808636,5,39,0.3046875,0.2634465882812407,True
0.7,53,27943,1024,17,3,34,37,0.2890625,0.0166015625,8175,0.9979248046875,4095,0.5009174311926605,4589.5302734375,60.5458984375,11.51312121974039,0.09895839406537624,0.4998779296875,0.2392199351562425,0.24466691718750155,3,11,3.6666666666666665,11,1.9980459208597947,13,2030,0.0,4594.016617790811,5,39,0.3046875,0.2634465882812407,True
0.7,54,29059,1024,32,4,34,38,0.296875,0.03125,8160,0.99609375,4129,0.5060049019607843,4878.0556640625,61.0087890625,11.248336090769033,0.05468001925855493,0.5040283203125,0.2392199351562425,0.24466691718750155,4,12,3.0,9,1.9820736434108528,14,2063,0.0,4882.824046920821,8,42,0.328125,0.2634465882812407,True
0.7,55,32738,1024,21,3,34,37,0.2890625,0.0205078125,8171,0.9974365234375,3653,0.44706890221515116,1567.3369140625,27.1416015625,16.17917998610769,0.44139158589232824,0.4459228515625,0.2392199351562425,0.24466691718750155,3,11,3.6666666666666665,167,2.1971522453450163,16,1771,0.0,1598.5587649402391,6,40,0.3125,0.2634465882812407,True
0.7,56,445,1024,15,2,34,36,0.28125,0.0146484375,8177,0.9981689453125,3857,0.47168888345358934,6977.7451171875,65.4052734375,9.693652593586691,0.05287646827113784,0.4708251953125,0.2392199351562425,0.24466691718750155,2,10,5.0,28,2.116960580912863,12,2024,0.0,6998.247796278159,5,39,0.3046875,0.2634465882812407,True
0.7,57,32216,1024,31,4,34,38,0.296875,0.0302734375,8161,0.9962158203125,3915,0.47972062247273617,13649.7705078125,97.9951171875,6.779550111782061,0.05987801133752846,0.4779052734375,0.2392199351562425,0.24466691718750155,4,12,3.0,22,2.0868676545733265,7,2152,0.0,13676.482387475538,7,41,0.3203125,0.2634465882812407,True
0.7,58,18250,1024,17,3,34,37,0.2890625,0.0166015625,8175,0.9979248046875,4097,0.5011620795107034,1811.09375,34.1484375,15.551394290221756,0.08782324663529334,0.5001220703125,0.2392199351562425,0.24466691718750155,3,11,3.6666666666666665,30,1.9921875,19,1796,0.0,1816.4152791381,6,40,0.3125,0.2634465882812407,True
0.7,59,1684,1024,68,9,34,43,0.3359375,0.06640625,8124,0.99169921875,3720,0.45790251107828656,5392.068359375,55.1484375,10.813249714224053,0.03307088493169038,0.4541015625,0.2392199351562425,0.24466691718750155,9,17,1.8888888888888888,37,2.192524872277494,8,2036,0.0,5413.213725490196,12,46,0.359375,0.2634465882812407,True
0.7,60,2899,1024,19,3,34,37,0.2890625,0.0185546875,8173,0.9976806640625,3782,0.4627431787593295,5304.666015625,61.486328125,10.88422315163471,0.07430232174515919,0.461669921875,0.2392199351562425,0.24466691718750155,3,11,3.6666666666666665,19,2.161332980692938,7,1962,0.0,5315.0469667318985,6,40,0.3125,0.2634465882812407,True
0.7,61,39428,1024,3,1,34,35,0.2734375,0.0029296875,8189,0.9996337890625,3337,0.4074978629869337,6859.14453125,63.880859375,9.768104067536983,0.10716098862343396,0.4073486328125,0.2392199351562425,0.24466691718750155,1,9,9.0,5,2.453537170263789,8,1992,,6859.14453125,4,38,0.296875,0.2634465882812407,True
0.7,62,40758,1024,36,5,34,39,0.3046875,0.03515625,8156,0.99560546875,4359,0.5344531633153506,14731.7470703125,103.3564453125,6.4482610703248,0.02839181280545429,0.5321044921875,0.2392199351562425,0.24466691718750155,5,13,2.6,9,1.8760899495181276,10,2053,0.0,14746.14760508309,8,42,0.328125,0.2634465882812407,True
0.7,63,29154,1024,33,5,34,39,0.3046875,0.0322265625,8159,0.9959716796875,4002,0.49050128692241696,3679.6162109375,51.0263671875,12.472778373476812,0.09297369065343372,0.488525390625,0.2392199351562425,0.24466691718750155,5,13,2.6,11,2.0444888777805548,12,2008,0.0,3683.2130987292276,8,42,0.328125,0.2634465882812407,True
0.7,64,43958,1024,23,3,34,37,0.2890625,0.0224609375,8169,0.9971923828125,4043,0.4949198188272738,2420.7666015625,43.9189453125,14.291274419506827,0.1290076412054381,0.4935302734375,0.2392199351562425,0.24466691718750155,3,11,3.6666666666666665,9,2.0230084116773877,8,2068,0.0,2423.1329423264906,7,41,0.3203125,0.2634465882812407,True
0.7,65,33814,1024,3,1,34,35,0.2734375,0.0029296875,8189,0.9996337890625,4019,0.4907803150567835,20936.2744140625,127.8486328125,4.921809588530103,0.04112437663284123,0.4906005859375,0.2392199351562425,0.24466691718750155,1,9,9.0,4,2.037580886012942,8,2094,,20936.2744140625,4,38,0.296875,0.2634465882812407,True
0.7,66,34153,1024,9,2,34,36,0.28125,0.0087890625,8183,0.9989013671875,4307,0.5263350849321765,5821.5908203125,64.1162109375,10.480386837646652,0.08756868976644128,0.5257568359375,0.2392199351562425,0.24466691718750155,2,10,5.0,12,1.8992104040873201,21,1841,0.0,5827.281524926686,5,39,0.3046875,0.2634465882812407,True
0.7,67,43609,1024,81,11,34,45,0.3515625,0.0791015625,8111,0.9901123046875,4051,0.499445197879423,11796.5234375,82.94921875,7.413263259662509,0.04654905172279598,0.4945068359375,0.2392199351562425,0.24466691718750155,11,19,1.7272727272727273,20,2.0175308641975307,14,1962,0.0,11819.608610567515,14,48,0.375,0.2634465882812407,True
0.7,68,10762,1024,20,3,34,37,0.2890625,0.01953125,8172,0.99755859375,3881,0.47491434165442975,3495.2783203125,46.8037109375,12.695985976207208,0.05966750085846103,0.4737548828125,0.2392199351562425,0.24466691718750155,3,11,3.6666666666666665,87,2.0884020618556702,21,1910,0.0,3529.748520710059,6,40,0.3125,0.2634465882812407,True
0.7,69,17898,1024,53,7,34,41,0.3203125,0.0517578125,8139,0.9935302734375,3445,0.4232706720727362,1965.572265625,30.451171875,15.19591345281009,0.26192395865720514,0.4205322265625,0.2392199351562425,0.24466691718750155,7,15,2.142857142857143,35,2.368176538908246,16,1576,0.0,1973.2803921568627,10,44,0.34375,0.2634465882812407,True
0.7,70,43653,1024,10,2,34,36,0.28125,0.009765625,8182,0.998779296875,3357,0.410290882424835,12233.4765625,85.5546875,7.2553046659930445,0.006352912476954456,0.4097900390625,0.2392199351562425,0.24466691718750155,2,10,5.0,39,2.4287842669845054,9,1932,0.0,12281.450980392157,5,39,0.3046875,0.2634465882812407,True
0.7,71,14233,1024,25,4,34,38,0.296875,0.0244140625,8167,0.9969482421875,3798,0.46504224317374804,4090.0107421875,48.4716796875,12.01355912208581,0.055620430359208016,0.463623046875,0.2392199351562425,0.24466691718750155,4,12,3.0,13,2.1538056360284434,12,1847,0.0,4094.008797653959,7,41,0.3203125,0.2634465882812407,True
0.7,72,39520,1024,18,3,34,37,0.2890625,0.017578125,8174,0.997802734375,3917,0.4792023489111818,9913.7861328125,85.1455078125,8.168408151046322,0.07264814342100727,0.4781494140625,0.2392199351562425,0.24466691718750155,3,11,3.6666666666666665,13,2.088355464759959,14,2103,0.0,9923.477028347996,6,40,0.3125,0.2634465882812407,True
0.7,73,18138,1024,21,3,34,37,0.2890625,0.0205078125,8171,0.9974365234375,3836,0.46946518174030105,1823.2900390625,31.7763671875,15.52224601513458,0.18828577039351493,0.46826171875,0.2392199351562425,0.24466691718750155,3,11,3.6666666666666665,20,2.130638852672751,14,1737,0.0,1826.858121330724,6,40,0.3125,0.2634465882812407,True
0.7,74,9212,1024,13,2,34,36,0.28125,0.0126953125,8179,0.9984130859375,4400,0.5379630761706811,32107.0185546875,167.5498046875,3.064803818465321,0.019396200628578338,0.537109375,0.2392199351562425,0.24466691718750155,2,10,5.0,22,1.8570129574903387,13,1911,0.0,32169.850293542073,5,39,0.3046875,0.2634465882812407,True
0.7,75,6456,1024,45,6,34,40,0.3125,0.0439453125,8147,0.9945068359375,3771,0.4628697680127654,3019.5830078125,42.8271484375,13.331333880795881,0.10681900415247424,0.4603271484375,0.2392199351562425,0.24466691718750155,6,14,2.3333333333333335,27,2.1655172413793102,13,1903,0.0,3028.4554358472087,9,43,0.3359375,0.2634465882812407,True
0.7,76,22948,1024,13,2,34,36,0.28125,0.0126953125,8179,0.9984130859375,3740,0.45726861474507885,5565.013671875,51.560546875,10.676141252407454,0.24633194727340588,0.45654296875,0.2392199351562425,0.24466691718750155,2,10,5.0,38,2.180262102166355,11,1978,0.0,5586.8372549019605,5,39,0.3046875,0.2634465882812407,True
0.7,77,7591,1024,48,6,34,40,0.3125,0.046875,8144,0.994140625,3680,0.4518664047151277,5433.1103515625,62.6337890625,10.780318348167114,0.04517420833209639,0.44921875,0.2392199351562425,0.24466691718750155,6,14,2.3333333333333335,18,2.221527589018755,8,2083,0.0,5443.742661448141,10,44,0.34375,0.2634465882812407,True
0.7,78,29996,1024,21,3,34,37,0.2890625,0.0205078125,8171,0.9974365234375,3578,0.4378900991310733,6768.3056640625,65.3896484375,9.826003971817883,0.13816400319746663,0.436767578125,0.2392199351562425,0.24466691718750155,3,11,3.6666666666666665,52,2.2750908582611125,16,1865,0.0,6808.197445972495,6,40,0.3125,0.2634465882812407,True
0.7,79,10378,1024,14,2,34,36,0.28125,0.013671875,8178,0.998291015625,2944,0.3599902176571289,4305.2060546875,42.4599609375,11.790864184877183,0.03711392919546177,0.359375,0.2392199351562425,0.24466691718750155,2,10,5.0,22,2.7757390417940875,15,1772,0.0,4313.6311154598825,5,39,0.3046875,0.2634465882812407,True
0.7,80,27337,1024,10,2,34,36,0.28125,0.009765625,8182,0.998779296875,4638,0.5668540699095576,5691.5849609375,63.0693359375,10.57847137717519,0.18525132351179005,0.566162109375,0.2392199351562425,0.24466691718750155,2,10,5.0,13,1.7632089713176622,13,1925,0.0,5697.148582600195,5,39,0.3046875,0.2634465882812407,True
0.7,81,19965,1024,20,3,34,37,0.2890625,0.01953125,8172,0.99755859375,4287,0.5245961820851689,6316.00390625,58.521484375,10.12637970934077,0.07683260345328985,0.5233154296875,0.2392199351562425,0.24466691718750155,3,11,3.6666666666666665,21,1.9057396173588428,14,2148,0.0,6328.3639921722115,6,40,0.3125,0.2634465882812407,True
0.7,82,24405,1024,53,7,34,41,0.3203125,0.0517578125,8139,0.9935302734375,3775,0.46381619363558174,2760.08984375,40.59375,13.72157141842619,0.14020933000687535,0.4608154296875,0.2392199351562425,0.24466691718750155,7,15,2.142857142857143,12,2.1664016958134606,8,2081,0.0,2762.787878787879,11,45,0.3515625,0.2634465882812407,True
0.7,83,45135,1024,125,16,34,50,0.390625,0.1220703125,8067,0.9847412109375,4132,0.5122102392463121,7591.724609375,67.998046875,9.32739915241883,0.14072323353950195,0.50439453125,0.2392199351562425,0.24466691718750155,16,24,1.5,36,1.9740982812878238,9,2156,0.0,7621.496078431373,20,54,0.421875,0.2634465882812407,True
0.7,84,11274,1024,59,8,34,42,0.328125,0.0576171875,8133,0.9927978515625,3497,0.42997663838681915,5475.962890625,54.119140625,10.746198645124952,0.07188339034347072,0.4268798828125,0.2392199351562425,0.24466691718750155,8,16,2.0,43,2.3306636155606406,7,1948,0.0,5502.8321884200195,12,46,0.359375,0.2634465882812407,True
0.7,85,1941,1024,33,5,34,39,0.3046875,0.0322265625,8159,0.9959716796875,3999,0.4901335948032847,2319.728515625,35.9296875,14.47643199711944,0.1839475560357918,0.4881591796875,0.2392199351562425,0.24466691718750155,5,13,2.6,19,2.04352176088044,13,1727,0.0,2324.2681017612526,8,42,0.328125,0.2634465882812407,True
0.7,86,48940,1024,37,5,34,39,0.3046875,0.0361328125,8155,0.9954833984375,3560,0.43654199877375843,2786.82421875,40.69921875,13.679707847755164,0.09668861667341799,0.4345703125,0.2392199351562425,0.24466691718750155,5,13,2.6,10,2.298679404327058,7,2104,0.0,2789.548387096774,8,42,0.328125,0.2634465882812407,True
0.7,87,36794,1024,20,3,34,37,0.2890625,0.01953125,8172,0.99755859375,3967,0.4854380812530592,16040.693359375,106.607421875,6.078572241241025,0.030125712782489104,0.4842529296875,0.2392199351562425,0.24466691718750155,3,11,3.6666666666666665,46,2.05345436207766,18,1894,0.0,16119.401373895977,6,40,0.3125,0.2634465882812407,True
0.7,88,21994,1024,14,2,34,36,0.28125,0.013671875,8178,0.998291015625,3820,0.467106872095867,5751.001953125,63.388671875,10.533368457773552,0.07458200051484418,0.46630859375,0.2392199351562425,0.24466691718750155,2,10,5.0,12,2.14166012045038,14,2130,0.0,5756.623655913979,5,39,0.3046875,0.2634465882812407,True
0.7,89,49944,1024,23,3,34,37,0.2890625,0.0224609375,8169,0.9971923828125,3452,0.42257314236748683,3508.5576171875,43.2412109375,12.679517480033235,0.10940506058262048,0.42138671875,0.2392199351562425,0.24466691718750155,3,11,3.6666666666666665,47,2.35728774268328,14,1820,0.0,3525.7733071638863,6,40,0.3125,0.2634465882812407,True
0.7,90,43442,1024,16,2,34,36,0.28125,0.015625,8176,0.998046875,2820,0.3449119373776908,380.6162109375,12.1865234375,22.325930793583897,0.637139620520646,0.34423828125,0.2392199351562425,0.24466691718750155,2,10,5.0,31,2.8942887548776164,8,1368,0.0,381.7345739471107,5,39,0.3046875,0.2634465882812407,True
0.7,91,45096,1024,13,2,34,36,0.28125,0.0126953125,8179,0.9984130859375,3314,0.4051840078249175,948.73828125,22.01953125,18.359339363068152,0.2640604150554595,0.404541015625,0.2392199351562425,0.24466691718750155,2,10,5.0,20,2.466344702686387,12,1766,0.0,950.5949119373777,5,39,0.3046875,0.2634465882812407,True
0.7,92,42430,1024,24,3,34,37,0.2890625,0.0234375,8168,0.9970703125,3951,0.48371694417238004,408.9951171875,14.1650390625,22.01362237680087,0.41161487833830823,0.4822998046875,0.2392199351562425,0.24466691718750155,3,11,3.6666666666666665,61,2.057721518987342,24,1462,0.0,411.8102261553589,6,40,0.3125,0.2634465882812407,True
0.7,93,42255,1024,32,4,34,38,0.296875,0.03125,8160,0.99609375,4350,0.5330882352941176,5357.6748046875,64.3095703125,10.841040112104672,0.14295703276747138,0.531005859375,0.2392199351562425,0.24466691718750155,4,12,3.0,27,1.877213152448839,15,1867,0.0,5373.417238001959,8,42,0.328125,0.2634465882812407,True
0.7,94,5771,1024,3,1,34,35,0.2734375,0.0029296875,8189,0.9996337890625,4642,0.5668579802173648,30773.9658203125,161.4580078125,3.2489689377563016,0.028660498355079878,0.566650390625,0.2392199351562425,0.24466691718750155,1,9,9.0,23,1.7588881706528765,62,1885,0.0,30834.188845401175,4,38,0.296875,0.2634465882812407,True
0.7,95,8320,1024,44,6,34,40,0.3125,0.04296875,8148,0.99462890625,3708,0.45508100147275404,2042.1337890625,36.6455078125,15.029961696653915,0.08623325556038314,0.45263671875,0.2392199351562425,0.24466691718750155,6,14,2.3333333333333335,18,2.2047477744807122,9,1918,0.0,2046.1301369863013,10,44,0.34375,0.2634465882812407,True
0.7,96,48807,1024,25,4,34,38,0.296875,0.0244140625,8167,0.9969482421875,4045,0.4952859066976858,6804.794921875,67.6484375,9.802653195930848,0.09639157181922846,0.4937744140625,0.241452921875009,0.25186546640625807,4,12,3.0,11,2.022255192878338,15,1815,0.0,6811.446725317693,7,41,0.3203125,0.2482033999999942,True
0.7,97,2675,1024,40,5,34,39,0.3046875,0.0390625,8152,0.9951171875,3756,0.4607458292443572,1504.0751953125,31.2763671875,16.358108117845347,0.35827764537508044,0.45849609375,0.241452921875009,0.25186546640625807,5,13,2.6,38,2.170439414114514,9,1829,0.0,1509.9735294117647,8,42,0.328125,0.2482033999999942,True
0.7,98,37658,1024,55,7,34,41,0.3203125,0.0537109375,8137,0.9932861328125,3776,0.4640530908197124,13448.7216796875,88.7900390625,6.843993548820278,0.02702473093889527,0.4609375,0.241452921875009,0.25186546640625807,7,15,2.142857142857143,26,2.1629139072847683,14,2042,0.0,13488.238001958864,11,45,0.3515625,0.2482033999999942,True
0.7,99,45710,1024,15,2,34,36,0.28125,0.0146484375,8177,0.9981689453125,4388,0.5366271248624189,11636.9326171875,98.6416015625,7.472418412915419,0.07528741290503281,0.53564453125,0.241452921875009,0.25186546640625807,2,10,5.0,9,1.8648279006154547,11,1974,0.0,11648.307917888564,5,39,0.3046875,0.2482033999999942,True
0.7,100,15813,1024,19,3,34,37,0.2890625,0.0185546875,8173,0.9976806640625,3556,0.4350911537990946,1320.041015625,27.615234375,16.92492935281098,0.2572858019022897,0.43408203125,0.241452921875009,0.25186546640625807,3,11,3.6666666666666665,12,2.30070323488045,11,1657,0.0,1321.3313782991202,6,40,0.3125,0.2482033999999942,True
0.7,101,7135,1024,44,6,34,40,0.3125,0.04296875,8148,0.99462890625,3681,0.45176730486008837,6089.677734375,59.8359375,10.284860504823046,0.06023527230178925,0.4493408203125,0.241452921875009,0.25186546640625807,6,14,2.3333333333333335,12,2.2225543478260867,14,1840,0.0,6095.630498533725,9,43,0.3359375,0.2482033999999942,True
0.7,102,31775,1024,14,2,34,36,0.28125,0.013671875,8178,0.998291015625,3815,0.46649547566642213,4990.2197265625,67.1591796875,11.149606922119117,0.19411120932083759,0.4656982421875,0.241452921875009,0.25186546640625807,2,10,5.0,9,2.1447299423177766,9,2381,0.0,4995.097751710655,5,39,0.3046875,0.2482033999999942,True
0.7,103,31772,1024,23,3,34,37,0.2890625,0.0224609375,8169,0.9971923828125,4011,0.4910025706940874,9725.8642578125,83.4287109375,8.251521569656287,0.0668370901695517,0.4896240234375,0.241452921875009,0.25186546640625807,3,11,3.6666666666666665,12,2.039650872817955,9,2129,0.0,9735.371456500488,7,41,0.3203125,0.2482033999999942,True
0.7,104,25160,1024,59,8,34,42,0.328125,0.0576171875,8133,0.9927978515625,3814,0.4689536456412148,4510.423828125,46.73828125,11.588630079993344,0.16271746800406442,0.465576171875,0.241452921875009,0.25186546640625807,8,16,2.0,20,2.1418830317335433,12,1837,0.0,4519.250489236791,11,45,0.3515625,0.2482033999999942,True
0.7,105,36108,1024,16,2,34,36,0.28125,0.015625,8176,0.998046875,3591,0.4392123287671233,3673.1728515625,52.4814453125,12.480389950836093,0.0970970245180663,0.4383544921875,0.241452921875009,0.25186546640625807,2,10,5.0,28,2.2735376044568247,8,2056,0.0,3683.965719882468,5,39,0.3046875,0.2482033999999942,True
0.7,106,1260,1024,65,9,34,43,0.3359375,0.0634765625,8127,0.9920654296875,3399,0.41823551125876707,4525.8642578125,48.9892578125,11.573788366506687,0.06604266500223012,0.4149169921875,0.241452921875009,0.25186546640625807,9,17,1.8888888888888888,12,2.40670982931136,7,1934,0.0,4530.288367546432,11,45,0.3515625,0.2482033999999942,True
0.7,107,37885,1024,23,3,34,37,0.2890625,0.0224609375,8169,0.9971923828125,3819,0.4674990818949688,8827.712890625,78.484375,8.672321609869165,0.03609716289849688,0.4661865234375,0.241452921875009,0.25186546640625807,3,11,3.6666666666666665,37,2.135673127291776,7,2115,0.0,8862.331372549019,7,41,0.3203125,0.2482033999999942,True
0.7,108,41535,1024,3,1,34,35,0.2734375,0.0029296875,8189,0.9996337890625,3583,0.43753816094761266,19386.240234375,122.7890625,5.255867706541303,0.0897188649870212,0.4373779296875,0.241452921875009,0.25186546640625807,1,9,9.0,127,2.2445561139028474,11,1936,0.0,19674.44003964321,4,38,0.296875,0.2482033999999942,True
0.7,109,44889,1024,40,5,34,39,0.3046875,0.0390625,8152,0.9951171875,3830,0.4698233562315996,2805.2666015625,38.9892578125,13.651062196659344,0.06633971642905555,0.467529296875,0.241452921875009,0.25186546640625807,5,13,2.6,37,2.1295377383128753,20,1715,0.0,2816.2676470588235,8,42,0.328125,0.2482033999999942,True
0.7,110,28184,1024,56,7,34,41,0.3203125,0.0546875,8136,0.9931640625,4054,0.49827925270403145,3575.587890625,51.880859375,12.597329030765858,0.20450018358364583,0.494873046875,0.241452921875009,0.25186546640625807,7,15,2.142857142857143,9,2.0182580804342463,7,2279,0.0,3579.0830889540566,11,45,0.3515625,0.2482033999999942,True
0.7,111,25319,1024,21,3,34,37,0.2890625,0.0205078125,8171,0.9974365234375,4306,0.5269856810671888,3482.4482421875,50.1162109375,12.711956904163898,0.07938249084941387,0.525634765625,0.241452921875009,0.25186546640625807,3,11,3.6666666666666665,11,1.899651567944251,22,1973,0.0,3485.852394916911,6,40,0.3125,0.2482033999999942,True
0.7,112,11010,1024,47,6,34,40,0.3125,0.0458984375,8145,0.9942626953125,4342,0.5330877839165132,7788.791015625,78.837890625,9.216103096126085,0.12268424157846501,0.530029296875,0.241452921875009,0.25186546640625807,6,14,2.3333333333333335,36,1.8783690393918453,15,2007,0.0,7819.335294117647,10,44,0.34375,0.2482033999999942,True
0.7,113,33880,1024,12,2,34,36,0.28125,0.01171875,8180,0.99853515625,3231,0.3949877750611247,952.9677734375,21.6787109375,18.340021465411375,0.1327706522583608,0.3944091796875,0.241452921875009,0.25186546640625807,2,10,5.0,8,2.53343653250774,12,1790,0.0,953.8993157380254,5,39,0.3046875,0.2482033999999942,True
0.7,114,19307,1024,17,3,34,37,0.2890625,0.0166015625,8175,0.9979248046875,3668,0.44868501529051985,1805.3447265625,35.4677734375,15.565202191418667,0.16423478834533806,0.44775390625,0.241452921875009,0.25186546640625807,3,11,3.6666666666666665,47,2.2208890100899916,7,2063,0.0,1814.2031403336605,5,39,0.3046875,0.2482033999999942,True
0.7,115,12236,1024,3,1,34,35,0.2734375,0.0029296875,8189,0.9996337890625,2107,0.2572963731835389,6252.1591796875,45.1962890625,10.170503342623045,0.0683359819917323,0.2572021484375,0.241452921875009,0.25186546640625807,1,9,9.0,15,3.848053181386515,8,1283,0.0,6258.270772238514,4,38,0.296875,0.2482033999999942,True
0.7,116,13805,1024,25,4,34,38,0.296875,0.0244140625,8167,0.9969482421875,4519,0.5533243541079956,18067.3310546875,126.8642578125,5.561863584912892,0.07721328582352227,0.5516357421875,0.241452921875009,0.25186546640625807,4,12,3.0,9,1.8105356352368305,12,2187,0.0,18084.992179863148,7,41,0.3203125,0.2482033999999942,True
0.7,117,5814,1024,20,3,34,37,0.2890625,0.01953125,8172,0.99755859375,3603,0.4408957415565345,6200.40625,62.36328125,10.206602155062308,0.06751323608028831,0.4398193359375,0.241452921875009,0.25186546640625807,3,11,3.6666666666666665,45,2.261521377012771,9,2007,0.0,6230.830225711482,6,40,0.3125,0.2482033999999942,True
0.7,118,48485,1024,15,2,34,36,0.28125,0.0146484375,8177,0.9981689453125,3709,0.4535893359422771,5924.8486328125,62.0400390625,10.404031013374983,0.05612857973338643,0.4527587890625,0.241452921875009,0.25186546640625807,2,10,5.0,9,2.2057713052858685,13,2065,0.0,5930.64027370479,5,39,0.3046875,0.2482033999999942,True
0.7,119,12248,1024,3,1,34,35,0.2734375,0.0029296875,8189,0.9996337890625,3404,0.4156795701550861,15032.712890625,96.7734375,6.360429979050716,0.04075705209861439,0.41552734375,0.241452921875009,0.25186546640625807,1,9,9.0,13,2.4025859535703793,9,1894,0.0,15047.407624633432,4,38,0.296875,0.2482033999999942,True
0.7,120,458,1024,22,3,34,37,0.2890625,0.021484375,8170,0.997314453125,4142,0.5069767441860465,2405.34375,39.78515625,14.319032102785805,0.08675028788390388,0.505615234375,0.241452921875009,0.25186546640625807,3,11,3.6666666666666665,16,1.973194880463656,13,1877,0.0,2410.0508806262233,6,40,0.3125,0.2482033999999942,True
0.7,121,319,1024,3,1,34,35,0.2734375,0.0029296875,8189,0.9996337890625,4012,0.4899255098302601,19421.4580078125,113.6533203125,5.24798530714103,0.03766062035883091,0.48974609375,0.241452921875009,0.25186546640625807,1,9,9.0,3,2.0413861879830466,9,2042,,19421.4580078125,4,38,0.296875,0.2482033999999942,True
0.7,122,21496,1024,30,4,34,38,0.296875,0.029296875,8162,0.996337890625,3652,0.4474393530997305,7258.927734375,68.873046875,9.5220788802411,0.0875255171100185,0.44580078125,0.241452921875009,0.25186546640625807,4,12,3.0,38,2.233086825527253,19,1929,0.0,7287.394117647059,7,41,0.3203125,0.2482033999999942,True
0.7,123,20390,1024,42,6,34,40,0.3125,0.041015625,8150,0.994873046875,4177,0.5125153374233129,3285.33203125,46.6015625,12.96501092892137,0.15278860089624272,0.5098876953125,0.241452921875009,0.25186546640625807,6,14,2.3333333333333335,12,1.9585727969348659,8,2257,0.0,3288.5434995112414,9,43,0.3359375,0.2482033999999942,True
0.7,124,33691,1024,24,3,34,37,0.2890625,0.0234375,8168,0.9970703125,4680,0.5729676787463271,2762.4814453125,36.5830078125,13.717809911794333,0.10411352091093941,0.5712890625,0.241452921875009,0.25186546640625807,3,11,3.6666666666666665,21,1.745885873049797,36,1673,0.0,2767.8874755381603,6,40,0.3125,0.2482033999999942,True
0.7,125,33872,1024,12,2,34,36,0.28125,0.01171875,8180,0.99853515625,4017,0.4910757946210269,7652.111328125,75.431640625,9.29299081054908,0.06583840101750656,0.4903564453125,0.241452921875009,0.25186546640625807,2,10,5.0,12,2.0366035856573705,13,2182,0.0,7659.591397849463,5,39,0.3046875,0.2482033999999942,True
0.7,126,46987,1024,13,2,34,36,0.28125,0.0126953125,8179,0.9984130859375,4359,0.5329502384154542,2520.1748046875,45.4853515625,14.116496954521365,0.3115732283920439,0.5321044921875,0.241452921875009,0.25186546640625807,2,10,5.0,15,1.8760899495181276,16,2089,0.0,2522.6383186705766,5,39,0.3046875,0.2482033999999942,True
0.7,127,26772,1024,65,9,34,43,0.3359375,0.0634765625,8127,0.9920654296875,3720,0.45773348098929495,5673.666015625,57.0,10.592165937084266,0.09426488561049343,0.4541015625,0.241452921875009,0.25186546640625807,9,17,1.8888888888888888,18,2.197364883033073,9,1980,0.0,5684.769080234833,12,46,0.359375,0.2482033999999942,True
0.7,128,7057,1024,21,3,34,37,0.2890625,0.0205078125,8171,0.9974365234375,3578,0.4378900991310733,12343.578125,89.58203125,7.216392907418125,0.04055804491861842,0.436767578125,0.241452921875009,0.25186546640625807,3,11,3.6666666666666665,21,2.284036902432206,8,1956,0.0,12367.73385518591,6,40,0.3125,0.2482033999999942,True
0.7,129,30014,1024,3,1,34,35,0.2734375,0.0029296875,8189,0.9996337890625,4229,0.5164244718524851,25428.4638671875,147.7705078125,4.077602356176559,0.057900275035140294,0.5162353515625,0.241452921875009,0.25186546640625807,1,9,9.0,3,1.9366130558183539,9,2221,,25428.4638671875,4,38,0.296875,0.2482033999999942,True
0.7,130,48237,1024,38,5,34,39,0.3046875,0.037109375,8154,0.995361328125,3857,0.47301937699288693,1775.9072265625,34.7939453125,15.636600863872406,0.16800324477674175,0.4708251953125,0.241452921875009,0.25186546640625807,5,13,2.6,29,2.116182572614108,12,2251,0.0,1781.1253672869736,9,43,0.3359375,0.2482033999999942,True
0.7,131,4823,1024,29,4,34,38,0.296875,0.0283203125,8163,0.9964599609375,4007,0.4908734533872351,11107.8154296875,91.7626953125,7.674517060783293,0.11338193207013236,0.4891357421875,0.241452921875009,0.25186546640625807,4,12,3.0,23,2.0389415876185724,15,2137,0.0,11129.552837573385,7,41,0.3203125,0.2482033999999942,True
0.7,132,26627,1024,31,4,34,38,0.296875,0.0302734375,8161,0.9962158203125,3895,0.4772699424090185,2688.0615234375,42.2666015625,13.836411563880421,0.09963692785888506,0.4754638671875,0.241452921875009,0.25186546640625807,4,12,3.0,46,2.091422701592193,12,1955,0.0,2701.251226692836,7,41,0.3203125,0.2482033999999942,True
0.7,133,12293,1024,12,2,34,36,0.28125,0.01171875,8180,0.99853515625,3891,0.4756723716381418,3136.5263671875,44.0166015625,13.166314180856133,0.06780957072439693,0.4749755859375,0.241452921875009,0.25186546640625807,2,10,5.0,11,2.102827763496144,19,1884,0.0,3139.592375366569,5,39,0.3046875,0.2482033999999942,True
0.7,134,32803,1024,24,3,34,37,0.2890625,0.0234375,8168,0.9970703125,3304,0.40450538687561216,549.7763671875,19.1064453125,20.728942936410245,0.23265756455005981,0.4033203125,0.241452921875009,0.25186546640625807,3,11,3.6666666666666665,34,2.4686648501362396,7,1823,0.0,551.9323529411764,6,40,0.3125,0.2482033999999942,True
0.7,135,41882,1024,13,2,34,36,0.28125,0.0126953125,8179,0.9984130859375,3994,0.48832375596038635,10716.5126953125,84.5595703125,7.830268780837728,0.17309934556444487,0.487548828125,0.241452921875009,0.25186546640625807,2,10,5.0,13,2.047833708990734,14,1929,0.0,10726.988269794721,5,39,0.3046875,0.2482033999999942,True
0.7,136,10235,1024,25,4,34,38,0.296875,0.0244140625,8167,0.9969482421875,4001,0.489898371495041,5818.2568359375,69.6064453125,10.482874724256806,0.14922308678390012,0.4884033203125,0.241452921875009,0.25186546640625807,4,12,3.0,13,2.0445,8,2380,0.0,5823.944281524927,7,41,0.3203125,0.2482033999999942,True
0.7,137,30033,1024,31,4,34,38,0.296875,0.0302734375,8161,0.9962158203125,4128,0.5058203651513294,3662.4892578125,52.0771484375,12.493040013022213,0.06170108761757377,0.50390625,0.241452921875009,0.25186546640625807,4,12,3.0,20,1.9796462321298764,14,2073,0.0,3669.656555772994,7,41,0.3203125,0.2482033999999942,True
0.7,138,20042,1024,13,2,34,36,0.28125,0.0126953125,8179,0.9984130859375,4229,0.5170558748013204,2951.6552734375,45.6708984375,13.430147264113746,0.04501421529873138,0.5162353515625,0.241452921875009,0.25186546640625807,2,10,5.0,19,1.93282876064333,15,1863,0.0,2957.431506849315,5,39,0.3046875,0.2482033999999942,True
0.7,139,29399,1024,14,2,34,36,0.28125,0.013671875,8178,0.998291015625,3820,0.467106872095867,5335.8037109375,54.2216796875,10.858805161259628,0.13199205194189115,0.46630859375,0.241452921875009,0.25186546640625807,2,10,5.0,9,2.1421838177533385,17,1844,0.0,5341.019550342131,5,39,0.3046875,0.2482033999999942,True
0.7,140,6463,1024,22,3,34,37,0.2890625,0.021484375,8170,0.997314453125,4480,0.5483476132190942,3216.8984375,46.05859375,13.056430111035194,0.06449302144702808,0.546875,0.241452921875009,0.25186546640625807,3,11,3.6666666666666665,11,1.8260772493860236,19,1903,0.0,3220.043010752688,6,40,0.3125,0.2482033999999942,True
0.7,141,25920,1024,21,3,34,37,0.2890625,0.0205078125,8171,0.9974365234375,3174,0.388446946518174,926.4853515625,20.7646484375,18.462418036845175,0.48319485304901993,0.387451171875,0.241452921875009,0.25186546640625807,3,11,3.6666666666666665,38,2.5694925937598487,20,1674,0.0,930.1186274509804,6,40,0.3125,0.2482033999999942,True
0.7,142,10327,1024,3,1,34,35,0.2734375,0.0029296875,8189,0.9996337890625,4214,0.5145927463670777,22041.005859375,140.28125,4.698489508511291,0.03909978369539226,0.514404296875,0.241452921875009,0.25186546640625807,1,9,9.0,12,1.9406598623308806,9,2191,0.0,22062.551319648093,4,38,0.296875,0.2482033999999942,True
0.7,143,3805,1024,38,5,34,39,0.3046875,0.037109375,8154,0.995361328125,3544,0.4346333088054942,1246.71484375,25.939453125,17.173132305230496,0.10038989560429448,0.4326171875,0.241452921875009,0.25186546640625807,5,13,2.6,29,2.302850691504375,15,1793,0.0,1250.3780607247795,8,42,0.328125,0.2482033999999942,True
0.7,144,37879,1024,30,4,34,38,0.296875,0.029296875,8162,0.996337890625,4879,0.597770154373928,6952.517578125,78.498046875,9.709382652989136,0.35364584950556216,0.5955810546875,0.241452921875009,0.25186546640625807,4,12,3.0,35,1.671791717917179,11,2126,0.0,6979.782352941176,7,41,0.3203125,0.2482033999999942,True
0.7,145,22721,1024,20,3,34,37,0.2890625,0.01953125,8172,0.99755859375,3991,0.48837493881546745,3753.185546875,48.138671875,12.386803256336073,0.14560739157324407,0.4871826171875,0.241452921875009,0.25186546640625807,3,11,3.6666666666666665,29,2.0456140350877194,7,2166,0.0,3764.213516160627,6,40,0.3125,0.2482033999999942,True
0.7,146,43932,1024,16,2,34,36,0.28125,0.015625,8176,0.998046875,3807,0.46563111545988256,13107.990234375,95.259765625,6.955442517125485,0.02567273727366435,0.4647216796875,0.241452921875009,0.25186546640625807,2,10,5.0,22,2.145559642669469,7,2089,0.0,13133.641878669276,6,40,0.3125,0.2482033999999942,True
0.7,147,47270,1024,59,8,34,42,0.328125,0.0576171875,8133,0.9927978515625,4043,0.49711053731710314,3602.6494140625,49.7685546875,12.564583593465619,0.0684696338388418,0.4935302734375,0.241452921875009,0.25186546640625807,8,16,2.0,27,2.019792182088075,15,1950,0.0,3613.2350636630754,11,45,0.3515625,0.2482033999999942,True
0.7,148,11091,1024,67,9,34,43,0.3359375,0.0654296875,8125,0.9918212890625,4021,0.4948923076923077,6426.5576171875,70.9404296875,10.051019553136342,0.10497146191452657,0.4908447265625,0.241452921875009,0.25186546640625807,9,17,1.8888888888888888,17,2.033084577114428,8,2315,0.0,6439.134050880626,12,46,0.359375,0.2482033999999942,True
0.7,149,9736,1024,19,3,34,37,0.2890625,0.0185546875,8173,0.9976806640625,4525,0.5536522696684204,1155.3408203125,27.4970703125,17.503702428329845,0.14285782210297585,0.5523681640625,0.241452921875009,0.25186546640625807,3,11,3.6666666666666665,29,1.8034924845269673,23,1714,0.0,1158.73555337904,6,40,0.3125,0.2482033999999942,True
0.7,150,23206,1024,10,2,34,36,0.28125,0.009765625,8182,0.998779296875,4210,0.5145441212417502,6004.30859375,58.359375,10.346173559910985,0.15973431483924477,0.513916015625,0.241452921875009,0.25186546640625807,2,10,5.0,9,1.9436920883820386,11,2249,0.0,6010.177908113392,5,39,0.3046875,0.2482033999999942,True
0.7,151,25039,1024,32,4,34,38,0.296875,0.03125,8160,0.99609375,3862,0.4732843137254902,3629.5947265625,47.4228515625,12.532222255958633,0.07590240571815213,0.471435546875,0.241452921875009,0.25186546640625807,4,12,3.0,9,2.1191401191401193,15,1799,0.0,3633.142717497556,8,42,0.328125,0.2482033999999942,True
0.7,152,21014,1024,3,1,34,35,0.2734375,0.0029296875,8189,0.9996337890625,2912,0.35559897423372816,17491.58984375,96.634765625,5.702510757466874,0.045170081610979684,0.35546875,0.241452921875009,0.25186546640625807,1,9,9.0,87,2.750944692545517,8,1577,0.0,17664.090729783038,4,38,0.296875,0.2482033999999942,True
0.7,153,32412,1024,20,3,34,37,0.2890625,0.01953125,8172,0.99755859375,3693,0.45190895741556536,3177.6103515625,47.9052734375,13.109797192681473,0.11448228584649318,0.4508056640625,0.241452921875009,0.25186546640625807,3,11,3.6666666666666665,10,2.2158721560130012,9,1905,0.0,3180.7165200391005,6,40,0.3125,0.2482033999999942,True
0.7,154,34022,1024,18,3,34,37,0.2890625,0.017578125,8174,0.997802734375,4213,0.5154147296305358,816.916015625,21.564453125,19.009029503886726,0.2552275843428623,0.5142822265625,0.241452921875009,0.25186546640625807,3,11,3.6666666666666665,29,1.9377967711301045,17,1707,0.0,819.3163565132223,6,40,0.3125,0.2482033999999942,True
0.7,155,21369,1024,17,3,34,37,0.2890625,0.0166015625,8175,0.9979248046875,3394,0.41516819571865443,5355.3564453125,47.6103515625,10.842919786822039,0.1280978064501132,0.414306640625,0.241452921875009,0.25186546640625807,3,11,3.6666666666666665,11,2.4096669613910993,15,1804,0.0,5360.591397849463,6,40,0.3125,0.2482033999999942,True
0.7,156,41654,1024,21,3,34,37,0.2890625,0.0205078125,8171,0.9974365234375,3861,0.472524782768327,6494.828125,67.361328125,10.00512698199701,0.04466359061933079,0.4713134765625,0.241452921875009,0.25186546640625807,3,11,3.6666666666666665,47,2.1095854922279793,9,2066,0.0,6526.696761530912,6,40,0.3125,0.2482033999999942,True
0.7,157,11953,1024,3,1,34,35,0.2734375,0.0029296875,8189,0.9996337890625,3910,0.4774697765294908,24389.4921875,139.6796875,4.258776028855657,0.06422202619835923,0.477294921875,0.241452921875009,0.25186546640625807,1,9,9.0,14,2.091327705295472,8,2023,0.0,24413.333333333332,4,38,0.296875,0.2482033999999942,True
0.7,158,13700,1024,28,4,34,38,0.296875,0.02734375,8164,0.99658203125,4490,0.5499755022048015,9629.845703125,87.908203125,8.294610322914785,0.1135158218313363,0.548095703125,0.241452921875009,0.25186546640625807,4,12,3.0,28,1.8182223212296724,15,1945,0.0,9658.141038197846,7,41,0.3203125,0.2482033999999942,True
0.7,159,38205,1024,17,3,34,37,0.2890625,0.0166015625,8175,0.9979248046875,3567,0.4363302752293578,5388.251953125,50.552734375,10.816324658560161,0.14096900859506076,0.4354248046875,0.241452921875009,0.25186546640625807,3,11,3.6666666666666665,21,2.291082445316882,13,1834,0.0,5398.796477495108,6,40,0.3125,0.2482033999999942,True
0.7,160,40129,1024,292,37,34,71,0.5546875,0.28515625,7900,0.96435546875,2959,0.37455696202531646,284.669921875,12.197265625,23.587387787009085,0.3133940902803877,0.3612060546875,0.241452921875009,0.25186546640625807,37,17,0.4594594594594595,12,2.765043948613928,7,1722,0.0,284.9481915933529,29,63,0.4921875,0.2482033999999942,True
0.7,161,17080,1024,97,13,34,47,0.3671875,0.0947265625,8095,0.9881591796875,3719,0.4594193946880791,2689.6572265625,39.5634765625,13.83383424396282,0.09731828828371236,0.4539794921875,0.241452921875009,0.25186546640625807,13,16,1.2307692307692308,63,2.1861215707369555,14,1831,0.0,2708.1701081612587,12,46,0.359375,0.2482033999999942,True
0.7,162,1505,1024,3,1,34,35,0.2734375,0.0029296875,8189,0.9996337890625,4163,0.5083648797166931,23205.1796875,138.30859375,4.474954251743751,0.028226393042684515,0.5081787109375,0.241452921875009,0.25186546640625807,1,9,9.0,3,1.9673234022104757,10,2082,,23205.1796875,4,38,0.296875,0.2482033999999942,True
0.7,163,36391,1024,13,2,34,36,0.28125,0.0126953125,8179,0.9984130859375,4022,0.49174715735419977,5565.5078125,60.068359375,10.675755641459821,0.07165487611185428,0.490966796875,0.241452921875009,0.25186546640625807,2,10,5.0,11,2.0340711265854265,14,2201,0.0,5570.948191593353,5,39,0.3046875,0.2482033999999942,True
0.7,164,24660,1024,16,2,34,36,0.28125,0.015625,8176,0.998046875,3896,0.4765166340508806,4461.4892578125,51.8896484375,11.636005092207514,0.1139217756162269,0.4755859375,0.241452921875009,0.25186546640625807,2,10,5.0,11,2.1001283697047497,12,1948,0.0,4465.850439882698,5,39,0.3046875,0.2482033999999942,True
0.7,165,24061,1024,3,1,34,35,0.2734375,0.0029296875,8189,0.9996337890625,3351,0.4092074734399805,5192.2138671875,55.9365234375,10.977277881259685,0.14884248328518646,0.4090576171875,0.241452921875009,0.25186546640625807,1,9,9.0,4,2.4435820895522387,8,1879,,5192.2138671875,4,38,0.296875,0.2482033999999942,True
0.7,166,10964,1024,15,2,34,36,0.28125,0.0146484375,8177,0.9981689453125,4174,0.5104561575149811,6612.0234375,68.982421875,9.927459765312834,0.11032357650969511,0.509521484375,0.241452921875009,0.25186546640625807,2,10,5.0,13,1.9597411933860531,11,1929,0.0,6618.486803519061,5,39,0.3046875,0.2482033999999942,True
0.7,167,20807,1024,21,3,34,37,0.2890625,0.0205078125,8171,0.9974365234375,4132,0.5056908579121283,4159.0654296875,57.3798828125,11.940846082046557,0.06296409387132672,0.50439453125,0.241452921875009,0.25186546640625807,3,11,3.6666666666666665,9,1.9803921568627452,13,2119,0.0,4163.1309872922775,6,40,0.3125,0.2482033999999942,True
0.7,168,33388,1024,29,4,34,38,0.296875,0.0283203125,8163,0.9964599609375,4152,0.5086365306872473,4242.8798828125,54.3056640625,11.854196239328115,0.041116454726233535,0.5068359375,0.241452921875009,0.25186546640625807,4,12,3.0,13,1.9689231510479404,13,1998,0.0,4247.027370478983,7,41,0.3203125,0.2482033999999942,True
0.7,169,34571,1024,3,1,34,35,0.2734375,0.0029296875,8189,0.9996337890625,3927,0.479545732079619,23184.30859375,121.34765625,4.47886212044174,0.027037953415993205,0.4793701171875,0.241452921875009,0.25186546640625807,1,9,9.0,5,2.0850738665308204,10,1836,,23184.30859375,4,38,0.296875,0.2482033999999942,True
0.7,170,21194,1024,13,2,34,36,0.28125,0.0126953125,8179,0.9984130859375,3555,0.4346497126788116,5892.859375,55.69921875,10.427542834907689,0.1447251375424476,0.4339599609375,0.241452921875009,0.25186546640625807,2,10,5.0,18,2.299662352279122,11,1850,0.0,5904.391389432485,5,39,0.3046875,0.2482033999999942,True
0.7,171,32696,1024,36,5,34,39,0.3046875,0.03515625,8156,0.99560546875,4154,0.5093182932810201,17785.1455078125,123.9736328125,5.6302293818437175,0.07901439546133197,0.507080078125,0.241452921875009,0.25186546640625807,5,13,2.6,9,1.9699012761858896,14,2059,0.0,17802.530791788857,9,43,0.3359375,0.2482033999999942,True
0.7,172,46005,1024,22,3,34,37,0.2890625,0.021484375,8170,0.997314453125,2759,0.33769889840881273,431.7080078125,14.6259765625,21.778902563475565,0.5630957539445502,0.3367919921875,0.241452921875009,0.25186546640625807,3,11,3.6666666666666665,30,2.9583031182015955,9,1461,0.0,432.9764936336925,6,40,0.3125,0.2482033999999942,True
0.7,173,19269,1024,23,3,34,37,0.2890625,0.0224609375,8169,0.9971923828125,2746,0.3361488554290611,3231.6025390625,36.8173828125,13.0366242018449,0.434053409334201,0.335205078125,0.241452921875009,0.25186546640625807,3,11,3.6666666666666665,87,2.9522768670309656,8,1751,0.0,3263.4723865877713,7,41,0.3203125,0.2482033999999942,True
0.7,174,5503,1024,39,5,34,39,0.3046875,0.0380859375,8153,0.9952392578125,3715,0.4556604930700356,3488.5908203125,44.0146484375,12.704303271898002,0.08106757121650351,0.4534912109375,0.241452921875009,0.25186546640625807,5,13,2.6,9,2.202477113624125,15,1976,0.0,3492.0009775171065,8,42,0.328125,0.2482033999999942,True
0.7,175,32979,1024,11,2,34,36,0.28125,0.0107421875,8181,0.9986572265625,3792,0.4635130179684635,10115.5859375,82.783203125,8.0808931686016,0.052879604396637706,0.462890625,0.241452921875009,0.25186546640625807,2,10,5.0,9,2.1582695858612504,14,2075,0.0,10125.474095796677,5,39,0.3046875,0.2482033999999942,True
0.7,176,32764,1024,27,4,34,38,0.296875,0.0263671875,8165,0.9967041015625,4125,0.5052051439069197,2044.216796875,36.4140625,15.025534084005123,0.10128157522725519,0.5035400390625,0.241452921875009,0.25186546640625807,4,12,3.0,20,1.981328806983511,13,1841,0.0,2048.2172211350294,7,41,0.3203125,0.2482033999999942,True
0.7,177,36396,1024,38,5,34,39,0.3046875,0.037109375,8154,0.995361328125,3967,0.48650968849644344,5106.9501953125,62.9619140625,11.049187383768553,0.19653053271347815,0.4842529296875,0.241452921875009,0.25186546640625807,5,13,2.6,13,2.0620272314674737,8,2344,0.0,5111.942326490714,9,43,0.3359375,0.2482033999999942,True
0.7,178,16139,1024,19,3,34,37,0.2890625,0.0185546875,8173,0.9976806640625,3779,0.4623761164810963,1102.6396484375,21.4990234375,17.706467561927912,0.573781322030611,0.4613037109375,0.241452921875009,0.25186546640625807,3,11,3.6666666666666665,47,2.1556379036527265,15,1668,0.0,1108.0500490677134,6,40,0.3125,0.2482033999999942,True
0.7,179,32110,1024,3,1,34,35,0.2734375,0.0029296875,8189,0.9996337890625,3196,0.3902796434241055,18629.90625,108.3125,5.42869691436516,0.08397785770620061,0.39013671875,0.241452921875009,0.25186546640625807,1,9,9.0,14,2.5593114241001564,8,1653,0.0,18648.117302052786,4,38,0.296875,0.2482033999999942,True
0.7,180,37930,1024,24,3,34,37,0.2890625,0.0234375,8168,0.9970703125,3818,0.46743388834476,2574.505859375,40.46484375,14.02386476283086,0.09013537784707105,0.466064453125,0.241452921875009,0.25186546640625807,3,11,3.6666666666666665,22,2.1401624312287137,11,2056,0.0,2579.5440313111544,7,41,0.3203125,0.2482033999999942,True
0.7,181,5624,1024,19,3,34,37,0.2890625,0.0185546875,8173,0.9976806640625,4548,0.5564664138015417,2548.986328125,44.7265625,14.06712854796757,0.12802758791891078,0.55517578125,0.241452921875009,0.25186546640625807,3,11,3.6666666666666665,12,1.7985484935122058,18,1728,0.0,2551.4780058651027,6,40,0.3125,0.2482033999999942,True
0.7,182,37946,1024,14,2,34,36,0.28125,0.013671875,8178,0.998291015625,4038,0.4937637564196625,7874.6552734375,74.9619140625,9.168488099771649,0.13448045718879179,0.492919921875,0.241452921875009,0.25186546640625807,2,10,5.0,13,2.0257617042358187,23,1942,0.0,7882.352883675464,5,39,0.3046875,0.2482033999999942,True
0.7,183,6616,1024,39,5,34,39,0.3046875,0.0380859375,8153,0.9952392578125,3973,0.48730528639764503,4172.158203125,52.32421875,11.927195928867745,0.06952959957160997,0.4849853515625,0.241452921875009,0.25186546640625807,5,13,2.6,11,2.059164149043303,15,1961,0.0,4176.236559139785,9,43,0.3359375,0.2482033999999942,True
0.7,184,11706,1024,31,4,34,38,0.296875,0.0302734375,8161,0.9962158203125,3785,0.4637912020585713,9663.2333984375,79.2021484375,8.279578915811333,0.10490093629536176,0.4620361328125,0.241452921875009,0.25186546640625807,4,12,3.0,47,2.1519556025369977,9,2024,0.0,9710.648675171737,7,41,0.3203125,0.2482033999999942,True
0.7,185,10558,1024,3,1,34,35,0.2734375,0.0029296875,8189,0.9996337890625,3047,0.3720845036023935,10764.2568359375,72.0634765625,7.810963093551887,0.11452213169709084,0.3719482421875,0.241452921875009,0.25186546640625807,1,9,9.0,6,2.6766250820748523,8,1691,,10764.2568359375,4,38,0.296875,0.2482033999999942,True
0.7,186,18351,1024,3,1,34,35,0.2734375,0.0029296875,8189,0.9996337890625,2574,0.31432409329588473,9704.8349609375,70.2744140625,8.260922066317915,0.038040394839714185,0.314208984375,0.241452921875009,0.25186546640625807,1,9,9.0,71,3.1496307811892734,8,1489,0.0,9781.250984251968,4,38,0.296875,0.2482033999999942,True
0.7,187,15023,1024,3,1,34,35,0.2734375,0.0029296875,8189,0.9996337890625,3852,0.4703871046525827,17648.89453125,124.361328125,5.663628530711873,0.14312015887894564,0.47021484375,0.241452921875009,0.25186546640625807,1,9,9.0,14,2.1223058945728384,8,1955,0.0,17666.146627565984,4,38,0.296875,0.2482033999999942,True
0.7,188,9490,1024,14,2,34,36,0.28125,0.013671875,8178,0.998291015625,3697,0.4520665199315236,5736.166015625,61.28125,10.544586487126146,0.14638757969951904,0.4512939453125,0.241452921875009,0.25186546640625807,2,10,5.0,19,2.211038961038961,14,2114,0.0,5747.391389432485,6,40,0.3125,0.2482033999999942,True
0.7,189,6355,1024,53,7,34,41,0.3203125,0.0517578125,8139,0.9935302734375,4206,0.5167711021009952,9819.0126953125,93.2919921875,8.210125393267901,0.2119688689145691,0.513427734375,0.241452921875009,0.25186546640625807,7,15,2.142857142857143,8,1.9460166468489892,12,2079,0.0,9828.610948191594,10,44,0.34375,0.2482033999999942,True
0.7,190,8857,1024,11,2,34,36,0.28125,0.0107421875,8181,0.9986572265625,3111,0.38027136046938026,845.2724609375,15.1435546875,18.860836410200346,0.3765090826831757,0.3797607421875,0.241452921875009,0.25186546640625807,2,10,5.0,13,2.629581993569132,15,1380,0.0,846.0987292277615,5,39,0.3046875,0.2482033999999942,True
0.7,191,31811,1024,12,2,34,36,0.28125,0.01171875,8180,0.99853515625,4375,0.534841075794621,14917.970703125,105.228515625,6.393706109467336,0.17028146009169945,0.5340576171875,0.241452921875009,0.25186546640625807,2,10,5.0,21,1.8676268861454046,22,1977,0.0,14947.164383561643,5,39,0.3046875,0.2482033999999942,True
0.7,192,10400,1024,12,2,34,36,0.28125,0.01171875,8180,0.99853515625,3967,0.4849633251833741,1366.5361328125,31.1103515625,16.774592414337267,0.16547693665821256,0.4842529296875,0.241452921875009,0.25186546640625807,2,10,5.0,18,2.060514372163389,11,1678,0.0,1369.2103718199608,5,39,0.3046875,0.2482033999999942,True
0.7,193,275,1024,54,7,34,41,0.3203125,0.052734375,8138,0.993408203125,3769,0.4631359056279184,3172.37890625,43.83203125,13.11695307359206,0.05469904340476854,0.4600830078125,0.241452921875009,0.25186546640625807,7,15,2.142857142857143,12,2.170647558386412,9,2079,0.0,3175.4799608993158,10,44,0.34375,0.2482033999999942,True
0.7,194,26152,1024,3,1,34,35,0.2734375,0.0029296875,8189,0.9996337890625,3706,0.45255830992795215,18343.6904296875,117.4931640625,5.495936482897765,0.05140453878207003,0.452392578125,0.241452921875009,0.25186546640625807,1,9,9.0,287,2.1333333333333333,8,1888,0.0,18992.86046511628,4,38,0.296875,0.2482033999999942,True
0.7,195,13037,1024,3,1,34,35,0.2734375,0.0029296875,8189,0.9996337890625,3115,0.3803883258029063,15930.12109375,93.841796875,6.108612837392501,0.0480518310274592,0.3802490234375,0.241452921875009,0.25186546640625807,1,9,9.0,14,2.625883108542068,11,1497,0.0,15945.693059628544,4,38,0.296875,0.2482033999999942,True
0.7,196,41203,1024,46,6,34,40,0.3125,0.044921875,8146,0.994384765625,3666,0.4500368278909894,1625.9306640625,32.1064453125,16.019783392021704,0.08354698595414331,0.447509765625,0.241452921875009,0.25186546640625807,6,14,2.3333333333333335,10,2.231650750341064,14,1825,0.0,1627.5200391006842,9,43,0.3359375,0.2482033999999942,True
0.7,197,43709,1024,28,4,34,38,0.296875,0.02734375,8164,0.99658203125,3701,0.45333170014698676,3380.830078125,45.943359375,12.840570173683785,0.39500993417521485,0.4517822265625,0.241452921875009,0.25186546640625807,4,12,3.0,54,2.198108108108108,8,2119,0.0,3400.7563850687625,7,41,0.3203125,0.2482033999999942,True
0.7,198,43572,1024,3,1,34,35,0.2734375,0.0029296875,8189,0.9996337890625,4136,0.5050677738429601,17111.33203125,117.408203125,5.797965423668688,0.10719098281498292,0.5048828125,0.241452921875009,0.25186546640625807,1,9,9.0,3,1.9801692865779927,8,2201,,17111.33203125,4,38,0.296875,0.2482033999999942,True
0.7,199,23390,1024,28,4,34,38,0.296875,0.02734375,8164,0.99658203125,3553,0.43520333170014697,1766.2119140625,31.2158203125,15.660375508751763,0.11651363077105797,0.4337158203125,0.241452921875009,0.25186546640625807,4,12,3.0,21,2.299831081081081,20,1792,0.0,1769.6682974559687,7,41,0.3203125,0.2482033999999942,True
0.75,0,712,1024,41,6,34,40,0.3125,0.0400390625,8151,0.9949951171875,3985,0.48889706784443626,5031.498046875,57.61328125,11.11383052426296,0.16151244105464102,0.4864501953125,0.241452921875009,0.25186546640625807,6,14,2.3333333333333335,20,2.0509538152610443,13,1990,0.0,5041.3444227005875,8,42,0.328125,0.2482033999999942,True
0.75,1,24774,1024,22,3,34,37,0.2890625,0.021484375,8170,0.997314453125,3818,0.46731946144430847,3291.109375,47.423828125,12.957380452190431,0.07587867362028239,0.466064453125,0.241452921875009,0.25186546640625807,3,11,3.6666666666666665,63,2.1294210112653915,14,1928,0.0,3313.7620452310716,6,40,0.3125,0.2482033999999942,True
0.75,2,45142,1024,45,6,34,40,0.3125,0.0439453125,8147,0.9945068359375,3551,0.43586596293114027,1976.2236328125,33.0791015625,15.172442723364625,0.07764928445511735,0.4334716796875,0.241452921875009,0.25186546640625807,6,14,2.3333333333333335,12,2.3028169014084505,9,1875,0.0,1978.1554252199414,9,43,0.3359375,0.2482033999999942,True
0.75,3,27119,1024,6,1,34,35,0.2734375,0.005859375,8186,0.999267578125,2533,0.3094307354019057,13518.4150390625,72.7802734375,6.82154584953097,0.07200111569928044,0.3092041015625,0.241452921875009,0.25186546640625807,1,9,9.0,7,3.2322274881516586,35,1206,,13518.4150390625,4,38,0.296875,0.2482033999999942,True
0.75,4,21139,1024,36,5,34,39,0.3046875,0.03515625,8156,0.99560546875,3643,0.44666503187837175,1581.408203125,33.599609375,16.140363736160634,0.17954315451175595,0.4447021484375,0.241452921875009,0.25186546640625807,5,13,2.6,20,2.242998352553542,14,1889,0.0,1584.5029354207436,8,42,0.328125,0.2482033999999942,True
0.75,5,19129,1024,51,7,34,41,0.3203125,0.0498046875,8141,0.9937744140625,4381,0.5381402776071735,5941.0947265625,67.4287109375,10.39213883917008,0.06966145259419895,0.5347900390625,0.241452921875009,0.25186546640625807,7,15,2.142857142857143,18,1.8659817351598174,22,1851,0.0,5952.721135029355,10,44,0.34375,0.2482033999999942,True
0.75,6,6433,1024,59,8,34,42,0.328125,0.0576171875,8133,0.9927978515625,3208,0.39444239518013036,720.8134765625,19.3662109375,19.552574631105337,0.1708808838281844,0.3916015625,0.241452921875009,0.25186546640625807,8,16,2.0,51,2.537885874649205,13,1682,0.0,725.0618860510806,11,45,0.3515625,0.2482033999999942,True
0.75,7,38854,1024,144,18,34,52,0.40625,0.140625,8048,0.982421875,3888,0.4831013916500994,4279.046875,52.220703125,11.81733316860646,0.07031096563769337,0.474609375,0.241452921875009,0.25186546640625807,18,27,1.5,45,2.095703627476203,16,1964,0.0,4300.043179587831,23,57,0.4453125,0.2482033999999942,True
0.75,8,22489,1024,498,63,34,97,0.7578125,0.486328125,7694,0.939208984375,3698,0.4806342604626982,3959.291015625,50.701171875,12.15462936449592,0.10782840988803892,0.451416015625,0.241452921875009,0.25186546640625807,63,74,1.1746031746031746,20,2.2098999188531243,7,2015,0.0,3967.0391389432484,72,106,0.828125,0.2482033999999942,True
0.75,9,31104,1024,25,4,34,38,0.296875,0.0244140625,8167,0.9969482421875,3663,0.44851230562017874,9907.474609375,69.65625,8.171173928591557,0.09388045699623755,0.4471435546875,0.241452921875009,0.25186546640625807,4,12,3.0,12,2.231840524303659,9,1853,0.0,9917.159335288368,7,41,0.3203125,0.2482033999999942,True
0.75,10,21349,1024,29,4,34,38,0.296875,0.0283203125,8163,0.9964599609375,3355,0.41100085752786963,809.673828125,20.689453125,19.047702594879812,0.12091909957687907,0.4095458984375,0.241452921875009,0.25186546640625807,4,12,3.0,19,2.436195587358378,13,1688,0.0,811.2583170254403,7,41,0.3203125,0.2482033999999942,True
0.75,11,29116,1024,16,2,34,36,0.28125,0.015625,8176,0.998046875,3732,0.45645792563600784,5608.041015625,57.60546875,10.642691795907506,0.10452922712169005,0.45556640625,0.241452921875009,0.25186546640625807,2,10,5.0,20,2.1900294827124096,14,2059,0.0,5619.015655577299,5,39,0.3046875,0.2482033999999942,True
0.75,12,10772,1024,157,20,34,54,0.421875,0.1533203125,8035,0.9808349609375,4209,0.5238332296204107,12278.673828125,92.43359375,7.239288979902259,0.02353327771599823,0.5137939453125,0.241452921875009,0.25186546640625807,20,29,1.45,9,1.9443916349809887,16,1969,0.0,12290.676441837732,25,59,0.4609375,0.2482033999999942,True
0.75,13,18332,1024,73,10,34,44,0.34375,0.0712890625,8119,0.9910888671875,4179,0.5147185613991871,3046.3408203125,47.7392578125,13.29301870895858,0.0787736176044095,0.5101318359375,0.241452921875009,0.25186546640625807,10,18,1.8,8,1.9585926280516994,16,1986,0.0,3049.3186705767353,13,47,0.3671875,0.2482033999999942,True
0.75,14,1003,1024,24,3,34,37,0.2890625,0.0234375,8168,0.9970703125,4045,0.4952252693437806,11512.6376953125,96.3583984375,7.519055233127957,0.065435400044852,0.4937744140625,0.241452921875009,0.25186546640625807,3,11,3.6666666666666665,30,2.018051434223541,8,2321,0.0,11546.465230166503,7,41,0.3203125,0.2482033999999942,True
0.75,15,22156,1024,57,8,34,42,0.328125,0.0556640625,8135,0.9930419921875,4427,0.5441917639827905,12381.8037109375,99.1005859375,7.202964460183874,0.042576912312473264,0.5404052734375,0.241452921875009,0.25186546640625807,8,16,2.0,17,1.8456845910528694,17,2040,0.0,12406.034246575342,11,45,0.3515625,0.2482033999999942,True
0.75,16,26453,1024,95,12,34,46,0.359375,0.0927734375,8097,0.9884033203125,2966,0.36630850932444114,3183.0029296875,37.8173828125,13.102433225150412,0.07801314830920321,0.362060546875,0.241452921875009,0.25186546640625807,12,20,1.6666666666666667,12,2.757504215851602,7,1837,0.0,3186.114369501466,16,50,0.390625,0.2482033999999942,True
0.75,17,17039,1024,38,5,34,39,0.3046875,0.037109375,8154,0.995361328125,3665,0.4494726514594064,593.505859375,18.234375,20.396553499923492,0.29701081773557997,0.4473876953125,0.241452921875009,0.25186546640625807,5,13,2.6,10,2.2328056768558953,7,1743,0.0,594.0860215053764,8,42,0.328125,0.2482033999999942,True
0.75,18,7166,1024,13,2,34,36,0.28125,0.0126953125,8179,0.9984130859375,4212,0.5149773810979338,12031.2978515625,98.9052734375,7.327678823751521,0.11042818155793038,0.51416015625,0.241452921875009,0.25186546640625807,2,10,5.0,9,1.943006411778675,13,2340,0.0,12043.058651026393,5,39,0.3046875,0.2482033999999942,True
0.75,19,48310,1024,10,2,34,36,0.28125,0.009765625,8182,0.998779296875,3581,0.43766805182107066,11717.3359375,89.26171875,7.442514794895951,0.08144840152027495,0.4371337890625,0.241452921875009,0.25186546640625807,2,10,5.0,5,2.28659217877095,8,2119,,11717.3359375,5,39,0.3046875,0.2482033999999942,True
0.75,20,12187,1024,16,2,34,36,0.28125,0.015625,8176,0.998046875,3797,0.46440802348336596,1687.5859375,32.1171875,15.858144630793738,0.22248767831113517,0.4635009765625,0.241452921875009,0.25186546640625807,2,10,5.0,13,2.154109589041096,12,1758,0.0,1689.2355816226784,5,39,0.3046875,0.2482033999999942,True
0.75,21,20284,1024,25,4,34,38,0.296875,0.0244140625,8167,0.9969482421875,2750,0.33672095016529935,693.0166015625,15.5283203125,19.72336722387958,0.2634262295186535,0.335693359375,0.241452921875009,0.25186546640625807,4,12,3.0,21,2.971989814477992,11,1584,0.0,694.3727984344423,7,41,0.3203125,0.2482033999999942,True
0.75,22,1052,1024,165,21,34,55,0.4296875,0.1611328125,8027,0.9798583984375,3654,0.45521365391802665,2580.0185546875,41.9052734375,14.014575315832001,0.06544077078619578,0.446044921875,0.241452921875009,0.25186546640625807,21,30,1.4285714285714286,34,2.23268546400219,9,1972,0.0,2590.136274509804,26,60,0.46875,0.2482033999999942,True
0.75,23,13752,1024,137,18,34,52,0.40625,0.1337890625,8055,0.9832763671875,3006,0.37318435754189944,463.2255859375,14.7705078125,21.472878215375893,0.3748992849522306,0.366943359375,0.241452921875009,0.25186546640625807,18,19,1.0555555555555556,26,2.7171381031613975,12,1597,0.0,464.58667972575904,14,48,0.375,0.2482033999999942,True
0.75,24,37139,1024,22,3,34,37,0.2890625,0.021484375,8170,0.997314453125,4116,0.5037943696450429,20291.9345703125,122.8564453125,5.05756907567411,0.0450416272240495,0.50244140625,0.25144673124999883,0.2546363390625004,3,11,3.6666666666666665,27,1.9839611178614824,8,2108,0.0,20351.558276199805,7,41,0.3203125,0.25472027578123857,True
0.75,25,29727,1024,55,7,34,41,0.3203125,0.0537109375,8137,0.9932861328125,3727,0.4580312154356643,5727.4970703125,59.6962890625,10.551154851535623,0.09550446523700241,0.4549560546875,0.25144673124999883,0.2546363390625004,7,15,2.142857142857143,11,2.1943102522812667,14,1981,0.0,5733.095796676442,10,44,0.34375,0.25472027578123857,True
0.75,26,41854,1024,98,13,34,47,0.3671875,0.095703125,8094,0.988037109375,3125,0.38608846058808993,634.625,19.953125,20.105631844552487,0.27595888990752143,0.3814697265625,0.25144673124999883,0.2546363390625004,13,21,1.6153846153846154,20,2.615236875800256,7,1810,0.0,635.866927592955,16,50,0.390625,0.25472027578123857,True
0.75,27,40333,1024,114,15,34,49,0.3828125,0.111328125,8078,0.986083984375,4096,0.5070562020302055,9787.6455078125,90.1943359375,8.224021293247397,0.057491835446248,0.5,0.25144673124999883,0.2546363390625004,15,23,1.5333333333333334,8,1.9978021978021978,18,2092,0.0,9797.213098729228,19,53,0.4140625,0.25472027578123857,True
0.75,28,33248,1024,6,1,34,35,0.2734375,0.005859375,8186,0.999267578125,3277,0.4003176154409968,10005.841796875,80.859375,8.128267289292916,0.17856737380555399,0.4000244140625,0.25144673124999883,0.2546363390625004,1,9,9.0,375,2.385836385836386,8,1828,0.0,10476.464212678937,4,38,0.296875,0.25472027578123857,True
0.75,29,9680,1024,73,10,34,44,0.34375,0.0712890625,8119,0.9910888671875,3835,0.4723488114299791,7081.9072265625,64.6513671875,9.62930127694036,0.03678779780437433,0.4681396484375,0.25144673124999883,0.2546363390625004,10,18,1.8,17,2.1319770474700053,19,1880,0.0,7095.76614481409,12,46,0.359375,0.25472027578123857,True
0.75,30,16805,1024,19,3,34,37,0.2890625,0.0185546875,8173,0.9976806640625,3521,0.4308087605530405,1753.6787109375,32.3623046875,15.691303310443203,0.1426545930536944,0.4298095703125,0.25144673124999883,0.2546363390625004,3,11,3.6666666666666665,19,2.3215909090909093,14,2000,0.0,1757.110567514677,6,40,0.3125,0.25472027578123857,True
0.75,31,14652,1024,142,18,34,52,0.40625,0.138671875,8050,0.982666015625,3496,0.4342857142857143,1459.708984375,28.794921875,16.488140797942954,0.25191978313253494,0.4267578125,0.25144673124999883,0.2546363390625004,18,27,1.5,20,2.3379113018598,14,1818,0.0,1462.5655577299412,22,56,0.4375,0.25472027578123857,True
0.75,32,15793,1024,13,2,34,36,0.28125,0.0126953125,8179,0.9984130859375,3213,0.39283530994009047,3614.861328125,38.09375,12.549887191502918,0.30996274237233107,0.3922119140625,0.25144673124999883,0.2546363390625004,2,10,5.0,39,2.537671232876712,8,1919,0.0,3629.0372549019608,5,39,0.3046875,0.25472027578123857,True
0.75,33,30210,1024,26,4,34,38,0.296875,0.025390625,8166,0.996826171875,3354,0.41072740631888316,8025.8037109375,59.0126953125,9.085918269875524,0.3095953903889208,0.409423828125,0.25144673124999883,0.2546363390625004,4,12,3.0,35,2.431852072770653,13,1794,0.0,8057.277450980392,7,41,0.3203125,0.25472027578123857,True
0.75,34,47426,1024,46,6,34,40,0.3125,0.044921875,8146,0.994384765625,4406,0.5408789589982813,21984.611328125,138.361328125,4.709615688536312,0.03768285601940596,0.537841796875,0.25144673124999883,0.2546363390625004,6,14,2.3333333333333335,9,1.8574347332576617,14,1951,0.0,22006.10166177908,10,44,0.34375,0.25472027578123857,True
0.75,35,20875,1024,23,3,34,37,0.2890625,0.0224609375,8169,0.9971923828125,3672,0.4495042232831436,2796.634765625,38.4609375,13.664446087012017,0.09584386197401068,0.4482421875,0.25144673124999883,0.2546363390625004,3,11,3.6666666666666665,11,2.2282756742032146,15,1921,0.0,2799.3685239491692,6,40,0.3125,0.25472027578123857,True
0.75,36,4161,1024,339,43,34,77,0.6015625,0.3310546875,7853,0.9586181640625,4199,0.5347001146058831,4801.6396484375,58.4541015625,11.316907966853062,0.10179583945944687,0.5125732421875,0.25144673124999883,0.2546363390625004,43,54,1.255813953488372,74,1.9333015721772273,16,1857,0.0,4844.215763546798,48,82,0.640625,0.25472027578123857,True
0.75,37,40340,1024,15,2,34,36,0.28125,0.0146484375,8177,0.9981689453125,4078,0.49871591048061636,5673.314453125,62.357421875,10.592435051240695,0.15205513786752747,0.497802734375,0.25144673124999883,0.2546363390625004,2,10,5.0,12,2.006131959774344,10,1892,0.0,5678.860215053764,5,39,0.3046875,0.25472027578123857,True
0.75,38,28286,1024,78,10,34,44,0.34375,0.076171875,8114,0.990478515625,3829,0.47190041902883906,7999.7060546875,68.4033203125,9.100063315225357,0.15106032948401218,0.4674072265625,0.25144673124999883,0.2546363390625004,10,18,1.8,27,2.1327063740856844,9,2023,0.0,8023.211557296768,13,47,0.3671875,0.25472027578123857,True
0.75,39,13256,1024,12,2,34,36,0.28125,0.01171875,8180,0.99853515625,3659,0.4473105134474328,2728.115234375,38.6484375,13.772176500901331,0.10120700391323714,0.4466552734375,0.25144673124999883,0.2546363390625004,2,10,5.0,13,2.235101148168398,13,1748,0.0,2730.7820136852397,5,39,0.3046875,0.25472027578123857,True
0.75,40,48934,1024,130,17,34,51,0.3984375,0.126953125,8062,0.984130859375,3719,0.46129992557677996,7742.515625,61.091796875,9.241982703980872,0.023308476642806653,0.4539794921875,0.25144673124999883,0.2546363390625004,17,26,1.5294117647058822,38,2.1925766541151157,18,1956,0.0,7772.878431372549,20,54,0.421875,0.25472027578123857,True
0.75,41,11935,1024,105,14,34,48,0.375,0.1025390625,8087,0.9871826171875,4182,0.5171262520093978,1769.619140625,33.814453125,15.652005537846366,0.11105983391179715,0.510498046875,0.25144673124999883,0.2546363390625004,14,23,1.6428571428571428,19,1.9540779717770869,24,1686,0.0,1773.0821917808219,18,52,0.40625,0.25472027578123857,True
0.75,42,48447,1024,37,5,34,39,0.3046875,0.0361328125,8155,0.9954833984375,3476,0.42624156958920906,791.7080078125,19.9736328125,19.14515323189544,0.15654843651401565,0.42431640625,0.25144673124999883,0.2546363390625004,5,13,2.6,19,2.3516546762589927,23,1587,0.0,793.2573385518591,9,43,0.3359375,0.25472027578123857,True
0.75,43,15492,1024,23,3,34,37,0.2890625,0.0224609375,8169,0.9971923828125,3996,0.48916636063165625,2900.521484375,43.271484375,13.506042742013557,0.06949430717220896,0.48779296875,0.25144673124999883,0.2546363390625004,3,11,3.6666666666666665,10,2.046558197747184,13,1955,0.0,2903.3567937438906,7,41,0.3203125,0.25472027578123857,True
0.75,44,32513,1024,248,31,34,65,0.5078125,0.2421875,7944,0.9697265625,3123,0.3931268882175227,2117.3203125,37.748046875,14.872937969305548,0.22232011248074132,0.3812255859375,0.25144673124999883,0.2546363390625004,31,40,1.2903225806451613,10,2.6201153106982704,14,1860,0.0,2119.3900293255133,37,71,0.5546875,0.25472027578123857,True
0.75,45,36099,1024,6,1,34,35,0.2734375,0.005859375,8186,0.999267578125,3813,0.46579526020034207,20775.7470703125,126.6787109375,4.955237114355471,0.08265445976338844,0.4654541015625,0.25144673124999883,0.2546363390625004,1,9,9.0,15,2.1445435466946483,8,2076,0.0,20796.055718475072,4,38,0.296875,0.25472027578123857,True
0.75,46,39260,1024,18,3,34,37,0.2890625,0.017578125,8174,0.997802734375,2730,0.33398580866161,1389.5966796875,26.6201171875,16.70191593134049,0.2586373420961973,0.333251953125,0.25144673124999883,0.2546363390625004,3,11,3.6666666666666665,175,2.936973250274826,14,1663,0.0,1418.690927218345,5,39,0.3046875,0.25472027578123857,True
0.75,47,46517,1024,57,8,34,42,0.328125,0.0556640625,8135,0.9930419921875,3969,0.4878918254456054,1980.4404296875,37.1787109375,15.16318577216259,0.24365865009483748,0.4844970703125,0.25144673124999883,0.2546363390625004,8,16,2.0,30,2.056703629032258,14,1892,0.0,1986.2595494613124,11,45,0.3515625,0.25472027578123857,True
0.75,48,33095,1024,65,9,34,43,0.3359375,0.0634765625,8127,0.9920654296875,3847,0.4733604035929617,5120.890625,57.9921875,11.037348608519544,0.0836660577219312,0.4696044921875,0.25144673124999883,0.2546363390625004,9,17,1.8888888888888888,36,2.1201248049921997,11,2131,0.0,5140.972549019608,12,46,0.359375,0.25472027578123857,True
0.75,49,3,1024,137,18,34,52,0.40625,0.1337890625,8055,0.9832763671875,3641,0.45201738050900064,5852.6484375,68.810546875,10.457279235877323,0.06266993452936993,0.4444580078125,0.25144673124999883,0.2546363390625004,18,26,1.4444444444444444,10,2.2475274725274725,8,2276,0.0,5858.369501466275,22,56,0.4375,0.25472027578123857,True
0.75,50,21683,1024,165,21,34,55,0.4296875,0.1611328125,8027,0.9798583984375,3675,0.4578298243428429,7819.748046875,73.10546875,9.198876005976606,0.03934735071968942,0.4486083984375,0.25144673124999883,0.2546363390625004,21,30,1.4285714285714286,10,2.2267283614589,8,2149,0.0,7827.391984359726,25,59,0.4609375,0.25472027578123857,True
0.75,51,13446,1024,28,4,34,38,0.296875,0.02734375,8164,0.99658203125,4132,0.506124448799608,5836.767578125,61.171875,10.469079609528988,0.04324944767824462,0.50439453125,0.25144673124999883,0.2546363390625004,4,12,3.0,12,1.979908012587751,13,2142,0.0,5842.4731182795695,7,41,0.3203125,0.25472027578123857,True
0.75,52,49515,1024,17,3,34,37,0.2890625,0.0166015625,8175,0.9979248046875,3660,0.44770642201834865,3359.677734375,43.173828125,12.86782739696797,0.18933747434066703,0.44677734375,0.25144673124999883,0.2546363390625004,3,11,3.6666666666666665,47,2.2254714402842306,11,2076,0.0,3376.162904808636,6,40,0.3125,0.25472027578123857,True
0.75,53,27943,1024,19,3,34,37,0.2890625,0.0185546875,8173,0.9976806640625,4095,0.5010400097883274,4589.5302734375,60.5458984375,11.51312121974039,0.09895839406537624,0.4998779296875,0.25144673124999883,0.2546363390625004,3,11,3.6666666666666665,11,1.9980459208597947,13,2030,0.0,4594.016617790811,6,40,0.3125,0.25472027578123857,True
0.75,54,29059,1024,24,3,34,37,0.2890625,0.0234375,8168,0.9970703125,4111,0.503305582761998,5258.7763671875,63.1865234375,10.921956583110626,0.053153949040592105,0.5018310546875,0.25144673124999883,0.2546363390625004,3,11,3.6666666666666665,9,1.9907542579075426,11,2092,0.0,5263.916911045943,6,40,0.3125,0.25472027578123857,True
0.75,55,32738,1024,30,4,34,38,0.296875,0.029296875,8162,0.996337890625,3653,0.44756187209017395,1567.3369140625,27.1416015625,16.17917998610769,0.44139158589232824,0.4459228515625,0.25144673124999883,0.2546363390625004,4,12,3.0,167,2.1971522453450163,16,1771,0.0,1598.5587649402391,7,41,0.3203125,0.25472027578123857,True
0.75,56,445,1024,15,2,34,36,0.28125,0.0146484375,8177,0.9981689453125,3857,0.47168888345358934,6977.7451171875,65.4052734375,9.693652593586691,0.05287646827113784,0.4708251953125,0.25144673124999883,0.2546363390625004,2,10,5.0,28,2.116960580912863,12,2024,0.0,6998.247796278159,5,39,0.3046875,0.25472027578123857,True
0.75,57,32216,1024,69,9,34,43,0.3359375,0.0673828125,8123,0.9915771484375,3936,0.48455004308752925,14631.744140625,102.220703125,6.4778426266460185,0.05030504796840965,0.48046875,0.25144673124999883,0.2546363390625004,9,17,1.8888888888888888,22,2.075984752223634,8,2058,0.0,14660.377690802348,12,46,0.359375,0.25472027578123857,True
0.75,58,18250,1024,25,4,34,38,0.296875,0.0244140625,8167,0.9969482421875,4007,0.49063303538631076,1872.8740234375,34.8349609375,15.405717947932246,0.08939729404915922,0.4891357421875,0.25144673124999883,0.2546363390625004,4,12,3.0,30,2.0371942086869694,12,1748,0.0,1878.37708129285,7,41,0.3203125,0.25472027578123857,True
0.75,59,1684,1024,50,7,34,41,0.3203125,0.048828125,8142,0.993896484375,3691,0.453328420535495,2921.603515625,40.66015625,13.47459082417998,0.09628048589099668,0.4505615234375,0.25144673124999883,0.2546363390625004,7,15,2.142857142857143,102,2.192140921409214,9,1930,0.0,2956.2470355731225,10,44,0.34375,0.25472027578123857,True
0.75,60,2899,1024,156,20,34,54,0.421875,0.15234375,8036,0.98095703125,3595,0.4473618715778995,2110.75,41.486328125,14.886435629226524,0.15564748024267755,0.4388427734375,0.25144673124999883,0.2546363390625004,20,28,1.4,19,2.273511407902059,7,2238,0.0,2114.880626223092,24,58,0.453125,0.25472027578123857,True
0.75,61,39428,1024,10,2,34,36,0.28125,0.009765625,8182,0.998779296875,3335,0.4076020532877047,6859.1083984375,63.8779296875,9.768126945495517,0.10716098737631859,0.4071044921875,0.25144673124999883,0.2546363390625004,2,10,5.0,5,2.45500899820036,8,1991,,6859.1083984375,5,39,0.3046875,0.25472027578123857,True
0.75,62,40758,1024,129,17,34,51,0.3984375,0.1259765625,8063,0.9842529296875,4056,0.5030385712513953,10532.7919921875,82.5439453125,7.905368533027739,0.02976877535136639,0.4951171875,0.25144673124999883,0.2546363390625004,17,25,1.4705882352941178,9,2.0177558569667076,18,2102,0.0,10543.08797653959,22,56,0.4375,0.25472027578123857,True
0.75,63,29154,1024,95,12,34,46,0.359375,0.0927734375,8097,0.9884033203125,4013,0.4956156601210325,5107.4130859375,57.9970703125,11.04879375992972,0.07800349234035353,0.4898681640625,0.25144673124999883,0.2546363390625004,12,20,1.6666666666666667,11,2.0386340977068795,15,1989,0.0,5112.405669599218,17,51,0.3984375,0.25472027578123857,True
0.75,64,43958,1024,25,4,34,38,0.296875,0.0244140625,8167,0.9969482421875,4024,0.49271458307824173,1946.4150390625,38.8251953125,15.23844909336525,0.14057201402681704,0.4912109375,0.25144673124999883,0.2546363390625004,4,12,3.0,9,2.033557046979866,7,1988,0.0,1948.3176930596285,6,40,0.3125,0.25472027578123857,True
0.75,65,33814,1024,18,3,34,37,0.2890625,0.017578125,8174,0.997802734375,4022,0.49204795693662834,18954.56640625,119.859375,5.353665066623972,0.041769145054586135,0.490966796875,0.25144673124999883,0.2546363390625004,3,11,3.6666666666666665,13,2.0338224322307883,8,2080,0.0,18973.094819159334,6,40,0.3125,0.25472027578123857,True
0.75,66,34153,1024,56,7,34,41,0.3203125,0.0546875,8136,0.9931640625,4083,0.5018436578171092,3674.4462890625,50.1201171875,12.478884573722087,0.10857148503647249,0.4984130859375,0.25144673124999883,0.2546363390625004,7,15,2.142857142857143,20,2.0017148456638902,16,1907,0.0,3681.6369863013697,11,45,0.3515625,0.25472027578123857,True
0.75,67,43609,1024,91,12,34,46,0.359375,0.0888671875,8101,0.9888916015625,4022,0.4964819158128626,12413.08203125,85.501953125,7.192007354543821,0.044580809096503284,0.490966796875,0.25144673124999883,0.2546363390625004,12,20,1.6666666666666667,20,2.0320815717483214,14,1959,0.0,12437.373776908024,15,49,0.3828125,0.25472027578123857,True
0.75,68,10762,1024,24,3,34,37,0.2890625,0.0234375,8168,0.9970703125,3881,0.4751469147894221,3495.2783203125,46.8037109375,12.695985976207208,0.05966750085846103,0.4737548828125,0.25144673124999883,0.2546363390625004,3,11,3.6666666666666665,87,2.0884020618556702,21,1910,0.0,3529.748520710059,6,40,0.3125,0.25472027578123857,True
0.75,69,17898,1024,66,9,34,43,0.3359375,0.064453125,8126,0.991943359375,3436,0.42284026581343837,1965.4697265625,30.4228515625,15.196140019451311,0.2619019259401453,0.41943359375,0.25144673124999883,0.2546363390625004,9,17,1.8888888888888888,35,2.374381368267831,16,1567,0.0,1973.1774509803922,12,46,0.359375,0.25472027578123857,True
0.75,70,43653,1024,12,2,34,36,0.28125,0.01171875,8180,0.99853515625,3357,0.41039119804400975,12233.4765625,85.5546875,7.2553046659930445,0.006352912476954456,0.4097900390625,0.25144673124999883,0.2546363390625004,2,10,5.0,39,2.4287842669845054,9,1932,0.0,12281.450980392157,5,39,0.3046875,0.25472027578123857,True
0.75,71,14233,1024,76,10,34,44,0.34375,0.07421875,8116,0.99072265625,3966,0.4886643666830951,9083.453125,81.267578125,8.548293815051766,0.03614864149221544,0.484130859375,0.25144673124999883,0.2546363390625004,10,18,1.8,60,2.050189155107188,9,2150,0.0,9145.974434611602,13,47,0.3671875,0.25472027578123857,True
0.75,72,39520,1024,37,5,34,39,0.3046875,0.0361328125,8155,0.9954833984375,3919,0.48056407112201105,11340.6279296875,92.5537109375,7.584432587935359,0.07279926927038333,0.4783935546875,0.25144673124999883,0.2546363390625004,5,13,2.6,13,2.0872894333843797,7,2137,0.0,11351.71358748778,8,42,0.328125,0.25472027578123857,True
0.75,73,18138,1024,47,6,34,40,0.3125,0.0458984375,8145,0.9942626953125,3760,0.4616329036218539,1859.0517578125,35.2626953125,15.437888797461168,0.1852809850087894,0.458984375,0.25144673124999883,0.2546363390625004,6,14,2.3333333333333335,20,2.1737164139398777,13,1809,0.0,1862.6898238747553,9,43,0.3359375,0.25472027578123857,True
0.75,74,9212,1024,14,2,34,36,0.28125,0.013671875,8178,0.998291015625,4400,0.5380288579114698,32107.0185546875,167.5498046875,3.064803818465321,0.019396200628578338,0.537109375,0.25144673124999883,0.2546363390625004,2,10,5.0,22,1.8570129574903387,13,1911,0.0,32169.850293542073,5,39,0.3046875,0.25472027578123857,True
0.75,75,6456,1024,189,24,34,58,0.453125,0.1845703125,8003,0.9769287109375,3708,0.4633262526552543,2520.7177734375,39.7841796875,14.115561372859078,0.08900257694403035,0.45263671875,0.25144673124999883,0.2546363390625004,24,32,1.3333333333333333,27,2.202319935257621,13,1863,0.0,2528.124387855044,29,63,0.4921875,0.25472027578123857,True
0.75,76,22948,1024,18,3,34,37,0.2890625,0.017578125,8174,0.997802734375,3772,0.4614631759236604,5637.873046875,51.876953125,10.619650686268296,0.24637301840741802,0.46044921875,0.25144673124999883,0.2546363390625004,3,11,3.6666666666666665,38,2.1620259878016443,17,1945,0.0,5659.982352941176,6,40,0.3125,0.25472027578123857,True
0.75,77,7591,1024,315,40,34,74,0.578125,0.3076171875,7877,0.9615478515625,3611,0.45842325758537517,6079.9677734375,66.0302734375,10.291790835450696,0.007278431938054604,0.4407958984375,0.25144673124999883,0.2546363390625004,40,51,1.275,18,2.2637119113573405,8,2039,0.0,6091.865949119374,46,80,0.625,0.25472027578123857,True
0.75,78,29996,1024,44,6,34,40,0.3125,0.04296875,8148,0.99462890625,3726,0.4572901325478645,6259.576171875,64.447265625,10.16535432201773,0.14514792130195356,0.454833984375,0.25144673124999883,0.2546363390625004,6,14,2.3333333333333335,77,2.1777181208053693,14,1852,0.0,6315.079802955665,9,43,0.3359375,0.25472027578123857,True
0.75,79,10378,1024,15,2,34,36,0.28125,0.0146484375,8177,0.9981689453125,2944,0.36003424238718357,4305.2060546875,42.4599609375,11.790864184877183,0.03711392919546177,0.359375,0.25144673124999883,0.2546363390625004,2,10,5.0,22,2.7757390417940875,15,1772,0.0,4313.6311154598825,5,39,0.3046875,0.25472027578123857,True
0.75,80,27337,1024,17,3,34,37,0.2890625,0.0166015625,8175,0.9979248046875,3748,0.4584709480122324,6676.1943359375,67.2744140625,9.885513908899249,0.18240602256839986,0.45751953125,0.25144673124999883,0.2546363390625004,3,11,3.6666666666666665,13,2.182012276487857,13,2070,0.0,6682.720430107527,5,39,0.3046875,0.25472027578123857,True
0.75,81,19965,1024,216,27,34,61,0.4765625,0.2109375,7976,0.9736328125,4119,0.5164242728184554,8731.3896484375,75.8798828125,8.71996991318222,0.06073716184903685,0.5028076171875,0.25144673124999883,0.2546363390625004,27,35,1.2962962962962963,33,1.9808159300631374,10,2072,0.0,8765.630392156863,33,67,0.5234375,0.25472027578123857,True
0.75,82,24405,1024,156,20,34,54,0.421875,0.15234375,8036,0.98095703125,3587,0.44636635141861625,2352.4033203125,39.2119140625,14.415685771501618,0.13752481728303242,0.4378662109375,0.25144673124999883,0.2546363390625004,20,29,1.45,52,2.269659788064696,10,1991,0.0,2366.2681728880157,24,58,0.453125,0.25472027578123857,True
0.75,83,45135,1024,188,24,34,58,0.453125,0.18359375,8004,0.97705078125,3535,0.44165417291354325,6663.83203125,61.88671875,9.893563191709518,0.14831960794016447,0.4315185546875,0.25144673124999883,0.2546363390625004,24,33,1.375,36,2.3075834748160724,8,1974,0.0,6689.964705882353,28,62,0.484375,0.25472027578123857,True
0.75,84,11274,1024,89,12,34,46,0.359375,0.0869140625,8103,0.9891357421875,3746,0.4622979143527089,3936.763671875,47.87890625,12.17941016456451,0.07547712552992968,0.457275390625,0.25144673124999883,0.2546363390625004,12,20,1.6666666666666667,43,2.175700934579439,7,2129,0.0,3956.0804710500493,15,49,0.3828125,0.25472027578123857,True
0.75,85,1941,1024,38,5,34,39,0.3046875,0.037109375,8154,0.995361328125,3998,0.4903115035565367,2321.619140625,35.9375,14.472893852119002,0.1838066607597744,0.488037109375,0.25144673124999883,0.2546363390625004,5,13,2.6,19,2.0440330247685763,13,1726,0.0,2326.1624266144813,8,42,0.328125,0.25472027578123857,True
0.75,86,48940,1024,69,9,34,43,0.3359375,0.0673828125,8123,0.9915771484375,3522,0.43358365136033483,3195.830078125,44.76171875,13.084966809939472,0.0877603533424488,0.429931640625,0.25144673124999883,0.2546363390625004,9,17,1.8888888888888888,10,2.3229196251065036,7,2029,0.0,3198.954056695992,13,47,0.3671875,0.25472027578123857,True
0.75,87,36794,1024,21,3,34,37,0.2890625,0.0205078125,8171,0.9974365234375,3967,0.485497491127157,16040.693359375,106.607421875,6.078572241241025,0.030125712782489104,0.4842529296875,0.25144673124999883,0.2546363390625004,3,11,3.6666666666666665,46,2.05345436207766,18,1894,0.0,16119.401373895977,6,40,0.3125,0.25472027578123857,True
0.75,88,21994,1024,36,5,34,39,0.3046875,0.03515625,8156,0.99560546875,3855,0.4726581657675331,5176.310546875,60.52734375,10.990600374212436,0.07518872104581932,0.4705810546875,0.25144673124999883,0.2546363390625004,5,13,2.6,13,2.1219512195121952,13,2171,0.0,5181.370478983382,9,43,0.3359375,0.25472027578123857,True
0.75,89,49944,1024,28,4,34,38,0.296875,0.02734375,8164,0.99658203125,3452,0.42283194512493877,3508.5576171875,43.2412109375,12.679517480033235,0.10940506058262048,0.42138671875,0.25144673124999883,0.2546363390625004,4,12,3.0,47,2.35728774268328,14,1820,0.0,3525.7733071638863,6,40,0.3125,0.25472027578123857,True
0.75,90,43442,1024,28,4,34,38,0.296875,0.02734375,8164,0.99658203125,2704,0.33121019108280253,361.3720703125,9.5634765625,22.55125777053319,0.6381918957452397,0.330078125,0.25144673124999883,0.2546363390625004,4,12,3.0,119,2.985941546429893,9,1382,0.0,366.3811881188119,7,41,0.3203125,0.25472027578123857,True
0.75,91,45096,1024,32,4,34,38,0.296875,0.03125,8160,0.99609375,3313,0.4060049019607843,937.61328125,23.107421875,18.410566103885024,0.2028368195209316,0.4044189453125,0.25144673124999883,0.2546363390625004,4,12,3.0,20,2.467089371980676,15,1792,0.0,939.4481409001957,7,41,0.3203125,0.25472027578123857,True
0.75,92,42430,1024,34,5,34,39,0.3046875,0.033203125,8158,0.995849609375,3841,0.47082618288796274,355.6904296875,13.4775390625,22.62008180781439,0.41143880219191803,0.4688720703125,0.25144673124999883,0.2546363390625004,5,13,2.6,77,2.113020833333333,21,1418,0.0,358.84433497536946,8,42,0.328125,0.25472027578123857,True
0.75,93,42255,1024,99,13,34,47,0.3671875,0.0966796875,8093,0.9879150390625,4332,0.5352774002224144,4682.2529296875,60.1162109375,11.426254908066078,0.14989920781929925,0.52880859375,0.25144673124999883,0.2546363390625004,13,21,1.6153846153846154,27,1.8850150080812744,17,1843,0.0,4696.010773751224,16,50,0.390625,0.25472027578123857,True
0.75,94,5771,1024,6,1,34,35,0.2734375,0.005859375,8186,0.999267578125,4642,0.5670657219643294,30773.9658203125,161.4580078125,3.2489689377563016,0.028660498355079878,0.566650390625,0.25144673124999883,0.2546363390625004,1,9,9.0,23,1.7588881706528765,62,1885,0.0,30834.188845401175,4,38,0.296875,0.25472027578123857,True
0.75,95,8320,1024,122,16,34,50,0.390625,0.119140625,8070,0.985107421875,3588,0.4446096654275093,2363.615234375,38.31640625,14.395035803625849,0.08536361925900257,0.43798828125,0.25144673124999883,0.2546363390625004,16,24,1.5,18,2.2785057150822414,13,1874,0.0,2368.2407045009786,20,54,0.421875,0.25472027578123857,True
0.75,96,48807,1024,47,6,34,40,0.3125,0.0458984375,8145,0.9942626953125,4061,0.4985880908532842,6305.94140625,64.677734375,10.133304298287683,0.09775579285581772,0.4957275390625,0.25144673124999883,0.2546363390625004,6,14,2.3333333333333335,18,2.0120689655172415,14,1838,0.0,6318.28180039139,10,44,0.34375,0.25472027578123857,True
0.75,97,2675,1024,50,7,34,41,0.3203125,0.048828125,8142,0.993896484375,3753,0.4609432571849668,1504.052734375,31.275390625,16.35817297320684,0.35827737068387183,0.4581298828125,0.25144673124999883,0.2546363390625004,7,15,2.142857142857143,38,2.172174840085288,9,1827,0.0,1509.950980392157,10,44,0.34375,0.25472027578123857,True
0.75,98,37658,1024,44,6,34,40,0.3125,0.04296875,8148,0.99462890625,3748,0.45999018163966615,14468.32421875,92.03515625,6.526621286220946,0.027099278390805486,0.45751953125,0.25144673124999883,0.2546363390625004,6,14,2.3333333333333335,26,2.1790765946090205,14,2020,0.0,14510.836434867777,9,43,0.3359375,0.25472027578123857,True
0.75,99,45710,1024,37,5,34,39,0.3046875,0.0361328125,8155,0.9954833984375,4379,0.5369711833231147,11637.6787109375,98.6455078125,7.472139976988691,0.07528698201686716,0.5345458984375,0.25144673124999883,0.2546363390625004,5,13,2.6,9,1.8686614892645044,11,1972,0.0,11649.054740957967,9,43,0.3359375,0.25472027578123857,True
0.75,100,15813,1024,41,6,34,40,0.3125,0.0400390625,8151,0.9949951171875,3551,0.4356520672310146,1319.3798828125,27.5810546875,16.92710502959257,0.257285990529039,0.4334716796875,0.25144673124999883,0.2546363390625004,6,14,2.3333333333333335,13,2.303661971830986,11,1655,0.0,1320.6695992179864,9,43,0.3359375,0.25472027578123857,True
0.75,101,7135,1024,104,13,34,47,0.3671875,0.1015625,8088,0.9873046875,3814,0.4715628090999011,1214.4609375,29.435546875,17.286968103566707,0.201973398811675,0.465576171875,0.25144673124999883,0.2546363390625004,13,21,1.6153846153846154,29,2.140309467610805,16,1683,0.0,1218.0293829578845,18,52,0.40625,0.25472027578123857,True
0.75,102,31775,1024,44,6,34,40,0.3125,0.04296875,8148,0.99462890625,3808,0.46735395189003437,5545.0556640625,71.1630859375,10.691744506940308,0.19266681600335095,0.46484375,0.25144673124999883,0.2546363390625004,6,14,2.3333333333333335,9,2.1476228001050695,9,2371,0.0,5550.476050830889,9,43,0.3359375,0.25472027578123857,True
0.75,103,31772,1024,25,4,34,38,0.296875,0.0244140625,8167,0.9969482421875,4011,0.4911228113138239,9725.8642578125,83.4287109375,8.251521569656287,0.0668370901695517,0.4896240234375,0.25144673124999883,0.2546363390625004,4,12,3.0,12,2.039650872817955,9,2129,0.0,9735.371456500488,7,41,0.3203125,0.25472027578123857,True
0.75,104,25160,1024,65,9,34,43,0.3359375,0.0634765625,8127,0.9920654296875,4141,0.509536114187277,827.609375,21.544921875,18.952549592418947,0.24089164374433764,0.5054931640625,0.25144673124999883,0.2546363390625004,9,17,1.8888888888888888,20,1.973671497584541,23,1611,0.0,829.2289628180039,12,46,0.359375,0.25472027578123857,True
0.75,105,36108,1024,18,3,34,37,0.2890625,0.017578125,8174,0.997802734375,3591,0.4393197944702716,3673.1728515625,52.4814453125,12.480389950836093,0.0970970245180663,0.4383544921875,0.25144673124999883,0.2546363390625004,3,11,3.6666666666666665,28,2.2735376044568247,8,2056,0.0,3683.965719882468,6,40,0.3125,0.25472027578123857,True
0.75,106,1260,1024,61,8,34,42,0.328125,0.0595703125,8131,0.9925537109375,3292,0.4048702496617882,6106.5654296875,56.7939453125,10.27283346096221,0.06387387446496559,0.40185546875,0.25144673124999883,0.2546363390625004,8,16,2.0,12,2.485262838043148,8,1896,0.0,6112.534701857283,12,46,0.359375,0.25472027578123857,True
0.75,107,37885,1024,270,34,34,68,0.53125,0.263671875,7922,0.967041015625,3704,0.46755869729866195,9809.8583984375,84.0029296875,8.214176223178356,0.027026985453955217,0.4521484375,0.25144673124999883,0.2546363390625004,34,45,1.3235294117647058,85,2.1890359168241966,8,2045,0.0,9906.602564102564,40,74,0.578125,0.25472027578123857,True
0.75,108,41535,1024,6,1,34,35,0.2734375,0.005859375,8186,0.999267578125,3583,0.437698509650623,19386.240234375,122.7890625,5.255867706541303,0.0897188649870212,0.4373779296875,0.25144673124999883,0.2546363390625004,1,9,9.0,127,2.2445561139028474,11,1936,0.0,19674.44003964321,4,38,0.296875,0.25472027578123857,True
0.75,109,44889,1024,43,6,34,40,0.3125,0.0419921875,8149,0.9947509765625,3830,0.4699963185666953,2811.4541015625,39.0126953125,13.641493630459085,0.06591470084058,0.467529296875,0.25144673124999883,0.2546363390625004,6,14,2.3333333333333335,37,2.1295377383128753,20,1714,0.0,2822.4794117647057,9,43,0.3359375,0.25472027578123857,True
0.75,110,28184,1024,512,64,34,98,0.765625,0.5,7680,0.9375,3757,0.48919270833333334,3268.375,48.86328125,12.987484809734486,0.20880655858337713,0.4586181640625,0.25144673124999883,0.2546363390625004,64,75,1.171875,9,2.178115015974441,7,2204,0.0,3271.569892473118,73,107,0.8359375,0.25472027578123857,True
0.75,111,25319,1024,39,5,34,39,0.3046875,0.0380859375,8153,0.9952392578125,4245,0.5206672390531093,3491.521484375,50.220703125,12.700656421389338,0.08080529790122698,0.5181884765625,0.25144673124999883,0.2546363390625004,5,13,2.6,11,1.9269557021677663,19,1976,0.0,3494.9345063538613,9,43,0.3359375,0.25472027578123857,True
0.75,112,11010,1024,45,6,34,40,0.3125,0.0439453125,8147,0.9945068359375,4367,0.536025530870259,6577.212890625,71.8125,9.950384615770977,0.11147767796305787,0.5330810546875,0.25144673124999883,0.2546363390625004,6,14,2.3333333333333335,36,1.8676133760879523,20,2009,0.0,6603.005882352942,9,43,0.3359375,0.25472027578123857,True
0.75,113,33880,1024,20,3,34,37,0.2890625,0.01953125,8172,0.99755859375,3372,0.41262848751835535,1540.2099609375,33.1552734375,16.255004331086276,0.13407626112401164,0.41162109375,0.25144673124999883,0.2546363390625004,3,11,3.6666666666666665,8,2.4274695935924058,12,1935,0.0,1541.7155425219942,6,40,0.3125,0.25472027578123857,True
0.75,114,19307,1024,20,3,34,37,0.2890625,0.01953125,8172,0.99755859375,3725,0.4558247674987763,1835.685546875,35.6796875,15.492820723214002,0.16409576077388566,0.4547119140625,0.25144673124999883,0.2546363390625004,3,11,3.6666666666666665,55,2.183673469387755,7,2097,0.0,1846.5049115913555,6,40,0.3125,0.25472027578123857,True
0.75,115,12236,1024,6,1,34,35,0.2734375,0.005859375,8186,0.999267578125,2107,0.2573906669924261,6252.1591796875,45.1962890625,10.170503342623045,0.0683359819917323,0.2572021484375,0.25144673124999883,0.2546363390625004,1,9,9.0,15,3.848053181386515,8,1283,0.0,6258.270772238514,4,38,0.296875,0.25472027578123857,True
0.75,116,13805,1024,24,3,34,37,0.2890625,0.0234375,8168,0.9970703125,4315,0.528281096963761,14144.67578125,110.21875,6.624873636898033,0.0853152797201309,0.5267333984375,0.25144673124999883,0.2546363390625004,3,11,3.6666666666666665,9,1.8966156699119148,15,2080,0.0,14158.502443792766,6,40,0.3125,0.25472027578123857,True
0.75,117,5814,1024,22,3,34,37,0.2890625,0.021484375,8170,0.997314453125,3603,0.44100367197062423,6200.40625,62.36328125,10.206602155062308,0.06751323608028831,0.4398193359375,0.25144673124999883,0.2546363390625004,3,11,3.6666666666666665,45,2.261521377012771,9,2007,0.0,6230.830225711482,6,40,0.3125,0.25472027578123857,True
0.75,118,48485,1024,35,5,34,39,0.3046875,0.0341796875,8157,0.9957275390625,3692,0.4526173838420988,6896.95703125,67.81640625,9.744228405697257,0.055323022040728156,0.45068359375,0.25144673124999883,0.2546363390625004,5,13,2.6,9,2.2148469249525875,9,2058,0.0,6903.698924731183,8,42,0.328125,0.25472027578123857,True
0.75,119,12248,1024,6,1,34,35,0.2734375,0.005859375,8186,0.999267578125,3404,0.4158319081358417,15032.712890625,96.7734375,6.360429979050716,0.04075705209861439,0.41552734375,0.25144673124999883,0.2546363390625004,1,9,9.0,13,2.4025859535703793,9,1894,0.0,15047.407624633432,4,38,0.296875,0.25472027578123857,True
0.75,120,458,1024,192,24,34,58,0.453125,0.1875,8000,0.9765625,4034,0.50425,2346.5478515625,39.2783203125,14.426509459555998,0.0828993256903668,0.492431640625,0.25144673124999883,0.2546363390625004,24,32,1.3333333333333333,16,2.027027027027027,17,1865,0.0,2351.1399217221133,31,65,0.5078125,0.25472027578123857,True
0.75,121,319,1024,31,4,34,38,0.296875,0.0302734375,8161,0.9962158203125,3856,0.47249111628476903,14541.990234375,90.2109375,6.5045651220897565,0.04035666864687817,0.470703125,0.25144673124999883,0.2546363390625004,4,12,3.0,22,2.119066147859922,15,1857,0.0,14570.448140900196,7,41,0.3203125,0.25472027578123857,True
0.75,122,21496,1024,17,3,34,37,0.2890625,0.0166015625,8175,0.9979248046875,3723,0.45541284403669724,8162.271484375,73.375,9.012693251715104,0.08257083947725473,0.4544677734375,0.25144673124999883,0.2546363390625004,3,11,3.6666666666666665,44,2.1880709296077376,13,1908,0.0,8202.321884200197,6,40,0.3125,0.25472027578123857,True
0.75,123,20390,1024,80,10,34,44,0.34375,0.078125,8112,0.990234375,4140,0.5103550295857988,3861.3955078125,51.8291015625,12.263360738609265,0.14366885940326635,0.50537109375,0.25144673124999883,0.2546363390625004,10,18,1.8,27,1.9724571152452284,7,2241,0.0,3872.741429970617,13,47,0.3671875,0.25472027578123857,True
0.75,124,33691,1024,35,5,34,39,0.3046875,0.0341796875,8157,0.9957275390625,4711,0.5775407625352458,2733.8544921875,36.9287109375,13.763049650917484,0.1039705254866485,0.5750732421875,0.25144673124999883,0.2546363390625004,5,13,2.6,21,1.7346072186836519,24,1630,0.0,2739.204500978474,8,42,0.328125,0.25472027578123857,True
0.75,125,33872,1024,12,2,34,36,0.28125,0.01171875,8180,0.99853515625,4017,0.4910757946210269,7652.111328125,75.431640625,9.29299081054908,0.06583840101750656,0.4903564453125,0.25144673124999883,0.2546363390625004,2,10,5.0,12,2.0366035856573705,13,2182,0.0,7659.591397849463,5,39,0.3046875,0.25472027578123857,True
0.75,126,46987,1024,32,4,34,38,0.296875,0.03125,8160,0.99609375,4319,0.5292892156862745,2560.025390625,45.5625,14.048360881522928,0.3120623896326126,0.5272216796875,0.25144673124999883,0.2546363390625004,4,12,3.0,18,1.8927744326076887,16,2065,0.0,2565.0352250489236,7,41,0.3203125,0.25472027578123857,True
0.75,127,26772,1024,141,18,34,52,0.40625,0.1376953125,8051,0.9827880859375,3550,0.4409390137871072,2657.0078125,41.455078125,13.886875294833567,0.15512444876051687,0.433349609375,0.25144673124999883,0.2546363390625004,18,27,1.5,36,2.2969850662158353,13,1951,0.0,2667.427450980392,22,56,0.4375,0.25472027578123857,True
0.75,128,7057,1024,57,8,34,42,0.328125,0.0556640625,8135,0.9930419921875,3865,0.47510755992624465,12171.7919921875,88.9755859375,7.277258389215979,0.04271032243906666,0.4718017578125,0.25144673124999883,0.2546363390625004,8,16,2.0,94,2.0949792960662528,7,2125,0.0,12303.963474827246,10,44,0.34375,0.25472027578123857,True
0.75,129,30014,1024,20,3,34,37,0.2890625,0.01953125,8172,0.99755859375,4305,0.5267988252569751,20952.09375,131.759765625,4.918529321987019,0.06008735948542032,0.5255126953125,0.25144673124999883,0.2546363390625004,3,11,3.6666666666666665,13,1.900092936802974,25,2194,0.0,20972.57478005865,6,40,0.3125,0.25472027578123857,True
0.75,130,48237,1024,68,9,34,43,0.3359375,0.06640625,8124,0.99169921875,3347,0.4119891678975874,1311.0751953125,28.8427734375,16.954527599690046,0.1748073072818322,0.4085693359375,0.25144673124999883,0.2546363390625004,9,17,1.8888888888888888,29,2.438732815301853,7,1818,0.0,1314.9275220372185,12,46,0.359375,0.25472027578123857,True
0.75,131,4823,1024,63,8,34,42,0.328125,0.0615234375,8129,0.9923095703125,4053,0.4985853118464756,16773.2900390625,114.7958984375,5.884621041253515,0.1058709409899227,0.4947509765625,0.25144673124999883,0.2546363390625004,8,16,2.0,29,2.0140671273445214,10,2140,0.0,16822.574926542606,13,47,0.3671875,0.25472027578123857,True
0.75,132,26627,1024,41,6,34,40,0.3125,0.0400390625,8151,0.9949951171875,3848,0.47208931419457734,2733.4033203125,42.6337890625,13.763766432393199,0.1038153232894484,0.4697265625,0.25144673124999883,0.2546363390625004,6,14,2.3333333333333335,46,2.1172342084741356,18,1917,0.0,2746.8155053974483,9,43,0.3359375,0.25472027578123857,True
0.75,133,12293,1024,44,6,34,40,0.3125,0.04296875,8148,0.99462890625,3933,0.48269513991163476,2499.7060546875,38.9052734375,14.151914187289652,0.06862375686367664,0.4801025390625,0.25144673124999883,0.2546363390625004,6,14,2.3333333333333335,11,2.0803662258392674,14,1850,0.0,2502.149560117302,9,43,0.3359375,0.25472027578123857,True
0.75,134,32803,1024,43,6,34,40,0.3125,0.0419921875,8149,0.9947509765625,3258,0.399803656890416,521.66015625,17.9296875,20.95692693747936,0.23333768398221172,0.397705078125,0.25144673124999883,0.2546363390625004,6,14,2.3333333333333335,34,2.5044519496469144,8,1808,0.0,523.7058823529412,9,43,0.3359375,0.25472027578123857,True
0.75,135,41882,1024,24,3,34,37,0.2890625,0.0234375,8168,0.9970703125,4098,0.5017140058765915,10415.8798828125,83.2958984375,7.953843979514458,0.18370969805250592,0.500244140625,0.25144673124999883,0.2546363390625004,3,11,3.6666666666666665,13,1.9953624603368318,20,1844,0.0,10426.061583577713,6,40,0.3125,0.25472027578123857,True
0.75,136,10235,1024,61,8,34,42,0.328125,0.0595703125,8131,0.9925537109375,3948,0.48554913294797686,7409.873046875,78.669921875,9.432695935787251,0.1299489745557746,0.48193359375,0.25144673124999883,0.2546363390625004,8,16,2.0,13,2.0711933113757284,8,2324,0.0,7417.116324535679,12,46,0.359375,0.25472027578123857,True
0.75,137,30033,1024,34,5,34,39,0.3046875,0.033203125,8158,0.995849609375,3653,0.4477813189507232,3864.2236328125,48.7373046875,12.260181086301431,0.06175640549614921,0.4459228515625,0.25144673124999883,0.2546363390625004,5,13,2.6,20,2.237130339539978,10,1905,0.0,3871.785714285714,8,42,0.328125,0.25472027578123857,True
0.75,138,20042,1024,14,2,34,36,0.28125,0.013671875,8178,0.998291015625,4229,0.5171191000244558,2951.6552734375,45.6708984375,13.430147264113746,0.04501421529873138,0.5162353515625,0.25144673124999883,0.2546363390625004,2,10,5.0,19,1.93282876064333,15,1863,0.0,2957.431506849315,5,39,0.3046875,0.25472027578123857,True
0.75,139,29399,1024,68,9,34,43,0.3359375,0.06640625,8124,0.99169921875,3966,0.4881831610044313,9059.916015625,76.44140625,8.55956189032122,0.12856124168418961,0.484130859375,0.25144673124999883,0.2546363390625004,9,18,2.0,9,2.0635561160151323,9,2066,0.0,9068.772238514173,13,47,0.3671875,0.25472027578123857,True
0.75,140,6463,1024,61,8,34,42,0.328125,0.0595703125,8131,0.9925537109375,4454,0.5477801008486041,3293.2978515625,47.1533203125,12.954493500344462,0.07278655596920938,0.543701171875,0.25144673124999883,0.2546363390625004,8,16,2.0,11,1.836739276891983,14,1921,0.0,3296.5171065493646,12,46,0.359375,0.25472027578123857,True
0.75,141,25920,1024,108,14,34,48,0.375,0.10546875,8084,0.98681640625,3101,0.38359722909450766,898.8291015625,20.6767578125,18.594032356573074,0.4828610629327704,0.3785400390625,0.25144673124999883,0.2546363390625004,14,22,1.5714285714285714,86,2.6145161290322583,11,1699,0.0,907.6932938856016,17,51,0.3984375,0.25472027578123857,True
0.75,142,10327,1024,6,1,34,35,0.2734375,0.005859375,8186,0.999267578125,4214,0.5147813339848522,22041.005859375,140.28125,4.698489508511291,0.03909978369539226,0.514404296875,0.25144673124999883,0.2546363390625004,1,9,9.0,12,1.9406598623308806,9,2191,0.0,22062.551319648093,4,38,0.296875,0.25472027578123857,True
0.75,143,3805,1024,74,10,34,44,0.34375,0.072265625,8118,0.990966796875,3568,0.4395171224439517,1087.7197265625,24.6181640625,17.76563356027784,0.10123002427844147,0.435546875,0.25144673124999883,0.2546363390625004,10,18,1.8,29,2.288197364732268,11,1752,0.0,1090.9157688540647,13,47,0.3671875,0.25472027578123857,True
0.75,144,37879,1024,49,7,34,41,0.3203125,0.0478515625,8143,0.9940185546875,4419,0.5426746899177207,4909.072265625,65.83203125,11.220809355451514,0.38090463602508273,0.5394287109375,0.25144673124999883,0.2546363390625004,7,15,2.142857142857143,35,1.8458578542326844,17,2397,0.0,4928.323529411765,10,44,0.34375,0.25472027578123857,True
0.75,145,22721,1024,67,9,34,43,0.3359375,0.0654296875,8125,0.9918212890625,3704,0.45587692307692307,2686.248046875,38.388671875,13.83934248136384,0.15971375394720197,0.4521484375,0.25144673124999883,0.2546363390625004,9,17,1.8888888888888888,102,2.1839049419389682,10,1753,0.0,2718.100790513834,12,46,0.359375,0.25472027578123857,True
0.75,146,43932,1024,20,3,34,37,0.2890625,0.01953125,8172,0.99755859375,3799,0.46488007831620165,13492.904296875,97.236328125,6.829749208809819,0.021371927136682456,0.4637451171875,0.25144673124999883,0.2546363390625004,3,11,3.6666666666666665,22,2.150605581885203,8,2141,0.0,13519.309197651663,6,40,0.3125,0.25472027578123857,True
0.75,147,47270,1024,64,8,34,42,0.328125,0.0625,8128,0.9921875,4039,0.4969242125984252,3602.48828125,49.767578125,12.564777841221296,0.06847094686241573,0.4930419921875,0.25144673124999883,0.2546363390625004,8,16,2.0,27,2.021792966815255,15,1948,0.0,3613.073457394711,12,46,0.359375,0.25472027578123857,True
0.75,148,11091,1024,65,9,34,43,0.3359375,0.0634765625,8127,0.9920654296875,3796,0.46708502522456014,5883.0908203125,67.3564453125,10.434748080004175,0.11141520124760312,0.46337890625,0.25144673124999883,0.2546363390625004,9,17,1.8888888888888888,17,2.1536231884057973,9,2344,0.0,5894.603718199609,11,45,0.3515625,0.25472027578123857,True
0.75,149,9736,1024,43,6,34,40,0.3125,0.0419921875,8149,0.9947509765625,4510,0.5534421401398945,1155.1279296875,27.4775390625,17.50450276137004,0.14285857156282905,0.550537109375,0.25144673124999883,0.2546363390625004,6,14,2.3333333333333335,29,1.8094921268573962,23,1706,0.0,1158.5220372184133,9,43,0.3359375,0.25472027578123857,True
0.75,150,23206,1024,16,2,34,36,0.28125,0.015625,8176,0.998046875,3539,0.4328522504892368,5578.46484375,55.140625,10.665656604279793,0.16046729577407912,0.4320068359375,0.25144673124999883,0.2546363390625004,2,10,5.0,29,2.306670435274166,8,2006,0.0,5594.856023506366,5,39,0.3046875,0.25472027578123857,True
0.75,151,25039,1024,281,36,34,70,0.546875,0.2744140625,7911,0.9656982421875,3827,0.48375679433699914,2964.1064453125,43.0654296875,13.411865651430201,0.076127799050458,0.4671630859375,0.25144673124999883,0.2546363390625004,36,47,1.3055555555555556,9,2.1385258755880816,13,1805,0.0,2967.003910068426,43,77,0.6015625,0.25472027578123857,True
0.75,152,21014,1024,6,1,34,35,0.2734375,0.005859375,8186,0.999267578125,2912,0.3557292939164427,17491.58984375,96.634765625,5.702510757466874,0.045170081610979684,0.35546875,0.24860408046875193,0.25071143750000147,1,9,9.0,87,2.750944692545517,8,1577,0.0,17664.090729783038,4,38,0.296875,0.24427737265625638,True
0.75,153,32412,1024,20,3,34,37,0.2890625,0.01953125,8172,0.99755859375,3692,0.451786588350465,3177.73828125,47.908203125,13.109622350479826,0.11448232273770992,0.45068359375,0.24860408046875193,0.25071143750000147,3,11,3.6666666666666665,10,2.216472500677323,9,1903,0.0,3180.844574780059,6,40,0.3125,0.24427737265625638,True
0.75,154,34022,1024,21,3,34,37,0.2890625,0.0205078125,8171,0.9974365234375,4213,0.5156039652429323,816.916015625,21.564453125,19.009029503886726,0.2552275843428623,0.5142822265625,0.24860408046875193,0.25071143750000147,3,11,3.6666666666666665,29,1.9377967711301045,17,1707,0.0,819.3163565132223,6,40,0.3125,0.24427737265625638,True
0.75,155,21369,1024,19,3,34,37,0.2890625,0.0185546875,8173,0.9976806640625,3394,0.4152697907745014,5355.3564453125,47.6103515625,10.842919786822039,0.1280978064501132,0.414306640625,0.24860408046875193,0.25071143750000147,3,11,3.6666666666666665,11,2.4096669613910993,15,1804,0.0,5360.591397849463,6,40,0.3125,0.24427737265625638,True
0.75,156,41654,1024,24,3,34,37,0.2890625,0.0234375,8168,0.9970703125,3880,0.47502448579823703,6627.4052734375,68.2158203125,9.917368318588393,0.04326329401929557,0.4736328125,0.24860408046875193,0.25071143750000147,3,11,3.6666666666666665,58,2.096674400618716,12,2071,0.0,6673.021632251721,6,40,0.3125,0.24427737265625638,True
0.75,157,11953,1024,6,1,34,35,0.2734375,0.005859375,8186,0.999267578125,3910,0.47764475934522355,24389.4921875,139.6796875,4.258776028855657,0.06422202619835923,0.477294921875,0.24860408046875193,0.25071143750000147,1,9,9.0,14,2.091327705295472,8,2023,0.0,24413.333333333332,4,38,0.296875,0.24427737265625638,True
0.75,158,13700,1024,84,11,34,45,0.3515625,0.08203125,8108,0.98974609375,4470,0.5513073507646769,4971.5322265625,57.9169921875,11.165901019159392,0.12471099563769687,0.545654296875,0.24860408046875193,0.25071143750000147,11,20,1.8181818181818181,28,1.8259118371000225,14,1943,0.0,4986.1400587659155,15,49,0.3828125,0.24427737265625638,True
0.75,159,38205,1024,39,5,34,39,0.3046875,0.0380859375,8153,0.9952392578125,3605,0.44216852692260517,5372.39453125,50.60546875,10.82912462520296,0.14258248929950376,0.4400634765625,0.24860408046875193,0.25071143750000147,5,13,2.6,21,2.2669256381798,13,1837,0.0,5382.908023483366,8,42,0.328125,0.24427737265625638,True
0.75,160,40129,1024,32,4,34,38,0.296875,0.03125,8160,0.99609375,2896,0.35490196078431374,266.8095703125,10.5966796875,23.86878957439871,0.39055675573014664,0.353515625,0.24860408046875193,0.25071143750000147,4,12,3.0,12,2.8248704663212436,7,1509,0.0,267.07038123167155,7,41,0.3203125,0.24427737265625638,True
0.75,161,17080,1024,104,13,34,47,0.3671875,0.1015625,8088,0.9873046875,3719,0.45981701285855586,2689.6572265625,39.5634765625,13.83383424396282,0.09731828828371236,0.4539794921875,0.24860408046875193,0.25071143750000147,13,16,1.2307692307692308,63,2.1861215707369555,14,1831,0.0,2708.1701081612587,13,47,0.3671875,0.24427737265625638,True
0.75,162,1505,1024,12,2,34,36,0.28125,0.01171875,8180,0.99853515625,4157,0.5081907090464548,17603.6015625,116.34765625,5.67478830627417,0.030228480734581602,0.5074462890625,0.24860408046875193,0.25071143750000147,2,10,5.0,12,1.9679980750721848,14,2112,0.0,17620.809384164222,5,39,0.3046875,0.24427737265625638,True
0.75,163,36391,1024,16,2,34,36,0.28125,0.015625,8176,0.998046875,4021,0.49180528375733856,5565.4755859375,60.0673828125,10.675780788956251,0.07165492255793957,0.4908447265625,0.24860408046875193,0.25071143750000147,2,10,5.0,11,2.0345771144278606,14,2200,0.0,5570.915933528837,6,40,0.3125,0.24427737265625638,True
0.75,164,24660,1024,16,2,34,36,0.28125,0.015625,8176,0.998046875,3896,0.4765166340508806,4461.4892578125,51.8896484375,11.636005092207514,0.1139217756162269,0.4755859375,0.24860408046875193,0.25071143750000147,2,10,5.0,11,2.1001283697047497,12,1948,0.0,4465.850439882698,5,39,0.3046875,0.24427737265625638,True
0.75,165,24061,1024,14,2,34,36,0.28125,0.013671875,8178,0.998291015625,3109,0.380166299828809,4361.2275390625,48.0263671875,11.734716150838747,0.1500085490628376,0.3795166015625,0.24860408046875193,0.25071143750000147,2,10,5.0,22,2.628056628056628,8,1868,0.0,4369.762230919765,5,39,0.3046875,0.24427737265625638,True
0.75,166,10964,1024,31,4,34,38,0.296875,0.0302734375,8161,0.9962158203125,4131,0.5061879671608871,6382.849609375,67.28515625,10.080657490227852,0.11429966522496587,0.5042724609375,0.24860408046875193,0.25071143750000147,4,12,3.0,20,1.9784503631961259,14,2015,0.0,6395.340508806262,7,41,0.3203125,0.24427737265625638,True
0.75,167,20807,1024,26,4,34,38,0.296875,0.025390625,8166,0.996826171875,4131,0.505878030859662,4160.0029296875,57.3876953125,11.939867243886034,0.0629640924133867,0.5042724609375,0.24860408046875193,0.25071143750000147,4,12,3.0,9,1.9808716707021792,13,2118,0.0,4164.069403714565,7,41,0.3203125,0.24427737265625638,True
0.75,168,33388,1024,87,11,34,45,0.3515625,0.0849609375,8105,0.9893798828125,4132,0.5098087600246761,3959.2998046875,53.0908203125,12.154619723787283,0.04944500027036643,0.50439453125,0.24860408046875193,0.25071143750000147,11,20,1.8181818181818181,13,1.9789397240377633,10,2007,0.0,3963.1700879765394,15,49,0.3828125,0.24427737265625638,True
0.75,169,34571,1024,6,1,34,35,0.2734375,0.005859375,8186,0.999267578125,3927,0.4797214756902028,23184.30859375,121.34765625,4.47886212044174,0.027037953415993205,0.4793701171875,0.24860408046875193,0.25071143750000147,1,9,9.0,5,2.0850738665308204,10,1836,,23184.30859375,4,38,0.296875,0.24427737265625638,True
0.75,170,21194,1024,15,2,34,36,0.28125,0.0146484375,8177,0.9981689453125,3555,0.4347560229913171,5892.859375,55.69921875,10.427542834907689,0.1447251375424476,0.4339599609375,0.24860408046875193,0.25071143750000147,2,10,5.0,18,2.299662352279122,11,1850,0.0,5904.391389432485,5,39,0.3046875,0.24427737265625638,True
0.75,171,32696,1024,25,4,34,38,0.296875,0.0244140625,8167,0.9969482421875,4165,0.5099791845230807,14555.82421875,111.8203125,6.500435586148732,0.10739771141077285,0.5084228515625,0.24860408046875193,0.25071143750000147,4,12,3.0,9,1.9644572526416906,12,2181,0.0,14570.052785923754,7,41,0.3203125,0.24427737265625638,True
0.75,172,46005,1024,31,4,34,38,0.296875,0.0302734375,8161,0.9962158203125,2757,0.33782624678348244,431.703125,14.623046875,21.778951684420257,0.5630958430009112,0.3365478515625,0.24860408046875193,0.25071143750000147,4,12,3.0,46,2.954644412191582,9,1459,0.0,433.82139352306183,7,41,0.3203125,0.24427737265625638,True
0.75,173,19269,1024,24,3,34,37,0.2890625,0.0234375,8168,0.9970703125,2746,0.3361900097943193,3231.6025390625,36.8173828125,13.0366242018449,0.434053409334201,0.335205078125,0.24860408046875193,0.25071143750000147,3,11,3.6666666666666665,87,2.9522768670309656,8,1751,0.0,3263.4723865877713,7,41,0.3203125,0.24427737265625638,True
0.75,174,5503,1024,60,8,34,42,0.328125,0.05859375,8132,0.99267578125,3706,0.455730447614363,3693.498046875,44.021484375,12.456424871661461,0.08106744188834802,0.452392578125,0.24860408046875193,0.25071143750000147,8,16,2.0,9,2.2083670715249664,10,1898,0.0,3697.108504398827,11,45,0.3515625,0.24427737265625638,True
0.75,175,32979,1024,12,2,34,36,0.28125,0.01171875,8180,0.99853515625,3792,0.4635696821515892,10115.5859375,82.783203125,8.0808931686016,0.052879604396637706,0.462890625,0.24860408046875193,0.25071143750000147,2,10,5.0,9,2.1582695858612504,14,2075,0.0,10125.474095796677,5,39,0.3046875,0.24427737265625638,True
0.75,176,32764,1024,82,11,34,45,0.3515625,0.080078125,8110,0.989990234375,4036,0.4976572133168927,2508.759765625,39.849609375,14.136212848297493,0.10177495504581281,0.49267578125,0.24860408046875193,0.25071143750000147,11,19,1.7272727272727273,20,2.025030978934325,17,1871,0.0,2513.6692759295497,14,48,0.375,0.24427737265625638,True
0.75,177,36396,1024,49,7,34,41,0.3203125,0.0478515625,8143,0.9940185546875,3967,0.48716689180891565,5106.7197265625,62.9482421875,11.049383378562116,0.19651570348396644,0.4842529296875,0.24860408046875193,0.25071143750000147,7,15,2.142857142857143,13,2.0620272314674737,8,2343,0.0,5111.711632453568,10,44,0.34375,0.24427737265625638,True
0.75,178,16139,1024,36,5,34,39,0.3046875,0.03515625,8156,0.99560546875,3674,0.450465914664051,1130.576171875,18.640625,17.597805328768843,0.5750416800333994,0.448486328125,0.24860408046875193,0.25071143750000147,5,13,2.6,47,2.216988837462565,11,1712,0.0,1136.1236506378802,7,41,0.3203125,0.24427737265625638,True
0.75,179,32110,1024,6,1,34,35,0.2734375,0.005859375,8186,0.999267578125,3196,0.3904226728560958,18629.90625,108.3125,5.42869691436516,0.08397785770620061,0.39013671875,0.24860408046875193,0.25071143750000147,1,9,9.0,14,2.5593114241001564,8,1653,0.0,18648.117302052786,4,38,0.296875,0.24427737265625638,True
0.75,180,37930,1024,35,5,34,39,0.3046875,0.0341796875,8157,0.9957275390625,3830,0.46953536839524335,2592.52734375,40.48828125,13.993570152177808,0.0901751451140002,0.467529296875,0.24860408046875193,0.25071143750000147,5,13,2.6,22,2.132932880647689,10,2044,0.0,2597.600782778865,8,42,0.328125,0.24427737265625638,True
0.75,181,5624,1024,53,7,34,41,0.3203125,0.0517578125,8139,0.9935302734375,4498,0.5526477454232707,2226.669921875,41.400390625,14.654245182087413,0.12899361949055216,0.549072265625,0.24860408046875193,0.25071143750000147,7,15,2.142857142857143,12,1.818545697131421,17,1702,0.0,2228.846529814272,10,44,0.34375,0.24427737265625638,True
0.75,182,37946,1024,16,2,34,36,0.28125,0.015625,8176,0.998046875,3967,0.4852005870841487,8447.8623046875,78.0732421875,8.86333534371563,0.13326353663816148,0.4842529296875,0.24860408046875193,0.25071143750000147,2,10,5.0,13,2.0620272314674737,15,2002,0.0,8456.120234604106,5,39,0.3046875,0.24427737265625638,True
0.75,183,6616,1024,46,6,34,40,0.3125,0.044921875,8146,0.994384765625,3944,0.48416400687453964,3967.51171875,51.5078125,12.145621426733008,0.06965307164547067,0.4814453125,0.24860408046875193,0.25071143750000147,6,14,2.3333333333333335,18,2.0725336038549327,15,1954,0.0,3975.2759295499022,10,44,0.34375,0.24427737265625638,True
0.75,184,11706,1024,35,5,34,39,0.3046875,0.0341796875,8157,0.9957275390625,3777,0.46303788157410813,9672.609375,79.396484375,8.275367115735792,0.10802760003309805,0.4610595703125,0.24860408046875193,0.25071143750000147,5,13,2.6,47,2.1565148305084745,9,2026,0.0,9720.07065750736,8,42,0.328125,0.24427737265625638,True
0.75,185,10558,1024,9,2,34,36,0.28125,0.0087890625,8183,0.9989013671875,3045,0.3721129170230967,10764.248046875,72.060546875,7.810966639586658,0.1145221320208086,0.3717041015625,0.24860408046875193,0.25071143750000147,2,10,5.0,108,2.644875164257556,8,1690,0.0,10902.660731948567,5,39,0.3046875,0.24427737265625638,True
0.75,186,18351,1024,6,1,34,35,0.2734375,0.005859375,8186,0.999267578125,2574,0.3144392865868556,9704.8349609375,70.2744140625,8.260922066317915,0.038040394839714185,0.314208984375,0.24860408046875193,0.25071143750000147,1,9,9.0,71,3.1496307811892734,8,1489,0.0,9781.250984251968,4,38,0.296875,0.24427737265625638,True
0.75,187,15023,1024,6,1,34,35,0.2734375,0.005859375,8186,0.999267578125,3852,0.4705594918152944,17648.89453125,124.361328125,5.663628530711873,0.14312015887894564,0.47021484375,0.24860408046875193,0.25071143750000147,1,9,9.0,14,2.1223058945728384,8,1955,0.0,17666.146627565984,4,38,0.296875,0.24427737265625638,True
0.75,188,9490,1024,15,2,34,36,0.28125,0.0146484375,8177,0.9981689453125,3697,0.45212180506298155,5736.166015625,61.28125,10.544586487126146,0.14638757969951904,0.4512939453125,0.24860408046875193,0.25071143750000147,2,10,5.0,19,2.211038961038961,14,2114,0.0,5747.391389432485,6,40,0.3125,0.24427737265625638,True
0.75,189,6355,1024,92,12,34,46,0.359375,0.08984375,8100,0.98876953125,4384,0.5412345679012346,10441.7998046875,97.0419921875,7.943049984204286,0.2158864669663378,0.53515625,0.24860408046875193,0.25071143750000147,12,20,1.6666666666666667,8,1.866986082591832,12,2086,0.0,10452.006842619747,16,50,0.390625,0.24427737265625638,True
0.75,190,8857,1024,58,8,34,42,0.328125,0.056640625,8134,0.992919921875,3159,0.38836980575362673,813.8642578125,16.1669921875,19.025283847243447,0.37609099778940885,0.3856201171875,0.24860408046875193,0.25071143750000147,8,16,2.0,69,2.57188093730209,9,1446,0.0,820.2726377952756,10,44,0.34375,0.24427737265625638,True
0.75,191,31811,1024,30,4,34,38,0.296875,0.029296875,8162,0.996337890625,4385,0.5372457730948297,14835.87890625,104.9921875,6.417670810052205,0.17095678897362027,0.5352783203125,0.24860408046875193,0.25071143750000147,4,12,3.0,21,1.863594890510949,21,1988,0.0,14864.91193737769,6,40,0.3125,0.24427737265625638,True
0.75,192,10400,1024,50,7,34,41,0.3203125,0.048828125,8142,0.993896484375,3978,0.4885777450257922,1680.142578125,35.2734375,15.877342230316147,0.19290689489141352,0.485595703125,0.24860408046875193,0.25071143750000147,7,15,2.142857142857143,20,2.0540608498868496,13,1904,0.0,1683.430528375734,10,44,0.34375,0.24427737265625638,True
0.75,193,275,1024,300,38,34,72,0.5625,0.29296875,7892,0.96337890625,3292,0.41713127217435375,3102.7841796875,42.4130859375,13.213287924479403,0.04399548793810793,0.40185546875,0.24860408046875193,0.25071143750000147,38,49,1.2894736842105263,12,2.485262838043148,9,1976,0.0,3105.8172043010754,44,78,0.609375,0.24427737265625638,True
0.75,194,26152,1024,6,1,34,35,0.2734375,0.005859375,8186,0.999267578125,3706,0.45272416320547276,18343.6904296875,117.4931640625,5.495936482897765,0.05140453878207003,0.452392578125,0.24860408046875193,0.25071143750000147,1,9,9.0,287,2.1333333333333333,8,1888,0.0,18992.86046511628,4,38,0.296875,0.24427737265625638,True
0.75,195,13037,1024,6,1,34,35,0.2734375,0.005859375,8186,0.999267578125,3115,0.38052773027119474,15930.12109375,93.841796875,6.108612837392501,0.0480518310274592,0.3802490234375,0.24860408046875193,0.25071143750000147,1,9,9.0,14,2.625883108542068,11,1497,0.0,15945.693059628544,4,38,0.296875,0.24427737265625638,True
0.75,196,41203,1024,63,8,34,42,0.328125,0.0615234375,8129,0.9923095703125,3533,0.43461680403493663,2235.658203125,38.498046875,14.63674953354451,0.08270541324118141,0.4312744140625,0.24860408046875193,0.25071143750000147,8,16,2.0,19,2.3137032842582106,14,1909,0.0,2240.033268101761,12,46,0.359375,0.24427737265625638,True
0.75,197,43709,1024,42,6,34,40,0.3125,0.041015625,8150,0.994873046875,3714,0.4557055214723926,3927.509765625,47.6171875,12.18963087295485,0.3924240146508743,0.453369140625,0.24860408046875193,0.25071143750000147,6,14,2.3333333333333335,67,2.1879881497441422,7,2007,0.0,3958.435039370079,8,42,0.328125,0.24427737265625638,True
0.75,198,43572,1024,15,2,34,36,0.28125,0.0146484375,8177,0.9981689453125,4213,0.5152256328726917,12051.2041015625,95.4873046875,7.32049919057542,0.11222243586879631,0.5142822265625,0.24860408046875193,0.25071143750000147,2,10,5.0,11,1.9420702754036088,15,2004,0.0,12062.984359726295,6,40,0.3125,0.24427737265625638,True
0.75,199,23390,1024,38,5,34,39,0.3046875,0.037109375,8154,0.995361328125,3438,0.4216335540838852,1985.54296875,33.634765625,15.152010708837238,0.1150727221987598,0.419677734375,0.24860408046875193,0.25071143750000147,5,13,2.6,21,2.3767820773930755,13,1784,0.0,1989.4285714285713,8,42,0.328125,0.24427737265625638,True
0.8,0,712,1024,261,33,34,67,0.5234375,0.2548828125,7931,0.9681396484375,3750,0.47282814273105533,2970.9267578125,39.2705078125,13.401884155839232,0.16828427865056989,0.457763671875,0.24860408046875193,0.25071143750000147,33,42,1.2727272727272727,20,2.1795145372099225,15,1766,0.0,2976.7407045009786,40,74,0.578125,0.24427737265625638,True
0.8,1,24774,1024,304,38,34,72,0.5625,0.296875,7888,0.962890625,4200,0.5324543610547667,4045.63671875,53.419921875,12.060934785096523,0.07370345229474952,0.5126953125,0.24860408046875193,0.25071143750000147,38,47,1.236842105263158,116,1.9230769230769231,15,1918,0.0,4101.714851485149,44,78,0.609375,0.24427737265625638,True
0.8,2,45142,1024,45,6,34,40,0.3125,0.0439453125,8147,0.9945068359375,3451,0.42359150607585616,3547.3095703125,50.6943359375,12.631812702781552,0.07353484238547957,0.4212646484375,0.24860408046875193,0.25071143750000147,6,14,2.3333333333333335,34,2.3631884057971013,9,2029,0.0,3561.220588235294,9,43,0.3359375,0.24427737265625638,True
0.8,3,27119,1024,10,2,34,36,0.28125,0.009765625,8182,0.998779296875,2796,0.3417257394280127,13373.85546875,72.42578125,6.868237353989377,0.07202365048003136,0.34130859375,0.24860408046875193,0.25071143750000147,2,10,5.0,7,2.9277280858676207,24,1486,,13373.85546875,5,39,0.3046875,0.24427737265625638,True
0.8,4,21139,1024,1986,249,34,283,2.2109375,1.939453125,6206,0.757568359375,2700,0.4350628424105704,2858.94921875,40.595703125,13.5687391947023,0.006277009780830895,0.32958984375,0.24860408046875193,0.25071143750000147,249,260,1.0441767068273093,20,3.0270470544646164,16,1519,0.0,2864.5440313111544,266,300,2.34375,0.24427737265625638,True
0.8,5,19129,1024,395,50,34,84,0.65625,0.3857421875,7797,0.9517822265625,3895,0.4995511094010517,9194.6982421875,83.5498046875,8.49542880029354,0.07429799175292702,0.4754638671875,0.24860408046875193,0.25071143750000147,50,61,1.22,18,2.098870056497175,15,2043,0.0,9212.691780821919,56,90,0.703125,0.24427737265625638,True
0.8,6,6433,1024,1425,179,34,213,1.6640625,1.3916015625,6767,0.8260498046875,2541,0.37549874390424115,1627.3212890625,32.9560546875,16.01607054832326,-0.00013846065738507387,0.3101806640625,0.24860408046875193,0.25071143750000147,179,190,1.0614525139664805,51,3.204724409448819,11,1583,0.0,1636.9125736738704,191,225,1.7578125,0.24427737265625638,True
0.8,7,38854,1024,1212,152,34,186,1.453125,1.18359375,6980,0.85205078125,3556,0.5094555873925501,3758.5302734375,49.7841796875,12.380623082057365,0.06947048241688601,0.43408203125,0.24860408046875193,0.25071143750000147,152,163,1.0723684210526316,45,2.290576652601969,14,1771,0.0,3776.972522080471,165,199,1.5546875,0.24427737265625638,True
0.8,8,22489,1024,66,9,34,43,0.3359375,0.064453125,8126,0.991943359375,3688,0.4538518336204775,2568.34375,38.5625,14.034272111217089,0.1255725760877631,0.4501953125,0.24860408046875193,0.25071143750000147,9,17,1.8888888888888888,35,2.2118253322484405,15,1800,0.0,2578.41568627451,12,46,0.359375,0.24427737265625638,True
0.8,9,31104,1024,30,4,34,38,0.296875,0.029296875,8162,0.996337890625,3755,0.4600588091154129,10316.03125,71.552734375,7.995677118066244,0.09372168446083409,0.4583740234375,0.24860408046875193,0.25071143750000147,4,12,3.0,114,2.1515716568993075,14,1876,0.0,10459.025742574257,7,41,0.3203125,0.24427737265625638,True
0.8,10,21349,1024,88,11,34,45,0.3515625,0.0859375,8104,0.9892578125,3375,0.4164610069101678,1056.4990234375,24.8251953125,17.89211260914411,0.11995915020166625,0.4119873046875,0.24860408046875193,0.25071143750000147,11,19,1.7272727272727273,19,2.4208654416123294,15,1689,0.0,1058.5665362035224,14,48,0.375,0.24427737265625638,True
0.8,11,29116,1024,224,28,34,62,0.484375,0.21875,7968,0.97265625,3490,0.4380020080321285,6972.400390625,62.90234375,9.696980423200582,0.10230963599512008,0.426025390625,0.24860408046875193,0.25071143750000147,28,37,1.3214285714285714,20,2.34164517053597,8,1884,0.0,6986.045009784736,33,67,0.5234375,0.24427737265625638,True
0.8,12,10772,1024,1307,164,34,198,1.546875,1.2763671875,6885,0.8404541015625,3463,0.5029774872912128,14358.3408203125,98.0712890625,6.559761030099635,0.06249641025799404,0.4227294921875,0.24860408046875193,0.25071143750000147,164,175,1.0670731707317074,9,2.3633737723859043,13,1828,0.0,14372.376344086022,174,208,1.625,0.24427737265625638,True
0.8,13,18332,1024,191,24,34,58,0.453125,0.1865234375,8001,0.9766845703125,4043,0.5053118360204975,2729.521484375,45.16796875,13.769938438310636,0.08024489283024722,0.4935302734375,0.24860408046875193,0.25071143750000147,24,33,1.375,19,2.0217714002968825,16,1947,0.0,2734.8630136986303,27,61,0.4765625,0.24427737265625638,True
0.8,14,1003,1024,33,5,34,39,0.3046875,0.0322265625,8159,0.9959716796875,4041,0.4952812844711362,11512.251953125,96.3515625,7.519200750180193,0.06543474998678363,0.4932861328125,0.24860408046875193,0.25071143750000147,5,13,2.6,30,2.020049504950495,8,2320,0.0,11546.078354554358,8,42,0.328125,0.24427737265625638,True
0.8,15,22156,1024,1178,148,34,182,1.421875,1.150390625,7014,0.856201171875,3534,0.5038494439692045,4864.3818359375,61.0869140625,11.260527027586619,-0.011293230280234923,0.431396484375,0.24860408046875193,0.25071143750000147,148,159,1.0743243243243243,17,2.3133314463628643,9,1963,0.0,4873.901174168297,168,202,1.578125,0.24427737265625638,True
0.8,16,26453,1024,1868,234,34,268,2.09375,1.82421875,6324,0.77197265625,2379,0.3761859582542694,2467.4951171875,35.0498046875,14.20824058930744,0.07232453133969628,0.2904052734375,0.24860408046875193,0.25071143750000147,234,245,1.047008547008547,12,3.438603868797309,6,1541,0.0,2469.907135874878,253,287,2.2421875,0.24427737265625638,True
0.8,17,17039,1024,164,21,34,55,0.4296875,0.16015625,8028,0.97998046875,3437,0.4281265570503239,649.3271484375,18.8662109375,20.006167997168305,0.29461307617388516,0.4195556640625,0.24860408046875193,0.25071143750000147,21,30,1.4285714285714286,10,2.380966239813737,7,1737,0.0,649.9618768328446,25,59,0.4609375,0.24427737265625638,True
0.8,18,7166,1024,29,4,34,38,0.296875,0.0283203125,8163,0.9964599609375,4176,0.5115766262403528,9317.5576171875,85.1396484375,8.437782738773187,0.11515859526352862,0.509765625,0.24860408046875193,0.25071143750000147,4,12,3.0,9,1.9592814371257485,13,2026,0.0,9326.66568914956,7,41,0.3203125,0.24427737265625638,True
0.8,19,48310,1024,18,3,34,37,0.2890625,0.017578125,8174,0.997802734375,3615,0.4422559334475165,10353.1328125,81.845703125,7.980085755860268,0.08240121357705857,0.4412841796875,0.24860408046875193,0.25071143750000147,3,11,3.6666666666666665,55,2.251245157719978,8,2036,0.0,10414.153241650294,6,40,0.3125,0.24427737265625638,True
0.8,20,12187,1024,39,5,34,39,0.3046875,0.0380859375,8153,0.9952392578125,3875,0.4752851711026616,1691.5419921875,33.7724609375,15.847975773374978,0.22304133805964943,0.4730224609375,0.24860408046875193,0.25071143750000147,5,13,2.6,134,2.079762519359835,14,1703,0.0,1718.391865079365,8,42,0.328125,0.24427737265625638,True
0.8,21,20284,1024,23,3,34,37,0.2890625,0.0224609375,8169,0.9971923828125,2828,0.3461868037703513,891.353515625,15.71875,18.630303791253265,0.2713467764791658,0.34521484375,0.24860408046875193,0.25071143750000147,3,11,3.6666666666666665,37,2.8839759462327557,14,1474,0.0,894.8490196078432,6,40,0.3125,0.24427737265625638,True
0.8,22,1052,1024,431,54,34,88,0.6875,0.4208984375,7761,0.9473876953125,3594,0.4630846540394279,3796.3759765625,51.6787109375,12.337111443464128,0.06358658033845523,0.438720703125,0.24860408046875193,0.25071143750000147,54,65,1.2037037037037037,34,2.2702477038686335,12,1877,0.0,3811.263725490196,62,96,0.75,0.24427737265625638,True
0.8,23,13752,1024,115,15,34,49,0.3828125,0.1123046875,8077,0.9859619140625,3259,0.4034913953200446,503.166015625,16.517578125,21.113690601575446,0.43610286455657565,0.3978271484375,0.24860408046875193,0.25071143750000147,15,24,1.6,26,2.5061387354205036,12,1647,0.0,504.6444662095984,16,50,0.390625,0.24427737265625638,True
0.8,24,37139,1024,33,5,34,39,0.3046875,0.0322265625,8159,0.9959716796875,4082,0.5003064100992769,22318.08203125,130.76953125,4.6442349134767,0.0440676819860735,0.498291015625,0.24860408046875193,0.25071143750000147,5,13,2.6,27,2.000490075961774,8,2107,0.0,22383.65915768854,8,42,0.328125,0.24427737265625638,True
0.8,25,29727,1024,3168,396,34,430,3.359375,3.09375,5024,0.61328125,2200,0.43789808917197454,3826.654296875,46.021484375,12.302611313952031,0.1876309621992339,0.2685546875,0.24860408046875193,0.25071143750000147,396,407,1.0277777777777777,11,3.71987266939518,15,1330,0.0,3830.394916911046,417,451,3.5234375,0.24427737265625638,True
0.8,26,41854,1024,1580,198,34,232,1.8125,1.54296875,6612,0.80712890625,2506,0.37900786448880824,692.5966796875,20.8994140625,19.725999556597433,0.17103132376191552,0.305908203125,0.24860408046875193,0.25071143750000147,198,209,1.0555555555555556,52,3.2491017964071855,7,1476,0.0,696.6787819253439,216,250,1.953125,0.24427737265625638,True
0.8,27,40333,1024,2420,303,34,337,2.6328125,2.36328125,5772,0.70458984375,2653,0.45963270963270964,9076.681640625,77.265625,8.551532577839161,0.09943453093881943,0.3238525390625,0.24860408046875193,0.25071143750000147,303,314,1.0363036303630364,8,3.084841628959276,9,1700,0.0,9085.554252199414,328,362,2.828125,0.24427737265625638,True
0.8,28,33248,1024,8,1,34,35,0.2734375,0.0078125,8184,0.9990234375,3277,0.40041544477028346,10005.841796875,80.859375,8.128267289292916,0.17856737380555399,0.4000244140625,0.24860408046875193,0.25071143750000147,1,9,9.0,375,2.385836385836386,8,1828,0.0,10476.464212678937,4,38,0.296875,0.24427737265625638,True
0.8,29,9680,1024,166,21,34,55,0.4296875,0.162109375,8026,0.979736328125,3895,0.48529778220782455,5531.55078125,59.29296875,10.70233457172117,0.032306978014910816,0.4754638671875,0.24860408046875193,0.25071143750000147,21,30,1.4285714285714286,17,2.099126861838726,15,1893,0.0,5542.375733855186,23,57,0.4453125,0.24427737265625638,True
0.8,30,16805,1024,271,34,34,68,0.53125,0.2646484375,7921,0.9669189453125,3503,0.44224214114379495,2317.6279296875,41.6220703125,14.480366449666151,0.14607760971450554,0.4276123046875,0.24860408046875193,0.25071143750000147,34,43,1.2647058823529411,19,2.332952598515134,10,1934,0.0,2322.1634050880625,41,75,0.5859375,0.24427737265625638,True
0.8,31,14652,1024,176,22,34,56,0.4375,0.171875,8016,0.978515625,3381,0.4217814371257485,982.384765625,26.63671875,18.207987418593948,0.24225473889250748,0.4127197265625,0.24860408046875193,0.25071143750000147,22,31,1.4090909090909092,20,2.416568047337278,17,1788,0.0,984.3072407045009,27,61,0.4765625,0.24427737265625638,True
0.8,32,15793,1024,17,3,34,37,0.2890625,0.0166015625,8175,0.9979248046875,3213,0.3930275229357798,3614.861328125,38.09375,12.549887191502918,0.30996274237233107,0.3922119140625,0.24860408046875193,0.25071143750000147,3,11,3.6666666666666665,39,2.537671232876712,8,1919,0.0,3629.0372549019608,5,39,0.3046875,0.24427737265625638,True
0.8,33,30210,1024,31,4,34,38,0.296875,0.0302734375,8161,0.9962158203125,3354,0.4109790466854552,8025.8037109375,59.0126953125,9.085918269875524,0.3095953903889208,0.409423828125,0.24860408046875193,0.25071143750000147,4,12,3.0,35,2.431852072770653,13,1794,0.0,8057.277450980392,7,41,0.3203125,0.24427737265625638,True
0.8,34,47426,1024,763,96,34,130,1.015625,0.7451171875,7429,0.9068603515625,3732,0.5023556333288464,8923.130859375,86.04296875,8.625630988257955,0.07520734752159204,0.45556640625,0.24860408046875193,0.25071143750000147,96,107,1.1145833333333333,9,2.1929777539533637,10,2061,0.0,8931.853372434018,108,142,1.109375,0.24427737265625638,True
0.8,35,20875,1024,2443,306,34,340,2.65625,2.3857421875,5749,0.7017822265625,2407,0.4186815098277961,3424.4052734375,47.6201171875,12.784952036939837,0.0636983305794784,0.2938232421875,0.24860408046875193,0.25071143750000147,306,317,1.0359477124183007,11,3.399833748960931,6,1581,0.0,3427.7526881720432,339,373,2.9140625,0.24427737265625638,True
0.8,36,4161,1024,262,33,34,67,0.5234375,0.255859375,7930,0.968017578125,4227,0.5330390920554855,24085.8505859375,138.4482421875,4.313183729429611,0.08555134276826469,0.5159912109375,0.24860408046875193,0.25071143750000147,33,44,1.3333333333333333,74,1.9202555608140086,19,1932,0.0,24299.419704433498,38,72,0.5625,0.24427737265625638,True
0.8,37,40340,1024,17,3,34,37,0.2890625,0.0166015625,8175,0.9979248046875,4078,0.49883792048929665,5673.314453125,62.357421875,10.592435051240695,0.15205513786752747,0.497802734375,0.24860408046875193,0.25071143750000147,3,11,3.6666666666666665,12,2.006131959774344,10,1892,0.0,5678.860215053764,5,39,0.3046875,0.24427737265625638,True
0.8,38,28286,1024,553,70,34,104,0.8125,0.5400390625,7639,0.9324951171875,3536,0.4628878125409085,9501.30859375,78.921875,8.35296937062588,0.0909007962700037,0.431640625,0.24860408046875193,0.25071143750000147,70,81,1.1571428571428573,27,2.3091937765205093,12,2014,0.0,9529.22624877571,77,111,0.8671875,0.24427737265625638,True
0.8,39,13256,1024,64,8,34,42,0.328125,0.0625,8128,0.9921875,3652,0.4493110236220472,2626.2080078125,38.1142578125,13.937512396218652,0.10141314748058429,0.44580078125,0.24860408046875193,0.25071143750000147,8,16,2.0,19,2.2380169816488635,15,1813,0.0,2631.3473581213307,12,46,0.359375,0.24427737265625638,True
0.8,40,48934,1024,381,48,34,82,0.640625,0.3720703125,7811,0.9534912109375,3261,0.41748815772628345,7043.974609375,59.32421875,9.652625790224445,0.03632590596538145,0.3980712890625,0.24860408046875193,0.25071143750000147,48,59,1.2291666666666667,84,2.4865030674846627,10,1869,0.0,7113.441814595661,53,87,0.6796875,0.24427737265625638,True
0.8,41,11935,1024,132,17,34,51,0.3984375,0.12890625,8060,0.98388671875,4145,0.5142679900744417,1769.4375,33.759765625,15.652451337556325,0.11108830219069868,0.5059814453125,0.24860408046875193,0.25071143750000147,17,25,1.4705882352941178,19,1.9715250965250966,24,1674,0.0,1772.9001956947163,20,54,0.421875,0.24427737265625638,True
0.8,42,48447,1024,985,124,34,158,1.234375,0.9619140625,7207,0.8797607421875,3247,0.4505342028583322,5849.3798828125,59.5791015625,10.459705337169577,0.22334223348099339,0.3963623046875,0.24860408046875193,0.25071143750000147,124,135,1.0887096774193548,19,2.5175600739371533,9,1877,0.0,5860.826810176125,136,170,1.328125,0.24427737265625638,True
0.8,43,15492,1024,241,31,34,65,0.5078125,0.2353515625,7951,0.9705810546875,3782,0.47566343856118726,1696.181640625,31.236328125,15.83608002748435,0.07152155173668485,0.461669921875,0.24860408046875193,0.25071143750000147,31,40,1.2903225806451613,10,2.163448823062682,13,1761,0.0,1697.8396871945258,37,71,0.5546875,0.24427737265625638,True
0.8,44,32513,1024,1082,136,34,170,1.328125,1.056640625,7110,0.867919921875,2754,0.38734177215189874,2013.3330078125,35.4833984375,15.091647471842787,0.21438614226465322,0.336181640625,0.24860408046875193,0.25071143750000147,136,147,1.0808823529411764,10,2.9716672720668362,13,1643,0.0,2015.3010752688172,146,180,1.40625,0.24427737265625638,True
0.8,45,36099,1024,9,2,34,36,0.28125,0.0087890625,8183,0.9989013671875,3812,0.4658438225589637,20775.74609375,126.677734375,4.955237318495286,0.08265445835878617,0.46533203125,0.24860408046875193,0.25071143750000147,2,10,5.0,71,2.1304119653634217,8,2075,0.0,20939.334645669293,5,39,0.3046875,0.24427737265625638,True
0.8,46,39260,1024,31,4,34,38,0.296875,0.0302734375,8161,0.9962158203125,2664,0.3264305844871952,1232.4404296875,23.9619140625,17.223144241423636,0.181961406578957,0.3251953125,0.24860408046875193,0.25071143750000147,4,12,3.0,175,3.0097634247089746,14,1534,0.0,1258.2442671984047,6,40,0.3125,0.24427737265625638,True
0.8,47,46517,1024,71,9,34,43,0.3359375,0.0693359375,8121,0.9913330078125,3813,0.4695234577022534,2069.2451171875,36.6669921875,14.972684218036104,0.24042579537413766,0.4654541015625,0.24860408046875193,0.25071143750000147,9,17,1.8888888888888888,30,2.1408709338929697,14,1852,0.0,2075.325171400588,13,47,0.3671875,0.24427737265625638,True
0.8,48,33095,1024,273,35,34,69,0.5390625,0.2666015625,7919,0.9666748046875,3827,0.4832680894052279,1967.02734375,36.423828125,15.192699637563011,0.10216784945886295,0.4671630859375,0.24860408046875193,0.25071143750000147,35,46,1.3142857142857143,36,2.1312075274438054,12,1782,0.0,1974.7411764705882,38,72,0.5625,0.24427737265625638,True
0.8,49,3,1024,1317,165,34,199,1.5546875,1.2861328125,6875,0.8392333984375,2755,0.4007272727272727,1885.6552734375,32.4248046875,15.376180608695284,0.09393613164511001,0.3363037109375,0.24860408046875193,0.25071143750000147,165,176,1.0666666666666667,58,2.9531590413943354,8,1575,0.0,1898.6342182890855,182,216,1.6875,0.24427737265625638,True
0.8,50,21683,1024,971,122,34,156,1.21875,0.9482421875,7221,0.8814697265625,3208,0.4442597978119374,7768.724609375,73.599609375,9.227306342902482,0.014361380228917876,0.3916015625,0.24860408046875193,0.25071143750000147,122,133,1.0901639344262295,10,2.5509822263797943,7,1971,0.0,7776.318670576735,133,167,1.3046875,0.24427737265625638,True
0.8,51,13446,1024,135,17,34,51,0.3984375,0.1318359375,8057,0.9835205078125,3690,0.4579868437383642,6157.654296875,61.58984375,10.236650577840019,0.04302397308197375,0.450439453125,0.24860408046875193,0.25071143750000147,17,25,1.4705882352941178,18,2.2149634047167255,12,2037,0.0,6169.704500978473,22,56,0.4375,0.24427737265625638,True
0.8,52,49515,1024,20,3,34,37,0.2890625,0.01953125,8172,0.99755859375,3660,0.447870778267254,3359.677734375,43.173828125,12.86782739696797,0.18933747434066703,0.44677734375,0.24860408046875193,0.25071143750000147,3,11,3.6666666666666665,47,2.2254714402842306,11,2076,0.0,3376.162904808636,6,40,0.3125,0.24427737265625638,True
0.8,53,27943,1024,24,3,34,37,0.2890625,0.0234375,8168,0.9970703125,4090,0.5007345739471106,10514.3427734375,85.1025390625,7.9129822971243104,0.11622188196086528,0.499267578125,0.24860408046875193,0.25071143750000147,3,11,3.6666666666666665,11,2.0004891171435557,17,1907,0.0,10524.62072336266,6,40,0.3125,0.24427737265625638,True
0.8,54,29059,1024,174,22,34,56,0.4375,0.169921875,8018,0.978759765625,4057,0.5059865303068096,5150.501953125,62.62109375,11.01230804671494,0.05354894489012295,0.4952392578125,0.24860408046875193,0.25071143750000147,22,30,1.3636363636363635,9,2.017258382642998,15,2041,0.0,5155.536656891496,28,62,0.484375,0.24427737265625638,True
0.8,55,32738,1024,52,7,34,41,0.3203125,0.05078125,8140,0.99365234375,3639,0.447051597051597,1351.2353515625,28.5654296875,16.823493619694908,0.4405697485459248,0.4442138671875,0.24860408046875193,0.25071143750000147,7,15,2.142857142857143,167,2.205607476635514,10,1832,0.0,1378.152390438247,9,43,0.3359375,0.24427737265625638,True
0.8,56,445,1024,979,123,34,157,1.2265625,0.9560546875,7213,0.8804931640625,3329,0.4615277970331346,4173.6318359375,47.4306640625,11.925662243973981,0.05823172584098142,0.4063720703125,0.24860408046875193,0.25071143750000147,123,134,1.089430894308943,31,2.451923076923077,9,1764,0.0,4185.895200783546,133,167,1.3046875,0.24427737265625638,True
0.8,57,32216,1024,808,101,34,135,1.0546875,0.7890625,7384,0.9013671875,3628,0.4913326110509209,11933.0927734375,90.1923828125,7.363273438226119,0.08181092731424273,0.44287109375,0.24860408046875193,0.25071143750000147,101,112,1.108910891089109,22,2.252274607113317,9,1873,0.0,11956.445205479453,107,141,1.1015625,0.24427737265625638,True
0.8,58,18250,1024,59,8,34,42,0.328125,0.0576171875,8133,0.9927978515625,4082,0.5019058158121235,1813.24609375,34.1953125,15.546236103274794,0.08783716830902835,0.498291015625,0.24860408046875193,0.25071143750000147,8,16,2.0,30,1.999509924038226,19,1790,0.0,1818.5739471106758,11,45,0.3515625,0.24427737265625638,True
0.8,59,1684,1024,141,18,34,52,0.40625,0.1376953125,8051,0.9827880859375,3614,0.4488883368525649,3088.4716796875,47.3076171875,13.233367375195451,0.09551263917104512,0.441162109375,0.24860408046875193,0.25071143750000147,18,26,1.4444444444444444,103,2.238582895101024,14,2069,0.0,3125.0938735177865,20,54,0.421875,0.24427737265625638,True
0.8,60,2899,1024,337,43,34,77,0.6015625,0.3291015625,7855,0.9588623046875,3553,0.4523233609166136,2822.3935546875,46.2216796875,13.624627891844842,0.13596726137827667,0.4337158203125,0.24860408046875193,0.25071143750000147,43,54,1.255813953488372,19,2.3001126126126126,7,2109,0.0,2827.9168297455967,49,83,0.6484375,0.24427737265625638,True
0.8,61,39428,1024,18,3,34,37,0.2890625,0.017578125,8174,0.997802734375,3199,0.39136285784193786,5901.0458984375,55.8994140625,10.421513682657501,0.10820757571582575,0.3905029296875,0.24860408046875193,0.25071143750000147,3,11,3.6666666666666665,54,2.544090056285178,7,1884,0.0,5935.826129666012,6,40,0.3125,0.24427737265625638,True
0.8,62,40758,1024,3293,412,34,446,3.484375,3.2158203125,4899,0.5980224609375,2299,0.46927944478464995,5264.1357421875,58.0537109375,10.917532813024916,0.2343407458218756,0.2806396484375,0.24860408046875193,0.25071143750000147,412,423,1.0266990291262137,9,3.560052219321149,19,1369,0.0,5269.281524926686,438,472,3.6875,0.24427737265625638,True
0.8,63,29154,1024,2593,325,34,359,2.8046875,2.5322265625,5599,0.6834716796875,2641,0.47169137345954637,7811.8369140625,73.1708984375,9.203271928242966,0.10993116698267553,0.3223876953125,0.24860408046875193,0.25071143750000147,325,336,1.0338461538461539,27,3.091666666666667,15,1558,0.0,7834.790401567091,341,375,2.9296875,0.24427737265625638,True
0.8,64,43958,1024,2969,372,34,406,3.171875,2.8994140625,5223,0.6375732421875,1805,0.3455868274937775,1074.912109375,23.607421875,17.81707405429231,0.22421690335512612,0.2203369140625,0.24860408046875193,0.25071143750000147,372,383,1.0295698924731183,9,4.5349223946784925,7,1225,0.0,1075.9628543499512,399,433,3.3828125,0.24427737265625638,True
0.8,65,33814,1024,20,3,34,37,0.2890625,0.01953125,8172,0.99755859375,4022,0.4921683798335781,18954.56640625,119.859375,5.353665066623972,0.041769145054586135,0.490966796875,0.24860408046875193,0.25071143750000147,3,11,3.6666666666666665,13,2.0338224322307883,8,2080,0.0,18973.094819159334,6,40,0.3125,0.24427737265625638,True
0.8,66,34153,1024,101,13,34,47,0.3671875,0.0986328125,8091,0.9876708984375,3972,0.4909158324063775,2927.958984375,45.244140625,13.465153721510823,0.10442082648976446,0.48486328125,0.24860408046875193,0.25071143750000147,13,21,1.6153846153846154,20,2.0574162679425836,9,1941,0.0,2933.688845401174,17,51,0.3984375,0.24427737265625638,True
0.8,67,43609,1024,85,11,34,45,0.3515625,0.0830078125,8107,0.9896240234375,4134,0.5099296903910201,19410.12890625,116.8671875,5.250519412401266,0.010009486934028552,0.504638671875,0.24860408046875193,0.25071143750000147,11,19,1.7272727272727273,35,1.9733849503992258,32,2012,0.0,19486.24705882353,14,48,0.375,0.24427737265625638,True
0.8,68,10762,1024,27,4,34,38,0.296875,0.0263671875,8165,0.9967041015625,3881,0.4753214941824862,3495.2783203125,46.8037109375,12.695985976207208,0.05966750085846103,0.4737548828125,0.24860408046875193,0.25071143750000147,4,12,3.0,87,2.0884020618556702,21,1910,0.0,3529.748520710059,6,40,0.3125,0.24427737265625638,True
0.8,69,17898,1024,109,14,34,48,0.375,0.1064453125,8083,0.9866943359375,3436,0.42508969442038846,1875.7021484375,30.3212890625,15.39916485012468,0.26336616254655365,0.41943359375,0.24860408046875193,0.25071143750000147,14,23,1.6428571428571428,35,2.374381368267831,18,1600,0.0,1883.0578431372548,16,50,0.390625,0.24427737265625638,True
0.8,70,43653,1024,13,2,34,36,0.28125,0.0126953125,8179,0.9984130859375,3357,0.4104413742511309,12233.4765625,85.5546875,7.2553046659930445,0.006352912476954456,0.4097900390625,0.24860408046875193,0.25071143750000147,2,10,5.0,39,2.4287842669845054,9,1932,0.0,12281.450980392157,5,39,0.3046875,0.24427737265625638,True
0.8,71,14233,1024,3284,411,34,445,3.4765625,3.20703125,4908,0.59912109375,2194,0.4470252648736756,2770.27734375,39.962890625,13.705571106371437,0.15268412863854464,0.267822265625,0.24860408046875193,0.25071143750000147,411,422,1.02676399026764,60,3.7077063383492934,11,1276,0.0,2789.3451327433627,441,475,3.7109375,0.24427737265625638,True
0.8,72,39520,1024,51,7,34,41,0.3203125,0.0498046875,8141,0.9937744140625,3910,0.480284977275519,11690.6240234375,94.2705078125,7.452426672678874,0.07056027948957326,0.477294921875,0.24860408046875193,0.25071143750000147,7,15,2.142857142857143,30,2.0877462266564337,9,2113,0.0,11724.974534769834,10,44,0.34375,0.24427737265625638,True
0.8,73,18138,1024,662,83,34,117,0.9140625,0.646484375,7530,0.919189453125,3501,0.4649402390438247,1998.630859375,32.212890625,15.12347772122715,0.18665119153653634,0.4273681640625,0.24860408046875193,0.25071143750000147,83,94,1.1325301204819278,20,2.3345714285714285,17,1622,0.0,2002.5420743639922,94,128,1.0,0.24427737265625638,True
0.8,74,9212,1024,23,3,34,37,0.2890625,0.0224609375,8169,0.9971923828125,4456,0.5454768025462113,33120.98046875,170.494140625,2.9297717629778646,0.011112658975497118,0.5439453125,0.24860408046875193,0.25071143750000147,3,11,3.6666666666666665,22,1.832996632996633,23,1902,0.0,33185.79647749511,6,40,0.3125,0.24427737265625638,True
0.8,75,6456,1024,1790,224,34,258,2.015625,1.748046875,6402,0.781494140625,3047,0.47594501718213056,12532.1015625,80.048828125,7.150564550400982,0.004403642297851235,0.3719482421875,0.24860408046875193,0.25071143750000147,224,235,1.0491071428571428,27,2.6802363755745238,14,1606,0.0,12568.92458374143,249,283,2.2109375,0.24427737265625638,True
0.8,76,22948,1024,20,3,34,37,0.2890625,0.01953125,8172,0.99755859375,3772,0.46157611355849243,5637.873046875,51.876953125,10.619650686268296,0.24637301840741802,0.46044921875,0.24860408046875193,0.25071143750000147,3,11,3.6666666666666665,38,2.1620259878016443,17,1945,0.0,5659.982352941176,6,40,0.3125,0.24427737265625638,True
0.8,77,7591,1024,4034,505,34,539,4.2109375,3.939453125,4158,0.507568359375,1678,0.40355940355940356,3518.703125,44.49609375,12.66697734161494,0.0002972081318505687,0.204833984375,0.24860408046875193,0.25071143750000147,505,516,1.0217821782178218,18,4.870602265951103,10,1156,0.0,3525.5890410958905,536,570,4.453125,0.24427737265625638,True
0.8,78,29996,1024,58,8,34,42,0.328125,0.056640625,8134,0.992919921875,3724,0.4578313253012048,6259.283203125,64.4296875,10.165557590874272,0.14515059776395525,0.45458984375,0.24860408046875193,0.25071143750000147,8,16,2.0,78,2.1786193929626645,14,1850,0.0,6314.784236453202,10,44,0.34375,0.24427737265625638,True
0.8,79,10378,1024,16,2,34,36,0.28125,0.015625,8176,0.998046875,2944,0.36007827788649704,4305.2060546875,42.4599609375,11.790864184877183,0.03711392919546177,0.359375,0.24860408046875193,0.25071143750000147,2,10,5.0,22,2.7757390417940875,15,1772,0.0,4313.6311154598825,5,39,0.3046875,0.24427737265625638,True
0.8,80,27337,1024,28,4,34,38,0.296875,0.02734375,8164,0.99658203125,3674,0.45002449779519843,7216.6357421875,70.2529296875,9.547455759179716,0.18095880416668758,0.448486328125,0.2457653054687512,0.24973419843750833,4,12,3.0,13,2.2257010618023414,9,2046,0.0,7223.690127077224,7,41,0.3203125,0.25316059453125206,True
0.8,81,19965,1024,183,23,34,57,0.4453125,0.1787109375,8009,0.9776611328125,3454,0.4312648270695468,4889.4140625,47.3984375,11.23823543599082,0.08589096728899932,0.421630859375,0.2457653054687512,0.24973419843750833,23,31,1.3478260869565217,33,2.362293657688966,15,1836,0.0,4908.588235294118,27,61,0.4765625,0.25316059453125206,True
0.8,82,24405,1024,2806,351,34,385,3.0078125,2.740234375,5386,0.657470703125,2249,0.4175640549572967,1709.59765625,31.517578125,15.8018644710169,0.18581609819550232,0.2745361328125,0.2457653054687512,0.24973419843750833,351,362,1.0313390313390314,57,3.61788256227758,12,1280,0.0,1721.3647984267454,375,409,3.1953125,0.25316059453125206,True
0.8,83,45135,1024,314,40,34,74,0.578125,0.306640625,7878,0.961669921875,3647,0.4629347550139629,8573.7958984375,75.4658203125,8.799072200694786,0.11556332340428292,0.4451904296875,0.2457653054687512,0.24973419843750833,40,51,1.275,36,2.2361492046077895,10,2028,0.0,8607.418627450981,42,76,0.59375,0.25316059453125206,True
0.8,84,11274,1024,1760,220,34,254,1.984375,1.71875,6432,0.78515625,2758,0.42879353233830847,3126.3427734375,44.8251953125,13.180437683583301,0.10871265018756955,0.336669921875,0.2457653054687512,0.24973419843750833,220,231,1.05,43,2.955023576351106,7,1707,0.0,3141.6830225711483,240,274,2.140625,0.25316059453125206,True
0.8,85,1941,1024,1080,135,34,169,1.3203125,1.0546875,7112,0.8681640625,3404,0.47862767154105734,2213.89453125,34.8515625,14.679234333889696,0.20881575004942593,0.41552734375,0.2457653054687512,0.24973419843750833,135,146,1.0814814814814815,19,2.400822803408757,14,1548,0.0,2218.2270058708414,150,184,1.4375,0.25316059453125206,True
0.8,86,48940,1024,1970,247,34,281,2.1953125,1.923828125,6222,0.759521484375,2697,0.4334619093539055,4029.640625,55.794921875,12.078140446371776,0.09397420208615923,0.3292236328125,0.2457653054687512,0.24973419843750833,247,258,1.0445344129554657,67,3.013353115727003,8,1741,0.0,4061.3700787401576,269,303,2.3671875,0.25316059453125206,True
0.8,87,36794,1024,85,11,34,45,0.3515625,0.0830078125,8107,0.9896240234375,3946,0.48673985444677437,16031.693359375,106.55859375,6.08100963417595,0.030124155859183054,0.481689453125,0.2457653054687512,0.24973419843750833,11,19,1.7272727272727273,61,2.0605830164765524,18,1888,0.0,16142.039331366765,14,48,0.375,0.25316059453125206,True
0.8,88,21994,1024,46,6,34,40,0.3125,0.044921875,8146,0.994384765625,3868,0.4748342744905475,5267.09765625,60.96875,10.915089902648772,0.07508891208886045,0.47216796875,0.2457653054687512,0.24973419843750833,6,14,2.3333333333333335,13,2.114300491336954,18,2132,0.0,5272.24633431085,10,44,0.34375,0.25316059453125206,True
0.8,89,49944,1024,145,19,34,53,0.4140625,0.1416015625,8047,0.9822998046875,3759,0.4671306076798807,15509.6982421875,102.8994140625,6.224770126370074,0.1560092340313066,0.4588623046875,0.2457653054687512,0.24973419843750833,19,27,1.4210526315789473,48,2.1668440659925494,23,1890,0.0,15601.111001964637,23,57,0.4453125,0.25316059453125206,True
0.8,90,43442,1024,231,29,34,63,0.4921875,0.2255859375,7961,0.9718017578125,2623,0.3294812209521417,388.6005859375,12.3017578125,22.235769097682457,0.5960470933674578,0.3201904296875,0.2457653054687512,0.24973419843750833,29,38,1.3103448275862069,119,3.078184591914569,8,1309,0.0,393.9871287128713,34,68,0.53125,0.25316059453125206,True
0.8,91,45096,1024,56,7,34,41,0.3203125,0.0546875,8136,0.9931640625,3281,0.4032694198623402,1279.54296875,28.53125,17.060254862150977,0.20332862034708907,0.4005126953125,0.2457653054687512,0.24973419843750833,7,15,2.142857142857143,20,2.491158536585366,16,1825,0.0,1282.0469667318982,11,45,0.3515625,0.25316059453125206,True
0.8,92,42430,1024,43,6,34,40,0.3125,0.0419921875,8149,0.9947509765625,3841,0.4713461774450853,355.6904296875,13.4775390625,22.62008180781439,0.41143880219191803,0.4688720703125,0.2457653054687512,0.24973419843750833,6,14,2.3333333333333335,77,2.113020833333333,21,1418,0.0,358.84433497536946,8,42,0.328125,0.25316059453125206,True
0.8,93,42255,1024,685,86,34,120,0.9375,0.6689453125,7507,0.9163818359375,3258,0.4339949380578127,1811.048828125,31.66015625,15.551502012775519,0.15990262423897317,0.397705078125,0.2457653054687512,0.24973419843750833,86,97,1.127906976744186,188,2.457169174086583,15,1652,0.0,1852.6613386613387,94,128,1.0,0.25316059453125206,True
0.8,94,5771,1024,8,1,34,35,0.2734375,0.0078125,8184,0.9990234375,4642,0.5672043010752689,30773.9658203125,161.4580078125,3.2489689377563016,0.028660498355079878,0.566650390625,0.2457653054687512,0.24973419843750833,1,9,9.0,23,1.7588881706528765,62,1885,0.0,30834.188845401175,4,38,0.296875,0.25316059453125206,True
0.8,95,8320,1024,250,32,34,66,0.515625,0.244140625,7942,0.969482421875,3721,0.46852178292621505,2534.7333984375,41.4462890625,14.0914807359945,0.08286048049967076,0.4542236328125,0.2457653054687512,0.24973419843750833,32,43,1.34375,18,2.196774193548387,15,1922,0.0,2539.69373776908,36,70,0.546875,0.25316059453125206,True
0.8,96,48807,1024,216,27,34,61,0.4765625,0.2109375,7976,0.9736328125,3945,0.4946088264794383,2551.9990234375,43.9580078125,14.061998570083569,0.11697755878615783,0.4815673828125,0.2457653054687512,0.24973419843750833,27,36,1.3333333333333333,18,2.071501014198783,13,1994,0.0,2556.9931506849316,33,67,0.5234375,0.25316059453125206,True
0.8,97,2675,1024,82,11,34,45,0.3515625,0.080078125,8110,0.989990234375,3523,0.4344019728729963,1538.6005859375,32.7353515625,16.259544673759734,0.35721547613486915,0.4300537109375,0.2457653054687512,0.24973419843750833,11,19,1.7272727272727273,98,2.2978421351504825,9,1900,0.0,1556.844861660079,13,47,0.3671875,0.25316059453125206,True
0.8,98,37658,1024,1436,180,34,214,1.671875,1.40234375,6756,0.82470703125,3034,0.4490822972172883,16534.408203125,98.259765625,5.946917055381565,0.02166839324216251,0.370361328125,0.2457653054687512,0.24973419843750833,180,191,1.0611111111111111,58,2.6811737553577317,23,1597,0.0,16648.21435594887,194,228,1.78125,0.25316059453125206,True
0.8,99,45710,1024,42,6,34,40,0.3125,0.041015625,8150,0.994873046875,4376,0.5369325153374234,11637.1630859375,98.6337890625,7.472332402006419,0.07528705052662461,0.5341796875,0.2457653054687512,0.24973419843750833,6,14,2.3333333333333335,12,1.869257142857143,11,1972,0.0,11648.53861192571,9,43,0.3359375,0.25316059453125206,True
0.8,100,15813,1024,235,30,34,64,0.5,0.2294921875,7957,0.9713134765625,3372,0.423777805705668,873.9775390625,20.4443359375,18.71580089316527,0.2580942107494335,0.41162109375,0.2457653054687512,0.24973419843750833,30,39,1.3,61,2.4111539602491843,11,1669,0.0,879.9931170108161,35,69,0.5390625,0.25316059453125206,True
0.8,101,7135,1024,1404,176,34,210,1.640625,1.37109375,6788,0.82861328125,3255,0.4795226870948733,1244.77734375,29.56640625,17.17988685764311,0.1861679537963966,0.3973388671875,0.2457653054687512,0.24973419843750833,176,187,1.0625,29,2.508297480024585,14,1447,0.0,1248.4348677766895,194,228,1.78125,0.25316059453125206,True
0.8,102,31775,1024,52,7,34,41,0.3203125,0.05078125,8140,0.99365234375,3803,0.4671990171990172,4990.9951171875,67.1591796875,11.148932158824856,0.1941097328049723,0.4642333984375,0.2457653054687512,0.24973419843750833,7,15,2.142857142857143,9,2.15149921094161,9,2375,0.0,4995.873900293255,10,44,0.34375,0.25316059453125206,True
0.8,103,31772,1024,111,14,34,48,0.375,0.1083984375,8081,0.9864501953125,4073,0.5040217794827373,13933.8466796875,105.9697265625,6.690093333784183,0.0330669249029616,0.4971923828125,0.2457653054687512,0.24973419843750833,14,22,1.5714285714285714,37,2.0024557956777995,9,2200,0.0,13988.489215686275,17,51,0.3984375,0.25316059453125206,True
0.8,104,25160,1024,84,11,34,45,0.3515625,0.08203125,8108,0.98974609375,4012,0.49481993093241244,11177.0625,94.06640625,7.647526814380545,0.1134956214399531,0.48974609375,0.2457653054687512,0.24973419843750833,11,19,1.7272727272727273,20,2.0363999002742457,15,1970,0.0,11198.935420743639,15,49,0.3828125,0.25316059453125206,True
0.8,105,36108,1024,1049,132,34,166,1.296875,1.0244140625,7143,0.8719482421875,3232,0.4524709505809884,19342.1533203125,110.5654296875,5.265755393591881,0.13604840666326237,0.39453125,0.2457653054687512,0.24973419843750833,132,143,1.0833333333333333,54,2.5184153512844323,13,1685,0.0,19456.154223968566,143,177,1.3828125,0.25316059453125206,True
0.8,106,1260,1024,46,6,34,40,0.3125,0.044921875,8146,0.994384765625,3340,0.4100171863491284,7163.892578125,63.521484375,9.579312958457633,0.06286558478312038,0.40771484375,0.2457653054687512,0.24973419843750833,6,14,2.3333333333333335,34,2.441749026654687,7,1927,0.0,7191.9862745098035,9,43,0.3359375,0.25316059453125206,True
0.8,107,37885,1024,3124,391,34,425,3.3203125,3.05078125,5068,0.61865234375,2139,0.42205998421468033,4915.216796875,52.984375,11.215376827261966,0.06464316286306258,0.2611083984375,0.2457653054687512,0.24973419843750833,391,402,1.0281329923273657,85,3.7909260991580918,9,1421,0.0,4963.69033530572,417,451,3.5234375,0.25316059453125206,True
0.8,108,41535,1024,8,1,34,35,0.2734375,0.0078125,8184,0.9990234375,3583,0.4378054740957967,19386.240234375,122.7890625,5.255867706541303,0.0897188649870212,0.4373779296875,0.2457653054687512,0.24973419843750833,1,9,9.0,127,2.2445561139028474,11,1936,0.0,19674.44003964321,4,38,0.296875,0.25316059453125206,True
0.8,109,44889,1024,28,4,34,38,0.296875,0.02734375,8164,0.99658203125,3686,0.45149436550710437,5644.6865234375,57.4423828125,10.61440532396386,0.05712242591671714,0.449951171875,0.2457653054687512,0.24973419843750833,4,12,3.0,53,2.2081411126187245,10,1770,0.0,5677.9557956778,6,40,0.3125,0.25316059453125206,True
0.8,110,28184,1024,3907,489,34,523,4.0859375,3.8154296875,4285,0.5230712890625,1366,0.3187864644107351,1871.685546875,28.228515625,15.408474741197807,0.2537409610669486,0.166748046875,0.2457653054687512,0.24973419843750833,489,500,1.0224948875255624,9,5.994139194139194,9,995,0.0,1873.5151515151515,513,547,4.2734375,0.25316059453125206,True
0.8,111,25319,1024,234,30,34,64,0.5,0.228515625,7958,0.971435546875,4076,0.5121889922090977,2623.1953125,43.3828125,13.942497332653094,0.08252896006294784,0.49755859375,0.2457653054687512,0.24973419843750833,30,39,1.3,27,2.003435582822086,13,1903,0.0,2630.9030362389813,34,68,0.53125,0.25316059453125206,True
0.8,112,11010,1024,396,50,34,84,0.65625,0.38671875,7796,0.95166015625,3630,0.46562339661364804,3902.9853515625,53.4873046875,12.216834395501547,0.12242305145970593,0.443115234375,0.2457653054687512,0.24973419843750833,50,61,1.22,36,2.2471755304491596,15,2088,0.0,3918.291176470588,57,91,0.7109375,0.25316059453125206,True
0.8,113,33880,1024,37,5,34,39,0.3046875,0.0361328125,8155,0.9954833984375,3368,0.4129981606376456,1541.3115234375,33.1748046875,16.251899354937155,0.13383747013113137,0.4111328125,0.2457653054687512,0.24973419843750833,5,13,2.6,8,2.4303534303534304,12,1935,0.0,1542.8181818181818,8,42,0.328125,0.25316059453125206,True
0.8,114,19307,1024,36,5,34,39,0.3046875,0.03515625,8156,0.99560546875,3578,0.4386954389406572,1868.009765625,35.904296875,15.417012185530844,0.1639506184992807,0.436767578125,0.2457653054687512,0.24973419843750833,5,13,2.6,158,2.2457366508247136,7,2083,0.0,1903.3253731343284,7,41,0.3203125,0.25316059453125206,True
0.8,115,12236,1024,9,2,34,36,0.28125,0.0087890625,8183,0.9989013671875,2106,0.2573628253696688,6252.158203125,45.1953125,10.170504020973876,0.06833598102588485,0.257080078125,0.2457653054687512,0.24973419843750833,2,10,5.0,31,3.8422802850356295,8,1282,0.0,6270.52889324192,5,39,0.3046875,0.25316059453125206,True
0.8,116,13805,1024,184,23,34,57,0.4453125,0.1796875,8008,0.9775390625,3807,0.4753996003996004,2598.8291015625,44.3291015625,13.983026395387608,0.13630753331964937,0.4647216796875,0.2457653054687512,0.24973419843750833,23,32,1.391304347826087,88,2.12900683131897,16,1992,0.0,2627.0493583415596,26,60,0.46875,0.25316059453125206,True
0.8,117,5814,1024,27,4,34,38,0.296875,0.0263671875,8165,0.9967041015625,3603,0.44127372933251685,6200.40625,62.36328125,10.206602155062308,0.06751323608028831,0.4398193359375,0.2457653054687512,0.24973419843750833,4,12,3.0,45,2.261521377012771,9,2007,0.0,6230.830225711482,6,40,0.3125,0.25316059453125206,True
0.8,118,48485,1024,42,6,34,40,0.3125,0.041015625,8150,0.994873046875,3748,0.4598773006134969,5278.513671875,58.4453125,10.905687101097115,0.05670360331312644,0.45751953125,0.2457653054687512,0.24973419843750833,6,14,2.3333333333333335,19,2.1806778756338403,15,2040,0.0,5288.843444227005,8,42,0.328125,0.25316059453125206,True
0.8,119,12248,1024,8,1,34,35,0.2734375,0.0078125,8184,0.9990234375,3404,0.41593352883675466,15032.712890625,96.7734375,6.360429979050716,0.04075705209861439,0.41552734375,0.2457653054687512,0.24973419843750833,1,9,9.0,13,2.4025859535703793,9,1894,0.0,15047.407624633432,4,38,0.296875,0.25316059453125206,True
0.8,120,458,1024,904,113,34,147,1.1484375,0.8828125,7288,0.8896484375,3687,0.5059001097694841,2404.3017578125,39.3388671875,14.32091386918028,0.1058535162683086,0.4500732421875,0.2457653054687512,0.24973419843750833,113,124,1.0973451327433628,16,2.2178513293543136,17,1788,0.0,2409.0068493150684,127,161,1.2578125,0.25316059453125206,True
0.8,121,319,1024,58,8,34,42,0.328125,0.056640625,8134,0.992919921875,3841,0.47221539218096875,15089.505859375,92.7890625,6.344053428325797,0.040000929183272575,0.4688720703125,0.2457653054687512,0.24973419843750833,8,16,2.0,132,2.097916666666667,14,1878,0.0,15329.021825396825,11,45,0.3515625,0.25316059453125206,True
0.8,122,21496,1024,148,19,34,53,0.4140625,0.14453125,8044,0.98193359375,3713,0.46158627548483344,6882.146484375,67.3203125,9.75356448659909,0.08497531100711188,0.4532470703125,0.2457653054687512,0.24973419843750833,19,28,1.4736842105263157,44,2.1945043103448274,14,1953,0.0,6915.915603532875,23,57,0.4453125,0.25316059453125206,True
0.8,123,20390,1024,339,43,34,77,0.6015625,0.3310546875,7853,0.9586181640625,3505,0.44632624474723037,10348.9892578125,92.7939453125,7.981824247164844,0.030632460883087145,0.4278564453125,0.2457653054687512,0.24973419843750833,43,54,1.255813953488372,27,2.3299086757990866,8,2059,0.0,10379.397649363369,45,79,0.6171875,0.25316059453125206,True
0.8,124,33691,1024,70,9,34,43,0.3359375,0.068359375,8122,0.991455078125,3870,0.4764836247229746,4944.1572265625,50.4306640625,11.18988087795488,0.0816438580841868,0.472412109375,0.2457653054687512,0.24973419843750833,9,17,1.8888888888888888,21,2.111398294132851,14,1813,0.0,4953.832681017612,12,46,0.359375,0.25316059453125206,True
0.8,125,33872,1024,74,10,34,44,0.34375,0.072265625,8118,0.990966796875,4011,0.4940872135994087,11186.2666015625,95.0009765625,7.6439519524026895,0.06269728255954647,0.4896240234375,0.2457653054687512,0.24973419843750833,10,19,1.9,12,2.039152119700748,9,2222,0.0,11197.201368523949,14,48,0.375,0.25316059453125206,True
0.8,126,46987,1024,159,20,34,54,0.421875,0.1552734375,8033,0.9805908203125,4070,0.5066600273870285,2837.46875,46.560546875,13.60149273671945,0.31362469258109316,0.496826171875,0.2457653054687512,0.24973419843750833,20,29,1.45,18,2.0086016220201524,15,1958,0.0,2843.021526418787,24,58,0.453125,0.25316059453125206,True
0.8,127,26772,1024,1360,170,34,204,1.59375,1.328125,6832,0.833984375,2952,0.43208430913348944,2848.3720703125,41.2177734375,13.584836422200265,0.09585575236511716,0.3603515625,0.2457653054687512,0.24973419843750833,170,181,1.0647058823529412,92,2.7438156557099287,12,1642,0.0,2879.3020730503454,184,218,1.703125,0.25316059453125206,True
0.8,128,7057,1024,68,9,34,43,0.3359375,0.06640625,8124,0.99169921875,3739,0.4602412604628262,13610.4794921875,94.1748046875,6.792069353601685,0.023794951221611446,0.4564208984375,0.2457653054687512,0.24973419843750833,9,17,1.8888888888888888,99,2.164258962011771,8,1910,0.0,13771.868577075098,11,45,0.3515625,0.25316059453125206,True
0.8,129,30014,1024,26,4,34,38,0.296875,0.025390625,8166,0.996826171875,4303,0.5269409747734509,20951.544921875,131.7578125,4.918643084435231,0.060087313085137053,0.5252685546875,0.2457653054687512,0.24973419843750833,4,12,3.0,13,1.900976290097629,25,2194,0.0,20972.025415444772,7,41,0.3203125,0.25316059453125206,True
0.8,130,48237,1024,2424,303,34,337,2.6328125,2.3671875,5768,0.7041015625,1830,0.31726768377253817,1001.4091796875,21.5830078125,18.124687927091998,0.1831022174321796,0.223388671875,0.2457653054687512,0.24973419843750833,303,314,1.0363036303630364,81,4.432476763258611,5,1217,0.0,1011.285009861933,327,361,2.8203125,0.25316059453125206,True
0.8,131,4823,1024,221,28,34,62,0.484375,0.2158203125,7971,0.9730224609375,4043,0.5072136494793626,19668.0859375,125.138671875,5.1931826364451386,0.10308193764407458,0.4935302734375,0.2457653054687512,0.24973419843750833,28,39,1.3928571428571428,29,2.019297377535873,9,2120,0.0,19725.876591576885,34,68,0.53125,0.25316059453125206,True
0.8,132,26627,1024,847,106,34,140,1.09375,0.8271484375,7345,0.8966064453125,3482,0.4740639891082369,3004.9931640625,44.7392578125,13.35236872486993,0.09842620483682886,0.425048828125,0.2457653054687512,0.24973419843750833,106,117,1.1037735849056605,51,2.3384085033036484,14,1757,0.0,3022.704322200393,123,157,1.2265625,0.25316059453125206,True
0.8,133,12293,1024,69,9,34,43,0.3359375,0.0673828125,8123,0.9915771484375,3897,0.47974886125815586,3794.0400390625,49.2822265625,12.339784511175463,0.0671063953535989,0.4757080078125,0.2457653054687512,0.24973419843750833,9,17,1.8888888888888888,11,2.09958932238193,13,1848,0.0,3797.7487781036166,12,46,0.359375,0.25316059453125206,True
0.8,134,32803,1024,183,23,34,57,0.4453125,0.1787109375,8009,0.9776611328125,3120,0.38956174303908103,1332.7099609375,29.4384765625,16.883447171330058,0.22745070027821657,0.380859375,0.2457653054687512,0.24973419843750833,23,32,1.391304347826087,34,2.614620070535428,23,1744,0.0,1337.936274509804,27,61,0.4765625,0.25316059453125206,True
0.8,135,41882,1024,54,7,34,41,0.3203125,0.052734375,8138,0.993408203125,3935,0.4835340378471369,19488.798828125,119.80078125,5.232952882147762,0.15855274032554112,0.4803466796875,0.2457653054687512,0.24973419843750833,7,15,2.142857142857143,125,2.050330452465684,8,2070,0.0,19778.52329038652,11,45,0.3515625,0.25316059453125206,True
0.8,136,10235,1024,643,81,34,115,0.8984375,0.6279296875,7549,0.9215087890625,3015,0.3993906477679163,617.728515625,20.69921875,20.22282711136593,0.32048760146328015,0.3680419921875,0.2457653054687512,0.24973419843750833,81,92,1.1358024691358024,25,2.708692767086928,16,1582,0.0,619.5435847208619,90,124,0.96875,0.25316059453125206,True
0.8,137,30033,1024,1417,178,34,212,1.65625,1.3837890625,6775,0.8270263671875,2980,0.4398523985239852,5466.7529296875,59.8447265625,10.753509145048092,0.07155076600555159,0.36376953125,0.2457653054687512,0.24973419843750833,178,189,1.0617977528089888,20,2.741859684457872,11,1771,0.0,5477.451076320939,196,230,1.796875,0.25316059453125206,True
0.8,138,20042,1024,139,18,34,52,0.40625,0.1357421875,8053,0.9830322265625,4170,0.5178194461691296,2952.0009765625,45.6806640625,13.429638640462985,0.04519054912515548,0.509033203125,0.2457653054687512,0.24973419843750833,18,27,1.5,19,1.9601822979131687,15,1841,0.0,2957.7778864970646,23,57,0.4453125,0.25316059453125206,True
0.8,139,29399,1024,86,11,34,45,0.3515625,0.083984375,8106,0.989501953125,3896,0.48063163089069827,14655.3037109375,105.8818359375,6.470855378466107,0.12188951863445455,0.4755859375,0.2457653054687512,0.24973419843750833,11,19,1.7272727272727273,11,2.099614890885751,8,2146,0.0,14669.629521016617,15,49,0.3828125,0.25316059453125206,True
0.8,140,6463,1024,509,64,34,98,0.765625,0.4970703125,7683,0.9378662109375,4150,0.5401535858388651,4561.4638671875,58.3076171875,11.539761218398027,0.08339820068120163,0.506591796875,0.2457653054687512,0.24973419843750833,64,75,1.171875,11,1.9715594119064834,16,1875,0.0,4565.922776148583,73,107,0.8359375,0.25316059453125206,True
0.8,141,25920,1024,163,21,34,55,0.4296875,0.1591796875,8029,0.9801025390625,2936,0.36567443019055923,1926.0185546875,32.0498046875,15.284198941959161,0.4612554044969461,0.3583984375,0.2457653054687512,0.24973419843750833,21,30,1.4285714285714286,257,2.703236797274276,9,1657,0.0,1988.148185483871,23,57,0.4453125,0.25316059453125206,True
0.8,142,10327,1024,8,1,34,35,0.2734375,0.0078125,8184,0.9990234375,4214,0.5149071358748778,22041.005859375,140.28125,4.698489508511291,0.03909978369539226,0.514404296875,0.2457653054687512,0.24973419843750833,1,9,9.0,12,1.9406598623308806,9,2191,0.0,22062.551319648093,4,38,0.296875,0.25316059453125206,True
0.8,143,3805,1024,876,110,34,144,1.125,0.85546875,7316,0.89306640625,3166,0.432750136686714,1083.857421875,25.314453125,17.781082050174803,0.10217638820993147,0.386474609375,0.2457653054687512,0.24973419843750833,110,121,1.1,74,2.5646129541864138,16,1614,0.0,1093.4679802955666,120,154,1.203125,0.25316059453125206,True
0.8,144,37879,1024,79,10,34,44,0.34375,0.0771484375,8113,0.9903564453125,4407,0.5432022679649945,4912.521484375,65.943359375,11.217758981408942,0.38073123911761525,0.5379638671875,0.2457653054687512,0.24973419843750833,10,18,1.8,35,1.85088515660463,17,2397,0.0,4931.786274509804,14,48,0.375,0.25316059453125206,True
0.8,145,22721,1024,806,101,34,135,1.0546875,0.787109375,7386,0.901611328125,3268,0.4424587056593555,2815.79296875,39.517578125,13.634796407368931,0.1481655140907137,0.39892578125,0.2457653054687512,0.24973419843750833,101,112,1.108910891089109,132,2.4667891031527396,9,1662,0.0,2860.4880952380954,108,142,1.109375,0.25316059453125206,True
0.8,146,43932,1024,519,65,34,99,0.7734375,0.5068359375,7673,0.9366455078125,3580,0.46657109344454584,8041.6103515625,71.0751953125,9.077373349095197,0.04965588297526289,0.43701171875,0.2457653054687512,0.24973419843750833,65,76,1.1692307692307693,35,2.278290025146689,16,1988,0.0,8073.146078431372,70,104,0.8125,0.25316059453125206,True
0.8,147,47270,1024,472,59,34,93,0.7265625,0.4609375,7720,0.9423828125,3870,0.5012953367875648,3563.759765625,49.56640625,12.611719404693728,0.06489125007489506,0.472412109375,0.2457653054687512,0.24973419843750833,59,70,1.1864406779661016,27,2.1095890410958904,23,1893,0.0,3574.2311459353573,66,100,0.78125,0.25316059453125206,True
0.8,148,11091,1024,256,32,34,66,0.515625,0.25,7936,0.96875,3947,0.4973538306451613,3660.5126953125,52.0712890625,12.495384434649374,0.13595760883178945,0.4818115234375,0.2457653054687512,0.24973419843750833,32,41,1.28125,17,2.0712113532691334,8,1919,0.0,3667.6761252446186,36,70,0.546875,0.25316059453125206,True
0.8,149,9736,1024,50,7,34,41,0.3203125,0.048828125,8142,0.993896484375,4510,0.5539179562760992,1155.1279296875,27.4775390625,17.50450276137004,0.14285857156282905,0.550537109375,0.2457653054687512,0.24973419843750833,7,15,2.142857142857143,29,1.8094921268573962,23,1706,0.0,1158.5220372184133,9,43,0.3359375,0.25316059453125206,True
0.8,150,23206,1024,23,3,34,37,0.2890625,0.0224609375,8169,0.9971923828125,3583,0.43860937691271884,5681.91796875,55.935546875,10.585854014521983,0.16028821090154352,0.4373779296875,0.2457653054687512,0.24973419843750833,3,11,3.6666666666666665,29,2.2786152987158013,9,1997,0.0,5698.613124387855,6,40,0.3125,0.25316059453125206,True
0.8,151,25039,1024,1042,131,34,165,1.2890625,1.017578125,7150,0.872802734375,3343,0.46755244755244757,6341.3388671875,63.1552734375,10.108993993199036,0.07364927092657404,0.4080810546875,0.2457653054687512,0.24973419843750833,131,142,1.083969465648855,9,2.448234590065829,10,1831,0.0,6347.537634408603,143,177,1.3828125,0.25316059453125206,True
0.8,152,21014,1024,8,1,34,35,0.2734375,0.0078125,8184,0.9990234375,2912,0.35581622678396874,17491.58984375,96.634765625,5.702510757466874,0.045170081610979684,0.35546875,0.2457653054687512,0.24973419843750833,1,9,9.0,87,2.750944692545517,8,1577,0.0,17664.090729783038,4,38,0.296875,0.25316059453125206,True
0.8,153,32412,1024,23,3,34,37,0.2890625,0.0224609375,8169,0.9971923828125,3692,0.4519525033663851,3177.73828125,47.908203125,13.109622350479826,0.11448232273770992,0.45068359375,0.2457653054687512,0.24973419843750833,3,11,3.6666666666666665,10,2.216472500677323,9,1903,0.0,3180.844574780059,6,40,0.3125,0.25316059453125206,True
0.8,154,34022,1024,57,8,34,42,0.328125,0.0556640625,8135,0.9930419921875,3482,0.42802704363859867,1088.2216796875,20.0302734375,17.76362987143216,0.2387869027127583,0.425048828125,0.2457653054687512,0.24973419843750833,8,16,2.0,69,2.333237575409365,21,1564,0.0,1096.7903543307086,10,44,0.34375,0.25316059453125206,True
0.8,155,21369,1024,42,6,34,40,0.3125,0.041015625,8150,0.994873046875,3567,0.4376687116564417,4815.3203125,46.650390625,11.304551794126795,0.13227572666109932,0.4354248046875,0.2457653054687512,0.24973419843750833,6,14,2.3333333333333335,55,2.2807066741447,11,1970,0.0,4843.70137524558,7,41,0.3203125,0.25316059453125206,True
0.8,156,41654,1024,105,14,34,48,0.375,0.1025390625,8087,0.9871826171875,3757,0.4645727711141338,3700.9375,47.375,12.447686099079814,0.032080900366825316,0.4586181640625,0.2457653054687512,0.24973419843750833,14,22,1.5714285714285714,58,2.165335463258786,15,2049,0.0,3726.4110127826943,16,50,0.390625,0.25316059453125206,True
0.8,157,11953,1024,8,1,34,35,0.2734375,0.0078125,8184,0.9990234375,3910,0.477761485826002,24389.4921875,139.6796875,4.258776028855657,0.06422202619835923,0.477294921875,0.2457653054687512,0.24973419843750833,1,9,9.0,14,2.091327705295472,8,2023,0.0,24413.333333333332,4,38,0.296875,0.25316059453125206,True
0.8,158,13700,1024,98,13,34,47,0.3671875,0.095703125,8094,0.988037109375,4284,0.5292809488510007,24314.60546875,148.486328125,4.2721313381277515,0.09134235388642412,0.52294921875,0.2457653054687512,0.24973419843750833,13,22,1.6923076923076923,28,1.9052066308662152,21,2134,0.0,24386.048971596472,18,52,0.40625,0.25316059453125206,True
0.8,159,38205,1024,37,5,34,39,0.3046875,0.0361328125,8155,0.9954833984375,3630,0.4451256897608829,6952.193359375,62.79296875,9.70958518350518,0.139990483665272,0.443115234375,0.2457653054687512,0.24973419843750833,5,13,2.6,55,2.2419399283549186,15,1940,0.0,6993.168958742633,8,42,0.328125,0.25316059453125206,True
0.8,160,40129,1024,373,47,34,81,0.6328125,0.3642578125,7819,0.9544677734375,2840,0.3632178027880803,380.4873046875,13.7216796875,22.327401901585468,0.38625313453084653,0.3466796875,0.2457653054687512,0.24973419843750833,47,58,1.2340425531914894,12,2.8802395209580838,6,1575,0.0,380.8592375366569,53,87,0.6796875,0.25316059453125206,True
0.8,161,17080,1024,113,15,34,49,0.3828125,0.1103515625,8079,0.9862060546875,3731,0.46181458101250156,2960.9853515625,41.8681640625,13.416441019930694,0.09757026368188526,0.4554443359375,0.2457653054687512,0.24973419843750833,15,20,1.3333333333333333,63,2.179088471849866,14,1854,0.0,2981.3657817109142,14,48,0.375,0.25316059453125206,True
0.8,162,1505,1024,38,5,34,39,0.3046875,0.037109375,8154,0.995361328125,4115,0.5046602894285014,15595.84765625,108.03515625,6.200713766174867,0.031142642998695076,0.5023193359375,0.2457653054687512,0.24973419843750833,5,13,2.6,62,1.975206611570248,15,2048,0.0,15703.193706981318,8,42,0.328125,0.25316059453125206,True
0.8,163,36391,1024,332,42,34,76,0.59375,0.32421875,7860,0.95947265625,3852,0.4900763358778626,5497.4208984375,59.4931640625,10.729213717881073,0.07248020334306117,0.47021484375,0.2457653054687512,0.24973419843750833,42,53,1.2619047619047619,11,2.1233445858218642,14,2151,0.0,5502.794721407625,50,84,0.65625,0.25316059453125206,True
0.8,164,24660,1024,254,32,34,66,0.515625,0.248046875,7938,0.968994140625,3812,0.4802217183169564,3799.6416015625,47.8818359375,12.333377268311809,0.12010927587034984,0.46533203125,0.2457653054687512,0.24973419843750833,32,43,1.34375,11,2.1461558646024663,10,1887,0.0,3803.355816226784,37,71,0.5546875,0.25316059453125206,True
0.8,165,24061,1024,15,2,34,36,0.28125,0.0146484375,8177,0.9981689453125,3109,0.38021279197749785,4361.2275390625,48.0263671875,11.734716150838747,0.1500085490628376,0.3795166015625,0.2457653054687512,0.24973419843750833,2,10,5.0,22,2.628056628056628,8,1868,0.0,4369.762230919765,5,39,0.3046875,0.25316059453125206,True
0.8,166,10964,1024,90,12,34,46,0.359375,0.087890625,8102,0.989013671875,4291,0.5296223154776598,5283.4736328125,63.4560546875,10.901608164507213,0.11377692522865347,0.5238037109375,0.2457653054687512,0.24973419843750833,12,20,1.6666666666666667,20,1.9044289044289044,21,2039,0.0,5293.813111545988,16,50,0.390625,0.25316059453125206,True
0.8,167,20807,1024,513,65,34,99,0.7734375,0.5009765625,7679,0.9373779296875,3831,0.4988930850371142,4316.548828125,58.005859375,11.779437029217162,0.0630254517933074,0.4676513671875,0.2457653054687512,0.24973419843750833,65,76,1.1692307692307693,9,2.1362924281984332,11,2077,0.0,4320.768328445748,76,110,0.859375,0.25316059453125206,True
0.8,168,33388,1024,192,24,34,58,0.453125,0.1875,8000,0.9765625,3970,0.49625,5954.6552734375,64.0126953125,10.38223736472684,0.03860293800934907,0.484619140625,0.2457653054687512,0.24973419843750833,24,33,1.375,18,2.059208868732678,14,1819,0.0,5966.308219178082,30,64,0.5,0.25316059453125206,True
0.8,169,34571,1024,16,2,34,36,0.28125,0.015625,8176,0.998046875,3851,0.47101272015655576,22942.525390625,120.3359375,4.52439139855061,0.027099895491714102,0.4700927734375,0.2457653054687512,0.24973419843750833,2,10,5.0,22,2.1215584415584416,13,1833,0.0,22987.422700587085,6,40,0.3125,0.25316059453125206,True
0.8,170,21194,1024,18,3,34,37,0.2890625,0.017578125,8174,0.997802734375,3555,0.4349155860044042,5892.859375,55.69921875,10.427542834907689,0.1447251375424476,0.4339599609375,0.2457653054687512,0.24973419843750833,3,11,3.6666666666666665,18,2.299662352279122,11,1850,0.0,5904.391389432485,5,39,0.3046875,0.25316059453125206,True
0.8,171,32696,1024,1065,134,34,168,1.3125,1.0400390625,7127,0.8699951171875,3057,0.4289322295496001,3336.83203125,41.986328125,12.897460150873293,0.28003597188246704,0.3731689453125,0.2457653054687512,0.24973419843750833,134,145,1.0820895522388059,9,2.6773560209424083,13,1710,0.0,3340.0938416422287,146,180,1.40625,0.25316059453125206,True
0.8,172,46005,1024,54,7,34,41,0.3203125,0.052734375,8138,0.993408203125,2656,0.3263701155074957,287.103515625,11.228515625,23.550418503386986,0.5624410074231063,0.32421875,0.2457653054687512,0.24973419843750833,7,15,2.142857142857143,119,3.04030131826742,6,1563,0.0,291.0831683168317,10,44,0.34375,0.25316059453125206,True
0.8,173,19269,1024,42,6,34,40,0.3125,0.041015625,8150,0.994873046875,3992,0.4898159509202454,3460.806640625,39.6796875,12.739030254441762,0.4337005244434744,0.4873046875,0.2457653054687512,0.24973419843750833,6,14,2.3333333333333335,87,2.0303182159859685,12,1905,0.0,3494.9368836291915,8,42,0.328125,0.25316059453125206,True
0.8,174,5503,1024,3034,380,34,414,3.234375,2.962890625,5158,0.629638671875,2208,0.4280728964715006,3510.4384765625,45.4755859375,12.67718994812856,0.07240692389878504,0.26953125,0.2457653054687512,0.24973419843750833,380,391,1.0289473684210526,9,3.7072949705482556,10,1398,0.0,3513.869990224829,411,445,3.4765625,0.25316059453125206,True
0.8,175,32979,1024,17,3,34,37,0.2890625,0.0166015625,8175,0.9979248046875,4000,0.4892966360856269,10443.16015625,84.533203125,7.942484224749652,0.05267322374402323,0.48828125,0.2457653054687512,0.24973419843750833,3,11,3.6666666666666665,9,2.046011502875719,10,2096,0.0,10453.36852394917,5,39,0.3046875,0.25316059453125206,True
0.8,176,32764,1024,990,124,34,158,1.234375,0.966796875,7202,0.879150390625,3533,0.49055817828381004,4550.0869140625,52.6025390625,11.550606684004169,-0.00839806507626645,0.4312744140625,0.2457653054687512,0.24973419843750833,124,135,1.0887096774193548,21,2.313137032842582,14,1669,0.0,4558.991193737769,138,172,1.34375,0.25316059453125206,True
0.8,177,36396,1024,854,107,34,141,1.1015625,0.833984375,7338,0.895751953125,3315,0.4517579721995094,2002.654296875,36.48046875,15.114743740892242,0.191665284180682,0.4046630859375,0.2457653054687512,0.24973419843750833,107,118,1.102803738317757,44,2.4583584791792394,11,1872,0.0,2012.4808635917566,113,147,1.1484375,0.25316059453125206,True
0.8,178,16139,1024,66,9,34,43,0.3359375,0.064453125,8126,0.991943359375,2946,0.36253999507752893,1556.9228515625,34.8759765625,16.208132678699897,0.538408825362959,0.359619140625,0.2457653054687512,0.24973419843750833,9,17,1.8888888888888888,166,2.7246179966044144,14,2071,0.0,1587.937250996016,10,44,0.34375,0.25316059453125206,True
0.8,179,32110,1024,8,1,34,35,0.2734375,0.0078125,8184,0.9990234375,3196,0.39051808406647115,18629.90625,108.3125,5.42869691436516,0.08397785770620061,0.39013671875,0.2457653054687512,0.24973419843750833,1,9,9.0,14,2.5593114241001564,8,1653,0.0,18648.117302052786,4,38,0.296875,0.25316059453125206,True
0.8,180,37930,1024,195,25,34,59,0.4609375,0.1904296875,7997,0.9761962890625,3638,0.4549205952232087,2790.7431640625,41.1923828125,13.673604912595929,0.09046052898089983,0.444091796875,0.2457653054687512,0.24973419843750833,25,34,1.36,77,2.2304096783062963,10,1998,0.0,2815.4886699507388,30,64,0.5,0.25316059453125206,True
0.8,181,5624,1024,102,13,34,47,0.3671875,0.099609375,8090,0.987548828125,4580,0.5661310259579728,3383.091796875,52.583984375,12.837665787655965,0.12571313957486852,0.55908203125,0.2457653054687512,0.24973419843750833,13,21,1.6153846153846154,12,1.786197859794715,16,1857,0.0,3386.3988269794722,17,51,0.3984375,0.25316059453125206,True
0.8,182,37946,1024,17,3,34,37,0.2890625,0.0166015625,8175,0.9979248046875,4072,0.4981039755351682,8892.7177734375,80.3134765625,8.64045851458319,0.13241990691933614,0.4970703125,0.2457653054687512,0.24973419843750833,3,11,3.6666666666666665,13,2.0085973962171457,15,2080,0.0,8901.41055718475,5,39,0.3046875,0.25316059453125206,True
0.8,183,6616,1024,241,31,34,65,0.5078125,0.2353515625,7951,0.9705810546875,3573,0.4493774368004025,6184.54296875,61.265625,10.217727496244704,0.051154460764475655,0.4361572265625,0.2457653054687512,0.24973419843750833,31,42,1.3548387096774193,18,2.287793952967525,9,1939,0.0,6196.6457925636005,38,72,0.5625,0.25316059453125206,True
0.8,184,11706,1024,54,7,34,41,0.3203125,0.052734375,8138,0.993408203125,3786,0.4652248709756697,9352.2548828125,77.3837890625,8.421640264555105,0.10539896287945251,0.462158203125,0.2457653054687512,0.24973419843750833,7,15,2.142857142857143,47,2.1511228533685602,14,1951,0.0,9398.144259077528,10,44,0.34375,0.25316059453125206,True
0.8,185,10558,1024,11,2,34,36,0.28125,0.0107421875,8181,0.9986572265625,3045,0.3722038870553722,10764.248046875,72.060546875,7.810966639586658,0.1145221320208086,0.3717041015625,0.2457653054687512,0.24973419843750833,2,10,5.0,108,2.644875164257556,8,1690,0.0,10902.660731948567,5,39,0.3046875,0.25316059453125206,True
0.8,186,18351,1024,8,1,34,35,0.2734375,0.0078125,8184,0.9990234375,2574,0.31451612903225806,9704.8349609375,70.2744140625,8.260922066317915,0.038040394839714185,0.314208984375,0.2457653054687512,0.24973419843750833,1,9,9.0,71,3.1496307811892734,8,1489,0.0,9781.250984251968,4,38,0.296875,0.25316059453125206,True
0.8,187,15023,1024,8,1,34,35,0.2734375,0.0078125,8184,0.9990234375,3852,0.4706744868035191,17648.89453125,124.361328125,5.663628530711873,0.14312015887894564,0.47021484375,0.2457653054687512,0.24973419843750833,1,9,9.0,14,2.1223058945728384,8,1955,0.0,17666.146627565984,4,38,0.296875,0.25316059453125206,True
0.8,188,9490,1024,49,7,34,41,0.3203125,0.0478515625,8143,0.9940185546875,3681,0.4520447009701584,5433.05859375,59.904296875,10.780359720857852,0.1469174560664906,0.4493408203125,0.2457653054687512,0.24973419843750833,7,15,2.142857142857143,19,2.220108695652174,11,2156,0.0,5443.690802348337,10,44,0.34375,0.25316059453125206,True
0.8,189,6355,1024,1235,155,34,189,1.4765625,1.2060546875,6957,0.8492431640625,2738,0.39356044271956303,1573.8310546875,28.6943359375,16.16122250351178,0.28898123607451554,0.334228515625,0.2457653054687512,0.24973419843750833,155,166,1.070967741935484,8,2.989769820971867,7,1718,0.0,1575.3695014662756,175,209,1.6328125,0.25316059453125206,True
0.8,190,8857,1024,33,5,34,39,0.3046875,0.0322265625,8159,0.9959716796875,3098,0.3797033950239,845.16796875,15.1171875,18.86137331620063,0.37650986267148373,0.378173828125,0.2457653054687512,0.24973419843750833,5,13,2.6,69,2.6225379399418793,15,1371,0.0,851.8228346456693,7,41,0.3203125,0.25316059453125206,True
0.8,191,31811,1024,81,11,34,45,0.3515625,0.0791015625,8111,0.9901123046875,4392,0.5414868696831463,13528.8896484375,101.3740234375,6.818182064982651,0.17160269952432175,0.5361328125,0.2457653054687512,0.24973419843750833,11,19,1.7272727272727273,21,1.8603962650876793,15,1964,0.0,13555.364970645793,14,48,0.375,0.25316059453125206,True
0.8,192,10400,1024,2244,281,34,315,2.4609375,2.19140625,5948,0.72607421875,2764,0.46469401479488903,2030.6025390625,30.2021484375,15.054554359782557,0.093973996759022,0.33740234375,0.2457653054687512,0.24973419843750833,281,292,1.0391459074733096,20,2.95656894679696,15,1299,0.0,2034.5763209393347,307,341,2.6640625,0.25316059453125206,True
0.8,193,275,1024,922,116,34,150,1.171875,0.900390625,7270,0.887451171875,3777,0.5195323246217332,19172.4599609375,117.6474609375,5.304025213899682,0.06863039706740795,0.4610595703125,0.2457653054687512,0.24973419843750833,116,127,1.0948275862068966,12,2.1652542372881354,22,1959,0.0,19191.20136852395,127,161,1.2578125,0.25316059453125206,True
0.8,194,26152,1024,8,1,34,35,0.2734375,0.0078125,8184,0.9990234375,3706,0.45283479960899314,18343.6904296875,117.4931640625,5.495936482897765,0.05140453878207003,0.452392578125,0.2457653054687512,0.24973419843750833,1,9,9.0,287,2.1333333333333333,8,1888,0.0,18992.86046511628,4,38,0.296875,0.25316059453125206,True
0.8,195,13037,1024,9,2,34,36,0.28125,0.0087890625,8183,0.9989013671875,3114,0.38054503238421117,15930.1162109375,93.8408203125,6.108614168568101,0.04805183063971312,0.380126953125,0.2457653054687512,0.24973419843750833,2,10,5.0,14,2.6267266302601993,11,1497,0.0,15945.68817204301,5,39,0.3046875,0.25316059453125206,True
0.8,196,41203,1024,253,32,34,66,0.515625,0.2470703125,7939,0.9691162109375,3886,0.4894823025569971,16434.0185546875,112.0458984375,5.973365878935738,0.11135688812118179,0.474365234375,0.2457653054687512,0.24973419843750833,32,43,1.34375,52,2.094980694980695,16,2031,0.0,16530.879174852653,37,71,0.5546875,0.25316059453125206,True
0.8,197,43709,1024,123,16,34,50,0.390625,0.1201171875,8069,0.9849853515625,3651,0.45247242533151566,3367.427734375,45.669921875,12.85782076413177,0.39867278560109165,0.4456787109375,0.2457653054687512,0.24973419843750833,16,25,1.5625,67,2.2246575342465755,8,2101,0.0,3393.9429133858266,20,54,0.421875,0.25316059453125206,True
0.8,198,43572,1024,63,8,34,42,0.328125,0.0615234375,8129,0.9923095703125,4135,0.5086726534629106,10966.1005859375,90.5556640625,7.7302813576060245,0.11346208220071198,0.5047607421875,0.2457653054687512,0.24973419843750833,8,16,2.0,11,1.9787131107885825,9,2045,0.0,10976.820136852395,12,46,0.359375,0.25316059453125206,True
0.8,199,23390,1024,2047,256,34,290,2.265625,1.9990234375,6145,0.7501220703125,2366,0.3850284784377543,1867.3828125,31.556640625,15.41847003650346,0.17319688865938873,0.288818359375,0.2457653054687512,0.24973419843750833,256,267,1.04296875,51,3.4414376321353064,9,1364,0.0,1878.3889980353636,268,302,2.359375,0.25316059453125206,True
0.85,0,712,1024,4289,537,34,571,4.4609375,4.1884765625,3903,0.4764404296875,1348,0.34537535229310784,2448.89453125,29.431640625,14.241102794926759,0.24419216582363854,0.16455078125,0.2457653054687512,0.24973419843750833,537,548,1.0204841713221602,20,6.064587973273942,6,872,0.0,2453.6868884540118,569,603,4.7109375,0.25316059453125206,True
0.85,1,24774,1024,2315,290,34,324,2.53125,2.2607421875,5877,0.7174072265625,2920,0.49685213544325335,17525.5283203125,107.9248046875,5.694092418960933,0.048167900632292336,0.3564453125,0.2457653054687512,0.24973419843750833,290,301,1.0379310344827586,116,2.7660157588215144,8,1586,0.0,17768.456435643566,302,336,2.625,0.25316059453125206,True
0.85,2,45142,1024,5348,669,34,703,5.4921875,5.22265625,2844,0.34716796875,769,0.27039381153305203,1701.015625,25.83984375,15.823720579431056,0.22718107092964596,0.0938720703125,0.2457653054687512,0.24973419843750833,669,680,1.0164424514200299,34,10.615885416666666,5,617,0.0,1707.686274509804,695,729,5.6953125,0.25316059453125206,True
0.85,3,27119,1024,15,2,34,36,0.28125,0.0146484375,8177,0.9981689453125,2528,0.3091598385716033,13518.3291015625,72.7744140625,6.821573458019509,0.07200112226066191,0.30859375,0.2457653054687512,0.24973419843750833,2,10,5.0,12,3.2366442421844086,35,1203,0.0,13531.543499511241,6,40,0.3125,0.25316059453125206,True
0.85,4,21139,1024,4964,621,34,655,5.1171875,4.84765625,3228,0.39404296875,860,0.2664188351920694,3205.265625,35.53515625,13.072163349096044,0.22806099456308815,0.10498046875,0.2457653054687512,0.24973419843750833,621,632,1.0177133655394526,20,9.49708963911525,4,699,0.0,3211.538160469667,635,669,5.2265625,0.25316059453125206,True
0.85,5,19129,1024,244,31,34,65,0.5078125,0.23828125,7948,0.97021484375,4075,0.5127075993960745,22348.0908203125,137.2939453125,4.638399332486748,0.05343377174789345,0.4974365234375,0.2457653054687512,0.24973419843750833,31,42,1.3548387096774193,61,1.995581737849779,8,2190,0.0,22501.91248770895,38,72,0.5625,0.25316059453125206,True
0.85,6,6433,1024,2079,260,34,294,2.296875,2.0302734375,6113,0.7462158203125,2095,0.34271225257647636,1427.6640625,27.9296875,16.58454333376092,0.1854165404538679,0.2557373046875,0.2457653054687512,0.24973419843750833,260,271,1.0423076923076924,51,3.8872970391595034,11,1286,0.0,1436.0785854616895,262,296,2.3125,0.25316059453125206,True
0.85,7,38854,1024,4523,566,34,600,4.6875,4.4169921875,3669,0.4478759765625,1163,0.31698010357045514,3352.85546875,39.076171875,12.876655281301758,0.2093782573239062,0.1419677734375,0.2457653054687512,0.24973419843750833,566,577,1.019434628975265,45,7.005163511187607,5,916,0.0,3369.307163886163,585,619,4.8359375,0.25316059453125206,True
0.85,8,22489,1024,5510,689,34,723,5.6484375,5.380859375,2682,0.327392578125,716,0.2669649515287099,2317.859375,27.47265625,14.479932771756763,0.3523482239312939,0.08740234375,0.25482782499999246,0.2503931289062393,689,700,1.0159651669085632,74,11.346853146853148,4,545,0.0,2338.4118226600986,699,733,5.7265625,0.24877777343749585,True
0.85,9,31104,1024,49,7,34,41,0.3203125,0.0478515625,8143,0.9940185546875,3655,0.4488517745302714,9907.4453125,69.646484375,8.17118677090553,0.09388032665443646,0.4461669921875,0.25482782499999246,0.2503931289062393,7,15,2.142857142857143,114,2.2088122605363987,9,1849,0.0,10044.776237623762,8,42,0.328125,0.24877777343749585,True
0.85,10,21349,1024,75,10,34,44,0.34375,0.0732421875,8117,0.9908447265625,3840,0.4730811876308981,14354.2109375,106.1328125,6.561010368955946,0.055954461925817205,0.46875,0.25482782499999246,0.2503931289062393,10,18,1.8,44,2.1208648085438915,15,2002,0.0,14424.643768400392,11,45,0.3515625,0.24877777343749585,True
0.85,11,29116,1024,2043,256,34,290,2.265625,1.9951171875,6149,0.7506103515625,2329,0.37876077410961134,4404.259765625,45.28125,11.692074348891495,0.13781412491865314,0.2843017578125,0.25482782499999246,0.2503931289062393,256,267,1.04296875,20,3.509450171821306,8,1445,0.0,4412.8786692759295,281,315,2.4609375,0.24877777343749585,True
0.85,12,10772,1024,350,44,34,78,0.609375,0.341796875,7842,0.957275390625,4031,0.5140270339199184,24873.8310546875,141.8466796875,4.173376806331651,0.019886504506576076,0.4920654296875,0.25482782499999246,0.2503931289062393,44,55,1.25,9,2.030272952853598,8,2039,0.0,24898.145650048875,53,87,0.6796875,0.24877777343749585,True
0.85,13,18332,1024,5693,712,34,746,5.828125,5.5595703125,2499,0.3050537109375,735,0.29411764705882354,2996.765625,33.71484375,13.364275824699694,0.3525081474755016,0.0897216796875,0.25482782499999246,0.2503931289062393,712,723,1.0154494382022472,25,11.064032697547685,4,586,0.0,3005.5710088148876,726,760,5.9375,0.24877777343749585,True
0.85,14,1003,1024,1513,190,34,224,1.75,1.4775390625,6679,0.8153076171875,3177,0.47567001048061086,15326.07421875,107.6796875,6.276494365077719,0.05804943860857426,0.3878173828125,0.25482782499999246,0.2503931289062393,190,201,1.0578947368421052,35,2.5680100755667508,8,1708,0.0,15386.176470588236,199,233,1.8203125,0.24877777343749585,True
0.85,15,22156,1024,5370,672,34,706,5.515625,5.244140625,2822,0.344482421875,709,0.25124025513819986,1828.45703125,25.431640625,15.509956019965736,0.34456449501091213,0.0865478515625,0.25482782499999246,0.2503931289062393,672,683,1.0163690476190477,17,11.529661016949152,4,557,0.0,1832.0352250489236,691,725,5.6640625,0.24877777343749585,True
0.85,16,26453,1024,4621,578,34,612,4.78125,4.5126953125,3571,0.4359130859375,712,0.19938392607112854,2002.59375,23.86328125,15.11487504448894,0.2608428943069692,0.0869140625,0.25482782499999246,0.2503931289062393,578,589,1.019031141868512,36,11.465541490857946,4,620,0.0,2010.4470588235295,588,622,4.859375,0.24877777343749585,True
0.85,17,17039,1024,698,88,34,122,0.953125,0.681640625,7494,0.914794921875,3201,0.42714171337069656,3423.201171875,51.365234375,12.786479387186409,0.2527182539168115,0.3907470703125,0.25482782499999246,0.2503931289062393,88,99,1.125,10,2.5565625,7,1950,0.0,3426.5474095796676,96,130,1.015625,0.24877777343749585,True
0.85,18,7166,1024,396,50,34,84,0.65625,0.38671875,7796,0.95166015625,3902,0.5005130836326321,22966.5380859375,140.9873046875,4.519848251193145,0.09805573946039925,0.476318359375,0.25482782499999246,0.2503931289062393,50,61,1.22,9,2.0968982312227635,8,2029,0.0,22988.98826979472,57,91,0.7109375,0.24877777343749585,True
0.85,19,48310,1024,23,3,34,37,0.2890625,0.0224609375,8169,0.9971923828125,3615,0.44252662504590523,10353.1328125,81.845703125,7.980085755860268,0.08240121357705857,0.4412841796875,0.25482782499999246,0.2503931289062393,3,11,3.6666666666666665,55,2.251245157719978,8,2036,0.0,10414.153241650294,6,40,0.3125,0.24877777343749585,True
0.85,20,12187,1024,343,43,34,77,0.6015625,0.3349609375,7849,0.9581298828125,3674,0.46808510638297873,2088.291015625,31.138671875,14.932893408320695,0.21507817667629114,0.448486328125,0.25482782499999246,0.2503931289062393,43,54,1.255813953488372,134,2.1935747345494145,29,1577,0.0,2121.438492063492,45,79,0.6171875,0.24877777343749585,True
0.85,21,20284,1024,3415,427,34,461,3.6015625,3.3349609375,4777,0.5831298828125,1173,0.24555160142348753,1371.765625,21.14453125,16.758004451708285,0.36361736676921563,0.1431884765625,0.25482782499999246,0.2503931289062393,427,438,1.0257611241217799,37,6.919795221843003,5,842,0.0,1377.1450980392158,462,496,3.875,0.24877777343749585,True
0.85,22,1052,1024,5037,630,34,664,5.1875,4.9189453125,3155,0.3851318359375,886,0.280824088748019,2742.8515625,31.7734375,13.748780557539018,0.27864915175090665,0.108154296875,0.25482782499999246,0.2503931289062393,630,641,1.0174603174603174,34,9.07457627118644,4,673,0.0,2753.607843137255,650,684,5.34375,0.24877777343749585,True
0.85,23,13752,1024,2940,368,34,402,3.140625,2.87109375,5252,0.64111328125,1499,0.2854150799695354,1013.9970703125,25.9658203125,18.07043660652598,0.35647278259903054,0.1829833984375,0.25482782499999246,0.2503931289062393,368,379,1.0298913043478262,26,5.449265687583445,6,1167,0.0,1016.9764936336925,392,426,3.328125,0.24877777343749585,True
0.85,24,37139,1024,156,20,34,54,0.421875,0.15234375,8036,0.98095703125,4020,0.5002488800398208,22290.125,130.4296875,4.649678569162496,0.04412617540369415,0.49072265625,0.25482782499999246,0.2503931289062393,20,29,1.45,27,2.0313510823587957,8,2075,0.0,22355.61998041136,26,60,0.46875,0.24877777343749585,True
0.85,25,29727,1024,5675,710,34,744,5.8125,5.5419921875,2517,0.3072509765625,833,0.33094954310687325,4790.7724609375,43.9501953125,11.326748164564236,0.3373589814795828,0.1016845703125,0.25482782499999246,0.2503931289062393,710,721,1.0154929577464789,11,9.826923076923077,7,651,0.0,4795.455522971652,728,762,5.953125,0.24877777343749585,True
0.85,26,41854,1024,4817,603,34,637,4.9765625,4.7041015625,3375,0.4119873046875,588,0.17422222222222222,544.1064453125,11.5478515625,20.773964904167496,0.4875803018778454,0.07177734375,0.25482782499999246,0.2503931289062393,603,614,1.0182421227197347,76,13.810902896081771,6,477,0.0,548.9310344827586,607,641,5.0078125,0.24877777343749585,True
0.85,27,40333,1024,4979,623,34,657,5.1328125,4.8623046875,3213,0.3922119140625,1111,0.3457827575474634,4013.09765625,40.189453125,12.096006327178085,0.3042363160479738,0.1356201171875,0.25482782499999246,0.2503931289062393,623,634,1.0176565008025682,8,7.371171171171171,5,821,0.0,4017.0205278592375,649,683,5.3359375,0.24877777343749585,True
0.85,28,33248,1024,10,2,34,36,0.28125,0.009765625,8182,0.998779296875,3277,0.40051332192617944,10005.841796875,80.859375,8.128267289292916,0.17856737380555399,0.4000244140625,0.25482782499999246,0.2503931289062393,2,10,5.0,375,2.385836385836386,8,1828,0.0,10476.464212678937,4,38,0.296875,0.24877777343749585,True
0.85,29,9680,1024,5004,626,34,660,5.15625,4.88671875,3188,0.38916015625,962,0.30175658720200754,4063.5556640625,38.5712890625,12.041741476146441,0.3664289670748964,0.117431640625,0.25482782499999246,0.2503931289062393,626,637,1.0175718849840256,17,8.50156087408949,5,764,0.0,4071.5078277886496,650,684,5.34375,0.24877777343749585,True
0.85,30,16805,1024,2921,366,34,400,3.125,2.8525390625,5271,0.6434326171875,2163,0.4103585657370518,4418.123046875,49.51171875,11.678425538515807,0.08397243532116093,0.2640380859375,0.25482782499999246,0.2503931289062393,366,377,1.030054644808743,19,3.7798334875115636,7,1406,0.0,4426.769080234833,392,426,3.328125,0.24877777343749585,True
0.85,31,14652,1024,3874,485,34,519,4.0546875,3.783203125,4318,0.527099609375,1163,0.26933765632237144,1351.125,20.716796875,16.82384831017623,0.3281087895473769,0.1419677734375,0.25482782499999246,0.2503931289062393,485,496,1.022680412371134,20,7.03184165232358,6,869,0.0,1353.7690802348336,499,533,4.1640625,0.24877777343749585,True
0.85,32,15793,1024,2960,370,34,404,3.15625,2.890625,5232,0.638671875,1635,0.3125,2715.1220703125,29.0400390625,13.79291000876247,0.548584022783351,0.1995849609375,0.25482782499999246,0.2503931289062393,370,381,1.0297297297297296,39,4.988372093023256,8,1008,0.0,2725.7696078431372,356,390,3.046875,0.24877777343749585,True
0.85,33,30210,1024,33,5,34,39,0.3046875,0.0322265625,8159,0.9959716796875,3354,0.4110797891898517,8025.8037109375,59.0126953125,9.085918269875524,0.3095953903889208,0.409423828125,0.25482782499999246,0.2503931289062393,5,13,2.6,35,2.431852072770653,13,1794,0.0,8057.277450980392,7,41,0.3203125,0.24877777343749585,True
0.85,34,47426,1024,320,40,34,74,0.578125,0.3125,7872,0.9609375,4679,0.594385162601626,36887.7353515625,182.5244140625,2.461983674602988,0.03155675874690922,0.5711669921875,0.25482782499999246,0.2503931289062393,40,51,1.275,10,1.748824283882001,16,1912,0.0,36923.79374389052,46,80,0.625,0.24877777343749585,True
0.85,35,20875,1024,5196,650,34,684,5.34375,5.07421875,2996,0.36572265625,837,0.2793724966622163,2598.3515625,31.32421875,13.983824491870013,0.34393591196617296,0.1021728515625,0.25482782499999246,0.2503931289062393,650,661,1.0169230769230768,11,9.779904306220097,5,641,0.0,2600.891495601173,662,696,5.4375,0.24877777343749585,True
0.85,36,4161,1024,4511,564,34,598,4.671875,4.4052734375,3681,0.4493408203125,1574,0.4276011953273567,8341.314453125,68.900390625,8.918458672136824,0.04675303835694675,0.192138671875,0.25482782499999246,0.2503931289062393,564,575,1.0195035460992907,74,5.15829624920534,5,1150,0.0,8415.276847290641,600,634,4.953125,0.24877777343749585,True
0.85,37,40340,1024,138,18,34,52,0.40625,0.134765625,8054,0.983154296875,3830,0.47554010429600196,3117.0478515625,45.8642578125,13.193368914399548,0.15720315500572768,0.467529296875,0.25482782499999246,0.2503931289062393,18,27,1.5,29,2.1316270566727606,14,1771,0.0,3126.2066601371203,20,54,0.421875,0.24877777343749585,True
0.85,38,28286,1024,5703,713,34,747,5.8359375,5.5693359375,2489,0.3038330078125,671,0.2695861791884291,3470.81640625,33.599609375,12.726487192107058,0.4275164414667651,0.0819091796875,0.25482782499999246,0.2503931289062393,713,724,1.0154277699859748,27,12.17910447761194,4,543,0.0,3481.014691478942,722,756,5.90625,0.24877777343749585,True
0.85,39,13256,1024,4493,562,34,596,4.65625,4.3876953125,3699,0.4515380859375,1386,0.3746958637469586,2696.34765625,35.470703125,13.823044732060957,0.14438499867578866,0.169189453125,0.25482782499999246,0.2503931289062393,562,573,1.019572953736655,19,5.896750902527076,6,961,0.0,2701.624266144814,594,628,4.90625,0.24877777343749585,True
0.85,40,48934,1024,4972,622,34,656,5.125,4.85546875,3220,0.39306640625,1019,0.3164596273291925,4029.2734375,40.125,12.07853620069785,0.33509513837702715,0.1243896484375,0.25482782499999246,0.2503931289062393,622,633,1.017684887459807,157,7.8870333988212185,4,809,0.0,4105.448756218905,640,674,5.265625,0.24877777343749585,True
0.85,41,11935,1024,3125,391,34,425,3.3203125,3.0517578125,5067,0.6185302734375,1726,0.3406354845075982,3642.94921875,44.01953125,12.516272434745728,0.20409314618603858,0.210693359375,0.25482782499999246,0.2503931289062393,391,402,1.0281329923273657,19,4.736231884057971,6,1235,0.0,3650.0782778864973,417,451,3.5234375,0.24877777343749585,True
0.85,42,48447,1024,4448,556,34,590,4.609375,4.34375,3744,0.45703125,1525,0.40731837606837606,1802.78515625,28.138671875,15.571363873427533,0.3116508794754067,0.1861572265625,0.25482782499999246,0.2503931289062393,556,567,1.0197841726618706,19,5.360892388451443,6,906,0.0,1806.3131115459882,592,626,4.890625,0.24877777343749585,True
0.85,43,15492,1024,6279,785,34,819,6.3984375,6.1318359375,1913,0.2335205078125,633,0.330893883951908,3572.55078125,34.818359375,12.601019501760941,0.2688450694802824,0.0772705078125,0.25482782499999246,0.2503931289062393,785,796,1.0140127388535032,11,12.931962025316455,4,515,0.0,3576.043010752688,818,852,6.65625,0.24877777343749585,True
0.85,44,32513,1024,2594,325,34,359,2.8046875,2.533203125,5598,0.683349609375,2041,0.3645944980350125,1674.9921875,29.2578125,15.89067575127018,0.30600642618684026,0.2491455078125,0.25482782499999246,0.2503931289062393,325,336,1.0338461538461539,130,3.9514705882352943,11,1241,0.0,1701.579365079365,331,365,2.8515625,0.24877777343749585,True
0.85,45,36099,1024,11,2,34,36,0.28125,0.0107421875,8181,0.9986572265625,3812,0.46595770688179927,20775.74609375,126.677734375,4.955237318495286,0.08265445835878617,0.46533203125,0.25482782499999246,0.2503931289062393,2,10,5.0,71,2.1304119653634217,8,2075,0.0,20939.334645669293,5,39,0.3046875,0.24877777343749585,True
0.85,46,39260,1024,522,66,34,100,0.78125,0.509765625,7670,0.936279296875,2692,0.3509778357235984,1245.55078125,19.654296875,17.1771892239797,0.16580789605343718,0.32861328125,0.25482782499999246,0.2503931289062393,66,63,0.9545454545454546,175,2.978818283166109,14,1384,0.0,1271.629112662014,46,80,0.625,0.24877777343749585,True
0.85,47,46517,1024,4376,547,34,581,4.5390625,4.2734375,3816,0.4658203125,1150,0.30136268343815514,4027.44921875,43.970703125,12.0805028766882,0.058862358421253855,0.140380859375,0.25482782499999246,0.2503931289062393,547,558,1.0201096892138939,30,7.098346388163621,4,930,0.0,4039.28305582762,569,603,4.7109375,0.24877777343749585,True
0.85,48,33095,1024,5956,745,34,779,6.0859375,5.81640625,2236,0.27294921875,559,0.25,1851.515625,22.91015625,15.45552979441862,0.2549348510832697,0.0682373046875,0.25482782499999246,0.2503931289062393,745,756,1.014765100671141,36,14.376344086021506,4,430,0.0,1858.7764705882353,765,799,6.2421875,0.24877777343749585,True
0.85,49,3,1024,5357,670,34,704,5.5,5.2314453125,2835,0.3460693359375,545,0.19223985890652556,1031.5625,15.953125,17.995848148575046,0.30533741570552775,0.0665283203125,0.25482782499999246,0.2503931289062393,670,681,1.016417910447761,58,14.946691176470589,4,431,0.0,1038.6627335299902,677,711,5.5546875,0.24877777343749585,True
0.85,50,21683,1024,5306,664,34,698,5.453125,5.181640625,2886,0.352294921875,778,0.2695772695772696,2675.7109375,32.2578125,13.8564116695505,0.38621436695384176,0.094970703125,0.25482782499999246,0.2503931289062393,664,675,1.016566265060241,10,10.523809523809524,4,621,0.0,2678.3264907135876,666,700,5.46875,0.24877777343749585,True
0.85,51,13446,1024,2130,267,34,301,2.3515625,2.080078125,6062,0.739990234375,2678,0.441768393269548,11395.8330078125,78.9248046875,7.563342843156452,0.04354130553960279,0.326904296875,0.25482782499999246,0.2503931289062393,267,278,1.0411985018726593,18,3.0530444527456106,8,1559,0.0,11418.134050880626,288,322,2.515625,0.24877777343749585,True
0.85,52,49515,1024,180,23,34,57,0.4453125,0.17578125,8012,0.97802734375,3318,0.4141288067898153,1858.9306640625,35.4072265625,15.438171694696655,0.18015037189909677,0.405029296875,0.25482782499999246,0.2503931289062393,23,32,1.391304347826087,111,2.4359360868254445,11,1884,0.0,1882.833827893175,23,57,0.4453125,0.24877777343749585,True
0.85,53,27943,1024,5066,634,34,668,5.21875,4.947265625,3126,0.381591796875,1152,0.3685220729366603,6091.125,56.65625,10.283828488310752,0.07843037690248819,0.140625,0.25482782499999246,0.2503931289062393,634,645,1.0173501577287065,49,7.06863596872285,5,909,0.0,6127.025540275049,664,698,5.453125,0.24877777343749585,True
0.85,54,29059,1024,3356,420,34,454,3.546875,3.27734375,4836,0.59033203125,2411,0.49855252274607115,14842.7392578125,91.9677734375,6.415663025953831,0.06176462367004555,0.2943115234375,0.25482782499999246,0.2503931289062393,420,431,1.026190476190476,9,3.3946058091286306,23,1258,0.0,14857.248289345063,435,469,3.6640625,0.24877777343749585,True
0.85,55,32738,1024,104,13,34,47,0.3671875,0.1015625,8088,0.9873046875,3614,0.44683481701285854,1640.5869140625,26.9189453125,15.980811177350695,0.4412894799919393,0.441162109375,0.25482782499999246,0.2503931289062393,13,22,1.6923076923076923,167,2.220869083863825,13,1778,0.0,1673.2679282868526,12,46,0.359375,0.24877777343749585,True
0.85,56,445,1024,5713,715,34,749,5.8515625,5.5791015625,2479,0.3026123046875,796,0.32109721661960466,4120.9375,39.2734375,11.980843329997047,0.152990882735542,0.09716796875,0.25482782499999246,0.2503931289062393,715,726,1.0153846153846153,33,10.133333333333333,4,631,0.0,4137.098039215686,734,768,6.0,0.24877777343749585,True
0.85,57,32216,1024,5191,649,34,683,5.3359375,5.0693359375,3001,0.3663330078125,1056,0.35188270576474506,7579.3125,60.5390625,9.33450547188033,0.17651685801394504,0.12890625,0.25482782499999246,0.2503931289062393,649,660,1.0169491525423728,90,7.666350710900474,4,808,0.0,7661.615004935834,662,696,5.4375,0.24877777343749585,True
0.85,58,18250,1024,761,96,34,130,1.015625,0.7431640625,7431,0.9071044921875,3546,0.47719014937424303,16185.787109375,114.43359375,6.039465370214181,0.0338768068323078,0.432861328125,0.25482782499999246,0.2503931289062393,96,107,1.1145833333333333,32,2.3015514809590973,8,1986,0.0,16249.260784313725,108,142,1.109375,0.24877777343749585,True
0.85,59,1684,1024,176,22,34,56,0.4375,0.171875,8016,0.978515625,3979,0.4963822355289421,15893.591796875,106.890625,6.118583062477664,0.05581900539673818,0.4857177734375,0.25482782499999246,0.2503931289062393,22,31,1.4090909090909092,136,2.024886877828054,12,2040,0.0,16161.9046673287,24,58,0.453125,0.24877777343749585,True
0.85,60,2899,1024,370,47,34,81,0.6328125,0.361328125,7822,0.954833984375,3614,0.462030171311685,8191.79296875,79.142578125,8.997013930254159,0.00030625332991089584,0.441162109375,0.25482782499999246,0.2503931289062393,47,58,1.2340425531914894,19,2.261278715748685,8,1951,0.0,8207.823874755382,55,89,0.6953125,0.24877777343749585,True
0.85,61,39428,1024,23,3,34,37,0.2890625,0.0224609375,8169,0.9971923828125,3199,0.3916023993144816,5901.0458984375,55.8994140625,10.421513682657501,0.10820757571582575,0.3905029296875,0.25482782499999246,0.2503931289062393,3,11,3.6666666666666665,54,2.544090056285178,7,1884,0.0,5935.826129666012,6,40,0.3125,0.24877777343749585,True
0.85,62,40758,1024,4901,613,34,647,5.0546875,4.7861328125,3291,0.4017333984375,1075,0.3266484351261015,4206.3056640625,41.2060546875,11.891795320344256,0.3712426243990082,0.1312255859375,0.25482782499999246,0.2503931289062393,613,624,1.0179445350734095,9,7.61731843575419,5,862,0.0,4210.417399804496,644,678,5.296875,0.24877777343749585,True
0.85,63,29154,1024,5364,671,34,705,5.5078125,5.23828125,2828,0.34521484375,958,0.33875530410183874,4050.8681640625,42.2041015625,12.055322516146745,0.2436166410066751,0.116943359375,0.25482782499999246,0.2503931289062393,671,682,1.0163934426229508,42,8.509926854754442,5,771,0.0,4070.7448478900883,693,727,5.6796875,0.24877777343749585,True
0.85,64,43958,1024,5611,702,34,736,5.75,5.4794921875,2581,0.3150634765625,389,0.15071677644323905,606.03125,11.3046875,20.305853417302693,0.3518126110877027,0.0474853515625,0.25482782499999246,0.2503931289062393,702,713,1.0156695156695157,9,21.079896907216494,3,331,0.0,606.6236559139785,706,740,5.78125,0.24877777343749585,True
0.85,65,33814,1024,274,35,34,69,0.5390625,0.267578125,7918,0.966552734375,3879,0.4898964384945693,20804.8857421875,126.2724609375,4.949150258229981,0.04054586552204087,0.4735107421875,0.25482782499999246,0.2503931289062393,35,46,1.3142857142857143,51,2.0990201134605466,8,2030,0.0,20927.50785854617,41,75,0.5859375,0.24877777343749585,True
0.85,66,34153,1024,4929,617,34,651,5.0859375,4.8134765625,3263,0.3983154296875,1101,0.3374195525589948,4364.43359375,42.994140625,11.731524709179652,0.38275737976779967,0.1343994140625,0.25482782499999246,0.2503931289062393,617,628,1.0178282009724473,20,7.425454545454546,5,881,0.0,4372.974559686889,641,675,5.2734375,0.24877777343749585,True
0.85,67,43609,1024,201,26,34,60,0.46875,0.1962890625,7991,0.9754638671875,4102,0.5133274934301089,20424.9091796875,120.1025390625,5.029202267698589,0.005451251107572151,0.500732421875,0.25482782499999246,0.2503931289062393,26,35,1.3461538461538463,35,1.988783223603999,78,2018,0.0,20505.006862745096,29,63,0.4921875,0.24877777343749585,True
0.85,68,10762,1024,4056,507,34,541,4.2265625,3.9609375,4136,0.5048828125,1633,0.394825918762089,3028.3837890625,39.2490234375,13.318694481277088,0.1934631254059951,0.1993408203125,0.25482782499999246,0.2503931289062393,507,518,1.0216962524654833,87,4.963235294117647,6,1027,0.0,3058.249506903353,533,567,4.4296875,0.24877777343749585,True
0.85,69,17898,1024,3706,464,34,498,3.890625,3.619140625,4486,0.547607421875,1578,0.3517610343290236,1496.8876953125,30.1474609375,16.378911424457982,0.22352932279550308,0.192626953125,0.25482782499999246,0.2503931289062393,464,475,1.0237068965517242,35,5.1718452758402025,6,1077,0.0,1502.757843137255,481,515,4.0234375,0.24877777343749585,True
0.85,70,43653,1024,20,3,34,37,0.2890625,0.01953125,8172,0.99755859375,3357,0.4107929515418502,12233.4765625,85.5546875,7.2553046659930445,0.006352912476954456,0.4097900390625,0.25482782499999246,0.2503931289062393,3,11,3.6666666666666665,39,2.4287842669845054,9,1932,0.0,12281.450980392157,5,39,0.3046875,0.24877777343749585,True
0.85,71,14233,1024,5642,706,34,740,5.78125,5.509765625,2550,0.311279296875,793,0.31098039215686274,2431.73046875,29.482421875,14.271649244865936,0.30849279962169096,0.0968017578125,0.25482782499999246,0.2503931289062393,706,717,1.0155807365439093,90,10.223484848484848,6,579,0.0,2458.136229022705,715,749,5.8515625,0.24877777343749585,True
0.85,72,39520,1024,4404,551,34,585,4.5703125,4.30078125,3788,0.46240234375,1376,0.3632523759239704,4655.9453125,45.47265625,11.450724903040339,0.02654923323165804,0.16796875,0.25482782499999246,0.2503931289062393,551,562,1.0199637023593466,94,5.8865454545454545,6,982,0.0,4706.503455083909,582,616,4.8125,0.24877777343749585,True
0.85,73,18138,1024,1522,191,34,225,1.7578125,1.486328125,6670,0.814208984375,2804,0.4203898050974513,7739.005859375,66.9921875,9.24395185393989,0.14878015272376524,0.34228515625,0.25482782499999246,0.2503931289062393,191,202,1.057591623036649,154,2.867285051730289,8,1564,0.0,7885.315422885572,200,234,1.828125,0.24877777343749585,True
0.85,74,9212,1024,2182,273,34,307,2.3984375,2.130859375,6010,0.733642578125,2637,0.4387687188019967,4310.6513671875,52.4482421875,11.78537461054914,0.3480472523481402,0.3218994140625,0.25482782499999246,0.2503931289062393,273,284,1.0402930402930404,22,3.0990136570561457,8,1450,0.0,4319.087084148728,284,318,2.484375,0.24877777343749585,True
0.85,75,6456,1024,5385,674,34,708,5.53125,5.2587890625,2807,0.3426513671875,890,0.3170644816530103,2352.30078125,31.138671875,14.415875080533896,0.23117378653154638,0.108642578125,0.25482782499999246,0.2503931289062393,674,685,1.0163204747774481,27,9.172103487064117,6,671,0.0,2359.212536728697,696,730,5.703125,0.24877777343749585,True
0.85,76,22948,1024,51,7,34,41,0.3203125,0.0498046875,8141,0.9937744140625,3853,0.4732833804200958,12548.232421875,89.1640625,7.14497806643688,0.2426882072111631,0.4703369140625,0.25482782499999246,0.2503931289062393,7,15,2.142857142857143,38,2.1165628245067496,21,2067,0.0,12597.441176470587,10,44,0.34375,0.24877777343749585,True
0.85,77,7591,1024,5790,724,34,758,5.921875,5.654296875,2402,0.293212890625,674,0.28059950041631976,2877.9296875,32.09375,13.540001816577972,0.16925023097110062,0.082275390625,0.25482782499999246,0.2503931289062393,724,735,1.0151933701657458,18,12.13521545319465,4,560,0.0,2883.5616438356165,752,786,6.140625,0.24877777343749585,True
0.85,78,29996,1024,235,30,34,64,0.5,0.2294921875,7957,0.9713134765625,3660,0.45997235138871434,14155.30078125,97.1640625,6.6216125889061095,0.01483769951421525,0.44677734375,0.25482782499999246,0.2503931289062393,30,39,1.3,78,2.2169991801038536,8,2009,0.0,14280.815763546798,34,68,0.53125,0.24877777343749585,True
0.85,79,10378,1024,80,10,34,44,0.34375,0.078125,8112,0.990234375,3015,0.3716715976331361,7161.419921875,60.833984375,9.580812208091011,0.036604551883217075,0.3680419921875,0.25482782499999246,0.2503931289062393,10,18,1.8,47,2.702057067020571,8,1926,0.0,7196.559371933268,14,48,0.375,0.24877777343749585,True
0.85,80,27337,1024,476,60,34,94,0.734375,0.46484375,7716,0.94189453125,3501,0.4537325038880249,5806.1962890625,63.2138671875,10.49188647006476,0.1910266947756303,0.4273681640625,0.25482782499999246,0.2503931289062393,60,71,1.1833333333333333,29,2.332,9,1997,0.0,5823.256611165524,62,96,0.75,0.24877777343749585,True
0.85,81,19965,1024,2142,268,34,302,2.359375,2.091796875,6050,0.738525390625,2656,0.43900826446280994,12599.783203125,92.48828125,7.127172883294367,0.024995808266719995,0.32421875,0.25482782499999246,0.2503931289062393,268,279,1.041044776119403,33,3.072693032015066,7,1714,0.0,12649.19411764706,279,313,2.4453125,0.24877777343749585,True
0.85,82,24405,1024,5398,675,34,709,5.5390625,5.271484375,2794,0.341064453125,792,0.28346456692913385,1621.98828125,24.181640625,16.03032648728189,0.3794382553184463,0.0966796875,0.25482782499999246,0.2503931289062393,675,686,1.0162962962962963,57,10.268015170670038,5,561,0.0,1633.1524090462144,686,720,5.625,0.24877777343749585,True
0.85,83,45135,1024,5201,651,34,685,5.3515625,5.0791015625,2991,0.3651123046875,914,0.3055834169174189,2510.0859375,30.87109375,14.133917702461813,0.3738360554491492,0.111572265625,0.25482782499999246,0.2503931289062393,651,662,1.0168970814132103,36,8.92552026286966,5,706,0.0,2519.929411764706,678,712,5.5625,0.24877777343749585,True
0.85,84,11274,1024,4426,554,34,588,4.59375,4.322265625,3766,0.459716796875,1403,0.37254381306425915,3555.3447265625,41.2490234375,12.621986445263056,0.10899727401627002,0.1712646484375,0.25482782499999246,0.2503931289062393,554,565,1.01985559566787,43,5.8102710413694725,8,924,0.0,3572.789990186457,564,598,4.671875,0.24877777343749585,True
0.85,85,1941,1024,5012,627,34,661,5.1640625,4.89453125,3180,0.38818359375,1128,0.35471698113207545,3569.0546875,37.14453125,12.605271583038114,0.05463140656211984,0.1376953125,0.25482782499999246,0.2503931289062393,627,638,1.0175438596491229,19,7.248447204968944,6,784,0.0,3576.0391389432484,658,692,5.40625,0.24877777343749585,True
0.85,86,48940,1024,5698,713,34,747,5.8359375,5.564453125,2494,0.304443359375,603,0.2417802726543705,1576.796875,22.68359375,16.153046103091064,0.37105023557612404,0.0736083984375,0.25482782499999246,0.2503931289062393,713,724,1.0154277699859748,67,13.490033222591363,4,510,0.0,1589.2125984251968,721,755,5.8984375,0.24877777343749585,True
0.85,87,36794,1024,2288,286,34,320,2.5,2.234375,5904,0.720703125,2719,0.46053523035230354,7566.1650390625,65.4462890625,9.342045506396525,0.09882901013108615,0.3319091796875,0.25482782499999246,0.2503931289062393,286,297,1.0384615384615385,112,2.972038263428992,9,1487,0.0,7671.042574257426,308,342,2.671875,0.24877777343749585,True
0.85,88,21994,1024,816,102,34,136,1.0625,0.796875,7376,0.900390625,3348,0.4539045553145336,14494.9013671875,103.2568359375,6.5186509639124,0.032975671644747545,0.40869140625,0.25482782499999246,0.2503931289062393,102,113,1.107843137254902,51,2.431729907379743,8,1864,0.0,14580.33300589391,107,141,1.1015625,0.24877777343749585,True
0.85,89,49944,1024,234,30,34,64,0.5,0.228515625,7958,0.971435546875,3682,0.46267906509173157,16899.2294921875,107.7724609375,5.852134571370567,0.1523519455357137,0.449462890625,0.25482782499999246,0.2503931289062393,30,39,1.3,48,2.2121706058136374,23,1843,0.0,16998.83202357564,33,67,0.5234375,0.24877777343749585,True
0.85,90,43442,1024,46,6,34,40,0.3125,0.044921875,8146,0.994384765625,2797,0.3433587036582372,380.6279296875,12.1494140625,22.32579708119943,0.6371081026025824,0.3414306640625,0.25482782499999246,0.2503931289062393,6,14,2.3333333333333335,119,2.886623748211731,8,1352,0.0,385.9039603960396,8,42,0.328125,0.24877777343749585,True
0.85,91,45096,1024,3753,470,34,504,3.9375,3.6650390625,4439,0.5418701171875,1355,0.3052489299391755,1707.39453125,29.029296875,15.807464748164314,0.41381098414366746,0.1654052734375,0.25482782499999246,0.2503931289062393,470,481,1.023404255319149,20,6.032496307237814,6,986,0.0,1710.7358121330724,492,526,4.109375,0.24877777343749585,True
0.85,92,42430,1024,130,17,34,51,0.3984375,0.126953125,8062,0.984130859375,3758,0.46613743487968246,11039.4990234375,88.3564453125,7.701309954723133,0.05609397810148045,0.458740234375,0.25482782499999246,0.2503931289062393,17,25,1.4705882352941178,92,2.1557093425605536,17,1728,0.0,11159.375123395854,17,51,0.3984375,0.24877777343749585,True
0.85,93,42255,1024,3453,432,34,466,3.640625,3.3720703125,4739,0.5784912109375,1859,0.3922768516564676,3591.115234375,43.67578125,12.578510195540822,0.07355930805625714,0.2269287109375,0.25482782499999246,0.2503931289062393,432,443,1.025462962962963,188,4.305166846071044,6,1267,0.0,3673.6283716283715,468,502,3.921875,0.24877777343749585,True
0.85,94,5771,1024,10,2,34,36,0.28125,0.009765625,8182,0.998779296875,4642,0.5673429479344904,30773.9658203125,161.4580078125,3.2489689377563016,0.028660498355079878,0.566650390625,0.25482782499999246,0.2503931289062393,2,10,5.0,23,1.7588881706528765,62,1885,0.0,30834.188845401175,4,38,0.296875,0.24877777343749585,True
0.85,95,8320,1024,5343,668,34,702,5.484375,5.2177734375,2849,0.3477783203125,829,0.290979290979291,2412.26953125,29.130859375,14.306545294583376,0.239707131338392,0.1011962890625,0.25482782499999246,0.2503931289062393,668,679,1.0164670658682635,18,9.865942028985508,5,632,0.0,2416.990215264188,690,724,5.65625,0.24877777343749585,True
0.85,96,48807,1024,5068,634,34,668,5.21875,4.94921875,3124,0.38134765625,1270,0.4065300896286812,4222.41015625,44.708984375,11.875199433732293,0.16138982953563077,0.155029296875,0.25482782499999246,0.2503931289062393,634,645,1.0173501577287065,18,6.439716312056738,4,902,0.0,4230.673189823875,659,693,5.4140625,0.24877777343749585,True
0.85,97,2675,1024,1245,156,34,190,1.484375,1.2158203125,6947,0.8480224609375,2416,0.34777601842521955,2977.2236328125,35.9423828125,13.392689031614967,0.2741556848348403,0.294921875,0.25482782499999246,0.2503931289062393,156,167,1.0705128205128205,98,3.3511387163561075,10,1365,0.0,3012.526679841897,158,192,1.5,0.24877777343749585,True
0.85,98,37658,1024,784,98,34,132,1.03125,0.765625,7408,0.904296875,3402,0.45923326133909287,17099.8125,100.134765625,5.800890125027623,0.006544450177501056,0.415283203125,0.25482782499999246,0.2503931289062393,98,109,1.1122448979591837,58,2.39135548368127,30,1699,0.0,17217.510324483777,99,133,1.0390625,0.24877777343749585,True
0.85,99,45710,1024,4699,588,34,622,4.859375,4.5888671875,3493,0.4263916015625,1175,0.3363870598339536,2934.97265625,36.962890625,13.454763013814006,0.23399566888674142,0.1434326171875,0.25482782499999246,0.2503931289062393,588,599,1.0187074829931972,12,6.9625212947189095,5,849,0.0,2937.841642228739,623,657,5.1328125,0.24877777343749585,True
0.85,100,15813,1024,3672,459,34,493,3.8515625,3.5859375,4520,0.5517578125,1344,0.2973451327433628,1135.005859375,16.75,17.58082257323208,0.2999689177739106,0.1640625,0.25482782499999246,0.2503931289062393,459,470,1.0239651416122004,123,5.973938942665674,7,756,0.0,1151.8790882061446,479,513,4.0078125,0.24877777343749585,True
0.85,101,7135,1024,5251,657,34,691,5.3984375,5.1279296875,2941,0.3590087890625,978,0.33253995239714385,2745.5244140625,29.0654296875,13.744550509228672,0.20965706799954192,0.119384765625,0.25482782499999246,0.2503931289062393,657,668,1.0167427701674276,50,8.331627430910952,7,620,0.0,2761.7062868369353,690,724,5.65625,0.24877777343749585,True
0.85,102,31775,1024,4041,506,34,540,4.21875,3.9462890625,4151,0.5067138671875,1286,0.30980486629727777,2270.365234375,26.54296875,14.569846329635922,0.2557875098054218,0.156982421875,0.25482782499999246,0.2503931289062393,506,517,1.0217391304347827,36,6.343190661478599,6,779,0.0,2279.2686274509806,545,579,4.5234375,0.24877777343749585,True
0.85,103,31772,1024,806,101,34,135,1.0546875,0.787109375,7386,0.901611328125,3665,0.49620904413755756,17154.654296875,116.65625,5.786983903540245,0.04886290799243531,0.4473876953125,0.25482782499999246,0.2503931289062393,101,112,1.108910891089109,37,2.2254366812227073,10,2051,0.0,17221.92745098039,106,140,1.09375,0.24877777343749585,True
0.85,104,25160,1024,3865,484,34,518,4.046875,3.7744140625,4327,0.5281982421875,1287,0.2974347122717818,1375.8837890625,21.0361328125,16.744986071284767,0.21943345931291336,0.1571044921875,0.25482782499999246,0.2503931289062393,484,495,1.0227272727272727,20,6.353810264385692,6,820,0.0,1378.5763209393347,515,549,4.2890625,0.24877777343749585,True
0.85,105,36108,1024,3494,437,34,471,3.6796875,3.412109375,4698,0.573486328125,1576,0.33546189868028947,6335.0517578125,58.9599609375,10.113301934178994,0.11062833737999803,0.1923828125,0.25482782499999246,0.2503931289062393,437,448,1.0251716247139588,140,5.111746031746032,6,1203,0.0,6441.999006951341,454,488,3.8125,0.24877777343749585,True
0.85,106,1260,1024,46,6,34,40,0.3125,0.044921875,8146,0.994384765625,3357,0.4121041001718635,7686.806640625,67.326171875,9.27334404212037,0.06241611614664386,0.4097900390625,0.25482782499999246,0.2503931289062393,6,14,2.3333333333333335,34,2.4299761620977356,8,1930,0.0,7716.950980392156,10,44,0.34375,0.24877777343749585,True
0.85,107,37885,1024,5528,691,34,725,5.6640625,5.3984375,2664,0.3251953125,805,0.3021771771771772,3717.328125,37.84765625,12.428494633214465,0.10810002002371369,0.0982666015625,0.25482782499999246,0.2503931289062393,691,702,1.015918958031838,101,10.057213930348258,4,646,0.0,3761.407114624506,706,740,5.78125,0.24877777343749585,True
0.85,108,41535,1024,10,2,34,36,0.28125,0.009765625,8182,0.998779296875,3583,0.437912490833537,19386.240234375,122.7890625,5.255867706541303,0.0897188649870212,0.4373779296875,0.25482782499999246,0.2503931289062393,2,10,5.0,127,2.2445561139028474,11,1936,0.0,19674.44003964321,4,38,0.296875,0.24877777343749585,True
0.85,109,44889,1024,2190,274,34,308,2.40625,2.138671875,6002,0.732666015625,2424,0.40386537820726426,5457.4921875,51.224609375,10.76087238186792,0.04603282458057831,0.2958984375,0.25482782499999246,0.2503931289062393,274,285,1.0401459854014599,61,3.355344614114734,7,1513,0.0,5495.0560471976405,273,307,2.3984375,0.24877777343749585,True
0.85,110,28184,1024,5490,687,34,721,5.6328125,5.361328125,2702,0.329833984375,545,0.20170244263508513,1159.34765625,15.958984375,17.488666724879444,0.42094085304853773,0.0665283203125,0.25482782499999246,0.2503931289062393,687,698,1.0160116448326055,9,15.034926470588236,6,431,0.0,1160.4809384164223,690,724,5.65625,0.24877777343749585,True
0.85,111,25319,1024,5154,645,34,679,5.3046875,5.033203125,3038,0.370849609375,946,0.31138907175773534,3038.55859375,33.185546875,13.304127454282987,0.16080109882796922,0.115478515625,0.25482782499999246,0.2503931289062393,645,656,1.0170542635658915,27,8.637037037037038,5,666,0.0,3047.486777668952,663,697,5.4453125,0.24877777343749585,True
0.85,112,11010,1024,983,123,34,157,1.2265625,0.9599609375,7209,0.8800048828125,3237,0.4490220557636288,10008.47265625,83.509765625,8.127125538753837,0.04259965157861769,0.3951416015625,0.25482782499999246,0.2503931289062393,123,134,1.089430894308943,36,2.5197775030902347,8,1937,0.0,10047.72156862745,133,167,1.3046875,0.24877777343749585,True
0.85,113,33880,1024,44,6,34,40,0.3125,0.04296875,8148,0.99462890625,3318,0.4072164948453608,1767.2880859375,31.2998046875,15.65773011171572,0.13222556228932789,0.405029296875,0.25482782499999246,0.2503931289062393,6,14,2.3333333333333335,8,2.4669882423877,12,1795,0.0,1769.0156402737048,8,42,0.328125,0.24877777343749585,True
0.85,114,19307,1024,49,7,34,41,0.3203125,0.0478515625,8143,0.9940185546875,3578,0.4393958000736829,1868.009765625,35.904296875,15.417012185530844,0.1639506184992807,0.436767578125,0.25482782499999246,0.2503931289062393,7,15,2.142857142857143,158,2.2457366508247136,7,2083,0.0,1903.3253731343284,8,42,0.328125,0.24877777343749585,True
0.85,115,12236,1024,11,2,34,36,0.28125,0.0107421875,8181,0.9986572265625,2106,0.25742574257425743,6252.158203125,45.1953125,10.170504020973876,0.06833598102588485,0.257080078125,0.25482782499999246,0.2503931289062393,2,10,5.0,31,3.8422802850356295,8,1282,0.0,6270.52889324192,5,39,0.3046875,0.24877777343749585,True
0.85,116,13805,1024,3283,411,34,445,3.4765625,3.2060546875,4909,0.5992431640625,1746,0.35567325320839277,2917.6474609375,39.4736328125,13.48047545900952,0.10733574206242352,0.213134765625,0.25482782499999246,0.2503931289062393,411,422,1.02676399026764,88,4.642406876790831,7,1190,0.0,2949.329713721619,427,461,3.6015625,0.24877777343749585,True
0.85,117,5814,1024,2802,351,34,385,3.0078125,2.736328125,5390,0.657958984375,1901,0.35269016697588124,2086.5224609375,33.0771484375,14.936572967141625,0.17354844814789283,0.2320556640625,0.25482782499999246,0.2503931289062393,351,362,1.0313390313390314,45,4.287368421052632,6,1215,0.0,2096.7605495583907,374,408,3.1875,0.24877777343749585,True
0.85,118,48485,1024,3858,483,34,517,4.0390625,3.767578125,4334,0.529052734375,1754,0.4047069681587448,2672.4052734375,37.5458984375,13.861780407953226,0.251550167686413,0.214111328125,0.25482782499999246,0.2503931289062393,483,494,1.0227743271221532,19,4.660581859669138,7,1113,0.0,2677.6350293542073,518,552,4.3125,0.24877777343749585,True
0.85,119,12248,1024,10,2,34,36,0.28125,0.009765625,8182,0.998779296875,3404,0.41603519921779514,15032.712890625,96.7734375,6.360429979050716,0.04075705209861439,0.41552734375,0.25482782499999246,0.2503931289062393,2,10,5.0,13,2.4025859535703793,9,1894,0.0,15047.407624633432,4,38,0.296875,0.24877777343749585,True
0.85,120,458,1024,1971,247,34,281,2.1953125,1.9248046875,6221,0.7593994140625,2948,0.47387879762096125,12259.328125,92.78125,7.246136916317402,0.09491685985618277,0.35986328125,0.25482782499999246,0.2503931289062393,247,258,1.0445344129554657,16,2.7736681370885647,8,1621,0.0,12283.318982387476,261,295,2.3046875,0.24877777343749585,True
0.85,121,319,1024,115,15,34,49,0.3828125,0.1123046875,8077,0.9859619140625,3804,0.4709669431719698,13337.9248046875,85.3818359375,6.879920962034301,0.041217962830884004,0.46435546875,0.25482782499999246,0.2503931289062393,15,24,1.6,132,2.1188535366815673,14,1848,0.0,13549.637896825398,16,50,0.390625,0.24877777343749585,True
0.85,122,21496,1024,303,38,34,72,0.5625,0.2958984375,7889,0.9630126953125,3639,0.4612751933071365,6881.2080078125,67.2568359375,9.75415674801814,0.08641251192335428,0.4442138671875,0.25482782499999246,0.2503931289062393,38,49,1.2894736842105263,44,2.2391423859263333,14,1917,0.0,6914.972522080471,40,74,0.578125,0.24877777343749585,True
0.85,123,20390,1024,4506,564,34,598,4.671875,4.400390625,3686,0.449951171875,1137,0.30846446011937056,3936.44921875,43.283203125,12.179757075689547,0.06116116341378835,0.1387939453125,0.25482782499999246,0.2503931289062393,564,575,1.0195035460992907,27,7.176056338028169,5,919,0.0,3948.015670910872,573,607,4.7421875,0.24877777343749585,True
0.85,124,33691,1024,3318,415,34,449,3.5078125,3.240234375,4874,0.594970703125,1782,0.36561345917111204,5896.1787109375,55.7080078125,10.425097225166123,0.23497619335427436,0.217529296875,0.25482782499999246,0.2503931289062393,415,426,1.0265060240963855,101,4.542391914654688,6,1171,0.0,5966.093873517787,429,463,3.6171875,0.24877777343749585,True
0.85,125,33872,1024,1943,243,34,277,2.1640625,1.8974609375,6249,0.7628173828125,3023,0.4837574011841895,15021.0556640625,104.2958984375,6.36379905365783,0.022521681089583908,0.3690185546875,0.25482782499999246,0.2503931289062393,243,254,1.045267489711934,12,2.7048312375909993,8,1712,0.0,15035.73900293255,252,286,2.234375,0.24877777343749585,True
0.85,126,46987,1024,3971,497,34,531,4.1484375,3.8779296875,4221,0.5152587890625,1163,0.27552712627339493,2306.78125,33.7109375,14.500739481509985,0.21889775760103383,0.1419677734375,0.25482782499999246,0.2503931289062393,497,508,1.0221327967806841,18,7.024096385542169,6,890,0.0,2311.295499021526,511,545,4.2578125,0.24877777343749585,True
0.85,127,26772,1024,852,107,34,141,1.1015625,0.83203125,7340,0.89599609375,3322,0.45258855585831065,10786.69921875,84.953125,7.801917920321804,0.0017694619370456418,0.405517578125,0.25482782499999246,0.2503931289062393,107,118,1.102803738317757,165,2.4158386028304726,8,1835,0.0,11001.573705179282,110,144,1.125,0.24877777343749585,True
0.85,128,7057,1024,4635,580,34,614,4.796875,4.5263671875,3557,0.4342041015625,970,0.27270171492831036,2659.12109375,31.166015625,13.883422457439615,0.29921570289171084,0.118408203125,0.25482782499999246,0.2503931289062393,580,591,1.0189655172413794,99,8.346749226006192,5,701,0.0,2690.6521739130435,592,626,4.890625,0.24877777343749585,True
0.85,129,30014,1024,58,8,34,42,0.328125,0.056640625,8134,0.992919921875,4202,0.5165970002458815,25397.7822265625,147.5908203125,4.082845658549564,0.057892764984387446,0.512939453125,0.25482782499999246,0.2503931289062393,8,16,2.0,18,1.9454891692454177,9,2210,0.0,25447.4843444227,13,47,0.3671875,0.24877777343749585,True
0.85,130,48237,1024,4832,604,34,638,4.984375,4.71875,3360,0.41015625,523,0.1556547619047619,610.0859375,11.546875,20.276893462615867,0.4339579842150652,0.0638427734375,0.25482782499999246,0.2503931289062393,604,615,1.0182119205298013,81,15.362068965517242,3,429,0.0,616.1025641025641,617,651,5.0859375,0.24877777343749585,True
0.85,131,4823,1024,84,11,34,45,0.3515625,0.08203125,8108,0.98974609375,4084,0.5037000493339912,19425.6767578125,125.0849609375,5.247042030441841,0.10349425242250766,0.49853515625,0.25482782499999246,0.2503931289062393,11,19,1.7272727272727273,43,1.9955914768552534,8,2114,0.0,19520.99411187439,15,49,0.3828125,0.24877777343749585,True
0.85,132,26627,1024,4689,587,34,621,4.8515625,4.5791015625,3503,0.4276123046875,1255,0.35826434484727376,2202.0537109375,33.3466796875,14.702524530989841,0.20548384902176642,0.1531982421875,0.25482782499999246,0.2503931289062393,587,598,1.018739352640545,51,6.488835725677831,6,898,0.0,2215.032416502947,615,649,5.0703125,0.24877777343749585,True
0.85,133,12293,1024,5791,724,34,758,5.921875,5.6552734375,2401,0.2930908203125,751,0.3127863390254061,2105.66796875,26.580078125,14.896904701381477,0.24617652168020143,0.0916748046875,0.25482782499999246,0.2503931289062393,724,735,1.0151933701657458,11,10.898666666666667,5,551,0.0,2107.726295210166,758,792,6.1875,0.24877777343749585,True
0.85,134,32803,1024,4019,503,34,537,4.1953125,3.9248046875,4173,0.5093994140625,984,0.2358015815959741,675.3515625,16.84375,19.835504518787413,0.32017808850153945,0.1201171875,0.25482782499999246,0.2503931289062393,503,514,1.021868787276342,34,8.296032553407935,6,723,0.0,678.0,538,572,4.46875,0.24877777343749585,True
0.85,135,41882,1024,1945,244,34,278,2.171875,1.8994140625,6247,0.7625732421875,2909,0.46566351848887466,8515.6533203125,74.3935546875,8.82862388249578,0.19166235444816715,0.3551025390625,0.25482782499999246,0.2503931289062393,244,255,1.0450819672131149,125,2.7737276478679505,26,1366,0.0,8642.248761149653,255,289,2.2578125,0.24877777343749585,True
0.85,136,10235,1024,4440,555,34,589,4.6015625,4.3359375,3752,0.4580078125,1293,0.34461620469083154,7911.1796875,67.875,9.148391120641454,0.03926272219112831,0.1578369140625,0.2511925476562453,0.26649808984375056,555,566,1.0198198198198198,25,6.319659442724459,6,1052,0.0,7934.425073457394,589,623,4.8671875,0.26694614999999544,True
0.85,137,30033,1024,5046,631,34,665,5.1953125,4.927734375,3146,0.384033203125,945,0.3003814367450731,4853.6962890625,42.7568359375,11.270077631840794,0.22196029604030065,0.1153564453125,0.2511925476562453,0.26649808984375056,631,642,1.01743264659271,20,8.653601694915254,4,746,0.0,4863.194716242661,660,694,5.421875,0.26694614999999544,True
0.85,138,20042,1024,5254,657,34,691,5.3984375,5.130859375,2938,0.358642578125,832,0.2831858407079646,2185.9638671875,26.9638671875,14.734373818501897,0.3486355366027412,0.1015625,0.2511925476562453,0.26649808984375056,657,668,1.0167427701674276,20,9.83152827918171,5,601,0.0,2190.24168297456,674,708,5.53125,0.26694614999999544,True
0.85,139,29399,1024,1322,166,34,200,1.5625,1.291015625,6870,0.838623046875,3168,0.4611353711790393,14476.48046875,97.673828125,6.524173721277932,0.07471688418057783,0.38671875,0.2511925476562453,0.26649808984375056,166,177,1.0662650602409638,11,2.582886011998737,8,1700,0.0,14490.63147605083,178,212,1.65625,0.26694614999999544,True
0.85,140,6463,1024,5910,739,34,773,6.0390625,5.771484375,2282,0.278564453125,614,0.26906222611744085,1526.375,21.859375,16.29419116617797,0.29056949305248675,0.074951171875,0.2511925476562453,0.26649808984375056,739,750,1.0148849797023005,18,13.326264274061991,4,474,0.0,1529.3620352250489,766,800,6.25,0.26694614999999544,True
0.85,141,25920,1024,2545,319,34,353,2.7578125,2.4853515625,5647,0.6893310546875,1682,0.2978572693465557,1601.578125,23.392578125,16.08532232461357,0.313503649073673,0.205322265625,0.2511925476562453,0.26649808984375056,319,330,1.0344827586206897,257,4.715050565139798,7,1148,0.0,1653.241935483871,298,332,2.59375,0.26694614999999544,True
0.85,142,10327,1024,10,2,34,36,0.28125,0.009765625,8182,0.998779296875,4214,0.515032999266683,22041.005859375,140.28125,4.698489508511291,0.03909978369539226,0.514404296875,0.2511925476562453,0.26649808984375056,2,10,5.0,12,1.9406598623308806,9,2191,0.0,22062.551319648093,4,38,0.296875,0.26694614999999544,True
0.85,143,3805,1024,5003,626,34,660,5.15625,4.8857421875,3189,0.3892822265625,868,0.27218563813107555,1611.28515625,23.330078125,16.059079546344186,0.2368794258607494,0.10595703125,0.2511925476562453,0.26649808984375056,626,637,1.0175718849840256,74,9.358708189158016,5,611,0.0,1625.5724137931034,650,684,5.34375,0.26694614999999544,True
0.85,144,37879,1024,1547,194,34,228,1.78125,1.5107421875,6645,0.8111572265625,3014,0.45357411587659896,23211.8837890625,138.4873046875,4.473699732772973,0.05973428299912957,0.367919921875,0.2511925476562453,0.26649808984375056,194,205,1.056701030927835,116,2.680053103219383,9,1684,0.0,23533.632673267326,187,221,1.7265625,0.26694614999999544,True
0.85,145,22721,1024,3398,425,34,459,3.5859375,3.318359375,4794,0.585205078125,1785,0.3723404255319149,1539.7919921875,25.8232421875,16.25618304152614,0.24973599324737145,0.2178955078125,0.2511925476562453,0.26649808984375056,425,436,1.0258823529411765,132,4.5173766816143495,9,1166,0.0,1564.233134920635,428,462,3.609375,0.26694614999999544,True
0.85,146,43932,1024,5384,673,34,707,5.5234375,5.2578125,2808,0.3427734375,925,0.3294159544159544,5022.5166015625,46.2490234375,11.121589799165,0.2870087016085259,0.1129150390625,0.2511925476562453,0.26649808984375056,673,684,1.0163447251114412,35,8.821428571428571,5,756,0.0,5042.212745098039,686,720,5.625,0.26694614999999544,True
0.85,147,47270,1024,5288,661,34,695,5.4296875,5.1640625,2904,0.3544921875,993,0.3419421487603306,4743.0,46.47265625,11.370272362160387,0.1869714989775174,0.1212158203125,0.2511925476562453,0.26649808984375056,661,672,1.0166414523449319,27,8.21774193548387,5,802,0.0,4756.936336924584,683,717,5.6015625,0.26694614999999544,True
0.85,148,11091,1024,3795,475,34,509,3.9765625,3.7060546875,4397,0.5367431640625,1308,0.2974755515123948,1519.48046875,23.873046875,16.31385238793913,0.2581729492176777,0.15966796875,0.2511925476562453,0.26649808984375056,475,486,1.023157894736842,17,6.250956388676358,6,844,0.0,1522.454011741683,492,526,4.109375,0.26694614999999544,True
0.85,149,9736,1024,3770,472,34,506,3.953125,3.681640625,4422,0.539794921875,1625,0.3674807779285391,2563.3603515625,32.8740234375,14.042706982285347,0.11449056534584465,0.1983642578125,0.2511925476562453,0.26649808984375056,472,483,1.0233050847457628,68,5.001231527093596,9,1015,0.0,2583.5442913385828,498,532,4.15625,0.26694614999999544,True
0.85,150,23206,1024,62,8,34,42,0.328125,0.060546875,8130,0.992431640625,4095,0.503690036900369,14242.07421875,103.318359375,6.595071162190206,0.14594257402852107,0.4998779296875,0.2511925476562453,0.26649808984375056,8,16,2.0,29,1.993649242794333,8,2138,0.0,14283.921645445642,10,44,0.34375,0.26694614999999544,True
0.85,151,25039,1024,6399,800,34,834,6.515625,6.2490234375,1793,0.2188720703125,495,0.27607361963190186,3282.453125,31.42578125,12.968818279949527,0.21331350441687172,0.0604248046875,0.2511925476562453,0.26649808984375056,800,811,1.01375,9,16.358299595141702,3,426,0.0,3285.661779081134,821,855,6.6796875,0.26694614999999544,True
0.85,152,21014,1024,10,2,34,36,0.28125,0.009765625,8182,0.998779296875,2912,0.3559032021510633,17491.58984375,96.634765625,5.702510757466874,0.045170081610979684,0.35546875,0.2511925476562453,0.26649808984375056,2,10,5.0,87,2.750944692545517,8,1577,0.0,17664.090729783038,4,38,0.296875,0.26694614999999544,True
0.85,153,32412,1024,37,5,34,39,0.3046875,0.0361328125,8155,0.9954833984375,3692,0.452728387492336,3177.73828125,47.908203125,13.109622350479826,0.11448232273770992,0.45068359375,0.2511925476562453,0.26649808984375056,5,13,2.6,10,2.216472500677323,9,1903,0.0,3180.844574780059,7,41,0.3203125,0.26694614999999544,True
0.85,154,34022,1024,148,19,34,53,0.4140625,0.14453125,8044,0.98193359375,4193,0.5212580805569369,992.796875,23.353515625,18.16219959392136,0.24421502141426066,0.5118408203125,0.2511925476562453,0.26649808984375056,19,27,1.4210526315789473,256,1.8928912213740459,16,1678,0.0,1024.8225806451612,19,53,0.4140625,0.26694614999999544,True
0.85,155,21369,1024,451,57,34,91,0.7109375,0.4404296875,7741,0.9449462890625,3072,0.39684795246092236,6804.5380859375,54.2412109375,9.80281711642623,0.08571589651679859,0.375,0.2511925476562453,0.26649808984375056,57,68,1.1929824561403508,223,2.56854444806252,11,1635,0.0,6988.813440320963,45,79,0.6171875,0.26694614999999544,True
0.85,156,41654,1024,5074,635,34,669,5.2265625,4.955078125,3118,0.380615234375,960,0.3078896728672226,2886.15234375,33.435546875,13.527611095422486,0.18890550606484802,0.1171875,0.2511925476562453,0.26649808984375056,635,646,1.0173228346456693,58,8.477580813347236,5,705,0.0,2906.0176991150443,662,696,5.4375,0.26694614999999544,True
0.85,157,11953,1024,13,2,34,36,0.28125,0.0126953125,8179,0.9984130859375,3969,0.48526714757305295,23834.76953125,137.927734375,4.3586940396672444,0.06463328659495164,0.4844970703125,0.2511925476562453,0.26649808984375056,2,10,5.0,55,2.0501512096774195,8,2072,0.0,23975.249508840865,5,39,0.3046875,0.26694614999999544,True
0.85,158,13700,1024,5070,634,34,668,5.21875,4.951171875,3122,0.381103515625,865,0.2770659833440102,1746.5859375,25.51171875,15.708904017194154,0.33015103881067365,0.1055908203125,0.2511925476562453,0.26649808984375056,634,645,1.0173501577287065,28,9.427083333333334,6,586,0.0,1751.7179236043096,654,688,5.375,0.26694614999999544,True
0.85,159,38205,1024,3692,462,34,496,3.875,3.60546875,4500,0.54931640625,1647,0.366,3453.55078125,47.814453125,12.748145145826387,0.23701014938773887,0.2010498046875,0.2511925476562453,0.26649808984375056,462,473,1.0238095238095237,107,4.907654921020656,6,1252,0.0,3497.958456973294,497,531,4.1484375,0.26694614999999544,True
0.85,160,40129,1024,4102,513,34,547,4.2734375,4.005859375,4090,0.499267578125,759,0.18557457212713938,388.42578125,10.767578125,22.237723129506307,0.3731312026776156,0.0926513671875,0.2511925476562453,0.26649808984375056,513,524,1.0214424951267056,78,10.647757255936675,4,554,0.0,391.86995073891626,525,559,4.3671875,0.26694614999999544,True
0.85,161,17080,1024,582,73,34,107,0.8359375,0.568359375,7610,0.928955078125,3343,0.4392904073587385,1939.5927734375,31.3798828125,15.253698035220022,0.12879454278508903,0.4080810546875,0.2511925476562453,0.26649808984375056,73,80,1.095890410958904,63,2.431777378815081,15,1648,0.0,1952.9429695181907,62,96,0.75,0.26694614999999544,True
0.85,162,1505,1024,929,117,34,151,1.1796875,0.9072265625,7263,0.8865966796875,3670,0.5053008398733306,21447.35546875,128.650390625,4.817066110200566,0.0021938434220408194,0.447998046875,0.2511925476562453,0.26649808984375056,117,128,1.0940170940170941,69,2.2136822022349416,10,1906,0.0,21616.232283464567,131,165,1.2890625,0.26694614999999544,True
0.85,163,36391,1024,50,7,34,41,0.3203125,0.048828125,8142,0.993896484375,3943,0.48427904691721935,5243.0419921875,57.9521484375,10.93497024820736,0.07187630392137755,0.4813232421875,0.2511925476562453,0.26649808984375056,7,15,2.142857142857143,11,2.0750887874175548,15,2160,0.0,5248.16715542522,9,43,0.3359375,0.26694614999999544,True
0.85,164,24660,1024,4306,539,34,573,4.4765625,4.205078125,3886,0.474365234375,1491,0.38368502316006176,4018.984375,45.5234375,12.089640431218747,0.10716670194391485,0.1820068359375,0.2511925476562453,0.26649808984375056,539,550,1.0204081632653061,11,5.487248322147651,5,1014,0.0,4022.913000977517,570,604,4.71875,0.26694614999999544,True
0.85,165,24061,1024,17,3,34,37,0.2890625,0.0166015625,8175,0.9979248046875,3109,0.3803058103975535,4361.2275390625,48.0263671875,11.734716150838747,0.1500085490628376,0.3795166015625,0.2511925476562453,0.26649808984375056,3,11,3.6666666666666665,22,2.628056628056628,8,1868,0.0,4369.762230919765,5,39,0.3046875,0.26694614999999544,True
0.85,166,10964,1024,2444,306,34,340,2.65625,2.38671875,5748,0.70166015625,1943,0.33803061934585943,1857.1494140625,30.5966796875,15.442335152366422,0.2814036158695125,0.2371826171875,0.2511925476562453,0.26649808984375056,306,317,1.0359477124183007,20,4.207003089598352,8,1320,0.0,1860.7837573385518,314,348,2.71875,0.26694614999999544,True
0.85,167,20807,1024,5507,689,34,723,5.6484375,5.3779296875,2685,0.3277587890625,982,0.36573556797020484,5581.2421875,48.95703125,10.663494925507225,0.1895923174746476,0.119873046875,0.2511925476562453,0.26649808984375056,689,700,1.0159651669085632,9,8.337410805300713,6,754,0.0,5586.6979472140765,702,736,5.75,0.26694614999999544,True
0.85,168,33388,1024,6187,774,34,808,6.3125,6.0419921875,2005,0.2447509765625,686,0.34214463840399,4110.9375,39.9765625,11.991394867660945,0.2918289777024505,0.083740234375,0.2511925476562453,0.26649808984375056,774,785,1.0142118863049097,18,11.921167883211679,4,580,0.0,4118.982387475538,797,831,6.4921875,0.26694614999999544,True
0.85,169,34571,1024,19,3,34,37,0.2890625,0.0185546875,8173,0.9976806640625,3921,0.4797503976508014,23184.1484375,121.328125,4.47889212142951,0.027037816609345764,0.4786376953125,0.2511925476562453,0.26649808984375056,3,11,3.6666666666666665,22,2.0839285714285714,10,1832,0.0,23229.518590998043,6,40,0.3125,0.26694614999999544,True
0.85,170,21194,1024,4987,624,34,658,5.140625,4.8701171875,3205,0.3912353515625,881,0.2748829953198128,1902.04296875,26.716796875,15.338600370781698,0.23205443663126346,0.1075439453125,0.2511925476562453,0.26649808984375056,624,635,1.017628205128205,18,9.285227272727273,4,719,0.0,1905.7651663405088,655,689,5.3828125,0.26694614999999544,True
0.85,171,32696,1024,4438,555,34,589,4.6015625,4.333984375,3754,0.458251953125,1133,0.3018114011720831,2628.568359375,28.501953125,13.933610849677914,0.3107291609272749,0.1383056640625,0.2511925476562453,0.26649808984375056,555,566,1.0198198198198198,9,7.225265017667844,6,773,0.0,2631.1378299120233,582,616,4.8125,0.26694614999999544,True
0.85,172,46005,1024,765,96,34,130,1.015625,0.7470703125,7427,0.9066162109375,2161,0.29096539652618825,277.916015625,9.93359375,23.691667860331663,0.5927499709076446,0.2637939453125,0.2511925476562453,0.26649808984375056,96,107,1.1145833333333333,119,3.737037037037037,6,1228,0.0,281.7683168316832,80,114,0.890625,0.26694614999999544,True
0.85,173,19269,1024,222,28,34,62,0.484375,0.216796875,7970,0.972900390625,3276,0.41104140526976163,6394.1767578125,65.4677734375,10.072957233204857,0.40766619442076724,0.39990234375,0.2511925476562453,0.26649808984375056,28,39,1.3928571428571428,87,2.474198473282443,8,1935,0.0,6457.235700197239,29,63,0.4921875,0.26694614999999544,True
0.85,174,5503,1024,4611,577,34,611,4.7734375,4.5029296875,3581,0.4371337890625,1347,0.37615191287349903,6193.388671875,48.02734375,10.211520254483709,0.3724954408875833,0.1644287109375,0.2511925476562453,0.26649808984375056,577,588,1.0190641247833623,9,6.078751857355126,8,850,0.0,6199.4428152492665,592,626,4.890625,0.26694614999999544,True
0.85,175,32979,1024,1985,249,34,283,2.2109375,1.9384765625,6207,0.7576904296875,2554,0.4114709199291123,4917.916015625,51.990234375,11.212992529479415,0.18358623395315143,0.311767578125,0.2511925476562453,0.26649808984375056,249,260,1.0441767068273093,9,3.2048570309439874,8,1540,0.0,4922.723362658847,265,299,2.3359375,0.26694614999999544,True
0.85,176,32764,1024,4889,612,34,646,5.046875,4.7744140625,3303,0.4031982421875,1339,0.40538904026642447,2783.20703125,36.861328125,13.685348479635248,0.1987843549702428,0.1634521484375,0.2511925476562453,0.26649808984375056,612,623,1.0179738562091503,27,6.097907324364724,6,917,0.0,2791.384916748286,635,669,5.2265625,0.26694614999999544,True
0.85,177,36396,1024,4179,523,34,557,4.3515625,4.0810546875,4013,0.4898681640625,1112,0.27709942686269623,956.1171875,16.328125,18.325692355734635,0.29150351111974626,0.1357421875,0.2511925476562453,0.26649808984375056,523,534,1.0210325047801148,84,7.295229522952296,7,650,0.0,965.5463510848126,542,576,4.5,0.26694614999999544,True
0.85,178,16139,1024,549,69,34,103,0.8046875,0.5361328125,7643,0.9329833984375,2600,0.3401805573727594,933.10546875,19.13671875,18.431496261166906,0.5505894693087162,0.3173828125,0.2511925476562453,0.26649808984375056,69,47,0.6811594202898551,190,3.0777222008464795,9,1646,0.0,954.5454545454545,45,79,0.6171875,0.26694614999999544,True
0.85,179,32110,1024,15,2,34,36,0.28125,0.0146484375,8177,0.9981689453125,3369,0.41200929436223555,18414.279296875,107.662109375,5.479256348811755,0.08405991310978998,0.4112548828125,0.2511925476562453,0.26649808984375056,2,10,5.0,173,2.3803444180522564,9,1778,0.0,18799.82253240279,5,39,0.3046875,0.26694614999999544,True
0.85,180,37930,1024,3339,418,34,452,3.53125,3.2607421875,4853,0.5924072265625,2142,0.44137646816402226,3591.6005859375,46.3603515625,12.577923271288293,0.18041156014276832,0.261474609375,0.2511925476562453,0.26649808984375056,418,429,1.0263157894736843,77,3.7879495562821113,6,1311,0.0,3623.447290640394,451,485,3.7890625,0.26694614999999544,True
0.85,181,5624,1024,5302,663,34,697,5.4453125,5.177734375,2890,0.352783203125,946,0.3273356401384083,1175.7265625,18.71875,17.42774030799037,0.35822525151324375,0.115478515625,0.2511925476562453,0.26649808984375056,663,674,1.0165912518853695,12,8.64973544973545,6,535,0.0,1176.8758553274683,684,718,5.609375,0.26694614999999544,True
0.85,182,37946,1024,928,116,34,150,1.171875,0.90625,7264,0.88671875,3621,0.49848568281938327,18464.580078125,118.88671875,5.467409255030008,0.10945956296254133,0.4420166015625,0.2511925476562453,0.26649808984375056,116,127,1.0948275862068966,13,2.2591160220994477,9,1850,0.0,18482.629521016617,128,162,1.265625,0.26694614999999544,True
0.85,183,6616,1024,5602,701,34,735,5.7421875,5.470703125,2590,0.316162109375,856,0.3305019305019305,3073.61328125,34.576171875,13.25431136736183,0.20671890249785166,0.1044921875,0.2511925476562453,0.26649808984375056,701,712,1.0156918687589158,18,9.554385964912282,4,653,0.0,3079.628180039139,724,758,5.921875,0.26694614999999544,True
0.85,184,11706,1024,3502,438,34,472,3.6875,3.419921875,4690,0.572509765625,1873,0.3993603411513859,2878.9345703125,42.5341796875,13.538485661097084,0.011516649216338722,0.2286376953125,0.2511925476562453,0.26649808984375056,438,449,1.0251141552511416,47,4.348824786324786,6,1233,0.0,2893.060843964671,478,512,4.0,0.26694614999999544,True
0.85,185,10558,1024,12,2,34,36,0.28125,0.01171875,8180,0.99853515625,3045,0.37224938875305624,10764.248046875,72.060546875,7.810966639586658,0.1145221320208086,0.3717041015625,0.2511925476562453,0.26649808984375056,2,10,5.0,108,2.644875164257556,8,1690,0.0,10902.660731948567,5,39,0.3046875,0.26694614999999544,True
0.85,186,18351,1024,10,2,34,36,0.28125,0.009765625,8182,0.998779296875,2574,0.3145930090442435,9704.8349609375,70.2744140625,8.260922066317915,0.038040394839714185,0.314208984375,0.2511925476562453,0.26649808984375056,2,10,5.0,71,3.1496307811892734,8,1489,0.0,9781.250984251968,4,38,0.296875,0.26694614999999544,True
0.85,187,15023,1024,13,2,34,36,0.28125,0.0126953125,8179,0.9984130859375,3753,0.45885805110649225,17155.4453125,122.404296875,5.786783651296732,0.1438727757346099,0.4581298828125,0.2511925476562453,0.26649808984375056,2,10,5.0,239,2.119136460554371,8,1931,0.0,17655.453266331657,5,39,0.3046875,0.26694614999999544,True
0.85,188,9490,1024,1929,242,34,276,2.15625,1.8837890625,6263,0.7645263671875,2768,0.44196072169886635,1614.078125,30.53125,16.051558091465058,0.13806012868155246,0.337890625,0.2511925476562453,0.26649808984375056,242,253,1.0454545454545454,19,2.953379110950488,12,1420,0.0,1617.2367906066536,259,293,2.2890625,0.26694614999999544,True
0.85,189,6355,1024,3459,433,34,467,3.6484375,3.3779296875,4733,0.5777587890625,1953,0.4126346925839848,4526.91015625,58.103515625,11.572784855535836,0.14037146681750035,0.2384033203125,0.2511925476562453,0.26649808984375056,433,444,1.0254041570438799,8,4.191086065573771,5,1469,0.0,4531.335288367546,465,499,3.8984375,0.26694614999999544,True
0.85,190,8857,1024,41,6,34,40,0.3125,0.0400390625,8151,0.9949951171875,3098,0.3800760642865906,845.16796875,15.1171875,18.86137331620063,0.37650986267148373,0.378173828125,0.2511925476562453,0.26649808984375056,6,14,2.3333333333333335,69,2.6225379399418793,15,1371,0.0,851.8228346456693,8,42,0.328125,0.26694614999999544,True
0.85,191,31811,1024,1280,160,34,194,1.515625,1.25,6912,0.84375,3347,0.48423032407407407,23611.44921875,130.119140625,4.399577169323183,0.03587638620021535,0.4085693359375,0.2511925476562453,0.26649808984375056,160,171,1.06875,37,2.436939629408249,8,1721,0.0,23704.043137254903,174,208,1.625,0.26694614999999544,True
0.85,192,10400,1024,5403,676,34,710,5.546875,5.2763671875,2789,0.3404541015625,761,0.27285765507350307,1700.2890625,20.55859375,15.825575997385624,0.16965634343764727,0.0928955078125,0.2511925476562453,0.26649808984375056,676,687,1.0162721893491125,20,10.744736842105263,7,479,0.0,1703.6164383561643,692,726,5.671875,0.26694614999999544,True
0.85,193,275,1024,4491,562,34,596,4.65625,4.3857421875,3701,0.4517822265625,1196,0.32315590380978115,2914.390625,35.60546875,13.485325996685404,0.44587202832930745,0.14599609375,0.2511925476562453,0.26649808984375056,562,573,1.019572953736655,12,6.844351464435147,5,860,0.0,2917.2394916911044,566,600,4.6875,0.26694614999999544,True
0.85,194,26152,1024,10,2,34,36,0.28125,0.009765625,8182,0.998779296875,3706,0.45294549010022,18343.6904296875,117.4931640625,5.495936482897765,0.05140453878207003,0.452392578125,0.2511925476562453,0.26649808984375056,2,10,5.0,287,2.1333333333333333,8,1888,0.0,18992.86046511628,4,38,0.296875,0.26694614999999544,True
0.85,195,13037,1024,16,2,34,36,0.28125,0.015625,8176,0.998046875,3315,0.4054549902152642,15558.7490234375,92.7080078125,6.211056855702025,0.04812241838354491,0.4046630859375,0.2511925476562453,0.26649808984375056,2,10,5.0,262,2.392576946288473,14,1655,0.0,16060.644153225807,5,39,0.3046875,0.26694614999999544,True
0.85,196,41203,1024,5374,672,34,706,5.515625,5.248046875,2818,0.343994140625,730,0.2590489709013485,1708.109375,24.16796875,15.805646845394461,0.31084422377700627,0.089111328125,0.2511925476562453,0.26649808984375056,672,683,1.0163690476190477,52,11.157750342935529,5,565,0.0,1718.1768172888017,700,734,5.734375,0.26694614999999544,True
0.85,197,43709,1024,1073,135,34,169,1.3203125,1.0478515625,7119,0.8690185546875,3001,0.4215479702205366,2853.0400390625,41.8544921875,13.57772494355633,0.32284261608540893,0.3663330078125,0.2511925476562453,0.26649808984375056,135,146,1.0814814814814815,67,2.708,10,1737,0.0,2875.5049212598424,142,176,1.375,0.26694614999999544,True
0.85,198,43572,1024,152,19,34,53,0.4140625,0.1484375,8040,0.9814453125,4059,0.5048507462686567,15279.9951171875,109.5322265625,6.2895714540957846,0.1086531321943841,0.4954833984375,0.2511925476562453,0.26649808984375056,19,28,1.4736842105263157,11,2.015771315919172,8,2138,0.0,15294.931573802542,22,56,0.4375,0.26694614999999544,True
0.85,199,23390,1024,5216,652,34,686,5.359375,5.09375,2976,0.36328125,757,0.2543682795698925,1111.578125,17.60546875,17.6714036925886,0.44343568985515636,0.0924072265625,0.2511925476562453,0.26649808984375056,652,663,1.0168711656441718,107,10.657407407407407,6,531,0.0,1125.8714144411474,673,707,5.5234375,0.26694614999999544,True
0.9,0,712,1024,5829,729,34,763,5.9609375,5.6923828125,2363,0.2884521484375,485,0.2052475666525603,3225.09375,28.921875,13.045380172405306,0.34691778210653,0.0592041015625,0.2511925476562453,0.26649808984375056,729,740,1.0150891632373114,20,16.787190082644628,4,386,0.0,3231.4050880626223,716,750,5.859375,0.26694614999999544,True
0.9,1,24774,1024,5973,747,34,781,6.1015625,5.8330078125,2219,0.2708740234375,396,0.17845876520955387,1904.234375,20.18359375,15.333599601467284,0.5481888239565552,0.04833984375,0.2511925476562453,0.26649808984375056,747,758,1.0147255689424364,116,20.151898734177216,4,317,0.0,1930.629702970297,717,751,5.8671875,0.26694614999999544,True
0.9,2,45142,1024,6590,824,34,858,6.703125,6.435546875,1602,0.195556640625,185,0.11548064918851436,922.6875,10.8984375,18.48025723770092,0.553907612935827,0.0225830078125,0.2511925476562453,0.26649808984375056,824,835,1.0133495145631068,34,43.77717391304348,2,172,0.0,926.3058823529411,817,851,6.6484375,0.26694614999999544,True
0.9,3,27119,1024,22,3,34,37,0.2890625,0.021484375,8170,0.997314453125,2526,0.3091799265605875,13518.2470703125,72.7685546875,6.821599811740478,0.07200113923667299,0.308349609375,0.2511925476562453,0.26649808984375056,3,11,3.6666666666666665,12,3.2392079207920794,35,1202,0.0,13531.46138807429,7,41,0.3203125,0.26694614999999544,True
0.9,4,21139,1024,5763,721,34,755,5.8984375,5.6279296875,2429,0.2965087890625,364,0.14985590778097982,1766.984375,18.55859375,15.658476517014305,0.4439033910833168,0.04443359375,0.2511925476562453,0.26649808984375056,721,732,1.015256588072122,20,21.39669421487603,4,317,0.0,1770.4422700587083,683,717,5.6015625,0.26694614999999544,True
0.9,5,19129,1024,5416,677,34,711,5.5546875,5.2890625,2776,0.3388671875,472,0.17002881844380405,1091.40625,14.8671875,17.750939244015967,0.5826509525051835,0.0576171875,0.2511925476562453,0.26649808984375056,677,688,1.016248153618907,61,17.25053078556263,5,368,0.0,1098.9183874139626,664,698,5.453125,0.26694614999999544,True
0.9,6,6433,1024,5205,651,34,685,5.3515625,5.0830078125,2987,0.3646240234375,395,0.13223970539002344,736.609375,11.44140625,19.458431189462765,0.4034836159980391,0.0482177734375,0.2511925476562453,0.26649808984375056,651,662,1.0168970814132103,51,19.916243654822335,4,294,0.0,740.950884086444,623,657,5.1328125,0.26694614999999544,True
0.9,7,38854,1024,5689,712,34,746,5.828125,5.5556640625,2503,0.3055419921875,566,0.2261286456252497,2944.453125,28.98046875,13.440757160230167,0.3166116472714942,0.069091796875,0.2511925476562453,0.26649808984375056,712,723,1.0154494382022472,45,14.341592920353982,4,472,0.0,2958.900883218842,693,727,5.6796875,0.26694614999999544,True
0.9,8,22489,1024,6225,779,34,813,6.3515625,6.0791015625,1967,0.2401123046875,277,0.14082358922216573,1571.25,15.84375,16.168350701738962,0.6485527693074538,0.0338134765625,0.2511925476562453,0.26649808984375056,779,790,1.0141206675224648,74,29.33695652173913,3,236,0.0,1585.1822660098521,742,776,6.0625,0.26694614999999544,True
0.9,9,31104,1024,4603,576,34,610,4.765625,4.4951171875,3589,0.4381103515625,708,0.19726943438283645,3029.3173828125,30.7529296875,13.317355839420483,0.37908847528271794,0.08642578125,0.2511925476562453,0.26649808984375056,576,587,1.0190972222222223,114,11.414427157001414,4,591,0.0,3071.307920792079,557,591,4.6171875,0.26694614999999544,True
0.9,10,21349,1024,6248,781,34,815,6.3671875,6.1015625,1944,0.2373046875,301,0.15483539094650206,1013.65625,12.0078125,18.07189658374152,0.4121028043369748,0.0367431640625,0.2511925476562453,0.26649808984375056,781,792,1.0140845070422535,72,26.536666666666665,4,214,0.0,1022.6443349753695,776,810,6.328125,0.26694614999999544,True
0.9,11,29116,1024,5131,642,34,676,5.28125,5.0107421875,3061,0.3736572265625,696,0.22737667428944788,4152.00390625,34.919921875,11.948226074383898,0.2009127081188064,0.0849609375,0.2511925476562453,0.26649808984375056,642,653,1.017133956386293,140,11.418705035971223,4,500,0.0,4222.0973187686195,630,664,5.1875,0.26694614999999544,True
0.9,12,10772,1024,6566,821,34,855,6.6796875,6.412109375,1626,0.198486328125,272,0.16728167281672818,1548.5673828125,15.6689453125,16.231502533081674,0.6937988640606877,0.033203125,0.2511925476562453,0.26649808984375056,821,832,1.0133982947624847,24,29.232472324723247,3,247,0.0,1553.1175318315377,808,842,6.578125,0.26694614999999544,True
0.9,13,18332,1024,6561,821,34,855,6.6796875,6.4072265625,1631,0.1990966796875,260,0.15941140404659718,1731.375,17.171875,15.746892185890504,0.6171548529071753,0.03173828125,0.2511925476562453,0.26649808984375056,821,832,1.0133982947624847,41,30.494208494208493,3,235,0.0,1739.8704612365063,784,818,6.390625,0.26694614999999544,True
0.9,14,1003,1024,6187,774,34,808,6.3125,6.0419921875,2005,0.2447509765625,465,0.23192019950124687,2089.1875,21.640625,14.93102942160385,0.4842266202726863,0.0567626953125,0.2511925476562453,0.26649808984375056,774,785,1.0142118863049097,35,17.433189655172413,4,338,0.0,2097.380392156863,754,788,6.15625,0.26694614999999544,True
0.9,15,22156,1024,6322,791,34,825,6.4453125,6.173828125,1870,0.228271484375,219,0.11711229946524064,1128.59375,12.0078125,17.60542719991506,0.7093070240959015,0.0267333984375,0.2511925476562453,0.26649808984375056,791,802,1.013906447534766,51,36.55045871559633,3,196,0.0,1135.24557956778,773,807,6.3046875,0.26694614999999544,True
0.9,16,26453,1024,5351,669,34,703,5.4921875,5.2255859375,2841,0.3468017578125,309,0.10876451953537487,1426.28125,13.4375,16.58875187891154,0.4577572389755442,0.0377197265625,0.2511925476562453,0.26649808984375056,669,680,1.0164424514200299,36,26.467532467532468,5,273,0.0,1431.8745098039215,641,675,5.2734375,0.26694614999999544,True
0.9,17,17039,1024,5295,662,34,696,5.4375,5.1708984375,2897,0.3536376953125,460,0.1587849499482223,538.66015625,10.755859375,20.817655081374706,0.5493102599137782,0.05615234375,0.2511925476562453,0.26649808984375056,662,673,1.0166163141993958,10,17.63834422657952,5,366,0.0,539.1867057673509,665,699,5.4609375,0.26694614999999544,True
0.9,18,7166,1024,307,39,34,73,0.5703125,0.2998046875,7885,0.9625244140625,3578,0.4537729866835764,3425.0400390625,44.6689453125,12.784147080636219,0.1257784557921786,0.436767578125,0.2511925476562453,0.26649808984375056,39,50,1.2820512820512822,9,2.2868325412356723,15,1823,0.0,3428.3880742913,44,78,0.609375,0.26694614999999544,True
0.9,19,48310,1024,25,4,34,38,0.296875,0.0244140625,8167,0.9969482421875,3615,0.4426349944900208,10353.1328125,81.845703125,7.980085755860268,0.08240121357705857,0.4412841796875,0.2511925476562453,0.26649808984375056,4,12,3.0,55,2.251245157719978,8,2036,0.0,10414.153241650294,6,40,0.3125,0.26694614999999544,True
0.9,20,12187,1024,4344,543,34,577,4.5078125,4.2421875,3848,0.4697265625,552,0.14345114345114346,1157.08203125,16.744140625,17.49716211547667,0.47277843419530174,0.0673828125,0.2511925476562453,0.26649808984375056,543,554,1.0202578268876612,259,14.390199637023594,5,428,0.0,1194.407258064516,513,547,4.2734375,0.26694614999999544,True
0.9,21,20284,1024,4539,568,34,602,4.703125,4.4326171875,3653,0.4459228515625,515,0.14098001642485627,1007.0625,13.4765625,18.10023936428673,0.5729309450262111,0.0628662109375,0.2511925476562453,0.26649808984375056,568,579,1.0193661971830985,147,15.56420233463035,4,422,0.0,1025.0815109343937,551,585,4.5703125,0.26694614999999544,True
0.9,22,1052,1024,6003,751,34,785,6.1328125,5.8623046875,2189,0.2672119140625,365,0.1667428049337597,1655.3125,18.1640625,15.942003662522186,0.5619445870504983,0.0445556640625,0.2511925476562453,0.26649808984375056,751,762,1.014647137150466,34,22.063186813186814,4,300,0.0,1661.8039215686274,727,761,5.9453125,0.26694614999999544,True
0.9,23,13752,1024,3948,494,34,528,4.125,3.85546875,4244,0.51806640625,800,0.1885014137606032,706.96484375,17.615234375,19.636825433157124,0.28988215472435286,0.09765625,0.2511925476562453,0.26649808984375056,494,505,1.0222672064777327,26,10.125156445556946,5,687,0.0,709.0421155729676,476,510,3.984375,0.26694614999999544,True
0.9,24,37139,1024,5692,712,34,746,5.828125,5.55859375,2500,0.30517578125,515,0.206,2019.20703125,22.615234375,15.078995110080305,0.4332074969221075,0.0628662109375,0.2511925476562453,0.26649808984375056,712,723,1.0154494382022472,27,15.396887159533074,5,421,0.0,2025.1400587659157,699,733,5.7265625,0.26694614999999544,True
0.9,25,29727,1024,6760,845,34,879,6.8671875,6.6015625,1432,0.1748046875,292,0.20391061452513967,2548.75,22.09375,14.06753122081714,0.5974430955951896,0.03564453125,0.2511925476562453,0.26649808984375056,845,856,1.01301775147929,17,27.542955326460483,3,261,0.0,2553.737769080235,841,875,6.8359375,0.26694614999999544,True
0.9,26,41854,1024,5683,711,34,745,5.8203125,5.5498046875,2509,0.3062744140625,188,0.07493025109605421,329.953125,5.73046875,22.94628114928887,0.6043409554045156,0.02294921875,0.2511925476562453,0.26649808984375056,711,722,1.0154711673699015,147,42.44385026737968,4,145,0.0,335.8568588469185,678,712,5.5625,0.26694614999999544,True
0.9,27,40333,1024,6624,828,34,862,6.734375,6.46875,1568,0.19140625,288,0.1836734693877551,2171.515625,19.73046875,14.763174022206107,0.6359170437671212,0.03515625,0.2511925476562453,0.26649808984375056,828,839,1.0132850241545894,8,28.076655052264808,4,262,0.0,2173.6383186705766,812,846,6.609375,0.26694614999999544,True
0.9,28,33248,1024,10,2,34,36,0.28125,0.009765625,8182,0.998779296875,3277,0.40051332192617944,10005.841796875,80.859375,8.128267289292916,0.17856737380555399,0.4000244140625,0.2511925476562453,0.26649808984375056,2,10,5.0,375,2.385836385836386,8,1828,0.0,10476.464212678937,4,38,0.296875,0.26694614999999544,True
0.9,29,9680,1024,6023,753,34,787,6.1484375,5.8818359375,2169,0.2647705078125,366,0.16874135546334718,2453.625,21.7890625,14.232721728418287,0.5553196205277905,0.044677734375,0.2511925476562453,0.26649808984375056,753,764,1.0146082337317397,17,22.276712328767122,4,306,0.0,2458.426614481409,732,766,5.984375,0.26694614999999544,True
0.9,30,16805,1024,6535,817,34,851,6.6484375,6.3818359375,1657,0.2022705078125,316,0.19070609535304767,2269.25,21.46875,14.57198016750468,0.33376574249256363,0.03857421875,0.2511925476562453,0.26649808984375056,817,828,1.0134638922888617,19,25.926984126984127,3,289,0.0,2273.6908023483365,806,840,6.5625,0.26694614999999544,True
0.9,31,14652,1024,5267,659,34,693,5.4140625,5.1435546875,2925,0.3570556640625,375,0.1282051282051282,1355.015625,15.45703125,16.811360576780356,0.22557303376618024,0.0457763671875,0.2511925476562453,0.26649808984375056,659,670,1.0166919575113809,20,21.70855614973262,4,310,0.0,1357.6673189823875,624,658,5.140625,0.26694614999999544,True
0.9,32,15793,1024,5733,717,34,751,5.8671875,5.5986328125,2459,0.3001708984375,295,0.11996746644977634,950.0986328125,10.7568359375,18.353116677236198,0.6682423191376308,0.0360107421875,0.2511925476562453,0.26649808984375056,717,728,1.0153417015341701,39,27.683673469387756,4,240,0.0,953.8245098039216,657,691,5.3984375,0.26694614999999544,True
0.9,33,30210,1024,4221,528,34,562,4.390625,4.1220703125,3971,0.4847412109375,511,0.12868295139763283,1198.9267578125,13.4287109375,17.342877079187254,0.6026809101029443,0.0623779296875,0.2511925476562453,0.26649808984375056,528,539,1.0208333333333333,35,15.735294117647058,5,406,0.0,1203.6284313725491,499,533,4.1640625,0.26694614999999544,True
0.9,34,47426,1024,100,13,34,47,0.3671875,0.09765625,8092,0.98779296875,4833,0.597256549678695,37685.1083984375,184.8818359375,2.369105920422287,0.031680814620598394,0.5899658203125,0.2511925476562453,0.26649808984375056,13,21,1.6153846153846154,10,1.6918460264900663,15,1939,0.0,37721.94623655914,18,52,0.40625,0.26694614999999544,True
0.9,35,20875,1024,5934,742,34,776,6.0625,5.794921875,2258,0.275634765625,339,0.15013286093888398,1564.609375,17.25390625,16.186744326962593,0.6551146252492114,0.0413818359375,0.2511925476562453,0.26649808984375056,742,753,1.0148247978436657,120,23.86094674556213,3,290,0.0,1587.8691774033696,698,732,5.71875,0.26694614999999544,True
0.9,36,4161,1024,6038,755,34,789,6.1640625,5.896484375,2154,0.262939453125,543,0.2520891364902507,3878.6474609375,33.1728515625,12.244000534842378,0.39270975202091324,0.0662841796875,0.2511925476562453,0.26649808984375056,755,766,1.014569536423841,74,14.924354243542435,4,445,0.0,3913.039408866995,748,782,6.109375,0.26694614999999544,True
0.9,37,40340,1024,5171,647,34,681,5.3203125,5.0498046875,3021,0.3687744140625,482,0.15954981794107911,1512.37109375,17.990234375,16.334219928550365,0.519704675462539,0.058837890625,0.2511925476562453,0.26649808984375056,647,658,1.017001545595054,110,16.773388773388774,4,377,0.0,1531.8180019782394,636,670,5.234375,0.26694614999999544,True
0.9,38,28286,1024,6360,795,34,829,6.4765625,6.2109375,1832,0.2236328125,336,0.18340611353711792,2079.015625,20.36328125,14.95222607550977,0.6423913898414023,0.041015625,0.2511925476562453,0.26649808984375056,795,806,1.0138364779874214,27,24.355223880597016,4,293,0.0,2085.124387855044,760,794,6.203125,0.26694614999999544,True
0.9,39,13256,1024,6601,826,34,860,6.71875,6.4462890625,1591,0.1942138671875,354,0.22250157133878065,2489.765625,23.35546875,14.169218943183427,0.47506366530390254,0.043212890625,0.2511925476562453,0.26649808984375056,826,837,1.013317191283293,28,23.110481586402265,3,318,0.0,2497.081292850147,814,848,6.625,0.26694614999999544,True
0.9,40,48934,1024,6175,772,34,806,6.296875,6.0302734375,2017,0.2462158203125,312,0.15468517600396628,1691.640625,17.45703125,15.847722546215453,0.6778259939857292,0.0380859375,0.2511925476562453,0.26649808984375056,772,783,1.0142487046632125,258,25.443729903536976,4,280,0.0,1746.2096774193549,756,790,6.171875,0.26694614999999544,True
0.9,41,11935,1024,4960,620,34,654,5.109375,4.84375,3232,0.39453125,544,0.16831683168316833,2604.0859375,25.5703125,13.97425048573063,0.23058930349322748,0.06640625,0.2511925476562453,0.26649808984375056,620,631,1.017741935483871,19,14.659300184162063,5,428,0.0,2609.1819960861058,608,642,5.015625,0.26694614999999544,True
0.9,42,48447,1024,6172,772,34,806,6.296875,6.02734375,2020,0.24658203125,306,0.15148514851485148,1132.4375,12.5859375,17.590661185310644,0.3669943531094789,0.037353515625,0.2511925476562453,0.26649808984375056,772,783,1.0142487046632125,312,25.560655737704916,4,215,0.0,1177.2751269035532,771,805,6.2890625,0.26694614999999544,True
0.9,43,15492,1024,7087,886,34,920,7.1875,6.9208984375,1105,0.1348876953125,202,0.18280542986425338,1553.0,14.65625,16.219089051393517,0.5823628564481379,0.024658203125,0.2511925476562453,0.26649808984375056,886,897,1.012415349887133,35,40.472636815920396,3,184,0.0,1559.0901960784313,876,910,7.109375,0.26694614999999544,True
0.9,44,32513,1024,6222,778,34,812,6.34375,6.076171875,1970,0.240478515625,242,0.12284263959390863,754.4375,10.6796875,19.35457093601114,0.601825458741979,0.029541015625,0.2511925476562453,0.26649808984375056,778,789,1.0141388174807198,281,32.7344398340249,4,207,0.0,781.1365015166836,775,809,6.3203125,0.26694614999999544,True
0.9,45,36099,1024,11,2,34,36,0.28125,0.0107421875,8181,0.9986572265625,3812,0.46595770688179927,20775.74609375,126.677734375,4.955237318495286,0.08265445835878617,0.46533203125,0.2511925476562453,0.26649808984375056,2,10,5.0,71,2.1304119653634217,8,2075,0.0,20939.334645669293,5,39,0.3046875,0.26694614999999544,True
0.9,46,39260,1024,3581,448,34,482,3.765625,3.4970703125,4611,0.5628662109375,510,0.11060507482108002,635.2802734375,9.6533203125,20.10114990925772,0.6867221786572439,0.062255859375,0.2511925476562453,0.26649808984375056,448,459,1.0245535714285714,175,15.74852652259332,4,437,0.0,648.581256231306,393,427,3.3359375,0.26694614999999544,True
0.9,47,46517,1024,5186,649,34,683,5.3359375,5.064453125,3006,0.366943359375,477,0.15868263473053892,2408.3046875,23.47265625,14.313689298896453,0.5602309959634515,0.0582275390625,0.2511925476562453,0.26649808984375056,649,660,1.0169491525423728,58,16.771008403361346,4,410,0.0,2424.881022615536,626,660,5.15625,0.26694614999999544,True
0.9,48,33095,1024,6630,829,34,863,6.7421875,6.474609375,1562,0.190673828125,202,0.1293213828425096,846.515625,10.23828125,18.854453821339394,0.6950644808057695,0.024658203125,0.2511925476562453,0.26649808984375056,829,840,1.0132689987937273,49,39.65174129353234,3,174,0.0,851.5049115913556,798,832,6.5,0.26694614999999544,True
0.9,49,3,1024,6223,778,34,812,6.34375,6.0771484375,1969,0.2403564453125,170,0.08633824276282377,589.125,7.875,20.42872908100218,0.6014085081836886,0.020751953125,0.2511925476562453,0.26649808984375056,778,789,1.0141388174807198,58,48.094674556213015,2,148,0.0,593.1799410029498,747,781,6.1015625,0.26694614999999544,True
0.9,50,21683,1024,6006,751,34,785,6.1328125,5.865234375,2186,0.266845703125,261,0.11939615736505033,913.140625,12.09765625,18.525426961938123,0.7328243306354165,0.0318603515625,0.2511925476562453,0.26649808984375056,751,762,1.014647137150466,65,30.626923076923077,4,224,0.0,920.3307086614174,702,736,5.75,0.26694614999999544,True
0.9,51,13446,1024,5887,736,34,770,6.015625,5.7490234375,2305,0.2813720703125,449,0.1947939262472885,2202.625,21.765625,14.701397966692697,0.6213296690799153,0.0548095703125,0.2511925476562453,0.26649808984375056,736,747,1.014945652173913,50,17.591517857142858,5,375,0.0,2215.6070726915523,726,760,5.9375,0.26694614999999544,True
0.9,52,49515,1024,5169,647,34,681,5.3203125,5.0478515625,3023,0.3690185546875,730,0.24148197155143897,2474.7734375,29.42578125,14.195449149103966,0.20517735514509997,0.089111328125,0.2511925476562453,0.26649808984375056,647,658,1.017001545595054,177,10.989026063100138,4,606,0.0,2529.1097804391216,637,671,5.2421875,0.26694614999999544,True
0.9,53,27943,1024,6160,770,34,804,6.28125,6.015625,2032,0.248046875,518,0.2549212598425197,3216.140625,30.98828125,13.05745330951228,0.34561764299810704,0.063232421875,0.2511925476562453,0.26649808984375056,770,781,1.0142857142857142,74,15.67698259187621,4,441,0.0,3244.6581280788178,758,792,6.1875,0.26694614999999544,True
0.9,54,29059,1024,6525,816,34,850,6.640625,6.3720703125,1667,0.2034912109375,405,0.2429514097180564,2794.423828125,24.33203125,13.667880849821358,0.5723728940209332,0.0494384765625,0.2511925476562453,0.26649808984375056,816,827,1.0134803921568627,9,20.121287128712872,4,340,0.0,2797.155425219941,812,846,6.609375,0.26694614999999544,True
0.9,55,32738,1024,3914,490,34,524,4.09375,3.822265625,4278,0.522216796875,396,0.09256661991584852,539.298828125,8.541015625,20.81250884283436,0.559096646305118,0.04833984375,0.2511925476562453,0.26649808984375056,490,501,1.0224489795918368,260,19.870886075949368,4,328,0.0,556.695564516129,450,484,3.78125,0.26694614999999544,True
0.9,56,445,1024,6680,835,34,869,6.7890625,6.5234375,1512,0.1845703125,268,0.17724867724867724,1782.6875,17.4453125,15.620051415962585,0.49836325740367315,0.03271484375,0.2511925476562453,0.26649808984375056,835,846,1.0131736526946107,33,30.0,3,238,0.0,1789.678431372549,826,860,6.71875,0.26694614999999544,True
0.9,57,32216,1024,6210,777,34,811,6.3359375,6.064453125,1982,0.241943359375,332,0.16750756811301715,2063.17578125,19.787109375,14.985441297077934,0.537181594221156,0.04052734375,0.2511925476562453,0.26649808984375056,777,788,1.0141570141570142,256,23.91238670694864,5,293,0.0,2129.7298387096776,752,786,6.140625,0.26694614999999544,True
0.9,58,18250,1024,6564,821,34,855,6.6796875,6.41015625,1628,0.19873046875,322,0.1977886977886978,2125.296875,19.01171875,14.85660757225612,0.5263348082416107,0.039306640625,0.2511925476562453,0.26649808984375056,821,832,1.0133982947624847,32,25.401869158878505,5,256,0.0,2133.6313725490195,804,838,6.546875,0.26694614999999544,True
0.9,59,1684,1024,5482,686,34,720,5.625,5.353515625,2710,0.330810546875,553,0.20405904059040592,2455.421875,26.62890625,14.229542402769573,0.36328182839742773,0.0675048828125,0.2511925476562453,0.26649808984375056,686,697,1.0160349854227406,136,14.556159420289855,4,456,0.0,2496.873882820258,668,702,5.484375,0.26694614999999544,True
0.9,60,2899,1024,5195,650,34,684,5.34375,5.0732421875,2997,0.3658447265625,627,0.2092092092092092,646.33984375,10.0234375,20.02619431949105,0.6622632617967331,0.0765380859375,0.2511925476562453,0.26649808984375056,650,661,1.0169230769230768,19,13.015974440894569,5,573,0.0,647.6046966731898,627,661,5.1640625,0.26694614999999544,True
0.9,61,39428,1024,25,4,34,38,0.296875,0.0244140625,8167,0.9969482421875,3199,0.3916982980286519,5901.0458984375,55.8994140625,10.421513682657501,0.10820757571582575,0.3905029296875,0.2511925476562453,0.26649808984375056,4,12,3.0,54,2.544090056285178,7,1884,0.0,5935.826129666012,6,40,0.3125,0.26694614999999544,True
0.9,62,40758,1024,5631,704,34,738,5.765625,5.4990234375,2561,0.3126220703125,624,0.2436548223350254,2129.53515625,19.00390625,14.847955466815057,0.712314669543213,0.076171875,0.2511925476562453,0.26649808984375056,704,715,1.015625,9,13.120385232744784,5,574,0.0,2131.6168132942325,676,710,5.546875,0.26694614999999544,True
0.9,63,29154,1024,6253,782,34,816,6.375,6.1064453125,1939,0.2366943359375,501,0.258380608561114,2885.328125,28.68359375,13.528851517734848,0.37833765871499747,0.0611572265625,0.2511925476562453,0.26649808984375056,782,793,1.014066496163683,42,16.226,3,428,0.0,2899.485770363101,764,798,6.234375,0.26694614999999544,True
0.9,64,43958,1024,6240,780,34,814,6.359375,6.09375,1952,0.23828125,156,0.07991803278688525,372.4375,5.7578125,22.42026958099048,0.6257208916927587,0.01904296875,0.25359152109375316,0.246734764843751,780,791,1.014102564102564,9,52.65806451612903,2,135,0.0,372.8015640273705,753,787,6.1484375,0.25892874218749284,True
0.9,65,33814,1024,6549,819,34,853,6.6640625,6.3955078125,1643,0.2005615234375,332,0.202069385270846,2585.515625,21.10546875,14.005331941878723,0.48419126735599954,0.04052734375,0.25359152109375316,0.246734764843751,819,830,1.0134310134310134,51,24.580060422960724,4,271,0.0,2600.75442043222,814,848,6.625,0.25892874218749284,True
0.9,66,34153,1024,5958,745,34,779,6.0859375,5.818359375,2234,0.272705078125,354,0.1584601611459266,1882.671875,19.48828125,15.383057260845668,0.5144778327570928,0.043212890625,0.25359152109375316,0.246734764843751,745,756,1.014765100671141,188,22.63456090651558,3,307,0.0,1925.93006993007,724,758,5.921875,0.25892874218749284,True
0.9,67,43609,1024,5558,695,34,729,5.6953125,5.427734375,2634,0.321533203125,494,0.18754745634016703,1253.830078125,16.181640625,17.14841676951323,0.6646482991513455,0.060302734375,0.25359152109375316,0.246734764843751,695,706,1.0158273381294964,35,16.54158215010142,4,412,0.0,1258.7470588235294,661,695,5.4296875,0.25892874218749284,True
0.9,68,10762,1024,5618,703,34,737,5.7578125,5.486328125,2574,0.314208984375,684,0.26573426573426573,2528.03125,27.171875,14.102979227375167,0.3235740144487103,0.08349609375,0.25359152109375316,0.246734764843751,703,714,1.0156472261735419,256,11.610541727672036,4,479,0.0,2609.5806451612902,682,716,5.59375,0.25892874218749284,True
0.9,69,17898,1024,5220,653,34,687,5.3671875,5.09765625,2972,0.36279296875,405,0.13627187079407807,1607.1875,16.5390625,16.07013814866726,0.32992769555174317,0.0494384765625,0.25359152109375316,0.246734764843751,653,664,1.0168453292496171,404,19.264851485148515,4,303,0.0,1689.6919917864477,623,657,5.1328125,0.25892874218749284,True
0.9,70,43653,1024,5598,700,34,734,5.734375,5.466796875,2594,0.316650390625,483,0.18619892058596763,4955.2109375,39.83203125,11.18018214247947,0.32814392252987734,0.0589599609375,0.25359152109375316,0.246734764843751,700,711,1.0157142857142858,91,16.800829875518673,3,446,0.0,5009.018756169793,661,695,5.4296875,0.25892874218749284,True
0.9,71,14233,1024,6467,809,34,843,6.5859375,6.3154296875,1725,0.2105712890625,304,0.17623188405797102,1681.59375,18.0234375,15.873592763283416,0.505742053886331,0.037109375,0.25359152109375316,0.246734764843751,809,820,1.0135970333745365,90,26.432343234323433,3,273,0.0,1699.8538993089833,779,813,6.3515625,0.25892874218749284,True
0.9,72,39520,1024,6170,772,34,806,6.296875,6.025390625,2022,0.246826171875,283,0.13996043521266074,1885.03515625,17.306640625,15.377609065791482,0.5022049343630167,0.0345458984375,0.25359152109375316,0.246734764843751,772,783,1.0142487046632125,94,26.907801418439718,3,252,0.0,1905.5044422507403,740,774,6.046875,0.25892874218749284,True
0.9,73,18138,1024,5779,723,34,757,5.9140625,5.6435546875,2413,0.2945556640625,491,0.20348114380439286,3026.0625,27.0234375,13.322024672122003,0.4137224125252635,0.0599365234375,0.25359152109375316,0.246734764843751,723,734,1.0152143845089903,259,16.177551020408163,4,372,0.0,3123.6774193548385,701,735,5.7421875,0.25892874218749284,True
0.9,74,9212,1024,5208,651,34,685,5.3515625,5.0859375,2984,0.3642578125,711,0.23827077747989275,2603.1171875,27.9140625,13.975866411877922,0.4189867106794828,0.0867919921875,0.25359152109375316,0.246734764843751,651,662,1.0168970814132103,82,11.41830985915493,5,555,0.0,2628.7889546351084,639,673,5.2578125,0.25892874218749284,True
0.9,75,6456,1024,6334,792,34,826,6.453125,6.185546875,1858,0.226806640625,349,0.18783638320775026,1399.46875,17.015625,16.671171557106636,0.49833768076637264,0.0426025390625,0.25359152109375316,0.246734764843751,792,803,1.0138888888888888,27,23.24137931034483,4,300,0.0,1403.5808031341821,774,808,6.3125,0.25892874218749284,True
0.9,76,22948,1024,3170,397,34,431,3.3671875,3.095703125,5022,0.613037109375,1923,0.38291517323775387,3182.662109375,42.201171875,13.102898271238363,0.1874781539649021,0.2347412109375,0.25359152109375316,0.246734764843751,397,408,1.0277078085642317,38,4.240374609781478,6,1413,0.0,3195.143137254902,403,437,3.4140625,0.25892874218749284,True
0.9,77,7591,1024,6640,830,34,864,6.75,6.484375,1552,0.189453125,249,0.16043814432989692,1447.9375,15.6015625,16.523305448568728,0.4941917340870561,0.0303955078125,0.25359152109375316,0.246734764843751,830,841,1.0132530120481928,18,32.770161290322584,3,232,0.0,1450.771037181996,819,853,6.6640625,0.25892874218749284,True
0.9,78,29996,1024,5434,680,34,714,5.578125,5.306640625,2758,0.336669921875,643,0.2331399564902103,5681.17578125,46.505859375,10.586421338779509,0.21639340061837498,0.0784912109375,0.25359152109375316,0.246734764843751,680,691,1.0161764705882352,108,12.264797507788161,4,585,0.0,5754.227497527201,657,691,5.3984375,0.25892874218749284,True
0.9,79,10378,1024,268,34,34,68,0.53125,0.26171875,7924,0.96728515625,2923,0.368879353861686,7079.669921875,59.314453125,9.630673509818122,0.03771769188903928,0.3568115234375,0.25359152109375316,0.246734764843751,34,45,1.3235294117647058,47,2.7871321013004793,8,1860,0.0,7114.408243375859,34,68,0.53125,0.25892874218749284,True
0.9,80,27337,1024,4629,579,34,613,4.7890625,4.5205078125,3563,0.4349365234375,371,0.10412573673870335,789.5390625,10.265625,19.157067392423695,0.5722294498666564,0.0452880859375,0.25359152109375316,0.246734764843751,579,590,1.0189982728842832,42,22.016216216216215,4,296,0.0,793.4131501472032,546,580,4.53125,0.25892874218749284,True
0.9,81,19965,1024,5288,661,34,695,5.4296875,5.1640625,2904,0.3544921875,631,0.21728650137741046,5073.765625,43.56640625,11.077499591016558,0.3377984627451828,0.0770263671875,0.25359152109375316,0.246734764843751,661,672,1.0166414523449319,33,12.904761904761905,4,568,0.0,5093.6627450980395,628,662,5.171875,0.25892874218749284,True
0.9,82,24405,1024,6218,778,34,812,6.34375,6.072265625,1974,0.240966796875,357,0.18085106382978725,1342.53125,16.4609375,16.85155957338325,0.5368341843040205,0.0435791015625,0.25359152109375316,0.246734764843751,778,789,1.0141388174807198,57,22.834269662921347,4,297,0.0,1351.771878072763,748,782,6.109375,0.25892874218749284,True
0.9,83,45135,1024,6323,791,34,825,6.4453125,6.1748046875,1869,0.2281494140625,318,0.17014446227929375,1772.546875,17.61328125,15.644826319438872,0.6764744358474484,0.038818359375,0.25359152109375316,0.246734764843751,791,802,1.013906447534766,36,24.90851735015773,3,265,0.0,1779.4980392156863,768,802,6.265625,0.25892874218749284,True
0.9,84,11274,1024,5964,746,34,780,6.09375,5.82421875,2228,0.27197265625,392,0.17594254937163376,1584.734375,17.12109375,16.131238824145786,0.4660516471430975,0.0478515625,0.25359152109375316,0.246734764843751,746,757,1.0147453083109919,43,20.680306905370845,3,322,0.0,1592.5103042198234,729,763,5.9609375,0.25892874218749284,True
0.9,85,1941,1024,6185,774,34,808,6.3125,6.0400390625,2007,0.2449951171875,295,0.1469855505729945,1546.8125,15.4296875,16.236426878605414,0.3693457661898174,0.0360107421875,0.25359152109375316,0.246734764843751,774,785,1.0142118863049097,19,27.744897959183675,3,244,0.0,1549.839530332681,756,790,6.171875,0.25892874218749284,True
0.9,86,48940,1024,6498,813,34,847,6.6171875,6.345703125,1694,0.206787109375,189,0.1115702479338843,674.875,8.921875,19.838570203886114,0.7540035006055186,0.0230712890625,0.25359152109375316,0.246734764843751,813,824,1.013530135301353,82,42.46808510638298,3,175,0.0,681.5305719921105,788,822,6.421875,0.25892874218749284,True
0.9,87,36794,1024,5891,737,34,771,6.0234375,5.7529296875,2301,0.2808837890625,541,0.23511516731855714,2624.84375,27.59375,13.93976904757354,0.47862620674984596,0.0660400390625,0.25359152109375316,0.246734764843751,737,748,1.0149253731343284,112,14.951851851851853,3,455,0.0,2661.227722772277,710,744,5.8125,0.25892874218749284,True
0.9,88,21994,1024,5749,719,34,753,5.8828125,5.6142578125,2443,0.2982177734375,614,0.2513303315595579,3285.8388671875,30.2666015625,12.964340984235026,0.3379235505899754,0.074951171875,0.25359152109375316,0.246734764843751,719,730,1.015299026425591,51,13.230016313213703,5,486,0.0,3305.205304518664,708,742,5.796875,0.25892874218749284,True
0.9,89,49944,1024,5658,708,34,742,5.796875,5.525390625,2534,0.309326171875,426,0.1681136543014996,2024.609375,20.22265625,15.067391173402287,0.5006841568249231,0.052001953125,0.25359152109375316,0.246734764843751,708,719,1.015536723163842,435,18.014117647058825,5,340,0.0,2137.319587628866,680,714,5.578125,0.25892874218749284,True
0.9,90,43442,1024,2998,375,34,409,3.1953125,2.927734375,5194,0.634033203125,807,0.15537158259530226,656.1884765625,12.7705078125,19.960517614702155,0.4833361133374433,0.0985107421875,0.25359152109375316,0.246734764843751,375,386,1.0293333333333334,188,9.875930521091812,6,695,0.0,671.2657342657343,329,363,2.8359375,0.25892874218749284,True
0.9,91,45096,1024,5128,641,34,675,5.2734375,5.0078125,3064,0.3740234375,389,0.12695822454308095,963.1875,12.53125,18.293695230798356,0.5963461251436246,0.0474853515625,0.25359152109375316,0.246734764843751,641,652,1.0171606864274572,221,20.40721649484536,5,287,0.0,989.271815446339,623,657,5.1328125,0.25892874218749284,True
0.9,92,42430,1024,4231,529,34,563,4.3984375,4.1318359375,3961,0.4835205078125,770,0.19439535470840696,1097.4931640625,13.2353515625,17.726785370281757,0.33307727652809166,0.093994140625,0.25359152109375316,0.246734764843751,529,540,1.0207939508506616,141,10.453836150845254,7,481,0.0,1116.020854021847,499,533,4.1640625,0.25892874218749284,True
0.9,93,42255,1024,5189,649,34,683,5.3359375,5.0673828125,3003,0.3665771484375,739,0.24608724608724608,3281.6171875,31.7265625,12.96992443216346,0.13199381847014213,0.0902099609375,0.25359152109375316,0.246734764843751,649,660,1.0169491525423728,188,10.83739837398374,6,540,0.0,3357.018981018981,632,666,5.203125,0.25892874218749284,True
0.9,94,5771,1024,10,2,34,36,0.28125,0.009765625,8182,0.998779296875,4642,0.5673429479344904,30773.9658203125,161.4580078125,3.2489689377563016,0.028660498355079878,0.566650390625,0.25359152109375316,0.246734764843751,2,10,5.0,23,1.7588881706528765,62,1885,0.0,30834.188845401175,4,38,0.296875,0.25892874218749284,True
0.9,95,8320,1024,6457,808,34,842,6.578125,6.3056640625,1735,0.2117919921875,313,0.18040345821325648,1817.8125,18.2890625,15.535312753894486,0.5228773167551527,0.0382080078125,0.25359152109375316,0.246734764843751,808,819,1.0136138613861385,169,25.692307692307693,5,274,0.0,1855.8723828514458,799,833,6.5078125,0.25892874218749284,True
0.9,96,48807,1024,6324,791,34,825,6.4453125,6.17578125,1868,0.22802734375,420,0.22483940042826553,2573.484375,25.37109375,14.025588251077876,0.41603999527173513,0.05126953125,0.25359152109375316,0.246734764843751,791,802,1.013906447534766,18,19.49164677804296,3,353,0.0,2578.5205479452056,757,791,6.1796875,0.25892874218749284,True
0.9,97,2675,1024,4177,523,34,557,4.3515625,4.0791015625,4015,0.4901123046875,852,0.21220423412204234,1769.2578125,24.83203125,15.652892388751148,0.38822056358146695,0.10400390625,0.25359152109375316,0.246734764843751,523,534,1.0210325047801148,98,9.506462984723854,6,660,0.0,1790.2371541501977,504,538,4.203125,0.25892874218749284,True
0.9,98,37658,1024,2459,308,34,342,2.671875,2.4013671875,5733,0.6998291015625,2533,0.44182801325658466,14276.447265625,82.48046875,6.584602153955716,0.2671195529248205,0.3092041015625,0.25359152109375316,0.246734764843751,308,319,1.0357142857142858,58,3.212085308056872,30,1255,0.0,14374.711897738447,301,335,2.6171875,0.25892874218749284,True
0.9,99,45710,1024,6193,775,34,809,6.3203125,6.0478515625,1999,0.2440185546875,280,0.14007003501750875,1217.8125,14.0234375,17.27499933395126,0.6392437257407254,0.0341796875,0.25359152109375316,0.246734764843751,775,786,1.0141935483870967,88,28.483870967741936,4,242,0.0,1231.0365251727542,753,787,6.1484375,0.25892874218749284,True
0.9,100,15813,1024,5239,655,34,689,5.3828125,5.1162109375,2953,0.3604736328125,300,0.1015916017609211,480.3671875,7.01171875,21.315070265299948,0.7398447911421954,0.03662109375,0.25359152109375316,0.246734764843751,655,666,1.016793893129771,123,26.642140468227424,5,215,0.0,487.5084241823588,633,667,5.2109375,0.25892874218749284,True
0.9,101,7135,1024,6392,799,34,833,6.5078125,6.2421875,1800,0.2197265625,241,0.1338888888888889,893.0625,10.2734375,18.62198507292582,0.5688970640610485,0.0294189453125,0.25359152109375316,0.246734764843751,799,810,1.0137672090112642,80,33.775,3,180,0.0,901.8698224852071,788,822,6.421875,0.25892874218749284,True
0.9,102,31775,1024,5608,701,34,735,5.7421875,5.4765625,2584,0.3154296875,369,0.14280185758513933,850.26953125,9.916015625,18.835237441188674,0.5048338116477696,0.0450439453125,0.25359152109375316,0.246734764843751,701,712,1.0156918687589158,36,22.154891304347824,5,274,0.0,853.6039215686275,696,730,5.703125,0.25892874218749284,True
0.9,103,31772,1024,5766,721,34,755,5.8984375,5.630859375,2426,0.296142578125,340,0.14014839241549876,1776.66796875,16.802734375,15.634740882754098,0.5882338814937222,0.04150390625,0.25359152109375316,0.246734764843751,721,732,1.015256588072122,37,24.023598820058996,3,295,0.0,1783.6352941176472,696,730,5.703125,0.25892874218749284,True
0.9,104,25160,1024,5092,637,34,671,5.2421875,4.97265625,3100,0.37841796875,374,0.12064516129032259,1098.69140625,12.365234375,17.72204633305614,0.3725112228591744,0.045654296875,0.25359152109375316,0.246734764843751,637,648,1.0172684458398744,83,21.68632707774799,4,270,0.0,1109.526627218935,625,659,5.1484375,0.25892874218749284,True
0.9,105,36108,1024,4868,609,34,643,5.0234375,4.75390625,3324,0.40576171875,864,0.259927797833935,2987.94140625,39.251953125,13.377082841876701,0.15975684021845624,0.10546875,0.25359152109375316,0.246734764843751,609,620,1.0180623973727423,618,8.769409038238702,5,725,0.0,3230.8891235480464,591,625,4.8828125,0.25892874218749284,True
0.9,106,1260,1024,5427,679,34,713,5.5703125,5.2998046875,2765,0.3375244140625,465,0.16817359855334538,2059.484375,21.01953125,14.993218594902695,0.49186543606317673,0.0567626953125,0.25359152109375316,0.246734764843751,679,690,1.01620029455081,34,17.504310344827587,5,379,0.0,2067.5607843137254,666,700,5.46875,0.25892874218749284,True
0.9,107,37885,1024,6350,794,34,828,6.46875,6.201171875,1842,0.224853515625,322,0.1748099891422367,2305.125,21.71875,14.503858800193342,0.41279012153640166,0.039306640625,0.25359152109375316,0.246734764843751,794,805,1.013853904282116,260,24.66355140186916,3,296,0.0,2379.483870967742,766,800,6.25,0.25892874218749284,True
0.9,108,41535,1024,10,2,34,36,0.28125,0.009765625,8182,0.998779296875,3583,0.437912490833537,19386.240234375,122.7890625,5.255867706541303,0.0897188649870212,0.4373779296875,0.25359152109375316,0.246734764843751,2,10,5.0,127,2.2445561139028474,11,1936,0.0,19674.44003964321,4,38,0.296875,0.25892874218749284,True
0.9,109,44889,1024,5204,651,34,685,5.3515625,5.08203125,2988,0.36474609375,612,0.20481927710843373,2261.078125,24.80859375,14.587647924764521,0.4678090706901799,0.07470703125,0.25359152109375316,0.246734764843751,651,662,1.0168970814132103,61,13.302782324058919,5,453,0.0,2276.6411012782696,651,685,5.3515625,0.25892874218749284,True
0.9,110,28184,1024,6280,785,34,819,6.3984375,6.1328125,1912,0.2333984375,149,0.07792887029288703,331.0,5.1875,22.932523670921917,0.7000022752036507,0.0181884765625,0.25359152109375316,0.246734764843751,785,796,1.0140127388535032,9,54.87162162162162,3,136,0.0,331.32355816226783,748,782,6.109375,0.25892874218749284,True
0.9,111,25319,1024,6188,774,34,808,6.3125,6.04296875,2004,0.24462890625,384,0.19161676646706588,2757.28125,24.9921875,13.725992933137325,0.6136363679056942,0.046875,0.25359152109375316,0.246734764843751,774,785,1.0142118863049097,34,21.279373368146214,3,344,0.0,2768.0941176470587,750,784,6.125,0.25892874218749284,True
0.9,112,11010,1024,4788,599,34,633,4.9453125,4.67578125,3404,0.41552734375,935,0.27467685076380727,1620.47265625,23.521484375,16.0343865369464,0.4159712901047354,0.1141357421875,0.25359152109375316,0.246734764843751,599,610,1.018363939899833,40,8.680942184154176,6,671,0.0,1628.423945044161,599,633,4.9453125,0.25892874218749284,True
0.9,113,33880,1024,6189,774,34,808,6.3125,6.0439453125,2003,0.2445068359375,186,0.09286070893659511,838.90625,9.1875,18.893669308885595,0.5345439104964426,0.022705078125,0.25359152109375316,0.246734764843751,774,785,1.0142118863049097,8,42.95135135135135,3,161,0.0,839.7262952101662,736,770,6.015625,0.25892874218749284,True
0.9,114,19307,1024,4701,588,34,622,4.859375,4.5908203125,3491,0.4261474609375,795,0.22772844457175595,2419.40625,31.109375,14.293715626507966,0.20393159500235683,0.0970458984375,0.25359152109375316,0.246734764843751,588,599,1.0187074829931972,253,9.993702770780857,4,630,0.0,2494.9365558912386,578,612,4.78125,0.25892874218749284,True
0.9,115,12236,1024,11,2,34,36,0.28125,0.0107421875,8181,0.9986572265625,2106,0.25742574257425743,6252.158203125,45.1953125,10.170504020973876,0.06833598102588485,0.257080078125,0.25359152109375316,0.246734764843751,2,10,5.0,31,3.8422802850356295,8,1282,0.0,6270.52889324192,5,39,0.3046875,0.25892874218749284,True
0.9,116,13805,1024,5260,658,34,692,5.40625,5.13671875,2932,0.35791015625,559,0.19065484311050476,2216.03515625,23.345703125,14.675037148998449,0.26267277324909966,0.0682373046875,0.25359152109375316,0.246734764843751,658,669,1.0167173252279635,88,14.413978494623656,5,426,0.0,2240.0987166831196,622,656,5.125,0.25892874218749284,True
0.9,117,5814,1024,4742,593,34,627,4.8984375,4.630859375,3450,0.421142578125,484,0.14028985507246378,1085.046875,14.28125,17.776318603662187,0.6622328339677617,0.05908203125,0.25359152109375316,0.246734764843751,593,604,1.0185497470489038,45,16.712215320910975,4,392,0.0,1090.3709519136407,567,601,4.6953125,0.25892874218749284,True
0.9,118,48485,1024,5959,745,34,779,6.0859375,5.8193359375,2233,0.2725830078125,433,0.19390953873712494,3186.8125,27.25,13.097238488880066,0.5119786262929568,0.0528564453125,0.25359152109375316,0.246734764843751,745,756,1.014765100671141,19,18.90740740740741,3,375,0.0,3193.048923679061,714,748,5.84375,0.25892874218749284,True
0.9,119,12248,1024,10,2,34,36,0.28125,0.009765625,8182,0.998779296875,3404,0.41603519921779514,15032.712890625,96.7734375,6.360429979050716,0.04075705209861439,0.41552734375,0.25359152109375316,0.246734764843751,2,10,5.0,13,2.4025859535703793,9,1894,0.0,15047.407624633432,4,38,0.296875,0.25892874218749284,True
0.9,120,458,1024,6057,758,34,792,6.1875,5.9150390625,2135,0.2606201171875,560,0.26229508196721313,2898.96875,29.2421875,13.508368270498941,0.30843279965424664,0.068359375,0.25359152109375316,0.246734764843751,758,769,1.0145118733509235,26,14.595706618962433,4,446,0.0,2907.486777668952,744,778,6.078125,0.25892874218749284,True
0.9,121,319,1024,5631,704,34,738,5.765625,5.4990234375,2561,0.3126220703125,485,0.18937914877001172,1234.58203125,17.126953125,17.215604091389427,0.7425632127565012,0.0592041015625,0.25359152109375316,0.246734764843751,704,715,1.015625,132,16.196280991735538,4,403,0.0,1254.1785714285713,692,726,5.671875,0.25892874218749284,True
0.9,122,21496,1024,5782,723,34,757,5.9140625,5.646484375,2410,0.294189453125,441,0.1829875518672199,2816.33203125,26.123046875,13.633965062646059,0.43938831273461393,0.0538330078125,0.25359152109375316,0.246734764843751,723,734,1.0152143845089903,44,18.431818181818183,5,369,0.0,2830.1511285574093,700,734,5.734375,0.25892874218749284,True
0.9,123,20390,1024,5553,695,34,729,5.6953125,5.4228515625,2639,0.3221435546875,512,0.19401288366805608,2411.234375,25.10546875,14.308409344713414,0.3051467055151005,0.0625,0.25359152109375316,0.246734764843751,695,706,1.0158273381294964,27,15.87279843444227,5,441,0.0,2418.319294809011,660,694,5.421875,0.25892874218749284,True
0.9,124,33691,1024,4989,624,34,658,5.140625,4.8720703125,3203,0.3909912109375,724,0.2260380892912894,5945.6884765625,50.3056640625,10.388782101957881,0.205876370551127,0.08837890625,0.25359152109375316,0.246734764843751,624,635,1.017628205128205,157,11.076071922544951,5,612,0.0,6058.094527363184,612,646,5.046875,0.25892874218749284,True
0.9,125,33872,1024,6836,855,34,889,6.9453125,6.67578125,1356,0.16552734375,294,0.2168141592920354,2091.515625,19.84765625,14.926192474731678,0.3915995295469663,0.035888671875,0.25359152109375316,0.246734764843751,855,866,1.0128654970760234,27,26.69283276450512,3,260,0.0,2097.6611165523996,840,874,6.828125,0.25892874218749284,True
0.9,126,46987,1024,4808,601,34,635,4.9609375,4.6953125,3384,0.4130859375,429,0.12677304964539007,1239.671875,15.33203125,17.197736125883676,0.3861689121674778,0.0523681640625,0.25359152109375316,0.246734764843751,601,612,1.0183028286189684,181,18.44392523364486,4,338,0.0,1266.8902195608782,578,612,4.78125,0.25892874218749284,True
0.9,127,26772,1024,6184,773,34,807,6.3046875,6.0390625,2008,0.2451171875,250,0.12450199203187251,1617.125,15.421875,16.04336769711007,0.5587833917816194,0.030517578125,0.25359152109375316,0.246734764843751,773,784,1.0142302716688227,211,32.02008032128514,4,213,0.0,1659.254509018036,745,779,6.0859375,0.25892874218749284,True
0.9,128,7057,1024,5541,693,34,727,5.6796875,5.4111328125,2651,0.3236083984375,527,0.1987929083364768,2541.31640625,26.599609375,14.08021620676362,0.4596709270719473,0.0643310546875,0.25359152109375316,0.246734764843751,693,704,1.0158730158730158,99,15.374524714828897,3,438,0.0,2571.4505928853755,658,692,5.40625,0.25892874218749284,True
0.9,129,30014,1024,49,7,34,41,0.3203125,0.0478515625,8143,0.9940185546875,3977,0.48839494043964143,4116.529296875,56.73046875,11.985491502844976,0.07682067510819864,0.4854736328125,0.25359152109375316,0.246734764843751,7,15,2.142857142857143,18,2.055583501006036,10,2066,0.0,4124.585127201565,11,45,0.3515625,0.25892874218749284,True
0.9,130,48237,1024,5577,698,34,732,5.71875,5.4462890625,2615,0.3192138671875,208,0.07954110898661568,384.53125,6.203125,22.281487211489953,0.6169239393696873,0.025390625,0.25359152109375316,0.246734764843751,698,709,1.015759312320917,81,38.73913043478261,3,171,0.0,388.32347140039445,671,705,5.5078125,0.25892874218749284,True
0.9,131,4823,1024,5246,656,34,690,5.390625,5.123046875,2946,0.359619140625,939,0.31873727087576376,2995.228515625,32.11328125,13.366503991545724,0.30177434992927676,0.1146240234375,0.25359152109375316,0.246734764843751,656,667,1.016768292682927,43,8.683368869936034,4,690,0.0,3009.9254170755644,657,691,5.3984375,0.25892874218749284,True
0.9,132,26627,1024,6156,770,34,804,6.28125,6.01171875,2036,0.24853515625,438,0.2151277013752456,2178.078125,22.84765625,14.750069075565605,0.4374447858186674,0.053466796875,0.25359152109375316,0.246734764843751,770,781,1.0142857142857142,51,18.54004576659039,3,363,0.0,2190.9155206286837,756,790,6.171875,0.25892874218749284,True
0.9,133,12293,1024,6886,861,34,895,6.9921875,6.724609375,1306,0.159423828125,182,0.13935681470137826,1066.375,11.109375,17.85170405903702,0.6437728101214052,0.022216796875,0.25359152109375316,0.246734764843751,861,872,1.0127758420441346,11,45.16022099447514,2,161,0.0,1067.4173998044967,846,880,6.875,0.25892874218749284,True
0.9,134,32803,1024,5056,632,34,666,5.203125,4.9375,3136,0.3828125,428,0.1364795918367347,411.984375,10.03515625,21.981996156599187,0.45989284435111816,0.05224609375,0.25359152109375316,0.246734764843751,632,643,1.0174050632911393,34,19.039812646370024,5,365,0.0,413.6,624,658,5.140625,0.25892874218749284,True
0.9,135,41882,1024,4850,607,34,641,5.0078125,4.736328125,3342,0.407958984375,763,0.22830640335128666,2948.6640625,33.22265625,13.434550641089436,0.30129481436812094,0.0931396484375,0.25359152109375316,0.246734764843751,607,618,1.0181219110378912,211,10.464566929133857,5,610,0.0,3025.482965931864,585,619,4.8359375,0.25892874218749284,True
0.9,136,10235,1024,5855,732,34,766,5.984375,5.7177734375,2337,0.2852783203125,326,0.13949507916131793,1696.703125,16.37109375,15.834745011391028,0.38830450477208545,0.039794921875,0.25359152109375316,0.246734764843751,732,743,1.0150273224043715,25,25.064615384615383,4,259,0.0,1701.688540646425,718,752,5.875,0.25892874218749284,True
0.9,137,30033,1024,6269,784,34,818,6.390625,6.1220703125,1923,0.2347412109375,286,0.14872594903796152,1668.92578125,15.876953125,15.906433372565365,0.5784901171319121,0.034912109375,0.25359152109375316,0.246734764843751,784,795,1.0140306122448979,20,28.635087719298244,4,252,0.0,1672.1917808219177,777,811,6.3359375,0.25892874218749284,True
0.9,138,20042,1024,6439,805,34,839,6.5546875,6.2880859375,1753,0.2139892578125,250,0.1426126640045636,1586.03125,15.3671875,16.1276862078112,0.6562101135043297,0.030517578125,0.25359152109375316,0.246734764843751,805,816,1.013664596273292,20,32.795180722891565,3,222,0.0,1589.1350293542075,776,810,6.328125,0.25892874218749284,True
0.9,139,29399,1024,5474,685,34,719,5.6171875,5.345703125,2718,0.331787109375,618,0.22737306843267108,2772.421875,27.82421875,13.702210440032305,0.27090973806287066,0.075439453125,0.25359152109375316,0.246734764843751,685,696,1.0160583941605839,11,13.144246353322528,5,475,0.0,2775.131964809384,684,718,5.609375,0.25892874218749284,True
0.9,140,6463,1024,6770,847,34,881,6.8828125,6.611328125,1422,0.173583984375,186,0.1308016877637131,711.875,9.03125,19.606766194447346,0.5575516423939014,0.022705078125,0.25359152109375316,0.246734764843751,847,858,1.0129870129870129,67,43.497297297297294,2,166,0.0,717.4803149606299,845,879,6.8671875,0.25892874218749284,True
0.9,141,25920,1024,4544,568,34,602,4.703125,4.4375,3648,0.4453125,530,0.14528508771929824,724.0498046875,9.3779296875,19.53311920144497,0.7178615857647743,0.064697265625,0.25359152109375316,0.246734764843751,568,579,1.0193661971830985,257,14.982986767485823,5,405,0.0,747.40625,519,553,4.3203125,0.25892874218749284,True
0.9,142,10327,1024,10,2,34,36,0.28125,0.009765625,8182,0.998779296875,4214,0.515032999266683,22041.005859375,140.28125,4.698489508511291,0.03909978369539226,0.514404296875,0.25359152109375316,0.246734764843751,2,10,5.0,12,1.9406598623308806,9,2191,0.0,22062.551319648093,4,38,0.296875,0.25892874218749284,True
0.9,143,3805,1024,5623,703,34,737,5.7578125,5.4912109375,2569,0.3135986328125,553,0.21525885558583105,1082.26171875,13.58203125,17.787480638085366,0.5333849242671352,0.0675048828125,0.25359152109375316,0.246734764843751,703,714,1.0156472261735419,76,14.701086956521738,4,472,0.0,1091.8581280788178,677,711,5.5546875,0.25892874218749284,True
0.9,144,37879,1024,3578,448,34,482,3.765625,3.494140625,4614,0.563232421875,1093,0.23688773298656263,3549.078125,43.2421875,12.629648013955055,0.2764577824574451,0.1334228515625,0.25359152109375316,0.246734764843751,448,459,1.0245535714285714,116,7.38919413919414,5,944,0.0,3598.273267326733,397,431,3.3671875,0.25892874218749284,True
0.9,145,22721,1024,5538,693,34,727,5.6796875,5.408203125,2654,0.323974609375,278,0.10474755086661643,1460.3125,14.7578125,16.48634558163503,0.3480981246118883,0.033935546875,0.25359152109375316,0.246734764843751,693,704,1.0158730158730158,803,26.425992779783392,5,237,0.0,1618.3549783549784,658,692,5.40625,0.25892874218749284,True
0.9,146,43932,1024,6223,778,34,812,6.34375,6.0771484375,1969,0.2403564453125,294,0.14931437277805992,1992.515625,18.16796875,15.136786251161103,0.7525382108003945,0.035888671875,0.25359152109375316,0.246734764843751,778,789,1.0141388174807198,35,27.4641638225256,3,247,0.0,2000.3294117647058,742,776,6.0625,0.25892874218749284,True
0.9,147,47270,1024,6317,790,34,824,6.4375,6.1689453125,1875,0.2288818359375,379,0.20213333333333333,2942.328125,26.62890625,13.443892577616804,0.495631751792866,0.0462646484375,0.25359152109375316,0.246734764843751,790,801,1.0139240506329115,27,21.584656084656086,3,342,0.0,2950.973555337904,782,816,6.375,0.25892874218749284,True
0.9,148,11091,1024,5226,654,34,688,5.375,5.103515625,2966,0.362060546875,447,0.150708024275118,1275.875,16.015625,17.072722330889142,0.3558774085522117,0.0545654296875,0.25359152109375316,0.246734764843751,654,665,1.0168195718654434,17,17.87219730941704,5,338,0.0,1278.371819960861,616,650,5.078125,0.25892874218749284,True
0.9,149,9736,1024,5912,739,34,773,6.0390625,5.7734375,2280,0.2783203125,374,0.16403508771929826,1430.921875,15.11328125,16.574644379275686,0.46937177083267234,0.045654296875,0.25359152109375316,0.246734764843751,739,750,1.0148849797023005,128,21.587131367292226,4,285,0.0,1453.6349206349207,725,759,5.9296875,0.25892874218749284,True
0.9,150,23206,1024,4822,603,34,637,4.9765625,4.708984375,3370,0.411376953125,776,0.23026706231454006,1524.6484375,22.94140625,16.299106478444912,0.3268266858519337,0.0947265625,0.25359152109375316,0.246734764843751,603,614,1.0182421227197347,29,10.494193548387097,5,570,0.0,1529.128305582762,602,636,4.96875,0.25892874218749284,True
0.9,151,25039,1024,6947,869,34,903,7.0546875,6.7841796875,1245,0.1519775390625,212,0.17028112449799196,1490.5,15.125,16.397483804992607,0.3941740892644634,0.02587890625,0.25359152109375316,0.246734764843751,869,880,1.0126582278481013,138,37.687203791469194,2,201,0.0,1515.6623634558093,858,892,6.96875,0.25892874218749284,True
0.9,152,21014,1024,10,2,34,36,0.28125,0.009765625,8182,0.998779296875,2912,0.3559032021510633,17491.58984375,96.634765625,5.702510757466874,0.045170081610979684,0.35546875,0.25359152109375316,0.246734764843751,2,10,5.0,87,2.750944692545517,8,1577,0.0,17664.090729783038,4,38,0.296875,0.25892874218749284,True
0.9,153,32412,1024,6393,800,34,834,6.515625,6.2431640625,1799,0.2196044921875,510,0.28349082823790994,2936.08203125,28.716796875,13.453121756928352,0.19150865994546665,0.062255859375,0.25359152109375316,0.246734764843751,800,811,1.01375,10,16.045186640471513,3,434,0.0,2938.952101661779,797,831,6.4921875,0.25892874218749284,True
0.9,154,34022,1024,4308,539,34,573,4.4765625,4.20703125,3884,0.47412109375,799,0.2057157569515963,565.162109375,11.9453125,20.609073234751246,0.5514345854607117,0.0975341796875,0.25359152109375316,0.246734764843751,539,550,1.0204081632653061,501,9.573934837092732,7,585,0.0,601.5862785862786,527,561,4.3828125,0.25892874218749284,True
0.9,155,21369,1024,4644,581,34,615,4.8046875,4.53515625,3548,0.43310546875,820,0.23111612175873733,2345.0595703125,22.9794921875,14.429264815228182,0.36052560134281075,0.10009765625,0.25359152109375316,0.246734764843751,581,592,1.0189328743545611,260,8.328449328449329,5,552,0.0,2420.7066532258063,544,578,4.515625,0.25892874218749284,True
0.9,156,41654,1024,6050,757,34,791,6.1796875,5.908203125,2142,0.261474609375,472,0.2203548085901027,1903.3837890625,21.9833984375,15.335539947212414,0.43441294794139274,0.0576171875,0.25359152109375316,0.246734764843751,757,768,1.0145310435931307,58,17.15711252653928,4,397,0.0,1916.4847590953786,742,776,6.0625,0.25892874218749284,True
0.9,157,11953,1024,24,3,34,37,0.2890625,0.0234375,8168,0.9970703125,3900,0.47747306562193925,24389.4130859375,139.6611328125,4.258790114195175,0.06421956584652258,0.47607421875,0.25359152109375316,0.246734764843751,3,11,3.6666666666666665,55,2.0861759425493718,8,2017,0.0,24533.162082514737,6,40,0.3125,0.25892874218749284,True
0.9,158,13700,1024,6035,755,34,789,6.1640625,5.8935546875,2157,0.2633056640625,274,0.12702828001854427,948.640625,10.95703125,18.359786417374448,0.7213753622375907,0.033447265625,0.25359152109375316,0.246734764843751,755,766,1.014569536423841,68,29.01098901098901,4,193,0.0,956.1102362204724,717,751,5.8671875,0.25892874218749284,True
0.9,159,38205,1024,4999,625,34,659,5.1484375,4.8818359375,3193,0.3897705078125,750,0.23488881929220168,2617.2734375,34.3671875,13.952312632972308,0.39387124830256764,0.091552734375,0.25359152109375316,0.246734764843751,625,636,1.0176,257,10.285714285714286,4,656,0.0,2701.701612903226,608,642,5.015625,0.25892874218749284,True
0.9,160,40129,1024,5294,662,34,696,5.4375,5.169921875,2898,0.353759765625,162,0.055900621118012424,182.921875,4.02734375,25.508147164974456,0.7495939941534479,0.019775390625,0.25359152109375316,0.246734764843751,662,673,1.0166163141993958,147,48.40372670807454,3,136,0.0,186.1948310139165,615,649,5.0703125,0.25892874218749284,True
0.9,161,17080,1024,705,89,34,123,0.9609375,0.6884765625,7487,0.9139404296875,3188,0.42580472819553894,1873.7490234375,30.2431640625,15.403689413575734,0.11611303422210545,0.38916015625,0.25359152109375316,0.246734764843751,89,100,1.1235955056179776,93,2.540633824913712,16,1513,0.0,1894.095755182626,70,104,0.8125,0.25892874218749284,True
0.9,162,1505,1024,6149,769,34,803,6.2734375,6.0048828125,2043,0.2493896484375,379,0.18551150269211944,2798.66015625,23.474609375,13.661301959587686,0.47605998989846005,0.0462646484375,0.25359152109375316,0.246734764843751,769,780,1.0143042912873863,147,21.206349206349206,4,321,0.0,2848.7355864811134,766,800,6.25,0.25892874218749284,True
0.9,163,36391,1024,6325,791,34,825,6.4453125,6.1767578125,1867,0.2279052734375,304,0.1628280664167113,1580.3125,16.390625,16.143373855552717,0.5482265840606015,0.037109375,0.25359152109375316,0.246734764843751,791,802,1.013906447534766,11,26.848184818481847,3,272,0.0,1581.8572825024437,766,800,6.25,0.25892874218749284,True
0.9,164,24660,1024,6141,768,34,802,6.265625,5.9970703125,2051,0.2503662109375,448,0.21843003412969283,2771.25,26.078125,13.70404654745366,0.32701117994767587,0.0546875,0.25359152109375316,0.246734764843751,768,779,1.0143229166666667,163,17.876957494407158,3,372,0.0,2826.4541832669324,748,782,6.109375,0.25892874218749284,True
0.9,165,24061,1024,68,9,34,43,0.3359375,0.06640625,8124,0.99169921875,3060,0.3766617429837518,4361.21484375,48.013671875,11.734728792949573,0.15001841347452063,0.37353515625,0.25359152109375316,0.246734764843751,9,17,1.8888888888888888,22,2.6701536449820202,8,1855,0.0,4369.749510763209,8,42,0.328125,0.25892874218749284,True
0.9,166,10964,1024,4726,591,34,625,4.8828125,4.615234375,3466,0.423095703125,455,0.13127524523946912,832.0546875,13.33203125,18.929284892659464,0.6283814903474346,0.0555419921875,0.25359152109375316,0.246734764843751,591,602,1.0186125211505923,69,17.389867841409693,4,355,0.0,838.6062992125984,561,595,4.6484375,0.25892874218749284,True
0.9,167,20807,1024,6584,823,34,857,6.6953125,6.4296875,1608,0.1962890625,292,0.18159203980099503,2202.1875,20.1328125,14.702260676905482,0.5596795702049776,0.03564453125,0.25359152109375316,0.246734764843751,823,834,1.0133657351154313,9,28.096219931271477,3,264,0.0,2204.3401759530793,797,831,6.4921875,0.25892874218749284,True
0.9,168,33388,1024,6976,872,34,906,7.078125,6.8125,1216,0.1484375,259,0.21299342105263158,2312.25,20.8125,14.49045572749702,0.5193892623571965,0.0316162109375,0.25359152109375316,0.246734764843751,872,883,1.0126146788990826,90,31.15891472868217,3,240,0.0,2337.3583415597236,864,898,7.015625,0.25892874218749284,True
0.9,169,34571,1024,80,10,34,44,0.34375,0.078125,8112,0.990234375,3882,0.47855029585798814,23183.150390625,121.2109375,4.479079083474536,0.02701972560748303,0.473876953125,0.25359152109375316,0.246734764843751,10,18,1.8,86,2.0883792836897705,10,1805,0.0,23411.78106508876,13,47,0.3671875,0.25892874218749284,True
0.9,170,21194,1024,5998,750,34,784,6.125,5.857421875,2194,0.267822265625,387,0.1763901549680948,1254.4765625,15.86328125,17.146178091048892,0.3787272838733945,0.0472412109375,0.25359152109375316,0.246734764843751,750,761,1.0146666666666666,18,21.16321243523316,3,327,0.0,1256.9315068493152,743,777,6.0703125,0.25892874218749284,True
0.9,171,32696,1024,5785,724,34,758,5.921875,5.6494140625,2407,0.2938232421875,432,0.17947652679684253,2204.734375,20.25390625,14.6972408743625,0.5313164962532411,0.052734375,0.25359152109375316,0.246734764843751,724,735,1.0151933701657458,9,18.858468677494198,4,330,0.0,2206.88954056696,710,744,5.8125,0.25892874218749284,True
0.9,172,46005,1024,2238,280,34,314,2.453125,2.185546875,5954,0.726806640625,1478,0.2482364796775277,525.064453125,13.34375,20.928677433316054,0.3977666091199907,0.180419921875,0.25359152109375316,0.246734764843751,280,291,1.0392857142857144,2684,3.7285037237643874,8,923,0.0,780.3570391872279,230,264,2.0625,0.25892874218749284,True
0.9,173,19269,1024,3222,403,34,437,3.4140625,3.146484375,4970,0.606689453125,742,0.14929577464788732,731.7529296875,11.0654296875,19.487158909925995,0.46138491274158616,0.090576171875,0.25359152109375316,0.246734764843751,403,414,1.0272952853598014,87,10.932523616734143,5,546,0.0,738.9694280078895,390,424,3.3125,0.25892874218749284,True
0.9,174,5503,1024,6777,848,34,882,6.890625,6.6181640625,1415,0.1727294921875,306,0.21625441696113074,2479.296875,20.58984375,14.187518278658033,0.5945948325619139,0.037353515625,0.25359152109375316,0.246734764843751,848,859,1.0129716981132075,33,26.7344262295082,4,262,0.0,2489.0196078431372,839,873,6.8203125,0.25892874218749284,True
0.9,175,32979,1024,5222,653,34,687,5.3671875,5.099609375,2970,0.362548828125,562,0.1892255892255892,2347.1875,24.1953125,14.425325772076086,0.5532723968868867,0.068603515625,0.25359152109375316,0.246734764843751,653,664,1.0168453292496171,9,14.577540106951872,4,457,0.0,2349.481915933529,634,668,5.21875,0.25892874218749284,True
0.9,176,32764,1024,6308,789,34,823,6.4296875,6.16015625,1884,0.22998046875,494,0.262208067940552,3044.296875,28.98828125,13.295933589955482,0.4971032494728424,0.060302734375,0.25359152109375316,0.246734764843751,789,800,1.0139416983523448,92,16.419878296146045,4,402,0.0,3077.3543928923987,769,803,6.2734375,0.25892874218749284,True
0.9,177,36396,1024,4986,624,34,658,5.140625,4.869140625,3206,0.391357421875,546,0.1703056768558952,591.81640625,8.939453125,20.408933604267332,0.6273163403405743,0.066650390625,0.25359152109375316,0.246734764843751,624,635,1.017628205128205,84,14.869724770642202,6,325,0.0,597.6528599605523,602,636,4.96875,0.25892874218749284,True
0.9,178,16139,1024,2705,339,34,373,2.9140625,2.6416015625,5487,0.6697998046875,1270,0.23145616912702752,1856.734375,19.916015625,15.443305829886809,0.5068293034733384,0.155029296875,0.25359152109375316,0.246734764843751,339,327,0.9646017699115044,261,6.249014972419228,4,1029,0.0,1916.6290322580646,276,310,2.421875,0.25892874218749284,True
0.9,179,32110,1024,29,4,34,38,0.296875,0.0283203125,8163,0.9964599609375,3369,0.41271591326718116,18414.279296875,107.662109375,5.479256348811755,0.08405991310978998,0.4112548828125,0.25359152109375316,0.246734764843751,4,12,3.0,173,2.3803444180522564,9,1778,0.0,18799.82253240279,5,39,0.3046875,0.25892874218749284,True
0.9,180,37930,1024,5174,647,34,681,5.3203125,5.052734375,3018,0.368408203125,811,0.26872100728959575,2778.185546875,29.220703125,13.693191132413425,0.5144761964807637,0.0989990234375,0.25359152109375316,0.246734764843751,647,658,1.017001545595054,77,9.99753086419753,5,611,0.0,2802.8197044334975,637,671,5.2421875,0.25892874218749284,True
0.9,181,5624,1024,6315,790,34,824,6.4375,6.1669921875,1877,0.2291259765625,277,0.14757591901971231,1018.578125,11.43359375,18.05086015842795,0.5633336698867489,0.0338134765625,0.25359152109375316,0.246734764843751,790,801,1.0139240506329115,106,29.10144927536232,4,224,0.0,1031.675568743818,767,801,6.2578125,0.25892874218749284,True
0.9,182,37946,1024,5381,673,34,707,5.5234375,5.2548828125,2811,0.3431396484375,518,0.18427605834222696,3400.171875,28.25390625,12.81579490155817,0.2651110809841133,0.063232421875,0.25359152109375316,0.246734764843751,673,684,1.0163447251114412,28,15.332688588007738,5,404,0.0,3410.1625857002937,652,686,5.359375,0.25892874218749284,True
0.9,183,6616,1024,6592,824,34,858,6.703125,6.4375,1600,0.1953125,256,0.16,1165.1875,12.8984375,17.466845439494783,0.636564344356713,0.03125,0.25359152109375316,0.246734764843751,824,835,1.0133495145631068,18,31.972549019607843,3,229,0.0,1167.46771037182,812,846,6.609375,0.25892874218749284,True
0.9,184,11706,1024,5648,706,34,740,5.78125,5.515625,2544,0.310546875,524,0.2059748427672956,2988.92578125,29.080078125,13.375652297676613,0.33670325796226097,0.06396484375,0.25359152109375316,0.246734764843751,706,717,1.0155807365439093,203,15.248565965583174,4,459,0.0,3063.7237237237237,705,739,5.7734375,0.25892874218749284,True
0.9,185,10558,1024,13,2,34,36,0.28125,0.0126953125,8179,0.9984130859375,3045,0.3722949015772099,10764.248046875,72.060546875,7.810966639586658,0.1145221320208086,0.3717041015625,0.25359152109375316,0.246734764843751,2,10,5.0,108,2.644875164257556,8,1690,0.0,10902.660731948567,5,39,0.3046875,0.25892874218749284,True
0.9,186,18351,1024,10,2,34,36,0.28125,0.009765625,8182,0.998779296875,2574,0.3145930090442435,9704.8349609375,70.2744140625,8.260922066317915,0.038040394839714185,0.314208984375,0.25359152109375316,0.246734764843751,2,10,5.0,71,3.1496307811892734,8,1489,0.0,9781.250984251968,4,38,0.296875,0.25892874218749284,True
0.9,187,15023,1024,27,4,34,38,0.296875,0.0263671875,8165,0.9967041015625,3753,0.4596448254745866,17155.4453125,122.404296875,5.786783651296732,0.1438727757346099,0.4581298828125,0.25359152109375316,0.246734764843751,4,12,3.0,239,2.119136460554371,8,1931,0.0,17655.453266331657,5,39,0.3046875,0.25892874218749284,True
0.9,188,9490,1024,4892,612,34,646,5.046875,4.77734375,3300,0.40283203125,614,0.18606060606060607,963.953125,17.52734375,18.29024445272967,0.389921036963996,0.074951171875,0.25359152109375316,0.246734764843751,612,623,1.0179738562091503,275,12.905383360522023,5,490,0.0,997.0585858585858,596,630,4.921875,0.25892874218749284,True
0.9,189,6355,1024,5231,654,34,688,5.375,5.1083984375,2961,0.3614501953125,576,0.1945288753799392,1280.41015625,18.240234375,17.05731250545895,0.3165507160630296,0.0703125,0.25359152109375316,0.246734764843751,654,665,1.0168195718654434,8,14.081739130434782,4,475,0.0,1281.661779081134,639,673,5.2578125,0.25892874218749284,True
0.9,190,8857,1024,3499,438,34,472,3.6875,3.4169921875,4693,0.5728759765625,716,0.1525676539526955,594.87890625,9.767578125,20.386517912733257,0.585795277031299,0.08740234375,0.25359152109375316,0.246734764843751,438,449,1.0251141552511416,238,10.851748251748251,4,430,0.0,612.2170854271357,392,426,3.328125,0.25892874218749284,True
0.9,191,31811,1024,4693,587,34,621,4.8515625,4.5830078125,3499,0.4271240234375,859,0.24549871391826236,4086.8291015625,36.5556640625,12.01693883616356,0.4322954223516352,0.1048583984375,0.25359152109375316,0.246734764843751,587,598,1.018739352640545,212,9.293706293706293,5,670,0.0,4193.299599198397,558,592,4.625,0.25892874218749284,True
0.9,192,10400,1024,6443,806,34,840,6.5625,6.2919921875,1749,0.2135009765625,220,0.12578616352201258,1200.3125,12.0546875,17.3378603202264,0.37649101265083873,0.02685546875,0.25906584843750124,0.25864348125000447,806,817,1.0136476426799008,20,36.817351598173516,4,179,0.0,1202.6614481409001,785,819,6.3984375,0.2642274632812587,True
0.9,193,275,1024,5970,747,34,781,6.1015625,5.830078125,2222,0.271240234375,215,0.09675967596759676,1033.92578125,11.201171875,17.985909961432956,0.7528502874019222,0.0262451171875,0.25906584843750124,0.25864348125000447,747,758,1.0147255689424364,25,36.981308411214954,3,190,0.0,1036.9637610186091,708,742,5.796875,0.2642274632812587,True
0.9,194,26152,1024,10,2,34,36,0.28125,0.009765625,8182,0.998779296875,3706,0.45294549010022,18343.6904296875,117.4931640625,5.495936482897765,0.05140453878207003,0.452392578125,0.25906584843750124,0.25864348125000447,2,10,5.0,287,2.1333333333333333,8,1888,0.0,18992.86046511628,4,38,0.296875,0.2642274632812587,True
0.9,195,13037,1024,29,4,34,38,0.296875,0.0283203125,8163,0.9964599609375,3315,0.40610069827269385,15558.7490234375,92.7080078125,6.211056855702025,0.04812241838354491,0.4046630859375,0.25906584843750124,0.25864348125000447,4,12,3.0,262,2.392576946288473,14,1655,0.0,16060.644153225807,5,39,0.3046875,0.2642274632812587,True
0.9,196,41203,1024,6495,812,34,846,6.609375,6.3427734375,1697,0.2071533203125,237,0.13965822038892162,1027.5,12.0625,18.012985303198036,0.5715538463089903,0.0289306640625,0.25906584843750124,0.25864348125000447,812,823,1.0135467980295567,147,34.063559322033896,3,200,0.0,1045.8846918489066,799,833,6.5078125,0.2642274632812587,True
0.9,197,43709,1024,4343,543,34,577,4.5078125,4.2412109375,3849,0.4698486328125,419,0.10885944401143154,554.72265625,8.521484375,20.690044569623605,0.6401744054469681,0.0511474609375,0.25906584843750124,0.25864348125000447,543,554,1.0202578268876612,67,19.425837320574164,5,312,0.0,559.0905511811023,521,555,4.3359375,0.2642274632812587,True
0.9,198,43572,1024,5075,635,34,669,5.2265625,4.9560546875,3117,0.3804931640625,697,0.22361244786653833,3116.53515625,29.076171875,13.194083305289473,0.2461041480312075,0.0850830078125,0.25906584843750124,0.25864348125000447,635,646,1.0173228346456693,11,11.745689655172415,5,566,0.0,3119.581622678397,643,677,5.2890625,0.2642274632812587,True
0.9,199,23390,1024,6182,773,34,807,6.3046875,6.037109375,2010,0.245361328125,264,0.13134328358208955,585.5,8.484375,20.455534614595283,0.7333880870538189,0.0322265625,0.25906584843750124,0.25864348125000447,773,784,1.0142302716688227,144,30.277566539923953,4,195,0.0,595.9761431411531,755,789,6.1640625,0.2642274632812587,True
0.925,0,712,1024,6253,782,34,816,6.375,6.1064453125,1939,0.2366943359375,315,0.1624548736462094,2360.453125,21.26953125,14.40084980441231,0.46425869260807406,0.0384521484375,0.25906584843750124,0.25864348125000447,782,793,1.014066496163683,20,25.87579617834395,5,266,0.0,2365.0724070450096,739,773,6.0390625,0.2642274632812587,True
0.925,1,24774,1024,6368,796,34,830,6.484375,6.21875,1824,0.22265625,272,0.14912280701754385,1260.625,14.53125,17.124944453110697,0.6556927790717739,0.033203125,0.25906584843750124,0.25864348125000447,796,807,1.013819095477387,116,29.774907749077492,4,226,0.0,1278.09900990099,737,771,6.0234375,0.2642274632812587,True
0.925,2,45142,1024,6836,855,34,889,6.9453125,6.67578125,1356,0.16552734375,127,0.09365781710914454,661.75,7.921875,19.923864108945246,0.6474712863712078,0.0155029296875,0.25906584843750124,0.25864348125000447,855,866,1.0128654970760234,34,63.94444444444444,2,120,0.0,664.3450980392157,830,864,6.75,0.2642274632812587,True
0.925,3,27119,1024,24,3,34,37,0.2890625,0.0234375,8168,0.9970703125,2526,0.3092556317335945,13518.2470703125,72.7685546875,6.821599811740478,0.07200113923667299,0.308349609375,0.25906584843750124,0.25864348125000447,3,11,3.6666666666666665,12,3.2392079207920794,35,1202,0.0,13531.46138807429,7,41,0.3203125,0.2642274632812587,True
0.925,4,21139,1024,6187,774,34,808,6.3125,6.0419921875,2005,0.2447509765625,170,0.08478802992518704,760.015625,8.96484375,19.322578399272178,0.7705631112454497,0.020751953125,0.25906584843750124,0.25864348125000447,774,785,1.0142118863049097,20,45.9585798816568,3,155,0.0,761.5029354207436,692,726,5.671875,0.2642274632812587,True
0.925,5,19129,1024,5927,741,34,775,6.0546875,5.7880859375,2265,0.2764892578125,260,0.11479028697571744,810.46875,10.6015625,19.043440868582124,0.614691943517699,0.03173828125,0.25906584843750124,0.25864348125000447,741,752,1.0148448043184886,61,31.18918918918919,4,216,0.0,816.047197640118,697,731,5.7109375,0.2642274632812587,True
0.925,6,6433,1024,5676,710,34,744,5.8125,5.54296875,2516,0.30712890625,186,0.0739268680445151,553.265625,7.55078125,20.701466730079588,0.4990901121658929,0.022705078125,0.25906584843750124,0.25864348125000447,710,721,1.0154929577464789,51,42.5945945945946,3,155,0.0,556.5265225933202,649,683,5.3359375,0.2642274632812587,True
0.925,7,38854,1024,6206,776,34,810,6.328125,6.060546875,1986,0.242431640625,286,0.14400805639476336,2024.28125,18.4296875,15.068095084129371,0.580792489250437,0.034912109375,0.25906584843750124,0.25864348125000447,776,787,1.0141752577319587,45,27.975438596491227,4,258,0.0,2034.2139352306183,726,760,5.9375,0.2642274632812587,True
0.925,8,22489,1024,6561,821,34,855,6.6796875,6.4072265625,1631,0.1990966796875,159,0.09748620478234211,1286.0625,11.6171875,17.03818285945686,0.724154678944713,0.0194091796875,0.25906584843750124,0.25864348125000447,821,832,1.0133982947624847,74,49.835443037974684,3,135,0.0,1297.4660098522168,753,787,6.1484375,0.2642274632812587,True
0.925,9,31104,1024,5264,658,34,692,5.40625,5.140625,2928,0.357421875,460,0.15710382513661203,1703.99609375,19.154296875,15.816117660151425,0.6832774604243008,0.05615234375,0.25906584843750124,0.25864348125000447,658,669,1.0167173252279635,114,17.58169934640523,4,381,0.0,1727.6158415841585,607,641,5.0078125,0.2642274632812587,True
0.925,10,21349,1024,6508,814,34,848,6.625,6.35546875,1684,0.20556640625,150,0.08907363420427554,446.703125,5.91796875,21.630613701925597,0.6250707677107467,0.018310546875,0.25906584843750124,0.25864348125000447,814,825,1.0135135135135136,72,53.42953020134228,3,108,0.0,450.664039408867,780,814,6.359375,0.2642274632812587,True
0.925,11,29116,1024,5777,723,34,757,5.9140625,5.6416015625,2415,0.2947998046875,333,0.13788819875776398,1617.91796875,15.439453125,16.04123862517705,0.6405042356960495,0.0406494140625,0.25906584843750124,0.25864348125000447,723,734,1.0152143845089903,140,23.650602409638555,4,250,0.0,1645.2313803376364,685,719,5.6171875,0.2642274632812587,True
0.925,12,10772,1024,6937,868,34,902,7.046875,6.7744140625,1255,0.1531982421875,158,0.1258964143426295,1100.640625,10.64453125,17.71434822147711,0.7638980632549655,0.019287109375,0.25906584843750124,0.25864348125000447,868,879,1.012672811059908,24,50.45859872611465,3,146,0.0,1103.8746327130264,825,859,6.7109375,0.2642274632812587,True
0.925,13,18332,1024,6930,867,34,901,7.0390625,6.767578125,1262,0.154052734375,100,0.07923930269413629,593.25,6.578125,20.39842613978534,0.7987447601571969,0.01220703125,0.25906584843750124,0.25864348125000447,867,878,1.0126874279123415,514,73.27272727272727,3,94,0.0,632.8,807,841,6.5703125,0.2642274632812587,True
0.925,14,1003,1024,6657,833,34,867,6.7734375,6.5009765625,1535,0.1873779296875,259,0.16872964169381108,1302.4375,13.8046875,16.983234688628535,0.6451000691675332,0.0316162109375,0.25906584843750124,0.25864348125000447,833,844,1.0132052821128452,35,31.189922480620154,4,195,0.0,1307.5450980392156,786,820,6.40625,0.2642274632812587,True
0.925,15,22156,1024,6649,832,34,866,6.765625,6.4931640625,1543,0.1883544921875,125,0.08101101749837979,717.6875,8.1171875,19.571449786989902,0.7670293369977441,0.0152587890625,0.25906584843750124,0.25864348125000447,832,843,1.0132211538461537,51,64.19354838709677,2,120,0.0,721.9174852652259,789,823,6.4296875,0.2642274632812587,True
0.925,16,26453,1024,6053,757,34,791,6.1796875,5.9111328125,2139,0.2611083984375,134,0.06264609630668537,675.5,6.4375,19.83455007509861,0.7708230522853585,0.016357421875,0.25906584843750124,0.25864348125000447,757,768,1.0145310435931307,226,58.954887218045116,4,113,0.0,694.4899598393574,696,730,5.703125,0.2642274632812587,True
0.925,17,17039,1024,6062,758,34,792,6.1875,5.919921875,2130,0.260009765625,160,0.07511737089201878,205.203125,4.17578125,25.00896390588357,0.7445441012132697,0.01953125,0.25906584843750124,0.25864348125000447,758,769,1.0145118733509235,10,50.509433962264154,3,134,0.0,205.4037145650049,708,742,5.796875,0.2642274632812587,True
0.925,18,7166,1024,6154,770,34,804,6.28125,6.009765625,2038,0.248779296875,216,0.10598626104023552,1161.03125,11.8984375,17.482364516203685,0.6795908444274963,0.0263671875,0.25906584843750124,0.25864348125000447,770,781,1.0142857142857142,67,37.76744186046512,4,188,0.0,1170.1732283464567,713,747,5.8359375,0.2642274632812587,True
0.925,19,48310,1024,177,23,34,57,0.4453125,0.1728515625,8015,0.9783935546875,3504,0.43718028696194633,11713.5048828125,88.9560546875,7.443934979462298,0.08121129830353857,0.427734375,0.25906584843750124,0.25864348125000447,23,32,1.391304347826087,55,2.3225806451612905,8,2056,0.0,11782.54322200393,22,56,0.4375,0.2642274632812587,True
0.925,20,12187,1024,5016,627,34,661,5.1640625,4.8984375,3176,0.3876953125,246,0.07745591939546599,825.40625,9.3359375,18.964126078236838,0.6327772183056473,0.030029296875,0.25906584843750124,0.25864348125000447,627,638,1.0175438596491229,259,28.96734693877551,4,194,0.0,852.0322580645161,561,595,4.6484375,0.2642274632812587,True
0.925,21,20284,1024,5026,629,34,663,5.1796875,4.908203125,3166,0.386474609375,218,0.06885660138976626,1190.703125,11.06640625,17.37276867433849,0.6699311898269975,0.026611328125,0.25906584843750124,0.25864348125000447,629,640,1.0174880763116056,147,36.276497695852534,4,186,0.0,1212.0079522862823,578,612,4.78125,0.2642274632812587,True
0.925,22,1052,1024,6398,800,34,834,6.515625,6.248046875,1794,0.218994140625,172,0.09587513935340022,1007.59375,10.265625,18.097948959173117,0.8000897338694507,0.02099609375,0.25906584843750124,0.25864348125000447,800,811,1.01375,34,46.771929824561404,3,159,0.0,1011.5450980392156,744,778,6.078125,0.2642274632812587,True
0.925,23,13752,1024,4453,557,34,591,4.6171875,4.3486328125,3739,0.4564208984375,384,0.10270125702059374,502.15625,9.546875,21.122414884353645,0.40894513917499437,0.046875,0.25906584843750124,0.25864348125000447,557,568,1.0197486535008977,516,19.720626631853786,4,337,0.0,535.6333333333333,504,538,4.203125,0.2642274632812587,True
0.925,24,37139,1024,6160,770,34,804,6.28125,6.015625,2032,0.248046875,258,0.12696850393700787,1029.44921875,11.939453125,18.00475432507932,0.6971402814954891,0.031494140625,0.25906584843750124,0.25864348125000447,770,781,1.0142857142857142,44,30.72762645914397,3,220,0.0,1034.5004906771344,723,757,5.9140625,0.2642274632812587,True
0.925,25,29727,1024,7086,886,34,920,7.1875,6.919921875,1106,0.135009765625,170,0.15370705244122965,1480.75,13.703125,16.425986195549292,0.7010820572495771,0.020751953125,0.25906584843750124,0.25864348125000447,886,897,1.012415349887133,17,46.532544378698226,2,161,0.0,1483.647749510763,857,891,6.9609375,0.2642274632812587,True
0.925,26,41854,1024,5946,744,34,778,6.078125,5.806640625,2246,0.274169921875,157,0.06990204808548531,259.7861328125,3.7451171875,23.98464395823529,0.8166824505344753,0.0191650390625,0.25906584843750124,0.25864348125000447,744,755,1.0147849462365592,147,51.51282051282051,3,141,0.0,264.434393638171,677,711,5.5546875,0.2642274632812587,True
0.925,27,40333,1024,6922,866,34,900,7.03125,6.759765625,1270,0.155029296875,195,0.15354330708661418,1468.265625,13.55859375,16.462757296500907,0.694776648830819,0.0238037109375,0.25906584843750124,0.25864348125000447,866,877,1.01270207852194,8,41.40721649484536,3,182,0.0,1469.700879765396,824,858,6.703125,0.2642274632812587,True
0.925,28,33248,1024,10,2,34,36,0.28125,0.009765625,8182,0.998779296875,3277,0.40051332192617944,10005.841796875,80.859375,8.128267289292916,0.17856737380555399,0.4000244140625,0.25906584843750124,0.25864348125000447,2,10,5.0,375,2.385836385836386,8,1828,0.0,10476.464212678937,4,38,0.296875,0.2642274632812587,True
0.925,29,9680,1024,6425,804,34,838,6.546875,6.2744140625,1767,0.2156982421875,231,0.1307300509337861,2159.40625,17.5390625,14.787460068448851,0.6600288319174926,0.0281982421875,0.25906584843750124,0.25864348125000447,804,815,1.013681592039801,17,35.35217391304348,3,206,0.0,2163.6320939334637,751,785,6.1328125,0.2642274632812587,True
0.925,30,16805,1024,6912,864,34,898,7.015625,6.75,1280,0.15625,146,0.1140625,1171.0625,10.8515625,17.445002867342495,0.6127551829174068,0.017822265625,0.25906584843750124,0.25864348125000447,864,875,1.0127314814814814,19,56.04827586206896,2,135,0.0,1173.3542074363993,821,855,6.6796875,0.2642274632812587,True
0.925,31,14652,1024,5571,697,34,731,5.7109375,5.4404296875,2621,0.3199462890625,171,0.0652422739412438,824.515625,8.50390625,18.968814707030408,0.469546614840447,0.0208740234375,0.25906584843750124,0.25864348125000447,697,708,1.0157819225251077,20,47.811764705882354,3,140,0.0,826.1291585127202,634,668,5.21875,0.2642274632812587,True
0.925,32,15793,1024,6102,763,34,797,6.2265625,5.958984375,2090,0.255126953125,148,0.0708133971291866,565.4228515625,6.0751953125,20.60707004349803,0.7710361004870044,0.01806640625,0.25906584843750124,0.25864348125000447,763,774,1.0144167758846658,39,55.36734693877551,3,127,0.0,567.6401960784314,679,713,5.5703125,0.2642274632812587,True
0.925,33,30210,1024,4768,596,34,630,4.921875,4.65625,3424,0.41796875,236,0.0689252336448598,661.3046875,7.1953125,19.92678759760528,0.8271823909520928,0.02880859375,0.25906584843750124,0.25864348125000447,596,607,1.0184563758389262,35,34.11914893617021,3,195,0.0,663.8980392156863,534,568,4.4375,0.2642274632812587,True
0.925,34,47426,1024,6233,780,34,814,6.359375,6.0869140625,1959,0.2391357421875,316,0.1613067891781521,1914.392578125,18.333984375,15.310493589679233,0.6859989436160543,0.03857421875,0.25906584843750124,0.25864348125000447,780,791,1.014102564102564,10,25.87936507936508,4,273,0.0,1916.2639296187683,769,803,6.2734375,0.2642274632812587,True
0.925,35,20875,1024,6338,793,34,827,6.4609375,6.189453125,1854,0.226318359375,164,0.08845738942826321,732.375,8.40625,19.483468498523372,0.7950528710328191,0.02001953125,0.25906584843750124,0.25864348125000447,793,804,1.0138713745271122,120,49.47852760736196,3,146,0.0,743.2626362735382,720,754,5.890625,0.2642274632812587,True
0.925,36,4161,1024,6572,822,34,856,6.6875,6.41796875,1620,0.19775390625,241,0.14876543209876544,1672.359375,15.00390625,15.897507517549126,0.6562134099411882,0.0294189453125,0.25906584843750124,0.25864348125000447,822,833,1.0133819951338199,74,33.075,4,204,0.0,1687.1881773399016,777,811,6.3359375,0.2642274632812587,True
0.925,37,40340,1024,5785,724,34,758,5.921875,5.6494140625,2407,0.2938232421875,306,0.1271292064810968,1393.53125,15.3125,16.68963648636395,0.5656942456965892,0.037353515625,0.25906584843750124,0.25864348125000447,724,735,1.0151933701657458,205,26.14426229508197,4,259,0.0,1428.4044044044044,679,713,5.5703125,0.2642274632812587,True
0.925,38,28286,1024,6721,841,34,875,6.8359375,6.5634765625,1471,0.1795654296875,185,0.1257647858599592,1457.5,13.640625,16.494717974368587,0.6982398777531309,0.0225830078125,0.25906584843750124,0.25864348125000447,841,852,1.0130796670630202,27,44.29891304347826,3,171,0.0,1461.7825661116553,777,811,6.3359375,0.2642274632812587,True
0.925,39,13256,1024,6983,873,34,907,7.0859375,6.8193359375,1209,0.1475830078125,126,0.10421836228287841,866.75,8.265625,18.75186510539476,0.7554708190455307,0.015380859375,0.25906584843750124,0.25864348125000447,873,884,1.0126002290950744,107,64.632,3,112,0.0,877.895153313551,829,863,6.7421875,0.2642274632812587,True
0.925,40,48934,1024,6557,820,34,854,6.671875,6.4033203125,1635,0.1995849609375,204,0.12477064220183487,1118.875,11.671875,17.642987907314897,0.7651636884185105,0.02490234375,0.25906584843750124,0.25864348125000447,820,831,1.0134146341463415,258,38.827586206896555,3,185,0.0,1154.967741935484,774,808,6.3125,0.2642274632812587,True
0.925,41,11935,1024,5376,672,34,706,5.515625,5.25,2816,0.34375,292,0.10369318181818182,1581.125,15.1328125,16.14114155284665,0.4196687603798472,0.03564453125,0.25906584843750124,0.25864348125000447,672,683,1.0163690476190477,227,26.584192439862544,4,233,0.0,1625.574297188755,628,662,5.171875,0.2642274632812587,True
0.925,42,48447,1024,6555,820,34,854,6.671875,6.4013671875,1637,0.1998291015625,188,0.1148442272449603,1060.0,10.59375,17.8777449560314,0.46410914904178785,0.02294921875,0.25906584843750124,0.25864348125000447,820,831,1.0134146341463415,312,41.07486631016043,3,144,0.0,1101.969543147208,791,825,6.4453125,0.2642274632812587,True
0.925,43,15492,1024,7337,918,34,952,7.4375,7.1650390625,855,0.1043701171875,111,0.12982456140350876,880.5,8.34375,18.68351000564615,0.7660169975753951,0.0135498046875,0.25906584843750124,0.25864348125000447,918,929,1.0119825708061003,96,73.52727272727273,2,104,0.0,890.9407114624506,888,922,7.203125,0.2642274632812587,True
0.925,44,32513,1024,6596,825,34,859,6.7109375,6.44140625,1596,0.19482421875,121,0.07581453634085213,437.125,5.875,21.724747155506094,0.7312575066130322,0.0147705078125,0.25906584843750124,0.25864348125000447,825,836,1.0133333333333334,425,64.54166666666667,2,110,0.0,460.98455200823895,794,828,6.46875,0.2642274632812587,True
0.925,45,36099,1024,11,2,34,36,0.28125,0.0107421875,8181,0.9986572265625,3812,0.46595770688179927,20775.74609375,126.677734375,4.955237318495286,0.08265445835878617,0.46533203125,0.25906584843750124,0.25864348125000447,2,10,5.0,71,2.1304119653634217,8,2075,0.0,20939.334645669293,5,39,0.3046875,0.2642274632812587,True
0.925,46,39260,1024,4102,513,34,547,4.2734375,4.005859375,4090,0.499267578125,348,0.08508557457212713,507.4853515625,7.1337890625,21.076568499031303,0.7160623862952167,0.04248046875,0.25906584843750124,0.25864348125000447,513,524,1.0214424951267056,259,22.85878962536023,4,313,0.0,523.8558467741935,418,452,3.53125,0.2642274632812587,True
0.925,47,46517,1024,5636,705,34,739,5.7734375,5.50390625,2556,0.31201171875,240,0.09389671361502347,703.546875,9.50390625,19.657873225290633,0.6697297424829273,0.029296875,0.25906584843750124,0.25864348125000447,705,716,1.0156028368794325,58,33.07531380753138,3,208,0.0,708.3893805309734,645,679,5.3046875,0.2642274632812587,True
0.925,48,33095,1024,6914,865,34,899,7.0234375,6.751953125,1278,0.156005859375,125,0.09780907668231612,735.0625,7.6796875,19.46756093550888,0.7592504949958998,0.0152587890625,0.25906584843750124,0.25864348125000447,865,876,1.0127167630057803,49,64.20161290322581,3,111,0.0,739.3948919449901,812,846,6.609375,0.2642274632812587,True
0.925,49,3,1024,6490,812,34,846,6.609375,6.337890625,1702,0.207763671875,120,0.07050528789659224,606.75,7.015625,20.30070575863938,0.6360771351244681,0.0146484375,0.25906584843750124,0.25864348125000447,812,823,1.0135467980295567,58,68.30252100840336,2,107,0.0,610.9262536873156,755,789,6.1640625,0.2642274632812587,True
0.925,50,21683,1024,6342,793,34,827,6.4609375,6.193359375,1850,0.225830078125,187,0.10108108108108108,774.0625,10.3359375,19.243043326019794,0.7777689369707664,0.0228271484375,0.25906584843750124,0.25864348125000447,793,804,1.0138713745271122,210,42.24193548387097,2,176,0.0,794.2284569138277,717,751,5.8671875,0.2642274632812587,True
0.925,51,13446,1024,6462,808,34,842,6.578125,6.310546875,1730,0.211181640625,211,0.12196531791907514,1117.296875,11.07421875,17.649117767910127,0.8054261511771886,0.0257568359375,0.25906584843750124,0.25864348125000447,808,819,1.0136138613861385,50,37.52857142857143,4,190,0.0,1123.8821218074656,762,796,6.21875,0.2642274632812587,True
0.925,52,49515,1024,5832,729,34,763,5.9609375,5.6953125,2360,0.2880859375,385,0.163135593220339,1933.7646484375,20.0146484375,15.266767443290814,0.37621706229578333,0.0469970703125,0.25906584843750124,0.25864348125000447,729,740,1.0150891632373114,177,20.791666666666668,3,333,0.0,1976.2225548902195,696,730,5.703125,0.2642274632812587,True
0.925,53,27943,1024,6643,831,34,865,6.7578125,6.4873046875,1549,0.1890869140625,239,0.15429309231762428,1628.4375,15.8359375,16.013092660210553,0.51373750067366,0.0291748046875,0.25906584843750124,0.25864348125000447,831,842,1.01323706377858,250,32.50840336134454,2,221,0.0,1679.274924471299,787,821,6.4140625,0.2642274632812587,True
0.925,54,29059,1024,6966,871,34,905,7.0703125,6.802734375,1226,0.149658203125,206,0.16802610114192496,1774.8125,15.1640625,15.639278820776713,0.7240108988611003,0.025146484375,0.25906584843750124,0.25864348125000447,871,882,1.0126291618828933,9,39.65365853658537,3,182,0.0,1776.5474095796676,838,872,6.8125,0.2642274632812587,True
0.925,55,32738,1024,4387,549,34,583,4.5546875,4.2841796875,3805,0.4644775390625,221,0.0580814717477004,375.265625,6.19921875,22.38741576781367,0.6995290711378451,0.0269775390625,0.25906584843750124,0.25864348125000447,549,560,1.0200364298724955,261,35.67272727272727,4,181,0.0,387.3709677419355,472,506,3.953125,0.2642274632812587,True
0.925,56,445,1024,6957,870,34,904,7.0625,6.7939453125,1235,0.1507568359375,186,0.15060728744939272,1412.4375,13.2578125,16.63111121371588,0.5760211004371357,0.022705078125,0.25906584843750124,0.25864348125000447,870,881,1.0126436781609196,33,43.545945945945945,3,174,0.0,1417.9764705882353,840,874,6.828125,0.2642274632812587,True
0.925,57,32216,1024,6456,807,34,841,6.5703125,6.3046875,1736,0.2119140625,234,0.1347926267281106,1504.9375,14.8515625,16.355618967976785,0.5073762514934117,0.028564453125,0.25906584843750124,0.25864348125000447,807,818,1.01363073110285,256,32.9656652360515,3,208,0.0,1553.483870967742,756,790,6.171875,0.2642274632812587,True
0.925,58,18250,1024,6964,871,34,905,7.0703125,6.80078125,1228,0.14990234375,129,0.10504885993485343,948.875,8.78125,18.358713564341013,0.6708276683179831,0.0157470703125,0.25906584843750124,0.25864348125000447,871,882,1.0126291618828933,32,63.0859375,3,109,0.0,952.5960784313726,828,862,6.734375,0.2642274632812587,True
0.925,59,1684,1024,5887,736,34,770,6.015625,5.7490234375,2305,0.2813720703125,382,0.16572668112798264,1641.1103515625,15.8603515625,15.979425759980362,0.5700021265382201,0.046630859375,0.25906584843750124,0.25864348125000447,736,747,1.014945652173913,136,20.89763779527559,4,333,0.0,1668.8152929493544,695,729,5.6953125,0.2642274632812587,True
0.925,60,2899,1024,5656,707,34,741,5.7890625,5.5234375,2536,0.3095703125,509,0.20070977917981073,447.138671875,6.548828125,21.626381283615,0.7653905528587327,0.0621337890625,0.25906584843750124,0.25864348125000447,707,718,1.0155586987270155,42,15.994094488188976,4,479,0.0,449.3326790971541,662,696,5.4375,0.2642274632812587,True
0.925,61,39428,1024,48,6,34,40,0.3125,0.046875,8144,0.994140625,3310,0.406434184675835,6856.8740234375,63.6865234375,9.769541903187557,0.1071394632560575,0.404052734375,0.25906584843750124,0.25864348125000447,6,14,2.3333333333333335,54,2.458748866727108,8,1972,0.0,6897.287819253438,7,41,0.3203125,0.2642274632812587,True
0.925,62,40758,1024,6329,792,34,826,6.453125,6.1806640625,1863,0.2274169921875,275,0.14761137949543746,1565.162109375,13.8984375,16.18521035240429,0.8361986319756751,0.0335693359375,0.25906584843750124,0.25864348125000447,792,803,1.0138888888888888,9,29.854014598540147,4,239,0.0,1566.692082111437,764,798,6.234375,0.2642274632812587,True
0.925,63,29154,1024,6707,839,34,873,6.8203125,6.5498046875,1485,0.1812744140625,263,0.1771043771043771,1793.828125,17.37109375,15.592995319368574,0.5820013891240442,0.0321044921875,0.25906584843750124,0.25864348125000447,839,850,1.0131108462455305,91,30.65648854961832,3,236,0.0,1813.3070088845016,795,829,6.4765625,0.2642274632812587,True
0.925,64,43958,1024,6501,813,34,847,6.6171875,6.3486328125,1691,0.2064208984375,116,0.06859846244825547,376.640625,5.13671875,22.371531990327718,0.6402645253086424,0.01416015625,0.25906584843750124,0.25864348125000447,813,824,1.013530135301353,9,70.89565217391305,2,102,0.0,377.00879765395894,765,799,6.2421875,0.2642274632812587,True
0.925,65,33814,1024,6995,875,34,909,7.1015625,6.8310546875,1197,0.1461181640625,138,0.11528822055137844,968.078125,9.44921875,18.271699540891685,0.7529042570304405,0.016845703125,0.25906584843750124,0.25864348125000447,875,886,1.0125714285714287,98,59.03649635036496,3,131,0.0,979.5573122529644,842,876,6.84375,0.2642274632812587,True
0.925,66,34153,1024,6301,788,34,822,6.421875,6.1533203125,1891,0.2308349609375,265,0.14013749338974088,2497.296875,21.57421875,14.156101871547538,0.513960683967801,0.0323486328125,0.25906584843750124,0.25864348125000447,788,799,1.013959390862944,188,29.893939393939394,3,237,0.0,2554.6773226773225,735,769,6.0078125,0.2642274632812587,True
0.925,67,43609,1024,5929,742,34,776,6.0625,5.7900390625,2263,0.2762451171875,371,0.16394167034909413,981.564453125,12.283203125,18.211615386257293,0.7494186346790985,0.0452880859375,0.25906584843750124,0.25864348125000447,742,753,1.0148247978436657,156,21.713513513513515,4,316,0.0,1000.1213930348258,682,716,5.59375,0.2642274632812587,True
0.925,68,10762,1024,6092,762,34,796,6.21875,5.94921875,2100,0.25634765625,418,0.19904761904761906,1956.6162109375,19.0263671875,15.215747134510085,0.4876922732006396,0.051025390625,0.25906584843750124,0.25864348125000447,762,773,1.0144356955380578,256,18.729016786570742,4,304,0.0,2019.7328629032259,715,749,5.8515625,0.2642274632812587,True
0.925,69,17898,1024,5613,702,34,736,5.75,5.4814453125,2579,0.3148193359375,274,0.10624272974020939,1953.21875,17.734375,15.22329476208901,0.307552844003615,0.033447265625,0.25906584843750124,0.25864348125000447,702,713,1.0156695156695157,899,26.695970695970697,3,227,0.0,2193.0877192982457,640,674,5.265625,0.2642274632812587,True
0.925,70,43653,1024,5991,749,34,783,6.1171875,5.8505859375,2201,0.2686767578125,341,0.15492957746478872,3647.67578125,29.677734375,12.510641311763244,0.4152102612333842,0.0416259765625,0.25906584843750124,0.25864348125000447,749,760,1.014686248331108,91,22.261764705882353,3,315,0.0,3687.2852912142152,680,714,5.578125,0.2642274632812587,True
0.925,71,14233,1024,6728,841,34,875,6.8359375,6.5703125,1464,0.1787109375,258,0.1762295081967213,1899.546875,17.90234375,15.344303457870389,0.5201422766896194,0.031494140625,0.25906584843750124,0.25864348125000447,841,852,1.0130796670630202,90,31.163424124513618,3,240,0.0,1920.1737413622902,789,823,6.4296875,0.2642274632812587,True
0.925,72,39520,1024,6600,825,34,859,6.7109375,6.4453125,1592,0.1943359375,142,0.08919597989949749,1063.75,9.890625,17.86240787775266,0.6265753453635268,0.017333984375,0.25906584843750124,0.25864348125000447,825,836,1.0133333333333334,179,50.93617021276596,3,133,0.0,1087.1057884231536,760,794,6.203125,0.2642274632812587,True
0.925,73,18138,1024,6308,789,34,823,6.4296875,6.16015625,1884,0.22998046875,230,0.12208067940552017,1657.734375,14.77734375,15.93565417713669,0.641313728372068,0.028076171875,0.25906584843750124,0.25864348125000447,789,800,1.0139416983523448,512,33.51091703056768,5,184,0.0,1768.25,725,759,5.9296875,0.2642274632812587,True
0.925,74,9212,1024,5851,732,34,766,5.984375,5.7138671875,2341,0.2857666015625,349,0.14908158906450236,1070.73828125,14.794921875,17.8339703093151,0.6560463683758053,0.0426025390625,0.25906584843750124,0.25864348125000447,732,743,1.0150273224043715,82,23.155172413793103,4,302,0.0,1081.2978303747534,676,710,5.546875,0.2642274632812587,True
0.925,75,6456,1024,6625,829,34,863,6.7421875,6.4697265625,1567,0.1912841796875,224,0.1429483088704531,1155.9375,12.3984375,17.50146007872422,0.5917212671762099,0.02734375,0.25906584843750124,0.25864348125000447,829,840,1.0132689987937273,27,36.09417040358744,4,197,0.0,1159.333986287953,786,820,6.40625,0.2642274632812587,True
0.925,76,22948,1024,5864,733,34,767,5.9921875,5.7265625,2328,0.2841796875,346,0.1486254295532646,825.62890625,13.595703125,18.96295471152237,0.6786143749570537,0.042236328125,0.25906584843750124,0.25864348125000447,733,744,1.015006821282401,70,23.530434782608694,3,319,0.0,832.1299212598425,680,714,5.578125,0.2642274632812587,True
0.925,77,7591,1024,6949,869,34,903,7.0546875,6.7861328125,1243,0.1517333984375,130,0.10458567980691874,712.0,8.1875,19.60600367231054,0.6712216095351989,0.015869140625,0.25906584843750124,0.25864348125000447,869,880,1.0126582278481013,18,63.0,2,126,0.0,713.3933463796477,834,868,6.78125,0.2642274632812587,True
0.925,78,29996,1024,6070,759,34,793,6.1953125,5.927734375,2122,0.259033203125,245,0.11545711592836946,1787.08203125,15.912109375,15.609358727710214,0.4285394732239771,0.0299072265625,0.25906584843750124,0.25864348125000447,759,770,1.0144927536231885,108,32.27049180327869,4,224,0.0,1810.0613254203759,700,734,5.734375,0.2642274632812587,True
0.925,79,10378,1024,1242,156,34,190,1.484375,1.212890625,6950,0.848388671875,2478,0.35654676258992807,6764.0927734375,54.8212890625,9.828708053018062,0.10284576497965238,0.302490234375,0.25906584843750124,0.25864348125000447,156,167,1.0705128205128205,324,3.1760193782801776,8,1552,0.0,7039.055894308943,152,186,1.453125,0.2642274632812587,True
0.925,80,27337,1024,5081,636,34,670,5.234375,4.9619140625,3111,0.3797607421875,236,0.07585985213757634,612.26171875,7.267578125,20.26143254552165,0.7472725445544117,0.02880859375,0.25906584843750124,0.25864348125000447,636,647,1.0172955974842768,42,34.66382978723404,4,192,0.0,615.2659470068695,567,601,4.6953125,0.2642274632812587,True
0.925,81,19965,1024,5853,732,34,766,5.984375,5.7158203125,2339,0.2855224609375,327,0.13980333475844378,2497.15625,22.4296875,14.156346433504595,0.4295195011092377,0.0399169921875,0.25906584843750124,0.25864348125000447,732,743,1.0150273224043715,33,24.88957055214724,4,288,0.0,2506.949019607843,657,691,5.3984375,0.2642274632812587,True
0.925,82,24405,1024,6541,818,34,852,6.65625,6.3876953125,1651,0.2015380859375,251,0.1520290732889158,1117.125,13.171875,17.649785899251476,0.6397014786369527,0.0306396484375,0.25906584843750124,0.25864348125000447,818,829,1.0134474327628362,57,32.508,3,210,0.0,1124.8141592920354,766,800,6.25,0.2642274632812587,True
0.925,83,45135,1024,6653,832,34,866,6.765625,6.4970703125,1539,0.1878662109375,213,0.13840155945419103,1357.90625,13.140625,16.80210573628239,0.8284496893158303,0.0260009765625,0.25906584843750124,0.25864348125000447,832,843,1.0132211538461537,36,37.283018867924525,2,180,0.0,1363.2313725490196,780,814,6.359375,0.2642274632812587,True
0.925,84,11274,1024,6379,798,34,832,6.5,6.2294921875,1813,0.2213134765625,229,0.12630998345284059,932.5625,10.6796875,18.434024131533747,0.5946633334112196,0.0279541015625,0.25906584843750124,0.25864348125000447,798,809,1.0137844611528821,260,34.51315789473684,3,206,0.0,962.6451612903226,753,787,6.1484375,0.2642274632812587,True
0.925,85,1941,1024,6553,820,34,854,6.671875,6.3994140625,1639,0.2000732421875,135,0.08236729713239781,878.4375,8.2578125,18.69369493580376,0.6080532601903783,0.0164794921875,0.25906584843750124,0.25864348125000447,820,831,1.0134146341463415,19,60.87313432835821,3,111,0.0,880.1565557729941,761,795,6.2109375,0.2642274632812587,True
0.925,86,48940,1024,6796,850,34,884,6.90625,6.63671875,1396,0.17041015625,102,0.07306590257879657,473.0625,5.6171875,21.38161838286598,0.821943353260535,0.012451171875,0.25906584843750124,0.25864348125000447,850,861,1.0129411764705882,161,77.14851485148515,2,96,0.0,482.48605577689244,800,834,6.515625,0.2642274632812587,True
0.925,87,36794,1024,6380,798,34,832,6.5,6.23046875,1812,0.22119140625,354,0.19536423841059603,2436.6015625,19.662109375,14.26295842497591,0.6139150469107718,0.043212890625,0.25906584843750124,0.25864348125000447,798,809,1.0137844611528821,112,22.78470254957507,5,306,0.0,2470.3762376237623,741,775,6.0546875,0.2642274632812587,True
0.925,88,21994,1024,6384,798,34,832,6.5,6.234375,1808,0.220703125,323,0.1786504424778761,1877.70703125,17.60546875,15.394525283355074,0.509514512584131,0.0394287109375,0.25906584843750124,0.25864348125000447,798,809,1.0137844611528821,204,24.742236024844722,4,271,0.0,1924.6966966966968,753,787,6.1484375,0.2642274632812587,True
0.925,89,49944,1024,6107,764,34,798,6.234375,5.9638671875,2085,0.2545166015625,241,0.11558752997601919,1130.3125,11.8515625,17.598818304261965,0.6599890673483946,0.0294189453125,0.25906584843750124,0.25864348125000447,764,775,1.0143979057591623,435,31.9,4,203,0.0,1193.2371134020618,706,740,5.78125,0.2642274632812587,True
0.925,90,43442,1024,3457,433,34,467,3.6484375,3.3759765625,4735,0.5780029296875,916,0.19345300950369587,1812.95703125,21.408203125,15.546928498293017,0.3284426250636022,0.11181640625,0.25906584843750124,0.25864348125000447,433,444,1.0254041570438799,516,8.387978142076502,3,881,0.0,1933.8208333333334,333,367,2.8671875,0.2642274632812587,True
0.925,91,45096,1024,5543,693,34,727,5.6796875,5.4130859375,2649,0.3233642578125,269,0.10154775386938468,768.203125,10.12890625,19.276042913536507,0.6620206117860206,0.0328369140625,0.25906584843750124,0.25864348125000447,693,704,1.0158730158730158,485,28.559701492537314,5,215,0.0,816.0165975103735,639,673,5.2578125,0.2642274632812587,True
0.925,92,42430,1024,4787,599,34,633,4.9453125,4.6748046875,3405,0.4156494140625,425,0.12481644640234948,919.0234375,10.5859375,18.497537736960258,0.3490923695856664,0.0518798828125,0.25906584843750124,0.25864348125000447,599,610,1.018363939899833,260,18.67452830188679,6,265,0.0,948.6693548387096,540,574,4.484375,0.2642274632812587,True
0.925,93,42255,1024,5857,733,34,767,5.9921875,5.7197265625,2335,0.2850341796875,331,0.14175588865096359,2729.21875,23.75,13.77042014604185,0.2728800497385202,0.0404052734375,0.25906584843750124,0.25864348125000447,733,744,1.015006821282401,258,23.26969696969697,3,287,0.0,2817.2580645161293,673,707,5.5234375,0.2642274632812587,True
0.925,94,5771,1024,10,2,34,36,0.28125,0.009765625,8182,0.998779296875,4642,0.5673429479344904,30773.9658203125,161.4580078125,3.2489689377563016,0.028660498355079878,0.566650390625,0.25906584843750124,0.25864348125000447,2,10,5.0,23,1.7588881706528765,62,1885,0.0,30834.188845401175,4,38,0.296875,0.2642274632812587,True
0.925,95,8320,1024,6498,813,34,847,6.6171875,6.345703125,1694,0.206787109375,332,0.1959858323494687,1118.185546875,11.34765625,17.645664863891838,0.6269960019147454,0.04052734375,0.25906584843750124,0.25864348125000447,813,824,1.013530135301353,169,24.235649546827794,5,297,0.0,1141.5972083748754,781,815,6.3671875,0.2642274632812587,True
0.925,96,48807,1024,6698,838,34,872,6.8125,6.541015625,1494,0.182373046875,270,0.18072289156626506,2210.3125,19.5703125,14.686266811053692,0.5975609284201148,0.032958984375,0.25906584843750124,0.25864348125000447,838,849,1.0131264916467781,106,29.806691449814128,4,223,0.0,2238.7339268051433,774,808,6.3125,0.2642274632812587,True
0.925,97,2675,1024,4664,583,34,617,4.8203125,4.5546875,3528,0.4306640625,453,0.1284013605442177,1479.640625,17.01171875,16.42924114075379,0.4823863884488523,0.0552978515625,0.25906584843750124,0.25864348125000447,583,594,1.0188679245283019,98,17.898230088495577,5,373,0.0,1497.1857707509882,532,566,4.421875,0.2642274632812587,True
0.925,98,37658,1024,6147,769,34,803,6.2734375,6.0029296875,2045,0.2496337890625,167,0.08166259168704157,1244.26953125,11.052734375,17.181658942949067,0.8741228134728751,0.0203857421875,0.25906584843750124,0.25864348125000447,769,780,1.0143042912873863,58,48.58433734939759,4,150,0.0,1252.8338249754179,709,743,5.8046875,0.2642274632812587,True
0.925,99,45710,1024,5820,728,34,762,5.953125,5.68359375,2372,0.28955078125,561,0.23650927487352444,940.2578125,10.333984375,18.398334102528203,0.7122242868029222,0.0684814453125,0.25906584843750124,0.25864348125000447,728,739,1.01510989010989,88,14.469642857142857,4,530,0.0,950.4679170779862,679,713,5.5703125,0.2642274632812587,True
0.925,100,15813,1024,5697,713,34,747,5.8359375,5.5634765625,2495,0.3045654296875,135,0.05410821643286573,252.90625,3.5,24.10120798795264,0.8677423478765272,0.0164794921875,0.25906584843750124,0.25864348125000447,713,724,1.0154277699859748,123,59.559701492537314,4,104,0.0,256.6660059464817,655,689,5.3828125,0.2642274632812587,True
0.925,101,7135,1024,6702,838,34,872,6.8125,6.544921875,1490,0.181884765625,144,0.09664429530201342,824.5625,8.2734375,18.968567810858104,0.5935157729315367,0.017578125,0.25906584843750124,0.25864348125000447,838,849,1.0131264916467781,80,56.68531468531469,4,113,0.0,832.6942800788954,796,830,6.484375,0.2642274632812587,True
0.925,102,31775,1024,6202,776,34,810,6.328125,6.056640625,1990,0.242919921875,179,0.0899497487437186,647.0625,6.546875,20.02134129512686,0.690404894264233,0.0218505859375,0.25906584843750124,0.25864348125000447,776,787,1.0141752577319587,64,45.58988764044944,5,137,0.0,652.1574803149606,742,776,6.0625,0.2642274632812587,True
0.925,103,31772,1024,6191,774,34,808,6.3125,6.0458984375,2001,0.2442626953125,159,0.07946026986506746,942.625,8.6640625,18.387414070716343,0.8565757059930078,0.0194091796875,0.25906584843750124,0.25864348125000447,774,785,1.0142118863049097,88,51.20886075949367,3,135,0.0,952.8608094768016,714,748,5.84375,0.2642274632812587,True
0.925,104,25160,1024,5501,688,34,722,5.640625,5.3720703125,2691,0.3284912109375,170,0.06317354143441099,621.375,6.5390625,20.19726584720855,0.7166404064196733,0.020751953125,0.25906584843750124,0.25864348125000447,688,699,1.0159883720930232,83,46.53846153846154,4,132,0.0,627.5029585798817,637,671,5.2421875,0.2642274632812587,True
0.925,105,36108,1024,5578,698,34,732,5.71875,5.447265625,2614,0.319091796875,313,0.1197398622800306,871.921875,12.16796875,18.726027873761684,0.5153982255310728,0.0382080078125,0.25906584843750124,0.25864348125000447,698,709,1.015759312320917,618,24.240384615384617,4,277,0.0,942.8173178458289,646,680,5.3125,0.2642274632812587,True
0.925,106,1260,1024,5959,745,34,779,6.0859375,5.8193359375,2233,0.2725830078125,197,0.08822212270488132,950.484375,10.27734375,18.351353789689792,0.6677058312351839,0.0240478515625,0.25906584843750124,0.25864348125000447,745,756,1.014765100671141,34,41.43877551020408,3,180,0.0,954.2117647058824,694,728,5.6875,0.2642274632812587,True
0.925,107,37885,1024,6727,841,34,875,6.8359375,6.5693359375,1465,0.1788330078125,176,0.12013651877133105,1328.517578125,11.705078125,16.8971305576694,0.674973214104954,0.021484375,0.25906584843750124,0.25864348125000447,841,852,1.0130796670630202,953,41.28,3,159,0.0,1503.206629834254,780,814,6.359375,0.2642274632812587,True
0.925,108,41535,1024,10,2,34,36,0.28125,0.009765625,8182,0.998779296875,3583,0.437912490833537,19386.240234375,122.7890625,5.255867706541303,0.0897188649870212,0.4373779296875,0.25906584843750124,0.25864348125000447,2,10,5.0,127,2.2445561139028474,11,1936,0.0,19674.44003964321,4,38,0.296875,0.2642274632812587,True
0.925,109,44889,1024,5758,720,34,754,5.890625,5.623046875,2434,0.297119140625,355,0.14585045193097781,1881.59765625,18.576171875,15.385535974361122,0.5748242346976324,0.0433349609375,0.25906584843750124,0.25864348125000447,720,731,1.0152777777777777,85,22.028248587570623,5,263,0.0,1900.1538461538462,683,717,5.6015625,0.2642274632812587,True
0.925,110,28184,1024,6500,813,34,847,6.6171875,6.34765625,1692,0.20654296875,72,0.0425531914893617,272.4375,3.3828125,23.77813474506151,0.8313052944146115,0.0087890625,0.25906584843750124,0.25864348125000447,813,824,1.013530135301353,9,115.04225352112677,3,65,0.0,272.7038123167155,752,786,6.140625,0.2642274632812587,True
0.925,111,25319,1024,6554,820,34,854,6.671875,6.400390625,1638,0.199951171875,234,0.14285714285714285,1533.75,14.71875,16.2732578513285,0.6682664258122759,0.028564453125,0.25906584843750124,0.25864348125000447,820,831,1.0134146341463415,65,34.82403433476395,3,208,0.0,1545.8267716535433,770,804,6.28125,0.2642274632812587,True
0.925,112,11010,1024,5440,680,34,714,5.578125,5.3125,2752,0.3359375,534,0.19404069767441862,1150.39453125,13.53125,17.52233552374994,0.5792852527449226,0.065185546875,0.25906584843750124,0.25864348125000447,680,691,1.0161764705882352,40,15.232645403377111,5,461,0.0,1156.0392541707556,618,652,5.09375,0.2642274632812587,True
0.925,113,33880,1024,6428,804,34,838,6.546875,6.27734375,1764,0.21533203125,148,0.08390022675736962,639.81640625,6.998046875,20.07024988745188,0.6311678108773702,0.01806640625,0.25906584843750124,0.25864348125000447,804,815,1.013681592039801,8,53.993197278911566,3,123,0.0,640.4418377321604,739,773,6.0390625,0.2642274632812587,True
0.925,114,19307,1024,5314,665,34,699,5.4609375,5.189453125,2878,0.351318359375,399,0.1386379430159833,1931.1015625,20.43359375,15.272752456211878,0.367066708117455,0.0487060546875,0.25906584843750124,0.25864348125000447,665,676,1.0165413533834586,253,19.110552763819097,4,348,0.0,1991.3877139979859,604,638,4.984375,0.2642274632812587,True
0.925,115,12236,1024,11,2,34,36,0.28125,0.0107421875,8181,0.9986572265625,2106,0.25742574257425743,6252.158203125,45.1953125,10.170504020973876,0.06833598102588485,0.257080078125,0.25906584843750124,0.25864348125000447,2,10,5.0,31,3.8422802850356295,8,1282,0.0,6270.52889324192,5,39,0.3046875,0.2642274632812587,True
0.925,116,13805,1024,5736,717,34,751,5.8671875,5.6015625,2456,0.2998046875,339,0.13802931596091206,1869.796875,18.80859375,15.412859312608928,0.36328158023449814,0.0413818359375,0.25906584843750124,0.25864348125000447,717,728,1.0153417015341701,90,23.78994082840237,3,293,0.0,1890.1006910167819,652,686,5.359375,0.2642274632812587,True
0.925,117,5814,1024,5179,648,34,682,5.328125,5.0576171875,3013,0.3677978515625,414,0.13740458015267176,1030.875,13.10546875,17.99874353296723,0.6386245224171803,0.050537109375,0.25906584843750124,0.25864348125000447,648,659,1.0169753086419753,260,18.634382566585955,4,308,0.0,1064.1290322580646,583,617,4.8203125,0.2642274632812587,True
0.925,118,48485,1024,6461,808,34,842,6.578125,6.3095703125,1731,0.2113037109375,253,0.14615829000577701,2185.25,19.578125,14.73579231959802,0.6571540767114972,0.0308837890625,0.25906584843750124,0.25864348125000447,808,819,1.0136138613861385,19,31.83730158730159,3,235,0.0,2189.526418786693,745,779,6.0859375,0.2642274632812587,True
0.925,119,12248,1024,10,2,34,36,0.28125,0.009765625,8182,0.998779296875,3404,0.41603519921779514,15032.712890625,96.7734375,6.360429979050716,0.04075705209861439,0.41552734375,0.25906584843750124,0.25864348125000447,2,10,5.0,13,2.4025859535703793,9,1894,0.0,15047.407624633432,4,38,0.296875,0.2642274632812587,True
0.925,120,458,1024,6469,809,34,843,6.5859375,6.3173828125,1723,0.2103271484375,414,0.24027858386535114,3084.3125,27.9296875,13.239219869007957,0.30441682887157184,0.050537109375,0.24138034531249275,0.25246679453124443,809,820,1.0135970333745365,26,19.75544794188862,4,358,0.0,3093.3751224289913,765,799,6.2421875,0.272926589062493,True
0.925,121,319,1024,6193,775,34,809,6.3203125,6.0478515625,1999,0.2440185546875,139,0.06953476738369184,626.671875,6.16796875,20.160401568435308,0.8608727413964476,0.0169677734375,0.24138034531249275,0.25246679453124443,775,786,1.0141935483870967,132,55.630434782608695,3,116,0.0,636.6190476190476,727,761,5.9453125,0.272926589062493,True
0.925,122,21496,1024,6192,774,34,808,6.3125,6.046875,2000,0.244140625,256,0.128,1736.171875,16.07421875,15.73487644250255,0.6394390465811453,0.03125,0.24138034531249275,0.25246679453124443,774,785,1.0142118863049097,44,31.80392156862745,3,223,0.0,1744.6908734052993,721,755,5.8984375,0.272926589062493,True
0.925,123,20390,1024,5883,736,34,770,6.015625,5.7451171875,2309,0.2818603515625,270,0.1169337375487224,1298.78125,13.1875,16.995443506092915,0.5310791701890308,0.032958984375,0.24138034531249275,0.25246679453124443,736,747,1.014945652173913,27,30.055762081784387,5,222,0.0,1302.5974534769834,672,706,5.515625,0.272926589062493,True
0.925,124,33691,1024,5543,693,34,727,5.6796875,5.4130859375,2649,0.3233642578125,541,0.20422801057002643,5508.65625,46.046875,10.720346884012868,0.28757957578661747,0.0660400390625,0.24138034531249275,0.25246679453124443,693,704,1.0158730158730158,428,14.327777777777778,4,477,0.0,5809.334706488156,647,681,5.3203125,0.272926589062493,True
0.925,125,33872,1024,7285,911,34,945,7.3828125,7.1142578125,907,0.1107177734375,135,0.14884233737596472,1271.640625,10.92578125,17.08715967032928,0.5498779551537718,0.0164794921875,0.24138034531249275,0.25246679453124443,911,922,1.0120746432491767,27,56.93283582089552,2,127,0.0,1275.37708129285,874,908,7.09375,0.272926589062493,True
0.925,126,46987,1024,4905,614,34,648,5.0625,4.7900390625,3287,0.4012451171875,402,0.122299969577122,673.291015625,8.166015625,19.84877541573764,0.6497974075461078,0.049072265625,0.24138034531249275,0.25246679453124443,614,625,1.017915309446254,181,19.97506234413965,3,372,0.0,688.0738522954092,541,575,4.4921875,0.272926589062493,True
0.925,127,26772,1024,6519,815,34,849,6.6328125,6.3662109375,1673,0.2042236328125,138,0.08248655110579797,852.4375,8.6015625,18.824178141419797,0.6827281546856735,0.016845703125,0.24138034531249275,0.25246679453124443,815,826,1.0134969325153373,211,58.197080291970806,3,125,0.0,874.6452905811623,758,792,6.1875,0.272926589062493,True
0.925,128,7057,1024,6070,759,34,793,6.1953125,5.927734375,2122,0.259033203125,283,0.13336475023562677,1555.125,15.859375,16.213150577761738,0.6009389253693447,0.0345458984375,0.24138034531249275,0.25246679453124443,759,770,1.0144927536231885,99,28.56737588652482,3,247,0.0,1573.5652173913043,686,720,5.625,0.272926589062493,True
0.925,129,30014,1024,6077,760,34,794,6.203125,5.9345703125,2115,0.2581787109375,251,0.11867612293144209,1104.375,11.9375,17.69963794017071,0.8090955478380575,0.0306396484375,0.24138034531249275,0.25246679453124443,760,771,1.0144736842105264,18,32.644,4,211,0.0,1106.5362035225048,700,734,5.734375,0.272926589062493,True
0.925,130,48237,1024,5933,742,34,776,6.0625,5.7939453125,2259,0.2757568359375,119,0.05267817618415228,324.875,4.671875,23.013640683588413,0.7283947817835179,0.0145263671875,0.24138034531249275,0.25246679453124443,742,753,1.0148247978436657,81,67.95762711864407,3,107,0.0,328.07889546351083,690,724,5.65625,0.272926589062493,True
0.925,131,4823,1024,6022,753,34,787,6.1484375,5.880859375,2170,0.264892578125,469,0.2161290322580645,2328.328125,22.70703125,14.460361766275467,0.4807646975849617,0.0572509765625,0.24138034531249275,0.25246679453124443,753,764,1.0146082337317397,43,16.942307692307693,4,334,0.0,2339.7526987242395,718,752,5.875,0.272926589062493,True
0.925,132,26627,1024,6623,828,34,862,6.734375,6.4677734375,1569,0.1915283203125,229,0.14595283620140218,1337.125,13.46875,16.869083520556785,0.7051247407247361,0.0279541015625,0.24138034531249275,0.25246679453124443,828,839,1.0132850241545894,51,35.53508771929825,3,190,0.0,1345.0058939096268,778,812,6.34375,0.272926589062493,True
0.925,133,12293,1024,7292,912,34,946,7.390625,7.12109375,900,0.10986328125,90,0.1,679.0,6.40625,19.812105865874084,0.6958633890298085,0.010986328125,0.24138034531249275,0.25246679453124443,912,923,1.0120614035087718,11,86.80898876404494,2,86,0.0,679.663734115347,867,901,7.0390625,0.272926589062493,True
0.925,134,32803,1024,5584,698,34,732,5.71875,5.453125,2608,0.318359375,211,0.08090490797546013,629.578125,8.11328125,20.140307310290275,0.479671588809256,0.0257568359375,0.24138034531249275,0.25246679453124443,698,709,1.015759312320917,84,38.43333333333333,4,181,0.0,635.7869822485208,653,687,5.3671875,0.272926589062493,True
0.925,135,41882,1024,5422,678,34,712,5.5625,5.294921875,2770,0.338134765625,370,0.13357400722021662,1486.28125,18.21875,16.40979361829972,0.5407731016022459,0.045166015625,0.24138034531249275,0.25246679453124443,678,689,1.0162241887905605,211,21.609756097560975,4,319,0.0,1525.002004008016,617,651,5.0859375,0.272926589062493,True
0.925,136,10235,1024,6367,796,34,830,6.484375,6.2177734375,1825,0.2227783203125,168,0.09205479452054795,1026.0,9.765625,18.019330000921126,0.5278128668956104,0.0205078125,0.24138034531249275,0.25246679453124443,796,807,1.013819095477387,25,48.293413173652695,4,136,0.0,1029.0146914789423,741,775,6.0546875,0.272926589062493,True
0.925,137,30033,1024,6636,830,34,864,6.75,6.48046875,1556,0.18994140625,162,0.10411311053984576,962.515625,9.41796875,18.296725725095015,0.7738985508951612,0.019775390625,0.24138034531249275,0.25246679453124443,830,841,1.0132530120481928,139,49.95031055900621,4,150,0.0,978.7646474677259,795,829,6.4765625,0.272926589062493,True
0.925,138,20042,1024,6787,849,34,883,6.8984375,6.6279296875,1405,0.1715087890625,156,0.1110320284697509,1101.515625,10.75390625,17.710896988698657,0.7321915724344942,0.01904296875,0.24138034531249275,0.25246679453124443,849,860,1.0129564193168434,33,51.987096774193546,3,143,0.0,1105.835294117647,793,827,6.4609375,0.272926589062493,True
0.925,139,29399,1024,6116,765,34,799,6.2421875,5.97265625,2076,0.25341796875,255,0.12283236994219653,1214.375,12.34375,17.287275429240523,0.5703629485238549,0.0311279296875,0.24138034531249275,0.25246679453124443,765,776,1.0143790849673202,11,31.496062992125985,5,200,0.0,1215.5620723362658,722,756,5.90625,0.272926589062493,True
0.925,140,6463,1024,7076,885,34,919,7.1796875,6.91015625,1116,0.13623046875,104,0.0931899641577061,541.75,6.109375,20.79281440876055,0.7080989857941339,0.0126953125,0.24138034531249275,0.25246679453124443,885,896,1.0124293785310734,104,77.76699029126213,2,97,0.0,548.7161226508407,861,895,6.9921875,0.272926589062493,True
0.925,141,25920,1024,5040,630,34,664,5.1875,4.921875,3152,0.384765625,380,0.12055837563451777,1320.1650390625,13.1962890625,16.92452133394081,0.5645476780831749,0.04638671875,0.24138034531249275,0.25246679453124443,630,641,1.0174603174603174,257,20.934036939313984,4,330,0.0,1362.751008064516,557,591,4.6171875,0.272926589062493,True
0.925,142,10327,1024,10,2,34,36,0.28125,0.009765625,8182,0.998779296875,4214,0.515032999266683,22041.005859375,140.28125,4.698489508511291,0.03909978369539226,0.514404296875,0.24138034531249275,0.25246679453124443,2,10,5.0,12,1.9406598623308806,9,2191,0.0,22062.551319648093,4,38,0.296875,0.272926589062493,True
0.925,143,3805,1024,6367,796,34,830,6.484375,6.2177734375,1825,0.2227783203125,164,0.08986301369863013,735.953125,8.05859375,19.46230207131147,0.6616024205894047,0.02001953125,0.24138034531249275,0.25246679453124443,796,807,1.013819095477387,260,46.08588957055215,3,135,0.0,759.6935483870968,745,779,6.0859375,0.272926589062493,True
0.925,144,37879,1024,4073,510,34,544,4.25,3.9775390625,4119,0.5028076171875,388,0.09419762078174314,846.2734375,12.04296875,18.85569651244467,0.4536569954705728,0.04736328125,0.24138034531249275,0.25246679453124443,510,521,1.0215686274509803,220,20.405684754521964,4,319,0.0,869.1915747241725,420,454,3.546875,0.272926589062493,True
0.925,145,22721,1024,5873,735,34,769,6.0078125,5.7353515625,2319,0.2830810546875,172,0.07416990081931867,1139.859375,10.76953125,17.562290853460382,0.5090508375336469,0.02099609375,0.24138034531249275,0.25246679453124443,735,746,1.014965986394558,953,40.941520467836256,4,151,0.0,1289.7414364640883,664,698,5.453125,0.272926589062493,True
0.925,146,43932,1024,6562,821,34,855,6.6796875,6.408203125,1630,0.198974609375,189,0.11595092024539877,1575.4375,13.8046875,16.15679182138293,0.8049974172859705,0.0230712890625,0.24138034531249275,0.25246679453124443,821,832,1.0133982947624847,67,42.590425531914896,3,172,0.0,1587.8425196850394,755,789,6.1640625,0.272926589062493,True
0.925,147,47270,1024,6781,848,34,882,6.890625,6.6220703125,1411,0.1722412109375,160,0.11339475549255847,1268.0,11.71875,17.099611073221965,0.7694297039011028,0.01953125,0.24138034531249275,0.25246679453124443,848,859,1.0129716981132075,50,50.81132075471698,3,148,0.0,1275.4734774066799,801,835,6.5234375,0.272926589062493,True
0.925,148,11091,1024,5701,713,34,747,5.8359375,5.5673828125,2491,0.3040771484375,252,0.1011641910879165,798.984375,9.55859375,19.10542074567225,0.5615089442459621,0.03076171875,0.24138034531249275,0.25246679453124443,713,724,1.0154277699859748,17,32.266932270916335,4,183,0.0,800.5479452054794,640,674,5.265625,0.272926589062493,True
0.925,149,9736,1024,6492,812,34,846,6.609375,6.33984375,1700,0.20751953125,158,0.09294117647058824,762.140625,8.11328125,19.310452490731716,0.6696055656227771,0.019287109375,0.24138034531249275,0.25246679453124443,812,823,1.0135467980295567,128,50.57324840764331,3,126,0.0,774.2380952380952,761,795,6.2109375,0.272926589062493,True
0.925,150,23206,1024,5483,686,34,720,5.625,5.3544921875,2709,0.3306884765625,450,0.16611295681063123,1205.0625,16.1796875,17.320707888937726,0.49787220050772485,0.054931640625,0.24138034531249275,0.25246679453124443,686,697,1.0160349854227406,29,18.11358574610245,3,330,0.0,1208.6033300685601,642,676,5.28125,0.272926589062493,True
0.925,151,25039,1024,7198,900,34,934,7.296875,7.029296875,994,0.121337890625,139,0.1398390342052314,1166.25,10.953125,17.462887041133538,0.5761369693546606,0.0169677734375,0.24138034531249275,0.25246679453124443,900,911,1.0122222222222221,400,55.01449275362319,2,131,0.0,1226.1190965092403,874,908,7.09375,0.272926589062493,True
0.925,152,21014,1024,10,2,34,36,0.28125,0.009765625,8182,0.998779296875,2912,0.3559032021510633,17491.58984375,96.634765625,5.702510757466874,0.045170081610979684,0.35546875,0.24138034531249275,0.25246679453124443,2,10,5.0,87,2.750944692545517,8,1577,0.0,17664.090729783038,4,38,0.296875,0.272926589062493,True
0.925,153,32412,1024,6987,874,34,908,7.09375,6.8232421875,1205,0.1470947265625,171,0.14190871369294605,1245.625,11.640625,17.176930448233477,0.5820880246930776,0.0208740234375,0.24138034531249275,0.25246679453124443,874,885,1.0125858123569793,50,47.72352941176471,3,153,0.0,1252.966601178782,828,862,6.734375,0.272926589062493,True
0.925,154,34022,1024,4605,576,34,610,4.765625,4.4970703125,3587,0.4378662109375,570,0.15890716476163924,1535.5869140625,17.7705078125,16.268059583698353,0.4335174454938633,0.069580078125,0.24138034531249275,0.25246679453124443,576,587,1.0190972222222223,512,13.488576449912127,5,487,0.0,1637.959375,531,565,4.4140625,0.272926589062493,True
0.925,155,21369,1024,5395,675,34,709,5.5390625,5.2685546875,2797,0.3414306640625,182,0.0650697175545227,972.59375,8.390625,18.251488864533883,0.692470996986302,0.022216796875,0.24138034531249275,0.25246679453124443,675,686,1.0162962962962963,260,37.569060773480665,4,140,0.0,1003.9677419354839,601,635,4.9609375,0.272926589062493,True
0.925,156,41654,1024,6514,815,34,849,6.6328125,6.361328125,1678,0.204833984375,249,0.14839094159713945,1684.5625,15.0546875,15.86593232222436,0.6714937711831177,0.0303955078125,0.24138034531249275,0.25246679453124443,815,826,1.0134969325153373,58,32.12903225806452,3,203,0.0,1696.15732546706,775,809,6.3203125,0.272926589062493,True
0.925,157,11953,1024,46,6,34,40,0.3125,0.044921875,8146,0.994384765625,3889,0.4774122268598085,24388.48828125,139.650390625,4.258954794331634,0.0642165762655517,0.4747314453125,0.24138034531249275,0.25246679453124443,6,14,2.3333333333333335,55,2.0920781893004117,8,2012,0.0,24532.231827111984,9,43,0.3359375,0.272926589062493,True
0.925,158,13700,1024,6336,792,34,826,6.453125,6.1875,1856,0.2265625,186,0.10021551724137931,850.125,9.046875,18.83597573013674,0.8174703549776337,0.022705078125,0.24138034531249275,0.25246679453124443,792,803,1.0138888888888888,104,40.23783783783784,4,136,0.0,861.0563798219584,719,753,5.8828125,0.272926589062493,True
0.925,159,38205,1024,5479,685,34,719,5.6171875,5.3505859375,2713,0.3311767578125,529,0.19498709915223,1892.578125,27.20703125,15.360265447929757,0.5224542441163488,0.0645751953125,0.24138034531249275,0.25246679453124443,685,696,1.0160583941605839,257,14.590909090909092,3,497,0.0,1953.6290322580646,633,667,5.2109375,0.272926589062493,True
0.925,160,40129,1024,5662,708,34,742,5.796875,5.529296875,2530,0.308837890625,63,0.024901185770750987,72.6875,1.6484375,29.516206287953864,0.9003305545750391,0.0076904296875,0.24138034531249275,0.25246679453124443,708,719,1.015536723163842,259,123.88709677419355,3,55,0.0,75.03225806451613,628,662,5.171875,0.272926589062493,True
0.925,161,17080,1024,5227,654,34,688,5.375,5.1044921875,2965,0.3619384765625,341,0.11500843170320404,1297.525390625,12.513671875,16.999644957728965,0.6711998180006766,0.0416259765625,0.24138034531249275,0.25246679453124443,654,665,1.0168195718654434,93,23.361764705882354,5,303,0.0,1311.6150049358341,589,623,4.8671875,0.272926589062493,True
0.925,162,1505,1024,6575,822,34,856,6.6875,6.4208984375,1617,0.1973876953125,234,0.14471243042671614,2058.375,16.703125,14.995558623585765,0.5939980171872009,0.028564453125,0.24138034531249275,0.25246679453124443,822,833,1.0133819951338199,147,34.37339055793991,3,203,0.0,2095.2047713717693,790,824,6.4375,0.272926589062493,True
0.925,163,36391,1024,6752,844,34,878,6.859375,6.59375,1440,0.17578125,174,0.12083333333333333,1048.4375,10.7109375,17.925378146828056,0.6792475467084848,0.021240234375,0.24138034531249275,0.25246679453124443,844,855,1.0130331753554502,11,45.959537572254334,3,159,0.0,1049.4623655913979,790,824,6.4375,0.272926589062493,True
0.925,164,24660,1024,6476,810,34,844,6.59375,6.32421875,1716,0.20947265625,225,0.13111888111888112,1248.53125,12.265625,17.166809439100494,0.6030622603901569,0.0274658203125,0.24138034531249275,0.25246679453124443,810,821,1.0135802469135802,163,35.63392857142857,3,197,0.0,1273.402390438247,759,793,6.1953125,0.272926589062493,True
0.925,165,24061,1024,5119,640,34,674,5.265625,4.9990234375,3073,0.3751220703125,416,0.13537260006508298,1716.2998046875,17.3310546875,15.784872078046773,0.485896387912398,0.05078125,0.24138034531249275,0.25246679453124443,640,651,1.0171875,22,19.159036144578312,5,334,0.0,1719.6585127201565,583,617,4.8203125,0.272926589062493,True
0.925,166,10964,1024,5161,646,34,680,5.3125,5.0400390625,3031,0.3699951171875,217,0.07159353348729793,543.9375,7.5625,20.775313600015085,0.7014945764155656,0.0264892578125,0.24138034531249275,0.25246679453124443,646,657,1.0170278637770898,69,36.550925925925924,4,182,0.0,548.2204724409448,579,613,4.7890625,0.272926589062493,True
0.925,167,20807,1024,6910,864,34,898,7.015625,6.748046875,1282,0.156494140625,158,0.12324492979719189,1424.5625,12.1484375,16.593988530209668,0.7018130125938122,0.019287109375,0.24138034531249275,0.25246679453124443,864,875,1.0127314814814814,9,52.07643312101911,3,144,0.0,1425.9550342130988,818,852,6.65625,0.272926589062493,True
0.925,168,33388,1024,7279,910,34,944,7.375,7.1083984375,913,0.1114501953125,161,0.17634173055859803,1545.5,13.90625,16.240113514685866,0.6875115689815594,0.0196533203125,0.24138034531249275,0.25246679453124443,910,921,1.012087912087912,90,50.24375,3,153,0.0,1562.2823297137215,881,915,7.1484375,0.272926589062493,True
0.925,169,34571,1024,6127,766,34,800,6.25,5.9833984375,2065,0.2520751953125,185,0.08958837772397095,1233.765625,11.01171875,17.218476950416377,0.8554381938591993,0.0225830078125,0.24138034531249275,0.25246679453124443,766,777,1.014360313315927,93,41.858695652173914,4,165,0.0,1247.162882527147,723,757,5.9140625,0.272926589062493,True
0.925,170,21194,1024,6442,806,34,840,6.5625,6.291015625,1750,0.213623046875,127,0.07257142857142856,569.0625,6.5546875,20.579203933928962,0.5959955098496876,0.0155029296875,0.24138034531249275,0.25246679453124443,806,817,1.0136476426799008,18,64.83333333333333,2,114,0.0,570.1761252446184,770,804,6.28125,0.272926589062493,True
0.925,171,32696,1024,6362,796,34,830,6.484375,6.212890625,1830,0.223388671875,170,0.09289617486338798,1101.828125,9.87890625,17.70966506992516,0.7725483568116188,0.020751953125,0.24138034531249275,0.25246679453124443,796,807,1.013819095477387,9,48.248520710059175,3,142,0.0,1102.9051808406648,730,764,5.96875,0.272926589062493,True
0.925,172,46005,1024,4254,532,34,566,4.421875,4.154296875,3938,0.480712890625,602,0.15286947689182326,408.5341796875,10.7138671875,22.018519635767117,0.5351199707792643,0.073486328125,0.24138034531249275,0.25246679453124443,532,543,1.0206766917293233,2932,8.703826955074875,4,430,0.0,635.773556231003,459,493,3.8515625,0.272926589062493,True
0.925,173,19269,1024,3865,484,34,518,4.046875,3.7744140625,4327,0.5281982421875,433,0.10006933210076266,877.5390625,10.220703125,18.698139032507157,0.4617195131171603,0.0528564453125,0.24138034531249275,0.25246679453124443,484,495,1.0227272727272727,250,18.375,4,352,0.0,904.9345417925479,437,471,3.6796875,0.272926589062493,True
0.925,174,5503,1024,7158,895,34,929,7.2578125,6.990234375,1034,0.126220703125,136,0.13152804642166344,1162.8125,10.3828125,17.475706691662822,0.7610897727018007,0.0166015625,0.24138034531249275,0.25246679453124443,895,906,1.012290502793296,89,59.97037037037037,2,125,0.0,1175.4392892398816,860,894,6.984375,0.272926589062493,True
0.925,175,32979,1024,5688,711,34,745,5.8203125,5.5546875,2504,0.3056640625,304,0.12140575079872204,2348.53125,20.546875,14.422840175058642,0.5283525418476143,0.037109375,0.24138034531249275,0.25246679453124443,711,722,1.0154711673699015,9,26.980198019801982,4,264,0.0,2350.826979472141,660,694,5.421875,0.272926589062493,True
0.925,176,32764,1024,6780,848,34,882,6.890625,6.62109375,1412,0.17236328125,189,0.13385269121813032,995.9375,10.4296875,18.148482757140837,0.6879003184917775,0.0230712890625,0.24138034531249275,0.25246679453124443,848,859,1.0129716981132075,128,40.17553191489362,3,157,0.0,1011.7460317460317,799,833,6.5078125,0.272926589062493,True
0.925,177,36396,1024,5687,711,34,745,5.8203125,5.5537109375,2505,0.3057861328125,193,0.07704590818363273,506.125,6.09375,21.088225710914404,0.7059998906014663,0.0235595703125,0.24138034531249275,0.25246679453124443,711,722,1.0154711673699015,84,41.328125,5,138,0.0,511.1163708086785,653,687,5.3671875,0.272926589062493,True
0.925,178,16139,1024,3234,405,34,439,3.4296875,3.158203125,4958,0.605224609375,1029,0.20754336425978218,1662.08203125,18.306640625,15.924279064980016,0.5138805257925511,0.1256103515625,0.24138034531249275,0.25246679453124443,405,393,0.9703703703703703,261,7.571011673151751,4,852,0.0,1715.6975806451612,324,358,2.796875,0.272926589062493,True
0.925,179,32110,1024,35,5,34,39,0.3046875,0.0341796875,8157,0.9957275390625,3176,0.389358832904254,18629.8837890625,108.2919921875,5.428702150391023,0.08397711781530663,0.3876953125,0.24138034531249275,0.25246679453124443,5,13,2.6,173,2.5253543307086614,8,1633,0.0,19019.941176470587,6,40,0.3125,0.272926589062493,True
0.925,180,37930,1024,6055,757,34,791,6.1796875,5.9130859375,2137,0.2608642578125,373,0.17454375292466073,2539.546875,23.60546875,14.08324127414277,0.7195856341846331,0.0455322265625,0.24138034531249275,0.25246679453124443,757,768,1.0145310435931307,77,21.75537634408602,4,318,0.0,2562.0650246305418,704,738,5.765625,0.272926589062493,True
0.925,181,5624,1024,6622,828,34,862,6.734375,6.466796875,1570,0.191650390625,111,0.07070063694267516,498.890625,5.35546875,21.150750179810895,0.7945522039680154,0.0135498046875,0.24138034531249275,0.25246679453124443,828,839,1.0132850241545894,403,69.93636363636364,3,88,0.0,524.5010266940452,774,808,6.3125,0.272926589062493,True
0.925,182,37946,1024,5985,749,34,783,6.1171875,5.8447265625,2207,0.2694091796875,246,0.11146352514725873,1690.375,13.625,15.85097299825508,0.5982842969450711,0.030029296875,0.24138034531249275,0.25246679453124443,749,760,1.014686248331108,28,32.12244897959184,3,191,0.0,1695.341821743389,679,713,5.5703125,0.272926589062493,True
0.925,183,6616,1024,6968,871,34,905,7.0703125,6.8046875,1224,0.1494140625,138,0.11274509803921569,764.1875,7.9609375,19.298804313174344,0.7760990727395456,0.016845703125,0.24138034531249275,0.25246679453124443,871,882,1.0126291618828933,18,59.51094890510949,2,129,0.0,765.6829745596868,832,866,6.765625,0.272926589062493,True
0.925,184,11706,1024,6101,763,34,797,6.2265625,5.9580078125,2091,0.2552490234375,255,0.12195121951219512,2118.515625,18.90234375,14.870486894030968,0.5817983949979425,0.0311279296875,0.24138034531249275,0.25246679453124443,763,774,1.0144167758846658,203,31.236220472440944,3,234,0.0,2171.5315315315315,733,767,5.9921875,0.272926589062493,True
0.925,185,10558,1024,14,2,34,36,0.28125,0.013671875,8178,0.998291015625,3045,0.3723404255319149,10764.248046875,72.060546875,7.810966639586658,0.1145221320208086,0.3717041015625,0.24138034531249275,0.25246679453124443,2,10,5.0,108,2.644875164257556,8,1690,0.0,10902.660731948567,5,39,0.3046875,0.272926589062493,True
0.925,186,18351,1024,10,2,34,36,0.28125,0.009765625,8182,0.998779296875,2574,0.3145930090442435,9704.8349609375,70.2744140625,8.260922066317915,0.038040394839714185,0.314208984375,0.24138034531249275,0.25246679453124443,2,10,5.0,71,3.1496307811892734,8,1489,0.0,9781.250984251968,4,38,0.296875,0.272926589062493,True
0.925,187,15023,1024,5904,738,34,772,6.03125,5.765625,2288,0.279296875,340,0.1486013986013986,2125.486328125,19.302734375,14.856220450905113,0.4891674170610526,0.04150390625,0.24138034531249275,0.25246679453124443,738,749,1.0149051490514904,239,23.43952802359882,4,259,0.0,2187.435175879397,683,717,5.6015625,0.272926589062493,True
0.925,188,9490,1024,5438,680,34,714,5.578125,5.310546875,2754,0.336181640625,355,0.12890341321713872,925.953125,12.92578125,18.46491359141825,0.44663186269202326,0.0433349609375,0.24138034531249275,0.25246679453124443,680,691,1.0161764705882352,275,22.081920903954803,5,286,0.0,957.7535353535353,628,662,5.171875,0.272926589062493,True
0.925,189,6355,1024,5957,745,34,779,6.0859375,5.8173828125,2235,0.2728271484375,195,0.087248322147651,884.8125,10.2578125,18.662291114612234,0.7169820863996957,0.0238037109375,0.24138034531249275,0.25246679453124443,745,756,1.014765100671141,8,41.73711340206186,3,178,0.0,885.6774193548387,686,720,5.625,0.272926589062493,True
0.925,190,8857,1024,4119,515,34,549,4.2890625,4.0224609375,4073,0.4971923828125,226,0.05548735575742696,616.9658203125,6.8662109375,20.228192559284196,0.6330325555582684,0.027587890625,0.24138034531249275,0.25246679453124443,515,526,1.021359223300971,238,31.96,4,152,0.0,634.9477386934674,432,466,3.640625,0.272926589062493,True
0.925,191,31811,1024,5458,683,34,717,5.6015625,5.330078125,2734,0.333740234375,480,0.1755669348939283,3145.546875,28.01171875,13.153841994339448,0.5552319824168236,0.05859375,0.24138034531249275,0.25246679453124443,683,694,1.0161054172767203,212,16.647181628392484,3,402,0.0,3227.49498997996,622,656,5.125,0.272926589062493,True
0.925,192,10400,1024,6791,849,34,883,6.8984375,6.6318359375,1401,0.1710205078125,117,0.0835117773019272,681.0,6.84375,19.79933248955125,0.6520274404891364,0.0142822265625,0.24138034531249275,0.25246679453124443,849,860,1.0129564193168434,162,64.6896551724138,3,100,0.0,694.5657370517928,794,828,6.46875,0.272926589062493,True
0.925,193,275,1024,6293,787,34,821,6.4140625,6.1455078125,1899,0.2318115234375,114,0.06003159557661927,627.125,6.671875,20.157262468321022,0.8240686791683648,0.013916015625,0.24138034531249275,0.25246679453124443,787,798,1.013977128335451,25,70.03539823008849,3,101,0.0,628.9676787463271,715,749,5.8515625,0.272926589062493,True
0.925,194,26152,1024,10,2,34,36,0.28125,0.009765625,8182,0.998779296875,3706,0.45294549010022,18343.6904296875,117.4931640625,5.495936482897765,0.05140453878207003,0.452392578125,0.24138034531249275,0.25246679453124443,2,10,5.0,287,2.1333333333333333,8,1888,0.0,18992.86046511628,4,38,0.296875,0.272926589062493,True
0.925,195,13037,1024,49,7,34,41,0.3203125,0.0478515625,8143,0.9940185546875,3083,0.37860739285275696,15929.9951171875,93.7802734375,6.108647181853507,0.04805064125340125,0.3763427734375,0.24138034531249275,0.25246679453124443,7,15,2.142857142857143,271,2.5697598961713175,11,1466,0.0,16460.459132189706,6,40,0.3125,0.272926589062493,True
0.925,196,41203,1024,6760,845,34,879,6.8671875,6.6015625,1432,0.1748046875,124,0.08659217877094973,742.5,8.0,19.423839028786606,0.6998669356492927,0.01513671875,0.24138034531249275,0.25246679453124443,845,856,1.01301775147929,609,61.26829268292683,3,115,0.0,802.0253164556962,815,849,6.6328125,0.272926589062493,True
0.925,197,43709,1024,4809,602,34,636,4.96875,4.6962890625,3383,0.4129638671875,285,0.08424475317765297,405.984375,6.62109375,22.045710415317522,0.613209863716298,0.0347900390625,0.24138034531249275,0.25246679453124443,602,613,1.0182724252491695,67,28.580985915492956,3,239,0.0,409.18110236220474,548,582,4.546875,0.272926589062493,True
0.925,198,43572,1024,5460,683,34,717,5.6015625,5.33203125,2732,0.33349609375,543,0.19875549048316252,1991.71484375,18.78125,15.138532008016771,0.44371427950741366,0.0662841796875,0.24138034531249275,0.25246679453124443,683,694,1.0161054172767203,11,14.909594095940959,5,449,0.0,1993.661779081134,659,693,5.4140625,0.272926589062493,True
0.925,199,23390,1024,6529,817,34,851,6.6484375,6.3759765625,1663,0.2030029296875,118,0.07095610342754059,391.625,4.828125,22.20209952978149,0.8901430758363547,0.014404296875,0.24138034531249275,0.25246679453124443,817,828,1.0134638922888617,144,67.97435897435898,3,91,0.0,398.63220675944336,763,797,6.2265625,0.272926589062493,True
0.95,0,712,1024,6768,846,34,880,6.875,6.609375,1424,0.173828125,131,0.09199438202247191,971.375,8.953125,18.256934388996832,0.8381618154997875,0.0159912109375,0.24138034531249275,0.25246679453124443,846,857,1.0130023640661938,168,61.36153846153846,3,105,0.0,991.7128614157527,767,801,6.2578125,0.272926589062493,True
0.95,1,24774,1024,6789,849,34,883,6.8984375,6.6298828125,1403,0.1712646484375,117,0.08339272986457591,684.0625,7.4609375,19.779845776198847,0.8217682003148455,0.0142822265625,0.24138034531249275,0.25246679453124443,849,860,1.0129564193168434,418,64.81896551724138,2,108,0.0,720.6584362139918,757,791,6.1796875,0.272926589062493,True
0.95,2,45142,1024,7161,896,34,930,7.265625,6.9931640625,1031,0.1258544921875,68,0.06595538312318137,339.25,4.265625,22.825605045361357,0.8033281039475157,0.00830078125,0.24138034531249275,0.25246679453124443,896,907,1.0122767857142858,34,115.46268656716418,2,67,0.0,340.58039215686273,845,879,6.8671875,0.272926589062493,True
0.95,3,27119,1024,37,5,34,39,0.3046875,0.0361328125,8155,0.9954833984375,2524,0.3095033721643164,13518.1220703125,72.7529296875,6.821639970098989,0.07200118020756531,0.30810546875,0.24138034531249275,0.25246679453124443,5,13,2.6,245,3.1494252873563218,35,1200,0.0,13926.113682092555,7,41,0.3203125,0.272926589062493,True
0.95,4,21139,1024,6599,825,34,859,6.7109375,6.4443359375,1593,0.1944580078125,66,0.04143126177024482,235.9375,3.2265625,24.402833875586282,0.947724725933911,0.008056640625,0.24138034531249275,0.25246679453124443,825,836,1.0133333333333334,771,107.93846153846154,3,61,0.0,260.3448275862069,695,729,5.6953125,0.272926589062493,True
0.95,5,19129,1024,6454,807,34,841,6.5703125,6.302734375,1738,0.212158203125,103,0.059263521288837745,445.25,5.234375,21.644764327326293,0.8355960686310324,0.0125732421875,0.24138034531249275,0.25246679453124443,807,818,1.01363073110285,81,77.42156862745098,3,89,0.0,449.64102564102564,714,748,5.84375,0.272926589062493,True
0.95,6,6433,1024,6084,761,34,795,6.2109375,5.94140625,2108,0.25732421875,141,0.06688804554079697,689.265625,7.87890625,19.746937409332407,0.536309342720271,0.0172119140625,0.24138034531249275,0.25246679453124443,761,772,1.014454664914586,946,49.83571428571429,3,121,0.0,779.0375275938189,663,697,5.4453125,0.272926589062493,True
0.95,7,38854,1024,6705,839,34,873,6.8203125,6.5478515625,1487,0.1815185546875,94,0.06321452589105582,816.5625,7.3671875,19.010909294604907,0.7338647306994787,0.011474609375,0.24138034531249275,0.25246679453124443,839,850,1.0131108462455305,48,78.64516129032258,2,90,0.0,821.3752455795678,742,776,6.0625,0.272926589062493,True
0.95,8,22489,1024,6925,866,34,900,7.03125,6.7626953125,1267,0.1546630859375,91,0.0718232044198895,917.828125,7.95703125,18.5031899922298,0.8049166997573881,0.0111083984375,0.24138034531249275,0.25246679453124443,866,877,1.01270207852194,257,85.42222222222222,2,88,0.0,947.4354838709677,751,785,6.1328125,0.272926589062493,True
0.95,9,31104,1024,5862,733,34,767,5.9921875,5.724609375,2330,0.284423828125,278,0.11931330472103004,1063.94140625,12.173828125,17.861626498665856,0.8342906423271548,0.033935546875,0.24138034531249275,0.25246679453124443,733,744,1.015006821282401,114,28.306859205776174,3,246,0.0,1078.689108910891,630,664,5.1875,0.272926589062493,True
0.95,10,21349,1024,6896,862,34,896,7.0,6.734375,1296,0.158203125,50,0.038580246913580245,192.6875,2.4140625,25.28226818797327,0.8300948767952819,0.006103515625,0.24138034531249275,0.25246679453124443,862,873,1.0127610208816706,72,158.71428571428572,3,40,0.0,194.39605911330048,788,822,6.421875,0.272926589062493,True
0.95,11,29116,1024,6311,789,34,823,6.4296875,6.1630859375,1881,0.2296142578125,129,0.0685805422647528,564.96875,6.125,20.610559344252806,0.8667836805753322,0.0157470703125,0.24138034531249275,0.25246679453124443,789,800,1.0139416983523448,140,60.96875,3,107,0.0,574.506454816286,696,730,5.703125,0.272926589062493,True
0.95,12,10772,1024,7259,908,34,942,7.359375,7.0888671875,933,0.1138916015625,84,0.09003215434083602,646.75,6.234375,20.023439234793294,0.8457196879524407,0.01025390625,0.24138034531249275,0.25246679453124443,908,919,1.0121145374449338,24,92.26506024096386,2,80,0.0,648.6503428011753,831,865,6.7578125,0.272926589062493,True
0.95,13,18332,1024,7238,905,34,939,7.3359375,7.068359375,954,0.116455078125,29,0.03039832285115304,207.0,2.15625,24.971100154109926,0.9243653388467111,0.0035400390625,0.24138034531249275,0.25246679453124443,905,916,1.0121546961325967,1024,215.14285714285714,2,27,0.0,236.57142857142858,809,843,6.5859375,0.272926589062493,True
0.95,14,1003,1024,7041,881,34,915,7.1484375,6.8759765625,1151,0.1405029296875,144,0.12510860121633363,724.8125,7.7890625,19.52854686361664,0.7445606302458061,0.017578125,0.24138034531249275,0.25246679453124443,881,892,1.0124858115777526,187,53.13986013986014,2,105,0.0,741.4665334665335,793,827,6.4609375,0.272926589062493,True
0.95,15,22156,1024,7014,877,34,911,7.1171875,6.849609375,1178,0.143798828125,57,0.04838709677419355,368.5625,3.9765625,22.465692157460285,0.8504690690342245,0.0069580078125,0.24138034531249275,0.25246679453124443,877,888,1.0125427594070695,137,140.60714285714286,2,56,0.0,374.7845084409136,797,831,6.4921875,0.272926589062493,True
0.95,16,26453,1024,6471,809,34,843,6.5859375,6.3193359375,1721,0.2100830078125,73,0.04241719930273097,343.3125,3.7890625,22.77390744502476,0.8517800677653922,0.0089111328125,0.24138034531249275,0.25246679453124443,809,820,1.0135970333745365,226,107.54166666666667,3,64,0.0,352.96385542168673,707,741,5.7890625,0.272926589062493,True
0.95,17,17039,1024,6583,823,34,857,6.6953125,6.4287109375,1609,0.1964111328125,47,0.029210689869484153,70.25,1.390625,29.664340322907925,0.9664170370952108,0.0057373046875,0.24138034531249275,0.25246679453124443,823,834,1.0133657351154313,10,173.93478260869566,2,41,0.0,70.31867057673509,726,760,5.9375,0.272926589062493,True
0.95,18,7166,1024,6591,824,34,858,6.703125,6.4365234375,1601,0.1954345703125,99,0.06183635227982511,513.75,5.421875,21.023285259837845,0.7943189700965869,0.0120849609375,0.24138034531249275,0.25246679453124443,824,835,1.0133495145631068,218,81.31632653061224,3,84,0.0,527.6629889669007,722,756,5.90625,0.272926589062493,True
0.95,19,48310,1024,5965,746,34,780,6.09375,5.8251953125,2227,0.2718505859375,118,0.05298607992815447,638.759765625,6.6484375,20.077428079996942,0.8432514874147217,0.014404296875,0.24138034531249275,0.25246679453124443,746,757,1.0147453083109919,55,67.3076923076923,3,109,0.0,642.524557956778,652,686,5.359375,0.272926589062493,True
0.95,20,12187,1024,5549,694,34,728,5.6875,5.4189453125,2643,0.3226318359375,81,0.03064699205448354,247.84375,2.7578125,24.18902389310162,0.918886135762906,0.0098876953125,0.24138034531249275,0.25246679453124443,694,705,1.015850144092219,507,76.7875,3,60,0.0,264.09157127991676,572,606,4.734375,0.272926589062493,True
0.95,21,20284,1024,5485,686,34,720,5.625,5.3564453125,2707,0.3304443359375,123,0.04543775397118582,987.8125,8.6640625,18.184058433482367,0.7361481302612103,0.0150146484375,0.24138034531249275,0.25246679453124443,686,697,1.0160349854227406,499,61.57377049180328,3,110,0.0,1051.4760914760914,583,617,4.8203125,0.272926589062493,True
0.95,22,1052,1024,6807,851,34,885,6.9140625,6.6474609375,1385,0.1690673828125,80,0.05776173285198556,574.5,5.46875,20.537903278436062,0.8953748268405384,0.009765625,0.24138034531249275,0.25246679453124443,851,862,1.0129259694477086,490,94.56962025316456,3,72,0.0,610.8909657320872,753,787,6.1484375,0.272926589062493,True
0.95,23,13752,1024,4984,623,34,657,5.1328125,4.8671875,3208,0.3916015625,135,0.042082294264339154,253.65625,3.4921875,24.088347932207107,0.6976383376107385,0.0164794921875,0.24138034531249275,0.25246679453124443,623,634,1.0176565008025682,516,55.156716417910445,3,112,0.0,270.56666666666666,518,552,4.3125,0.272926589062493,True
0.95,24,37139,1024,6659,833,34,867,6.7734375,6.5029296875,1533,0.1871337890625,145,0.09458577951728636,546.0,6.65625,20.758877181631732,0.8101830026727894,0.0177001953125,0.24138034531249275,0.25246679453124443,833,844,1.0132052821128452,44,52.263888888888886,3,124,0.0,548.6790971540726,734,768,6.0,0.272926589062493,True
0.95,25,29727,1024,7479,935,34,969,7.5703125,7.3037109375,713,0.0870361328125,40,0.056100981767180924,294.0,3.0625,23.447330304557532,0.9682752674135489,0.0048828125,0.24138034531249275,0.25246679453124443,935,946,1.011764705882353,17,201.64102564102564,2,38,0.0,294.5753424657534,868,902,7.046875,0.272926589062493,True
0.95,26,41854,1024,6436,805,34,839,6.5546875,6.28515625,1756,0.21435546875,38,0.02164009111617312,109.5,1.71875,27.73666241691773,0.889573901755854,0.004638671875,0.24138034531249275,0.25246679453124443,805,816,1.013664596273292,184,198.75675675675674,2,34,0.0,112.01598401598402,702,736,5.75,0.272926589062493,True
0.95,27,40333,1024,7332,917,34,951,7.4296875,7.16015625,860,0.10498046875,54,0.06279069767441861,451.8125,4.1015625,21.58122118776866,0.8613412049802097,0.006591796875,0.24138034531249275,0.25246679453124443,917,928,1.0119956379498365,8,151.43396226415095,2,52,0.0,452.25415444770283,837,871,6.8046875,0.272926589062493,True
0.95,28,33248,1024,12,2,34,36,0.28125,0.01171875,8180,0.99853515625,3277,0.40061124694376526,10005.841796875,80.859375,8.128267289292916,0.17856737380555399,0.4000244140625,0.24138034531249275,0.25246679453124443,2,10,5.0,375,2.385836385836386,8,1828,0.0,10476.464212678937,4,38,0.296875,0.272926589062493,True
0.95,29,9680,1024,6868,859,34,893,6.9765625,6.70703125,1324,0.16162109375,76,0.05740181268882175,825.5625,6.0078125,18.96330403344647,0.8360046904674431,0.00927734375,0.24138034531249275,0.25246679453124443,859,870,1.0128055878928988,17,102.18666666666667,2,65,0.0,827.1780821917808,760,794,6.203125,0.272926589062493,True
0.95,30,16805,1024,7254,907,34,941,7.3515625,7.083984375,938,0.114501953125,38,0.04051172707889126,265.0,2.65625,23.898344869311025,0.8982347146396435,0.004638671875,0.24138034531249275,0.25246679453124443,907,918,1.0121278941565601,19,219.64864864864865,2,37,0.0,265.51859099804307,828,862,6.734375,0.272926589062493,True
0.95,31,14652,1024,6007,751,34,785,6.1328125,5.8662109375,2185,0.2667236328125,77,0.035240274599542334,553.8125,5.1796875,20.697176069669165,0.6421978349306313,0.0093994140625,0.24138034531249275,0.25246679453124443,751,762,1.014647137150466,1816,80.42105263157895,2,61,0.0,711.5483061480552,639,673,5.2578125,0.272926589062493,True
0.95,32,15793,1024,6371,797,34,831,6.4921875,6.2216796875,1821,0.2222900390625,72,0.039538714991762765,199.5,2.6875,25.131374608451434,0.8857217545320112,0.0087890625,0.24138034531249275,0.25246679453124443,797,808,1.013801756587202,243,101.94366197183099,2,65,0.0,205.5211267605634,673,707,5.5234375,0.272926589062493,True
0.95,33,30210,1024,5384,673,34,707,5.5234375,5.2578125,2808,0.3427734375,132,0.04700854700854701,434.21875,4.75,21.753717880744254,0.8549666102764448,0.01611328125,0.24138034531249275,0.25246679453124443,673,684,1.0163447251114412,35,61.12977099236641,3,117,0.0,435.921568627451,559,593,4.6328125,0.272926589062493,True
0.95,34,47426,1024,6756,845,34,879,6.8671875,6.59765625,1436,0.17529296875,103,0.07172701949860724,738.578125,7.14453125,19.446839201747718,0.808954038185688,0.0125732421875,0.24138034531249275,0.25246679453124443,845,856,1.01301775147929,10,75.2156862745098,3,97,0.0,739.3000977517106,786,820,6.40625,0.272926589062493,True
0.95,35,20875,1024,6736,842,34,876,6.84375,6.578125,1456,0.177734375,64,0.04395604395604396,274.2646484375,2.9052734375,23.74910528392604,0.9508401313169176,0.0078125,0.24138034531249275,0.25246679453124443,842,853,1.013064133016627,248,123.57142857142857,3,59,0.0,282.8267875125881,731,765,5.9765625,0.272926589062493,True
0.95,36,4161,1024,7045,881,34,915,7.1484375,6.8798828125,1147,0.1400146484375,128,0.11159546643417612,741.8125,7.1796875,19.427862136826995,0.854841541630208,0.015625,0.24138034531249275,0.25246679453124443,881,892,1.0124858115777526,193,61.61417322834646,3,107,0.0,759.616,795,829,6.4765625,0.272926589062493,True
0.95,37,40340,1024,6284,786,34,820,6.40625,6.13671875,1908,0.23291015625,157,0.08228511530398323,828.125,8.71875,18.949844652510084,0.7084749889183354,0.0191650390625,0.24138034531249275,0.25246679453124443,786,797,1.0139949109414759,228,50.40384615384615,3,130,0.0,851.4056224899598,698,732,5.71875,0.272926589062493,True
0.95,38,28286,1024,7058,883,34,917,7.1640625,6.892578125,1134,0.138427734375,64,0.0564373897707231,363.1875,3.8984375,22.52949468085062,0.962506698891051,0.0078125,0.24138034531249275,0.25246679453124443,883,894,1.0124575311438277,27,128.85714285714286,2,61,0.0,364.25465230166503,791,825,6.4453125,0.272926589062493,True
0.95,39,13256,1024,7335,917,34,951,7.4296875,7.1630859375,857,0.1046142578125,50,0.058343057176196034,325.443359375,3.076171875,23.00604946616118,0.9533444234475258,0.006103515625,0.24138034531249275,0.25246679453124443,917,928,1.0119956379498365,164,156.6734693877551,2,43,0.0,331.92629482071715,833,867,6.7734375,0.272926589062493,True
0.95,40,48934,1024,6936,867,34,901,7.0390625,6.7734375,1256,0.1533203125,101,0.0804140127388535,491.3125,5.7890625,21.217225472481203,0.8901146089291976,0.0123291015625,0.24138034531249275,0.25246679453124443,867,878,1.0126874279123415,258,76.71,2,99,0.0,507.16129032258067,786,820,6.40625,0.272926589062493,True
0.95,41,11935,1024,5973,747,34,781,6.1015625,5.8330078125,2219,0.2708740234375,114,0.05137449301487156,733.96875,6.8046875,19.474027914034405,0.6026893452447614,0.013916015625,0.24138034531249275,0.25246679453124443,747,758,1.0147255689424364,227,68.46017699115045,3,94,0.0,754.6024096385543,647,681,5.3203125,0.272926589062493,True
0.95,42,48447,1024,6982,873,34,907,7.0859375,6.818359375,1210,0.147705078125,69,0.05702479338842975,308.0,3.375,23.24529644367466,0.8105449458844718,0.0084228515625,0.24138034531249275,0.25246679453124443,873,884,1.0126002290950744,312,112.1470588235294,3,50,0.0,320.19492385786805,798,832,6.5,0.272926589062493,True
0.95,43,15492,1024,7657,958,34,992,7.75,7.4775390625,535,0.0653076171875,40,0.07476635514018691,343.0,3.21875,22.777862408251398,0.8886992823848853,0.0048828125,0.24138034531249275,0.25246679453124443,958,969,1.011482254697286,96,185.43589743589743,2,37,0.0,347.0671936758893,904,938,7.328125,0.272926589062493,True
0.95,44,32513,1024,7006,876,34,910,7.109375,6.841796875,1186,0.144775390625,40,0.03372681281618887,182.25,2.203125,25.52412823877898,0.9208238588770274,0.0048828125,0.24138034531249275,0.25246679453124443,876,887,1.0125570776255708,425,190.5897435897436,1,40,0.0,192.1977342945417,810,844,6.59375,0.272926589062493,True
0.95,45,36099,1024,14,2,34,36,0.28125,0.013671875,8178,0.998291015625,3812,0.4661286378087552,20775.74609375,126.677734375,4.955237318495286,0.08265445835878617,0.46533203125,0.24138034531249275,0.25246679453124443,2,10,5.0,71,2.1304119653634217,8,2075,0.0,20939.334645669293,5,39,0.3046875,0.272926589062493,True
0.95,46,39260,1024,4661,583,34,617,4.8203125,4.5517578125,3531,0.4310302734375,222,0.06287170773152082,469.3134765625,5.7451171875,21.41617335501154,0.7749046474306556,0.027099609375,0.24138034531249275,0.25246679453124443,583,594,1.0188679245283019,259,34.723981900452486,4,200,0.0,484.45262096774195,437,471,3.6796875,0.272926589062493,True
0.95,47,46517,1024,6101,763,34,797,6.2265625,5.9580078125,2091,0.2552490234375,109,0.05212816834050694,272.453125,4.15234375,23.777885673010346,0.9167855612992314,0.0133056640625,0.24138034531249275,0.25246679453124443,763,774,1.0144167758846658,258,69.4074074074074,3,98,0.0,281.241935483871,656,690,5.390625,0.272926589062493,True
0.95,48,33095,1024,7247,906,34,940,7.34375,7.0771484375,945,0.1153564453125,69,0.07301587301587302,529.0,5.21875,20.896246888327248,0.8586622225814284,0.0084228515625,0.2544253742187408,0.24454326250000236,906,917,1.0121412803532008,73,115.66176470588235,2,65,0.0,533.6906403940886,819,853,6.6640625,0.26194682656250734,True
0.95,49,3,1024,6832,854,34,888,6.9375,6.671875,1360,0.166015625,85,0.0625,550.25,5.828125,20.725203096425247,0.6917090922084537,0.0103759765625,0.2544253742187408,0.24454326250000236,854,865,1.0128805620608898,58,96.6547619047619,2,80,0.0,554.0373647984268,762,796,6.21875,0.26194682656250734,True
0.95,50,21683,1024,6864,858,34,892,6.96875,6.703125,1328,0.162109375,135,0.1016566265060241,598.0,8.3125,20.363791768794997,0.8442496584756861,0.0164794921875,0.2544253742187408,0.24454326250000236,858,869,1.0128205128205128,210,58.62686567164179,2,133,0.0,613.5791583166333,737,771,6.0234375,0.26194682656250734,True
0.95,51,13446,1024,6961,871,34,905,7.0703125,6.7978515625,1231,0.1502685546875,57,0.0463038180341186,427.8125,3.7578125,21.818268910538265,0.9306843830942028,0.0069580078125,0.2544253742187408,0.24454326250000236,871,882,1.0126291618828933,50,136.16071428571428,3,47,0.0,430.33398821218077,774,808,6.3125,0.26194682656250734,True
0.95,52,49515,1024,6349,794,34,828,6.46875,6.2001953125,1843,0.2249755859375,136,0.0737927292457949,617.0,7.03125,20.227951968346684,0.8154180198639553,0.0166015625,0.2544253742187408,0.24454326250000236,794,805,1.013853904282116,257,58.48148148148148,3,116,0.0,636.9032258064516,715,749,5.8515625,0.26194682656250734,True
0.95,53,27943,1024,7037,880,34,914,7.140625,6.8720703125,1155,0.1409912109375,88,0.0761904761904762,690.3125,6.5234375,19.740346233163816,0.8290039756944464,0.0107421875,0.2544253742187408,0.24454326250000236,880,891,1.0125,250,84.48275862068965,2,84,0.0,711.8630412890232,797,831,6.4921875,0.26194682656250734,True
0.95,54,29059,1024,7507,939,34,973,7.6015625,7.3310546875,685,0.0836181640625,71,0.10364963503649635,645.0,5.84375,20.035206462326425,0.8801921778882834,0.0086669921875,0.2544253742187408,0.24454326250000236,939,950,1.0117145899893503,9,116.12857142857143,2,67,0.0,645.6304985337243,866,900,7.03125,0.26194682656250734,True
0.95,55,32738,1024,4906,614,34,648,5.0625,4.791015625,3286,0.401123046875,75,0.02282410225197809,194.109375,2.41796875,25.25033849629757,0.8255329943515558,0.0091552734375,0.2544253742187408,0.24454326250000236,614,625,1.017915309446254,1003,90.16216216216216,3,62,0.0,221.09899888765295,484,518,4.046875,0.26194682656250734,True
0.95,56,445,1024,7229,904,34,938,7.328125,7.0595703125,963,0.1175537109375,173,0.17964693665628245,981.646484375,8.16015625,18.211252453079215,0.7610516705278323,0.0211181640625,0.2544253742187408,0.24454326250000236,904,915,1.0121681415929205,289,44.69767441860465,2,169,0.0,1017.414979757085,834,868,6.78125,0.26194682656250734,True
0.95,57,32216,1024,6896,862,34,896,7.0,6.734375,1296,0.158203125,80,0.06172839506172839,479.9375,5.1328125,21.318956759348673,0.863087242246923,0.009765625,0.2544253742187408,0.24454326250000236,862,873,1.0127610208816706,256,97.22784810126582,3,76,0.0,495.4193548387097,760,794,6.203125,0.26194682656250734,True
0.95,58,18250,1024,7287,911,34,945,7.3828125,7.1162109375,905,0.1104736328125,50,0.055248618784530384,329.0,3.21875,22.95884462917936,0.8434474260619738,0.006103515625,0.2544253742187408,0.24454326250000236,911,922,1.0120746432491767,32,160.3673469387755,3,44,0.0,330.2901960784314,839,873,6.8203125,0.26194682656250734,True
0.95,59,1684,1024,6367,796,34,830,6.484375,6.2177734375,1825,0.2227783203125,193,0.10575342465753425,959.552734375,9.302734375,18.310115135121727,0.756351033562632,0.0235595703125,0.2544253742187408,0.24454326250000236,796,807,1.013819095477387,136,39.0,3,176,0.0,975.7517378351539,704,738,5.765625,0.26194682656250734,True
0.95,60,2899,1024,6609,827,34,861,6.7265625,6.4541015625,1583,0.1932373046875,66,0.041692987997473153,175.3193359375,2.6865234375,25.69250543873586,0.9314670393123555,0.008056640625,0.2544253742187408,0.24454326250000236,827,838,1.0133010882708586,91,121.44615384615385,4,57,0.0,177.22309970384995,751,785,6.1328125,0.26194682656250734,True
0.95,61,39428,1024,6128,766,34,800,6.25,5.984375,2064,0.251953125,285,0.1380813953488372,190.6494140625,3.2080078125,25.328448860067866,0.8735045998465087,0.0347900390625,0.2544253742187408,0.24454326250000236,766,777,1.014360313315927,54,28.6443661971831,3,242,0.0,191.7730844793713,656,690,5.390625,0.26194682656250734,True
0.95,62,40758,1024,6779,848,34,882,6.890625,6.6201171875,1413,0.1724853515625,139,0.0983722576079264,894.484375,8.10546875,18.615076022256115,0.906673135909912,0.0169677734375,0.2544253742187408,0.24454326250000236,848,859,1.0129716981132075,32,58.29710144927536,3,126,0.0,897.9921568627451,783,817,6.3828125,0.26194682656250734,True
0.95,63,29154,1024,7116,890,34,924,7.21875,6.94921875,1076,0.13134765625,114,0.10594795539033457,783.875,7.609375,19.18833547084504,0.815595916276789,0.013916015625,0.2544253742187408,0.24454326250000236,890,901,1.0123595505617977,98,69.3716814159292,3,103,0.0,793.1699604743083,801,835,6.5234375,0.26194682656250734,True
0.95,64,43958,1024,6923,866,34,900,7.03125,6.7607421875,1269,0.1549072265625,45,0.03546099290780142,259.0625,2.7421875,23.99675808637543,0.7366233537889564,0.0054931640625,0.2544253742187408,0.24454326250000236,866,877,1.01270207852194,1233,157.47727272727272,2,39,0.0,304.91954022988506,778,812,6.34375,0.26194682656250734,True
0.95,65,33814,1024,7357,920,34,954,7.453125,7.1845703125,835,0.1019287109375,39,0.046706586826347304,260.25,2.734375,23.97689622685337,0.8958604334155003,0.0047607421875,0.2544253742187408,0.24454326250000236,920,931,1.0119565217391304,307,187.31578947368422,2,38,0.0,270.27991886409734,852,886,6.921875,0.26194682656250734,True
0.95,66,34153,1024,6692,837,34,871,6.8046875,6.53515625,1500,0.18310546875,100,0.06666666666666667,941.75,8.546875,18.39144731992605,0.7280780668876163,0.01220703125,0.2544253742187408,0.24454326250000236,837,848,1.013142174432497,1280,68.68686868686869,2,96,0.0,1116.148148148148,741,775,6.0546875,0.26194682656250734,True
0.95,67,43609,1024,6323,791,34,825,6.4453125,6.1748046875,1869,0.2281494140625,220,0.11771000535045478,520.283203125,5.837890625,20.96840555552072,0.8274023809390755,0.02685546875,0.2544253742187408,0.24454326250000236,791,802,1.013906447534766,197,36.49771689497717,4,174,0.0,532.77,697,731,5.7109375,0.26194682656250734,True
0.95,68,10762,1024,6514,815,34,849,6.6328125,6.361328125,1678,0.204833984375,205,0.12216924910607867,1135.185546875,10.361328125,17.580135077986835,0.7030479635891171,0.0250244140625,0.2544253742187408,0.24454326250000236,815,826,1.0134969325153373,512,34.3921568627451,5,170,0.0,1210.8645833333333,724,758,5.921875,0.26194682656250734,True
0.95,69,17898,1024,6116,765,34,799,6.2421875,5.97265625,2076,0.25341796875,123,0.059248554913294796,1155.5,9.9375,17.503104110527822,0.4696559607464396,0.0150146484375,0.2544253742187408,0.24454326250000236,765,776,1.0143790849673202,1107,53.10655737704918,3,107,0.0,1335.4762979683974,653,687,5.3671875,0.26194682656250734,True
0.95,70,43653,1024,6607,826,34,860,6.71875,6.4521484375,1585,0.1934814453125,47,0.02965299684542587,257.0,2.78125,24.031472375366157,0.8819467650801308,0.0057373046875,0.2544253742187408,0.24454326250000236,826,837,1.013317191283293,97,129.3695652173913,2,41,0.0,260.0474308300395,707,741,5.7890625,0.26194682656250734,True
0.95,71,14233,1024,7115,890,34,924,7.21875,6.9482421875,1077,0.1314697265625,133,0.12349117920148561,1113.75,10.453125,17.662926438229793,0.6637025928087447,0.0162353515625,0.2544253742187408,0.24454326250000236,890,901,1.0123595505617977,90,59.5,3,125,0.0,1125.8440276406714,806,840,6.5625,0.26194682656250734,True
0.95,72,39520,1024,6942,868,34,902,7.046875,6.779296875,1250,0.152587890625,44,0.0352,243.3125,2.5703125,24.26915939805673,0.9368986964909071,0.00537109375,0.2544253742187408,0.24454326250000236,868,879,1.012672811059908,179,103.6046511627907,2,42,0.0,248.6546906187625,763,797,6.2265625,0.26194682656250734,True
0.95,73,18138,1024,6790,849,34,883,6.8984375,6.630859375,1402,0.171142578125,81,0.05777460770328103,528.125,5.125,20.90343634574143,0.9160428208533422,0.0098876953125,0.2544253742187408,0.24454326250000236,849,860,1.0129564193168434,512,95.5375,3,71,0.0,563.3333333333334,736,770,6.015625,0.26194682656250734,True
0.95,74,9212,1024,6329,792,34,826,6.453125,6.1806640625,1863,0.2274169921875,185,0.09930220075147611,549.390625,8.24609375,20.731991166779913,0.721049786580775,0.0225830078125,0.2544253742187408,0.24454326250000236,792,803,1.0138888888888888,82,42.358695652173914,3,169,0.0,554.8086785009862,688,722,5.640625,0.26194682656250734,True
0.95,75,6456,1024,7018,878,34,912,7.125,6.853515625,1174,0.143310546875,75,0.06388415672913117,527.5625,4.9609375,20.90806443254153,0.9026687129758574,0.0091552734375,0.2544253742187408,0.24454326250000236,878,889,1.0125284738041003,131,107.36486486486487,3,70,0.0,535.936507936508,801,835,6.5234375,0.26194682656250734,True
0.95,76,22948,1024,6318,790,34,824,6.4375,6.169921875,1874,0.228759765625,178,0.09498399146211313,504.125,8.25,21.105421258522355,0.8342433546996164,0.021728515625,0.2544253742187408,0.24454326250000236,790,801,1.0139240506329115,257,44.80790960451977,2,173,0.0,520.3870967741935,691,725,5.6640625,0.26194682656250734,True
0.95,77,7591,1024,7305,914,34,948,7.40625,7.1337890625,887,0.1082763671875,55,0.06200676437429538,385.0,3.84375,22.2761963135941,0.8191163486829875,0.0067138671875,0.2544253742187408,0.24454326250000236,914,925,1.012035010940919,81,132.87037037037038,2,53,0.0,388.79684418145956,848,882,6.890625,0.26194682656250734,True
0.95,78,29996,1024,6542,818,34,852,6.65625,6.388671875,1650,0.201416015625,71,0.04303030303030303,304.1875,3.0390625,23.29938997280329,0.9340257876119827,0.0086669921875,0.2544253742187408,0.24454326250000236,818,829,1.0134474327628362,114,111.91428571428571,2,62,0.0,308.4039603960396,714,748,5.84375,0.26194682656250734,True
0.95,79,10378,1024,6219,778,34,812,6.34375,6.0732421875,1973,0.2408447265625,196,0.099341104916371,821.875,9.0625,18.982745906980586,0.8217046254076857,0.02392578125,0.2544253742187408,0.24454326250000236,778,789,1.0141388174807198,324,38.38461538461539,3,158,0.0,855.2845528455284,712,746,5.828125,0.26194682656250734,True
0.95,80,27337,1024,5590,699,34,733,5.7265625,5.458984375,2602,0.317626953125,101,0.038816295157571096,469.5625,4.3203125,21.413869546840772,0.8563332948183282,0.0123291015625,0.2544253742187408,0.24454326250000236,699,710,1.0157367668097281,42,81.3,3,79,0.0,471.8665358194308,578,612,4.78125,0.26194682656250734,True
0.95,81,19965,1024,6380,798,34,832,6.5,6.23046875,1812,0.22119140625,141,0.07781456953642384,1082.078125,9.62890625,17.788217433214452,0.7038422545112715,0.0172119140625,0.2544253742187408,0.24454326250000236,798,809,1.0137844611528821,388,55.42142857142857,3,117,0.0,1135.295081967213,675,709,5.5390625,0.26194682656250734,True
0.95,82,24405,1024,6932,867,34,901,7.0390625,6.76953125,1260,0.15380859375,139,0.11031746031746031,696.75,7.453125,19.700033834825685,0.901454530949491,0.0169677734375,0.2544253742187408,0.24454326250000236,867,878,1.0126874279123415,57,58.666666666666664,3,113,0.0,701.5457227138643,774,808,6.3125,0.26194682656250734,True
0.95,83,45135,1024,7060,883,34,917,7.1640625,6.89453125,1132,0.13818359375,95,0.08392226148409894,814.5625,7.1328125,19.02155948265422,0.9389398775987234,0.0115966796875,0.2544253742187408,0.24454326250000236,883,894,1.0124575311438277,256,81.74468085106383,2,81,0.0,840.8387096774194,792,826,6.453125,0.26194682656250734,True
0.95,84,11274,1024,6888,861,34,895,6.9921875,6.7265625,1304,0.1591796875,122,0.09355828220858896,411.0625,5.1328125,21.99172501664579,0.7723521490758961,0.014892578125,0.2544253742187408,0.24454326250000236,861,872,1.0127758420441346,260,60.93388429752066,3,114,0.0,424.3225806451613,772,806,6.296875,0.26194682656250734,True
0.95,85,1941,1024,6905,864,34,898,7.015625,6.7431640625,1287,0.1571044921875,42,0.03263403263403263,346.5,3.09375,22.733771219200847,0.819870843442182,0.005126953125,0.2544253742187408,0.24454326250000236,864,875,1.0127314814814814,450,141.65853658536585,3,35,0.0,366.54545454545456,766,800,6.25,0.26194682656250734,True
0.95,86,48940,1024,7139,893,34,927,7.2421875,6.9716796875,1053,0.1285400390625,35,0.03323836657169991,256.0,2.625,24.04840395556061,0.9277527700735498,0.0042724609375,0.2544253742187408,0.24454326250000236,893,904,1.0123180291153415,858,208.41176470588235,1,35,0.0,285.8713195201745,812,846,6.609375,0.26194682656250734,True
0.95,87,36794,1024,7053,882,34,916,7.15625,6.8876953125,1139,0.1390380859375,70,0.061457418788410885,697.75,5.984375,19.69380515707242,0.889803521767748,0.008544921875,0.2544253742187408,0.24454326250000236,882,893,1.0124716553287982,112,116.21739130434783,2,66,0.0,707.4217821782178,781,815,6.3671875,0.26194682656250734,True
0.95,88,21994,1024,6893,862,34,896,7.0,6.7314453125,1299,0.1585693359375,132,0.10161662817551963,853.6875,8.5859375,18.817814384959828,0.7415400074788022,0.01611328125,0.2544253742187408,0.24454326250000236,862,873,1.0127610208816706,204,60.80916030534351,3,126,0.0,875.0510510510511,772,806,6.296875,0.26194682656250734,True
0.95,89,49944,1024,6591,824,34,858,6.703125,6.4365234375,1601,0.1954345703125,78,0.04871955028107433,333.25,4.015625,22.903102027820136,0.8375811342927341,0.009521484375,0.2544253742187408,0.24454326250000236,824,835,1.0133495145631068,435,95.98701298701299,3,69,0.0,351.8020618556701,718,752,5.875,0.26194682656250734,True
0.95,90,43442,1024,3905,489,34,523,4.0859375,3.8134765625,4287,0.5233154296875,531,0.12386284114765571,311.07421875,9.072265625,23.20216341782922,0.7580246065102864,0.0648193359375,0.2544253742187408,0.24454326250000236,489,500,1.0224948875255624,516,14.38679245283019,2,510,0.0,331.8125,352,386,3.015625,0.26194682656250734,True
0.95,91,45096,1024,6063,758,34,792,6.1875,5.9208984375,2129,0.2598876953125,90,0.042273367778299674,379.625,4.921875,22.337255559415887,0.8819719308608607,0.010986328125,0.2544253742187408,0.24454326250000236,758,769,1.0145118733509235,748,80.87640449438203,2,82,0.0,417.546723952739,647,681,5.3203125,0.26194682656250734,True
0.95,92,42430,1024,5383,673,34,707,5.5234375,5.2568359375,2809,0.3428955078125,197,0.0701317194731221,752.40625,7.484375,19.366279664281148,0.47736060787612766,0.0240478515625,0.2544253742187408,0.24454326250000236,673,684,1.0163447251114412,260,40.11734693877551,5,131,0.0,776.6774193548387,555,589,4.6015625,0.26194682656250734,True
0.95,93,42255,1024,6296,787,34,821,6.4140625,6.1484375,1896,0.2314453125,155,0.08175105485232068,1572.75,13.265625,16.164206670108666,0.5772120198432668,0.0189208984375,0.2544253742187408,0.24454326250000236,787,798,1.013977128335451,258,49.86363636363637,3,139,0.0,1623.483870967742,687,721,5.6328125,0.26194682656250734,True
0.95,94,5771,1024,37,5,34,39,0.3046875,0.0361328125,8155,0.9954833984375,4634,0.5682403433476395,30773.818359375,161.4375,3.248989748081907,0.028658439399397873,0.565673828125,0.2544253742187408,0.24454326250000236,5,13,2.6,29,1.7606302611698683,62,1881,0.0,30864.24094025465,8,42,0.328125,0.26194682656250734,True
0.95,95,8320,1024,7106,889,34,923,7.2109375,6.939453125,1086,0.132568359375,92,0.0847145488029466,723.8125,6.8046875,19.53454281910392,0.7352332669787851,0.01123046875,0.2544253742187408,0.24454326250000236,889,900,1.0123734533183353,169,82.9010989010989,3,84,0.0,738.9670987038884,829,863,6.7421875,0.26194682656250734,True
0.95,96,48807,1024,6965,871,34,905,7.0703125,6.8017578125,1227,0.1497802734375,194,0.15810920945395274,1879.75,16.046875,15.389802673702446,0.671205392550214,0.023681640625,0.2544253742187408,0.24454326250000236,871,882,1.0126291618828933,272,39.87564766839378,3,169,0.0,1944.3070707070708,779,813,6.3515625,0.26194682656250734,True
0.95,97,2675,1024,5233,655,34,689,5.3828125,5.1103515625,2959,0.3612060546875,224,0.07570125042244001,841.640625,9.53515625,18.87953670670043,0.6654244720469952,0.02734375,0.2544253742187408,0.24454326250000236,655,666,1.016793893129771,98,36.2780269058296,5,199,0.0,851.6205533596838,551,585,4.5703125,0.26194682656250734,True
0.95,98,37658,1024,6641,831,34,865,6.7578125,6.4853515625,1551,0.1893310546875,61,0.039329464861379754,392.75,3.640625,22.189641671558995,0.9453142938964818,0.0074462890625,0.2544253742187408,0.24454326250000236,831,842,1.01323706377858,58,131.03333333333333,2,55,0.0,395.4532940019666,720,754,5.890625,0.26194682656250734,True
0.95,99,45710,1024,6887,861,34,895,6.9921875,6.7255859375,1305,0.1593017578125,80,0.06130268199233716,585.875,5.71875,20.452753943396438,0.8588618751027245,0.009765625,0.2544253742187408,0.24454326250000236,861,872,1.0127758420441346,120,99.18987341772151,3,75,0.0,594.5847373637265,769,803,6.2734375,0.26194682656250734,True
0.95,100,15813,1024,6152,769,34,803,6.2734375,6.0078125,2040,0.2490234375,72,0.03529411764705882,191.953125,2.30859375,25.298851740356977,0.8990857726160278,0.0087890625,0.2544253742187408,0.24454326250000236,769,780,1.0143042912873863,939,100.91549295774648,3,59,0.0,216.71444321940464,665,699,5.4609375,0.26194682656250734,True
0.95,101,7135,1024,7075,885,34,919,7.1796875,6.9091796875,1117,0.1363525390625,53,0.047448522829006266,276.5,2.96875,23.713852252271934,0.8370113150108802,0.0064697265625,0.2544253742187408,0.24454326250000236,885,896,1.0124293785310734,80,155.8846153846154,2,43,0.0,279.2268244575937,801,835,6.5234375,0.26194682656250734,True
0.95,102,31775,1024,6732,842,34,876,6.84375,6.57421875,1460,0.17822265625,55,0.03767123287671233,171.3125,1.90625,25.792913079843366,0.8290777426397993,0.0067138671875,0.2544253742187408,0.24454326250000236,842,853,1.013064133016627,257,146.7037037037037,4,41,0.0,176.83870967741936,756,790,6.171875,0.26194682656250734,True
0.95,103,31772,1024,6590,824,34,858,6.703125,6.435546875,1602,0.195556640625,88,0.05493133583021224,586.859375,5.36328125,20.445463140975363,0.9136989875970586,0.0107421875,0.2544253742187408,0.24454326250000236,824,835,1.0133495145631068,88,92.9080459770115,3,77,0.0,593.2319842053307,719,753,5.8828125,0.26194682656250734,True
0.95,104,25160,1024,5983,748,34,782,6.109375,5.8427734375,2209,0.2696533203125,72,0.032593933906745136,396.6875,3.9609375,22.14631845209879,0.8067923161328144,0.0087890625,0.2544253742187408,0.24454326250000236,748,759,1.0147058823529411,240,108.45070422535211,4,58,0.0,408.6599597585513,645,679,5.3046875,0.26194682656250734,True
0.95,105,36108,1024,6066,759,34,793,6.1953125,5.923828125,2126,0.259521484375,170,0.0799623706491063,629.546875,8.31640625,20.140522883844326,0.6528326540268372,0.020751953125,0.2544253742187408,0.24454326250000236,759,770,1.0144927536231885,618,44.1301775147929,2,164,0.0,680.7349524815206,658,692,5.40625,0.26194682656250734,True
0.95,106,1260,1024,6356,795,34,829,6.4765625,6.20703125,1836,0.22412109375,103,0.056100217864923745,482.6875,5.4765625,21.294143086854636,0.8314855100957785,0.0125732421875,0.2544253742187408,0.24454326250000236,795,806,1.0138364779874214,34,79.46078431372548,2,98,0.0,484.58039215686273,703,737,5.7578125,0.26194682656250734,True
0.95,107,37885,1024,7060,883,34,917,7.1640625,6.89453125,1132,0.13818359375,66,0.05830388692579505,573.25,5.140625,20.547362974659336,0.843126177379714,0.008056640625,0.2544253742187408,0.24454326250000236,883,894,1.0124575311438277,1027,106.33846153846154,2,65,0.0,655.1428571428571,787,821,6.4140625,0.26194682656250734,True
0.95,108,41535,1024,12,2,34,36,0.28125,0.01171875,8180,0.99853515625,3583,0.4380195599022005,19386.240234375,122.7890625,5.255867706541303,0.0897188649870212,0.4373779296875,0.2544253742187408,0.24454326250000236,2,10,5.0,127,2.2445561139028474,11,1936,0.0,19674.44003964321,4,38,0.296875,0.26194682656250734,True
0.95,109,44889,1024,6205,776,34,810,6.328125,6.0595703125,1987,0.2425537109375,201,0.101157523905385,1326.3876953125,12.3955078125,16.904098765237972,0.6236175019456945,0.0245361328125,0.2544253742187408,0.24454326250000236,776,787,1.0141752577319587,834,31.595,3,167,0.0,1476.3271739130435,701,735,5.7421875,0.26194682656250734,True
0.95,110,28184,1024,6804,851,34,885,6.9140625,6.64453125,1388,0.16943359375,14,0.010086455331412104,51.3125,0.6796875,31.028571864043943,0.9542900337529775,0.001708984375,0.2544253742187408,0.24454326250000236,851,862,1.0129259694477086,104,604.6153846153846,1,14,0.0,51.97230464886251,757,791,6.1796875,0.26194682656250734,True
0.95,111,25319,1024,6960,870,34,904,7.0625,6.796875,1232,0.150390625,88,0.07142857142857142,646.75,6.078125,20.023439234793294,0.8793278142311076,0.0107421875,0.2544253742187408,0.24454326250000236,870,881,1.0126436781609196,65,85.24137931034483,2,79,0.0,651.8425196850394,775,809,6.3203125,0.26194682656250734,True
0.95,112,11010,1024,6336,792,34,826,6.453125,6.1875,1856,0.2265625,152,0.08189655172413793,993.3125,9.8203125,18.159944601320436,0.7822699117566402,0.0185546875,0.2544253742187408,0.24454326250000236,792,803,1.0138888888888888,115,52.966887417218544,2,137,0.0,1007.0811881188118,679,713,5.5703125,0.26194682656250734,True
0.95,113,33880,1024,6788,849,34,883,6.8984375,6.62890625,1404,0.17138671875,81,0.057692307692307696,346.50390625,3.771484375,22.733722259510877,0.8066278403647613,0.0098876953125,0.2544253742187408,0.24454326250000236,849,860,1.0129564193168434,8,99.2125,3,64,0.0,346.8426197458455,749,783,6.1171875,0.26194682656250734,True
0.95,114,19307,1024,5873,735,34,769,6.0078125,5.7353515625,2319,0.2830810546875,181,0.07805088400172489,1047.53125,11.0859375,17.929133731435424,0.5082387281116064,0.0220947265625,0.2544253742187408,0.24454326250000236,735,746,1.014965986394558,253,42.25,3,164,0.0,1080.233635448137,626,660,5.15625,0.26194682656250734,True
0.95,115,12236,1024,35,5,34,39,0.3046875,0.0341796875,8157,0.9957275390625,2100,0.25744759102611253,6252.12890625,45.18359375,10.170524371548105,0.06833520981667199,0.25634765625,0.2544253742187408,0.24454326250000236,5,13,2.6,271,3.7389232968080037,8,1276,0.0,6460.322906155398,7,41,0.3203125,0.26194682656250734,True
0.95,116,13805,1024,6283,786,34,820,6.40625,6.1357421875,1909,0.2330322265625,213,0.11157674174960712,1253.6875,13.1640625,17.1489106515385,0.5091052392787561,0.0260009765625,0.2544253742187408,0.24454326250000236,786,797,1.0139949109414759,90,37.5188679245283,3,194,0.0,1267.3010858835144,673,707,5.5234375,0.26194682656250734,True
0.95,117,5814,1024,5692,712,34,746,5.828125,5.55859375,2500,0.30517578125,182,0.0728,825.78515625,9.021484375,18.96213288840071,0.7712953410608516,0.022216796875,0.2544253742187408,0.24454326250000236,712,723,1.0154494382022472,260,42.51933701657459,4,151,0.0,852.4233870967741,597,631,4.9296875,0.26194682656250734,True
0.95,118,48485,1024,6826,854,34,888,6.9375,6.666015625,1366,0.166748046875,145,0.1061493411420205,1555.0625,13.1328125,16.21332512289847,0.6908765914752413,0.0177001953125,0.2544253742187408,0.24454326250000236,854,865,1.0128805620608898,19,56.145833333333336,3,136,0.0,1558.105675146771,752,786,6.140625,0.26194682656250734,True
0.95,119,12248,1024,6010,752,34,786,6.140625,5.869140625,2182,0.266357421875,78,0.035747021081576534,337.4638671875,3.6806640625,22.84853081837618,0.8924296325257873,0.009521484375,0.2544253742187408,0.24454326250000236,752,763,1.014627659574468,95,103.92207792207792,3,66,0.0,341.12833168805525,662,696,5.4375,0.26194682656250734,True
0.95,120,458,1024,6885,861,34,895,6.9921875,6.7236328125,1307,0.1595458984375,179,0.1369548584544759,1506.375,13.453125,16.3514726140852,0.6096084482724081,0.0218505859375,0.2544253742187408,0.24454326250000236,861,872,1.0127758420441346,26,43.82022471910113,3,168,0.0,1510.8011753183155,766,800,6.25,0.26194682656250734,True
0.95,121,319,1024,6587,824,34,858,6.703125,6.4326171875,1605,0.1959228515625,59,0.0367601246105919,343.5625,3.2578125,22.770746065581044,0.92601608638192,0.0072021484375,0.2544253742187408,0.24454326250000236,824,835,1.0133495145631068,132,119.84482758620689,2,54,0.0,349.015873015873,734,768,6.0,0.26194682656250734,True
0.95,122,21496,1024,6656,832,34,866,6.765625,6.5,1536,0.1875,143,0.09309895833333333,1021.171875,9.25390625,18.039815158603624,0.8139736139376945,0.0174560546875,0.2544253742187408,0.24454326250000236,832,843,1.0132211538461537,44,57.11267605633803,3,128,0.0,1026.1825318940137,737,771,6.0234375,0.26194682656250734,True
0.95,123,20390,1024,6329,792,34,826,6.453125,6.1806640625,1863,0.2274169921875,79,0.042404723564143855,335.796875,3.64453125,22.870037106875927,0.8514245301755474,0.0096435546875,0.2544253742187408,0.24454326250000236,792,803,1.0138888888888888,261,88.56410256410257,3,62,0.0,346.6290322580645,681,715,5.5859375,0.26194682656250734,True
0.95,124,33691,1024,6180,773,34,807,6.3046875,6.03515625,2012,0.24560546875,344,0.1709741550695825,4340.78515625,35.08203125,11.755120695613686,0.4210954824523963,0.0419921875,0.2544253742187408,0.24454326250000236,773,784,1.0142302716688227,428,22.556851311953352,4,321,0.0,4577.717816683831,676,710,5.546875,0.26194682656250734,True
0.95,125,33872,1024,7558,945,34,979,7.6484375,7.380859375,634,0.077392578125,59,0.09305993690851735,529.0625,4.8984375,20.895733810788812,0.8115790116700817,0.0072021484375,0.2544253742187408,0.24454326250000236,945,956,1.0116402116402117,296,126.89655172413794,2,57,0.0,548.8956433637285,880,914,7.140625,0.26194682656250734,True
0.95,126,46987,1024,5753,720,34,754,5.890625,5.6181640625,2439,0.2977294921875,64,0.026240262402624025,259.328125,3.08984375,23.992307408593526,0.8848444835279019,0.0078125,0.2544253742187408,0.24454326250000236,720,731,1.0152777777777777,2653,84.65079365079364,3,58,0.0,383.19191919191917,601,635,4.9609375,0.26194682656250734,True
0.95,127,26772,1024,6908,864,34,898,7.015625,6.74609375,1284,0.15673828125,49,0.0381619937694704,283.5625,3.0546875,23.604315642578186,0.8398952251242819,0.0059814453125,0.2544253742187408,0.24454326250000236,864,875,1.0127314814814814,1337,125.0,2,44,0.0,338.8191365227538,766,800,6.25,0.26194682656250734,True
0.95,128,7057,1024,6544,818,34,852,6.65625,6.390625,1648,0.201171875,127,0.0770631067961165,830.515625,8.38671875,18.937325533550954,0.740845839572382,0.0155029296875,0.2544253742187408,0.24454326250000236,818,829,1.0134474327628362,99,63.93650793650794,2,122,0.0,840.3636363636364,707,741,5.7890625,0.26194682656250734,True
0.95,129,30014,1024,6506,814,34,848,6.625,6.353515625,1686,0.205810546875,125,0.07413997627520759,820.4375,8.1796875,18.990348582807112,0.8518044345048926,0.0152587890625,0.2544253742187408,0.24454326250000236,814,825,1.0135135135135136,40,63.82258064516129,3,116,0.0,824.4631992149166,709,743,5.8046875,0.26194682656250734,True
0.95,130,48237,1024,6336,792,34,826,6.453125,6.1875,1856,0.2265625,57,0.030711206896551723,203.0,2.71875,25.055843229546973,0.7880807114190228,0.0069580078125,0.2544253742187408,0.24454326250000236,792,803,1.0138888888888888,569,134.17857142857142,2,56,0.0,218.12381951731373,699,733,5.7265625,0.26194682656250734,True
0.95,131,4823,1024,6549,819,34,853,6.6640625,6.3955078125,1643,0.2005615234375,216,0.13146682897139378,1832.265625,15.79296875,15.500919269566714,0.5984232783909155,0.0263671875,0.2544253742187408,0.24454326250000236,819,830,1.0134310134310134,155,36.311627906976746,3,186,0.0,1866.9054726368158,741,775,6.0546875,0.26194682656250734,True
0.95,132,26627,1024,7063,883,34,917,7.1640625,6.8974609375,1129,0.1378173828125,80,0.070859167404783,611.4375,6.0078125,20.267282899982156,0.8884084970504247,0.009765625,0.2544253742187408,0.24454326250000236,883,894,1.0124575311438277,97,99.12658227848101,2,77,0.0,618.6877470355731,792,826,6.453125,0.26194682656250734,True
0.95,133,12293,1024,7565,946,34,980,7.65625,7.3876953125,627,0.0765380859375,38,0.06060606060606061,292.0,2.875,23.47697509419492,0.8536022655529399,0.004638671875,0.2544253742187408,0.24454326250000236,946,957,1.0116279069767442,258,185.8918918918919,1,38,0.0,301.4193548387097,868,902,7.046875,0.26194682656250734,True
0.95,134,32803,1024,5981,748,34,782,6.109375,5.8408203125,2211,0.2698974609375,95,0.04296698326549073,126.806640625,2.328125,27.099383635424008,0.8392903028846587,0.0115966796875,0.2544253742187408,0.24454326250000236,748,759,1.0147058823529411,258,84.3936170212766,3,88,0.0,130.89717741935485,650,684,5.34375,0.26194682656250734,True
0.95,135,41882,1024,5999,750,34,784,6.125,5.8583984375,2193,0.2677001953125,183,0.08344733242134063,742.53125,9.3203125,19.423656248760103,0.8095349855780459,0.0223388671875,0.2544253742187408,0.24454326250000236,750,761,1.0146666666666666,257,43.56043956043956,3,160,0.0,766.483870967742,628,662,5.171875,0.26194682656250734,True
0.95,136,10235,1024,6818,853,34,887,6.9296875,6.658203125,1374,0.167724609375,44,0.03202328966521106,123.25,1.640625,27.22293432918643,0.8768424085785055,0.00537109375,0.2544253742187408,0.24454326250000236,853,864,1.0128956623681125,25,187.5581395348837,3,34,0.0,123.61214495592556,746,780,6.09375,0.26194682656250734,True
0.95,137,30033,1024,7044,881,34,915,7.1484375,6.87890625,1148,0.14013671875,71,0.06184668989547038,426.875,4.296875,21.827796398423025,0.9038410647145289,0.0086669921875,0.2544253742187408,0.24454326250000236,881,892,1.0124858115777526,139,113.7,3,65,0.0,434.0814299900695,809,843,6.5859375,0.26194682656250734,True
0.95,138,20042,1024,7107,889,34,923,7.2109375,6.9404296875,1085,0.1324462890625,79,0.0728110599078341,534.5,5.40625,20.851326513231136,0.8442160577283466,0.0096435546875,0.2544253742187408,0.24454326250000236,889,900,1.0123734533183353,33,92.41025641025641,3,71,0.0,536.5960784313726,797,831,6.4921875,0.26194682656250734,True
0.95,139,29399,1024,6601,826,34,860,6.71875,6.4462890625,1591,0.1942138671875,84,0.05279698302954117,504.0,5.21875,21.10649824422385,0.7816397419820736,0.01025390625,0.2544253742187408,0.24454326250000236,826,837,1.013317191283293,99,87.50602409638554,3,77,0.0,509.97628458498025,734,768,6.0,0.26194682656250734,True
0.95,140,6463,1024,7394,925,34,959,7.4921875,7.220703125,798,0.097412109375,39,0.04887218045112782,184.5,2.21875,25.47083990372831,0.8772697775122003,0.0047607421875,0.2544253742187408,0.24454326250000236,925,936,1.011891891891892,240,179.60526315789474,2,36,0.0,190.06841046277665,875,909,7.1015625,0.26194682656250734,True
0.95,141,25920,1024,5647,706,34,740,5.78125,5.5146484375,2545,0.3106689453125,209,0.08212180746561885,1188.03515625,10.822265625,17.38251068421835,0.6993325646421775,0.0255126953125,0.2544253742187408,0.24454326250000236,706,717,1.0155807365439093,514,35.95673076923077,4,180,0.0,1267.2375,587,621,4.8515625,0.26194682656250734,True
0.95,142,10327,1024,7750,969,34,1003,7.8359375,7.568359375,442,0.053955078125,59,0.1334841628959276,579.5859375,4.3359375,20.49962521232751,0.9640874080379878,0.0072021484375,0.2544253742187408,0.24454326250000236,969,980,1.0113519091847265,12,134.98275862068965,4,47,0.0,580.1524926686217,914,948,7.40625,0.26194682656250734,True
0.95,143,3805,1024,6702,838,34,872,6.8125,6.544921875,1490,0.181884765625,61,0.04093959731543624,355.0625,3.7265625,22.627755542465767,0.7901791576090627,0.0074462890625,0.2544253742187408,0.24454326250000236,838,849,1.0131264916467781,260,124.63333333333334,3,54,0.0,366.51612903225805,748,782,6.109375,0.26194682656250734,True
0.95,144,37879,1024,4644,581,34,615,4.8046875,4.53515625,3548,0.43310546875,127,0.03579481397970688,237.359375,4.16796875,24.376739711149412,0.6111830119446452,0.0155029296875,0.2544253742187408,0.24454326250000236,581,592,1.0189328743545611,1138,53.98412698412698,3,111,0.0,275.5736961451247,437,471,3.6796875,0.26194682656250734,True
0.95,145,22721,1024,6300,788,34,822,6.421875,6.15234375,1892,0.23095703125,85,0.04492600422832981,701.875,6.6875,19.668205872623773,0.6780201635350125,0.0103759765625,0.2544253742187408,0.24454326250000236,788,799,1.013959390862944,1219,80.17857142857143,2,81,0.0,824.2201834862385,675,709,5.5390625,0.26194682656250734,True
0.95,146,43932,1024,6995,875,34,909,7.1015625,6.8310546875,1197,0.1461181640625,69,0.05764411027568922,618.0,5.5,20.220918857790945,0.8998782026154383,0.0084228515625,0.2544253742187408,0.24454326250000236,875,886,1.0125714285714287,120,92.6029411764706,2,67,0.0,627.1873141724479,769,803,6.2734375,0.26194682656250734,True
0.95,147,47270,1024,7143,893,34,927,7.2421875,6.9755859375,1049,0.1280517578125,51,0.04861773117254528,304.3125,3.1171875,23.297605689779406,0.8819766772285633,0.0062255859375,0.2544253742187408,0.24454326250000236,893,904,1.0123180291153415,304,137.3,2,45,0.0,316.04056795131845,807,841,6.5703125,0.26194682656250734,True
0.95,148,11091,1024,6235,780,34,814,6.359375,6.0888671875,1957,0.2388916015625,119,0.060807358201328564,617.9375,6.2109375,20.221358093676937,0.5926010893185594,0.0145263671875,0.2544253742187408,0.24454326250000236,780,791,1.014102564102564,17,67.95762711864407,4,95,0.0,619.146771037182,658,692,5.40625,0.26194682656250734,True
0.95,149,9736,1024,6865,859,34,893,6.9765625,6.7041015625,1327,0.1619873046875,81,0.06103993971363979,530.5,5.28125,20.88394972630551,0.7687027868778464,0.0098876953125,0.2544253742187408,0.24454326250000236,859,870,1.0128055878928988,1792,76.8125,3,71,0.0,679.04,763,797,6.2265625,0.26194682656250734,True
0.95,150,23206,1024,6051,757,34,791,6.1796875,5.9091796875,2141,0.2613525390625,206,0.09621672115833722,697.8125,8.4609375,19.693416161163782,0.6847343430141286,0.025146484375,0.2544253742187408,0.24454326250000236,757,768,1.0145310435931307,92,39.36585365853659,3,149,0.0,705.3899308983218,663,697,5.4453125,0.26194682656250734,True
0.95,151,25039,1024,7550,944,34,978,7.640625,7.373046875,642,0.078369140625,53,0.08255451713395638,494.0,4.5625,21.193534119442635,0.7963238224010262,0.0064697265625,0.2544253742187408,0.24454326250000236,944,955,1.0116525423728813,482,143.51923076923077,1,53,0.0,524.7468879668049,881,915,7.1484375,0.26194682656250734,True
0.95,152,21014,1024,12,2,34,36,0.28125,0.01171875,8180,0.99853515625,2912,0.35599022004889974,17491.58984375,96.634765625,5.702510757466874,0.045170081610979684,0.35546875,0.2544253742187408,0.24454326250000236,2,10,5.0,87,2.750944692545517,8,1577,0.0,17664.090729783038,4,38,0.296875,0.26194682656250734,True
0.95,153,32412,1024,7308,914,34,948,7.40625,7.13671875,884,0.10791015625,87,0.09841628959276018,735.75,6.703125,19.463500900962618,0.6717860450887548,0.0106201171875,0.2544253742187408,0.24454326250000236,914,925,1.012035010940919,50,94.52325581395348,2,82,0.0,740.0864440078585,835,869,6.7890625,0.26194682656250734,True
0.95,154,34022,1024,5218,653,34,687,5.3671875,5.095703125,2974,0.363037109375,170,0.05716207128446537,848.9375,8.1484375,18.842046428315697,0.5707099988944593,0.020751953125,0.2544253742187408,0.24454326250000236,653,664,1.0168453292496171,930,42.14792899408284,4,130,0.0,957.3920704845815,537,571,4.4609375,0.26194682656250734,True
0.95,155,21369,1024,5923,741,34,775,6.0546875,5.7841796875,2269,0.2769775390625,57,0.0251211987659762,293.734375,2.91796875,23.451255869728357,0.9168036213252421,0.0069580078125,0.2544253742187408,0.24454326250000236,741,752,1.0148448043184886,260,121.42857142857143,4,47,0.0,303.2096774193548,620,654,5.109375,0.26194682656250734,True
0.95,156,41654,1024,6994,875,34,909,7.1015625,6.830078125,1198,0.146240234375,98,0.08180300500834725,887.9375,7.9296875,18.646979630627094,0.8392625557549654,0.011962890625,0.2544253742187408,0.24454326250000236,875,886,1.0125714285714287,256,79.77319587628865,3,92,0.0,916.5806451612904,789,823,6.4296875,0.26194682656250734,True
0.95,157,11953,1024,6800,850,34,884,6.90625,6.640625,1392,0.169921875,105,0.07543103448275862,807.5966796875,6.6513671875,19.05885836129198,0.8674128781247685,0.0128173828125,0.2544253742187408,0.24454326250000236,850,861,1.0129411764705882,55,75.70192307692308,4,91,0.0,812.3565815324165,759,793,6.1953125,0.26194682656250734,True
0.95,158,13700,1024,6726,841,34,875,6.8359375,6.568359375,1466,0.178955078125,90,0.061391541609822645,992.8125,8.3359375,18.16213124360669,0.8119626600297888,0.010986328125,0.2544253742187408,0.24454326250000236,841,852,1.0130796670630202,2816,46.235955056179776,2,81,0.0,1512.857142857143,724,758,5.921875,0.26194682656250734,True
0.95,159,38205,1024,5979,748,34,782,6.109375,5.8388671875,2213,0.2701416015625,360,0.16267510167193855,1438.828125,21.12890625,16.550714424158187,0.612899374741876,0.0439453125,0.2544253742187408,0.24454326250000236,748,759,1.0147058823529411,257,19.94707520891365,3,346,0.0,1485.241935483871,644,678,5.296875,0.26194682656250734,True
0.95,160,40129,1024,6065,759,34,793,6.1953125,5.9228515625,2127,0.2596435546875,27,0.012693935119887164,48.5625,0.9453125,31.26779324722921,0.9440484797436232,0.0032958984375,0.2544253742187408,0.24454326250000236,759,770,1.0144927536231885,339,292.34615384615387,2,24,0.0,50.639511201629325,630,664,5.1875,0.26194682656250734,True
0.95,161,17080,1024,5777,723,34,757,5.9140625,5.6416015625,2415,0.2947998046875,160,0.06625258799171843,619.86328125,6.908203125,20.20784449992729,0.7862650457747129,0.01953125,0.2544253742187408,0.24454326250000236,723,734,1.0152143845089903,93,49.9559748427673,3,147,0.0,626.594274432379,618,652,5.09375,0.26194682656250734,True
0.95,162,1505,1024,7065,884,34,918,7.171875,6.8994140625,1127,0.1375732421875,90,0.07985803016858918,873.375,7.453125,18.718796046055107,0.779973279606083,0.010986328125,0.2544253742187408,0.24454326250000236,884,895,1.012443438914027,252,88.71910112359551,2,85,0.0,900.6404833836858,811,845,6.6015625,0.26194682656250734,True
0.95,163,36391,1024,7115,890,34,924,7.21875,6.9482421875,1077,0.1314697265625,68,0.06313834726090993,401.25,4.234375,22.09665315454982,0.8345472378364274,0.00830078125,0.2544253742187408,0.24454326250000236,890,901,1.0123595505617977,11,116.74626865671642,3,64,0.0,401.6422287390029,796,830,6.484375,0.26194682656250734,True
0.95,164,24660,1024,6865,859,34,893,6.9765625,6.7041015625,1327,0.1619873046875,110,0.0828937452901281,1002.3125,8.8515625,18.12077214320181,0.7826744069545933,0.013427734375,0.2544253742187408,0.24454326250000236,859,870,1.0128055878928988,240,71.57798165137615,2,104,0.0,1032.5633802816901,773,807,6.3046875,0.26194682656250734,True
0.95,165,24061,1024,5897,738,34,772,6.03125,5.7587890625,2295,0.2801513671875,150,0.06535947712418301,803.2666015625,8.0947265625,19.08220650743355,0.7442513620907881,0.018310546875,0.2544253742187408,0.24454326250000236,738,749,1.0149051490514904,22,53.36241610738255,3,137,0.0,804.8385518590998,620,654,5.109375,0.26194682656250734,True
0.95,166,10964,1024,5667,709,34,743,5.8046875,5.5341796875,2525,0.3082275390625,93,0.03683168316831683,280.234375,3.56640625,23.65558953839812,0.8717486216556597,0.0113525390625,0.2544253742187408,0.24454326250000236,709,720,1.0155148095909732,771,77.90217391304348,3,80,0.0,309.2241379310345,596,630,4.921875,0.26194682656250734,True
0.95,167,20807,1024,7257,908,34,942,7.359375,7.0869140625,935,0.1141357421875,49,0.052406417112299465,378.8125,3.4921875,22.34656059513825,0.9430797332173906,0.0059814453125,0.2544253742187408,0.24454326250000236,908,919,1.0121145374449338,9,170.33333333333334,2,47,0.0,379.18279569892474,823,857,6.6953125,0.26194682656250734,True
0.95,168,33388,1024,7599,950,34,984,7.6875,7.4208984375,593,0.0723876953125,48,0.08094435075885328,561.25,4.828125,20.639240068565307,0.8665148568608534,0.005859375,0.2544253742187408,0.24454326250000236,950,961,1.0115789473684211,177,165.61702127659575,2,47,0.0,573.5728542914171,888,922,7.203125,0.26194682656250734,True
0.95,169,34571,1024,6653,832,34,866,6.765625,6.4970703125,1539,0.1878662109375,69,0.04483430799220273,538.03125,4.734375,20.822728597211956,0.9596610888937155,0.0084228515625,0.2544253742187408,0.24454326250000236,832,843,1.0132211538461537,93,104.76470588235294,3,63,0.0,543.8736426456071,741,775,6.0546875,0.26194682656250734,True
0.95,170,21194,1024,6877,860,34,894,6.984375,6.7158203125,1315,0.1605224609375,71,0.05399239543726236,320.75,3.546875,23.06913695820944,0.731389510746371,0.0086669921875,0.2544253742187408,0.24454326250000236,860,871,1.0127906976744185,18,116.7,2,59,0.0,321.37769080234835,793,827,6.4609375,0.26194682656250734,True
0.95,171,32696,1024,6774,847,34,881,6.8828125,6.615234375,1418,0.173095703125,114,0.08039492242595205,1251.375,10.265625,17.156928864853988,0.6565884157288945,0.013916015625,0.2544253742187408,0.24454326250000236,847,858,1.0129870129870129,257,69.96460176991151,2,104,0.0,1291.741935483871,741,775,6.0546875,0.26194682656250734,True
0.95,172,46005,1024,4765,596,34,630,4.921875,4.6533203125,3427,0.4183349609375,63,0.018383425736796032,86.609375,1.62890625,28.75515456259336,0.8079578386925744,0.0076904296875,0.2544253742187408,0.24454326250000236,596,607,1.0184563758389262,2932,83.1774193548387,3,55,0.0,134.7841945288754,473,507,3.9609375,0.26194682656250734,True
0.95,173,19269,1024,4424,553,34,587,4.5859375,4.3203125,3768,0.4599609375,432,0.11464968152866242,1326.75,17.203125,16.90291264566487,0.3185437789939718,0.052734375,0.2544253742187408,0.24454326250000236,553,564,1.0198915009041591,762,16.897911832946637,4,375,0.0,1462.4241119483315,470,504,3.9375,0.26194682656250734,True
0.95,174,5503,1024,7528,941,34,975,7.6171875,7.3515625,664,0.0810546875,41,0.061746987951807226,396.0,3.625,22.153851749423982,0.9014809474676427,0.0050048828125,0.2544253742187408,0.24454326250000236,941,952,1.0116896918172158,553,163.775,2,40,0.0,424.61151832460735,872,906,7.078125,0.26194682656250734,True
0.95,175,32979,1024,6170,772,34,806,6.296875,6.025390625,2022,0.246826171875,104,0.051434223541048464,698.0625,6.8203125,19.691860525857805,0.9042615712901811,0.0126953125,0.2544253742187408,0.24454326250000236,772,783,1.0142487046632125,9,79.36893203883496,3,87,0.0,698.7448680351906,675,709,5.5390625,0.26194682656250734,True
0.95,176,32764,1024,7166,896,34,930,7.265625,6.998046875,1026,0.125244140625,90,0.08771929824561403,629.75,6.078125,20.139121846977595,0.8068482438464238,0.010986328125,0.25564183828124953,0.2556824570312557,896,907,1.0122767857142858,787,77.4494382022472,3,82,0.0,696.3974082073435,808,842,6.578125,0.2815674859374866,True
0.95,177,36396,1024,6141,768,34,802,6.265625,5.9970703125,2051,0.2503662109375,95,0.046318868844466114,203.8125,2.703125,25.038495447178782,0.7694755752120103,0.0115966796875,0.25564183828124953,0.2556824570312557,768,779,1.0143229166666667,84,84.74468085106383,4,65,0.0,205.82248520710058,664,698,5.453125,0.2815674859374866,True
0.95,178,16139,1024,4287,536,34,570,4.453125,4.1865234375,3905,0.4766845703125,229,0.05864276568501921,363.546875,4.37109375,22.52519945008887,0.7688912237553551,0.0279541015625,0.25564183828124953,0.2556824570312557,536,547,1.0205223880597014,261,33.70175438596491,3,202,0.0,375.2741935483871,402,436,3.40625,0.2815674859374866,True
0.95,179,32110,1024,70,9,34,43,0.3359375,0.068359375,8122,0.991455078125,3165,0.38968234425018466,18629.8505859375,108.2763671875,5.42870989061473,0.08397684297821867,0.3863525390625,0.25564183828124953,0.2556824570312557,9,17,1.8888888888888888,173,2.534134007585335,8,1624,0.0,19019.907278165505,9,43,0.3359375,0.2815674859374866,True
0.95,180,37930,1024,6635,830,34,864,6.75,6.4794921875,1557,0.1900634765625,180,0.11560693641618497,1762.3125,15.7109375,15.669974392028049,0.8430905584686376,0.02197265625,0.25564183828124953,0.2556824570312557,830,841,1.0132530120481928,116,43.865921787709496,4,171,0.0,1786.740594059406,731,765,5.9765625,0.2815674859374866,True
0.95,181,5624,1024,6945,869,34,903,7.0546875,6.7822265625,1247,0.1522216796875,64,0.05132317562149158,398.5,3.875,22.12652035135779,0.8661642156819771,0.0078125,0.25564183828124953,0.2556824570312557,869,880,1.0126582278481013,403,121.98412698412699,3,49,0.0,418.95687885010267,782,816,6.375,0.2815674859374866,True
0.95,182,37946,1024,6457,808,34,842,6.578125,6.3056640625,1735,0.2117919921875,147,0.08472622478386167,1022.2783203125,8.1552734375,18.035112101569904,0.7397031462830004,0.0179443359375,0.25564183828124953,0.2556824570312557,808,819,1.0136138613861385,500,52.62328767123287,3,124,0.0,1088.1632016632016,687,721,5.6328125,0.2815674859374866,True
0.95,183,6616,1024,7326,916,34,950,7.421875,7.154296875,866,0.105712890625,53,0.061200923787528866,218.5,2.71875,24.7362891956147,0.9435361501467079,0.0064697265625,0.25564183828124953,0.2556824570312557,916,927,1.012008733624454,18,152.30769230769232,2,51,0.0,218.92759295499022,842,876,6.84375,0.2815674859374866,True
0.95,184,11706,1024,6578,823,34,857,6.6953125,6.423828125,1614,0.197021484375,175,0.10842627013630732,1751.15625,14.9921875,15.697554623656693,0.6579837628564359,0.0213623046875,0.25564183828124953,0.2556824570312557,823,834,1.0133657351154313,203,45.59770114942529,3,165,0.0,1794.978978978979,746,780,6.09375,0.2815674859374866,True
0.95,185,10558,1024,17,3,34,37,0.2890625,0.0166015625,8175,0.9979248046875,3045,0.3724770642201835,10764.248046875,72.060546875,7.810966639586658,0.1145221320208086,0.3717041015625,0.25564183828124953,0.2556824570312557,3,11,3.6666666666666665,108,2.644875164257556,8,1690,0.0,10902.660731948567,5,39,0.3046875,0.2815674859374866,True
0.95,186,18351,1024,12,2,34,36,0.28125,0.01171875,8180,0.99853515625,2574,0.31466992665036675,9704.8349609375,70.2744140625,8.260922066317915,0.038040394839714185,0.314208984375,0.25564183828124953,0.2556824570312557,2,10,5.0,71,3.1496307811892734,8,1489,0.0,9781.250984251968,4,38,0.296875,0.2815674859374866,True
0.95,187,15023,1024,6633,830,34,864,6.75,6.4775390625,1559,0.1903076171875,57,0.036561898652982684,192.611328125,2.068359375,25.2839853499787,0.922136354408385,0.0069580078125,0.25564183828124953,0.2556824570312557,830,841,1.0132530120481928,239,141.89285714285714,3,46,0.0,198.22512562814072,707,741,5.7890625,0.2815674859374866,True
0.95,188,9490,1024,6021,753,34,787,6.1484375,5.8798828125,2171,0.2650146484375,145,0.06678949792722248,574.5625,7.4140625,20.537430834071277,0.6148196574502838,0.0177001953125,0.25564183828124953,0.2556824570312557,753,764,1.0146082337317397,770,50.84722222222222,2,140,0.0,634.0,646,680,5.3125,0.2815674859374866,True
0.95,189,6355,1024,6435,805,34,839,6.5546875,6.2841796875,1757,0.2144775390625,49,0.027888446215139442,140.3125,1.9140625,26.659839981844932,0.9157730461377347,0.0059814453125,0.25564183828124953,0.2556824570312557,805,816,1.013664596273292,264,163.35416666666666,2,44,0.0,144.98486377396569,694,728,5.6875,0.2815674859374866,True
0.95,190,8857,1024,4638,580,34,614,4.796875,4.529296875,3554,0.433837890625,86,0.024198086662915026,436.6015625,3.94140625,21.72995075248538,0.77439516156322,0.010498046875,0.25564183828124953,0.2556824570312557,580,591,1.0189655172413794,238,84.6,3,61,0.0,449.32663316582915,449,483,3.7734375,0.2815674859374866,True
0.95,191,31811,1024,6044,756,34,790,6.171875,5.90234375,2148,0.26220703125,233,0.1084729981378026,825.890625,11.05078125,18.961578245695158,0.7354987723045288,0.0284423828125,0.25564183828124953,0.2556824570312557,756,767,1.0145502645502646,212,33.241379310344826,3,205,0.0,847.4068136272546,658,692,5.40625,0.2815674859374866,True
0.95,192,10400,1024,7149,894,34,928,7.25,6.9814453125,1043,0.1273193359375,21,0.020134228187919462,43.25,0.796875,31.770942490670777,0.9439020335913921,0.0025634765625,0.25564183828124953,0.2556824570312557,894,905,1.012304250559284,162,342.35,2,19,0.0,44.11155378486056,799,833,6.5078125,0.2815674859374866,True
0.95,193,275,1024,6646,831,34,865,6.7578125,6.490234375,1546,0.188720703125,33,0.021345407503234153,82.0,1.4375,28.99266508484194,0.9650082189287637,0.0040283203125,0.25564183828124953,0.2556824570312557,831,842,1.01323706377858,201,231.5625,1,33,0.0,84.05205205205205,718,752,5.875,0.2815674859374866,True
0.95,194,26152,1024,12,2,34,36,0.28125,0.01171875,8180,0.99853515625,3706,0.4530562347188264,18343.6904296875,117.4931640625,5.495936482897765,0.05140453878207003,0.452392578125,0.25564183828124953,0.2556824570312557,2,10,5.0,287,2.1333333333333333,8,1888,0.0,18992.86046511628,4,38,0.296875,0.2815674859374866,True
0.95,195,13037,1024,59,8,34,42,0.328125,0.0576171875,8133,0.9927978515625,3083,0.37907291282429606,15929.9951171875,93.7802734375,6.108647181853507,0.04805064125340125,0.3763427734375,0.25564183828124953,0.2556824570312557,8,16,2.0,271,2.5697598961713175,11,1466,0.0,16460.459132189706,6,40,0.3125,0.2815674859374866,True
0.95,196,41203,1024,7083,886,34,920,7.1875,6.9169921875,1109,0.1353759765625,78,0.0703336339044184,715.0,6.375,19.587743190668295,0.75593911648324,0.009521484375,0.25564183828124953,0.2556824570312557,886,897,1.012415349887133,609,96.22077922077922,2,74,0.0,772.3206751054852,822,856,6.6875,0.2815674859374866,True
0.95,197,43709,1024,5407,676,34,710,5.546875,5.2802734375,2785,0.3399658203125,177,0.06355475763016158,221.9462890625,3.2099609375,24.66832472840844,0.7889408525515704,0.0216064453125,0.25564183828124953,0.2556824570312557,676,687,1.0162721893491125,140,45.70454545454545,4,152,0.0,225.69314796425024,566,600,4.6875,0.2815674859374866,True
0.95,198,43572,1024,6137,768,34,802,6.265625,5.9931640625,2055,0.2508544921875,278,0.13527980535279804,543.470703125,6.111328125,20.779042233270786,0.7831304713513724,0.033935546875,0.25564183828124953,0.2556824570312557,768,779,1.0143229166666667,241,28.1913357400722,4,243,0.0,559.8732394366198,690,724,5.65625,0.2815674859374866,True
0.95,199,23390,1024,6865,859,34,893,6.9765625,6.7041015625,1327,0.1619873046875,34,0.02562170308967596,167.25,1.796875,25.897142344280496,0.9604690649146213,0.004150390625,0.25564183828124953,0.2556824570312557,859,870,1.0128055878928988,1234,180.3030303030303,3,28,0.0,196.8551724137931,768,802,6.265625,0.2815674859374866,True
0.975,0,712,1024,7438,930,34,964,7.53125,7.263671875,754,0.092041015625,35,0.046419098143236075,386.25,3.296875,22.26211868435019,0.9370810703897616,0.0042724609375,0.25564183828124953,0.2556824570312557,930,941,1.0118279569892472,168,234.61764705882354,2,33,0.0,394.3369890329013,782,816,6.375,0.2815674859374866,True
0.975,1,24774,1024,7409,927,34,961,7.5078125,7.2353515625,783,0.0955810546875,28,0.035759897828863345,186.0,2.0,25.43567416649994,0.9595777377455496,0.00341796875,0.25564183828124953,0.2556824570312557,927,938,1.011866235167206,616,271.14814814814815,2,27,0.0,201.1235480464625,768,802,6.265625,0.2815674859374866,True
0.975,2,45142,1024,7747,969,34,1003,7.8359375,7.5654296875,445,0.0543212890625,11,0.024719101123595506,104.0,1.0,27.960470215691302,0.9337048129843689,0.0013427734375,0.25564183828124953,0.2556824570312557,969,980,1.0113519091847265,609,689.6,1,11,0.0,112.33755274261604,859,893,6.9765625,0.2815674859374866,True
0.975,3,27119,1024,3354,420,34,454,3.546875,3.275390625,4838,0.590576171875,975,0.20152955766845804,3400.1240234375,22.6201171875,12.815856021456057,0.5011664270870065,0.1190185546875,0.25564183828124953,0.2556824570312557,420,431,1.026190476190476,245,8.158110882956878,9,559,0.0,3502.7434607645873,362,396,3.09375,0.2815674859374866,True
0.975,4,21139,1024,7166,896,34,930,7.265625,6.998046875,1026,0.125244140625,3,0.0029239766081871343,12.0,0.1875,37.33899114820285,0.9999597440207877,0.0003662109375,0.25564183828124953,0.2556824570312557,896,907,1.0122767857142858,5633,260.0,1,3,0.0,38.4,698,732,5.71875,0.2815674859374866,True
0.975,5,19129,1024,7054,882,34,916,7.15625,6.888671875,1138,0.138916015625,21,0.01845342706502636,170.5,1.59375,25.813559775393937,0.9850871923526042,0.0025634765625,0.25564183828124953,0.2556824570312557,882,893,1.0124716553287982,256,386.1,2,20,0.0,176.0,719,753,5.8828125,0.2815674859374866,True
0.975,6,6433,1024,6713,840,34,874,6.828125,6.5556640625,1479,0.1805419921875,18,0.012170385395537525,116.0,1.3125,27.486223716409917,0.8817504066714267,0.002197265625,0.25564183828124953,0.2556824570312557,840,851,1.013095238095238,2009,306.8235294117647,2,17,0.0,153.66623544631307,666,700,5.46875,0.2815674859374866,True
0.975,7,38854,1024,7278,910,34,944,7.375,7.107421875,914,0.111572265625,5,0.005470459518599562,37.25,0.359375,32.41954083783598,0.9807970737859472,0.0006103515625,0.25564183828124953,0.2556824570312557,910,921,1.012087912087912,2681,1020.5,1,5,0.0,55.361393323657474,750,784,6.125,0.2815674859374866,True
0.975,8,22489,1024,7422,928,34,962,7.515625,7.248046875,770,0.093994140625,20,0.025974025974025976,250.0,2.0625,24.15140352195873,0.9063879715510617,0.00244140625,0.25564183828124953,0.2556824570312557,928,939,1.011853448275862,257,72.36842105263158,1,20,0.0,258.06451612903226,753,787,6.1484375,0.2815674859374866,True
0.975,9,31104,1024,6827,854,34,888,6.9375,6.6669921875,1365,0.1666259765625,62,0.04542124542124542,659.5625,5.6328125,19.938244053842727,0.9737089763490813,0.007568359375,0.25564183828124953,0.2556824570312557,854,865,1.0128805620608898,764,113.39344262295081,2,60,0.0,727.0096878363833,663,697,5.4453125,0.2815674859374866,True
0.975,10,21349,1024,7448,931,34,965,7.5390625,7.2734375,744,0.0908203125,9,0.012096774193548387,25.0,0.40625,34.15140352195873,0.9908588327980051,0.0010986328125,0.25564183828124953,0.2556824570312557,931,942,1.011815252416756,72,972.125,3,7,0.0,25.221674876847292,785,819,6.3984375,0.2815674859374866,True
0.975,11,29116,1024,6991,874,34,908,7.09375,6.8271484375,1201,0.1466064453125,20,0.01665278934221482,187.0625,1.7265625,25.410936266836437,0.9897594225179646,0.00244140625,0.25564183828124953,0.2556824570312557,874,885,1.0125858123569793,140,410.7368421052632,1,20,0.0,190.22045680238332,705,739,5.7734375,0.2815674859374866,True
0.975,12,10772,1024,7733,967,34,1001,7.8203125,7.5517578125,459,0.0560302734375,14,0.030501089324618737,188.0,1.5625,25.389225116042304,0.9496526476894627,0.001708984375,0.25564183828124953,0.2556824570312557,967,978,1.0113753877973113,24,441.84615384615387,1,14,0.0,188.55239960822723,841,875,6.8359375,0.2815674859374866,True
0.975,13,18332,1024,7743,968,34,1002,7.828125,7.5615234375,449,0.0548095703125,11,0.024498886414253896,124.0,1.0625,27.196586757056753,0.9443082005453721,0.0013427734375,0.25564183828124953,0.2556824570312557,968,979,1.0113636363636365,1024,602.4,2,10,0.0,141.71428571428572,814,848,6.625,0.2815674859374866,True
0.975,14,1003,1024,7597,950,34,984,7.6875,7.4189453125,595,0.0726318359375,27,0.0453781512605042,158.75,1.765625,26.12366626903897,0.9622006092209652,0.0032958984375,0.25564183828124953,0.2556824570312557,950,961,1.0115789473684211,442,282.46153846153845,2,26,0.0,167.76057791537667,806,840,6.5625,0.2815674859374866,True
0.975,15,22156,1024,7566,946,34,980,7.65625,7.388671875,626,0.076416015625,15,0.023961661341853034,132.0,1.3125,26.925064296620604,0.9420411010678122,0.0018310546875,0.25564183828124953,0.2556824570312557,946,957,1.0116279069767442,1209,425.7142857142857,1,15,0.0,154.8316151202749,808,842,6.578125,0.2815674859374866,True
0.975,16,26453,1024,6990,874,34,908,7.09375,6.826171875,1202,0.146728515625,11,0.009151414309484194,68.0,0.8125,29.80571448161674,0.9705341222266276,0.0013427734375,0.25564183828124953,0.2556824570312557,874,885,1.0125858123569793,2145,329.6,1,11,0.0,92.1058201058201,700,734,5.734375,0.2815674859374866,True
0.975,17,17039,1024,7101,888,34,922,7.203125,6.9345703125,1091,0.1331787109375,3,0.002749770852428964,2.25,0.078125,44.60897842756548,0.9983752888985433,0.0003662109375,0.25564183828124953,0.2556824570312557,888,899,1.0123873873873874,4251,1587.5,1,3,0.0,4.67342799188641,728,762,5.953125,0.2815674859374866,True
0.975,18,7166,1024,7239,905,34,939,7.3359375,7.0693359375,953,0.1163330078125,10,0.01049317943336831,22.75,0.421875,34.56098959874779,0.9943754396491117,0.001220703125,0.25564183828124953,0.2556824570312557,905,916,1.0121546961325967,1394,754.5555555555555,1,10,0.0,27.40705882352941,724,758,5.921875,0.2815674859374866,True
0.975,19,48310,1024,6804,851,34,885,6.9140625,6.64453125,1388,0.16943359375,50,0.03602305475504323,111.5283203125,1.3408203125,27.65695199369572,0.9782827811872672,0.006103515625,0.25564183828124953,0.2556824570312557,851,862,1.0129259694477086,55,155.81632653061226,2,48,0.0,112.18565815324165,665,699,5.4609375,0.2815674859374866,True
0.975,20,12187,1024,6402,801,34,835,6.5234375,6.251953125,1790,0.218505859375,11,0.006145251396648044,88.3125,0.7734375,28.670581816752765,0.9996756443986808,0.0013427734375,0.25564183828124953,0.2556824570312557,801,812,1.013732833957553,507,307.8,2,9,0.0,94.10197710718002,585,619,4.8359375,0.2815674859374866,True
0.975,21,20284,1024,6324,791,34,825,6.4453125,6.17578125,1868,0.22802734375,19,0.010171306209850108,253.0,2.03125,24.099598396920925,0.9146811559618181,0.0023193359375,0.25564183828124953,0.2556824570312557,791,802,1.013906447534766,2984,81.83333333333333,2,18,0.0,397.96006144393243,588,622,4.859375,0.2815674859374866,True
0.975,22,1052,1024,7436,930,34,964,7.53125,7.26171875,756,0.09228515625,10,0.013227513227513227,105.0,0.90625,27.918910617979723,0.9767646034605838,0.001220703125,0.25564183828124953,0.2556824570312557,930,941,1.0118279569892472,490,768.6666666666666,2,9,0.0,111.65109034267913,766,800,6.25,0.2815674859374866,True
0.975,23,13752,1024,5778,723,34,757,5.9140625,5.642578125,2414,0.294677734375,34,0.014084507042253521,45.4375,0.7890625,31.556659326647974,0.9331915347280149,0.004150390625,0.25564183828124953,0.2556824570312557,723,734,1.0152143845089903,516,215.96969696969697,2,28,0.0,48.46666666666667,517,551,4.3046875,0.2815674859374866,True
0.975,24,37139,1024,7260,908,34,942,7.359375,7.08984375,932,0.11376953125,41,0.043991416309012876,160.1875,1.9296875,26.08451737339591,0.9228198368248451,0.0050048828125,0.25564183828124953,0.2556824570312557,908,919,1.0121145374449338,44,178.125,2,38,0.0,160.97350343473994,742,776,6.0625,0.2815674859374866,True
0.975,25,29727,1024,7915,990,34,1024,8.0,7.7294921875,277,0.0338134765625,5,0.018050541516245487,56.0,0.5,30.6489233386171,0.9949158738365287,0.0006103515625,0.25564183828124953,0.2556824570312557,990,1001,1.011111111111111,1777,1303.75,1,5,0.0,71.50124688279301,877,911,7.1171875,0.2815674859374866,True
0.975,26,41854,1024,7016,877,34,911,7.1171875,6.8515625,1176,0.1435546875,11,0.00935374149659864,28.0,0.5,33.65922329525691,0.9665068810569428,0.0013427734375,0.25564183828124953,0.2556824570312557,877,888,1.0125427594070695,4553,279.2,2,10,0.0,63.01538461538462,712,746,5.828125,0.2815674859374866,True
0.975,27,40333,1024,7781,973,34,1007,7.8671875,7.5986328125,411,0.0501708984375,11,0.0267639902676399,86.001953125,0.751953125,28.785720465804108,0.9562180868632219,0.0013427734375,0.25564183828124953,0.2556824570312557,973,984,1.0113052415210688,8,576.0,1,11,0.0,86.08602150537635,834,868,6.78125,0.2815674859374866,True
0.975,28,33248,1024,6188,774,34,808,6.3125,6.04296875,2004,0.24462890625,37,0.018463073852295408,45.8759765625,0.6142578125,31.51495038677173,0.9882589183263109,0.0045166015625,0.25564183828124953,0.2556824570312557,774,785,1.0142118863049097,526,179.83333333333334,4,30,0.0,48.98540145985402,607,641,5.0078125,0.2815674859374866,True
0.975,29,9680,1024,7392,924,34,958,7.484375,7.21875,800,0.09765625,7,0.00875,82.0,0.6875,28.99266508484194,0.9982813504950161,0.0008544921875,0.25564183828124953,0.2556824570312557,924,935,1.0119047619047619,272,936.0,1,7,0.0,84.81616161616162,767,801,6.2578125,0.2815674859374866,True
0.975,30,16805,1024,7753,970,34,1004,7.84375,7.5712890625,439,0.0535888671875,6,0.01366742596810934,48.0,0.5,31.318391234923233,0.9931518643754422,0.000732421875,0.25564183828124953,0.2556824570312557,970,981,1.011340206185567,1024,1361.8,1,6,0.0,54.857142857142854,830,864,6.75,0.2815674859374866,True
0.975,31,14652,1024,6633,830,34,864,6.75,6.4775390625,1559,0.1903076171875,18,0.011545862732520847,82.0,0.9375,28.99266508484194,0.9762685702127268,0.002197265625,0.25564183828124953,0.2556824570312557,830,841,1.0132530120481928,1816,146.88235294117646,2,13,0.0,105.35508155583437,642,676,5.28125,0.2815674859374866,True
0.975,32,15793,1024,7000,875,34,909,7.1015625,6.8359375,1192,0.1455078125,9,0.007550335570469799,26.5,0.4375,33.898344869311025,0.9581698003529522,0.0010986328125,0.25564183828124953,0.2556824570312557,875,886,1.0125714285714287,1003,646.75,1,9,0.0,30.18464961067853,681,715,5.5859375,0.2815674859374866,True
0.975,33,30210,1024,6275,785,34,819,6.3984375,6.1279296875,1917,0.2340087890625,37,0.019300991131977047,141.5625,1.5546875,26.621321371749843,0.9596281207330037,0.0045166015625,0.25564183828124953,0.2556824570312557,785,796,1.0140127388535032,259,205.11111111111111,1,37,0.0,146.1290322580645,582,616,4.8125,0.2815674859374866,True
0.975,34,47426,1024,7346,919,34,953,7.4453125,7.173828125,846,0.103271484375,21,0.024822695035460994,202.5,1.84375,25.06655333317223,0.9276482580972989,0.0025634765625,0.25564183828124953,0.2556824570312557,919,930,1.0119695321001088,227,355.95,1,21,0.0,208.19277108433735,793,827,6.4609375,0.2815674859374866,True
0.975,35,20875,1024,7311,914,34,948,7.40625,7.1396484375,881,0.1075439453125,16,0.018161180476730987,113.0,1.21875,27.600019173844906,0.9898517395675135,0.001953125,0.25564183828124953,0.2556824570312557,914,925,1.012035010940919,513,494.4,1,16,0.0,120.53333333333333,735,769,6.0078125,0.2815674859374866,True
0.975,36,4161,1024,7688,961,34,995,7.7734375,7.5078125,504,0.0615234375,13,0.025793650793650792,153.0,1.21875,26.283889300503116,0.9835167086600242,0.0015869140625,0.25564183828124953,0.2556824570312557,961,972,1.0114464099895941,712,554.6666666666666,2,12,0.0,167.56363636363636,812,846,6.609375,0.2815674859374866,True
0.975,37,40340,1024,7005,876,34,910,7.109375,6.8408203125,1187,0.1448974609375,25,0.02106149957877001,93.125,1.296875,28.44014075111561,0.9663715165116822,0.0030517578125,0.25564183828124953,0.2556824570312557,876,887,1.0125570776255708,228,306.5416666666667,2,23,0.0,95.7429718875502,709,743,5.8046875,0.2815674859374866,True
0.975,38,28286,1024,7577,948,34,982,7.671875,7.3994140625,615,0.0750732421875,13,0.02113821138211382,34.125,0.484375,32.800077008190975,0.9997382293171154,0.0015869140625,0.25564183828124953,0.2556824570312557,948,959,1.011603375527426,27,630.5,2,11,0.0,34.22526934378061,795,829,6.4765625,0.2815674859374866,True
0.975,39,13256,1024,7870,984,34,1018,7.953125,7.685546875,322,0.039306640625,9,0.027950310559006212,40.0048828125,0.3798828125,32.10967358312308,0.9949426717796994,0.0010986328125,0.25564183828124953,0.2556824570312557,984,995,1.011178861788618,536,642.125,1,9,0.0,42.80564263322884,842,876,6.84375,0.2815674859374866,True
0.975,40,48934,1024,7492,937,34,971,7.5859375,7.31640625,700,0.08544921875,39,0.055714285714285716,90.25,1.515625,28.57633150290215,0.9731587848222041,0.0047607421875,0.25564183828124953,0.2556824570312557,937,948,1.0117395944503735,258,194.97368421052633,1,39,0.0,93.16129032258064,795,829,6.4765625,0.2815674859374866,True
0.975,41,11935,1024,6695,837,34,871,6.8046875,6.5380859375,1497,0.1827392578125,18,0.012024048096192385,75.5,0.8125,29.35133409238722,0.9422251471662679,0.002197265625,0.25564183828124953,0.2556824570312557,837,848,1.013142174432497,1024,320.52941176470586,2,12,0.0,86.28571428571429,662,696,5.4375,0.2815674859374866,True
0.975,42,48447,1024,7499,938,34,972,7.59375,7.3232421875,693,0.0845947265625,6,0.008658008658008658,13.0,0.21875,36.99137008561073,0.9791073564935738,0.000732421875,0.25564183828124953,0.2556824570312557,938,949,1.011727078891258,1224,1304.4,2,4,0.0,15.283582089552239,791,825,6.4453125,0.2815674859374866,True
0.975,43,15492,1024,7981,998,34,1032,8.0625,7.7939453125,211,0.0257568359375,8,0.037914691943127965,44.0,0.5625,31.69627684381723,0.990927523902536,0.0009765625,0.25564183828124953,0.2556824570312557,998,1009,1.0110220440881763,441,981.7142857142857,1,8,0.0,46.49742002063984,904,938,7.328125,0.2815674859374866,True
0.975,44,32513,1024,7530,942,34,976,7.625,7.353515625,662,0.080810546875,13,0.019637462235649546,103.0,0.96875,28.00243136162738,0.9789748024206187,0.0015869140625,0.25564183828124953,0.2556824570312557,942,953,1.0116772823779194,425,613.25,1,13,0.0,108.62203913491246,816,850,6.640625,0.2815674859374866,True
0.975,45,36099,1024,7006,876,34,910,7.109375,6.841796875,1186,0.144775390625,38,0.03204047217537943,80.45703125,1.353515625,29.075163571856102,0.9472098520686161,0.004638671875,0.25564183828124953,0.2556824570312557,876,887,1.0125570776255708,237,209.21621621621622,3,33,0.0,82.80201005025125,731,765,5.9765625,0.2815674859374866,True
0.975,46,39260,1024,5631,704,34,738,5.765625,5.4990234375,2561,0.3126220703125,85,0.033190160093713394,219.7802734375,2.3759765625,24.710916514961095,0.9233877459700635,0.0103759765625,0.25564183828124953,0.2556824570312557,704,715,1.015625,2018,64.3452380952381,1,85,0.0,291.5220207253886,460,494,3.859375,0.2815674859374866,True
0.975,47,46517,1024,6752,844,34,878,6.859375,6.59375,1440,0.17578125,20,0.013888888888888888,59.0,0.875,30.422283492257662,0.9780853781672407,0.00244140625,0.25564183828124953,0.2556824570312557,844,855,1.0130331753554502,258,372.2631578947368,1,20,0.0,60.903225806451616,664,698,5.453125,0.2815674859374866,True
0.975,48,33095,1024,7669,959,34,993,7.7578125,7.4892578125,523,0.0638427734375,14,0.02676864244741874,63.0,0.71875,30.137398114143288,0.9861933783961553,0.001708984375,0.25564183828124953,0.2556824570312557,959,970,1.0114702815432743,824,547.2307692307693,2,11,0.0,70.0456026058632,821,855,6.6796875,0.2815674859374866,True
0.975,49,3,1024,7367,921,34,955,7.4609375,7.1943359375,825,0.1007080078125,11,0.013333333333333334,38.0,0.625,32.332967642511,0.9520905462308349,0.0013427734375,0.25564183828124953,0.2556824570312557,921,932,1.011943539630836,1497,240.0,1,11,0.0,46.48984468339307,770,804,6.28125,0.2815674859374866,True
0.975,50,21683,1024,7364,921,34,955,7.4609375,7.19140625,828,0.10107421875,68,0.0821256038647343,302.0,4.375,23.330734179107594,0.9202975717352182,0.00830078125,0.25564183828124953,0.2556824570312557,921,932,1.011943539630836,210,117.11940298507463,1,68,0.0,309.8677354709419,739,773,6.0390625,0.2815674859374866,True
0.975,51,13446,1024,7439,930,34,964,7.53125,7.2646484375,753,0.0919189453125,11,0.014608233731739707,100.625,0.859375,28.103744674919856,0.9996436866884962,0.0013427734375,0.25564183828124953,0.2556824570312557,930,941,1.0118279569892472,684,546.0,1,11,0.0,109.73375931842385,774,808,6.3125,0.2815674859374866,True
0.975,52,49515,1024,7029,879,34,913,7.1328125,6.8642578125,1163,0.1419677734375,20,0.017196904557179708,80.8125,0.9140625,29.056018186434407,0.9713586600929749,0.00244140625,0.25564183828124953,0.2556824570312557,879,890,1.012514220705347,768,388.2631578947368,2,17,0.0,89.17241379310344,726,760,5.9375,0.2815674859374866,True
0.975,53,27943,1024,7522,941,34,975,7.6171875,7.345703125,670,0.081787109375,17,0.025373134328358207,172.0625,1.4921875,25.773941321305045,0.9870471299051919,0.0020751953125,0.25564183828124953,0.2556824570312557,941,952,1.0116896918172158,512,425.0,1,17,0.0,183.53333333333333,798,832,6.5,0.2815674859374866,True
0.975,54,29059,1024,7893,987,34,1021,7.9765625,7.7080078125,299,0.0364990234375,14,0.046822742474916385,86.0,1.0,28.785819096243426,0.9918125781800706,0.001708984375,0.25564183828124953,0.2556824570312557,987,998,1.011144883485309,9,537.2307692307693,1,14,0.0,86.08406647116324,876,910,7.109375,0.2815674859374866,True
0.975,55,32738,1024,5728,716,34,750,5.859375,5.59375,2464,0.30078125,16,0.006493506493506494,35.140625,0.51171875,32.67270879416165,0.9676546299111949,0.001953125,0.25564183828124953,0.2556824570312557,716,727,1.01536312849162,1219,379.6666666666667,3,13,0.0,41.26605504587156,487,521,4.0703125,0.2815674859374866,True
0.975,56,445,1024,7720,965,34,999,7.8046875,7.5390625,472,0.0576171875,32,0.06779661016949153,433.25,3.515625,21.763417894819558,0.9366267690307304,0.00390625,0.25564183828124953,0.2556824570312557,965,976,1.01139896373057,289,247.70967741935485,1,32,0.0,449.03643724696354,853,887,6.9296875,0.2815674859374866,True
0.975,57,32216,1024,7478,935,34,969,7.5703125,7.302734375,714,0.087158203125,24,0.03361344537815126,299.0,2.46875,23.37409172543481,0.9965304250342383,0.0029296875,0.25564183828124953,0.2556824570312557,935,946,1.011764705882353,256,322.82608695652175,1,24,0.0,308.64516129032256,766,800,6.25,0.2815674859374866,True
0.975,58,18250,1024,7714,965,34,999,7.8046875,7.533203125,478,0.058349609375,7,0.014644351464435146,26.0,0.375,33.98107012897092,0.9815785454350195,0.0008544921875,0.25564183828124953,0.2556824570312557,965,976,1.01139896373057,2473,902.8333333333334,1,7,0.0,37.236363636363635,831,865,6.7578125,0.2815674859374866,True
0.975,59,1684,1024,7146,894,34,928,7.25,6.978515625,1046,0.127685546875,18,0.017208413001912046,180.0,1.5625,25.578078557646045,0.939387291998351,0.002197265625,0.25564183828124953,0.2556824570312557,894,905,1.012304250559284,2929,242.76470588235293,1,18,0.0,280.12158054711244,720,754,5.890625,0.2815674859374866,True
0.975,60,2899,1024,7211,902,34,936,7.3125,7.0419921875,981,0.1197509765625,13,0.013251783893985729,34.0,0.625,32.81601443825655,0.9897010124707735,0.0015869140625,0.25564183828124953,0.2556824570312557,902,913,1.0121951219512195,353,634.75,1,13,0.0,35.5265306122449,761,795,6.2109375,0.2815674859374866,True
0.975,61,39428,1024,6951,869,34,903,7.0546875,6.7880859375,1241,0.1514892578125,43,0.0346494762288477,26.3720703125,0.5517578125,33.9193613589051,0.9871539779406164,0.0052490234375,0.25564183828124953,0.2556824570312557,869,880,1.0126582278481013,119,137.4047619047619,2,39,0.0,26.737623762376238,693,727,5.6796875,0.2815674859374866,True
0.975,62,40758,1024,7338,918,34,952,7.4375,7.166015625,854,0.104248046875,22,0.02576112412177986,151.6875,1.3671875,26.321305671919003,0.9902084196822393,0.002685546875,0.25564183828124953,0.2556824570312557,918,929,1.0119825708061003,32,366.6666666666667,2,20,0.0,152.28235294117647,801,835,6.5234375,0.2815674859374866,True
0.975,63,29154,1024,7690,962,34,996,7.78125,7.509765625,502,0.061279296875,27,0.053784860557768925,237.5,2.125,24.37416746907025,0.9669553616236459,0.0032958984375,0.25564183828124953,0.2556824570312557,962,973,1.0114345114345114,657,279.96153846153845,2,26,0.0,258.1740976645435,818,852,6.65625,0.2815674859374866,True
0.975,64,43958,1024,7478,935,34,969,7.5703125,7.302734375,714,0.087158203125,10,0.014005602240896359,136.0,1.125,26.79541452497693,0.8555621747420035,0.001220703125,0.25564183828124953,0.2556824570312557,935,946,1.011764705882353,4441,175.88888888888889,1,10,0.0,296.9381663113006,784,818,6.390625,0.2815674859374866,True
0.975,65,33814,1024,7777,973,34,1007,7.8671875,7.5947265625,415,0.0506591796875,3,0.007228915662650603,24.0,0.25,34.32869119156304,0.9909111961164228,0.0003662109375,0.25564183828124953,0.2556824570312557,973,984,1.0113052415210688,3240,2048.5,1,3,0.0,39.70274636510501,856,890,6.953125,0.2815674859374866,True
0.975,66,34153,1024,7317,915,34,949,7.4140625,7.1455078125,875,0.1068115234375,15,0.017142857142857144,117.0,1.21875,27.448944991217488,0.9702660920555498,0.0018310546875,0.25564183828124953,0.2556824570312557,915,926,1.0120218579234972,1793,264.0,1,15,0.0,149.76,752,786,6.140625,0.2815674859374866,True
0.975,67,43609,1024,7228,904,34,938,7.328125,7.05859375,964,0.11767578125,31,0.032157676348547715,233.45703125,1.990234375,24.44873402339399,0.9141562627788379,0.0037841796875,0.25564183828124953,0.2556824570312557,904,915,1.0121681415929205,1153,219.03333333333333,2,29,0.0,271.65909090909093,738,772,6.03125,0.2815674859374866,True
0.975,68,10762,1024,7136,892,34,926,7.234375,6.96875,1056,0.12890625,30,0.028409090909090908,194.0625,1.8828125,25.251387390112363,0.9161100779816614,0.003662109375,0.25564183828124953,0.2556824570312557,892,903,1.0123318385650224,1028,193.79310344827587,3,24,0.0,221.78571428571428,742,776,6.0625,0.2815674859374866,True
0.975,69,17898,1024,6742,843,34,877,6.8515625,6.583984375,1450,0.177001953125,5,0.0034482758620689655,5.5,0.125,40.72717671373667,0.9934170539952868,0.0006103515625,0.25564183828124953,0.2556824570312557,843,854,1.0130486358244366,1107,319.5,2,4,0.0,6.356659142212189,649,683,5.3359375,0.2815674859374866,True
0.975,70,43653,1024,7302,913,34,947,7.3984375,7.130859375,890,0.108642578125,4,0.0044943820224719105,17.0,0.21875,35.826314394896364,0.9801334860664509,0.00048828125,0.25564183828124953,0.2556824570312557,913,924,1.0120481927710843,3409,32.333333333333336,1,4,0.0,29.110367892976587,709,743,5.8046875,0.2815674859374866,True
0.975,71,14233,1024,7635,955,34,989,7.7265625,7.4560546875,557,0.0679931640625,34,0.06104129263913824,407.25,3.390625,22.03219267887363,0.908171891795672,0.004150390625,0.25564183828124953,0.2556824570312557,955,966,1.0115183246073298,2937,151.4848484848485,1,34,0.0,634.7397260273973,808,842,6.578125,0.2815674859374866,True
0.975,72,39520,1024,7457,933,34,967,7.5546875,7.2822265625,735,0.0897216796875,6,0.00816326530612245,66.0,0.5625,29.935364253260417,0.9938024366098507,0.000732421875,0.25564183828124953,0.2556824570312557,933,944,1.0117899249732047,1752,576.4,1,6,0.0,83.95527950310559,766,800,6.25,0.2815674859374866,True
0.975,73,18138,1024,7371,922,34,956,7.46875,7.1982421875,821,0.1002197265625,16,0.0194884287454324,49.25,0.671875,31.206741260342795,0.9818673909542396,0.001953125,0.25564183828124953,0.2556824570312557,922,933,1.0119305856832972,512,273.06666666666666,3,12,0.0,52.53333333333333,742,776,6.0625,0.2815674859374866,True
0.975,74,9212,1024,7020,878,34,912,7.125,6.85546875,1172,0.14306640625,67,0.05716723549488054,258.8125,3.9609375,24.00095113021457,0.8637059068996614,0.0081787109375,0.25564183828124953,0.2556824570312557,878,889,1.0125284738041003,2048,75.43939393939394,2,64,0.0,345.0833333333333,697,731,5.7109375,0.2815674859374866,True
0.975,75,6456,1024,7602,951,34,985,7.6953125,7.423828125,590,0.072021484375,23,0.03898305084745763,265.5,2.1875,23.890158354504223,0.9882605521933387,0.0028076171875,0.25564183828124953,0.2556824570312557,951,962,1.0115667718191377,256,337.8636363636364,2,22,0.0,274.06451612903226,813,847,6.6171875,0.2815674859374866,True
0.975,76,22948,1024,7020,878,34,912,7.125,6.85546875,1172,0.14306640625,67,0.05716723549488054,219.0625,3.6328125,24.725123212211578,0.9163724176431385,0.0081787109375,0.25564183828124953,0.2556824570312557,878,889,1.0125284738041003,257,106.18181818181819,1,67,0.0,226.1290322580645,694,728,5.6875,0.2815674859374866,True
0.975,77,7591,1024,7722,966,34,1000,7.8125,7.541015625,470,0.057373046875,6,0.01276595744680851,64.5,0.53125,30.035206462326425,0.9703551622144497,0.000732421875,0.25564183828124953,0.2556824570312557,966,977,1.0113871635610765,3603,730.6,1,6,0.0,115.06620209059234,859,893,6.9765625,0.2815674859374866,True
0.975,78,29996,1024,7192,899,34,933,7.2890625,7.0234375,1000,0.1220703125,11,0.011,87.0,0.6875,28.735611082492916,0.9902671638638598,0.0013427734375,0.25564183828124953,0.2556824570312557,899,910,1.0122358175750834,770,716.9,2,10,0.0,96.0,713,747,5.8359375,0.2815674859374866,True
0.975,79,10378,1024,7213,902,34,936,7.3125,7.0439453125,979,0.1195068359375,15,0.015321756894790603,81.75,0.953125,29.005925995355867,0.977747362199468,0.0018310546875,0.25564183828124953,0.2556824570312557,902,913,1.0121951219512195,571,517.0,1,15,0.0,87.8405036726128,737,771,6.0234375,0.2815674859374866,True
0.975,80,27337,1024,6408,801,34,835,6.5234375,6.2578125,1784,0.2177734375,9,0.005044843049327354,57.625,0.515625,30.52469422470206,0.9727567671238181,0.0010986328125,0.25564183828124953,0.2556824570312557,801,812,1.013732833957553,1888,785.5,1,9,0.0,74.88324873096447,585,619,4.8359375,0.2815674859374866,True
0.975,81,19965,1024,7091,887,34,921,7.1953125,6.9248046875,1101,0.1343994140625,26,0.023614895549500452,142.8125,1.4296875,26.583141391179662,0.9230149215809264,0.003173828125,0.25564183828124953,0.2556824570312557,887,898,1.012401352874859,676,284.36,2,20,0.0,155.5744680851064,681,715,5.5859375,0.2815674859374866,True
0.975,82,24405,1024,7466,934,34,968,7.5625,7.291015625,726,0.088623046875,24,0.03305785123966942,303.0,2.46875,23.316377323656052,0.9484574093535032,0.0029296875,0.25564183828124953,0.2556824570312557,934,945,1.011777301927195,770,294.60869565217394,2,23,0.0,334.3448275862069,781,815,6.3671875,0.2815674859374866,True
0.975,83,45135,1024,7758,970,34,1004,7.84375,7.576171875,434,0.052978515625,16,0.03686635944700461,196.0,1.6875,25.208242895114342,0.9651019943541079,0.001953125,0.25564183828124953,0.2556824570312557,970,981,1.011340206185567,256,386.1333333333333,1,16,0.0,202.32258064516128,811,845,6.6015625,0.2815674859374866,True
0.975,84,11274,1024,7387,924,34,958,7.484375,7.2138671875,805,0.0982666015625,33,0.040993788819875775,123.75,1.5,27.20535153262304,0.9192132485622952,0.0040283203125,0.25564183828124953,0.2556824570312557,924,935,1.0119047619047619,516,222.40625,1,33,0.0,132.0,772,806,6.296875,0.2815674859374866,True
0.975,85,1941,1024,7429,929,34,963,7.5234375,7.2548828125,763,0.0931396484375,1,0.001310615989515072,16.0,0.125,36.08960378211985,0.9828092810286488,0.0001220703125,0.25564183828124953,0.2556824570312557,929,940,1.0118406889128095,4536,,1,1,0.0,35.85120350109409,767,801,6.2578125,0.2815674859374866,True
0.975,86,48940,1024,7519,940,34,974,7.609375,7.3427734375,673,0.0821533203125,7,0.010401188707280832,77.0,0.65625,29.265896356954286,0.9913140974129707,0.0008544921875,0.25564183828124953,0.2556824570312557,940,951,1.0117021276595746,5017,487.8333333333333,1,7,0.0,198.6095717884131,812,846,6.609375,0.2815674859374866,True
0.975,87,36794,1024,7653,957,34,991,7.7421875,7.4736328125,539,0.0657958984375,17,0.03153988868274583,272.0,2.125,23.785114568337118,0.973552020242489,0.0020751953125,0.25564183828124953,0.2556824570312557,957,968,1.0114942528735633,112,489.0,1,17,0.0,275.770297029703,796,830,6.484375,0.2815674859374866,True
0.975,88,21994,1024,7492,937,34,971,7.5859375,7.31640625,700,0.08544921875,7,0.01,49.0,0.53125,31.228842808393967,0.9708445743753575,0.0008544921875,0.25564183828124953,0.2556824570312557,937,948,1.0117395944503735,258,777.0,1,7,0.0,50.58064516129032,779,813,6.3515625,0.2815674859374866,True
0.975,89,49944,1024,7233,905,34,939,7.3359375,7.0634765625,959,0.1170654296875,9,0.009384775808133473,26.0,0.4375,33.98107012897092,0.9908844055278139,0.0010986328125,0.25564183828124953,0.2556824570312557,905,916,1.0121546961325967,2073,685.0,2,8,0.0,34.802614379084964,723,757,5.9140625,0.2815674859374866,True
0.975,90,43442,1024,5003,626,34,660,5.15625,4.8857421875,3189,0.3892822265625,82,0.025713389777359673,64.71484375,1.279296875,30.020764539344444,0.8979640851077542,0.010009765625,0.25564183828124953,0.2556824570312557,626,637,1.0175718849840256,516,91.64197530864197,3,76,0.0,69.02916666666667,371,405,3.1640625,0.2815674859374866,True
0.975,91,45096,1024,6650,832,34,866,6.765625,6.494140625,1542,0.188232421875,31,0.020103761348897537,130.0,1.75,26.991370085610736,0.9570823132561804,0.0037841796875,0.25564183828124953,0.2556824570312557,832,843,1.0132211538461537,1001,231.2,2,28,0.0,148.07563959955507,650,684,5.34375,0.2815674859374866,True
0.975,92,42430,1024,6313,790,34,824,6.4375,6.1650390625,1879,0.2293701171875,29,0.015433741351782864,28.125,0.578125,33.63987829748491,0.9388271322257613,0.0035400390625,0.25564183828124953,0.2556824570312557,790,801,1.0139240506329115,771,260.85714285714283,4,20,0.0,31.03448275862069,571,605,4.7265625,0.2815674859374866,True
0.975,93,42255,1024,6963,871,34,905,7.0703125,6.7998046875,1229,0.1500244140625,43,0.03498779495524817,444.0,3.75,21.656973907532905,0.9549840972489834,0.0052490234375,0.25564183828124953,0.2556824570312557,871,882,1.0126291618828933,1865,96.0,3,36,0.0,574.7863463969659,689,723,5.6484375,0.2815674859374866,True
0.975,94,5771,1024,7410,927,34,961,7.5078125,7.236328125,782,0.095458984375,28,0.03580562659846547,99.1591796875,1.0849609375,28.16747435538018,0.9715473392052358,0.00341796875,0.25564183828124953,0.2556824570312557,927,938,1.011866235167206,171,296.81481481481484,2,22,0.0,101.23529411764706,807,841,6.5703125,0.2815674859374866,True
0.975,95,8320,1024,7654,957,34,991,7.7421875,7.474609375,538,0.065673828125,22,0.040892193308550186,259.0,2.21875,23.997805967866586,0.908705494648259,0.002685546875,0.25564183828124953,0.2556824570312557,957,968,1.0114942528735633,169,347.0952380952381,1,22,0.0,264.42273180458625,846,880,6.875,0.2815674859374866,True
0.975,96,48807,1024,7511,939,34,973,7.6015625,7.3349609375,681,0.0831298828125,72,0.10572687224669604,816.25,6.671875,19.0125716658478,0.8909446256274555,0.0087890625,0.25564183828124953,0.2556824570312557,939,950,1.0117145899893503,272,108.3943661971831,3,66,0.0,844.2828282828283,784,818,6.390625,0.2815674859374866,True
0.975,97,2675,1024,6057,758,34,792,6.1875,5.9150390625,2135,0.2606201171875,93,0.04355971896955504,401.875,4.46875,22.089893705996133,0.8255234822873941,0.0113525390625,0.25564183828124953,0.2556824570312557,758,769,1.0145118733509235,514,83.29347826086956,3,88,0.0,428.6666666666667,560,594,4.640625,0.2815674859374866,True
0.975,98,37658,1024,7274,910,34,944,7.375,7.103515625,918,0.112060546875,17,0.018518518518518517,195.25,1.546875,25.224893183185728,0.9964100945900445,0.0020751953125,0.25564183828124953,0.2556824570312557,910,921,1.012087912087912,3738,261.375,2,16,0.0,358.951526032316,720,754,5.890625,0.2815674859374866,True
0.975,99,45710,1024,7428,929,34,963,7.5234375,7.25390625,764,0.09326171875,15,0.01963350785340314,145.0,1.34375,26.517123586329355,0.9782643449099917,0.0018310546875,0.25564183828124953,0.2556824570312557,929,940,1.0118406889128095,2048,420.64285714285717,1,15,0.0,193.33333333333334,777,811,6.3359375,0.2815674859374866,True
0.975,100,15813,1024,6855,857,34,891,6.9609375,6.6943359375,1337,0.1632080078125,5,0.0037397157816005983,2.8125,0.1015625,43.63987829748491,0.9992619344757112,0.0006103515625,0.25564183828124953,0.2556824570312557,857,868,1.0128354725787632,1026,1676.25,2,4,0.0,3.2142857142857144,664,698,5.453125,0.2815674859374866,True
0.975,101,7135,1024,7550,944,34,978,7.640625,7.373046875,642,0.078369140625,2,0.003115264797507788,2.0,0.0625,45.12050365203929,0.9996392090284446,0.000244140625,0.25564183828124953,0.2556824570312557,944,955,1.0116525423728813,4370,3096.0,1,2,0.0,4.2845188284518825,798,832,6.5,0.2815674859374866,True
0.975,102,31775,1024,7283,911,34,945,7.3828125,7.1123046875,909,0.1109619140625,10,0.011001100110011002,47.75,0.515625,31.341069849481453,0.9953979213618425,0.001220703125,0.25564183828124953,0.2556824570312557,911,922,1.0120746432491767,257,827.7777777777778,1,10,0.0,49.29032258064516,757,791,6.1796875,0.2815674859374866,True
0.975,103,31772,1024,7261,908,34,942,7.359375,7.0908203125,931,0.1136474609375,26,0.027926960257787327,337.0,2.65625,22.85450459996572,0.9563263814595966,0.003173828125,0.25564183828124953,0.2556824570312557,908,919,1.0121145374449338,88,246.44,2,24,0.0,340.6594274432379,730,764,5.96875,0.2815674859374866,True
0.975,104,25160,1024,6746,844,34,878,6.859375,6.587890625,1446,0.176513671875,5,0.003457814661134163,11.0,0.21875,37.71687675709685,0.9906061510007673,0.0006103515625,0.2661633085937467,0.25836914453125814,844,855,1.0130331753554502,4866,303.75,1,5,0.0,27.076923076923077,649,683,5.3359375,0.27609721875001014,True
0.975,105,36108,1024,6733,842,34,876,6.84375,6.5751953125,1459,0.1781005859375,17,0.011651816312542838,94.5,1.03125,28.376485523586474,0.9363565049406541,0.0020751953125,0.2661633085937467,0.25836914453125814,842,853,1.013064133016627,618,381.5625,1,17,0.0,102.18373812038014,653,687,5.3671875,0.27609721875001014,True
0.975,106,1260,1024,7089,887,34,921,7.1953125,6.9228515625,1103,0.1346435546875,11,0.009972801450589302,8.75,0.265625,38.71072307845597,0.9984874909446382,0.0013427734375,0.2661633085937467,0.25836914453125814,887,898,1.012401352874859,34,787.3,1,11,0.0,8.784313725490197,719,753,5.8828125,0.27609721875001014,True
0.975,107,37885,1024,7590,949,34,983,7.6796875,7.412109375,602,0.073486328125,18,0.029900332225913623,165.25,1.453125,25.949388927102323,0.9840778764874483,0.002197265625,0.2661633085937467,0.25836914453125814,949,960,1.01159114857745,1345,237.11764705882354,1,18,0.0,197.6822429906542,796,830,6.484375,0.27609721875001014,True
0.975,108,41535,1024,6996,875,34,909,7.1015625,6.83203125,1196,0.14599609375,30,0.02508361204013378,113.9013671875,1.3681640625,27.565514238087975,0.9795243919578102,0.003662109375,0.2661633085937467,0.25836914453125814,875,886,1.0125714285714287,131,276.37931034482756,2,27,0.0,115.70932539682539,711,745,5.8203125,0.27609721875001014,True
0.975,109,44889,1024,6951,869,34,903,7.0546875,6.7880859375,1241,0.1514892578125,42,0.03384367445608381,158.953125,2.10546875,26.118112903540485,0.9449353000839321,0.005126953125,0.2661633085937467,0.25836914453125814,869,880,1.0126582278481013,834,149.0487804878049,2,36,0.0,176.9217391304348,721,755,5.8984375,0.27609721875001014,True
0.975,110,28184,1024,7325,916,34,950,7.421875,7.1533203125,867,0.1058349609375,6,0.006920415224913495,24.0,0.3125,34.32869119156304,0.9611531137555619,0.000732421875,0.2661633085937467,0.25836914453125814,916,927,1.012008733624454,104,1355.6,1,6,0.0,24.30860534124629,759,793,6.1953125,0.27609721875001014,True
0.975,111,25319,1024,7473,935,34,969,7.5703125,7.2978515625,719,0.0877685546875,25,0.03477051460361613,212.5,1.96875,24.857214264815802,0.9804883353285052,0.0030517578125,0.2661633085937467,0.25836914453125814,935,946,1.011764705882353,256,288.0416666666667,1,25,0.0,219.3548387096774,778,812,6.34375,0.27609721875001014,True
0.975,112,11010,1024,7052,882,34,916,7.15625,6.88671875,1140,0.13916015625,44,0.03859649122807018,273.25,2.671875,23.7652019024617,0.9231123880435973,0.00537109375,0.2661633085937467,0.25836914453125814,882,893,1.0124716553287982,259,178.72093023255815,2,36,0.0,282.06451612903226,689,723,5.6484375,0.27609721875001014,True
0.975,113,33880,1024,7479,935,34,969,7.5703125,7.3037109375,713,0.0870361328125,13,0.0182328190743338,109.0,1.03125,27.756538629272868,0.9462964208687209,0.0015869140625,0.2661633085937467,0.25836914453125814,935,946,1.011764705882353,8,661.4166666666666,2,12,0.0,109.10654936461388,766,800,6.25,0.27609721875001014,True
0.975,114,19307,1024,6667,834,34,868,6.78125,6.5107421875,1525,0.1861572265625,27,0.017704918032786884,84.265625,1.36328125,28.87429914563635,0.9322275192715777,0.0032958984375,0.2661633085937467,0.25836914453125814,834,845,1.013189448441247,1277,186.30769230769232,2,26,0.0,99.75491329479769,637,671,5.2421875,0.27609721875001014,True
0.975,115,12236,1024,5611,702,34,736,5.75,5.4794921875,2581,0.3150634765625,41,0.01588531576908175,65.53515625,0.951171875,29.966060216493624,0.9970071504135407,0.0050048828125,0.2661633085937467,0.25836914453125814,702,713,1.0156695156695157,782,179.0,2,37,0.0,72.39266450916936,544,578,4.515625,0.27609721875001014,True
0.975,116,13805,1024,7021,878,34,912,7.125,6.8564453125,1171,0.1429443359375,56,0.04782237403928266,426.0,3.90625,21.836707617651918,0.8195816324718233,0.0068359375,0.2661633085937467,0.25836914453125814,878,889,1.0125284738041003,256,141.4181818181818,2,51,0.0,439.741935483871,687,721,5.6328125,0.27609721875001014,True
0.975,117,5814,1024,6434,805,34,839,6.5546875,6.283203125,1758,0.214599609375,17,0.009670079635949944,24.890625,0.34765625,34.17044559050666,0.9871652475903024,0.0020751953125,0.2661633085937467,0.25836914453125814,805,816,1.013664596273292,260,259.25,2,15,0.0,25.693548387096776,596,630,4.921875,0.27609721875001014,True
0.975,118,48485,1024,7444,931,34,965,7.5390625,7.26953125,748,0.09130859375,36,0.0481283422459893,482.5,3.90625,21.29583043188099,0.9422927021004571,0.00439453125,0.2661633085937467,0.25836914453125814,931,942,1.011815252416756,1280,190.22857142857143,1,36,0.0,571.8518518518518,761,795,6.2109375,0.27609721875001014,True
0.975,119,12248,1024,6641,831,34,865,6.7578125,6.4853515625,1551,0.1893310546875,23,0.014829142488716958,43.6357421875,0.7431640625,31.732379937152885,0.9850590004474256,0.0028076171875,0.2661633085937467,0.25836914453125814,831,842,1.01323706377858,95,321.54545454545456,1,23,0.0,44.10957551826259,667,701,5.4765625,0.27609721875001014,True
0.975,120,458,1024,7461,933,34,967,7.5546875,7.2861328125,731,0.0892333984375,80,0.1094391244870041,1002.5,8.21875,18.119959795756905,0.7993243525446987,0.009765625,0.2661633085937467,0.25836914453125814,933,944,1.0117899249732047,26,90.70886075949367,2,77,0.0,1005.4456415279138,784,818,6.390625,0.27609721875001014,True
0.975,121,319,1024,7222,903,34,937,7.3203125,7.052734375,970,0.118408203125,18,0.018556701030927835,161.125,1.359375,26.05917430506451,0.9854779166138778,0.002197265625,0.2661633085937467,0.25836914453125814,903,914,1.0121816168327795,132,383.88235294117646,2,17,0.0,163.68253968253967,742,776,6.0625,0.27609721875001014,True
0.975,122,21496,1024,7313,915,34,949,7.4140625,7.1416015625,879,0.1072998046875,56,0.06370875995449374,544.890625,4.72265625,20.76771025061055,0.9279566253757803,0.0068359375,0.2661633085937467,0.25836914453125814,915,926,1.0120218579234972,65,138.47272727272727,1,56,0.0,549.1811023622047,747,781,6.1015625,0.27609721875001014,True
0.975,123,20390,1024,7044,881,34,915,7.1484375,6.87890625,1148,0.14013671875,19,0.016550522648083623,35.078125,0.54296875,32.68043989512456,0.9997831864042082,0.0023193359375,0.2661633085937467,0.25836914453125814,881,892,1.0124858115777526,1301,226.94444444444446,3,12,0.0,41.67053364269142,683,717,5.6015625,0.27609721875001014,True
0.975,124,33691,1024,6964,871,34,905,7.0703125,6.80078125,1228,0.14990234375,174,0.14169381107491857,2644.142578125,20.833984375,13.907954912859868,0.6130439752301862,0.021240234375,0.2661633085937467,0.25836914453125814,871,882,1.0126291618828933,428,44.872832369942195,1,174,0.0,2788.4675592173016,682,716,5.59375,0.27609721875001014,True
0.975,125,33872,1024,7938,993,34,1027,8.0234375,7.751953125,254,0.031005859375,5,0.01968503937007874,56.0,0.5,30.6489233386171,0.9997367884015834,0.0006103515625,0.2661633085937467,0.25836914453125814,993,1004,1.0110775427995973,296,822.25,1,5,0.0,58.09929078014184,880,914,7.140625,0.27609721875001014,True
0.975,126,46987,1024,6546,819,34,853,6.6640625,6.392578125,1646,0.200927734375,16,0.009720534629404616,119.0625,1.1484375,27.37305363512197,0.9519481367495555,0.001953125,0.2661633085937467,0.25836914453125814,819,830,1.0134310134310134,3328,307.3333333333333,2,14,0.0,200.52631578947367,611,645,5.0390625,0.27609721875001014,True
0.975,127,26772,1024,7427,929,34,963,7.5234375,7.2529296875,765,0.0933837890625,7,0.009150326797385621,40.0,0.5,32.11020369539948,0.9792492714764413,0.0008544921875,0.2661633085937467,0.25836914453125814,929,940,1.0118406889128095,1849,914.6666666666666,1,7,0.0,51.651954602774275,767,801,6.2578125,0.27609721875001014,True
0.975,128,7057,1024,7210,902,34,936,7.3125,7.041015625,982,0.119873046875,25,0.025458248472505093,162.75,1.640625,26.015593636276808,0.9707295427093784,0.0030517578125,0.2661633085937467,0.25836914453125814,902,913,1.0121951219512195,146,323.0416666666667,1,25,0.0,165.66202783300199,712,746,5.828125,0.27609721875001014,True
0.975,129,30014,1024,7101,888,34,922,7.203125,6.9345703125,1091,0.1331787109375,32,0.02933088909257562,371.0,3.15625,22.437064512528643,0.9659861454024237,0.00390625,0.2661633085937467,0.25836914453125814,888,899,1.0123873873873874,40,221.74193548387098,1,32,0.0,372.8204121687929,710,744,5.8125,0.27609721875001014,True
0.975,130,48237,1024,7104,888,34,922,7.203125,6.9375,1088,0.1328125,12,0.011029411764705883,104.25,0.953125,27.950042972221155,0.9289299862329959,0.00146484375,0.2661633085937467,0.25836914453125814,888,899,1.0123873873873874,1392,595.1818181818181,1,12,0.0,125.59058823529412,711,745,5.8203125,0.27609721875001014,True
0.975,131,4823,1024,7252,907,34,941,7.3515625,7.08203125,940,0.11474609375,28,0.029787234042553193,180.0625,1.7734375,25.57657085243422,0.9778588450968917,0.00341796875,0.2661633085937467,0.25836914453125814,907,918,1.0121278941565601,155,278.77777777777777,2,24,0.0,183.46666666666667,751,785,6.1328125,0.27609721875001014,True
0.975,132,26627,1024,7553,945,34,979,7.6484375,7.3759765625,639,0.0780029296875,19,0.0297339593114241,164.0,1.5625,25.982365128202126,0.9598879255507808,0.0023193359375,0.2661633085937467,0.25836914453125814,945,956,1.0116402116402117,1137,376.8333333333333,2,18,0.0,190.40362811791383,798,832,6.5,0.27609721875001014,True
0.975,133,12293,1024,7930,992,34,1026,8.015625,7.744140625,262,0.031982421875,6,0.022900763358778626,24.0,0.375,34.32869119156304,0.9868700241372645,0.000732421875,0.2661633085937467,0.25836914453125814,992,1003,1.0110887096774193,2089,612.8,1,6,0.0,32.20969855832241,870,904,7.0625,0.27609721875001014,True
0.975,134,32803,1024,6654,832,34,866,6.765625,6.498046875,1538,0.187744140625,13,0.008452535760728219,22.0,0.46875,34.70657680045704,0.9757005020295046,0.0015869140625,0.2661633085937467,0.25836914453125814,832,843,1.0132211538461537,258,538.75,1,13,0.0,22.70967741935484,661,695,5.4296875,0.27609721875001014,True
0.975,135,41882,1024,6827,854,34,888,6.9375,6.6669921875,1365,0.1666259765625,19,0.01391941391941392,173.25,1.546875,25.74407117584066,0.9841593074334509,0.0023193359375,0.2661633085937467,0.25836914453125814,854,865,1.0128805620608898,1025,372.3888888888889,2,18,0.0,198.0,645,679,5.3046875,0.27609721875001014,True
0.975,136,10235,1024,7267,909,34,943,7.3671875,7.0966796875,925,0.1129150390625,8,0.008648648648648649,12.25,0.265625,37.24944272167359,0.9927515146655179,0.0009765625,0.2661633085937467,0.25836914453125814,909,920,1.012101210121012,2171,845.5714285714286,2,7,0.0,16.658698539176626,739,773,6.0390625,0.27609721875001014,True
0.975,137,30033,1024,7543,943,34,977,7.6328125,7.3662109375,649,0.0792236328125,10,0.015408320493066256,59.0,0.65625,30.422283492257662,0.9880168522792343,0.001220703125,0.2661633085937467,0.25836914453125814,943,954,1.0116648992576882,4761,370.77777777777777,2,9,0.0,140.82983682983684,816,850,6.640625,0.27609721875001014,True
0.975,138,20042,1024,7659,958,34,992,7.75,7.4794921875,533,0.0650634765625,7,0.013133208255159476,76.0,0.6875,29.322667685871192,0.9754735050622325,0.0008544921875,0.2661633085937467,0.25836914453125814,958,969,1.011482254697286,33,666.5,1,7,0.0,76.29803921568627,803,837,6.5390625,0.27609721875001014,True
0.975,139,29399,1024,7266,909,34,943,7.3671875,7.095703125,926,0.113037109375,10,0.01079913606911447,81.25,0.796875,29.032569912169986,0.9608746235469775,0.001220703125,0.2661633085937467,0.25836914453125814,909,920,1.012101210121012,99,638.7777777777778,1,10,0.0,82.21343873517786,737,771,6.0234375,0.27609721875001014,True
0.975,140,6463,1024,7822,978,34,1012,7.90625,7.638671875,370,0.045166015625,3,0.008108108108108109,24.0,0.25,34.32869119156304,0.9700968360991895,0.0003662109375,0.2661633085937467,0.25836914453125814,978,989,1.0112474437627812,2153,663.5,1,3,0.0,32.550993377483444,880,914,7.140625,0.27609721875001014,True
0.975,141,25920,1024,6510,814,34,848,6.625,6.357421875,1682,0.205322265625,70,0.041617122473246136,754.75,6.359375,19.35277239172775,0.9505110949579847,0.008544921875,0.2661633085937467,0.25836914453125814,814,825,1.0135135135135136,514,108.3913043478261,2,68,0.0,805.0666666666667,599,633,4.9453125,0.27609721875001014,True
0.975,142,10327,1024,8096,1012,34,1046,8.171875,7.90625,96,0.01171875,6,0.0625,96.0,0.75,28.30809127828342,0.9765366794746299,0.000732421875,0.2661633085937467,0.25836914453125814,1012,1023,1.0108695652173914,184,1259.2,1,6,0.0,98.2057942057942,926,960,7.5,0.27609721875001014,True
0.975,143,3805,1024,7228,904,34,938,7.328125,7.05859375,964,0.11767578125,20,0.02074688796680498,142.0,1.5,26.607920164848537,0.8937804893731408,0.00244140625,0.2661633085937467,0.25836914453125814,904,915,1.0121681415929205,1864,309.1578947368421,2,19,0.0,183.82806573957018,749,783,6.1171875,0.27609721875001014,True
0.975,144,37879,1024,5637,705,34,739,5.7734375,5.5048828125,2555,0.3118896484375,20,0.007827788649706457,14.625,0.34375,36.47984486113692,0.9568361510335579,0.00244140625,0.2661633085937467,0.25836914453125814,705,716,1.0156028368794325,1643,325.89473684210526,2,18,0.0,18.285714285714285,439,473,3.6953125,0.27609721875001014,True
0.975,145,22721,1024,7012,877,34,911,7.1171875,6.84765625,1180,0.14404296875,12,0.010169491525423728,57.5625,0.6953125,30.529407133269864,0.9977379885238695,0.00146484375,0.2661633085937467,0.25836914453125814,877,888,1.0125427594070695,1219,611.4545454545455,1,12,0.0,67.59633027522936,676,710,5.546875,0.27609721875001014,True
0.975,146,43932,1024,7586,949,34,983,7.6796875,7.408203125,606,0.073974609375,23,0.037953795379537955,221.0,2.09375,24.686880871827995,0.9637728203711559,0.0028076171875,0.2661633085937467,0.25836914453125814,949,960,1.01159114857745,120,285.8181818181818,1,23,0.0,224.2854311199207,778,812,6.34375,0.27609721875001014,True
0.975,147,47270,1024,7609,952,34,986,7.703125,7.4306640625,583,0.0711669921875,7,0.012006861063464836,70.0,0.625,29.679823208536536,0.9733715513914362,0.0008544921875,0.2661633085937467,0.25836914453125814,952,963,1.0115546218487395,304,986.6666666666666,1,7,0.0,72.69776876267748,816,850,6.640625,0.27609721875001014,True
0.975,148,11091,1024,6881,861,34,895,6.9921875,6.7197265625,1311,0.1600341796875,25,0.01906941266209001,80.75,1.265625,29.0593782986477,0.9687830085603601,0.0030517578125,0.2661633085937467,0.25836914453125814,861,872,1.0127758420441346,513,278.7083333333333,2,24,0.0,86.13333333333334,650,684,5.34375,0.27609721875001014,True
0.975,149,9736,1024,7444,931,34,965,7.5390625,7.26953125,748,0.09130859375,16,0.0213903743315508,48.25,0.828125,31.29583043188099,0.9497323577794384,0.001953125,0.2661633085937467,0.25836914453125814,931,942,1.011815252416756,2106,388.73333333333335,1,16,0.0,64.9250985545335,768,802,6.265625,0.27609721875001014,True
0.975,150,23206,1024,6817,853,34,887,6.9296875,6.6572265625,1375,0.1678466796875,41,0.029818181818181817,94.125,1.515625,28.393753716591533,0.9599052565390758,0.0050048828125,0.2661633085937467,0.25836914453125814,853,864,1.0128956623681125,516,185.525,3,32,0.0,100.4,679,713,5.5703125,0.27609721875001014,True
0.975,151,25039,1024,7927,991,34,1025,8.0078125,7.7412109375,265,0.0323486328125,8,0.03018867924528302,68.0,0.6875,29.80571448161674,0.9669310592246627,0.0009765625,0.2661633085937467,0.25836914453125814,991,1002,1.0110998990918265,1720,889.2857142857143,1,8,0.0,86.0716934487021,885,919,7.1796875,0.27609721875001014,True
0.975,152,21014,1024,6354,795,34,829,6.4765625,6.205078125,1838,0.224365234375,18,0.009793253536452665,122.56640625,1.166015625,27.247089084625898,0.9292419146767595,0.002197265625,0.2661633085937467,0.25836914453125814,795,806,1.0138364779874214,1372,379.4117647058824,1,18,0.0,147.137162954279,639,673,5.2578125,0.27609721875001014,True
0.975,153,32412,1024,7798,975,34,1009,7.8828125,7.615234375,394,0.048095703125,44,0.1116751269035533,415.0068359375,3.6005859375,21.950251104558568,0.8216216029028318,0.00537109375,0.2661633085937467,0.25836914453125814,975,986,1.0112820512820513,88,158.69767441860466,1,44,0.0,419.51332675222113,841,875,6.8359375,0.27609721875001014,True
0.975,154,34022,1024,6123,766,34,800,6.25,5.9794921875,2069,0.2525634765625,21,0.01014983083615273,39.5,0.703125,32.1648326524145,0.95994715070046,0.0025634765625,0.2661633085937467,0.25836914453125814,766,777,1.014360313315927,930,350.5,3,18,0.0,44.54625550660793,547,581,4.5390625,0.27609721875001014,True
0.975,155,21369,1024,6723,841,34,875,6.8359375,6.5654296875,1469,0.1793212890625,10,0.0068073519400953025,128.125,1.015625,27.054464824680807,0.9599410009444527,0.001220703125,0.2661633085937467,0.25836914453125814,841,852,1.0130796670630202,260,641.3333333333334,1,10,0.0,132.25806451612902,632,666,5.203125,0.27609721875001014,True
0.975,156,41654,1024,7551,944,34,978,7.640625,7.3740234375,641,0.0782470703125,17,0.0265210608424337,139.0,1.34375,26.70065560613815,0.9457580066168082,0.0020751953125,0.2661633085937467,0.25836914453125814,944,955,1.0116525423728813,256,483.625,1,17,0.0,143.48387096774192,798,832,6.5,0.27609721875001014,True
0.975,157,11953,1024,7428,929,34,963,7.5234375,7.25390625,764,0.09326171875,23,0.030104712041884817,116.318359375,1.091796875,27.47432092863687,0.9874653239144612,0.0028076171875,0.2661633085937467,0.25836914453125814,929,940,1.0118406889128095,55,357.8636363636364,2,22,0.0,117.00392927308448,774,808,6.3125,0.27609721875001014,True
0.975,158,13700,1024,7335,917,34,951,7.4296875,7.1630859375,857,0.1046142578125,34,0.039673278879813305,392.0,3.25,22.197942938474533,0.8732355803986023,0.004150390625,0.2661633085937467,0.25836914453125814,917,928,1.0119956379498365,3328,93.12121212121212,2,29,0.0,660.2105263157895,728,762,5.953125,0.27609721875001014,True
0.975,159,38205,1024,6661,833,34,867,6.7734375,6.5048828125,1531,0.1868896484375,231,0.15088177661659047,965.125,14.375,18.284967954054064,0.6728332742251474,0.0281982421875,0.2661633085937467,0.25836914453125814,833,844,1.0132052821128452,257,28.969565217391306,1,231,0.0,996.258064516129,649,683,5.3359375,0.27609721875001014,True
0.975,160,40129,1024,6765,846,34,880,6.875,6.6064453125,1427,0.1741943359375,1,0.000700770847932726,1.0,0.03125,48.1308036086791,0.9939438215272701,0.0001220703125,0.2661633085937467,0.25836914453125814,846,857,1.0130023640661938,3906,,1,1,0.0,1.9104477611940298,634,668,5.21875,0.27609721875001014,True
0.975,161,17080,1024,6637,830,34,864,6.75,6.4814453125,1555,0.1898193359375,20,0.012861736334405145,45.3125,0.7734375,31.568623369528414,0.9641346266527707,0.00244140625,0.2661633085937467,0.25836914453125814,830,841,1.0132530120481928,2052,259.3157894736842,1,20,0.0,60.416666666666664,635,669,5.2265625,0.27609721875001014,True
0.975,162,1505,1024,7595,950,34,984,7.6875,7.4169921875,597,0.0728759765625,13,0.021775544388609715,136.1875,1.1484375,26.789431132775796,0.9740179515778524,0.0015869140625,0.2661633085937467,0.25836914453125814,950,961,1.0115789473684211,252,549.6666666666666,1,13,0.0,140.43907351460223,814,848,6.625,0.27609721875001014,True
0.975,163,36391,1024,7590,949,34,983,7.6796875,7.412109375,602,0.073486328125,9,0.014950166112956811,45.25,0.484375,31.574617773266883,0.976144033688099,0.0010986328125,0.2661633085937467,0.25836914453125814,949,960,1.01159114857745,82,577.125,1,9,0.0,45.696252465483234,794,828,6.46875,0.27609721875001014,True
0.975,164,24660,1024,7384,923,34,957,7.4765625,7.2109375,808,0.0986328125,25,0.03094059405940594,186.75,1.796875,25.41819750380474,0.9440321673506797,0.0030517578125,0.2661633085937467,0.25836914453125814,923,934,1.0119176598049837,1418,275.7083333333333,2,24,0.0,225.77567886658795,782,816,6.375,0.27609721875001014,True
0.975,165,24061,1024,6654,832,34,866,6.765625,6.498046875,1538,0.187744140625,53,0.03446033810143043,385.140625,3.78515625,22.2746103003333,0.8864989023866144,0.0064697265625,0.2661633085937467,0.25836914453125814,832,843,1.0132211538461537,429,125.15384615384616,2,51,0.0,406.1627188465499,630,664,5.1875,0.27609721875001014,True
0.975,166,10964,1024,6518,815,34,849,6.6328125,6.365234375,1674,0.204345703125,14,0.008363201911589008,67.0,0.78125,29.87005558167084,0.9690813857892002,0.001708984375,0.2661633085937467,0.25836914453125814,815,826,1.0134969325153373,1792,472.7692307692308,3,11,0.0,85.76,607,641,5.0078125,0.27609721875001014,True
0.975,167,20807,1024,7780,973,34,1007,7.8671875,7.59765625,412,0.05029296875,15,0.03640776699029126,212.25,1.703125,24.8623266195192,0.9931021825158622,0.0018310546875,0.2661633085937467,0.25836914453125814,973,984,1.0113052415210688,9,583.9285714285714,1,15,0.0,212.4574780058651,829,863,6.7421875,0.27609721875001014,True
0.975,168,33388,1024,7981,998,34,1032,8.0625,7.7939453125,211,0.0257568359375,7,0.03317535545023697,76.0,0.6875,29.322667685871192,0.9895150479616276,0.0008544921875,0.2661633085937467,0.25836914453125814,998,1009,1.0110220440881763,376,1174.8333333333333,1,7,0.0,79.6560900716479,891,925,7.2265625,0.27609721875001014,True
0.975,169,34571,1024,7340,918,34,952,7.4375,7.16796875,852,0.10400390625,17,0.01995305164319249,138.5009765625,1.2822265625,26.716275252709828,0.9842935315372677,0.0020751953125,0.2661633085937467,0.25836914453125814,918,929,1.0119825708061003,370,433.375,1,17,0.0,145.01533742331287,760,794,6.203125,0.27609721875001014,True
0.975,170,21194,1024,7446,931,34,965,7.5390625,7.271484375,746,0.091064453125,12,0.0160857908847185,59.25,0.671875,30.40392006185769,0.9282292746884927,0.00146484375,0.2661633085937467,0.25836914453125814,931,942,1.011815252416756,18,742.6363636363636,2,11,0.0,59.365949119373774,800,834,6.515625,0.27609721875001014,True
0.975,171,32696,1024,7371,922,34,956,7.46875,7.1982421875,821,0.1002197265625,13,0.015834348355663823,101.5,0.9375,28.066143186186785,0.9296654812435688,0.0015869140625,0.2661633085937467,0.25836914453125814,922,933,1.0119305856832972,257,656.1666666666666,2,12,0.0,104.7741935483871,752,786,6.140625,0.27609721875001014,True
0.975,172,46005,1024,5655,707,34,741,5.7890625,5.5224609375,2537,0.3096923828125,23,0.009065825778478517,57.9375,0.8828125,30.501206093793378,0.8729351450629045,0.0028076171875,0.2661633085937467,0.25836914453125814,707,718,1.0155586987270155,2932,230.8181818181818,2,22,0.0,90.16413373860182,481,515,4.0234375,0.27609721875001014,True
0.975,173,19269,1024,5688,711,34,745,5.8203125,5.5546875,2504,0.3056640625,37,0.014776357827476038,72.90625,1.0546875,29.503156003940635,0.8923444433324638,0.0045166015625,0.2661633085937467,0.25836914453125814,711,722,1.0154711673699015,2669,145.05555555555554,2,36,0.0,108.04052098408104,499,533,4.1640625,0.27609721875001014,True
0.975,174,5503,1024,7899,988,34,1022,7.984375,7.7138671875,293,0.0357666015625,9,0.030716723549488054,84.0,0.8125,28.88801074806029,0.9928056471454149,0.0010986328125,0.2661633085937467,0.25836914453125814,988,999,1.0111336032388665,2296,353.0,1,9,0.0,116.71099050203527,877,911,7.1171875,0.27609721875001014,True
0.975,175,32979,1024,7077,885,34,919,7.1796875,6.9111328125,1115,0.1361083984375,15,0.013452914798206279,73.3125,0.8359375,29.479023314083058,0.9870300519279676,0.0018310546875,0.2661633085937467,0.25836914453125814,885,896,1.0124293785310734,2289,329.64285714285717,2,13,0.0,101.72357723577235,704,738,5.765625,0.27609721875001014,True
0.975,176,32764,1024,7690,962,34,996,7.78125,7.509765625,502,0.061279296875,17,0.03386454183266932,119.0,1.21875,27.375333994753795,0.9729011894113236,0.0020751953125,0.2661633085937467,0.25836914453125814,962,973,1.0114345114345114,1025,381.9375,1,17,0.0,136.0,815,849,6.6328125,0.27609721875001014,True
0.975,177,36396,1024,6808,851,34,885,6.9140625,6.6484375,1384,0.1689453125,9,0.006502890173410405,34.078125,0.44921875,32.80604669273097,0.9312755304665539,0.0010986328125,0.2661633085937467,0.25836914453125814,851,862,1.0129259694477086,2488,645.625,1,9,0.0,48.94249649368864,675,709,5.5390625,0.27609721875001014,True
0.975,178,16139,1024,5294,662,34,696,5.4375,5.169921875,2898,0.353759765625,23,0.007936507936507936,144.8125,1.3515625,26.522743097338598,0.9109082336513318,0.0028076171875,0.2661633085937467,0.25836914453125814,662,662,1.0,2908,222.4090909090909,2,20,0.0,224.33888048411498,425,459,3.5859375,0.27609721875001014,True
0.975,179,32110,1024,3459,433,34,467,3.6484375,3.3779296875,4733,0.5777587890625,1375,0.2905134164377773,6165.6943359375,39.6474609375,10.230983700762044,0.3357634399094101,0.1678466796875,0.2661633085937467,0.25836914453125814,433,444,1.0254041570438799,173,5.655749636098981,8,747,0.0,6294.786640079761,358,392,3.0625,0.27609721875001014,True
0.975,180,37930,1024,7289,912,34,946,7.390625,7.1181640625,903,0.1102294921875,59,0.06533776301218161,540.5,5.125,20.80284662578581,0.9452518148867207,0.0072021484375,0.2661633085937467,0.25836914453125814,912,923,1.0120614035087718,315,131.67241379310346,2,58,0.0,561.9005076142132,749,783,6.1171875,0.27609721875001014,True
0.975,181,5624,1024,7529,942,34,976,7.625,7.3525390625,663,0.0809326171875,4,0.006033182503770739,4.0,0.125,42.11020369539948,0.9933953182959293,0.00048828125,0.2661633085937467,0.25836914453125814,942,953,1.0116772823779194,5978,704.0,1,4,0.0,14.787003610108304,781,815,6.3671875,0.27609721875001014,True
0.975,182,37946,1024,7176,897,34,931,7.2734375,7.0078125,1016,0.1240234375,28,0.027559055118110236,157.365234375,1.47265625,26.16171567957831,0.9875500717479371,0.00341796875,0.2661633085937467,0.25836914453125814,897,908,1.0122630992196209,505,273.0,2,26,0.0,167.68158168574402,702,736,5.75,0.27609721875001014,True
0.975,183,6616,1024,7789,974,34,1008,7.875,7.6064453125,403,0.0491943359375,10,0.02481389578163772,52.0,0.6875,30.97077017233111,0.9761096774091282,0.001220703125,0.2661633085937467,0.25836914453125814,974,985,1.01129363449692,3241,235.55555555555554,1,10,0.0,86.02261712439419,850,884,6.90625,0.27609721875001014,True
0.975,184,11706,1024,7260,908,34,942,7.359375,7.08984375,932,0.11376953125,50,0.0536480686695279,600.75,4.921875,20.343865813919727,0.9278699770359865,0.006103515625,0.2661633085937467,0.25836914453125814,908,919,1.0121145374449338,203,157.0,2,48,0.0,615.7837837837837,765,799,6.2421875,0.27609721875001014,True
0.975,185,10558,1024,6956,870,34,904,7.0625,6.79296875,1236,0.15087890625,61,0.049352750809061485,92.8837890625,0.9033203125,28.451404373483044,0.9993015588605092,0.0074462890625,0.2661633085937467,0.25836914453125814,870,881,1.0126436781609196,108,130.6,3,57,0.0,94.07814045499505,711,745,5.8203125,0.27609721875001014,True
0.975,186,18351,1024,6370,797,34,831,6.4921875,6.220703125,1822,0.222412109375,73,0.04006586169045005,122.26953125,1.70703125,27.257621136318914,0.9791932556334743,0.0089111328125,0.2661633085937467,0.25836914453125814,797,808,1.013801756587202,195,110.83333333333333,4,57,0.0,125.204,653,687,5.3671875,0.27609721875001014,True
0.975,187,15023,1024,7259,908,34,942,7.359375,7.0888671875,933,0.1138916015625,7,0.007502679528403001,2.392578125,0.068359375,44.3421423314319,0.9999962230346494,0.0008544921875,0.2661633085937467,0.25836914453125814,908,919,1.0121145374449338,239,47.333333333333336,2,6,0.0,2.4623115577889445,713,747,5.8359375,0.27609721875001014,True
0.975,188,9490,1024,6760,845,34,879,6.8671875,6.6015625,1432,0.1748046875,16,0.0111731843575419,21.75,0.515625,34.75621099577254,0.9702791707935096,0.001953125,0.2661633085937467,0.25836914453125814,845,856,1.01301775147929,770,461.93333333333334,2,15,0.0,24.0,656,690,5.390625,0.27609721875001014,True
0.975,189,6355,1024,7100,888,34,922,7.203125,6.93359375,1092,0.13330078125,10,0.009157509157509158,22.75,0.421875,34.56098959874779,0.9750286585091676,0.001220703125,0.2661633085937467,0.25836914453125814,888,899,1.0123873873873874,1449,738.6666666666666,1,10,0.0,27.634638196915777,697,731,5.7109375,0.27609721875001014,True
0.975,190,8857,1024,5571,697,34,731,5.7109375,5.4404296875,2621,0.3199462890625,14,0.00534147272033575,45.8125,0.5078125,31.520963688827074,0.9493989743914557,0.001708984375,0.2661633085937467,0.25836914453125814,697,696,0.9985652797704447,3288,259.38461538461536,2,11,0.0,76.52854812398043,448,482,3.765625,0.27609721875001014,True
0.975,191,31811,1024,6833,855,34,889,6.9453125,6.6728515625,1359,0.1658935546875,96,0.0706401766004415,344.875,5.03125,22.754186473806683,0.8786750293218876,0.01171875,0.2661633085937467,0.25836914453125814,855,866,1.0128654970760234,212,78.05263157894737,2,92,0.0,353.85971943887773,671,705,5.5078125,0.27609721875001014,True
0.975,192,10400,1024,7613,952,34,986,7.703125,7.4345703125,579,0.0706787109375,1,0.0017271157167530224,4.0,0.0625,42.11020369539948,0.9999838630184118,0.0001220703125,0.2661633085937467,0.25836914453125814,952,963,1.0115546218487395,4353,,1,1,0.0,8.533333333333333,806,840,6.5625,0.27609721875001014,True
0.975,193,275,1024,7329,917,34,951,7.4296875,7.1572265625,863,0.1053466796875,4,0.004634994206257242,16.0,0.25,36.08960378211985,0.9854040014841896,0.00048828125,0.2661633085937467,0.25836914453125814,917,928,1.0119956379498365,4753,88.0,1,4,0.0,38.10232558139535,727,761,5.9453125,0.27609721875001014,True
0.975,194,26152,1024,7320,915,34,949,7.4140625,7.1484375,872,0.1064453125,17,0.0194954128440367,31.5869140625,0.4677734375,33.13573162031215,0.9764880264136554,0.0020751953125,0.2661633085937467,0.25836914453125814,915,926,1.0120218579234972,300,401.3125,2,14,0.0,32.7710233029382,776,810,6.328125,0.27609721875001014,True
0.975,195,13037,1024,6101,763,34,797,6.2265625,5.9580078125,2091,0.2552490234375,40,0.01912960306073649,153.0185546875,1.5849609375,26.283362652802765,0.9595597849798986,0.0048828125,0.2661633085937467,0.25836914453125814,763,774,1.0144167758846658,1828,102.05128205128206,3,33,0.0,196.84798994974875,605,639,4.9921875,0.27609721875001014,True
0.975,196,41203,1024,7625,954,34,988,7.71875,7.4462890625,567,0.0692138671875,8,0.014109347442680775,68.0,0.6875,29.80571448161674,0.9827594805705665,0.0009765625,0.2661633085937467,0.25836914453125814,954,965,1.0115303983228512,609,1045.7142857142858,1,8,0.0,73.45147679324894,830,864,6.75,0.27609721875001014,True
0.975,197,43709,1024,6414,802,34,836,6.53125,6.263671875,1778,0.217041015625,30,0.01687289088863892,28.5,0.671875,33.582355008594,0.9573600520619566,0.003662109375,0.2661633085937467,0.25836914453125814,802,813,1.013715710723192,140,250.75862068965517,2,27,0.0,28.9811320754717,582,616,4.8125,0.27609721875001014,True
0.975,198,43572,1024,7124,891,34,925,7.2265625,6.95703125,1068,0.13037109375,34,0.031835205992509365,117.5107421875,1.2294921875,27.430027916260148,0.9662190139782612,0.004150390625,0.2661633085937467,0.25836914453125814,891,902,1.0123456790123457,512,220.12121212121212,2,29,0.0,125.34479166666667,732,766,5.984375,0.27609721875001014,True
0.975,199,23390,1024,7398,925,34,959,7.4921875,7.224609375,794,0.096923828125,6,0.007556675062972292,38.0,0.375,32.332967642511,0.9914245066489114,0.000732421875,0.2661633085937467,0.25836914453125814,925,936,1.011891891891892,4690,467.0,2,5,0.0,88.84018264840182,770,804,6.28125,0.27609721875001014,True
0.99,0,712,1024,7850,982,34,1016,7.9375,7.666015625,342,0.041748046875,1,0.0029239766081871343,16.0,0.125,36.08960378211985,0.9999008955089096,0.0001220703125,0.2661633085937467,0.25836914453125814,982,993,1.0112016293279023,2048,,1,1,0.0,21.333333333333332,784,818,6.390625,0.27609721875001014,True
0.99,1,24774,1024,7946,994,34,1028,8.03125,7.759765625,246,0.030029296875,5,0.02032520325203252,17.0,0.28125,35.826314394896364,0.9929510670984526,0.0006103515625,0.2661633085937467,0.25836914453125814,994,1005,1.011066398390342,858,7.75,1,5,0.0,18.983642311886587,768,802,6.265625,0.27609721875001014,True
0.99,2,45142,1024,8106,1014,34,1048,8.1875,7.916015625,86,0.010498046875,0,0.0,0.0,0.0,,1.0,0.0,0.2661633085937467,0.25836914453125814,1014,1025,1.0108481262327416,,,0,0,,,862,896,7.0,0.27609721875001014,True
0.99,3,27119,1024,7029,879,34,913,7.1328125,6.8642578125,1163,0.1419677734375,19,0.01633705932932072,28.3994140625,0.3720703125,33.597709811042556,0.9963493259384428,0.0023193359375,0.2661633085937467,0.25836914453125814,879,801,0.9112627986348123,245,413.1111111111111,3,17,0.0,29.256539235412475,620,654,5.109375,0.27609721875001014,True
0.99,4,21139,1024,7796,975,34,1009,7.8828125,7.61328125,396,0.04833984375,0,0.0,0.0,0.0,,1.0,0.0,0.2661633085937467,0.25836914453125814,975,986,1.0112820512820513,,,0,0,,,700,734,5.734375,0.27609721875001014,True
0.99,5,19129,1024,7910,989,34,1023,7.9921875,7.724609375,282,0.034423828125,1,0.0035460992907801418,4.0,0.0625,42.11020369539948,0.9991284952459211,0.0001220703125,0.2661633085937467,0.25836914453125814,989,1000,1.0111223458038423,5401,,1,1,0.0,11.736389684813753,721,755,5.8984375,0.27609721875001014,True
0.99,6,6433,1024,7736,967,34,1001,7.8203125,7.5546875,456,0.0556640625,1,0.0021929824561403508,4.0,0.0625,42.11020369539948,0.9956553934384421,0.0001220703125,0.2661633085937467,0.25836914453125814,967,978,1.0113753877973113,2265,,1,1,0.0,5.527665317139001,667,701,5.4765625,0.27609721875001014,True
0.99,7,38854,1024,7844,981,34,1015,7.9296875,7.66015625,348,0.04248046875,0,0.0,0.0,0.0,,1.0,0.0,0.2661633085937467,0.25836914453125814,981,992,1.0112130479102956,,,0,0,,,750,784,6.125,0.27609721875001014,True
0.99,8,22489,1024,8015,1002,34,1036,8.09375,7.8271484375,177,0.0216064453125,0,0.0,0.0,0.0,,1.0,0.0,0.2661633085937467,0.25836914453125814,1002,1013,1.0109780439121756,,,0,0,,,751,785,6.1328125,0.27609721875001014,True
0.99,9,31104,1024,7694,962,34,996,7.78125,7.513671875,498,0.060791015625,3,0.006024096385542169,18.0,0.1875,35.578078557646045,0.9972044775484733,0.0003662109375,0.2661633085937467,0.25836914453125814,962,973,1.0114345114345114,6144,449.0,1,3,0.0,72.0,666,700,5.46875,0.27609721875001014,True
0.99,10,21349,1024,7975,997,34,1031,8.0546875,7.7880859375,217,0.0264892578125,2,0.009216589861751152,8.0,0.125,39.099903738759664,0.995813716410535,0.000244140625,0.2661633085937467,0.25836914453125814,997,1008,1.0110330992978938,4729,2864.0,1,2,0.0,18.919168591224018,786,820,6.40625,0.27609721875001014,True
0.99,11,29116,1024,7974,997,34,1031,8.0546875,7.787109375,218,0.026611328125,0,0.0,0.0,0.0,,1.0,0.0,0.2661633085937467,0.25836914453125814,997,1008,1.0110330992978938,,,0,0,,,711,745,5.8203125,0.27609721875001014,True
0.99,12,10772,1024,8142,1018,34,1052,8.21875,7.951171875,50,0.006103515625,0,0.0,0.0,0.0,,1.0,0.0,0.2661633085937467,0.25836914453125814,1018,1029,1.0108055009823183,,,0,0,,,843,877,6.8515625,0.27609721875001014,True
0.99,13,18332,1024,8156,1020,34,1054,8.234375,7.96484375,36,0.00439453125,0,0.0,0.0,0.0,,1.0,0.0,0.2661633085937467,0.25836914453125814,1020,1031,1.0107843137254902,,,0,0,,,817,851,6.6484375,0.27609721875001014,True
0.99,14,1003,1024,8042,1006,34,1040,8.125,7.853515625,150,0.018310546875,2,0.013333333333333334,8.0,0.125,39.099903738759664,0.9999922672913566,0.000244140625,0.2661633085937467,0.25836914453125814,1006,1017,1.010934393638171,4865,768.0,1,2,0.0,19.692307692307693,808,842,6.578125,0.27609721875001014,True
0.99,15,22156,1024,8073,1010,34,1044,8.15625,7.8837890625,119,0.0145263671875,0,0.0,0.0,0.0,,1.0,0.0,0.2661633085937467,0.25836914453125814,1010,1021,1.010891089108911,,,0,0,,,807,841,6.5703125,0.27609721875001014,True
0.99,16,26453,1024,7663,958,34,992,7.75,7.4833984375,529,0.0645751953125,0,0.0,0.0,0.0,,1.0,0.0,0.2661633085937467,0.25836914453125814,958,969,1.011482254697286,,,0,0,,,704,738,5.765625,0.27609721875001014,True
0.99,17,17039,1024,8051,1007,34,1041,8.1328125,7.8623046875,141,0.0172119140625,0,0.0,0.0,0.0,,1.0,0.0,0.2661633085937467,0.25836914453125814,1007,1018,1.0109235352532273,,,0,0,,,731,765,5.9765625,0.27609721875001014,True
0.99,18,7166,1024,7862,983,34,1017,7.9453125,7.677734375,330,0.040283203125,0,0.0,0.0,0.0,,1.0,0.0,0.2661633085937467,0.25836914453125814,983,994,1.0111902339776195,,,0,0,,,726,760,5.9375,0.27609721875001014,True
0.99,19,48310,1024,7749,969,34,1003,7.8359375,7.5673828125,443,0.0540771484375,5,0.011286681715575621,0.0048828125,0.0048828125,71.24410313171704,0.9999992135416127,0.0006103515625,0.2661633085937467,0.25836914453125814,969,980,1.0113519091847265,151,126.0,1,5,0.0,0.004970178926441352,676,710,5.546875,0.27609721875001014,True
0.99,20,12187,1024,7355,920,34,954,7.453125,7.1826171875,837,0.1021728515625,0,0.0,0.0,0.0,,1.0,0.0,0.2661633085937467,0.25836914453125814,920,931,1.0119565217391304,,,0,0,,,580,614,4.796875,0.27609721875001014,True
0.99,21,20284,1024,7358,920,34,954,7.453125,7.185546875,834,0.101806640625,0,0.0,0.0,0.0,,1.0,0.0,0.2661633085937467,0.25836914453125814,920,931,1.0119565217391304,,,0,0,,,589,623,4.8671875,0.27609721875001014,True
0.99,22,1052,1024,7949,994,34,1028,8.03125,7.7626953125,243,0.0296630859375,0,0.0,0.0,0.0,,1.0,0.0,0.2661633085937467,0.25836914453125814,994,1005,1.011066398390342,,,0,0,,,762,796,6.21875,0.27609721875001014,True
0.99,23,13752,1024,7110,889,34,923,7.2109375,6.943359375,1082,0.132080078125,1,0.0009242144177449168,0.25,0.015625,54.15140352195873,0.9999964984536251,0.0001220703125,0.2661633085937467,0.25836914453125814,889,900,1.0123734533183353,4867,,1,1,0.0,0.6153846153846154,515,549,4.2890625,0.27609721875001014,True
0.99,24,37139,1024,8006,1001,34,1035,8.0859375,7.818359375,186,0.022705078125,0,0.0,0.0,0.0,,1.0,0.0,0.2661633085937467,0.25836914453125814,1001,1012,1.010989010989011,,,0,0,,,744,778,6.078125,0.27609721875001014,True
0.99,25,29727,1024,8145,1019,34,1053,8.2265625,7.9541015625,47,0.0057373046875,0,0.0,0.0,0.0,,1.0,0.0,0.2661633085937467,0.25836914453125814,1019,1030,1.0107948969578018,,,0,0,,,878,912,7.125,0.27609721875001014,True
0.99,26,41854,1024,7924,991,34,1025,8.0078125,7.73828125,268,0.03271484375,0,0.0,0.0,0.0,,1.0,0.0,0.2661633085937467,0.25836914453125814,991,1002,1.0110998990918265,,,0,0,,,715,749,5.8515625,0.27609721875001014,True
0.99,27,40333,1024,8099,1013,34,1047,8.1796875,7.9091796875,93,0.0113525390625,0,0.0,0.0,0.0,,1.0,0.0,0.2661633085937467,0.25836914453125814,1013,1024,1.0108588351431391,,,0,0,,,830,864,6.75,0.27609721875001014,True
0.99,28,33248,1024,7303,913,34,947,7.3984375,7.1318359375,889,0.1085205078125,2,0.0022497187851518562,0.001953125,0.001953125,75.22350321843741,0.999999438356566,0.000244140625,0.2661633085937467,0.25836914453125814,913,924,1.0120481927710843,951,8.0,1,2,0.0,0.002207505518763797,613,647,5.0546875,0.27609721875001014,True
0.99,29,9680,1024,7909,989,34,1023,7.9921875,7.7236328125,283,0.0345458984375,0,0.0,0.0,0.0,,1.0,0.0,0.2661633085937467,0.25836914453125814,989,1000,1.0111223458038423,,,0,0,,,768,802,6.265625,0.27609721875001014,True
0.99,30,16805,1024,8163,1021,34,1055,8.2421875,7.9716796875,29,0.0035400390625,1,0.034482758620689655,4.0,0.0625,42.11020369539948,0.9943885103334448,0.0001220703125,0.2661633085937467,0.25836914453125814,1021,1032,1.0107737512242898,7089,,1,1,0.0,29.681159420289855,831,865,6.7578125,0.27609721875001014,True
0.99,31,14652,1024,7544,943,34,977,7.6328125,7.3671875,648,0.0791015625,0,0.0,0.0,0.0,,1.0,0.0,0.2661633085937467,0.25836914453125814,943,954,1.0116648992576882,,,0,0,,,645,679,5.3046875,0.27609721875001014,True
0.99,32,15793,1024,7633,955,34,989,7.7265625,7.4541015625,559,0.0682373046875,0,0.0,0.0,0.0,,1.0,0.0,0.24828337343750206,0.25606244687500634,955,966,1.0115183246073298,,,0,0,,,683,717,5.6015625,0.2597012695312486,True
0.99,33,30210,1024,7512,939,34,973,7.6015625,7.3359375,680,0.0830078125,2,0.0029411764705882353,0.125,0.015625,57.16170347859854,0.9999999220026569,0.000244140625,0.24828337343750206,0.25606244687500634,939,950,1.0117145899893503,2564,256.0,1,2,0.0,0.18181818181818182,587,621,4.8515625,0.2597012695312486,True
0.99,34,47426,1024,7994,1000,34,1034,8.078125,7.806640625,198,0.024169921875,1,0.005050505050505051,1.0,0.03125,48.1308036086791,0.9997191470332617,0.0001220703125,0.24828337343750206,0.25606244687500634,1000,1011,1.011,7338,,1,1,0.0,9.570093457943925,797,831,6.4921875,0.2597012695312486,True
0.99,35,20875,1024,7958,995,34,1029,8.0390625,7.771484375,234,0.028564453125,0,0.0,0.0,0.0,,1.0,0.0,0.24828337343750206,0.25606244687500634,995,1006,1.0110552763819096,,,0,0,,,734,768,6.0,0.2597012695312486,True
0.99,36,4161,1024,8071,1009,34,1043,8.1484375,7.8818359375,121,0.0147705078125,0,0.0,0.0,0.0,,1.0,0.0,0.24828337343750206,0.25606244687500634,1009,1020,1.0109018830525272,,,0,0,,,808,842,6.578125,0.2597012695312486,True
0.99,37,40340,1024,7796,975,34,1009,7.8828125,7.61328125,396,0.04833984375,3,0.007575757575757576,5.0625,0.1015625,41.087153246451855,0.9998726866702251,0.0003662109375,0.24828337343750206,0.25606244687500634,975,986,1.0112820512820513,460,3551.0,1,3,0.0,5.360910031023785,714,748,5.84375,0.2597012695312486,True
0.99,38,28286,1024,8096,1012,34,1046,8.171875,7.90625,96,0.01171875,2,0.020833333333333332,0.5,0.03125,51.141103565318915,0.9999996550519034,0.000244140625,0.24828337343750206,0.25606244687500634,1012,1023,1.0108695652173914,27,8.0,1,2,0.0,0.5014691478942214,801,835,6.5234375,0.2597012695312486,True
0.99,39,13256,1024,8156,1020,34,1054,8.234375,7.96484375,36,0.00439453125,1,0.027777777777777776,16.0,0.125,36.08960378211985,0.9994583175303051,0.0001220703125,0.24828337343750206,0.25606244687500634,1020,1031,1.0107843137254902,1304,,1,1,0.0,19.02903600464576,841,875,6.8359375,0.2597012695312486,True
0.99,40,48934,1024,7936,992,34,1026,8.015625,7.75,256,0.03125,5,0.01953125,5.0,0.15625,41.141103565318915,0.9999986557917915,0.0006103515625,0.24828337343750206,0.25606244687500634,992,1003,1.0110887096774193,258,320.0,1,5,0.0,5.161290322580645,800,834,6.515625,0.2597012695312486,True
0.99,41,11935,1024,7563,946,34,980,7.65625,7.3857421875,629,0.0767822265625,0,0.0,0.0,0.0,,1.0,0.0,0.24828337343750206,0.25606244687500634,946,957,1.0116279069767442,,,0,0,,,657,691,5.3984375,0.2597012695312486,True
0.99,42,48447,1024,7987,999,34,1033,8.0703125,7.7998046875,205,0.0250244140625,0,0.0,0.0,0.0,,1.0,0.0,0.24828337343750206,0.25606244687500634,999,1010,1.011011011011011,,,0,0,,,792,826,6.453125,0.2597012695312486,True
0.99,43,15492,1024,8157,1020,34,1054,8.234375,7.9658203125,35,0.0042724609375,0,0.0,0.0,0.0,,1.0,0.0,0.24828337343750206,0.25606244687500634,1020,1031,1.0107843137254902,,,0,0,,,906,940,7.34375,0.2597012695312486,True
0.99,44,32513,1024,8084,1011,34,1045,8.1640625,7.89453125,108,0.01318359375,2,0.018518518518518517,32.0,0.25,33.07930382548004,0.9946741418862206,0.000244140625,0.24828337343750206,0.25606244687500634,1011,1022,1.0108803165182987,5592,1560.0,1,2,0.0,100.82461538461538,818,852,6.65625,0.2597012695312486,True
0.99,45,36099,1024,7793,975,34,1009,7.8828125,7.6103515625,399,0.0487060546875,19,0.047619047619047616,26.0234375,0.390625,33.97715697824602,0.9985362258740056,0.0023193359375,0.24828337343750206,0.25606244687500634,975,986,1.0112820512820513,287,410.8333333333333,1,19,0.0,26.944388270980788,736,770,6.015625,0.2597012695312486,True
0.99,46,39260,1024,7035,880,34,914,7.140625,6.8701171875,1157,0.1412353515625,6,0.005185825410544511,38.25,0.390625,32.304489213782745,0.992870717938253,0.000732421875,0.24828337343750206,0.25606244687500634,880,886,1.0068181818181818,2018,979.4,1,6,0.0,50.73575129533679,476,510,3.984375,0.2597012695312486,True
0.99,47,46517,1024,7669,959,34,993,7.7578125,7.4892578125,523,0.0638427734375,3,0.0057361376673040155,6.0,0.125,40.34929110484267,0.9988811909891253,0.0003662109375,0.24828337343750206,0.25606244687500634,959,970,1.0114702815432743,2329,2424.5,1,3,0.0,8.381991814461118,668,702,5.484375,0.2597012695312486,True
0.99,48,33095,1024,8109,1014,34,1048,8.1875,7.9189453125,83,0.0101318359375,0,0.0,0.0,0.0,,1.0,0.0,0.24828337343750206,0.25606244687500634,1014,1025,1.0108481262327416,,,0,0,,,822,856,6.6875,0.2597012695312486,True
0.99,49,3,1024,8079,1010,34,1044,8.15625,7.8896484375,113,0.0137939453125,1,0.008849557522123894,4.0,0.0625,42.11020369539948,0.9950331422698128,0.0001220703125,0.24828337343750206,0.25606244687500634,1010,1021,1.010891089108911,3633,,1,1,0.0,7.185964912280702,772,806,6.296875,0.2597012695312486,True
0.99,50,21683,1024,7906,989,34,1023,7.9921875,7.720703125,286,0.034912109375,1,0.0034965034965034965,4.0,0.0625,42.11020369539948,0.9999963520168116,0.0001220703125,0.24828337343750206,0.25606244687500634,989,1000,1.0111223458038423,7425,,1,1,0.0,42.666666666666664,741,775,6.0546875,0.2597012695312486,True
0.99,51,13446,1024,8091,1012,34,1046,8.171875,7.9013671875,101,0.0123291015625,0,0.0,0.0,0.0,,1.0,0.0,0.24828337343750206,0.25606244687500634,1012,1023,1.0108695652173914,,,0,0,,,779,813,6.3515625,0.2597012695312486,True
0.99,52,49515,1024,7760,970,34,1004,7.84375,7.578125,432,0.052734375,0,0.0,0.0,0.0,,1.0,0.0,0.24828337343750206,0.25606244687500634,970,981,1.011340206185567,,,0,0,,,729,763,5.9609375,0.2597012695312486,True
0.99,53,27943,1024,8006,1001,34,1035,8.0859375,7.818359375,186,0.022705078125,5,0.026881720430107527,80.0,0.625,29.099903738759668,0.9985538948433869,0.0006103515625,0.24828337343750206,0.25606244687500634,1001,1012,1.010989010989011,512,192.0,1,5,0.0,85.33333333333333,805,839,6.5546875,0.2597012695312486,True
0.99,54,29059,1024,8155,1020,34,1054,8.234375,7.9638671875,37,0.0045166015625,1,0.02702702702702703,4.0,0.0625,42.11020369539948,0.9999985871514417,0.0001220703125,0.24828337343750206,0.25606244687500634,1020,1031,1.0107843137254902,6913,,1,1,0.0,25.6,876,910,7.109375,0.2597012695312486,True
0.99,55,32738,1024,7257,908,34,942,7.359375,7.0869140625,935,0.1141357421875,0,0.0,0.0,0.0,,1.0,0.0,0.24828337343750206,0.25606244687500634,908,914,1.0066079295154184,,,0,0,,,490,524,4.09375,0.2597012695312486,True
0.99,56,445,1024,8114,1015,34,1049,8.1953125,7.923828125,78,0.009521484375,6,0.07692307692307693,72.0,0.625,29.55747864436642,0.9999722522126404,0.000732421875,0.24828337343750206,0.25606244687500634,1015,1026,1.0108374384236454,7424,110.6,1,6,0.0,768.0,850,884,6.90625,0.2597012695312486,True
0.99,57,32216,1024,8055,1007,34,1041,8.1328125,7.8662109375,137,0.0167236328125,0,0.0,0.0,0.0,,1.0,0.0,0.24828337343750206,0.25606244687500634,1007,1018,1.0109235352532273,,,0,0,,,781,815,6.3671875,0.2597012695312486,True
0.99,58,18250,1024,8084,1011,34,1045,8.1640625,7.89453125,108,0.01318359375,1,0.009259259259259259,4.0,0.0625,42.11020369539948,0.9999999449103096,0.0001220703125,0.24828337343750206,0.25606244687500634,1011,1022,1.0108803165182987,7681,,1,1,0.0,64.0,832,866,6.765625,0.2597012695312486,True
0.99,59,1684,1024,7903,988,34,1022,7.984375,7.7177734375,289,0.0352783203125,4,0.01384083044982699,37.0,0.34375,32.44878636800915,0.9842475844437965,0.00048828125,0.24828337343750206,0.25606244687500634,988,999,1.0111336032388665,2929,1373.0,1,4,0.0,57.58054711246201,722,756,5.90625,0.2597012695312486,True
0.99,60,2899,1024,7836,980,34,1014,7.921875,7.65234375,356,0.04345703125,1,0.0028089887640449437,1.0,0.03125,48.1308036086791,0.9987594779575552,0.0001220703125,0.24828337343750206,0.25606244687500634,980,991,1.0112244897959184,2386,,1,1,0.0,1.4104683195592287,766,800,6.25,0.2597012695312486,True
0.99,61,39428,1024,7914,990,34,1024,8.0,7.728515625,278,0.033935546875,0,0.0,0.0,0.0,,1.0,0.0,0.24828337343750206,0.25606244687500634,990,1001,1.011111111111111,,,0,0,,,701,735,5.7421875,0.2597012695312486,True
0.99,62,40758,1024,7892,987,34,1021,7.9765625,7.70703125,300,0.03662109375,3,0.01,0.8125,0.0390625,49.03256991216998,0.999999976353085,0.0003662109375,0.24828337343750206,0.25606244687500634,987,998,1.011144883485309,7427,128.0,2,2,0.0,8.666666666666666,809,843,6.5859375,0.2597012695312486,True
0.99,63,29154,1024,8112,1014,34,1048,8.1875,7.921875,80,0.009765625,3,0.0375,25.0,0.21875,34.15140352195873,0.9999809521886334,0.0003662109375,0.24828337343750206,0.25606244687500634,1014,1025,1.0108481262327416,4608,257.0,1,3,0.0,57.142857142857146,821,855,6.6796875,0.2597012695312486,True
0.99,64,43958,1024,8096,1012,34,1046,8.171875,7.90625,96,0.01171875,3,0.03125,48.0,0.375,31.318391234923233,0.9699049249535469,0.0003662109375,0.24828337343750206,0.25606244687500634,1012,1023,1.0108695652173914,5760,132.0,1,3,0.0,161.68421052631578,784,818,6.390625,0.2597012695312486,True
0.99,65,33814,1024,8140,1018,34,1052,8.21875,7.94921875,52,0.00634765625,0,0.0,0.0,0.0,,1.0,0.0,0.24828337343750206,0.25606244687500634,1018,1029,1.0108055009823183,,,0,0,,,856,890,6.953125,0.2597012695312486,True
0.99,66,34153,1024,7948,994,34,1028,8.03125,7.76171875,244,0.02978515625,5,0.020491803278688523,56.0,0.5,30.6489233386171,0.9840328459724025,0.0006103515625,0.24828337343750206,0.25606244687500634,994,1005,1.011066398390342,3424,514.25,1,5,0.0,96.21476510067114,753,787,6.1484375,0.2597012695312486,True
0.99,67,43609,1024,7950,994,34,1028,8.03125,7.763671875,242,0.029541015625,3,0.012396694214876033,3.25,0.078125,43.01196999889036,0.9999976729454907,0.0003662109375,0.24828337343750206,0.25606244687500634,994,1005,1.011066398390342,6658,4.0,2,2,0.0,17.333333333333332,745,779,6.0859375,0.2597012695312486,True
0.99,68,10762,1024,7717,965,34,999,7.8046875,7.5361328125,475,0.0579833984375,2,0.004210526315789474,32.0,0.25,33.07930382548004,0.9821298934575655,0.000244140625,0.24828337343750206,0.25606244687500634,965,976,1.01139896373057,2704,3584.0,1,2,0.0,47.7667638483965,744,778,6.078125,0.2597012695312486,True
0.99,69,17898,1024,7775,972,34,1006,7.859375,7.5927734375,417,0.0509033203125,0,0.0,0.0,0.0,,1.0,0.0,0.24828337343750206,0.25606244687500634,972,983,1.0113168724279835,,,0,0,,,653,687,5.3671875,0.2597012695312486,True
0.99,70,43653,1024,7870,984,34,1018,7.953125,7.685546875,322,0.039306640625,0,0.0,0.0,0.0,,1.0,0.0,0.24828337343750206,0.25606244687500634,984,995,1.011178861788618,,,0,0,,,710,744,5.8125,0.2597012695312486,True
0.99,71,14233,1024,8103,1013,34,1047,8.1796875,7.9130859375,89,0.0108642578125,0,0.0,0.0,0.0,,1.0,0.0,0.24828337343750206,0.25606244687500634,1013,1024,1.0108588351431391,,,0,0,,,805,839,6.5546875,0.2597012695312486,True
0.99,72,39520,1024,8089,1012,34,1046,8.171875,7.8994140625,103,0.0125732421875,0,0.0,0.0,0.0,,1.0,0.0,0.24828337343750206,0.25606244687500634,1012,1023,1.0108695652173914,,,0,0,,,764,798,6.234375,0.2597012695312486,True
0.99,73,18138,1024,7951,994,34,1028,8.03125,7.7646484375,241,0.0294189453125,0,0.0,0.0,0.0,,1.0,0.0,0.24828337343750206,0.25606244687500634,994,1005,1.011066398390342,,,0,0,,,744,778,6.078125,0.2597012695312486,True
0.99,74,9212,1024,7949,994,34,1028,8.03125,7.7626953125,243,0.0296630859375,2,0.00823045267489712,8.0,0.125,39.099903738759664,0.9998703143441946,0.000244140625,0.24828337343750206,0.25606244687500634,994,1005,1.011066398390342,6145,768.0,1,2,0.0,32.0,698,732,5.71875,0.2597012695312486,True
0.99,75,6456,1024,8049,1007,34,1041,8.1328125,7.8603515625,143,0.0174560546875,6,0.04195804195804196,76.25,0.609375,29.30840512849087,0.9999817727947355,0.000732421875,0.24828337343750206,0.25606244687500634,1007,1018,1.0109235352532273,5888,359.0,1,6,0.0,271.1111111111111,813,847,6.6171875,0.2597012695312486,True
0.99,76,22948,1024,7946,994,34,1028,8.03125,7.759765625,246,0.030029296875,4,0.016260162601626018,10.0,0.1875,38.1308036086791,0.9999390230396867,0.00048828125,0.24828337343750206,0.25606244687500634,994,1005,1.011066398390342,257,768.3333333333334,1,4,0.0,10.32258064516129,698,732,5.71875,0.2597012695312486,True
0.99,77,7591,1024,8094,1012,34,1046,8.171875,7.904296875,98,0.011962890625,0,0.0,0.0,0.0,,1.0,0.0,0.24828337343750206,0.25606244687500634,1012,1023,1.0108695652173914,,,0,0,,,858,892,6.96875,0.2597012695312486,True
0.99,78,29996,1024,7830,979,34,1013,7.9140625,7.646484375,362,0.044189453125,2,0.0055248618784530384,32.0,0.25,33.07930382548004,0.9959679230516526,0.000244140625,0.24828337343750206,0.25606244687500634,979,990,1.0112359550561798,2072,8.0,1,2,0.0,42.83398692810457,715,749,5.8515625,0.2597012695312486,True
0.99,79,10378,1024,8042,1006,34,1040,8.125,7.853515625,150,0.018310546875,0,0.0,0.0,0.0,,1.0,0.0,0.24828337343750206,0.25606244687500634,1006,1002,0.9960238568588469,,,0,0,,,737,771,6.0234375,0.2597012695312486,True
0.99,80,27337,1024,7467,934,34,968,7.5625,7.2919921875,725,0.0885009765625,2,0.002758620689655172,16.25,0.140625,36.02226995553017,0.9818857491041536,0.000244140625,0.24828337343750206,0.25606244687500634,934,945,1.011777301927195,1888,595.0,1,2,0.0,21.116751269035532,587,621,4.8515625,0.2597012695312486,True
0.99,81,19965,1024,7967,996,34,1030,8.046875,7.7802734375,225,0.0274658203125,0,0.0,0.0,0.0,,1.0,0.0,0.24828337343750206,0.25606244687500634,996,1007,1.0110441767068272,,,0,0,,,678,712,5.5625,0.2597012695312486,True
0.99,82,24405,1024,7990,999,34,1033,8.0703125,7.802734375,202,0.024658203125,0,0.0,0.0,0.0,,1.0,0.0,0.24828337343750206,0.25606244687500634,999,1010,1.011011011011011,,,0,0,,,782,816,6.375,0.2597012695312486,True
0.99,83,45135,1024,8168,1021,34,1055,8.2421875,7.9765625,24,0.0029296875,0,0.0,0.0,0.0,,1.0,0.0,0.24828337343750206,0.25606244687500634,1021,1032,1.0107737512242898,,,0,0,,,811,845,6.6015625,0.2597012695312486,True
0.99,84,11274,1024,7843,981,34,1015,7.9296875,7.6591796875,349,0.0426025390625,0,0.0,0.0,0.0,,1.0,0.0,0.24828337343750206,0.25606244687500634,981,992,1.0112130479102956,,,0,0,,,772,806,6.296875,0.2597012695312486,True
0.99,85,1941,1024,7970,997,34,1031,8.0546875,7.783203125,222,0.027099609375,0,0.0,0.0,0.0,,1.0,0.0,0.24828337343750206,0.25606244687500634,997,1008,1.0110330992978938,,,0,0,,,767,801,6.2578125,0.2597012695312486,True
0.99,86,48940,1024,7948,994,34,1028,8.03125,7.76171875,244,0.02978515625,2,0.00819672131147541,32.0,0.25,33.07930382548004,0.9999998540778711,0.000244140625,0.24828337343750206,0.25606244687500634,994,1005,1.011066398390342,7936,8.0,1,2,0.0,1024.0,812,846,6.609375,0.2597012695312486,True
0.99,87,36794,1024,8163,1021,34,1055,8.2421875,7.9716796875,29,0.0035400390625,0,0.0,0.0,0.0,,1.0,0.0,0.24828337343750206,0.25606244687500634,1021,1032,1.0107737512242898,,,0,0,,,791,825,6.4453125,0.2597012695312486,True
0.99,88,21994,1024,8070,1009,34,1043,8.1484375,7.880859375,122,0.014892578125,0,0.0,0.0,0.0,,1.0,0.0,0.24828337343750206,0.25606244687500634,1009,1020,1.0109018830525272,,,0,0,,,779,813,6.3515625,0.2597012695312486,True
0.99,89,49944,1024,7913,990,34,1024,8.0,7.7275390625,279,0.0340576171875,0,0.0,0.0,0.0,,1.0,0.0,0.24828337343750206,0.25606244687500634,990,1001,1.011111111111111,,,0,0,,,725,759,5.9296875,0.2597012695312486,True
0.99,90,43442,1024,6937,868,34,902,7.046875,6.7744140625,1255,0.1531982421875,2,0.0015936254980079682,0.5,0.03125,51.141103565318915,0.9999823054895455,0.000244140625,0.24828337343750206,0.25606244687500634,868,813,0.9366359447004609,2307,256.0,1,2,0.0,0.6956521739130435,363,397,3.1015625,0.2597012695312486,True
0.99,91,45096,1024,7616,952,34,986,7.703125,7.4375,576,0.0703125,11,0.019097222222222224,44.0,0.6875,31.69627684381723,0.9858618658095427,0.0013427734375,0.24828337343750206,0.25606244687500634,952,963,1.0115546218487395,2761,517.6,1,11,0.0,66.35640648011783,651,685,5.3515625,0.2597012695312486,True
0.99,92,42430,1024,7208,901,34,935,7.3046875,7.0390625,984,0.1201171875,1,0.0010162601626016261,0.25,0.015625,54.15140352195873,0.999996911216028,0.0001220703125,0.24828337343750206,0.25606244687500634,901,912,1.0122086570477247,1283,,1,1,0.0,0.2962962962962963,575,609,4.7578125,0.2597012695312486,True
0.99,93,42255,1024,7767,971,34,1005,7.8515625,7.5849609375,425,0.0518798828125,1,0.002352941176470588,16.0,0.125,36.08960378211985,0.9999721328983789,0.0001220703125,0.24828337343750206,0.25606244687500634,971,982,1.011328527291452,2304,,1,1,0.0,22.26086956521739,695,729,5.6953125,0.2597012695312486,True
0.99,94,5771,1024,7978,998,34,1032,8.0625,7.791015625,214,0.026123046875,1,0.004672897196261682,0.25,0.015625,54.15140352195873,0.9999996615592408,0.0001220703125,0.24828337343750206,0.25606244687500634,998,1009,1.0110220440881763,171,,1,1,0.0,0.25523429710867396,806,840,6.5625,0.2597012695312486,True
0.99,95,8320,1024,8043,1006,34,1040,8.125,7.8544921875,149,0.0181884765625,1,0.006711409395973154,16.0,0.125,36.08960378211985,0.9998374433831315,0.0001220703125,0.24828337343750206,0.25606244687500634,1006,1017,1.010934393638171,2312,,1,1,0.0,22.291156462585032,846,880,6.875,0.2597012695312486,True
0.99,96,48807,1024,8054,1007,34,1041,8.1328125,7.865234375,138,0.016845703125,0,0.0,0.0,0.0,,1.0,0.0,0.24828337343750206,0.25606244687500634,1007,1018,1.0109235352532273,,,0,0,,,783,817,6.3828125,0.2597012695312486,True
0.99,97,2675,1024,7425,929,34,963,7.5234375,7.2509765625,767,0.0936279296875,5,0.00651890482398957,23.0,0.28125,34.51352524850317,0.9973384652967607,0.0006103515625,0.24828337343750206,0.25606244687500634,929,940,1.0118406889128095,2050,691.75,1,5,0.0,30.666666666666668,568,602,4.703125,0.2597012695312486,True
0.99,98,37658,1024,8012,1002,34,1036,8.09375,7.82421875,180,0.02197265625,0,0.0,0.0,0.0,,1.0,0.0,0.24828337343750206,0.25606244687500634,1002,1013,1.0109780439121756,,,0,0,,,735,769,6.0078125,0.2597012695312486,True
0.99,99,45710,1024,8019,1003,34,1037,8.1015625,7.8310546875,173,0.0211181640625,1,0.005780346820809248,4.0,0.0625,42.11020369539948,0.9999999406065868,0.0001220703125,0.24828337343750206,0.25606244687500634,1003,1014,1.0109670987038883,7681,,1,1,0.0,64.0,778,812,6.34375,0.2597012695312486,True
0.99,100,15813,1024,7583,948,34,982,7.671875,7.4052734375,609,0.0743408203125,3,0.0049261083743842365,1.5,0.0625,46.36989101812229,0.9998637159921004,0.0003662109375,0.24828337343750206,0.25606244687500634,948,959,1.011603375527426,1026,3352.5,1,3,0.0,1.7142857142857142,668,702,5.484375,0.2597012695312486,True
0.99,101,7135,1024,8014,1002,34,1036,8.09375,7.826171875,178,0.021728515625,0,0.0,0.0,0.0,,1.0,0.0,0.24828337343750206,0.25606244687500634,1002,1013,1.0109780439121756,,,0,0,,,800,834,6.515625,0.2597012695312486,True
0.99,102,31775,1024,7756,970,34,1004,7.84375,7.57421875,436,0.05322265625,2,0.0045871559633027525,5.0,0.09375,41.141103565318915,0.9990060895117172,0.000244140625,0.24828337343750206,0.25606244687500634,970,981,1.011340206185567,257,873.0,1,2,0.0,5.161290322580645,758,792,6.1875,0.2597012695312486,True
0.99,103,31772,1024,7965,996,34,1030,8.046875,7.7783203125,227,0.0277099609375,0,0.0,0.0,0.0,,1.0,0.0,0.24828337343750206,0.25606244687500634,996,1007,1.0110441767068272,,,0,0,,,736,770,6.015625,0.2597012695312486,True
0.99,104,25160,1024,7627,954,34,988,7.71875,7.4482421875,565,0.0689697265625,0,0.0,0.0,0.0,,1.0,0.0,0.24828337343750206,0.25606244687500634,954,965,1.0115303983228512,,,0,0,,,652,686,5.359375,0.2597012695312486,True
0.99,105,36108,1024,7513,940,34,974,7.609375,7.3369140625,679,0.0828857421875,3,0.004418262150220913,10.0,0.125,38.1308036086791,0.9999577962549402,0.0003662109375,0.24828337343750206,0.25606244687500634,940,951,1.0117021276595746,4616,257.0,1,3,0.0,22.9082774049217,655,689,5.3828125,0.2597012695312486,True
0.99,106,1260,1024,7951,994,34,1028,8.03125,7.7646484375,241,0.0294189453125,0,0.0,0.0,0.0,,1.0,0.0,0.24828337343750206,0.25606244687500634,994,1005,1.011066398390342,,,0,0,,,722,756,5.90625,0.2597012695312486,True
0.99,107,37885,1024,7983,998,34,1032,8.0625,7.7958984375,209,0.0255126953125,3,0.014354066985645933,48.0,0.375,31.318391234923233,0.9999374149552919,0.0003662109375,0.24828337343750206,0.25606244687500634,998,1009,1.0110220440881763,3840,768.0,1,3,0.0,90.3529411764706,797,831,6.4921875,0.2597012695312486,True
0.99,108,41535,1024,7712,964,34,998,7.796875,7.53125,480,0.05859375,1,0.0020833333333333333,4.0,0.0625,42.11020369539948,0.9999939508938328,0.0001220703125,0.24828337343750206,0.25606244687500634,964,975,1.0114107883817427,8049,,1,1,0.0,227.55555555555554,718,752,5.875,0.2597012695312486,True
0.99,109,44889,1024,7762,971,34,1005,7.8515625,7.580078125,430,0.052490234375,6,0.013953488372093023,20.0,0.3125,35.12050365203929,0.9888563941821364,0.000732421875,0.24828337343750206,0.25606244687500634,971,982,1.011328527291452,1584,837.0,2,5,0.0,24.79418886198547,725,759,5.9296875,0.2597012695312486,True
0.99,110,28184,1024,8026,1004,34,1038,8.109375,7.837890625,166,0.020263671875,0,0.0,0.0,0.0,,1.0,0.0,0.24828337343750206,0.25606244687500634,1004,1015,1.0109561752988048,,,0,0,,,761,795,6.2109375,0.2597012695312486,True
0.99,111,25319,1024,8030,1004,34,1038,8.109375,7.841796875,162,0.019775390625,3,0.018518518518518517,12.0,0.1875,37.33899114820285,0.9999919916296534,0.0003662109375,0.24828337343750206,0.25606244687500634,1004,1015,1.0109561752988048,6145,388.0,1,3,0.0,48.0,778,812,6.34375,0.2597012695312486,True
0.99,112,11010,1024,7975,997,34,1031,8.0546875,7.7880859375,217,0.0264892578125,1,0.004608294930875576,16.0,0.125,36.08960378211985,0.9999999741529227,0.0001220703125,0.24828337343750206,0.25606244687500634,997,1008,1.0110330992978938,7936,,1,1,0.0,512.0,689,723,5.6484375,0.2597012695312486,True
0.99,113,33880,1024,8076,1010,34,1044,8.15625,7.88671875,116,0.01416015625,2,0.017241379310344827,8.0,0.125,39.099903738759664,0.9999998273934456,0.000244140625,0.24828337343750206,0.25606244687500634,1010,1021,1.010891089108911,7681,256.0,1,2,0.0,128.0,758,792,6.1875,0.2597012695312486,True
0.99,114,19307,1024,7670,959,34,993,7.7578125,7.490234375,522,0.063720703125,0,0.0,0.0,0.0,,1.0,0.0,0.24828337343750206,0.25606244687500634,959,970,1.0114702815432743,,,0,0,,,639,673,5.2578125,0.2597012695312486,True
0.99,115,12236,1024,6934,867,34,901,7.0390625,6.771484375,1258,0.153564453125,4,0.003179650238473768,7.0,0.15625,39.67982320853653,0.9999978172020186,0.00048828125,0.24828337343750206,0.25606244687500634,867,809,0.9331026528258363,5121,597.6666666666666,1,4,0.0,18.666666666666668,552,586,4.578125,0.2597012695312486,True
0.99,116,13805,1024,7956,995,34,1029,8.0390625,7.76953125,236,0.02880859375,4,0.01694915254237288,26.0,0.25,33.98107012897092,0.9819487280224528,0.00048828125,0.24828337343750206,0.25606244687500634,995,1006,1.0110552763819096,768,1914.6666666666667,1,4,0.0,28.689655172413794,684,718,5.609375,0.2597012695312486,True
0.99,117,5814,1024,7529,942,34,976,7.625,7.3525390625,663,0.0809326171875,0,0.0,0.0,0.0,,1.0,0.0,0.24828337343750206,0.25606244687500634,942,953,1.0116772823779194,,,0,0,,,599,633,4.9453125,0.2597012695312486,True
0.99,118,48485,1024,8099,1013,34,1047,8.1796875,7.9091796875,93,0.0113525390625,0,0.0,0.0,0.0,,1.0,0.0,0.24828337343750206,0.25606244687500634,1013,1024,1.0108588351431391,,,0,0,,,774,808,6.3125,0.2597012695312486,True
0.99,119,12248,1024,7645,956,34,990,7.734375,7.4658203125,547,0.0667724609375,0,0.0,0.0,0.0,,1.0,0.0,0.24828337343750206,0.25606244687500634,956,967,1.0115062761506277,,,0,0,,,670,704,5.5,0.2597012695312486,True
0.99,120,458,1024,7993,1000,34,1034,8.078125,7.8056640625,199,0.0242919921875,0,0.0,0.0,0.0,,1.0,0.0,0.24828337343750206,0.25606244687500634,1000,1011,1.011,,,0,0,,,779,813,6.3515625,0.2597012695312486,True
0.99,121,319,1024,7995,1000,34,1034,8.078125,7.8076171875,197,0.0240478515625,2,0.01015228426395939,32.0,0.25,33.07930382548004,0.9998148178056319,0.000244140625,0.24828337343750206,0.25606244687500634,1000,1011,1.011,1800,8.0,1,2,0.0,41.011264080100126,752,786,6.140625,0.2597012695312486,True
0.99,122,21496,1024,7999,1000,34,1034,8.078125,7.8115234375,193,0.0235595703125,2,0.010362694300518135,32.0,0.25,33.07930382548004,0.9999787178036191,0.000244140625,0.24828337343750206,0.25606244687500634,1000,1011,1.011,1280,512.0,1,2,0.0,37.925925925925924,747,781,6.1015625,0.2597012695312486,True
0.99,123,20390,1024,7749,969,34,1003,7.8359375,7.5673828125,443,0.0540771484375,1,0.002257336343115124,16.0,0.125,36.08960378211985,0.9999679969232909,0.0001220703125,0.24828337343750206,0.25606244687500634,969,980,1.0113519091847265,4608,,1,1,0.0,36.57142857142857,692,726,5.671875,0.2597012695312486,True
0.99,124,33691,1024,7490,937,34,971,7.5859375,7.314453125,702,0.085693359375,2,0.002849002849002849,32.0,0.25,33.07930382548004,0.999908576675067,0.000244140625,0.24828337343750206,0.25606244687500634,937,948,1.0117395944503735,1280,256.0,1,2,0.0,37.925925925925924,678,712,5.5625,0.2597012695312486,True
0.99,125,33872,1024,8186,1024,34,1058,8.265625,7.994140625,6,0.000732421875,0,0.0,0.0,0.0,,1.0,0.0,0.24828337343750206,0.25606244687500634,1024,1035,1.0107421875,,,0,0,,,881,915,7.1484375,0.2597012695312486,True
0.99,126,46987,1024,7564,946,34,980,7.65625,7.38671875,628,0.07666015625,1,0.0015923566878980893,4.0,0.0625,42.11020369539948,0.9872258830912826,0.0001220703125,0.24828337343750206,0.25606244687500634,946,957,1.0116279069767442,5297,,1,1,0.0,11.314917127071823,614,648,5.0625,0.2597012695312486,True
0.99,127,26772,1024,7841,981,34,1015,7.9296875,7.6572265625,351,0.0428466796875,2,0.005698005698005698,8.0,0.125,39.099903738759664,0.9952333109127737,0.000244140625,0.24828337343750206,0.25606244687500634,981,992,1.0112130479102956,5425,8.0,1,2,0.0,23.67630057803468,766,800,6.25,0.2597012695312486,True
0.99,128,7057,1024,7880,985,34,1019,7.9609375,7.6953125,312,0.0380859375,0,0.0,0.0,0.0,,1.0,0.0,0.24828337343750206,0.25606244687500634,985,996,1.0111675126903554,,,0,0,,,718,752,5.875,0.2597012695312486,True
0.99,129,30014,1024,7900,988,34,1022,7.984375,7.71484375,292,0.03564453125,4,0.0136986301369863,64.0,0.5,30.069003868840234,0.9997531828655098,0.00048828125,0.24828337343750206,0.25606244687500634,988,999,1.0111336032388665,4864,512.0,1,4,0.0,157.53846153846155,712,746,5.828125,0.2597012695312486,True
0.99,130,48237,1024,7806,976,34,1010,7.890625,7.623046875,386,0.047119140625,0,0.0,0.0,0.0,,1.0,0.0,0.24828337343750206,0.25606244687500634,976,987,1.0112704918032787,,,0,0,,,712,746,5.828125,0.2597012695312486,True
0.99,131,4823,1024,7956,995,34,1029,8.0390625,7.76953125,236,0.02880859375,0,0.0,0.0,0.0,,1.0,0.0,0.24828337343750206,0.25606244687500634,995,1006,1.0110552763819096,,,0,0,,,753,787,6.1484375,0.2597012695312486,True
0.99,132,26627,1024,8101,1013,34,1047,8.1796875,7.9111328125,91,0.0111083984375,2,0.02197802197802198,8.0,0.125,39.099903738759664,0.9999069496073636,0.000244140625,0.24828337343750206,0.25606244687500634,1013,1024,1.0108588351431391,2033,8.0,1,2,0.0,10.638961038961039,800,834,6.515625,0.2597012695312486,True
0.99,133,12293,1024,8132,1017,34,1051,8.2109375,7.94140625,60,0.00732421875,0,0.0,0.0,0.0,,1.0,0.0,0.24828337343750206,0.25606244687500634,1017,1028,1.0108161258603736,,,0,0,,,870,904,7.0625,0.2597012695312486,True
0.99,134,32803,1024,7621,953,34,987,7.7109375,7.4423828125,571,0.0697021484375,1,0.0017513134851138354,4.0,0.0625,42.11020369539948,0.9962138741948255,0.0001220703125,0.24828337343750206,0.25606244687500634,953,964,1.011542497376705,5921,,1,1,0.0,14.422535211267606,664,698,5.453125,0.2597012695312486,True
0.99,135,41882,1024,7810,977,34,1011,7.8984375,7.626953125,382,0.046630859375,2,0.005235602094240838,20.0,0.1875,35.12050365203929,0.9998870277055318,0.000244140625,0.24828337343750206,0.25606244687500634,977,988,1.0112589559877174,4096,529.0,1,2,0.0,40.0,643,677,5.2890625,0.2597012695312486,True
0.99,136,10235,1024,7726,966,34,1000,7.8125,7.544921875,466,0.056884765625,0,0.0,0.0,0.0,,1.0,0.0,0.24828337343750206,0.25606244687500634,966,977,1.0113871635610765,,,0,0,,,741,775,6.0546875,0.2597012695312486,True
0.99,137,30033,1024,7996,1000,34,1034,8.078125,7.80859375,196,0.02392578125,0,0.0,0.0,0.0,,1.0,0.0,0.24828337343750206,0.25606244687500634,1000,1011,1.011,,,0,0,,,822,856,6.6875,0.2597012695312486,True
0.99,138,20042,1024,8063,1008,34,1042,8.140625,7.8740234375,129,0.0157470703125,2,0.015503875968992248,8.0,0.125,39.099903738759664,0.9999947611116292,0.000244140625,0.24828337343750206,0.25606244687500634,1008,1019,1.0109126984126984,33,8.0,1,2,0.0,8.031372549019608,803,837,6.5390625,0.2597012695312486,True
0.99,139,29399,1024,7992,999,34,1033,8.0703125,7.8046875,200,0.0244140625,0,0.0,0.0,0.0,,1.0,0.0,0.24828337343750206,0.25606244687500634,999,1010,1.011011011011011,,,0,0,,,739,773,6.0390625,0.2597012695312486,True
0.99,140,6463,1024,8130,1017,34,1051,8.2109375,7.939453125,62,0.007568359375,0,0.0,0.0,0.0,,1.0,0.0,0.24828337343750206,0.25606244687500634,1017,1028,1.0108161258603736,,,0,0,,,880,914,7.140625,0.2597012695312486,True
0.99,141,25920,1024,7697,963,34,997,7.7890625,7.5166015625,495,0.0604248046875,4,0.00808080808080808,64.0,0.5,30.069003868840234,0.9994774164000974,0.00048828125,0.24828337343750206,0.25606244687500634,963,974,1.011422637590862,4096,853.3333333333334,1,4,0.0,128.0,593,627,4.8984375,0.2597012695312486,True
0.99,142,10327,1024,8191,1024,34,1058,8.265625,7.9990234375,1,0.0001220703125,0,0.0,0.0,0.0,,1.0,0.0,0.24828337343750206,0.25606244687500634,1024,1035,1.0107421875,,,0,0,,,929,963,7.5234375,0.2597012695312486,True
0.99,143,3805,1024,7919,990,34,1024,8.0,7.7333984375,273,0.0333251953125,1,0.003663003663003663,4.0,0.0625,42.11020369539948,0.9922711950754531,0.0001220703125,0.24828337343750206,0.25606244687500634,990,1001,1.011111111111111,1953,,1,1,0.0,5.251282051282051,749,783,6.1171875,0.2597012695312486,True
0.99,144,37879,1024,7125,891,34,925,7.2265625,6.9580078125,1067,0.1302490234375,0,0.0,0.0,0.0,,1.0,0.0,0.24828337343750206,0.25606244687500634,891,902,1.0123456790123457,,,0,0,,,443,477,3.7265625,0.2597012695312486,True
0.99,145,22721,1024,7827,979,34,1013,7.9140625,7.6435546875,365,0.0445556640625,0,0.0,0.0,0.0,,1.0,0.0,0.24828337343750206,0.25606244687500634,979,990,1.0112359550561798,,,0,0,,,678,712,5.5625,0.2597012695312486,True
0.99,146,43932,1024,8034,1005,34,1039,8.1171875,7.845703125,158,0.019287109375,0,0.0,0.0,0.0,,1.0,0.0,0.24828337343750206,0.25606244687500634,1005,1016,1.0109452736318407,,,0,0,,,776,810,6.328125,0.2597012695312486,True
0.99,147,47270,1024,7967,996,34,1030,8.046875,7.7802734375,225,0.0274658203125,0,0.0,0.0,0.0,,1.0,0.0,0.24828337343750206,0.25606244687500634,996,1007,1.0110441767068272,,,0,0,,,812,846,6.609375,0.2597012695312486,True
0.99,148,11091,1024,7660,958,34,992,7.75,7.48046875,532,0.06494140625,1,0.0018796992481203006,4.0,0.0625,42.11020369539948,0.9944179743877243,0.0001220703125,0.24828337343750206,0.25606244687500634,958,969,1.011482254697286,2721,,1,1,0.0,5.988304093567251,656,690,5.390625,0.2597012695312486,True
0.99,149,9736,1024,7904,988,34,1022,7.984375,7.71875,288,0.03515625,7,0.024305555555555556,25.0,0.40625,34.15140352195873,0.9621543040913427,0.0008544921875,0.24828337343750206,0.25606244687500634,988,999,1.0111336032388665,2106,971.8333333333334,1,7,0.0,33.63994743758213,768,802,6.265625,0.2597012695312486,True
0.99,150,23206,1024,7664,958,34,992,7.75,7.484375,528,0.064453125,1,0.001893939393939394,0.25,0.015625,54.15140352195873,0.9997904934383114,0.0001220703125,0.24828337343750206,0.25606244687500634,958,969,1.011482254697286,3371,,1,1,0.0,0.42454394693200664,681,715,5.5859375,0.2597012695312486,True
0.99,151,25039,1024,8167,1021,34,1055,8.2421875,7.9755859375,25,0.0030517578125,1,0.04,4.0,0.0625,42.11020369539948,0.9969796015502763,0.0001220703125,0.24828337343750206,0.25606244687500634,1021,1032,1.0107737512242898,2241,,1,1,0.0,5.505376344086022,886,920,7.1875,0.2597012695312486,True
0.99,152,21014,1024,7393,925,34,959,7.4921875,7.2197265625,799,0.0975341796875,1,0.0012515644555694619,1.0,0.03125,48.1308036086791,0.9997868819902818,0.0001220703125,0.24828337343750206,0.25606244687500634,925,932,1.0075675675675675,4066,,1,1,0.0,1.9844961240310077,644,678,5.296875,0.2597012695312486,True
0.99,153,32412,1024,8111,1014,34,1048,8.1875,7.9208984375,81,0.0098876953125,3,0.037037037037037035,12.0,0.1875,37.33899114820285,0.9977656735835034,0.0003662109375,0.24828337343750206,0.25606244687500634,1014,1025,1.0108481262327416,3585,1428.0,1,3,0.0,21.333333333333332,834,868,6.78125,0.2597012695312486,True
0.99,154,34022,1024,7273,910,34,944,7.375,7.1025390625,919,0.1121826171875,6,0.006528835690968444,19.0,0.28125,35.34326759915081,0.9893046721408424,0.000732421875,0.24828337343750206,0.25606244687500634,910,921,1.012087912087912,930,105.6,2,5,0.0,21.427312775330396,553,587,4.5859375,0.2597012695312486,True
0.99,155,21369,1024,7722,966,34,1000,7.8125,7.541015625,470,0.057373046875,0,0.0,0.0,0.0,,1.0,0.0,0.24828337343750206,0.25606244687500634,966,968,1.0020703933747412,,,0,0,,,632,666,5.203125,0.2597012695312486,True
0.99,156,41654,1024,7998,1000,34,1034,8.078125,7.810546875,194,0.023681640625,1,0.005154639175257732,4.0,0.0625,42.11020369539948,0.9922689860157435,0.0001220703125,0.24828337343750206,0.25606244687500634,1000,1011,1.011,4953,,1,1,0.0,10.11358024691358,799,833,6.5078125,0.2597012695312486,True
0.99,157,11953,1024,7994,1000,34,1034,8.078125,7.806640625,198,0.024169921875,1,0.005050505050505051,16.0,0.125,36.08960378211985,0.9999996470460034,0.0001220703125,0.24828337343750206,0.25606244687500634,1000,1011,1.011,7928,,1,1,0.0,496.4848484848485,779,813,6.3515625,0.2597012695312486,True
0.99,158,13700,1024,7893,987,34,1021,7.9765625,7.7080078125,299,0.0364990234375,0,0.0,0.0,0.0,,1.0,0.0,0.24828337343750206,0.25606244687500634,987,998,1.011144883485309,,,0,0,,,726,760,5.9375,0.2597012695312486,True
0.99,159,38205,1024,7738,968,34,1002,7.828125,7.556640625,454,0.055419921875,26,0.05726872246696035,104.0,1.625,27.960470215691302,0.9965326519370352,0.003173828125,0.24828337343750206,0.25606244687500634,968,979,1.0113636363636365,769,215.04,1,26,0.0,114.75862068965517,655,689,5.3828125,0.2597012695312486,True
0.99,160,40129,1024,7425,929,34,963,7.5234375,7.2509765625,767,0.0936279296875,0,0.0,0.0,0.0,,1.0,0.0,0.2419230406250108,0.09198295390625333,929,940,1.0118406889128095,,,0,0,,,635,669,5.2265625,0.2588166578125026,True
0.99,161,17080,1024,7520,940,34,974,7.609375,7.34375,672,0.08203125,4,0.005952380952380952,2.3125,0.0859375,44.4899861945684,0.9950965427011161,0.00048828125,0.2419230406250108,0.09198295390625333,940,951,1.0117021276595746,2052,282.0,1,4,0.0,3.0833333333333335,637,671,5.2421875,0.2588166578125026,True
0.99,162,1505,1024,8104,1013,34,1047,8.1796875,7.9140625,88,0.0107421875,0,0.0,0.0,0.0,,1.0,0.0,0.2419230406250108,0.09198295390625333,1013,1024,1.0108588351431391,,,0,0,,,811,845,6.6015625,0.2588166578125026,True
0.99,163,36391,1024,8109,1014,34,1048,8.1875,7.9189453125,83,0.0101318359375,0,0.0,0.0,0.0,,1.0,0.0,0.2419230406250108,0.09198295390625333,1014,1025,1.0108481262327416,,,0,0,,,795,829,6.4765625,0.2588166578125026,True
0.99,164,24660,1024,7934,992,34,1026,8.015625,7.748046875,258,0.031494140625,3,0.011627906976744186,36.0,0.3125,32.56777860100623,0.9877224718042774,0.0003662109375,0.2419230406250108,0.09198295390625333,992,1003,1.0110887096774193,1881,2775.5,1,3,0.0,46.72243346007605,782,816,6.375,0.2588166578125026,True
0.99,165,24061,1024,7755,970,34,1004,7.84375,7.5732421875,437,0.0533447265625,2,0.004576659038901602,8.0,0.125,39.099903738759664,0.9995263540979902,0.000244140625,0.2419230406250108,0.09198295390625333,970,981,1.011340206185567,6425,512.0,1,2,0.0,37.067873303167424,630,664,5.1875,0.2588166578125026,True
0.99,166,10964,1024,7654,957,34,991,7.7421875,7.474609375,538,0.065673828125,4,0.007434944237918215,9.0,0.15625,38.58837851428585,0.9924315143093195,0.00048828125,0.2419230406250108,0.09198295390625333,957,968,1.0114942528735633,1792,2048.6666666666665,2,3,0.0,11.52,618,652,5.09375,0.2588166578125026,True
0.99,167,20807,1024,8149,1019,34,1053,8.2265625,7.9580078125,43,0.0052490234375,0,0.0,0.0,0.0,,1.0,0.0,0.2419230406250108,0.09198295390625333,1019,1030,1.0107948969578018,,,0,0,,,828,862,6.734375,0.2588166578125026,True
0.99,168,33388,1024,8183,1023,34,1057,8.2578125,7.9912109375,9,0.0010986328125,0,0.0,0.0,0.0,,1.0,0.0,0.2419230406250108,0.09198295390625333,1023,1034,1.010752688172043,,,0,0,,,888,922,7.203125,0.2588166578125026,True
0.99,169,34571,1024,7975,997,34,1031,8.0546875,7.7880859375,217,0.0264892578125,0,0.0,0.0,0.0,,1.0,0.0,0.2419230406250108,0.09198295390625333,997,1008,1.0110330992978938,,,0,0,,,764,798,6.234375,0.2588166578125026,True
0.99,170,21194,1024,8023,1003,34,1037,8.1015625,7.8349609375,169,0.0206298828125,0,0.0,0.0,0.0,,1.0,0.0,0.2419230406250108,0.09198295390625333,1003,1014,1.0109670987038883,,,0,0,,,801,835,6.5234375,0.2588166578125026,True
0.99,171,32696,1024,7994,1000,34,1034,8.078125,7.806640625,198,0.024169921875,3,0.015151515151515152,36.0,0.3125,32.56777860100623,0.9999794182304143,0.0003662109375,0.2419230406250108,0.09198295390625333,1000,1011,1.011,513,255.5,1,3,0.0,38.4,753,787,6.1484375,0.2588166578125026,True
0.99,172,46005,1024,6956,870,34,904,7.0625,6.79296875,1236,0.15087890625,2,0.0016181229773462784,8.0,0.125,39.099903738759664,0.9572584049751206,0.000244140625,0.2419230406250108,0.09198295390625333,870,881,1.0126436781609196,3193,3368.0,1,2,0.0,13.1072,487,521,4.0703125,0.2588166578125026,True
0.99,173,19269,1024,7177,898,34,932,7.28125,7.0087890625,1015,0.1239013671875,2,0.0019704433497536944,1.25,0.046875,47.16170347859854,0.9953665295661791,0.000244140625,0.2419230406250108,0.09198295390625333,898,901,1.0033407572383073,2715,3175.0,1,2,0.0,1.8686131386861313,508,542,4.234375,0.2588166578125026,True
0.99,174,5503,1024,8163,1021,34,1055,8.2421875,7.9716796875,29,0.0035400390625,0,0.0,0.0,0.0,,1.0,0.0,0.2419230406250108,0.09198295390625333,1021,1032,1.0107737512242898,,,0,0,,,878,912,7.125,0.2588166578125026,True
0.99,175,32979,1024,7815,977,34,1011,7.8984375,7.6318359375,377,0.0460205078125,4,0.010610079575596816,10.0,0.1875,38.1308036086791,0.9927613527580388,0.00048828125,0.2419230406250108,0.09198295390625333,977,988,1.0112589559877174,4265,173.66666666666666,1,4,0.0,20.855397148676172,701,735,5.7421875,0.2588166578125026,True
0.99,176,32764,1024,8106,1014,34,1048,8.1875,7.916015625,86,0.010498046875,2,0.023255813953488372,2.0,0.0625,45.12050365203929,0.9989614724600524,0.000244140625,0.2419230406250108,0.09198295390625333,1014,1025,1.0108481262327416,3178,8.0,1,2,0.0,3.266347687400319,816,850,6.640625,0.2588166578125026,True
0.99,177,36396,1024,7609,952,34,986,7.703125,7.4306640625,583,0.0711669921875,0,0.0,0.0,0.0,,1.0,0.0,0.2419230406250108,0.09198295390625333,952,963,1.0115546218487395,,,0,0,,,678,712,5.5625,0.2588166578125026,True
0.99,178,16139,1024,6828,854,34,888,6.9375,6.66796875,1364,0.16650390625,2,0.001466275659824047,32.0,0.25,33.07930382548004,0.9602025899451704,0.000244140625,0.2419230406250108,0.09198295390625333,854,773,0.905152224824356,4496,1936.0,1,2,0.0,70.92640692640693,423,457,3.5703125,0.2588166578125026,True
0.99,179,32110,1024,7576,947,34,981,7.6640625,7.3984375,616,0.0751953125,11,0.017857142857142856,0.1611328125,0.0302734375,56.05896373293816,0.9999339017230211,0.0013427734375,0.2419230406250108,0.09198295390625333,947,924,0.9757127771911299,173,223.3,2,10,0.0,0.16450648055832504,704,738,5.765625,0.2588166578125026,True
0.99,180,37930,1024,8083,1011,34,1045,8.1640625,7.8935546875,109,0.0133056640625,3,0.027522935779816515,48.0,0.375,31.318391234923233,0.9999874734937466,0.0003662109375,0.2419230406250108,0.09198295390625333,1011,1022,1.0108803165182987,7680,8.0,1,3,0.0,768.0,755,789,6.1640625,0.2588166578125026,True
0.99,181,5624,1024,8002,1001,34,1035,8.0859375,7.814453125,190,0.023193359375,0,0.0,0.0,0.0,,1.0,0.0,0.2419230406250108,0.09198295390625333,1001,1012,1.010989010989011,,,0,0,,,783,817,6.3828125,0.2588166578125026,True
0.99,182,37946,1024,7999,1000,34,1034,8.078125,7.8115234375,193,0.0235595703125,0,0.0,0.0,0.0,,1.0,0.0,0.2419230406250108,0.09198295390625333,1000,1011,1.011,,,0,0,,,699,733,5.7265625,0.2588166578125026,True
0.99,183,6616,1024,8163,1021,34,1055,8.2421875,7.9716796875,29,0.0035400390625,2,0.06896551724137931,8.0,0.125,39.099903738759664,0.9999698462900468,0.000244140625,0.2419230406250108,0.09198295390625333,1021,1032,1.0107737512242898,4865,8.0,1,2,0.0,19.692307692307693,852,886,6.921875,0.2588166578125026,True
0.99,184,11706,1024,7989,999,34,1033,8.0703125,7.8017578125,203,0.0247802734375,2,0.009852216748768473,16.25,0.140625,36.02226995553017,0.9999676058576545,0.000244140625,0.2419230406250108,0.09198295390625333,999,1010,1.011011011011011,203,7685.0,1,2,0.0,16.656656656656658,769,803,6.2734375,0.2588166578125026,True
0.99,185,10558,1024,7858,983,34,1017,7.9453125,7.673828125,334,0.040771484375,25,0.0748502994011976,0.349609375,0.048828125,52.694972908638476,0.9999241762484509,0.0030517578125,0.2419230406250108,0.09198295390625333,983,974,0.9908443540183113,108,105.45833333333333,1,25,0.0,0.35410484668644904,719,753,5.8828125,0.2588166578125026,True
0.99,186,18351,1024,7440,930,34,964,7.53125,7.265625,752,0.091796875,4,0.005319148936170213,9.0625,0.1640625,38.558323412888605,0.9991590940393953,0.00048828125,0.2419230406250108,0.09198295390625333,930,922,0.9913978494623656,3081,1681.0,1,4,0.0,14.522691705790297,669,703,5.4921875,0.2588166578125026,True
0.99,187,15023,1024,7774,972,34,1006,7.859375,7.591796875,418,0.051025390625,0,0.0,0.0,0.0,,1.0,0.0,0.2419230406250108,0.09198295390625333,972,983,1.0113168724279835,,,0,0,,,713,747,5.8359375,0.2588166578125026,True
0.99,188,9490,1024,7784,973,34,1007,7.8671875,7.6015625,408,0.0498046875,1,0.0024509803921568627,4.0,0.0625,42.11020369539948,0.9920985374605324,0.0001220703125,0.2419230406250108,0.09198295390625333,973,984,1.0113052415210688,4521,,1,1,0.0,8.923747276688454,657,691,5.3984375,0.2588166578125026,True
0.99,189,6355,1024,8091,1012,34,1046,8.171875,7.9013671875,101,0.0123291015625,0,0.0,0.0,0.0,,1.0,0.0,0.2419230406250108,0.09198295390625333,1012,1023,1.0108695652173914,,,0,0,,,698,732,5.71875,0.2588166578125026,True
0.99,190,8857,1024,6945,869,34,903,7.0546875,6.7822265625,1247,0.1522216796875,1,0.0008019246190858059,0.0625,0.0078125,60.17200343523835,0.9999998609103355,0.0001220703125,0.2419230406250108,0.09198295390625333,869,854,0.9827387802071347,6148,,1,1,0.0,0.25,449,483,3.7734375,0.2588166578125026,True
0.99,191,31811,1024,7741,968,34,1002,7.828125,7.5595703125,451,0.0550537109375,18,0.03991130820399113,54.0,0.9375,30.80686601044942,0.9717042973686643,0.002197265625,0.2419230406250108,0.09198295390625333,968,979,1.0113636363636365,3570,208.0,1,18,0.0,95.66782006920415,684,718,5.609375,0.2588166578125026,True
0.99,192,10400,1024,8028,1004,34,1038,8.109375,7.83984375,164,0.02001953125,0,0.0,0.0,0.0,,1.0,0.0,0.2419230406250108,0.09198295390625333,1004,1015,1.0109561752988048,,,0,0,,,808,842,6.578125,0.2588166578125026,True
0.99,193,275,1024,7971,997,34,1031,8.0546875,7.7841796875,221,0.0269775390625,0,0.0,0.0,0.0,,1.0,0.0,0.2419230406250108,0.09198295390625333,997,1008,1.0110330992978938,,,0,0,,,729,763,5.9609375,0.2588166578125026,True
0.99,194,26152,1024,7867,984,34,1018,7.953125,7.6826171875,325,0.0396728515625,0,0.0,0.0,0.0,,1.0,0.0,0.2419230406250108,0.09198295390625333,984,995,1.011178861788618,,,0,0,,,776,810,6.328125,0.2588166578125026,True
0.99,195,13037,1024,7078,885,34,919,7.1796875,6.912109375,1114,0.135986328125,0,0.0,0.0,0.0,,1.0,0.0,0.2419230406250108,0.09198295390625333,885,875,0.9887005649717514,,,0,0,,,611,645,5.0390625,0.2588166578125026,True
0.99,196,41203,1024,8094,1012,34,1046,8.171875,7.904296875,98,0.011962890625,1,0.01020408163265306,4.0,0.0625,42.11020369539948,0.9999992790308784,0.0001220703125,0.2419230406250108,0.09198295390625333,1012,1023,1.0108695652173914,7921,,1,1,0.0,120.47058823529412,830,864,6.75,0.2588166578125026,True
0.99,197,43709,1024,7455,932,34,966,7.546875,7.2802734375,737,0.0899658203125,0,0.0,0.0,0.0,,1.0,0.0,0.2419230406250108,0.09198295390625333,932,943,1.011802575107296,,,0,0,,,587,621,4.8515625,0.2588166578125026,True
0.99,198,43572,1024,7811,977,34,1011,7.8984375,7.6279296875,381,0.0465087890625,0,0.0,0.0,0.0,,1.0,0.0,0.2419230406250108,0.09198295390625333,977,988,1.0112589559877174,,,0,0,,,727,761,5.9453125,0.2588166578125026,True
0.99,199,23390,1024,8011,1002,34,1036,8.09375,7.8232421875,181,0.0220947265625,0,0.0,0.0,0.0,,1.0,0.0,0.2419230406250108,0.09198295390625333,1002,1013,1.0109780439121756,,,0,0,,,768,802,6.265625,0.2588166578125026,True
1.0,0,712,1024,8192,1024,34,1058,8.265625,8.0,0,0.0,0,,0.0,0.0,,1.0,0.0,0.2419230406250108,0.09198295390625333,1024,994,0.970703125,,,0,0,,,784,818,6.390625,0.2588166578125026,True
1.0,1,24774,1024,8192,1024,34,1058,8.265625,8.0,0,0.0,0,,0.0,0.0,,1.0,0.0,0.2419230406250108,0.09198295390625333,1024,1035,1.0107421875,,,0,0,,,768,802,6.265625,0.2588166578125026,True
1.0,2,45142,1024,8192,1024,34,1058,8.265625,8.0,0,0.0,0,,0.0,0.0,,1.0,0.0,0.2419230406250108,0.09198295390625333,1024,968,0.9453125,,,0,0,,,862,896,7.0,0.2588166578125026,True
1.0,3,27119,1024,8192,1024,34,1058,8.265625,8.0,0,0.0,0,,0.0,0.0,,1.0,0.0,0.2419230406250108,0.09198295390625333,1024,796,0.77734375,,,0,0,,,627,661,5.1640625,0.2588166578125026,True
1.0,4,21139,1024,8192,1024,34,1058,8.265625,8.0,0,0.0,0,,0.0,0.0,,1.0,0.0,0.2419230406250108,0.09198295390625333,1024,984,0.9609375,,,0,0,,,701,735,5.7421875,0.2588166578125026,True
1.0,5,19129,1024,8192,1024,34,1058,8.265625,8.0,0,0.0,0,,0.0,0.0,,1.0,0.0,0.2419230406250108,0.09198295390625333,1024,1032,1.0078125,,,0,0,,,721,755,5.8984375,0.2588166578125026,True
1.0,6,6433,1024,8192,1024,34,1058,8.265625,8.0,0,0.0,0,,0.0,0.0,,1.0,0.0,0.2419230406250108,0.09198295390625333,1024,884,0.86328125,,,0,0,,,667,701,5.4765625,0.2588166578125026,True
1.0,7,38854,1024,8192,1024,34,1058,8.265625,8.0,0,0.0,0,,0.0,0.0,,1.0,0.0,0.2419230406250108,0.09198295390625333,1024,1007,0.9833984375,,,0,0,,,751,785,6.1328125,0.2588166578125026,True
1.0,8,22489,1024,8192,1024,34,1058,8.265625,8.0,0,0.0,0,,0.0,0.0,,1.0,0.0,0.2419230406250108,0.09198295390625333,1024,998,0.974609375,,,0,0,,,752,786,6.140625,0.2588166578125026,True
1.0,9,31104,1024,8192,1024,34,1058,8.265625,8.0,0,0.0,0,,0.0,0.0,,1.0,0.0,0.2419230406250108,0.09198295390625333,1024,953,0.9306640625,,,0,0,,,666,700,5.46875,0.2588166578125026,True
1.0,10,21349,1024,8192,1024,34,1058,8.265625,8.0,0,0.0,0,,0.0,0.0,,1.0,0.0,0.2419230406250108,0.09198295390625333,1024,923,0.9013671875,,,0,0,,,787,821,6.4140625,0.2588166578125026,True
1.0,11,29116,1024,8192,1024,34,1058,8.265625,8.0,0,0.0,0,,0.0,0.0,,1.0,0.0,0.2419230406250108,0.09198295390625333,1024,993,0.9697265625,,,0,0,,,711,745,5.8203125,0.2588166578125026,True
1.0,12,10772,1024,8192,1024,34,1058,8.265625,8.0,0,0.0,0,,0.0,0.0,,1.0,0.0,0.2419230406250108,0.09198295390625333,1024,1035,1.0107421875,,,0,0,,,843,877,6.8515625,0.2588166578125026,True
1.0,13,18332,1024,8192,1024,34,1058,8.265625,8.0,0,0.0,0,,0.0,0.0,,1.0,0.0,0.2419230406250108,0.09198295390625333,1024,1035,1.0107421875,,,0,0,,,817,851,6.6484375,0.2588166578125026,True
1.0,14,1003,1024,8192,1024,34,1058,8.265625,8.0,0,0.0,0,,0.0,0.0,,1.0,0.0,0.2419230406250108,0.09198295390625333,1024,999,0.9755859375,,,0,0,,,808,842,6.578125,0.2588166578125026,True
1.0,15,22156,1024,8192,1024,34,1058,8.265625,8.0,0,0.0,0,,0.0,0.0,,1.0,0.0,0.2419230406250108,0.09198295390625333,1024,1027,1.0029296875,,,0,0,,,807,841,6.5703125,0.2588166578125026,True
1.0,16,26453,1024,8192,1024,34,1058,8.265625,8.0,0,0.0,0,,0.0,0.0,,1.0,0.0,0.2419230406250108,0.09198295390625333,1024,934,0.912109375,,,0,0,,,704,738,5.765625,0.2588166578125026,True
1.0,17,17039,1024,8192,1024,34,1058,8.265625,8.0,0,0.0,0,,0.0,0.0,,1.0,0.0,0.2419230406250108,0.09198295390625333,1024,884,0.86328125,,,0,0,,,731,765,5.9765625,0.2588166578125026,True
1.0,18,7166,1024,8192,1024,34,1058,8.265625,8.0,0,0.0,0,,0.0,0.0,,1.0,0.0,0.2419230406250108,0.09198295390625333,1024,1020,0.99609375,,,0,0,,,727,761,5.9453125,0.2588166578125026,True
1.0,19,48310,1024,8192,1024,34,1058,8.265625,8.0,0,0.0,0,,0.0,0.0,,1.0,0.0,0.2419230406250108,0.09198295390625333,1024,998,0.974609375,,,0,0,,,679,713,5.5703125,0.2588166578125026,True
1.0,20,12187,1024,8192,1024,34,1058,8.265625,8.0,0,0.0,0,,0.0,0.0,,1.0,0.0,0.2419230406250108,0.09198295390625333,1024,879,0.8583984375,,,0,0,,,581,615,4.8046875,0.2588166578125026,True
1.0,21,20284,1024,8192,1024,34,1058,8.265625,8.0,0,0.0,0,,0.0,0.0,,1.0,0.0,0.2419230406250108,0.09198295390625333,1024,781,0.7626953125,,,0,0,,,591,625,4.8828125,0.2588166578125026,True
1.0,22,1052,1024,8192,1024,34,1058,8.265625,8.0,0,0.0,0,,0.0,0.0,,1.0,0.0,0.2419230406250108,0.09198295390625333,1024,1014,0.990234375,,,0,0,,,763,797,6.2265625,0.2588166578125026,True
1.0,23,13752,1024,8192,1024,34,1058,8.265625,8.0,0,0.0,0,,0.0,0.0,,1.0,0.0,0.2419230406250108,0.09198295390625333,1024,760,0.7421875,,,0,0,,,516,550,4.296875,0.2588166578125026,True
1.0,24,37139,1024,8192,1024,34,1058,8.265625,8.0,0,0.0,0,,0.0,0.0,,1.0,0.0,0.2419230406250108,0.09198295390625333,1024,1035,1.0107421875,,,0,0,,,744,778,6.078125,0.2588166578125026,True
1.0,25,29727,1024,8192,1024,34,1058,8.265625,8.0,0,0.0,0,,0.0,0.0,,1.0,0.0,0.2419230406250108,0.09198295390625333,1024,1035,1.0107421875,,,0,0,,,879,913,7.1328125,0.2588166578125026,True
1.0,26,41854,1024,8192,1024,34,1058,8.265625,8.0,0,0.0,0,,0.0,0.0,,1.0,0.0,0.2419230406250108,0.09198295390625333,1024,896,0.875,,,0,0,,,715,749,5.8515625,0.2588166578125026,True
1.0,27,40333,1024,8192,1024,34,1058,8.265625,8.0,0,0.0,0,,0.0,0.0,,1.0,0.0,0.2419230406250108,0.09198295390625333,1024,1014,0.990234375,,,0,0,,,830,864,6.75,0.2588166578125026,True
1.0,28,33248,1024,8192,1024,34,1058,8.265625,8.0,0,0.0,0,,0.0,0.0,,1.0,0.0,0.2419230406250108,0.09198295390625333,1024,899,0.8779296875,,,0,0,,,615,649,5.0703125,0.2588166578125026,True
1.0,29,9680,1024,8192,1024,34,1058,8.265625,8.0,0,0.0,0,,0.0,0.0,,1.0,0.0,0.2419230406250108,0.09198295390625333,1024,1019,0.9951171875,,,0,0,,,769,803,6.2734375,0.2588166578125026,True
1.0,30,16805,1024,8192,1024,34,1058,8.265625,8.0,0,0.0,0,,0.0,0.0,,1.0,0.0,0.2419230406250108,0.09198295390625333,1024,1012,0.98828125,,,0,0,,,830,864,6.75,0.2588166578125026,True
1.0,31,14652,1024,8192,1024,34,1058,8.265625,8.0,0,0.0,0,,0.0,0.0,,1.0,0.0,0.2419230406250108,0.09198295390625333,1024,915,0.8935546875,,,0,0,,,646,680,5.3125,0.2588166578125026,True
1.0,32,15793,1024,8192,1024,34,1058,8.265625,8.0,0,0.0,0,,0.0,0.0,,1.0,0.0,0.2419230406250108,0.09198295390625333,1024,848,0.828125,,,0,0,,,684,718,5.609375,0.2588166578125026,True
1.0,33,30210,1024,8192,1024,34,1058,8.265625,8.0,0,0.0,0,,0.0,0.0,,1.0,0.0,0.2419230406250108,0.09198295390625333,1024,885,0.8642578125,,,0,0,,,589,623,4.8671875,0.2588166578125026,True
1.0,34,47426,1024,8192,1024,34,1058,8.265625,8.0,0,0.0,0,,0.0,0.0,,1.0,0.0,0.2419230406250108,0.09198295390625333,1024,1015,0.9912109375,,,0,0,,,797,831,6.4921875,0.2588166578125026,True
1.0,35,20875,1024,8192,1024,34,1058,8.265625,8.0,0,0.0,0,,0.0,0.0,,1.0,0.0,0.2419230406250108,0.09198295390625333,1024,1018,0.994140625,,,0,0,,,735,769,6.0078125,0.2588166578125026,True
1.0,36,4161,1024,8192,1024,34,1058,8.265625,8.0,0,0.0,0,,0.0,0.0,,1.0,0.0,0.2419230406250108,0.09198295390625333,1024,1035,1.0107421875,,,0,0,,,808,842,6.578125,0.2588166578125026,True
1.0,37,40340,1024,8192,1024,34,1058,8.265625,8.0,0,0.0,0,,0.0,0.0,,1.0,0.0,0.2419230406250108,0.09198295390625333,1024,977,0.9541015625,,,0,0,,,714,748,5.84375,0.2588166578125026,True
1.0,38,28286,1024,8192,1024,34,1058,8.265625,8.0,0,0.0,0,,0.0,0.0,,1.0,0.0,0.2419230406250108,0.09198295390625333,1024,1035,1.0107421875,,,0,0,,,801,835,6.5234375,0.2588166578125026,True
1.0,39,13256,1024,8192,1024,34,1058,8.265625,8.0,0,0.0,0,,0.0,0.0,,1.0,0.0,0.2419230406250108,0.09198295390625333,1024,1022,0.998046875,,,0,0,,,837,871,6.8046875,0.2588166578125026,True
1.0,40,48934,1024,8192,1024,34,1058,8.265625,8.0,0,0.0,0,,0.0,0.0,,1.0,0.0,0.2419230406250108,0.09198295390625333,1024,1029,1.0048828125,,,0,0,,,800,834,6.515625,0.2588166578125026,True
1.0,41,11935,1024,8192,1024,34,1058,8.265625,8.0,0,0.0,0,,0.0,0.0,,1.0,0.0,0.2419230406250108,0.09198295390625333,1024,923,0.9013671875,,,0,0,,,658,692,5.40625,0.2588166578125026,True
1.0,42,48447,1024,8192,1024,34,1058,8.265625,8.0,0,0.0,0,,0.0,0.0,,1.0,0.0,0.2419230406250108,0.09198295390625333,1024,913,0.8916015625,,,0,0,,,792,826,6.453125,0.2588166578125026,True
1.0,43,15492,1024,8192,1024,34,1058,8.265625,8.0,0,0.0,0,,0.0,0.0,,1.0,0.0,0.2419230406250108,0.09198295390625333,1024,1001,0.9775390625,,,0,0,,,906,940,7.34375,0.2588166578125026,True
1.0,44,32513,1024,8192,1024,34,1058,8.265625,8.0,0,0.0,0,,0.0,0.0,,1.0,0.0,0.2419230406250108,0.09198295390625333,1024,938,0.916015625,,,0,0,,,815,849,6.6328125,0.2588166578125026,True
1.0,45,36099,1024,8192,1024,34,1058,8.265625,8.0,0,0.0,0,,0.0,0.0,,1.0,0.0,0.2419230406250108,0.09198295390625333,1024,1016,0.9921875,,,0,0,,,739,773,6.0390625,0.2588166578125026,True
1.0,46,39260,1024,8192,1024,34,1058,8.265625,8.0,0,0.0,0,,0.0,0.0,,1.0,0.0,0.2419230406250108,0.09198295390625333,1024,759,0.7412109375,,,0,0,,,475,509,3.9765625,0.2588166578125026,True
1.0,47,46517,1024,8192,1024,34,1058,8.265625,8.0,0,0.0,0,,0.0,0.0,,1.0,0.0,0.2419230406250108,0.09198295390625333,1024,979,0.9560546875,,,0,0,,,668,702,5.484375,0.2588166578125026,True
1.0,48,33095,1024,8192,1024,34,1058,8.265625,8.0,0,0.0,0,,0.0,0.0,,1.0,0.0,0.2419230406250108,0.09198295390625333,1024,1008,0.984375,,,0,0,,,822,856,6.6875,0.2588166578125026,True
1.0,49,3,1024,8192,1024,34,1058,8.265625,8.0,0,0.0,0,,0.0,0.0,,1.0,0.0,0.2419230406250108,0.09198295390625333,1024,938,0.916015625,,,0,0,,,772,806,6.296875,0.2588166578125026,True
1.0,50,21683,1024,8192,1024,34,1058,8.265625,8.0,0,0.0,0,,0.0,0.0,,1.0,0.0,0.2419230406250108,0.09198295390625333,1024,1023,0.9990234375,,,0,0,,,741,775,6.0546875,0.2588166578125026,True
1.0,51,13446,1024,8192,1024,34,1058,8.265625,8.0,0,0.0,0,,0.0,0.0,,1.0,0.0,0.2419230406250108,0.09198295390625333,1024,1035,1.0107421875,,,0,0,,,779,813,6.3515625,0.2588166578125026,True
1.0,52,49515,1024,8192,1024,34,1058,8.265625,8.0,0,0.0,0,,0.0,0.0,,1.0,0.0,0.2419230406250108,0.09198295390625333,1024,949,0.9267578125,,,0,0,,,730,764,5.96875,0.2588166578125026,True
1.0,53,27943,1024,8192,1024,34,1058,8.265625,8.0,0,0.0,0,,0.0,0.0,,1.0,0.0,0.2419230406250108,0.09198295390625333,1024,1018,0.994140625,,,0,0,,,800,834,6.515625,0.2588166578125026,True
1.0,54,29059,1024,8192,1024,34,1058,8.265625,8.0,0,0.0,0,,0.0,0.0,,1.0,0.0,0.2419230406250108,0.09198295390625333,1024,1035,1.0107421875,,,0,0,,,877,911,7.1171875,0.2588166578125026,True
1.0,55,32738,1024,8192,1024,34,1058,8.265625,8.0,0,0.0,0,,0.0,0.0,,1.0,0.0,0.2419230406250108,0.09198295390625333,1024,772,0.75390625,,,0,0,,,491,525,4.1015625,0.2588166578125026,True
1.0,56,445,1024,8192,1024,34,1058,8.265625,8.0,0,0.0,0,,0.0,0.0,,1.0,0.0,0.2419230406250108,0.09198295390625333,1024,1035,1.0107421875,,,0,0,,,850,884,6.90625,0.2588166578125026,True
1.0,57,32216,1024,8192,1024,34,1058,8.265625,8.0,0,0.0,0,,0.0,0.0,,1.0,0.0,0.2419230406250108,0.09198295390625333,1024,1008,0.984375,,,0,0,,,781,815,6.3671875,0.2588166578125026,True
1.0,58,18250,1024,8192,1024,34,1058,8.265625,8.0,0,0.0,0,,0.0,0.0,,1.0,0.0,0.2419230406250108,0.09198295390625333,1024,975,0.9521484375,,,0,0,,,833,867,6.7734375,0.2588166578125026,True
1.0,59,1684,1024,8192,1024,34,1058,8.265625,8.0,0,0.0,0,,0.0,0.0,,1.0,0.0,0.2419230406250108,0.09198295390625333,1024,1004,0.98046875,,,0,0,,,720,754,5.890625,0.2588166578125026,True
1.0,60,2899,1024,8192,1024,34,1058,8.265625,8.0,0,0.0,0,,0.0,0.0,,1.0,0.0,0.2419230406250108,0.09198295390625333,1024,958,0.935546875,,,0,0,,,765,799,6.2421875,0.2588166578125026,True
1.0,61,39428,1024,8192,1024,34,1058,8.265625,8.0,0,0.0,0,,0.0,0.0,,1.0,0.0,0.2419230406250108,0.09198295390625333,1024,961,0.9384765625,,,0,0,,,701,735,5.7421875,0.2588166578125026,True
1.0,62,40758,1024,8192,1024,34,1058,8.265625,8.0,0,0.0,0,,0.0,0.0,,1.0,0.0,0.2419230406250108,0.09198295390625333,1024,1015,0.9912109375,,,0,0,,,810,844,6.59375,0.2588166578125026,True
1.0,63,29154,1024,8192,1024,34,1058,8.265625,8.0,0,0.0,0,,0.0,0.0,,1.0,0.0,0.2419230406250108,0.09198295390625333,1024,1035,1.0107421875,,,0,0,,,821,855,6.6796875,0.2588166578125026,True
1.0,64,43958,1024,8192,1024,34,1058,8.265625,8.0,0,0.0,0,,0.0,0.0,,1.0,0.0,0.2419230406250108,0.09198295390625333,1024,905,0.8837890625,,,0,0,,,783,817,6.3828125,0.2588166578125026,True
1.0,65,33814,1024,8192,1024,34,1058,8.265625,8.0,0,0.0,0,,0.0,0.0,,1.0,0.0,0.2419230406250108,0.09198295390625333,1024,1035,1.0107421875,,,0,0,,,856,890,6.953125,0.2588166578125026,True
1.0,66,34153,1024,8192,1024,34,1058,8.265625,8.0,0,0.0,0,,0.0,0.0,,1.0,0.0,0.2419230406250108,0.09198295390625333,1024,1035,1.0107421875,,,0,0,,,754,788,6.15625,0.2588166578125026,True
1.0,67,43609,1024,8192,1024,34,1058,8.265625,8.0,0,0.0,0,,0.0,0.0,,1.0,0.0,0.2419230406250108,0.09198295390625333,1024,1035,1.0107421875,,,0,0,,,745,779,6.0859375,0.2588166578125026,True
1.0,68,10762,1024,8192,1024,34,1058,8.265625,8.0,0,0.0,0,,0.0,0.0,,1.0,0.0,0.2419230406250108,0.09198295390625333,1024,1012,0.98828125,,,0,0,,,744,778,6.078125,0.2588166578125026,True
1.0,69,17898,1024,8192,1024,34,1058,8.265625,8.0,0,0.0,0,,0.0,0.0,,1.0,0.0,0.2419230406250108,0.09198295390625333,1024,889,0.8681640625,,,0,0,,,653,687,5.3671875,0.2588166578125026,True
1.0,70,43653,1024,8192,1024,34,1058,8.265625,8.0,0,0.0,0,,0.0,0.0,,1.0,0.0,0.2419230406250108,0.09198295390625333,1024,983,0.9599609375,,,0,0,,,711,745,5.8203125,0.2588166578125026,True
1.0,71,14233,1024,8192,1024,34,1058,8.265625,8.0,0,0.0,0,,0.0,0.0,,1.0,0.0,0.2419230406250108,0.09198295390625333,1024,1028,1.00390625,,,0,0,,,805,839,6.5546875,0.2588166578125026,True
1.0,72,39520,1024,8192,1024,34,1058,8.265625,8.0,0,0.0,0,,0.0,0.0,,1.0,0.0,0.2419230406250108,0.09198295390625333,1024,1019,0.9951171875,,,0,0,,,764,798,6.234375,0.2588166578125026,True
1.0,73,18138,1024,8192,1024,34,1058,8.265625,8.0,0,0.0,0,,0.0,0.0,,1.0,0.0,0.2419230406250108,0.09198295390625333,1024,995,0.9716796875,,,0,0,,,745,779,6.0859375,0.2588166578125026,True
1.0,74,9212,1024,8192,1024,34,1058,8.265625,8.0,0,0.0,0,,0.0,0.0,,1.0,0.0,0.2419230406250108,0.09198295390625333,1024,968,0.9453125,,,0,0,,,697,731,5.7109375,0.2588166578125026,True
1.0,75,6456,1024,8192,1024,34,1058,8.265625,8.0,0,0.0,0,,0.0,0.0,,1.0,0.0,0.2419230406250108,0.09198295390625333,1024,1035,1.0107421875,,,0,0,,,813,847,6.6171875,0.2588166578125026,True
1.0,76,22948,1024,8192,1024,34,1058,8.265625,8.0,0,0.0,0,,0.0,0.0,,1.0,0.0,0.2419230406250108,0.09198295390625333,1024,1032,1.0078125,,,0,0,,,699,733,5.7265625,0.2588166578125026,True
1.0,77,7591,1024,8192,1024,34,1058,8.265625,8.0,0,0.0,0,,0.0,0.0,,1.0,0.0,0.2419230406250108,0.09198295390625333,1024,990,0.966796875,,,0,0,,,858,892,6.96875,0.2588166578125026,True
1.0,78,29996,1024,8192,1024,34,1058,8.265625,8.0,0,0.0,0,,0.0,0.0,,1.0,0.0,0.2419230406250108,0.09198295390625333,1024,990,0.966796875,,,0,0,,,716,750,5.859375,0.2588166578125026,True
1.0,79,10378,1024,8192,1024,34,1058,8.265625,8.0,0,0.0,0,,0.0,0.0,,1.0,0.0,0.2419230406250108,0.09198295390625333,1024,912,0.890625,,,0,0,,,737,771,6.0234375,0.2588166578125026,True
1.0,80,27337,1024,8192,1024,34,1058,8.265625,8.0,0,0.0,0,,0.0,0.0,,1.0,0.0,0.2419230406250108,0.09198295390625333,1024,924,0.90234375,,,0,0,,,587,621,4.8515625,0.2588166578125026,True
1.0,81,19965,1024,8192,1024,34,1058,8.265625,8.0,0,0.0,0,,0.0,0.0,,1.0,0.0,0.2419230406250108,0.09198295390625333,1024,979,0.9560546875,,,0,0,,,678,712,5.5625,0.2588166578125026,True
1.0,82,24405,1024,8192,1024,34,1058,8.265625,8.0,0,0.0,0,,0.0,0.0,,1.0,0.0,0.2419230406250108,0.09198295390625333,1024,984,0.9609375,,,0,0,,,782,816,6.375,0.2588166578125026,True
1.0,83,45135,1024,8192,1024,34,1058,8.265625,8.0,0,0.0,0,,0.0,0.0,,1.0,0.0,0.2419230406250108,0.09198295390625333,1024,1025,1.0009765625,,,0,0,,,811,845,6.6015625,0.2588166578125026,True
1.0,84,11274,1024,8192,1024,34,1058,8.265625,8.0,0,0.0,0,,0.0,0.0,,1.0,0.0,0.2419230406250108,0.09198295390625333,1024,985,0.9619140625,,,0,0,,,772,806,6.296875,0.2588166578125026,True
1.0,85,1941,1024,8192,1024,34,1058,8.265625,8.0,0,0.0,0,,0.0,0.0,,1.0,0.0,0.2419230406250108,0.09198295390625333,1024,923,0.9013671875,,,0,0,,,767,801,6.2578125,0.2588166578125026,True
1.0,86,48940,1024,8192,1024,34,1058,8.265625,8.0,0,0.0,0,,0.0,0.0,,1.0,0.0,0.2419230406250108,0.09198295390625333,1024,962,0.939453125,,,0,0,,,813,847,6.6171875,0.2588166578125026,True
1.0,87,36794,1024,8192,1024,34,1058,8.265625,8.0,0,0.0,0,,0.0,0.0,,1.0,0.0,0.2419230406250108,0.09198295390625333,1024,1035,1.0107421875,,,0,0,,,791,825,6.4453125,0.2588166578125026,True
1.0,88,21994,1024,8192,1024,34,1058,8.265625,8.0,0,0.0,0,,0.0,0.0,,1.0,0.0,0.23206615803571498,0.0001283419642764524,1024,1032,1.0078125,,,0,0,,,779,813,6.3515625,0.18806983571429164,True
1.0,89,49944,1024,8192,1024,34,1058,8.265625,8.0,0,0.0,0,,0.0,0.0,,1.0,0.0,0.23206615803571498,0.0001283419642764524,1024,1013,0.9892578125,,,0,0,,,725,759,5.9296875,0.18806983571429164,True
1.0,90,43442,1024,8192,1024,34,1058,8.265625,8.0,0,0.0,0,,0.0,0.0,,1.0,0.0,0.23206615803571498,0.0001283419642764524,1024,460,0.44921875,,,0,0,,,364,398,3.109375,0.18806983571429164,True
1.0,91,45096,1024,8192,1024,34,1058,8.265625,8.0,0,0.0,0,,0.0,0.0,,1.0,0.0,0.23206615803571498,0.0001283419642764524,1024,935,0.9130859375,,,0,0,,,650,684,5.34375,0.18806983571429164,True
1.0,92,42430,1024,8192,1024,34,1058,8.265625,8.0,0,0.0,0,,0.0,0.0,,1.0,0.0,0.23206615803571498,0.0001283419642764524,1024,791,0.7724609375,,,0,0,,,576,610,4.765625,0.18806983571429164,True
1.0,93,42255,1024,8192,1024,34,1058,8.265625,8.0,0,0.0,0,,0.0,0.0,,1.0,0.0,0.23206615803571498,0.0001283419642764524,1024,983,0.9599609375,,,0,0,,,693,727,5.6796875,0.18806983571429164,True
1.0,94,5771,1024,8192,1024,34,1058,8.265625,8.0,0,0.0,0,,0.0,0.0,,1.0,0.0,0.23206615803571498,0.0001283419642764524,1024,1014,0.990234375,,,0,0,,,806,840,6.5625,0.18806983571429164,True
1.0,95,8320,1024,8192,1024,34,1058,8.265625,8.0,0,0.0,0,,0.0,0.0,,1.0,0.0,0.23206615803571498,0.0001283419642764524,1024,1017,0.9931640625,,,0,0,,,846,880,6.875,0.18806983571429164,True
1.0,96,48807,1024,8192,1024,34,1058,8.265625,8.0,0,0.0,0,,0.0,0.0,,1.0,0.0,0.23206615803571498,0.0001283419642764524,1024,1015,0.9912109375,,,0,0,,,784,818,6.390625,0.18806983571429164,True
1.0,97,2675,1024,8192,1024,34,1058,8.265625,8.0,0,0.0,0,,0.0,0.0,,1.0,0.0,0.23206615803571498,0.0001283419642764524,1024,839,0.8193359375,,,0,0,,,566,600,4.6875,0.18806983571429164,True
1.0,98,37658,1024,8192,1024,34,1058,8.265625,8.0,0,0.0,0,,0.0,0.0,,1.0,0.0,0.23206615803571498,0.0001283419642764524,1024,1035,1.0107421875,,,0,0,,,735,769,6.0078125,0.18806983571429164,True
1.0,99,45710,1024,8192,1024,34,1058,8.265625,8.0,0,0.0,0,,0.0,0.0,,1.0,0.0,0.23206615803571498,0.0001283419642764524,1024,1029,1.0048828125,,,0,0,,,779,813,6.3515625,0.18806983571429164,True
1.0,100,15813,1024,8192,1024,34,1058,8.265625,8.0,0,0.0,0,,0.0,0.0,,1.0,0.0,0.23206615803571498,0.0001283419642764524,1024,884,0.86328125,,,0,0,,,670,704,5.5,0.18806983571429164,True
1.0,101,7135,1024,8192,1024,34,1058,8.265625,8.0,0,0.0,0,,0.0,0.0,,1.0,0.0,0.23206615803571498,0.0001283419642764524,1024,935,0.9130859375,,,0,0,,,800,834,6.515625,0.18806983571429164,True
1.0,102,31775,1024,8192,1024,34,1058,8.265625,8.0,0,0.0,0,,0.0,0.0,,1.0,0.0,0.23206615803571498,0.0001283419642764524,1024,874,0.853515625,,,0,0,,,759,793,6.1953125,0.18806983571429164,True
1.0,103,31772,1024,8192,1024,34,1058,8.265625,8.0,0,0.0,0,,0.0,0.0,,1.0,0.0,0.23206615803571498,0.0001283419642764524,1024,1011,0.9873046875,,,0,0,,,737,771,6.0234375,0.18806983571429164,True
1.0,104,25160,1024,8192,1024,34,1058,8.265625,8.0,0,0.0,0,,0.0,0.0,,1.0,0.0,0.23206615803571498,0.0001283419642764524,1024,904,0.8828125,,,0,0,,,653,687,5.3671875,0.18806983571429164,True
1.0,105,36108,1024,8192,1024,34,1058,8.265625,8.0,0,0.0,0,,0.0,0.0,,1.0,0.0,0.23206615803571498,0.0001283419642764524,1024,947,0.9248046875,,,0,0,,,656,690,5.390625,0.18806983571429164,True
1.0,106,1260,1024,8192,1024,34,1058,8.265625,8.0,0,0.0,0,,0.0,0.0,,1.0,0.0,0.23206615803571498,0.0001283419642764524,1024,984,0.9609375,,,0,0,,,723,757,5.9140625,0.18806983571429164,True
1.0,107,37885,1024,8192,1024,34,1058,8.265625,8.0,0,0.0,0,,0.0,0.0,,1.0,0.0,0.23206615803571498,0.0001283419642764524,1024,1035,1.0107421875,,,0,0,,,794,828,6.46875,0.18806983571429164,True
1.0,108,41535,1024,8192,1024,34,1058,8.265625,8.0,0,0.0,0,,0.0,0.0,,1.0,0.0,0.23206615803571498,0.0001283419642764524,1024,969,0.9462890625,,,0,0,,,719,753,5.8828125,0.18806983571429164,True
1.0,109,44889,1024,8192,1024,34,1058,8.265625,8.0,0,0.0,0,,0.0,0.0,,1.0,0.0,0.23206615803571498,0.0001283419642764524,1024,984,0.9609375,,,0,0,,,724,758,5.921875,0.18806983571429164,True
1.0,110,28184,1024,8192,1024,34,1058,8.265625,8.0,0,0.0,0,,0.0,0.0,,1.0,0.0,0.23206615803571498,0.0001283419642764524,1024,932,0.91015625,,,0,0,,,762,796,6.21875,0.18806983571429164,True
1.0,111,25319,1024,8192,1024,34,1058,8.265625,8.0,0,0.0,0,,0.0,0.0,,1.0,0.0,0.23206615803571498,0.0001283419642764524,1024,1023,0.9990234375,,,0,0,,,778,812,6.34375,0.18806983571429164,True
1.0,112,11010,1024,8192,1024,34,1058,8.265625,8.0,0,0.0,0,,0.0,0.0,,1.0,0.0,0.23206615803571498,0.0001283419642764524,1024,997,0.9736328125,,,0,0,,,688,722,5.640625,0.18806983571429164,True
1.0,113,33880,1024,8192,1024,34,1058,8.265625,8.0,0,0.0,0,,0.0,0.0,,1.0,0.0,0.23206615803571498,0.0001283419642764524,1024,934,0.912109375,,,0,0,,,757,791,6.1796875,0.18806983571429164,True
1.0,114,19307,1024,8192,1024,34,1058,8.265625,8.0,0,0.0,0,,0.0,0.0,,1.0,0.0,0.23206615803571498,0.0001283419642764524,1024,926,0.904296875,,,0,0,,,640,674,5.265625,0.18806983571429164,True
1.0,115,12236,1024,8192,1024,34,1058,8.265625,8.0,0,0.0,0,,0.0,0.0,,1.0,0.0,0.23206615803571498,0.0001283419642764524,1024,770,0.751953125,,,0,0,,,558,592,4.625,0.18806983571429164,True
1.0,116,13805,1024,8192,1024,34,1058,8.265625,8.0,0,0.0,0,,0.0,0.0,,1.0,0.0,0.23206615803571498,0.0001283419642764524,1024,952,0.9296875,,,0,0,,,684,718,5.609375,0.18806983571429164,True
1.0,117,5814,1024,8192,1024,34,1058,8.265625,8.0,0,0.0,0,,0.0,0.0,,1.0,0.0,0.23206615803571498,0.0001283419642764524,1024,906,0.884765625,,,0,0,,,600,634,4.953125,0.18806983571429164,True
1.0,118,48485,1024,8192,1024,34,1058,8.265625,8.0,0,0.0,0,,0.0,0.0,,1.0,0.0,0.23206615803571498,0.0001283419642764524,1024,1025,1.0009765625,,,0,0,,,774,808,6.3125,0.18806983571429164,True
1.0,119,12248,1024,8192,1024,34,1058,8.265625,8.0,0,0.0,0,,0.0,0.0,,1.0,0.0,0.23206615803571498,0.0001283419642764524,1024,963,0.9404296875,,,0,0,,,671,705,5.5078125,0.18806983571429164,True
1.0,120,458,1024,8192,1024,34,1058,8.265625,8.0,0,0.0,0,,0.0,0.0,,1.0,0.0,0.23206615803571498,0.0001283419642764524,1024,1015,0.9912109375,,,0,0,,,779,813,6.3515625,0.18806983571429164,True
1.0,121,319,1024,8192,1024,34,1058,8.265625,8.0,0,0.0,0,,0.0,0.0,,1.0,0.0,0.23206615803571498,0.0001283419642764524,1024,1023,0.9990234375,,,0,0,,,752,786,6.140625,0.18806983571429164,True
1.0,122,21496,1024,8192,1024,34,1058,8.265625,8.0,0,0.0,0,,0.0,0.0,,1.0,0.0,0.23206615803571498,0.0001283419642764524,1024,1007,0.9833984375,,,0,0,,,747,781,6.1015625,0.18806983571429164,True
1.0,123,20390,1024,8192,1024,34,1058,8.265625,8.0,0,0.0,0,,0.0,0.0,,1.0,0.0,0.23206615803571498,0.0001283419642764524,1024,906,0.884765625,,,0,0,,,693,727,5.6796875,0.18806983571429164,True
1.0,124,33691,1024,8192,1024,34,1058,8.265625,8.0,0,0.0,0,,0.0,0.0,,1.0,0.0,0.23206615803571498,0.0001283419642764524,1024,902,0.880859375,,,0,0,,,678,712,5.5625,0.18806983571429164,True
1.0,125,33872,1024,8192,1024,34,1058,8.265625,8.0,0,0.0,0,,0.0,0.0,,1.0,0.0,0.23206615803571498,0.0001283419642764524,1024,1028,1.00390625,,,0,0,,,881,915,7.1484375,0.18806983571429164,True
1.0,126,46987,1024,8192,1024,34,1058,8.265625,8.0,0,0.0,0,,0.0,0.0,,1.0,0.0,0.23206615803571498,0.0001283419642764524,1024,924,0.90234375,,,0,0,,,615,649,5.0703125,0.18806983571429164,True
1.0,127,26772,1024,8192,1024,34,1058,8.265625,8.0,0,0.0,0,,0.0,0.0,,1.0,0.0,0.23206615803571498,0.0001283419642764524,1024,1021,0.9970703125,,,0,0,,,767,801,6.2578125,0.18806983571429164,True
1.0,128,7057,1024,8192,1024,34,1058,8.265625,8.0,0,0.0,0,,0.0,0.0,,1.0,0.0,0.23206615803571498,0.0001283419642764524,1024,960,0.9375,,,0,0,,,718,752,5.875,0.18806983571429164,True
1.0,129,30014,1024,8192,1024,34,1058,8.265625,8.0,0,0.0,0,,0.0,0.0,,1.0,0.0,0.23206615803571498,0.0001283419642764524,1024,1030,1.005859375,,,0,0,,,713,747,5.8359375,0.18806983571429164,True
1.0,130,48237,1024,8192,1024,34,1058,8.265625,8.0,0,0.0,0,,0.0,0.0,,1.0,0.0,0.23206615803571498,0.0001283419642764524,1024,898,0.876953125,,,0,0,,,712,746,5.828125,0.18806983571429164,True
1.0,131,4823,1024,8192,1024,34,1058,8.265625,8.0,0,0.0,0,,0.0,0.0,,1.0,0.0,0.23206615803571498,0.0001283419642764524,1024,1035,1.0107421875,,,0,0,,,753,787,6.1484375,0.18806983571429164,True
1.0,132,26627,1024,8192,1024,34,1058,8.265625,8.0,0,0.0,0,,0.0,0.0,,1.0,0.0,0.23206615803571498,0.0001283419642764524,1024,1021,0.9970703125,,,0,0,,,802,836,6.53125,0.18806983571429164,True
1.0,133,12293,1024,8192,1024,34,1058,8.265625,8.0,0,0.0,0,,0.0,0.0,,1.0,0.0,0.23206615803571498,0.0001283419642764524,1024,1016,0.9921875,,,0,0,,,870,904,7.0625,0.18806983571429164,True
1.0,134,32803,1024,8192,1024,34,1058,8.265625,8.0,0,0.0,0,,0.0,0.0,,1.0,0.0,0.23206615803571498,0.0001283419642764524,1024,878,0.857421875,,,0,0,,,664,698,5.453125,0.18806983571429164,True
1.0,135,41882,1024,8192,1024,34,1058,8.265625,8.0,0,0.0,0,,0.0,0.0,,1.0,0.0,0.23206615803571498,0.0001283419642764524,1024,1006,0.982421875,,,0,0,,,643,677,5.2890625,0.18806983571429164,True
1.0,136,10235,1024,8192,1024,34,1058,8.265625,8.0,0,0.0,0,,0.0,0.0,,1.0,0.0,0.23206615803571498,0.0001283419642764524,1024,935,0.9130859375,,,0,0,,,741,775,6.0546875,0.18806983571429164,True
1.0,137,30033,1024,8192,1024,34,1058,8.265625,8.0,0,0.0,0,,0.0,0.0,,1.0,0.0,0.23206615803571498,0.0001283419642764524,1024,1035,1.0107421875,,,0,0,,,822,856,6.6875,0.18806983571429164,True
1.0,138,20042,1024,8192,1024,34,1058,8.265625,8.0,0,0.0,0,,0.0,0.0,,1.0,0.0,0.23206615803571498,0.0001283419642764524,1024,1035,1.0107421875,,,0,0,,,803,837,6.5390625,0.18806983571429164,True
1.0,139,29399,1024,8192,1024,34,1058,8.265625,8.0,0,0.0,0,,0.0,0.0,,1.0,0.0,0.23206615803571498,0.0001283419642764524,1024,1035,1.0107421875,,,0,0,,,739,773,6.0390625,0.18806983571429164,True
1.0,140,6463,1024,8192,1024,34,1058,8.265625,8.0,0,0.0,0,,0.0,0.0,,1.0,0.0,0.23206615803571498,0.0001283419642764524,1024,985,0.9619140625,,,0,0,,,880,914,7.140625,0.18806983571429164,True
1.0,141,25920,1024,8192,1024,34,1058,8.265625,8.0,0,0.0,0,,0.0,0.0,,1.0,0.0,0.23206615803571498,0.0001283419642764524,1024,850,0.830078125,,,0,0,,,590,624,4.875,0.18806983571429164,True
1.0,142,10327,1024,8192,1024,34,1058,8.265625,8.0,0,0.0,0,,0.0,0.0,,1.0,0.0,0.23206615803571498,0.0001283419642764524,1024,1031,1.0068359375,,,0,0,,,929,963,7.5234375,0.18806983571429164,True
1.0,143,3805,1024,8192,1024,34,1058,8.265625,8.0,0,0.0,0,,0.0,0.0,,1.0,0.0,0.23206615803571498,0.0001283419642764524,1024,971,0.9482421875,,,0,0,,,749,783,6.1171875,0.18806983571429164,True
1.0,144,37879,1024,8192,1024,34,1058,8.265625,8.0,0,0.0,0,,0.0,0.0,,1.0,0.0,0.23206615803571498,0.0001283419642764524,1024,796,0.77734375,,,0,0,,,444,478,3.734375,0.18806983571429164,True
1.0,145,22721,1024,8192,1024,34,1058,8.265625,8.0,0,0.0,0,,0.0,0.0,,1.0,0.0,0.23206615803571498,0.0001283419642764524,1024,953,0.9306640625,,,0,0,,,678,712,5.5625,0.18806983571429164,True
1.0,146,43932,1024,8192,1024,34,1058,8.265625,8.0,0,0.0,0,,0.0,0.0,,1.0,0.0,0.23206615803571498,0.0001283419642764524,1024,1035,1.0107421875,,,0,0,,,777,811,6.3359375,0.18806983571429164,True
1.0,147,47270,1024,8192,1024,34,1058,8.265625,8.0,0,0.0,0,,0.0,0.0,,1.0,0.0,0.23206615803571498,0.0001283419642764524,1024,1008,0.984375,,,0,0,,,812,846,6.609375,0.18806983571429164,True
1.0,148,11091,1024,8192,1024,34,1058,8.265625,8.0,0,0.0,0,,0.0,0.0,,1.0,0.0,0.23206615803571498,0.0001283419642764524,1024,969,0.9462890625,,,0,0,,,654,688,5.375,0.18806983571429164,True
1.0,149,9736,1024,8192,1024,34,1058,8.265625,8.0,0,0.0,0,,0.0,0.0,,1.0,0.0,0.23206615803571498,0.0001283419642764524,1024,938,0.916015625,,,0,0,,,770,804,6.28125,0.18806983571429164,True
1.0,150,23206,1024,8192,1024,34,1058,8.265625,8.0,0,0.0,0,,0.0,0.0,,1.0,0.0,0.23206615803571498,0.0001283419642764524,1024,982,0.958984375,,,0,0,,,681,715,5.5859375,0.18806983571429164,True
1.0,151,25039,1024,8192,1024,34,1058,8.265625,8.0,0,0.0,0,,0.0,0.0,,1.0,0.0,0.23206615803571498,0.0001283419642764524,1024,1027,1.0029296875,,,0,0,,,887,921,7.1953125,0.18806983571429164,True
1.0,152,21014,1024,8192,1024,34,1058,8.265625,8.0,0,0.0,0,,0.0,0.0,,1.0,0.0,0.23206615803571498,0.0001283419642764524,1024,865,0.8447265625,,,0,0,,,646,680,5.3125,0.18806983571429164,True
1.0,153,32412,1024,8192,1024,34,1058,8.265625,8.0,0,0.0,0,,0.0,0.0,,1.0,0.0,0.23206615803571498,0.0001283419642764524,1024,957,0.9345703125,,,0,0,,,835,869,6.7890625,0.18806983571429164,True
1.0,154,34022,1024,8192,1024,34,1058,8.265625,8.0,0,0.0,0,,0.0,0.0,,1.0,0.0,0.23206615803571498,0.0001283419642764524,1024,813,0.7939453125,,,0,0,,,555,589,4.6015625,0.18806983571429164,True
1.0,155,21369,1024,8192,1024,34,1058,8.265625,8.0,0,0.0,0,,0.0,0.0,,1.0,0.0,0.23206615803571498,0.0001283419642764524,1024,871,0.8505859375,,,0,0,,,632,666,5.203125,0.18806983571429164,True
1.0,156,41654,1024,8192,1024,34,1058,8.265625,8.0,0,0.0,0,,0.0,0.0,,1.0,0.0,0.23206615803571498,0.0001283419642764524,1024,1023,0.9990234375,,,0,0,,,799,833,6.5078125,0.18806983571429164,True
1.0,157,11953,1024,8192,1024,34,1058,8.265625,8.0,0,0.0,0,,0.0,0.0,,1.0,0.0,0.23206615803571498,0.0001283419642764524,1024,1021,0.9970703125,,,0,0,,,778,812,6.34375,0.18806983571429164,True
1.0,158,13700,1024,8192,1024,34,1058,8.265625,8.0,0,0.0,0,,0.0,0.0,,1.0,0.0,0.23206615803571498,0.0001283419642764524,1024,988,0.96484375,,,0,0,,,726,760,5.9375,0.18806983571429164,True
1.0,159,38205,1024,8192,1024,34,1058,8.265625,8.0,0,0.0,0,,0.0,0.0,,1.0,0.0,0.23206615803571498,0.0001283419642764524,1024,920,0.8984375,,,0,0,,,652,686,5.359375,0.18806983571429164,True
1.0,160,40129,1024,8192,1024,34,1058,8.265625,8.0,0,0.0,0,,0.0,0.0,,1.0,0.0,0.23206615803571498,0.0001283419642764524,1024,800,0.78125,,,0,0,,,636,670,5.234375,0.18806983571429164,True
1.0,161,17080,1024,8192,1024,34,1058,8.265625,8.0,0,0.0,0,,0.0,0.0,,1.0,0.0,0.23206615803571498,0.0001283419642764524,1024,919,0.8974609375,,,0,0,,,638,672,5.25,0.18806983571429164,True
1.0,162,1505,1024,8192,1024,34,1058,8.265625,8.0,0,0.0,0,,0.0,0.0,,1.0,0.0,0.23206615803571498,0.0001283419642764524,1024,1035,1.0107421875,,,0,0,,,811,845,6.6015625,0.18806983571429164,True
1.0,163,36391,1024,8192,1024,34,1058,8.265625,8.0,0,0.0,0,,0.0,0.0,,1.0,0.0,0.23206615803571498,0.0001283419642764524,1024,1035,1.0107421875,,,0,0,,,796,830,6.484375,0.18806983571429164,True
1.0,164,24660,1024,8192,1024,34,1058,8.265625,8.0,0,0.0,0,,0.0,0.0,,1.0,0.0,0.23206615803571498,0.0001283419642764524,1024,1027,1.0029296875,,,0,0,,,782,816,6.375,0.18806983571429164,True
1.0,165,24061,1024,8192,1024,34,1058,8.265625,8.0,0,0.0,0,,0.0,0.0,,1.0,0.0,0.23206615803571498,0.0001283419642764524,1024,880,0.859375,,,0,0,,,629,663,5.1796875,0.18806983571429164,True
1.0,166,10964,1024,8192,1024,34,1058,8.265625,8.0,0,0.0,0,,0.0,0.0,,1.0,0.0,0.23206615803571498,0.0001283419642764524,1024,1004,0.98046875,,,0,0,,,619,653,5.1015625,0.18806983571429164,True
1.0,167,20807,1024,8192,1024,34,1058,8.265625,8.0,0,0.0,0,,0.0,0.0,,1.0,0.0,0.23206615803571498,0.0001283419642764524,1024,1035,1.0107421875,,,0,0,,,828,862,6.734375,0.18806983571429164,True
1.0,168,33388,1024,8192,1024,34,1058,8.265625,8.0,0,0.0,0,,0.0,0.0,,1.0,0.0,0.23206615803571498,0.0001283419642764524,1024,1035,1.0107421875,,,0,0,,,888,922,7.203125,0.18806983571429164,True
1.0,169,34571,1024,8192,1024,34,1058,8.265625,8.0,0,0.0,0,,0.0,0.0,,1.0,0.0,0.23206615803571498,0.0001283419642764524,1024,983,0.9599609375,,,0,0,,,765,799,6.2421875,0.18806983571429164,True
1.0,170,21194,1024,8192,1024,34,1058,8.265625,8.0,0,0.0,0,,0.0,0.0,,1.0,0.0,0.23206615803571498,0.0001283419642764524,1024,996,0.97265625,,,0,0,,,801,835,6.5234375,0.18806983571429164,True
1.0,171,32696,1024,8192,1024,34,1058,8.265625,8.0,0,0.0,0,,0.0,0.0,,1.0,0.0,0.23206615803571498,0.0001283419642764524,1024,1017,0.9931640625,,,0,0,,,753,787,6.1484375,0.18806983571429164,True
1.0,172,46005,1024,8192,1024,34,1058,8.265625,8.0,0,0.0,0,,0.0,0.0,,1.0,0.0,0.23206615803571498,0.0001283419642764524,1024,667,0.6513671875,,,0,0,,,488,522,4.078125,0.18806983571429164,True
1.0,173,19269,1024,8192,1024,34,1058,8.265625,8.0,0,0.0,0,,0.0,0.0,,1.0,0.0,0.23206615803571498,0.0001283419642764524,1024,754,0.736328125,,,0,0,,,509,543,4.2421875,0.18806983571429164,True
1.0,174,5503,1024,8192,1024,34,1058,8.265625,8.0,0,0.0,0,,0.0,0.0,,1.0,0.0,0.23206615803571498,0.0001283419642764524,1024,1035,1.0107421875,,,0,0,,,878,912,7.125,0.18806983571429164,True
1.0,175,32979,1024,8192,1024,34,1058,8.265625,8.0,0,0.0,0,,0.0,0.0,,1.0,0.0,0.23206615803571498,0.0001283419642764524,1024,1012,0.98828125,,,0,0,,,703,737,5.7578125,0.18806983571429164,True
1.0,176,32764,1024,8192,1024,34,1058,8.265625,8.0,0,0.0,0,,0.0,0.0,,1.0,0.0,0.23206615803571498,0.0001283419642764524,1024,1022,0.998046875,,,0,0,,,816,850,6.640625,0.18806983571429164,True
1.0,177,36396,1024,8192,1024,34,1058,8.265625,8.0,0,0.0,0,,0.0,0.0,,1.0,0.0,0.23206615803571498,0.0001283419642764524,1024,947,0.9248046875,,,0,0,,,679,713,5.5703125,0.18806983571429164,True
1.0,178,16139,1024,8192,1024,34,1058,8.265625,8.0,0,0.0,0,,0.0,0.0,,1.0,0.0,0.23206615803571498,0.0001283419642764524,1024,548,0.53515625,,,0,0,,,425,459,3.5859375,0.18806983571429164,True
1.0,179,32110,1024,8192,1024,34,1058,8.265625,8.0,0,0.0,0,,0.0,0.0,,1.0,0.0,0.23206615803571498,0.0001283419642764524,1024,889,0.8681640625,,,0,0,,,707,741,5.7890625,0.18806983571429164,True
1.0,180,37930,1024,8192,1024,34,1058,8.265625,8.0,0,0.0,0,,0.0,0.0,,1.0,0.0,0.23206615803571498,0.0001283419642764524,1024,978,0.955078125,,,0,0,,,756,790,6.171875,0.18806983571429164,True
1.0,181,5624,1024,8192,1024,34,1058,8.265625,8.0,0,0.0,0,,0.0,0.0,,1.0,0.0,0.23206615803571498,0.0001283419642764524,1024,919,0.8974609375,,,0,0,,,783,817,6.3828125,0.18806983571429164,True
1.0,182,37946,1024,8192,1024,34,1058,8.265625,8.0,0,0.0,0,,0.0,0.0,,1.0,0.0,0.23206615803571498,0.0001283419642764524,1024,1007,0.9833984375,,,0,0,,,700,734,5.734375,0.18806983571429164,True
1.0,183,6616,1024,8192,1024,34,1058,8.265625,8.0,0,0.0,0,,0.0,0.0,,1.0,0.0,0.23206615803571498,0.0001283419642764524,1024,1035,1.0107421875,,,0,0,,,853,887,6.9296875,0.18806983571429164,True
1.0,184,11706,1024,8192,1024,34,1058,8.265625,8.0,0,0.0,0,,0.0,0.0,,1.0,0.0,0.23206615803571498,0.0001283419642764524,1024,1009,0.9853515625,,,0,0,,,769,803,6.2734375,0.18806983571429164,True
1.0,185,10558,1024,8192,1024,34,1058,8.265625,8.0,0,0.0,0,,0.0,0.0,,1.0,0.0,0.23206615803571498,0.0001283419642764524,1024,957,0.9345703125,,,0,0,,,721,755,5.8984375,0.18806983571429164,True
1.0,186,18351,1024,8192,1024,34,1058,8.265625,8.0,0,0.0,0,,0.0,0.0,,1.0,0.0,0.23206615803571498,0.0001283419642764524,1024,861,0.8408203125,,,0,0,,,671,705,5.5078125,0.18806983571429164,True
1.0,187,15023,1024,8192,1024,34,1058,8.265625,8.0,0,0.0,0,,0.0,0.0,,1.0,0.0,0.23206615803571498,0.0001283419642764524,1024,901,0.8798828125,,,0,0,,,714,748,5.84375,0.18806983571429164,True
1.0,188,9490,1024,8192,1024,34,1058,8.265625,8.0,0,0.0,0,,0.0,0.0,,1.0,0.0,0.23206615803571498,0.0001283419642764524,1024,1028,1.00390625,,,0,0,,,657,691,5.3984375,0.18806983571429164,True
1.0,189,6355,1024,8192,1024,34,1058,8.265625,8.0,0,0.0,0,,0.0,0.0,,1.0,0.0,0.23206615803571498,0.0001283419642764524,1024,922,0.900390625,,,0,0,,,698,732,5.71875,0.18806983571429164,True
1.0,190,8857,1024,8192,1024,34,1058,8.265625,8.0,0,0.0,0,,0.0,0.0,,1.0,0.0,0.23206615803571498,0.0001283419642764524,1024,604,0.58984375,,,0,0,,,451,485,3.7890625,0.18806983571429164,True
1.0,191,31811,1024,8192,1024,34,1058,8.265625,8.0,0,0.0,0,,0.0,0.0,,1.0,0.0,0.23206615803571498,0.0001283419642764524,1024,1013,0.9892578125,,,0,0,,,686,720,5.625,0.18806983571429164,True
1.0,192,10400,1024,8192,1024,34,1058,8.265625,8.0,0,0.0,0,,0.0,0.0,,1.0,0.0,0.23206615803571498,0.0001283419642764524,1024,929,0.9072265625,,,0,0,,,808,842,6.578125,0.18806983571429164,True
1.0,193,275,1024,8192,1024,34,1058,8.265625,8.0,0,0.0,0,,0.0,0.0,,1.0,0.0,0.23206615803571498,0.0001283419642764524,1024,1023,0.9990234375,,,0,0,,,729,763,5.9609375,0.18806983571429164,True
1.0,194,26152,1024,8192,1024,34,1058,8.265625,8.0,0,0.0,0,,0.0,0.0,,1.0,0.0,0.23206615803571498,0.0001283419642764524,1024,1019,0.9951171875,,,0,0,,,777,811,6.3359375,0.18806983571429164,True
1.0,195,13037,1024,8192,1024,34,1058,8.265625,8.0,0,0.0,0,,0.0,0.0,,1.0,0.0,0.23206615803571498,0.0001283419642764524,1024,854,0.833984375,,,0,0,,,612,646,5.046875,0.18806983571429164,True
1.0,196,41203,1024,8192,1024,34,1058,8.265625,8.0,0,0.0,0,,0.0,0.0,,1.0,0.0,0.23206615803571498,0.0001283419642764524,1024,988,0.96484375,,,0,0,,,830,864,6.75,0.18806983571429164,True
1.0,197,43709,1024,8192,1024,34,1058,8.265625,8.0,0,0.0,0,,0.0,0.0,,1.0,0.0,0.23206615803571498,0.0001283419642764524,1024,908,0.88671875,,,0,0,,,588,622,4.859375,0.18806983571429164,True
1.0,198,43572,1024,8192,1024,34,1058,8.265625,8.0,0,0.0,0,,0.0,0.0,,1.0,0.0,0.23206615803571498,0.0001283419642764524,1024,1003,0.9794921875,,,0,0,,,727,761,5.9453125,0.18806983571429164,True
1.0,199,23390,1024,8192,1024,34,1058,8.265625,8.0,0,0.0,0,,0.0,0.0,,1.0,0.0,0.23206615803571498,0.0001283419642764524,1024,956,0.93359375,,,0,0,,,768,802,6.265625,0.18806983571429164,True
