threshold,image_index,dataset_index,original_bytes,payload_bits,payload_bytes,header_bytes,file_bytes,file_bpp,payload_bpp,predicted_bits,omitted_fraction,incorrect_omitted_predictions,omitted_error_rate,mse,mae,psnr_db,ssim,bit_error_rate,encode_seconds,decode_seconds,raw_payload_bytes,zlib_payload_bytes,payload_zlib_to_raw_ratio,first_incorrect_omission,mean_gap_between_errors,max_error_run,error_runs,mse_before_first_error_pixel,mse_after_first_error_pixel,range_payload_bytes,range_file_bytes,range_file_bpp,range_decode_seconds,encoder_decoder_equal
0.5,0,712,1024,0,0,34,34,0.265625,0.0,8192,1.0,3902,0.476318359375,3745.400390625,46.93359375,12.395821094214082,0.16454026250162462,0.476318359375,0.170077353906251,0.16009656015626206,0,8,,5,2.098179953857985,12,1849,,3745.400390625,4,38,0.296875,0.16235299296874928,True
0.5,1,24774,1024,0,0,34,34,0.265625,0.0,8192,1.0,4344,0.5302734375,6115.9267578125,66.8974609375,10.266180850544327,0.06892661321973552,0.5302734375,0.170077353906251,0.16009656015626206,0,8,,0,1.8857932304858394,14,2031,,6115.9267578125,4,38,0.296875,0.16235299296874928,True
0.5,2,45142,1024,0,0,34,34,0.265625,0.0,8192,1.0,4591,0.5604248046875,7440.1123046875,79.4443359375,9.415008698196166,0.0659267748964234,0.5604248046875,0.170077353906251,0.16009656015626206,0,8,,0,1.7836601307189544,16,1856,,7440.1123046875,4,38,0.296875,0.16235299296874928,True
0.5,3,27119,1024,0,0,34,34,0.265625,0.0,8192,1.0,3388,0.41357421875,8759.5419921875,86.6669921875,8.70598961944776,0.06795911574989598,0.41357421875,0.170077353906251,0.16009656015626206,0,8,,1,2.41806908768822,9,1760,,8759.5419921875,4,38,0.296875,0.16235299296874928,True
0.5,4,21139,1024,0,0,34,34,0.265625,0.0,8192,1.0,4349,0.5308837890625,6608.951171875,72.28125,9.92947817631704,0.1521484419607184,0.5308837890625,0.170077353906251,0.16009656015626206,0,8,,0,1.8836246550137994,18,2063,,6608.951171875,4,38,0.296875,0.16235299296874928,True
0.5,5,19129,1024,0,0,34,34,0.265625,0.0,8192,1.0,4248,0.5185546875,5045.8056640625,62.2470703125,11.101498409349787,0.0716676541137308,0.5185546875,0.170077353906251,0.16009656015626206,0,8,,6,1.927007299270073,16,1988,,5045.8056640625,4,38,0.296875,0.16235299296874928,True
0.5,6,6433,1024,0,0,34,34,0.265625,0.0,8192,1.0,4706,0.574462890625,5143.9736328125,67.5673828125,11.017816270702095,0.1512132280109368,0.574462890625,0.170077353906251,0.16009656015626206,0,8,,0,1.7409139213602551,16,1873,,5143.9736328125,4,38,0.296875,0.16235299296874928,True
0.5,7,38854,1024,0,0,34,34,0.265625,0.0,8192,1.0,3893,0.4752197265625,5856.6123046875,61.5107421875,10.454338852619674,0.06720120102478883,0.4752197265625,0.170077353906251,0.16009656015626206,0,8,,2,2.103288797533402,16,1893,,5856.6123046875,4,38,0.296875,0.16235299296874928,True
0.5,8,22489,1024,0,0,34,34,0.265625,0.0,8192,1.0,4414,0.538818359375,5375.3955078125,64.1962890625,10.826699368307269,0.12529149741273737,0.538818359375,0.170077353906251,0.16009656015626206,0,8,,0,1.8561069567187853,21,1925,,5375.3955078125,4,38,0.296875,0.16235299296874928,True
0.5,9,31104,1024,0,0,34,34,0.265625,0.0,8192,1.0,4100,0.50048828125,5478.4921875,61.955078125,10.744193141998426,0.09276571082268256,0.50048828125,0.170077353906251,0.16009656015626206,0,8,,1,1.9980483044645034,13,2025,,5478.4921875,4,38,0.296875,0.16235299296874928,True
0.5,10,21349,1024,0,0,34,34,0.265625,0.0,8192,1.0,4869,0.5943603515625,3198.2060546875,50.3740234375,13.081739197407149,0.11383317363196761,0.5943603515625,0.170077353906251,0.16009656015626206,0,8,,0,1.6817995069843878,15,1734,,3198.2060546875,4,38,0.296875,0.16235299296874928,True
0.5,11,29116,1024,0,0,34,34,0.265625,0.0,8192,1.0,4105,0.5010986328125,3578.2900390625,51.8134765625,12.594048213779509,0.10745467556068891,0.5010986328125,0.170077353906251,0.16009656015626206,0,8,,1,1.9953703703703705,14,1930,,3578.2900390625,4,38,0.296875,0.16235299296874928,True
0.5,12,10772,1024,0,0,34,34,0.265625,0.0,8192,1.0,4008,0.4892578125,6998.427734375,70.052734375,9.680798784223821,0.025943606596119752,0.4892578125,0.170077353906251,0.16009656015626206,0,8,,3,2.0434240079860246,13,2107,,6998.427734375,4,38,0.296875,0.16235299296874928,True
0.5,13,18332,1024,0,0,34,34,0.265625,0.0,8192,1.0,4232,0.5166015625,3555.9287109375,50.9072265625,12.621273151942585,0.0773195366811737,0.5166015625,0.170077353906251,0.16009656015626206,0,8,,2,1.9352398960056725,18,1995,,3555.9287109375,4,38,0.296875,0.16235299296874928,True
0.5,14,1003,1024,0,0,34,34,0.265625,0.0,8192,1.0,4142,0.505615234375,3285.1640625,46.123046875,12.965232975781246,0.07319772532159753,0.505615234375,0.170077353906251,0.16009656015626206,0,8,,1,1.9777831441680753,11,1836,,3285.1640625,4,38,0.296875,0.16235299296874928,True
0.5,15,22156,1024,0,0,34,34,0.265625,0.0,8192,1.0,4511,0.5506591796875,6874.3017578125,73.1025390625,9.75851768638941,0.0485757883634319,0.5506591796875,0.170077353906251,0.16009656015626206,0,8,,3,1.8152993348115298,23,2005,,6874.3017578125,4,38,0.296875,0.16235299296874928,True
0.5,16,26453,1024,0,0,34,34,0.265625,0.0,8192,1.0,4165,0.5084228515625,14617.2626953125,114.9052734375,6.482143088769999,0.06206360268652016,0.5084228515625,0.170077353906251,0.16009656015626206,0,8,,0,1.9670989433237271,15,2148,,14617.2626953125,4,38,0.296875,0.16235299296874928,True
0.5,17,17039,1024,0,0,34,34,0.265625,0.0,8192,1.0,3618,0.441650390625,1489.0009765625,33.0244140625,16.40185378283252,0.29116588736682275,0.441650390625,0.170077353906251,0.16009656015626206,0,8,,4,2.263478020458944,7,2251,,1489.0009765625,4,38,0.296875,0.16235299296874928,True
0.5,18,7166,1024,0,0,34,34,0.265625,0.0,8192,1.0,4206,0.513427734375,5030.8525390625,59.0615234375,11.114387731009007,0.12560862248612198,0.513427734375,0.170077353906251,0.16009656015626206,0,8,,1,1.947205707491082,23,1776,,5030.8525390625,4,38,0.296875,0.16235299296874928,True
0.5,19,48310,1024,0,0,34,34,0.265625,0.0,8192,1.0,4026,0.491455078125,3793.5302734375,52.2900390625,12.340368066620002,0.08870696598643203,0.491455078125,0.170077353906251,0.16009656015626206,0,8,,1,2.034782608695652,16,2110,,3793.5302734375,4,38,0.296875,0.16235299296874928,True
0.5,20,12187,1024,0,0,34,34,0.265625,0.0,8192,1.0,3819,0.4661865234375,1745.984375,36.109375,15.710400080285103,0.223380648398886,0.4661865234375,0.170077353906251,0.16009656015626206,0,8,,2,2.144054478784704,14,1775,,1745.984375,4,38,0.296875,0.16235299296874928,True
0.5,21,20284,1024,0,0,34,34,0.265625,0.0,8192,1.0,2848,0.34765625,891.46484375,15.740234375,18.62976140071553,0.2713471269159367,0.34765625,0.170077353906251,0.16009656015626206,0,8,,2,2.8760098349139445,14,1481,,891.46484375,4,38,0.296875,0.16235299296874928,True
0.5,22,1052,1024,0,0,34,34,0.265625,0.0,8192,1.0,4408,0.5380859375,7899.1923828125,78.7080078125,9.154976697822171,0.04936697342518862,0.5380859375,0.170077353906251,0.16009656015626206,0,8,,0,1.8586339913773542,11,1994,,7899.1923828125,4,38,0.296875,0.16235299296874928,True
0.5,23,13752,1024,0,0,34,34,0.265625,0.0,8192,1.0,3670,0.447998046875,470.9716796875,13.7294921875,21.400855678053144,0.4230133979823864,0.447998046875,0.170077353906251,0.16009656015626206,0,8,,2,2.231943308803489,10,1801,,470.9716796875,4,38,0.296875,0.16235299296874928,True
0.5,24,37139,1024,0,0,34,34,0.265625,0.0,8192,1.0,4112,0.501953125,6408.6591796875,70.0341796875,10.06313184980023,0.05868908940919312,0.501953125,0.170077353906251,0.16009656015626206,0,8,,1,1.9922160058379956,13,2112,,6408.6591796875,4,38,0.296875,0.16235299296874928,True
0.5,25,29727,1024,0,0,34,34,0.265625,0.0,8192,1.0,4080,0.498046875,5519.3525390625,61.7138671875,10.711922261105446,0.08070291927085221,0.498046875,0.170077353906251,0.16009656015626206,0,8,,0,2.007109585682765,17,2001,,5519.3525390625,4,38,0.296875,0.16235299296874928,True
0.5,26,41854,1024,0,0,34,34,0.265625,0.0,8192,1.0,4925,0.6011962890625,4655.724609375,64.494140625,11.450930774060573,0.23467049852221986,0.6011962890625,0.170077353906251,0.16009656015626206,0,8,,0,1.663484971567831,20,1845,,4655.724609375,4,38,0.296875,0.16235299296874928,True
0.5,27,40333,1024,0,0,34,34,0.265625,0.0,8192,1.0,3570,0.435791015625,2860.814453125,38.73828125,13.565906696467394,0.06816983219988264,0.435791015625,0.170077353906251,0.16009656015626206,0,8,,0,2.2950406276267863,13,1958,,2860.814453125,4,38,0.296875,0.16235299296874928,True
0.5,28,33248,1024,0,0,34,34,0.265625,0.0,8192,1.0,3532,0.43115234375,3695.724609375,50.1484375,12.453807590029513,0.1825438127469153,0.43115234375,0.170077353906251,0.16009656015626206,0,8,,1,2.3194562446898894,14,1994,,3695.724609375,4,38,0.296875,0.16235299296874928,True
0.5,29,9680,1024,0,0,34,34,0.265625,0.0,8192,1.0,3898,0.475830078125,10208.0322265625,87.6748046875,8.04138328429286,0.03194535285542785,0.475830078125,0.170077353906251,0.16009656015626206,0,8,,0,2.1016166281755195,11,2132,,10208.0322265625,4,38,0.296875,0.16235299296874928,True
0.5,30,16805,1024,0,0,34,34,0.265625,0.0,8192,1.0,3533,0.4312744140625,1753.939453125,32.380859375,15.690657636437981,0.1426544927392037,0.4312744140625,0.170077353906251,0.16009656015626206,0,8,,2,2.3185164212910534,14,2007,,1753.939453125,4,38,0.296875,0.16235299296874928,True
0.5,31,14652,1024,0,0,34,34,0.265625,0.0,8192,1.0,4594,0.560791015625,3085.26171875,50.892578125,13.237883502983722,0.2399770232964648,0.560791015625,0.170077353906251,0.16009656015626206,0,8,,0,1.7827128238623993,22,1729,,3085.26171875,4,38,0.296875,0.16235299296874928,True
0.5,32,15793,1024,0,0,34,34,0.265625,0.0,8192,1.0,3668,0.44775390625,14062.203125,110.662109375,6.6502699394831435,0.13640039367171491,0.44775390625,0.170077353906251,0.16009656015626206,0,8,,0,2.233706026724843,9,1904,,14062.203125,4,38,0.296875,0.16235299296874928,True
0.5,33,30210,1024,0,0,34,34,0.265625,0.0,8192,1.0,4179,0.5101318359375,5384.6318359375,62.9736328125,10.819243462862403,0.28856926172668707,0.5101318359375,0.170077353906251,0.16009656015626206,0,8,,1,1.9597893729056965,10,2033,,5384.6318359375,4,38,0.296875,0.16235299296874928,True
0.5,34,47426,1024,0,0,34,34,0.265625,0.0,8192,1.0,4358,0.531982421875,11404.705078125,98.4765625,7.559963018206951,0.04561368509212778,0.531982421875,0.170077353906251,0.16009656015626206,0,8,,3,1.878127151709892,13,2168,,11404.705078125,4,38,0.296875,0.16235299296874928,True
0.5,35,20875,1024,0,0,34,34,0.265625,0.0,8192,1.0,4410,0.538330078125,7587.0283203125,79.3095703125,9.330086556976761,0.07451546157574802,0.538330078125,0.170077353906251,0.16009656015626206,0,8,,0,1.8577908822862328,21,2030,,7587.0283203125,4,38,0.296875,0.16235299296874928,True
0.5,36,4161,1024,0,0,34,34,0.265625,0.0,8192,1.0,3883,0.4739990234375,6993.189453125,65.951171875,9.684050669573937,0.10169512982055819,0.4739990234375,0.170077353906251,0.16009656015626206,0,8,,0,2.1099948480164863,13,1976,,6993.189453125,4,38,0.296875,0.16235299296874928,True
0.5,37,40340,1024,0,0,34,34,0.265625,0.0,8192,1.0,4445,0.5426025390625,3012.6416015625,45.5693359375,13.341328918967863,0.15752826046444332,0.5426025390625,0.170077353906251,0.16009656015626206,0,8,,3,1.8424842484248425,26,1890,,3012.6416015625,4,38,0.296875,0.16235299296874928,True
0.5,38,28286,1024,0,0,34,34,0.265625,0.0,8192,1.0,4247,0.5184326171875,7396.53125,76.171875,9.440522644032587,0.13201695660030072,0.5184326171875,0.170077353906251,0.16009656015626206,0,8,,0,1.9291097503532737,15,2142,,7396.53125,4,38,0.296875,0.16235299296874928,True
0.5,39,13256,1024,0,0,34,34,0.265625,0.0,8192,1.0,3972,0.48486328125,2579.392578125,37.935546875,14.015629149927522,0.10151004465742025,0.48486328125,0.170077353906251,0.16009656015626206,0,8,,6,2.0611936539914377,14,1912,,2579.392578125,4,38,0.296875,0.16235299296874928,True
0.5,40,48934,1024,0,0,34,34,0.265625,0.0,8192,1.0,4079,0.4979248046875,9800.521484375,88.865234375,8.218311758120555,0.02706325040653085,0.4979248046875,0.170077353906251,0.16009656015626206,0,8,,0,2.008582638548308,15,2080,,9800.521484375,4,38,0.296875,0.16235299296874928,True
0.5,41,11935,1024,0,0,34,34,0.265625,0.0,8192,1.0,3630,0.443115234375,1893.5693359375,34.1923828125,15.357991487631937,0.10999788825508955,0.443115234375,0.170077353906251,0.16009656015626206,0,8,,0,2.256544502617801,11,1921,,1893.5693359375,4,38,0.296875,0.16235299296874928,True
0.5,42,48447,1024,0,0,34,34,0.265625,0.0,8192,1.0,4603,0.5618896484375,1966.8232421875,40.6748046875,15.193150291091836,0.15174282731755132,0.5618896484375,0.170077353906251,0.16009656015626206,0,8,,0,1.7798783137766188,14,1750,,1966.8232421875,4,38,0.296875,0.16235299296874928,True
0.5,43,15492,1024,0,0,34,34,0.265625,0.0,8192,1.0,3827,0.4671630859375,2318.86328125,37.29296875,14.478052172101108,0.0702989491071709,0.4671630859375,0.170077353906251,0.16009656015626206,0,8,,4,2.139832723470988,10,1799,,2318.86328125,4,38,0.296875,0.16235299296874928,True
0.5,44,32513,1024,0,0,34,34,0.265625,0.0,8192,1.0,4843,0.5911865234375,5632.65625,69.4609375,10.62367112967099,0.2074121933687525,0.5911865234375,0.170077353906251,0.16009656015626206,0,8,,2,1.691243287897563,14,1897,,5632.65625,4,38,0.296875,0.16235299296874928,True
0.5,45,36099,1024,0,0,34,34,0.265625,0.0,8192,1.0,4344,0.5302734375,5668.3193359375,67.7451171875,10.596260517679838,0.10745595032710022,0.5302734375,0.170077353906251,0.16009656015626206,0,8,,1,1.8855629749021414,16,2010,,5668.3193359375,4,38,0.296875,0.16235299296874928,True
0.5,46,39260,1024,0,0,34,34,0.265625,0.0,8192,1.0,4761,0.5811767578125,4835.5732421875,65.1162109375,11.286323951351843,0.23712785589607266,0.5811767578125,0.170077353906251,0.16009656015626206,0,8,,0,1.7205882352941178,13,1833,,4835.5732421875,4,38,0.296875,0.16235299296874928,True
0.5,47,46517,1024,0,0,34,34,0.265625,0.0,8192,1.0,4297,0.5245361328125,6020.1630859375,66.7490234375,10.334721044334465,0.19653384699130566,0.5245361328125,0.170077353906251,0.16009656015626206,0,8,,0,1.9061918063314711,23,1903,,6020.1630859375,4,38,0.296875,0.16235299296874928,True
0.5,48,33095,1024,0,0,34,34,0.265625,0.0,8192,1.0,4133,0.5045166015625,3599.4951171875,49.4541015625,12.56838772099664,0.09985568994552471,0.5045166015625,0.170077353906251,0.16009656015626206,0,8,,0,1.9820909970958374,15,1926,,3599.4951171875,4,38,0.296875,0.16235299296874928,True
0.5,49,3,1024,0,0,34,34,0.265625,0.0,8192,1.0,4687,0.5721435546875,6497.54296875,76.310546875,10.003312006626452,0.14048481914080513,0.5721435546875,0.170077353906251,0.16009656015626206,0,8,,0,1.7477592829705506,15,2033,,6497.54296875,4,38,0.296875,0.16235299296874928,True
0.5,50,21683,1024,0,0,34,34,0.265625,0.0,8192,1.0,4406,0.537841796875,8434.791015625,84.220703125,8.870060340951342,0.08869277241396369,0.537841796875,0.170077353906251,0.16009656015626206,0,8,,0,1.8592508513053347,11,2114,,8434.791015625,4,38,0.296875,0.16235299296874928,True
0.5,51,13446,1024,0,0,34,34,0.265625,0.0,8192,1.0,4222,0.515380859375,4968.3291015625,61.3896484375,11.168700051287866,0.04371610129744793,0.515380859375,0.170077353906251,0.16009656015626206,0,8,,3,1.9398246860933428,11,2097,,4968.3291015625,4,38,0.296875,0.16235299296874928,True
0.5,52,49515,1024,0,0,34,34,0.265625,0.0,8192,1.0,3762,0.459228515625,1791.435546875,32.224609375,15.598791733393064,0.18932292371086087,0.459228515625,0.170077353906251,0.16009656015626206,0,8,,1,2.1770805636798722,13,2035,,1791.435546875,4,38,0.296875,0.16235299296874928,True
0.5,53,27943,1024,0,0,34,34,0.265625,0.0,8192,1.0,4142,0.505615234375,7373.88671875,72.728515625,9.453838993905539,0.10073416351555348,0.505615234375,0.170077353906251,0.16009656015626206,0,8,,0,1.9780246317314658,12,2168,,7373.88671875,4,38,0.296875,0.16235299296874928,True
0.5,54,29059,1024,0,0,34,34,0.265625,0.0,8192,1.0,4173,0.5093994140625,6853.8310546875,71.3603515625,9.771469658982607,0.049298469372501506,0.5093994140625,0.170077353906251,0.16009656015626206,0,8,,2,1.962607861936721,16,2115,,6853.8310546875,4,38,0.296875,0.16235299296874928,True
0.5,55,32738,1024,0,0,34,34,0.265625,0.0,8192,1.0,3315,0.4046630859375,2518.9736328125,35.6630859375,14.118567392943572,0.4384489956125233,0.4046630859375,0.170077353906251,0.16009656015626206,0,8,,2,2.471031985515993,13,1722,,2518.9736328125,4,38,0.296875,0.16235299296874928,True
0.5,56,445,1024,0,0,34,34,0.265625,0.0,8192,1.0,4392,0.5361328125,6066.1083984375,68.7158203125,10.30170194190557,0.07397695315839967,0.5361328125,0.170077353906251,0.16009656015626206,0,8,,0,1.865178774766568,15,2030,,6066.1083984375,4,38,0.296875,0.16235299296874928,True
0.5,57,32216,1024,0,0,34,34,0.265625,0.0,8192,1.0,4090,0.499267578125,5813.1689453125,64.1689453125,10.486674160380034,0.13067845722902546,0.499267578125,0.170077353906251,0.16009656015626206,0,8,,0,2.0026901442895575,12,2086,,5813.1689453125,4,38,0.296875,0.16235299296874928,True
0.5,58,18250,1024,0,0,34,34,0.265625,0.0,8192,1.0,4029,0.4918212890625,2473.83203125,40.5390625,14.197101523887603,0.08581644811430782,0.4918212890625,0.170077353906251,0.16009656015626206,0,8,,2,2.0330188679245285,12,1763,,2473.83203125,4,38,0.296875,0.16235299296874928,True
0.5,59,1684,1024,0,0,34,34,0.265625,0.0,8192,1.0,4655,0.5682373046875,4890.3125,64.220703125,11.237437486381106,0.08973713567139185,0.5682373046875,0.170077353906251,0.16009656015626206,0,8,,0,1.7599914052428018,16,2011,,4890.3125,4,38,0.296875,0.16235299296874928,True
0.5,60,2899,1024,0,0,34,34,0.265625,0.0,8192,1.0,4594,0.560791015625,8072.74609375,79.029296875,9.060590677202299,0.16172844288070637,0.560791015625,0.170077353906251,0.16009656015626206,0,8,,0,1.7833659917265403,13,1892,,8072.74609375,4,38,0.296875,0.16235299296874928,True
0.5,61,39428,1024,0,0,34,34,0.265625,0.0,8192,1.0,4212,0.51416015625,3808.990234375,56.140625,12.322705016652174,0.11323943865948265,0.51416015625,0.170077353906251,0.16009656015626206,0,8,,1,1.9446687247684635,9,2102,,3808.990234375,4,38,0.296875,0.16235299296874928,True
0.5,62,40758,1024,0,0,34,34,0.265625,0.0,8192,1.0,4022,0.490966796875,5689.5361328125,56.0029296875,10.580035010056939,0.03191015384459082,0.490966796875,0.170077353906251,0.16009656015626206,0,8,,1,2.036806764486446,9,1920,,5689.5361328125,4,38,0.296875,0.16235299296874928,True
0.5,63,29154,1024,0,0,34,34,0.265625,0.0,8192,1.0,4192,0.51171875,5361.6962890625,60.8115234375,10.83778150945012,0.08244315952185444,0.51171875,0.170077353906251,0.16009656015626206,0,8,,0,1.954426151276545,14,2029,,5361.6962890625,4,38,0.296875,0.16235299296874928,True
0.5,64,43958,1024,0,0,34,34,0.265625,0.0,8192,1.0,4757,0.5806884765625,6759.515625,78.607421875,9.83164784589966,0.1399836047273906,0.5806884765625,0.170077353906251,0.16009656015626206,0,8,,0,1.7222455845248108,20,1974,,6759.515625,4,38,0.296875,0.16235299296874928,True
0.5,65,33814,1024,0,0,34,34,0.265625,0.0,8192,1.0,4100,0.50048828125,5604.4716796875,62.8291015625,10.645456819227794,0.049283247792371906,0.50048828125,0.170077353906251,0.16009656015626206,0,8,,1,1.9980483044645034,10,1984,,5604.4716796875,4,38,0.296875,0.16235299296874928,True
0.5,66,34153,1024,0,0,34,34,0.265625,0.0,8192,1.0,4090,0.499267578125,4705.7373046875,56.7724609375,11.404526816124825,0.09023716212194725,0.499267578125,0.170077353906251,0.16009656015626206,0,8,,4,2.0022010271460013,16,1889,,4705.7373046875,4,38,0.296875,0.16235299296874928,True
0.5,67,43609,1024,0,0,34,34,0.265625,0.0,8192,1.0,4238,0.517333984375,7119.9150390625,75.9794921875,9.60605549574661,0.0513521682451314,0.517333984375,0.170077353906251,0.16009656015626206,0,8,,0,1.93297144205806,16,2116,,7119.9150390625,4,38,0.296875,0.16235299296874928,True
0.5,68,10762,1024,0,0,34,34,0.265625,0.0,8192,1.0,3975,0.4852294921875,5858.875,61.751953125,10.452661285011757,0.055874051856471985,0.4852294921875,0.170077353906251,0.16009656015626206,0,8,,2,2.0603925515853043,15,1923,,5858.875,4,38,0.296875,0.16235299296874928,True
0.5,69,17898,1024,0,0,34,34,0.265625,0.0,8192,1.0,4178,0.510009765625,3416.9716796875,51.6064453125,12.794389815442466,0.26889376354016464,0.510009765625,0.170077353906251,0.16009656015626206,0,8,,0,1.960976777591573,14,1908,,3416.9716796875,4,38,0.296875,0.16235299296874928,True
0.5,70,43653,1024,0,0,34,34,0.265625,0.0,8192,1.0,3901,0.4761962890625,9748.3330078125,80.4111328125,8.241500043903931,0.07476294649066015,0.4761962890625,0.170077353906251,0.16009656015626206,0,8,,0,2.10025641025641,12,2072,,9748.3330078125,4,38,0.296875,0.16235299296874928,True
0.5,71,14233,1024,0,0,34,34,0.265625,0.0,8192,1.0,4401,0.5372314453125,4336.5625,57.388671875,11.759347508980527,0.05689058707994378,0.5372314453125,0.170077353906251,0.16009656015626206,0,8,,0,1.861590909090909,15,1967,,4336.5625,4,38,0.296875,0.16235299296874928,True
0.5,72,39520,1024,0,0,34,34,0.265625,0.0,8192,1.0,4392,0.5361328125,3764.958984375,54.908203125,12.373201115281727,0.08489959359776096,0.5361328125,0.170077353906251,0.16009656015626206,0,8,,1,1.865178774766568,21,2044,,3764.958984375,4,38,0.296875,0.16235299296874928,True
0.5,73,18138,1024,0,0,34,34,0.265625,0.0,8192,1.0,3785,0.4620361328125,1863.248046875,35.439453125,15.428096862088019,0.1853476692443149,0.4620361328125,0.170077353906251,0.16009656015626206,0,8,,2,2.164112050739958,13,1827,,1863.248046875,4,38,0.296875,0.16235299296874928,True
0.5,74,9212,1024,0,0,34,34,0.265625,0.0,8192,1.0,3921,0.4786376953125,4291.025390625,54.10546875,11.805192765436503,0.2671225146579887,0.4786376953125,0.170077353906251,0.16009656015626206,0,8,,0,2.0895408163265308,10,2393,,4291.025390625,4,38,0.296875,0.16235299296874928,True
0.5,75,6456,1024,0,0,34,34,0.265625,0.0,8192,1.0,4384,0.53515625,6414.3076171875,68.1357421875,10.05930576893276,0.1005864207035865,0.53515625,0.170077353906251,0.16009656015626206,0,8,,0,1.86881131644992,14,1890,,6414.3076171875,4,38,0.296875,0.16235299296874928,True
0.5,76,22948,1024,0,0,34,34,0.265625,0.0,8192,1.0,3806,0.464599609375,4297.78515625,51.951171875,11.798356592953617,0.24122698619573782,0.464599609375,0.170077353906251,0.16009656015626206,0,8,,3,2.151905387647832,12,2043,,4297.78515625,4,38,0.296875,0.16235299296874928,True
0.5,77,7591,1024,0,0,34,34,0.265625,0.0,8192,1.0,4411,0.5384521484375,7506.2578125,76.314453125,9.376568841077567,0.1084853985220504,0.5384521484375,0.170077353906251,0.16009656015626206,0,8,,0,1.8571428571428572,21,1982,,7506.2578125,4,38,0.296875,0.16235299296874928,True
0.5,78,29996,1024,0,0,34,34,0.265625,0.0,8192,1.0,4028,0.49169921875,8051.2607421875,72.8388671875,9.072164692573175,0.1839956992020414,0.49169921875,0.170077353906251,0.16009656015626206,0,8,,0,2.0340203625527686,9,2207,,8051.2607421875,4,38,0.296875,0.16235299296874928,True
0.5,79,10378,1024,0,0,34,34,0.265625,0.0,8192,1.0,3433,0.4190673828125,4628.740234375,60.0703125,11.476175520753909,0.036019873468707476,0.4190673828125,0.170077353906251,0.16009656015626206,0,8,,1,2.3863636363636362,8,2132,,4628.740234375,4,38,0.296875,0.16235299296874928,True
0.5,80,27337,1024,0,0,34,34,0.265625,0.0,8192,1.0,4603,0.5618896484375,3031.7353515625,50.9970703125,13.313890730016988,0.19564147285961744,0.5618896484375,0.170077353906251,0.16009656015626206,0,8,,3,1.7787918296392873,42,2028,,3031.7353515625,4,38,0.296875,0.16235299296874928,True
0.5,81,19965,1024,0,0,34,34,0.265625,0.0,8192,1.0,4585,0.5596923828125,4398.75390625,61.201171875,11.697506953555365,0.09911063336418385,0.5596923828125,0.170077353906251,0.16009656015626206,0,8,,0,1.786867364746946,31,1881,,4398.75390625,4,38,0.296875,0.16235299296874928,True
0.5,82,24405,1024,0,0,34,34,0.265625,0.0,8192,1.0,4524,0.55224609375,5925.400390625,67.666015625,10.403626590863666,0.12699384299142477,0.55224609375,0.170077353906251,0.16009656015626206,0,8,,0,1.810966172894097,15,2033,,5925.400390625,4,38,0.296875,0.16235299296874928,True
0.5,83,45135,1024,0,0,34,34,0.265625,0.0,8192,1.0,4507,0.5501708984375,4843.35546875,63.697265625,11.27934016444263,0.1429249287488911,0.5501708984375,0.170077353906251,0.16009656015626206,0,8,,0,1.8175765645805593,16,1867,,4843.35546875,4,38,0.296875,0.16235299296874928,True
0.5,84,11274,1024,0,0,34,34,0.265625,0.0,8192,1.0,4073,0.4971923828125,11158.693359375,94.060546875,7.654670175240633,0.05867548923890877,0.4971923828125,0.170077353906251,0.16009656015626206,0,8,,0,2.0110510805500983,13,2046,,11158.693359375,4,38,0.296875,0.16235299296874928,True
0.5,85,1941,1024,0,0,34,34,0.265625,0.0,8192,1.0,4129,0.5040283203125,1989.15234375,37.986328125,15.144123150404445,0.18389955394753535,0.5040283203125,0.170077353906251,0.16009656015626206,0,8,,0,1.9837693798449612,17,1651,,1989.15234375,4,38,0.296875,0.16235299296874928,True
0.5,86,48940,1024,0,0,34,34,0.265625,0.0,8192,1.0,4431,0.5408935546875,10302.951171875,95.404296875,8.001187192616317,0.061362779449191204,0.5408935546875,0.170077353906251,0.16009656015626206,0,8,,0,1.8489841986455982,13,2175,,10302.951171875,4,38,0.296875,0.16235299296874928,True
0.5,87,36794,1024,0,0,34,34,0.265625,0.0,8192,1.0,4240,0.517578125,5094.1513671875,61.3173828125,11.060085154586892,0.07271678568124393,0.517578125,0.170077353906251,0.16009656015626206,0,8,,0,1.9322953526775182,17,2085,,5094.1513671875,4,38,0.296875,0.16235299296874928,True
0.5,88,21994,1024,0,0,34,34,0.265625,0.0,8192,1.0,4095,0.4998779296875,3305.42578125,50.37890625,12.938529507415055,0.07782826069859833,0.4998779296875,0.170077353906251,0.16009656015626206,0,8,,1,2.0002442598925256,12,1975,,3305.42578125,4,38,0.296875,0.16235299296874928,True
0.5,89,49944,1024,0,0,34,34,0.265625,0.0,8192,1.0,4560,0.556640625,4773.4873046875,60.3759765625,11.342445889919173,0.10983053098648696,0.556640625,0.170077353906251,0.16009656015626206,0,8,,0,1.7966659355121737,22,1849,,4773.4873046875,4,38,0.296875,0.16235299296874928,True
0.5,90,43442,1024,0,0,34,34,0.265625,0.0,8192,1.0,2692,0.32861328125,707.75,18.611328125,19.632004828307696,0.6365025358695069,0.32861328125,0.170077353906251,0.16009656015626206,0,8,,2,3.043106651802304,9,1668,,707.75,4,38,0.296875,0.16235299296874928,True
0.5,91,45096,1024,0,0,34,34,0.265625,0.0,8192,1.0,3581,0.4371337890625,914.9521484375,22.8193359375,18.516819796025224,0.263871122532896,0.4371337890625,0.170077353906251,0.16009656015626206,0,8,,4,2.286871508379888,10,1950,,914.9521484375,4,38,0.296875,0.16235299296874928,True
0.5,92,42430,1024,0,0,34,34,0.265625,0.0,8192,1.0,4170,0.509033203125,1202.4169921875,31.8701171875,17.330252559295083,0.39892765123618146,0.509033203125,0.170077353906251,0.16009656015626206,0,8,,0,1.9647397457423843,8,1678,,1202.4169921875,4,38,0.296875,0.16235299296874928,True
0.5,93,42255,1024,0,0,34,34,0.265625,0.0,8192,1.0,3795,0.4632568359375,2700.421875,39.443359375,13.816487434970197,0.18215379770488785,0.4632568359375,0.170077353906251,0.16009656015626206,0,8,,0,2.158671586715867,10,1863,,2700.421875,4,38,0.296875,0.16235299296874928,True
0.5,94,5771,1024,0,0,34,34,0.265625,0.0,8192,1.0,4061,0.4957275390625,8988.9404296875,79.2158203125,8.593718585295449,0.038607006254861326,0.4957275390625,0.170077353906251,0.16009656015626206,0,8,,1,2.0157635467980297,11,1940,,8988.9404296875,4,38,0.296875,0.16235299296874928,True
0.5,95,8320,1024,0,0,34,34,0.265625,0.0,8192,1.0,4481,0.5469970703125,6369.5380859375,69.4287109375,10.089724220964854,0.07729950833015714,0.5469970703125,0.170077353906251,0.16009656015626206,0,8,,0,1.8276785714285715,16,1938,,6369.5380859375,4,38,0.296875,0.16235299296874928,True
0.5,96,48807,1024,0,0,34,34,0.265625,0.0,8192,1.0,4101,0.5006103515625,3585.953125,48.154296875,12.584757526319565,0.10421941263284068,0.5006103515625,0.170077353906251,0.16009656015626206,0,8,,3,1.9965853658536585,20,1964,,3585.953125,4,38,0.296875,0.16235299296874928,True
0.5,97,2675,1024,0,0,34,34,0.265625,0.0,8192,1.0,3724,0.45458984375,1560.78515625,26.06640625,16.19737234792424,0.3609406507681398,0.45458984375,0.170077353906251,0.16009656015626206,0,8,,2,2.199570239054526,15,1941,,1560.78515625,4,38,0.296875,0.16235299296874928,True
0.5,98,37658,1024,0,0,34,34,0.265625,0.0,8192,1.0,3931,0.4798583984375,9800.080078125,82.365234375,8.218507364666683,0.02794842922965649,0.4798583984375,0.170077353906251,0.16009656015626206,0,8,,0,2.0834605597964377,15,2014,,9800.080078125,4,38,0.296875,0.16235299296874928,True
0.5,99,45710,1024,0,0,34,34,0.265625,0.0,8192,1.0,4443,0.5423583984375,6436.5419921875,70.9287109375,10.044277539204607,0.08328313362064876,0.5423583984375,0.170077353906251,0.16009656015626206,0,8,,3,1.8430886987843313,15,1927,,6436.5419921875,4,38,0.296875,0.16235299296874928,True
0.5,100,15813,1024,0,0,34,34,0.265625,0.0,8192,1.0,3568,0.435546875,1320.7294921875,27.6435546875,16.92266485025081,0.25728508951739304,0.435546875,0.170077353906251,0.16009656015626206,0,8,,2,2.295766750770956,11,1662,,1320.7294921875,4,38,0.296875,0.16235299296874928,True
0.5,101,7135,1024,0,0,34,34,0.265625,0.0,8192,1.0,4324,0.52783203125,2535.26171875,42.845703125,14.090575620340841,0.1979997382846595,0.52783203125,0.170077353906251,0.16009656015626206,0,8,,0,1.8947490168864214,17,1702,,2535.26171875,4,38,0.296875,0.16235299296874928,True
0.5,102,31775,1024,0,0,34,34,0.265625,0.0,8192,1.0,3499,0.4271240234375,1063.3857421875,26.7021484375,17.863895278451803,0.20685083272465213,0.4271240234375,0.170077353906251,0.16009656015626206,0,8,,1,2.3413379073756433,13,1714,,1063.3857421875,4,38,0.296875,0.16235299296874928,True
0.5,103,31772,1024,0,0,34,34,0.265625,0.0,8192,1.0,4140,0.50537109375,3910.0615234375,50.7470703125,12.208967699479505,0.08381030840430433,0.50537109375,0.170077353906251,0.16009656015626206,0,8,,0,1.9780140130466297,12,1978,,3910.0615234375,4,38,0.296875,0.16235299296874928,True
0.5,104,25160,1024,0,0,34,34,0.265625,0.0,8192,1.0,3950,0.482177734375,1599.197265625,34.234375,16.091783223322555,0.2364820759016895,0.482177734375,0.170077353906251,0.16009656015626206,0,8,,0,2.072170169663206,14,1668,,1599.197265625,4,38,0.296875,0.16235299296874928,True
0.5,105,36108,1024,0,0,34,34,0.265625,0.0,8192,1.0,4483,0.5472412109375,9394.2080078125,88.8388671875,8.402201887076048,0.09486509843827896,0.5472412109375,0.170077353906251,0.16009656015626206,0,8,,0,1.8275323516287372,15,2209,,9394.2080078125,4,38,0.296875,0.16235299296874928,True
0.5,106,1260,1024,0,0,34,34,0.265625,0.0,8192,1.0,4211,0.5140380859375,3952.123046875,56.861328125,12.162499032552219,0.07130240464627967,0.5140380859375,0.170077353906251,0.16009656015626206,0,8,,1,1.944893111638955,16,2000,,3952.123046875,4,38,0.296875,0.16235299296874928,True
0.5,107,37885,1024,0,0,34,34,0.265625,0.0,8192,1.0,4153,0.5069580078125,6205.2333984375,65.4990234375,10.203222395380507,0.07918223744961055,0.5069580078125,0.170077353906251,0.16009656015626206,0,8,,0,1.972543352601156,12,1978,,6205.2333984375,4,38,0.296875,0.16235299296874928,True
0.5,108,41535,1024,0,0,34,34,0.265625,0.0,8192,1.0,4292,0.52392578125,5025.623046875,62.0390625,11.118904501890603,0.11426396029246921,0.52392578125,0.170077353906251,0.16009656015626206,0,8,,1,1.9074807737124213,11,1855,,5025.623046875,4,38,0.296875,0.16235299296874928,True
0.5,109,44889,1024,0,0,34,34,0.265625,0.0,8192,1.0,4181,0.5103759765625,3925.1630859375,48.8642578125,12.192226549837562,0.05860507526064281,0.5103759765625,0.170077353906251,0.16009656015626206,0,8,,3,1.9588516746411484,15,1973,,3925.1630859375,4,38,0.296875,0.16235299296874928,True
0.5,110,28184,1024,0,0,34,34,0.265625,0.0,8192,1.0,4714,0.575439453125,4418.662109375,61.787109375,11.677895680959463,0.22413127794204316,0.575439453125,0.170077353906251,0.16009656015626206,0,8,,0,1.7379588372586463,21,1758,,4418.662109375,4,38,0.296875,0.16235299296874928,True
0.5,111,25319,1024,0,0,34,34,0.265625,0.0,8192,1.0,4318,0.527099609375,4279.3232421875,55.7197265625,11.81705268355403,0.07731381344911532,0.527099609375,0.170077353906251,0.16009656015626206,0,8,,2,1.8966875144776465,15,1974,,4279.3232421875,4,38,0.296875,0.16235299296874928,True
0.5,112,11010,1024,0,0,34,34,0.265625,0.0,8192,1.0,3796,0.46337890625,2856.4306640625,43.9306640625,13.572566742464229,0.12691092087908296,0.46337890625,0.170077353906251,0.16009656015626206,0,8,,0,2.158102766798419,13,1934,,2856.4306640625,4,38,0.296875,0.16235299296874928,True
0.5,113,33880,1024,0,0,34,34,0.265625,0.0,8192,1.0,3512,0.4287109375,935.384765625,22.921875,18.420900684821643,0.13239021420270022,0.4287109375,0.170077353906251,0.16009656015626206,0,8,,5,2.331529478780974,8,1959,,935.384765625,4,38,0.296875,0.16235299296874928,True
0.5,114,19307,1024,0,0,34,34,0.265625,0.0,8192,1.0,3786,0.462158203125,1925.37890625,36.26171875,15.285641513348565,0.16667841085048996,0.462158203125,0.170077353906251,0.16009656015626206,0,8,,3,2.1630118890356673,9,1977,,1925.37890625,4,38,0.296875,0.16235299296874928,True
0.5,115,12236,1024,0,0,34,34,0.265625,0.0,8192,1.0,3392,0.4140625,6789.3623046875,76.8544921875,9.812513760662286,0.06472794161675592,0.4140625,0.170077353906251,0.16009656015626206,0,8,,1,2.4137422589206725,10,1843,,6789.3623046875,4,38,0.296875,0.16235299296874928,True
0.5,116,13805,1024,0,0,34,34,0.265625,0.0,8192,1.0,3855,0.4705810546875,2013.3203125,37.876953125,15.091674856888012,0.13719430492181667,0.4705810546875,0.170077353906251,0.16009656015626206,0,8,,0,2.12480539699014,16,2052,,2013.3203125,4,38,0.296875,0.16235299296874928,True
0.5,117,5814,1024,0,0,34,34,0.265625,0.0,8192,1.0,3695,0.4510498046875,2310.4365234375,40.8173828125,14.493863195862284,0.07283110328131559,0.4510498046875,0.170077353906251,0.16009656015626206,0,8,,1,2.217108825121819,26,2063,,2310.4365234375,4,38,0.296875,0.16235299296874928,True
0.5,118,48485,1024,0,0,34,34,0.265625,0.0,8192,1.0,4034,0.492431640625,2976.7216796875,47.0205078125,13.393421303953515,0.05943819272813367,0.492431640625,0.170077353906251,0.16009656015626206,0,8,,1,2.029754525167369,16,1975,,2976.7216796875,4,38,0.296875,0.16235299296874928,True
0.5,119,12248,1024,0,0,34,34,0.265625,0.0,8192,1.0,3855,0.4705810546875,5667.126953125,65.205078125,10.5971741919446,0.048249927060943026,0.4705810546875,0.170077353906251,0.16009656015626206,0,8,,1,2.124545926310327,14,2096,,5667.126953125,4,38,0.296875,0.16235299296874928,True
0.5,120,458,1024,0,0,34,34,0.265625,0.0,8192,1.0,4010,0.489501953125,2426.04296875,40.294921875,14.2818187228222,0.08657034047368473,0.489501953125,0.170077353906251,0.16009656015626206,0,8,,0,2.0429034671988027,11,1915,,2426.04296875,4,38,0.296875,0.16235299296874928,True
0.5,121,319,1024,0,0,34,34,0.265625,0.0,8192,1.0,4187,0.5111083984375,6815.2197265625,73.9501953125,9.796004985702465,0.05097029262823227,0.5111083984375,0.170077353906251,0.16009656015626206,0,8,,1,1.9565217391304348,13,2098,,6815.2197265625,4,38,0.296875,0.16235299296874928,True
0.5,122,21496,1024,0,0,34,34,0.265625,0.0,8192,1.0,4302,0.525146484375,4048.9873046875,55.9560546875,12.057339457969059,0.09231313858645072,0.525146484375,0.170077353906251,0.16009656015626206,0,8,,1,1.9042083236456637,13,2182,,4048.9873046875,4,38,0.296875,0.16235299296874928,True
0.5,123,20390,1024,0,0,34,34,0.265625,0.0,8192,1.0,4219,0.5150146484375,3983.6005859375,53.3701171875,12.128045732897338,0.18917199718874422,0.5150146484375,0.170077353906251,0.16009656015626206,0,8,,0,1.941678520625889,12,1942,,3983.6005859375,4,38,0.296875,0.16235299296874928,True
0.5,124,33691,1024,0,0,34,34,0.265625,0.0,8192,1.0,3850,0.469970703125,5280.9052734375,55.4052734375,10.903719834934753,0.10198275228272985,0.469970703125,0.170077353906251,0.16009656015626206,0,8,,0,2.127825409197194,13,1913,,5280.9052734375,4,38,0.296875,0.16235299296874928,True
0.5,125,33872,1024,0,0,34,34,0.265625,0.0,8192,1.0,4158,0.507568359375,2887.12109375,44.609375,13.52615361107553,0.07256457369538896,0.507568359375,0.170077353906251,0.16009656015626206,0,8,,1,1.9682463314890546,12,1895,,2887.12109375,4,38,0.296875,0.16235299296874928,True
0.5,126,46987,1024,0,0,34,34,0.265625,0.0,8192,1.0,4383,0.5350341796875,2692.9267578125,45.7958984375,13.828558192315338,0.31305769665698835,0.5350341796875,0.170077353906251,0.16009656015626206,0,8,,2,1.868553172067549,19,2117,,2692.9267578125,4,38,0.296875,0.16235299296874928,True
0.5,127,26772,1024,0,0,34,34,0.265625,0.0,8192,1.0,4164,0.50830078125,8279.5703125,78.34765625,8.950725622173795,0.06391131037921963,0.50830078125,0.170077353906251,0.16009656015626206,0,8,,0,1.9675714628873409,14,1880,,8279.5703125,4,38,0.296875,0.16235299296874928,True
0.5,128,7057,1024,0,0,34,34,0.265625,0.0,8192,1.0,3908,0.47705078125,8016.6240234375,73.0537109375,9.090888450359394,0.11494514484713897,0.47705078125,0.1779979132812599,0.15586999609374175,0,8,,0,2.0964934732531355,15,2167,,8016.6240234375,4,38,0.296875,0.16533017187499865,True
0.5,129,30014,1024,0,0,34,34,0.265625,0.0,8192,1.0,4096,0.5,6271.8095703125,65.7314453125,10.156874973870003,0.07208788331286217,0.5,0.1779979132812599,0.15586999609374175,0,8,,1,2.0,12,2051,,6271.8095703125,4,38,0.296875,0.16533017187499865,True
0.5,130,48237,1024,0,0,34,34,0.265625,0.0,8192,1.0,4928,0.6015625,5015.349609375,67.0,11.127791487098246,0.15758708694125304,0.6015625,0.1779979132812599,0.15586999609374175,0,8,,0,1.6624720925512482,19,1954,,5015.349609375,4,38,0.296875,0.16533017187499865,True
0.5,131,4823,1024,0,0,34,34,0.265625,0.0,8192,1.0,4147,0.5062255859375,4679.2705078125,56.8662109375,11.429022084616962,0.12173961596033339,0.5062255859375,0.1779979132812599,0.15586999609374175,0,8,,1,1.9753979739507959,13,1927,,4679.2705078125,4,38,0.296875,0.16533017187499865,True
0.5,132,26627,1024,0,0,34,34,0.265625,0.0,8192,1.0,3954,0.482666015625,2171.5478515625,38.4814453125,14.763109570842039,0.10653623089897678,0.482666015625,0.1779979132812599,0.15586999609374175,0,8,,2,2.070832279281558,15,1930,,2171.5478515625,4,38,0.296875,0.16533017187499865,True
0.5,133,12293,1024,0,0,34,34,0.265625,0.0,8192,1.0,3902,0.476318359375,2607.16015625,39.748046875,13.969126504363619,0.06841316376198266,0.476318359375,0.1779979132812599,0.15586999609374175,0,8,,4,2.098692642912074,15,1853,,2607.16015625,4,38,0.296875,0.16533017187499865,True
0.5,134,32803,1024,0,0,34,34,0.265625,0.0,8192,1.0,4940,0.60302734375,4248.9423828125,61.2001953125,11.847995189279024,0.21087210639024423,0.60302734375,0.1779979132812599,0.15586999609374175,0,8,,0,1.6580279408787204,16,1769,,4248.9423828125,4,38,0.296875,0.16533017187499865,True
0.5,135,41882,1024,0,0,34,34,0.265625,0.0,8192,1.0,4281,0.5225830078125,5711.6181640625,68.4208984375,10.56321194799998,0.18928019046614517,0.5225830078125,0.1779979132812599,0.15586999609374175,0,8,,1,1.9128504672897195,13,2219,,5711.6181640625,4,38,0.296875,0.16533017187499865,True
0.5,136,10235,1024,0,0,34,34,0.265625,0.0,8192,1.0,3472,0.423828125,2231.2724609375,32.2880859375,14.645277555966876,0.20202719255254248,0.423828125,0.1779979132812599,0.15586999609374175,0,8,,0,2.35983866320945,10,1762,,2231.2724609375,4,38,0.296875,0.16533017187499865,True
0.5,137,30033,1024,0,0,34,34,0.265625,0.0,8192,1.0,4154,0.507080078125,10344.4375,89.330078125,7.9837348087706586,0.052918994909609544,0.507080078125,0.1779979132812599,0.15586999609374175,0,8,,0,1.9720683843005056,13,2093,,10344.4375,4,38,0.296875,0.16533017187499865,True
0.5,138,20042,1024,0,0,34,34,0.265625,0.0,8192,1.0,4312,0.5263671875,3655.8896484375,51.0107421875,12.50087282612997,0.04427269114096993,0.5263671875,0.1779979132812599,0.15586999609374175,0,8,,2,1.899327302250058,16,1880,,3655.8896484375,4,38,0.296875,0.16533017187499865,True
0.5,139,29399,1024,0,0,34,34,0.265625,0.0,8192,1.0,3907,0.4769287109375,3548.83203125,47.798828125,12.629949165013173,0.1339836404257437,0.4769287109375,0.1779979132812599,0.15586999609374175,0,8,,3,2.0962621607782896,13,2064,,3548.83203125,4,38,0.296875,0.16533017187499865,True
0.5,140,6463,1024,0,0,34,34,0.265625,0.0,8192,1.0,4417,0.5391845703125,5783.0087890625,66.2275390625,10.509265085196253,0.05985477364258987,0.5391845703125,0.1779979132812599,0.15586999609374175,0,8,,2,1.8541666666666667,15,1905,,5783.0087890625,4,38,0.296875,0.16533017187499865,True
0.5,141,25920,1024,0,0,34,34,0.265625,0.0,8192,1.0,4751,0.5799560546875,4686.173828125,64.32421875,11.422619666634507,0.4143187111419376,0.5799560546875,0.1779979132812599,0.15586999609374175,0,8,,0,1.7244210526315789,31,1836,,4686.173828125,4,38,0.296875,0.16533017187499865,True
0.5,142,10327,1024,0,0,34,34,0.265625,0.0,8192,1.0,4053,0.4947509765625,4322.962890625,51.54296875,11.772988534087354,0.04681703623669483,0.4947509765625,0.1779979132812599,0.15586999609374175,0,8,,1,2.020483711747285,15,1864,,4322.962890625,4,38,0.296875,0.16533017187499865,True
0.5,143,3805,1024,0,0,34,34,0.265625,0.0,8192,1.0,4509,0.5504150390625,3854.0302734375,55.6318359375,12.271652391485755,0.09455509662004308,0.5504150390625,0.1779979132812599,0.15586999609374175,0,8,,0,1.8167701863354038,21,1766,,3854.0302734375,4,38,0.296875,0.16533017187499865,True
0.5,144,37879,1024,0,0,34,34,0.265625,0.0,8192,1.0,3595,0.4388427734375,3033.2490234375,46.6650390625,13.311722944196852,0.40931802862706623,0.4388427734375,0.1779979132812599,0.15586999609374175,0,8,,0,2.278797996661102,13,2362,,3033.2490234375,4,38,0.296875,0.16533017187499865,True
0.5,145,22721,1024,0,0,34,34,0.265625,0.0,8192,1.0,4266,0.520751953125,4580.48828125,58.302734375,11.521685844908143,0.16182434815164362,0.520751953125,0.1779979132812599,0.15586999609374175,0,8,,0,1.9202813599062134,16,1909,,4580.48828125,4,38,0.296875,0.16533017187499865,True
0.5,146,43932,1024,0,0,34,34,0.265625,0.0,8192,1.0,4046,0.493896484375,6927.400390625,67.794921875,9.725100711069537,0.05079082578669586,0.493896484375,0.1779979132812599,0.15586999609374175,0,8,,0,2.0249690976514216,14,2067,,6927.400390625,4,38,0.296875,0.16533017187499865,True
0.5,147,47270,1024,0,0,34,34,0.265625,0.0,8192,1.0,4039,0.4930419921875,6769.685546875,67.892578125,9.825118647719384,0.06175735885658321,0.4930419921875,0.1779979132812599,0.15586999609374175,0,8,,0,2.0284794452699355,14,1942,,6769.685546875,4,38,0.296875,0.16533017187499865,True
0.5,148,11091,1024,0,0,34,34,0.265625,0.0,8192,1.0,4152,0.5068359375,3504.8134765625,47.7939453125,12.68415450763565,0.15169445147669777,0.5068359375,0.1779979132812599,0.15586999609374175,0,8,,0,1.9732594555528788,12,1803,,3504.8134765625,4,38,0.296875,0.16533017187499865,True
0.5,149,9736,1024,0,0,34,34,0.265625,0.0,8192,1.0,3533,0.4312744140625,1405.541015625,29.861328125,16.652368374276847,0.13987499180058954,0.4312744140625,0.1779979132812599,0.15586999609374175,0,8,,0,2.319082672706682,12,1769,,1405.541015625,4,38,0.296875,0.16533017187499865,True
0.5,150,23206,1024,0,0,34,34,0.265625,0.0,8192,1.0,3659,0.4466552734375,3362.958984375,39.865234375,12.863587903026755,0.16414090347422497,0.4466552734375,0.1779979132812599,0.15586999609374175,0,8,,1,2.2389283761618373,13,1918,,3362.958984375,4,38,0.296875,0.16533017187499865,True
0.5,151,25039,1024,0,0,34,34,0.265625,0.0,8192,1.0,4271,0.5213623046875,4266.1259765625,55.6181640625,11.830466850667033,0.07638215002944128,0.5213623046875,0.1779979132812599,0.15586999609374175,0,8,,0,1.9182669789227167,15,2006,,4266.1259765625,4,38,0.296875,0.16533017187499865,True
0.5,152,21014,1024,0,0,34,34,0.265625,0.0,8192,1.0,3805,0.4644775390625,8152.59765625,84.982421875,9.017843511431836,0.057221787854428004,0.4644775390625,0.1779979132812599,0.15586999609374175,0,8,,1,2.1516824395373293,13,2004,,8152.59765625,4,38,0.296875,0.16533017187499865,True
0.5,153,32412,1024,0,0,34,34,0.265625,0.0,8192,1.0,3649,0.4454345703125,1218.6943359375,27.2802734375,17.27185568179586,0.11987828015029572,0.4454345703125,0.1779979132812599,0.15586999609374175,0,8,,3,2.244517543859649,14,1772,,1218.6943359375,4,38,0.296875,0.16533017187499865,True
0.5,154,34022,1024,0,0,34,34,0.265625,0.0,8192,1.0,3598,0.439208984375,1978.5712890625,34.2470703125,15.167286581037736,0.24832834442605242,0.439208984375,0.1779979132812599,0.15586999609374175,0,8,,0,2.277175423964415,23,1695,,1978.5712890625,4,38,0.296875,0.16533017187499865,True
0.5,155,21369,1024,0,0,34,34,0.265625,0.0,8192,1.0,4044,0.49365234375,4381.4638671875,58.2099609375,11.714611263394872,0.12312332067344227,0.49365234375,0.1779979132812599,0.15586999609374175,0,8,,1,2.0249814494187484,9,1892,,4381.4638671875,4,38,0.296875,0.16533017187499865,True
0.5,156,41654,1024,0,0,34,34,0.265625,0.0,8192,1.0,4533,0.5533447265625,6819.6279296875,73.3857421875,9.793196801251469,0.07263247596614252,0.5533447265625,0.1779979132812599,0.15586999609374175,0,8,,0,1.806928508384819,13,1912,,6819.6279296875,4,38,0.296875,0.16533017187499865,True
0.5,157,11953,1024,0,0,34,34,0.265625,0.0,8192,1.0,4255,0.5194091796875,6785.890625,74.4765625,9.814735054618126,0.0901196308980133,0.5194091796875,0.1779979132812599,0.15586999609374175,0,8,,1,1.924776680771039,14,1994,,6785.890625,4,38,0.296875,0.16533017187499865,True
0.5,158,13700,1024,0,0,34,34,0.265625,0.0,8192,1.0,4588,0.56005859375,6244.51953125,67.794921875,10.175813325619583,0.12166318666074402,0.56005859375,0.1779979132812599,0.15586999609374175,0,8,,4,1.7839546544582516,15,1864,,6244.51953125,4,38,0.296875,0.16533017187499865,True
0.5,159,38205,1024,0,0,34,34,0.265625,0.0,8192,1.0,3854,0.470458984375,2995.45703125,46.462890625,13.366172666944431,0.13877629774844064,0.470458984375,0.1779979132812599,0.15586999609374175,0,8,,1,2.1256164028030105,11,2237,,2995.45703125,4,38,0.296875,0.16533017187499865,True
0.5,160,40129,1024,0,0,34,34,0.265625,0.0,8192,1.0,4567,0.5574951171875,11856.3134765625,107.6630859375,7.391306874946747,0.21493009677780137,0.5574951171875,0.1779979132812599,0.15586999609374175,0,8,,0,1.7939115199299167,8,2488,,11856.3134765625,4,38,0.296875,0.16533017187499865,True
0.5,161,17080,1024,0,0,34,34,0.265625,0.0,8192,1.0,4566,0.557373046875,2746.3955078125,44.5029296875,13.743172808106296,0.09718347740459561,0.557373046875,0.1779979132812599,0.15586999609374175,0,8,,0,1.794304490690033,14,1838,,2746.3955078125,4,38,0.296875,0.16533017187499865,True
0.5,162,1505,1024,0,0,34,34,0.265625,0.0,8192,1.0,4274,0.521728515625,5865.099609375,67.31640625,10.448049685536926,0.0387813297353385,0.521728515625,0.1779979132812599,0.15586999609374175,0,8,,1,1.9166861689679382,18,1926,,5865.099609375,4,38,0.296875,0.16533017187499865,True
0.5,163,36391,1024,0,0,34,34,0.265625,0.0,8192,1.0,4042,0.493408203125,2900.0859375,43.728515625,13.506694934416943,0.07308892430665255,0.493408203125,0.1779979132812599,0.15586999609374175,0,8,,1,2.026478594407325,18,1940,,2900.0859375,4,38,0.296875,0.16533017187499865,True
0.5,164,24660,1024,0,0,34,34,0.265625,0.0,8192,1.0,3906,0.476806640625,4461.806640625,51.904296875,11.635696153434784,0.11392152032579135,0.476806640625,0.1779979132812599,0.15586999609374175,0,8,,2,2.0970550576184377,12,1953,,4461.806640625,4,38,0.296875,0.16533017187499865,True
0.5,165,24061,1024,0,0,34,34,0.265625,0.0,8192,1.0,4076,0.49755859375,3667.3955078125,53.0224609375,12.487226121840614,0.1519127967454687,0.49755859375,0.1779979132812599,0.15586999609374175,0,8,,1,2.009570552147239,12,2016,,3667.3955078125,4,38,0.296875,0.16533017187499865,True
0.5,166,10964,1024,0,0,34,34,0.265625,0.0,8192,1.0,4372,0.53369140625,6387.037109375,68.14453125,10.077809214047788,0.1108528112024163,0.53369140625,0.1779979132812599,0.15586999609374175,0,8,,6,1.8725692061313202,14,2167,,6387.037109375,4,38,0.296875,0.16533017187499865,True
0.5,167,20807,1024,0,0,34,34,0.265625,0.0,8192,1.0,4098,0.500244140625,5506.6494140625,62.9658203125,10.721929332671063,0.06483269984824758,0.500244140625,0.1779979132812599,0.15586999609374175,0,8,,0,1.9990236758603857,20,2079,,5506.6494140625,4,38,0.296875,0.16533017187499865,True
0.5,168,33388,1024,0,0,34,34,0.265625,0.0,8192,1.0,4158,0.507568359375,4241.7373046875,54.3271484375,11.855365921747168,0.04113095432455318,0.507568359375,0.1779979132812599,0.15586999609374175,0,8,,2,1.9687274476786143,13,2000,,4241.7373046875,4,38,0.296875,0.16533017187499865,True
0.5,169,34571,1024,0,0,34,34,0.265625,0.0,8192,1.0,4274,0.521728515625,9100.513671875,86.830078125,8.540144544188198,0.03411912770167048,0.521728515625,0.1779979132812599,0.15586999609374175,0,8,,1,1.9166861689679382,18,2153,,9100.513671875,4,38,0.296875,0.16533017187499865,True
0.5,170,21194,1024,0,0,34,34,0.265625,0.0,8192,1.0,3710,0.452880859375,4238.6748046875,47.9599609375,11.858502625226885,0.14601448623484906,0.452880859375,0.1779979132812599,0.15586999609374175,0,8,,3,2.2073335130763008,12,1953,,4238.6748046875,4,38,0.296875,0.16533017187499865,True
0.5,171,32696,1024,0,0,34,34,0.265625,0.0,8192,1.0,3687,0.4500732421875,2817.904296875,37.947265625,13.63154121578206,0.20608129779649878,0.4500732421875,0.1779979132812599,0.15586999609374175,0,8,,0,2.222192078133478,13,1829,,2817.904296875,4,38,0.296875,0.16533017187499865,True
0.5,172,46005,1024,0,0,34,34,0.265625,0.0,8192,1.0,5318,0.649169921875,3106.6494140625,53.5224609375,13.207881150570657,0.5265723550774504,0.649169921875,0.1779979132812599,0.15586999609374175,0,8,,0,1.5401542223058116,15,1757,,3106.6494140625,4,38,0.296875,0.16533017187499865,True
0.5,173,19269,1024,0,0,34,34,0.265625,0.0,8192,1.0,3164,0.38623046875,2622.6513671875,46.4091796875,13.943397978298869,0.4177871754511837,0.38623046875,0.1779979132812599,0.15586999609374175,0,8,,1,2.58931394245969,8,2153,,2622.6513671875,4,38,0.296875,0.16533017187499865,True
0.5,174,5503,1024,0,0,34,34,0.265625,0.0,8192,1.0,4452,0.54345703125,5869.5576171875,69.2880859375,10.4447499073687,0.07185422360376896,0.54345703125,0.1779979132812599,0.15586999609374175,0,8,,0,1.8402606155920018,20,1976,,5869.5576171875,4,38,0.296875,0.16533017187499865,True
0.5,175,32979,1024,0,0,34,34,0.265625,0.0,8192,1.0,4259,0.5198974609375,3845.505859375,55.248046875,12.281268834444282,0.05880325337870581,0.5198974609375,0.1779979132812599,0.15586999609374175,0,8,,1,1.923438233912635,15,1986,,3845.505859375,4,38,0.296875,0.16533017187499865,True
0.5,176,32764,1024,0,0,34,34,0.265625,0.0,8192,1.0,4143,0.5057373046875,2712.833984375,42.875,13.79657143544177,0.09434900074835813,0.5057373046875,0.1779979132812599,0.15586999609374175,0,8,,0,1.9775470787059393,11,1889,,2712.833984375,4,38,0.296875,0.16533017187499865,True
0.5,177,36396,1024,0,0,34,34,0.265625,0.0,8192,1.0,4267,0.5208740234375,3887.98828125,54.6875,12.233554136147355,0.26000249965667294,0.5208740234375,0.1779979132812599,0.15586999609374175,0,8,,0,1.9195968120018754,12,1924,,3887.98828125,4,38,0.296875,0.16533017187499865,True
0.5,178,16139,1024,0,0,34,34,0.265625,0.0,8192,1.0,3905,0.4766845703125,1156.361328125,17.82421875,17.49986801617776,0.5753636286181052,0.4766845703125,0.1779979132812599,0.15586999609374175,0,8,,2,2.0960553278688523,11,1809,,1156.361328125,4,38,0.296875,0.16533017187499865,True
0.5,179,32110,1024,0,0,34,34,0.265625,0.0,8192,1.0,3993,0.4874267578125,7048.798828125,77.4296875,9.64965244835707,0.08826402014365667,0.4874267578125,0.1779979132812599,0.15586999609374175,0,8,,1,2.0516032064128256,16,1829,,7048.798828125,4,38,0.296875,0.16533017187499865,True
0.5,180,37930,1024,0,0,34,34,0.265625,0.0,8192,1.0,4119,0.5028076171875,3005.99609375,48.673828125,13.350919489762765,0.08743021818958634,0.5028076171875,0.1779979132812599,0.15586999609374175,0,8,,3,1.9878581835842641,16,2116,,3005.99609375,4,38,0.296875,0.16533017187499865,True
0.5,181,5624,1024,0,0,34,34,0.265625,0.0,8192,1.0,4562,0.556884765625,3193.6396484375,50.8662109375,13.087944495425923,0.12623288002469638,0.556884765625,0.1779979132812599,0.15586999609374175,0,8,,7,1.7943433457575093,19,1741,,3193.6396484375,4,38,0.296875,0.16533017187499865,True
0.5,182,37946,1024,0,0,34,34,0.265625,0.0,8192,1.0,4097,0.5001220703125,4244.6396484375,55.1083984375,11.85239534447652,0.14372914225094066,0.5001220703125,0.1779979132812599,0.15586999609374175,0,8,,1,1.99951171875,10,2012,,4244.6396484375,4,38,0.296875,0.16533017187499865,True
0.5,183,6616,1024,0,0,34,34,0.265625,0.0,8192,1.0,4236,0.51708984375,3490.5634765625,51.5419921875,12.701848207257108,0.06869821550317907,0.51708984375,0.1779979132812599,0.15586999609374175,0,8,,0,1.9338842975206612,22,1893,,3490.5634765625,4,38,0.296875,0.16533017187499865,True
0.5,184,11706,1024,0,0,34,34,0.265625,0.0,8192,1.0,3888,0.474609375,3677.3232421875,50.0908203125,12.475485541896212,0.11180269013529785,0.474609375,0.1779979132812599,0.15586999609374175,0,8,,1,2.105737072292256,24,1990,,3677.3232421875,4,38,0.296875,0.16533017187499865,True
0.5,185,10558,1024,0,0,34,34,0.265625,0.0,8192,1.0,3708,0.45263671875,6142.9638671875,69.9365234375,10.247024000538387,0.11011368782717101,0.45263671875,0.1779979132812599,0.15586999609374175,0,8,,1,2.2079848934448343,10,2005,,6142.9638671875,4,38,0.296875,0.16533017187499865,True
0.5,186,18351,1024,0,0,34,34,0.265625,0.0,8192,1.0,3633,0.4434814453125,5427.0302734375,66.3583984375,10.785181166700106,0.04463028167667354,0.4434814453125,0.1779979132812599,0.15586999609374175,0,8,,1,2.253579295154185,14,1751,,5427.0302734375,4,38,0.296875,0.16533017187499865,True
0.5,187,15023,1024,0,0,34,34,0.265625,0.0,8192,1.0,4417,0.5391845703125,2986.41796875,46.78125,13.379297708685293,0.18261743897744903,0.5391845703125,0.1779979132812599,0.15586999609374175,0,8,,1,1.8537137681159421,20,1757,,2986.41796875,4,38,0.296875,0.16533017187499865,True
0.5,188,9490,1024,0,0,34,34,0.265625,0.0,8192,1.0,4130,0.504150390625,3086.6708984375,48.0068359375,13.235900334952298,0.15153489141742696,0.504150390625,0.1779979132812599,0.15586999609374175,0,8,,1,1.983046742552676,19,1976,,3086.6708984375,4,38,0.296875,0.16533017187499865,True
0.5,189,6355,1024,0,0,34,34,0.265625,0.0,8192,1.0,3813,0.4654541015625,2292.146484375,42.701171875,14.528379921960726,0.2713806028125311,0.4654541015625,0.1779979132812599,0.15586999609374175,0,8,,0,2.1487408184679957,12,2115,,2292.146484375,4,38,0.296875,0.16533017187499865,True
0.5,190,8857,1024,0,0,34,34,0.265625,0.0,8192,1.0,3129,0.3819580078125,845.3125,15.150390625,18.86063069745228,0.3765089882885504,0.3819580078125,0.1779979132812599,0.15586999609374175,0,8,,2,2.6179667519181584,15,1383,,845.3125,4,38,0.296875,0.16533017187499865,True
0.5,191,31811,1024,0,0,34,34,0.265625,0.0,8192,1.0,4416,0.5390625,8181.755859375,83.619140625,9.002338447019087,0.17869026903697616,0.5390625,0.1779979132812599,0.15586999609374175,0,8,,1,1.855039637599094,13,2091,,8181.755859375,4,38,0.296875,0.16533017187499865,True
0.5,192,10400,1024,0,0,34,34,0.265625,0.0,8192,1.0,4217,0.5147705078125,2165.7978515625,39.0927734375,14.774624423034057,0.1699231334745499,0.5147705078125,0.1779979132812599,0.15586999609374175,0,8,,0,1.9428368121442126,16,1680,,2165.7978515625,4,38,0.296875,0.16533017187499865,True
0.5,193,275,1024,0,0,34,34,0.265625,0.0,8192,1.0,4475,0.5462646484375,7979.8662109375,79.5693359375,9.11084750762627,0.043890503635913486,0.5462646484375,0.1779979132812599,0.15586999609374175,0,8,,0,1.8299061242735808,28,1934,,7979.8662109375,4,38,0.296875,0.16533017187499865,True
0.5,194,26152,1024,0,0,34,34,0.265625,0.0,8192,1.0,4223,0.5155029296875,4999.8857421875,62.6728515625,11.141202809527828,0.059682994232760786,0.5155029296875,0.1779979132812599,0.15586999609374175,0,8,,1,1.9398389388915207,15,1874,,4999.8857421875,4,38,0.296875,0.16533017187499865,True
0.5,195,13037,1024,0,0,34,34,0.265625,0.0,8192,1.0,3488,0.42578125,7127.396484375,72.62890625,9.601494423702698,0.048288555582198474,0.42578125,0.1779979132812599,0.15586999609374175,0,8,,1,2.3487238313736736,9,1765,,7127.396484375,4,38,0.296875,0.16533017187499865,True
0.5,196,41203,1024,0,0,34,34,0.265625,0.0,8192,1.0,4630,0.565185546875,5095.83203125,62.49609375,11.058652565138303,0.07752232912690024,0.565185546875,0.1779979132812599,0.15586999609374175,0,8,,0,1.76949665154461,22,1865,,5095.83203125,4,38,0.296875,0.16533017187499865,True
0.5,197,43709,1024,0,0,34,34,0.265625,0.0,8192,1.0,4108,0.50146484375,2151.0341796875,43.1728515625,14.804330495358924,0.39738577637987876,0.50146484375,0.1779979132812599,0.15586999609374175,0,8,,3,1.9929388848307767,9,2086,,2151.0341796875,4,38,0.296875,0.16533017187499865,True
0.5,198,43572,1024,0,0,34,34,0.265625,0.0,8192,1.0,3627,0.4427490234375,3784.064453125,42.71875,12.351218358342068,0.12444580335976047,0.4427490234375,0.1779979132812599,0.15586999609374175,0,8,,1,2.258687258687259,10,1791,,3784.064453125,4,38,0.296875,0.16533017187499865,True
0.5,199,23390,1024,0,0,34,34,0.265625,0.0,8192,1.0,4661,0.5689697265625,4901.0908203125,61.6845703125,11.22787610529304,0.1033240318562421,0.5689697265625,0.1779979132812599,0.15586999609374175,0,8,,0,1.757510729613734,14,1829,,4901.0908203125,4,38,0.296875,0.16533017187499865,True
0.55,0,712,1024,3,1,34,35,0.2734375,0.0029296875,8189,0.9996337890625,3904,0.47673708633532785,3745.4677734375,46.9345703125,12.395742961792033,0.16453978307299583,0.4765625,0.1779979132812599,0.15586999609374175,1,9,9.0,5,2.097104791186267,12,1850,,3745.4677734375,4,38,0.296875,0.16533017187499865,True
0.55,1,24774,1024,2,1,34,35,0.2734375,0.001953125,8190,0.999755859375,4217,0.5148962148962148,25604.8681640625,150.6669921875,4.047578168141747,0.0527403261588948,0.5147705078125,0.1779979132812599,0.15586999609374175,1,9,9.0,0,1.9423624288425048,8,2157,,25604.8681640625,4,38,0.296875,0.16533017187499865,True
0.55,2,45142,1024,2,1,34,35,0.2734375,0.001953125,8190,0.999755859375,4348,0.5308913308913309,31389.7021484375,172.7412109375,3.162931660950337,0.04775290993213175,0.53076171875,0.1779979132812599,0.15586999609374175,1,9,9.0,0,1.883367839889579,8,2262,,31389.7021484375,4,38,0.296875,0.16533017187499865,True
0.55,3,27119,1024,2,1,34,35,0.2734375,0.001953125,8190,0.999755859375,2533,0.3092796092796093,13518.4150390625,72.7802734375,6.82154584953097,0.07200111569928044,0.3092041015625,0.1779979132812599,0.15586999609374175,1,9,9.0,7,3.2322274881516586,35,1206,,13518.4150390625,4,38,0.296875,0.16533017187499865,True
0.55,4,21139,1024,2,1,34,35,0.2734375,0.001953125,8190,0.999755859375,4516,0.5514041514041514,28807.12890625,165.080078125,3.535803848612709,0.11379944799706729,0.55126953125,0.1779979132812599,0.15586999609374175,1,9,9.0,0,1.8137320044296787,8,2194,,28807.12890625,4,38,0.296875,0.16533017187499865,True
0.55,5,19129,1024,3,1,34,35,0.2734375,0.0029296875,8189,0.9996337890625,4252,0.5192331175967762,5045.744140625,62.24609375,11.101551363137723,0.07166769355999583,0.51904296875,0.1779979132812599,0.15586999609374175,1,9,9.0,6,1.925194071983063,16,1988,,5045.744140625,4,38,0.296875,0.16533017187499865,True
0.55,6,6433,1024,2,1,34,35,0.2734375,0.001953125,8190,0.999755859375,4163,0.5083028083028083,26571.1240234375,160.9794921875,3.886704343518304,0.11373888083327553,0.5081787109375,0.1779979132812599,0.15586999609374175,1,9,9.0,0,1.9680442095146564,8,2398,,26571.1240234375,4,38,0.296875,0.16533017187499865,True
0.55,7,38854,1024,3,1,34,35,0.2734375,0.0029296875,8189,0.9996337890625,3893,0.47539382097936256,5856.6123046875,61.5107421875,10.454338852619674,0.06720120102478883,0.4752197265625,0.1779979132812599,0.15586999609374175,1,9,9.0,2,2.103288797533402,16,1893,,5856.6123046875,4,38,0.296875,0.16533017187499865,True
0.55,8,22489,1024,3,1,34,35,0.2734375,0.0029296875,8189,0.9996337890625,4413,0.538893637806814,5375.609375,64.197265625,10.826526581966984,0.12529147565712945,0.5386962890625,0.1779979132812599,0.15586999609374175,1,9,9.0,0,1.8565276518585676,21,1926,,5375.609375,4,38,0.296875,0.16533017187499865,True
0.55,9,31104,1024,2,1,34,35,0.2734375,0.001953125,8190,0.999755859375,3841,0.468986568986569,14609.4296875,95.568359375,6.484470982810533,0.09192505610274324,0.4688720703125,0.1779979132812599,0.15586999609374175,1,9,9.0,3,2.1322916666666667,8,2052,,14609.4296875,4,38,0.296875,0.16533017187499865,True
0.55,10,21349,1024,2,1,34,35,0.2734375,0.001953125,8190,0.999755859375,3934,0.48034188034188036,21325.8974609375,143.4267578125,4.8417304416403315,0.09012011222408489,0.480224609375,0.1779979132812599,0.15586999609374175,1,9,9.0,0,2.082379862700229,9,2169,,21325.8974609375,4,38,0.296875,0.16533017187499865,True
0.55,11,29116,1024,2,1,34,35,0.2734375,0.001953125,8190,0.999755859375,3662,0.44713064713064715,10712.8369140625,84.9462890625,7.831758673492723,0.09974241514881854,0.447021484375,0.1779979132812599,0.15586999609374175,1,9,9.0,2,2.2362742420103796,8,2055,,10712.8369140625,4,38,0.296875,0.16533017187499865,True
0.55,12,10772,1024,3,1,34,35,0.2734375,0.0029296875,8189,0.9996337890625,4007,0.4893149346684577,6998.3603515625,70.0517578125,9.680840599508107,0.02594360992784172,0.4891357421875,0.1779979132812599,0.15586999609374175,1,9,9.0,3,2.0439340988517225,13,2107,,6998.3603515625,4,38,0.296875,0.16533017187499865,True
0.55,13,18332,1024,3,1,34,35,0.2734375,0.0029296875,8189,0.9996337890625,4227,0.5161802417877641,3555.9697265625,50.9072265625,12.621223058821132,0.07731959850928702,0.5159912109375,0.1779979132812599,0.15586999609374175,1,9,9.0,2,1.9375295787979177,18,1994,,3555.9697265625,4,38,0.296875,0.16533017187499865,True
0.55,14,1003,1024,2,1,34,35,0.2734375,0.001953125,8190,0.999755859375,4009,0.4894993894993895,18190.701171875,126.28125,5.5323092133124145,0.06135074836888892,0.4893798828125,0.1779979132812599,0.15586999609374175,1,9,9.0,2,2.0431636726546905,8,2022,,18190.701171875,4,38,0.296875,0.16533017187499865,True
0.55,15,22156,1024,3,1,34,35,0.2734375,0.0029296875,8189,0.9996337890625,4510,0.5507387959457809,6874.2578125,73.1015625,9.758545449598534,0.04857578955624999,0.550537109375,0.1779979132812599,0.15586999609374175,1,9,9.0,3,1.8157019294743846,23,2005,,6874.2578125,4,38,0.296875,0.16533017187499865,True
0.55,16,26453,1024,3,1,34,35,0.2734375,0.0029296875,8189,0.9996337890625,4164,0.5084869947490536,14617.5625,114.90625,6.482054014509719,0.0620636011818332,0.50830078125,0.1779979132812599,0.15586999609374175,1,9,9.0,0,1.9675714628873409,15,2149,,14617.5625,4,38,0.296875,0.16533017187499865,True
0.55,17,17039,1024,3,1,34,35,0.2734375,0.0029296875,8189,0.9996337890625,3618,0.44181218708022957,1489.0009765625,33.0244140625,16.40185378283252,0.29116588736682275,0.441650390625,0.1779979132812599,0.15586999609374175,1,9,9.0,4,2.263478020458944,7,2251,,1489.0009765625,4,38,0.296875,0.16533017187499865,True
0.55,18,7166,1024,2,1,34,35,0.2734375,0.001953125,8190,0.999755859375,4127,0.5039072039072039,24033.5380859375,146.9716796875,4.322626509008473,0.0964169233226575,0.5037841796875,0.1779979132812599,0.15586999609374175,1,9,9.0,2,1.984246243334949,8,2136,,24033.5380859375,4,38,0.296875,0.16533017187499865,True
0.55,19,48310,1024,2,1,34,35,0.2734375,0.001953125,8190,0.999755859375,3581,0.43724053724053724,11364.3134765625,87.3056640625,7.575371559451709,0.08168885559997884,0.4371337890625,0.1779979132812599,0.15586999609374175,1,9,9.0,5,2.28659217877095,7,2177,,11364.3134765625,4,38,0.296875,0.16533017187499865,True
0.55,20,12187,1024,3,1,34,35,0.2734375,0.0029296875,8189,0.9996337890625,3818,0.4662351935523263,1746.0107421875,36.1103515625,15.71033449529056,0.22338064994907994,0.466064453125,0.1779979132812599,0.15586999609374175,1,9,9.0,2,2.1446161907257006,14,1775,,1746.0107421875,4,38,0.296875,0.16533017187499865,True
0.55,21,20284,1024,3,1,34,35,0.2734375,0.0029296875,8189,0.9996337890625,2848,0.34778361216265724,891.46484375,15.740234375,18.62976140071553,0.2713471269159367,0.34765625,0.1779979132812599,0.15586999609374175,1,9,9.0,2,2.8760098349139445,14,1481,,891.46484375,4,38,0.296875,0.16533017187499865,True
0.55,22,1052,1024,3,1,34,35,0.2734375,0.0029296875,8189,0.9996337890625,4408,0.5382830626450116,7899.1923828125,78.7080078125,9.154976697822171,0.04936697342518862,0.5380859375,0.1779979132812599,0.15586999609374175,1,9,9.0,0,1.8586339913773542,11,1994,,7899.1923828125,4,38,0.296875,0.16533017187499865,True
0.55,23,13752,1024,3,1,34,35,0.2734375,0.0029296875,8189,0.9996337890625,3670,0.4481621687629747,470.9716796875,13.7294921875,21.400855678053144,0.4230133979823864,0.447998046875,0.1779979132812599,0.15586999609374175,1,9,9.0,2,2.231943308803489,10,1801,,470.9716796875,4,38,0.296875,0.16533017187499865,True
0.55,24,37139,1024,2,1,34,35,0.2734375,0.001953125,8190,0.999755859375,4089,0.49926739926739927,21802.6630859375,128.8779296875,4.745708171307185,0.04430523223811579,0.4991455078125,0.1779979132812599,0.15586999609374175,1,9,9.0,4,2.0026908023483365,8,2099,,21802.6630859375,4,38,0.296875,0.16533017187499865,True
0.55,25,29727,1024,2,1,34,35,0.2734375,0.001953125,8190,0.999755859375,4171,0.5092796092796092,23508.7548828125,141.7001953125,4.418507330974445,0.06546512985311498,0.5091552734375,0.1779979132812599,0.15586999609374175,1,9,9.0,0,1.9633093525179857,9,2184,,23508.7548828125,4,38,0.296875,0.16533017187499865,True
0.55,26,41854,1024,2,1,34,35,0.2734375,0.001953125,8190,0.999755859375,4214,0.5145299145299145,25578.40234375,158.294921875,4.052069464079311,0.173291864868521,0.514404296875,0.1779979132812599,0.15586999609374175,1,9,9.0,0,1.9442202705910279,8,2276,,25578.40234375,4,38,0.296875,0.16533017187499865,True
0.55,27,40333,1024,2,1,34,35,0.2734375,0.001953125,8190,0.999755859375,4109,0.5017094017094017,15044.28515625,111.458984375,6.357088042236262,0.05966579731784828,0.5015869140625,0.1779979132812599,0.15586999609374175,1,9,9.0,0,1.9939143135345667,8,2172,,15044.28515625,4,38,0.296875,0.16533017187499865,True
0.55,28,33248,1024,2,1,34,35,0.2734375,0.001953125,8190,0.999755859375,3277,0.40012210012210014,10005.841796875,80.859375,8.128267289292916,0.17856737380555399,0.4000244140625,0.1779979132812599,0.15586999609374175,1,9,9.0,375,2.385836385836386,8,1828,0.0,10476.464212678937,4,38,0.296875,0.16533017187499865,True
0.55,29,9680,1024,3,1,34,35,0.2734375,0.0029296875,8189,0.9996337890625,3897,0.4758822811088045,10208.3046875,87.67578125,8.041267369001888,0.03194535195557313,0.4757080078125,0.1779979132812599,0.15586999609374175,1,9,9.0,0,2.1021560574948666,11,2132,,10208.3046875,4,38,0.296875,0.16533017187499865,True
0.55,30,16805,1024,3,1,34,35,0.2734375,0.0029296875,8189,0.9996337890625,3532,0.431310294297228,1753.9501953125,32.3818359375,15.690631037695017,0.14265449279664097,0.43115234375,0.1779979132812599,0.15586999609374175,1,9,9.0,2,2.319173038799207,14,2007,,1753.9501953125,4,38,0.296875,0.16533017187499865,True
0.55,31,14652,1024,2,1,34,35,0.2734375,0.001953125,8190,0.999755859375,4055,0.49511599511599513,21474.212890625,143.779296875,4.811631065729164,0.18138246446030815,0.4949951171875,0.1779979132812599,0.15586999609374175,1,9,9.0,0,2.019733596447953,8,2356,,21474.212890625,4,38,0.296875,0.16533017187499865,True
0.55,32,15793,1024,3,1,34,35,0.2734375,0.0029296875,8189,0.9996337890625,3668,0.44791793869825375,14062.203125,110.662109375,6.6502699394831435,0.13640039367171491,0.44775390625,0.1779979132812599,0.15586999609374175,1,9,9.0,0,2.233706026724843,9,1904,,14062.203125,4,38,0.296875,0.16533017187499865,True
0.55,33,30210,1024,2,1,34,35,0.2734375,0.001953125,8190,0.999755859375,3420,0.4175824175824176,9034.0908203125,67.0029296875,8.571959086294397,0.308935108851516,0.41748046875,0.1779979132812599,0.15586999609374175,1,9,9.0,3,2.3942673296285464,69,1981,,9034.0908203125,4,38,0.296875,0.16533017187499865,True
0.55,34,47426,1024,3,1,34,35,0.2734375,0.0029296875,8189,0.9996337890625,4358,0.5321773110269874,11404.5576171875,98.4755859375,7.560019172123287,0.045613721668779195,0.531982421875,0.1779979132812599,0.15586999609374175,1,9,9.0,3,1.878127151709892,13,2169,,11404.5576171875,4,38,0.296875,0.16533017187499865,True
0.55,35,20875,1024,2,1,34,35,0.2734375,0.001953125,8190,0.999755859375,4413,0.5388278388278388,30717.3603515625,168.4755859375,3.2569646832372086,0.053609091335253295,0.5386962890625,0.1779979132812599,0.15586999609374175,1,9,9.0,0,1.8565276518585676,8,2182,,30717.3603515625,4,38,0.296875,0.16533017187499865,True
0.55,36,4161,1024,3,1,34,35,0.2734375,0.0029296875,8189,0.9996337890625,3880,0.4738063255586763,6993.6875,65.953125,9.683741381073927,0.10169509916107779,0.4736328125,0.1779979132812599,0.15586999609374175,1,9,9.0,0,2.111626707914411,13,1976,,6993.6875,4,38,0.296875,0.16533017187499865,True
0.55,37,40340,1024,3,1,34,35,0.2734375,0.0029296875,8189,0.9996337890625,4443,0.5425570887776285,3012.62109375,45.568359375,13.341358482591076,0.15752808794324355,0.5423583984375,0.1779979132812599,0.15586999609374175,1,9,9.0,3,1.8433138226024313,26,1889,,3012.62109375,4,38,0.296875,0.16533017187499865,True
0.55,38,28286,1024,3,1,34,35,0.2734375,0.0029296875,8189,0.9996337890625,4247,0.5186225424349737,7396.53125,76.171875,9.440522644032587,0.13201695660030072,0.5184326171875,0.1779979132812599,0.15586999609374175,1,9,9.0,0,1.9291097503532737,15,2142,,7396.53125,4,38,0.296875,0.16533017187499865,True
0.55,39,13256,1024,3,1,34,35,0.2734375,0.0029296875,8189,0.9996337890625,3970,0.4847966784711198,2579.3720703125,37.9345703125,14.015663679239914,0.10151005564374775,0.484619140625,0.1779979132812599,0.15586999609374175,1,9,9.0,6,2.0622323003275382,14,1911,,2579.3720703125,4,38,0.296875,0.16533017187499865,True
0.55,40,48934,1024,3,1,34,35,0.2734375,0.0029296875,8189,0.9996337890625,4079,0.4981072169984125,9800.521484375,88.865234375,8.218311758120555,0.02706325040653085,0.4979248046875,0.1779979132812599,0.15586999609374175,1,9,9.0,0,2.008582638548308,15,2080,,9800.521484375,4,38,0.296875,0.16533017187499865,True
0.55,41,11935,1024,2,1,34,35,0.2734375,0.001953125,8190,0.999755859375,3861,0.4714285714285714,14541.4912109375,113.8779296875,6.504714157290837,0.09335085608105634,0.4713134765625,0.1779979132812599,0.15586999609374175,1,9,9.0,0,2.121502590673575,10,2136,,14541.4912109375,4,38,0.296875,0.16533017187499865,True
0.55,42,48447,1024,2,1,34,35,0.2734375,0.001953125,8190,0.999755859375,3842,0.4691086691086691,17774.2158203125,130.3330078125,5.632899116587181,0.12369617499818528,0.468994140625,0.1779979132812599,0.15586999609374175,1,9,9.0,0,2.132517573548555,8,2067,,17774.2158203125,4,38,0.296875,0.16533017187499865,True
0.55,43,15492,1024,3,1,34,35,0.2734375,0.0029296875,8189,0.9996337890625,3826,0.46721211381121014,2318.8974609375,37.2939453125,14.477988158235364,0.07029894900939514,0.467041015625,0.1779979132812599,0.15586999609374175,1,9,9.0,4,2.1403921568627453,10,1799,,2318.8974609375,4,38,0.296875,0.16533017187499865,True
0.55,44,32513,1024,3,1,34,35,0.2734375,0.0029296875,8189,0.9996337890625,4841,0.591158871657101,5632.7744140625,69.4619140625,10.62358002263419,0.20741181108152884,0.5909423828125,0.1779979132812599,0.15586999609374175,1,9,9.0,2,1.6919421487603306,14,1897,,5632.7744140625,4,38,0.296875,0.16533017187499865,True
0.55,45,36099,1024,2,1,34,35,0.2734375,0.001953125,8190,0.999755859375,3813,0.4655677655677656,20775.7470703125,126.6787109375,4.955237114355471,0.08265445976338844,0.4654541015625,0.1779979132812599,0.15586999609374175,1,9,9.0,15,2.1445435466946483,8,2076,0.0,20796.055718475072,4,38,0.296875,0.16533017187499865,True
0.55,46,39260,1024,2,1,34,35,0.2734375,0.001953125,8190,0.999755859375,3968,0.4844932844932845,25549.8154296875,155.8896484375,4.056925937027666,0.181470555598817,0.484375,0.1779979132812599,0.15586999609374175,1,9,9.0,0,2.0645323922359466,8,2281,,25549.8154296875,4,38,0.296875,0.16533017187499865,True
0.55,47,46517,1024,2,1,34,35,0.2734375,0.001953125,8190,0.999755859375,4380,0.5347985347985348,26874.7861328125,157.9326171875,3.837353440078379,0.13948254751663094,0.53466796875,0.1779979132812599,0.15586999609374175,1,9,9.0,0,1.8702900205526376,8,2278,,26874.7861328125,4,38,0.296875,0.16533017187499865,True
0.55,48,33095,1024,3,1,34,35,0.2734375,0.0029296875,8189,0.9996337890625,4134,0.5048235437782391,3599.9326171875,49.4560546875,12.567859890610455,0.09985562927551439,0.504638671875,0.1779979132812599,0.15586999609374175,1,9,9.0,0,1.9816114202758286,15,1925,,3599.9326171875,4,38,0.296875,0.16533017187499865,True
0.55,49,3,1024,3,1,34,35,0.2734375,0.0029296875,8189,0.9996337890625,4682,0.5717425815117841,6498.033203125,76.3125,10.002984347304256,0.14048445086004593,0.571533203125,0.1779979132812599,0.15586999609374175,1,9,9.0,0,1.749626148258919,15,2033,,6498.033203125,4,38,0.296875,0.16533017187499865,True
0.55,50,21683,1024,3,1,34,35,0.2734375,0.0029296875,8189,0.9996337890625,4406,0.5380388325802906,8434.791015625,84.220703125,8.870060340951342,0.08869277241396369,0.537841796875,0.1779979132812599,0.15586999609374175,1,9,9.0,0,1.8592508513053347,11,2114,,8434.791015625,4,38,0.296875,0.16533017187499865,True
0.55,51,13446,1024,3,1,34,35,0.2734375,0.0029296875,8189,0.9996337890625,4221,0.5154475515936012,4968.296875,61.388671875,11.168728221450046,0.04371610210083127,0.5152587890625,0.1779979132812599,0.15586999609374175,1,9,9.0,3,1.9402843601895734,11,2096,,4968.296875,4,38,0.296875,0.16533017187499865,True
0.55,52,49515,1024,2,1,34,35,0.2734375,0.001953125,8190,0.999755859375,4115,0.5024420024420024,11766.484375,100.056640625,7.424336384330235,0.1785547833683269,0.5023193359375,0.1779979132812599,0.15586999609374175,1,9,9.0,2,1.9902771025765678,8,2197,,11766.484375,4,38,0.296875,0.16533017187499865,True
0.55,53,27943,1024,2,1,34,35,0.2734375,0.001953125,8190,0.999755859375,4405,0.5378510378510378,28011.671875,155.4921875,3.6574133042997947,0.0912015879840609,0.5377197265625,0.1779979132812599,0.15586999609374175,1,9,9.0,0,1.8599000908265213,9,2102,,28011.671875,4,38,0.296875,0.16533017187499865,True
0.55,54,29059,1024,3,1,34,35,0.2734375,0.0029296875,8189,0.9996337890625,4173,0.509586030040298,6853.8310546875,71.3603515625,9.771469658982607,0.049298469372501506,0.5093994140625,0.1779979132812599,0.15586999609374175,1,9,9.0,2,1.962607861936721,16,2115,,6853.8310546875,4,38,0.296875,0.16533017187499865,True
0.55,55,32738,1024,3,1,34,35,0.2734375,0.0029296875,8189,0.9996337890625,3315,0.40481133227500304,2518.9736328125,35.6630859375,14.118567392943572,0.4384489956125233,0.4046630859375,0.1779979132812599,0.15586999609374175,1,9,9.0,2,2.471031985515993,13,1722,,2518.9736328125,4,38,0.296875,0.16533017187499865,True
0.55,56,445,1024,3,1,34,35,0.2734375,0.0029296875,8189,0.9996337890625,4390,0.5360849920625229,6066.08984375,68.71484375,10.301715225892913,0.07397732016267168,0.535888671875,0.17870094609375542,0.16823029062499018,1,9,9.0,0,1.8660287081339713,15,2030,,6066.08984375,4,38,0.296875,0.1707279578125025,True
0.55,57,32216,1024,3,1,34,35,0.2734375,0.0029296875,8189,0.9996337890625,4089,0.49932836732201735,5813.4609375,64.169921875,10.486456022197096,0.13067845658305624,0.4991455078125,0.17870094609375542,0.16823029062499018,1,9,9.0,0,2.003180039138943,12,2087,,5813.4609375,4,38,0.296875,0.1707279578125025,True
0.55,58,18250,1024,3,1,34,35,0.2734375,0.0029296875,8189,0.9996337890625,4028,0.4918793503480278,2473.8623046875,40.5400390625,14.197048377569493,0.0858164492607504,0.49169921875,0.17870094609375542,0.16823029062499018,1,9,9.0,2,2.0335237149242613,12,1762,,2473.8623046875,4,38,0.296875,0.1707279578125025,True
0.55,59,1684,1024,2,1,34,35,0.2734375,0.001953125,8190,0.999755859375,4076,0.4976800976800977,22039.8984375,138.224609375,4.698707719647031,0.07118283082047788,0.49755859375,0.17870094609375542,0.16823029062499018,1,9,9.0,0,2.0100613496932516,8,2308,,22039.8984375,4,38,0.296875,0.1707279578125025,True
0.55,60,2899,1024,3,1,34,35,0.2734375,0.0029296875,8189,0.9996337890625,4594,0.5609964586640616,8072.74609375,79.029296875,9.060590677202299,0.16172844288070637,0.560791015625,0.17870094609375542,0.16823029062499018,1,9,9.0,0,1.7833659917265403,13,1892,,8072.74609375,4,38,0.296875,0.1707279578125025,True
0.55,61,39428,1024,2,1,34,35,0.2734375,0.001953125,8190,0.999755859375,3383,0.41306471306471304,6607.62109375,61.880859375,9.93035229947171,0.10742691446619451,0.4129638671875,0.17870094609375542,0.16823029062499018,1,9,9.0,5,2.4195742164399765,8,1948,,6607.62109375,4,38,0.296875,0.1707279578125025,True
0.55,62,40758,1024,2,1,34,35,0.2734375,0.001953125,8190,0.999755859375,4381,0.5349206349206349,22672.2216796875,136.4501953125,4.575862815903912,0.026426357281551967,0.5347900390625,0.17870094609375542,0.16823029062499018,1,9,9.0,2,1.869634703196347,23,2153,,22672.2216796875,4,38,0.296875,0.1707279578125025,True
0.55,63,29154,1024,2,1,34,35,0.2734375,0.001953125,8190,0.999755859375,4291,0.523931623931624,22675.5576171875,138.1806640625,4.575223852200154,0.06241355402456757,0.5238037109375,0.17870094609375542,0.16823029062499018,1,9,9.0,0,1.9093240093240094,10,2164,,22675.5576171875,4,38,0.296875,0.1707279578125025,True
0.55,64,43958,1024,3,1,34,35,0.2734375,0.0029296875,8189,0.9996337890625,4754,0.5805348638417389,6759.896484375,78.609375,9.831403153122121,0.13998347664150237,0.580322265625,0.17870094609375542,0.16823029062499018,1,9,9.0,0,1.723332632021881,20,1974,,6759.896484375,4,38,0.296875,0.1707279578125025,True
0.55,65,33814,1024,2,1,34,35,0.2734375,0.001953125,8190,0.999755859375,4019,0.4907203907203907,20936.2744140625,127.8486328125,4.921809588530103,0.04112437663284123,0.4906005859375,0.17870094609375542,0.16823029062499018,1,9,9.0,4,2.037580886012942,8,2094,,20936.2744140625,4,38,0.296875,0.1707279578125025,True
0.55,66,34153,1024,3,1,34,35,0.2734375,0.0029296875,8189,0.9996337890625,4086,0.4989620222249359,4705.720703125,56.771484375,11.40454213780395,0.09023816267865623,0.498779296875,0.17870094609375542,0.16823029062499018,1,9,9.0,4,2.004161566707466,16,1888,,4705.720703125,4,38,0.296875,0.1707279578125025,True
0.55,67,43609,1024,3,1,34,35,0.2734375,0.0029296875,8189,0.9996337890625,4237,0.5174013921113689,7120.18359375,75.98046875,9.60589168814683,0.05135216714755995,0.5172119140625,0.17870094609375542,0.16823029062499018,1,9,9.0,0,1.93342776203966,16,2117,,7120.18359375,4,38,0.296875,0.1707279578125025,True
0.55,68,10762,1024,3,1,34,35,0.2734375,0.0029296875,8189,0.9996337890625,3975,0.4854072536329222,5858.875,61.751953125,10.452661285011757,0.055874051856471985,0.4852294921875,0.17870094609375542,0.16823029062499018,1,9,9.0,2,2.0603925515853043,15,1923,,5858.875,4,38,0.296875,0.1707279578125025,True
0.55,69,17898,1024,2,1,34,35,0.2734375,0.001953125,8190,0.999755859375,4133,0.5046398046398046,20646.8134765625,138.6533203125,4.9822732648958645,0.22847850819571058,0.5045166015625,0.17870094609375542,0.16823029062499018,1,9,9.0,0,1.9823330106485963,8,2587,,20646.8134765625,4,38,0.296875,0.1707279578125025,True
0.55,70,43653,1024,3,1,34,35,0.2734375,0.0029296875,8189,0.9996337890625,3901,0.4763707412382464,9748.3330078125,80.4111328125,8.241500043903931,0.07476294649066015,0.4761962890625,0.17870094609375542,0.16823029062499018,1,9,9.0,0,2.10025641025641,12,2072,,9748.3330078125,4,38,0.296875,0.1707279578125025,True
0.55,71,14233,1024,2,1,34,35,0.2734375,0.001953125,8190,0.999755859375,4136,0.505006105006105,21895.998046875,139.4609375,4.727156152049483,0.046714254850064536,0.5048828125,0.17870094609375542,0.16823029062499018,1,9,9.0,0,1.980894800483676,8,2169,,21895.998046875,4,38,0.296875,0.1707279578125025,True
0.55,72,39520,1024,2,1,34,35,0.2734375,0.001953125,8190,0.999755859375,4063,0.4960927960927961,18227.994140625,123.927734375,5.523414805611111,0.06477976058053705,0.4959716796875,0.17870094609375542,0.16823029062499018,1,9,9.0,2,2.016001969473166,8,2206,,18227.994140625,4,38,0.296875,0.1707279578125025,True
0.55,73,18138,1024,3,1,34,35,0.2734375,0.0029296875,8189,0.9996337890625,3785,0.46220539748443035,1863.248046875,35.439453125,15.428096862088019,0.1853476692443149,0.4620361328125,0.17870094609375542,0.16823029062499018,1,9,9.0,2,2.164112050739958,13,1827,,1863.248046875,4,38,0.296875,0.1707279578125025,True
0.55,74,9212,1024,3,1,34,35,0.2734375,0.0029296875,8189,0.9996337890625,3920,0.4786909268530956,4291.3251953125,54.1064453125,11.804889343850123,0.26712251361278827,0.478515625,0.17870094609375542,0.16823029062499018,1,9,9.0,0,2.090073998468997,10,2394,,4291.3251953125,4,38,0.296875,0.1707279578125025,True
0.55,75,6456,1024,2,1,34,35,0.2734375,0.001953125,8190,0.999755859375,4305,0.5256410256410257,27425.9638671875,157.4384765625,3.7491846136336813,0.0789669609018241,0.5255126953125,0.17870094609375542,0.16823029062499018,1,9,9.0,0,1.9031133828996283,14,2088,,27425.9638671875,4,38,0.296875,0.1707279578125025,True
0.55,76,22948,1024,3,1,34,35,0.2734375,0.0029296875,8189,0.9996337890625,3808,0.4650140432287215,4297.7275390625,51.9501953125,11.798414815953178,0.24122602835113002,0.46484375,0.17870094609375542,0.16823029062499018,1,9,9.0,3,2.1507748883635407,12,2043,,4297.7275390625,4,38,0.296875,0.1707279578125025,True
0.55,77,7591,1024,3,1,34,35,0.2734375,0.0029296875,8189,0.9996337890625,4408,0.5382830626450116,7506.654296875,76.31640625,9.376339450570239,0.10848546270407114,0.5380859375,0.17870094609375542,0.16823029062499018,1,9,9.0,0,1.8584070796460177,21,1984,,7506.654296875,4,38,0.296875,0.1707279578125025,True
0.55,78,29996,1024,3,1,34,35,0.2734375,0.0029296875,8189,0.9996337890625,4026,0.49163512028330686,8051.462890625,72.83984375,9.072055652695278,0.1839955830038223,0.491455078125,0.17870094609375542,0.16823029062499018,1,9,9.0,0,2.035031055900621,9,2207,,8051.462890625,4,38,0.296875,0.1707279578125025,True
0.55,79,10378,1024,2,1,34,35,0.2734375,0.001953125,8190,0.999755859375,3132,0.3824175824175824,6973.22265625,59.728515625,9.696468283409038,0.0365724149245593,0.38232421875,0.17870094609375542,0.16823029062499018,1,9,9.0,2,2.615458320025551,8,1956,,6973.22265625,4,38,0.296875,0.1707279578125025,True
0.55,80,27337,1024,3,1,34,35,0.2734375,0.0029296875,8189,0.9996337890625,4596,0.5612406887287825,3031.5576171875,50.9951171875,13.314145341030269,0.195642299008227,0.56103515625,0.17870094609375542,0.16823029062499018,1,9,9.0,3,1.7815016322089228,42,2028,,3031.5576171875,4,38,0.296875,0.1707279578125025,True
0.55,81,19965,1024,3,1,34,35,0.2734375,0.0029296875,8189,0.9996337890625,4585,0.5598974233728172,4398.75390625,61.201171875,11.697506953555365,0.09911063336418385,0.5596923828125,0.17870094609375542,0.16823029062499018,1,9,9.0,0,1.786867364746946,31,1881,,4398.75390625,4,38,0.296875,0.1707279578125025,True
0.55,82,24405,1024,3,1,34,35,0.2734375,0.0029296875,8189,0.9996337890625,4521,0.5520820613017462,5925.849609375,67.66796875,10.403297354328473,0.1269937544326909,0.5518798828125,0.17870094609375542,0.16823029062499018,1,9,9.0,0,1.8121681415929203,15,2032,,5925.849609375,4,38,0.296875,0.1707279578125025,True
0.55,83,45135,1024,3,1,34,35,0.2734375,0.0029296875,8189,0.9996337890625,4507,0.5503724508486995,4843.35546875,63.697265625,11.27934016444263,0.1429249287488911,0.5501708984375,0.17870094609375542,0.16823029062499018,1,9,9.0,0,1.8175765645805593,16,1867,,4843.35546875,4,38,0.296875,0.1707279578125025,True
0.55,84,11274,1024,3,1,34,35,0.2734375,0.0029296875,8189,0.9996337890625,4072,0.4972524117718891,11158.9931640625,94.0615234375,7.654553493324431,0.058675488891735766,0.4970703125,0.17870094609375542,0.16823029062499018,1,9,9.0,0,2.011545074920167,13,2047,,11158.9931640625,4,38,0.296875,0.1707279578125025,True
0.55,85,1941,1024,2,1,34,35,0.2734375,0.001953125,8190,0.999755859375,4120,0.503052503052503,18014.84375,131.470703125,5.57449861204054,0.15029148085265107,0.5029296875,0.17870094609375542,0.16823029062499018,1,9,9.0,0,1.9881039087157077,8,2168,,18014.84375,4,38,0.296875,0.1707279578125025,True
0.55,86,48940,1024,3,1,34,35,0.2734375,0.0029296875,8189,0.9996337890625,4430,0.5409695933569423,10303.1728515625,95.4052734375,8.00109375023489,0.061362779148349894,0.540771484375,0.17870094609375542,0.16823029062499018,1,9,9.0,0,1.849401670806051,13,2176,,10303.1728515625,4,38,0.296875,0.1707279578125025,True
0.55,87,36794,1024,3,1,34,35,0.2734375,0.0029296875,8189,0.9996337890625,4235,0.517157162046648,5094.6416015625,61.3193359375,11.059667232494022,0.07271671584082638,0.5169677734375,0.17870094609375542,0.16823029062499018,1,9,9.0,0,1.9345772319319792,17,2086,,5094.6416015625,4,38,0.296875,0.1707279578125025,True
0.55,88,21994,1024,2,1,34,35,0.2734375,0.001953125,8190,0.999755859375,3860,0.4713064713064713,14796.525390625,107.84765625,6.429206171514084,0.06804684113289658,0.47119140625,0.17870094609375542,0.16823029062499018,1,9,9.0,2,2.121793210676341,8,2124,,14796.525390625,4,38,0.296875,0.1707279578125025,True
0.55,89,49944,1024,2,1,34,35,0.2734375,0.001953125,8190,0.999755859375,3903,0.47655677655677653,20299.3583984375,129.5869140625,5.055980494779328,0.09833556811635355,0.4764404296875,0.17870094609375542,0.16823029062499018,1,9,9.0,0,2.0991799077396207,8,1969,,20299.3583984375,4,38,0.296875,0.1707279578125025,True
0.55,90,43442,1024,3,1,34,35,0.2734375,0.0029296875,8189,0.9996337890625,2692,0.3287336671144218,707.75,18.611328125,19.632004828307696,0.6365025358695069,0.32861328125,0.17870094609375542,0.16823029062499018,1,9,9.0,2,3.043106651802304,9,1668,,707.75,4,38,0.296875,0.1707279578125025,True
0.55,91,45096,1024,3,1,34,35,0.2734375,0.0029296875,8189,0.9996337890625,3581,0.4372939308828917,914.9521484375,22.8193359375,18.516819796025224,0.263871122532896,0.4371337890625,0.17870094609375542,0.16823029062499018,1,9,9.0,4,2.286871508379888,10,1950,,914.9521484375,4,38,0.296875,0.1707279578125025,True
0.55,92,42430,1024,2,1,34,35,0.2734375,0.001953125,8190,0.999755859375,3915,0.47802197802197804,16026.9892578125,125.2138671875,6.082284150281283,0.32409388442723785,0.4779052734375,0.17870094609375542,0.16823029062499018,1,9,9.0,0,2.0927439959121106,8,1919,,16026.9892578125,4,38,0.296875,0.1707279578125025,True
0.55,93,42255,1024,2,1,34,35,0.2734375,0.001953125,8190,0.999755859375,4114,0.5023199023199023,17342.212890625,124.88671875,5.7397584760837255,0.16064175363254038,0.502197265625,0.17870094609375542,0.16823029062499018,1,9,9.0,0,1.9910041332360806,8,2186,,17342.212890625,4,38,0.296875,0.1707279578125025,True
0.55,94,5771,1024,2,1,34,35,0.2734375,0.001953125,8190,0.999755859375,4642,0.5667887667887668,30773.9658203125,161.4580078125,3.2489689377563016,0.028660498355079878,0.566650390625,0.17870094609375542,0.16823029062499018,1,9,9.0,23,1.7588881706528765,62,1885,0.0,30834.188845401175,4,38,0.296875,0.1707279578125025,True
0.55,95,8320,1024,2,1,34,35,0.2734375,0.001953125,8190,0.999755859375,4310,0.5262515262515263,27653.5751953125,160.2158203125,3.713290737905954,0.0592825449973297,0.526123046875,0.17870094609375542,0.16823029062499018,1,9,9.0,0,1.9006730099791136,10,2129,,27653.5751953125,4,38,0.296875,0.1707279578125025,True
0.55,96,48807,1024,3,1,34,35,0.2734375,0.0029296875,8189,0.9996337890625,4094,0.49993894248381976,3586.052734375,48.154296875,12.584636891164605,0.10421919289427042,0.499755859375,0.17870094609375542,0.16823029062499018,1,9,9.0,3,2.0,20,1964,,3586.052734375,4,38,0.296875,0.1707279578125025,True
0.55,97,2675,1024,3,1,34,35,0.2734375,0.0029296875,8189,0.9996337890625,3724,0.4547563805104408,1560.78515625,26.06640625,16.19737234792424,0.3609406507681398,0.45458984375,0.17870094609375542,0.16823029062499018,1,9,9.0,2,2.199570239054526,15,1941,,1560.78515625,4,38,0.296875,0.1707279578125025,True
0.55,98,37658,1024,3,1,34,35,0.2734375,0.0029296875,8189,0.9996337890625,3930,0.4799120771767004,9800.611328125,82.3671875,8.218271945477854,0.027948418514064627,0.479736328125,0.17870094609375542,0.16823029062499018,1,9,9.0,0,2.0839908373631966,15,2013,,9800.611328125,4,38,0.296875,0.1707279578125025,True
0.55,99,45710,1024,3,1,34,35,0.2734375,0.0029296875,8189,0.9996337890625,4443,0.5425570887776285,6436.5419921875,70.9287109375,10.044277539204607,0.08328313362064876,0.5423583984375,0.17870094609375542,0.16823029062499018,1,9,9.0,3,1.8430886987843313,15,1927,,6436.5419921875,4,38,0.296875,0.1707279578125025,True
0.55,100,15813,1024,3,1,34,35,0.2734375,0.0029296875,8189,0.9996337890625,3568,0.4357064354622054,1320.7294921875,27.6435546875,16.92266485025081,0.25728508951739304,0.435546875,0.17870094609375542,0.16823029062499018,1,9,9.0,2,2.295766750770956,11,1662,,1320.7294921875,4,38,0.296875,0.1707279578125025,True
0.55,101,7135,1024,2,1,34,35,0.2734375,0.001953125,8190,0.999755859375,4195,0.5122100122100122,19265.791015625,135.99609375,5.282935158724578,0.16000598531789115,0.5120849609375,0.17870094609375542,0.16823029062499018,1,9,9.0,0,1.9530281354315688,8,2116,,19265.791015625,4,38,0.296875,0.1707279578125025,True
0.55,102,31775,1024,2,1,34,35,0.2734375,0.001953125,8190,0.999755859375,4362,0.5326007326007326,14442.8212890625,118.1669921875,6.534283234105674,0.17490140551766212,0.532470703125,0.17870094609375542,0.16823029062499018,1,9,9.0,2,1.8777803256133914,8,2073,,14442.8212890625,4,38,0.296875,0.1707279578125025,True
0.55,103,31772,1024,3,1,34,35,0.2734375,0.0029296875,8189,0.9996337890625,4139,0.5054341189400415,3910.255859375,50.748046875,12.208751853955143,0.08381030773408965,0.5052490234375,0.17870094609375542,0.16823029062499018,1,9,9.0,0,1.9784920251329146,12,1978,,3910.255859375,4,38,0.296875,0.1707279578125025,True
0.55,104,25160,1024,2,1,34,35,0.2734375,0.001953125,8190,0.999755859375,4129,0.5041514041514041,15955.5390625,123.3671875,6.101688793258874,0.19613577211919261,0.5040283203125,0.17870094609375542,0.16823029062499018,1,9,9.0,0,1.9840116279069768,8,2107,,15955.5390625,4,38,0.296875,0.1707279578125025,True
0.55,105,36108,1024,2,1,34,35,0.2734375,0.001953125,8190,0.999755859375,4460,0.5445665445665445,34671.1044921875,181.4541015625,2.7311268398734496,0.06608419951814044,0.54443359375,0.17870094609375542,0.16823029062499018,1,9,9.0,0,1.836958959407939,9,2105,,34671.1044921875,4,38,0.296875,0.1707279578125025,True
0.55,106,1260,1024,2,1,34,35,0.2734375,0.001953125,8190,0.999755859375,3282,0.40073260073260075,7426.841796875,65.490234375,9.42276187992569,0.06263222310323446,0.400634765625,0.17870094609375542,0.16823029062499018,1,9,9.0,2,2.4955806156659555,8,1935,,7426.841796875,4,38,0.296875,0.1707279578125025,True
0.55,107,37885,1024,3,1,34,35,0.2734375,0.0029296875,8189,0.9996337890625,4152,0.5070216143607278,6205.501953125,65.5,10.203034442264782,0.07918223691928943,0.5068359375,0.17870094609375542,0.16823029062499018,1,9,9.0,0,1.973018549747049,12,1979,,6205.501953125,4,38,0.296875,0.1707279578125025,True
0.55,108,41535,1024,2,1,34,35,0.2734375,0.001953125,8190,0.999755859375,3583,0.4374847374847375,19386.240234375,122.7890625,5.255867706541303,0.0897188649870212,0.4373779296875,0.17870094609375542,0.16823029062499018,1,9,9.0,127,2.2445561139028474,11,1936,0.0,19674.44003964321,4,38,0.296875,0.1707279578125025,True
0.55,109,44889,1024,3,1,34,35,0.2734375,0.0029296875,8189,0.9996337890625,4178,0.5101966052021004,3925.0869140625,48.8623046875,12.192310830019695,0.05860515172426226,0.510009765625,0.17870094609375542,0.16823029062499018,1,9,9.0,3,1.9602585587742398,15,1972,,3925.0869140625,4,38,0.296875,0.1707279578125025,True
0.55,110,28184,1024,3,1,34,35,0.2734375,0.0029296875,8189,0.9996337890625,4714,0.5756502625473195,4418.662109375,61.787109375,11.677895680959463,0.22413127794204316,0.575439453125,0.17870094609375542,0.16823029062499018,1,9,9.0,0,1.7379588372586463,21,1758,,4418.662109375,4,38,0.296875,0.1707279578125025,True
0.55,111,25319,1024,3,1,34,35,0.2734375,0.0029296875,8189,0.9996337890625,4317,0.5271705947002076,4279.341796875,55.720703125,11.817033853051006,0.07731381648898655,0.5269775390625,0.17870094609375542,0.16823029062499018,1,9,9.0,2,1.8971269694161261,15,1974,,4279.341796875,4,38,0.296875,0.1707279578125025,True
0.55,112,11010,1024,2,1,34,35,0.2734375,0.001953125,8190,0.999755859375,3721,0.45433455433455433,9856.3955078125,84.2373046875,8.193622387530972,0.1241417548750099,0.4542236328125,0.17870094609375542,0.16823029062499018,1,9,9.0,0,2.201344086021505,13,2133,,9856.3955078125,4,38,0.296875,0.1707279578125025,True
0.55,113,33880,1024,3,1,34,35,0.2734375,0.0029296875,8189,0.9996337890625,3512,0.4288679936500183,935.384765625,22.921875,18.420900684821643,0.13239021420270022,0.4287109375,0.17870094609375542,0.16823029062499018,1,9,9.0,5,2.331529478780974,8,1959,,935.384765625,4,38,0.296875,0.1707279578125025,True
0.55,114,19307,1024,3,1,34,35,0.2734375,0.0029296875,8189,0.9996337890625,3785,0.46220539748443035,1925.3193359375,36.2607421875,15.285775884085398,0.1666784157046155,0.4620361328125,0.17870094609375542,0.16823029062499018,1,9,9.0,3,2.163583509513742,9,1977,,1925.3193359375,4,38,0.296875,0.1707279578125025,True
0.55,115,12236,1024,2,1,34,35,0.2734375,0.001953125,8190,0.999755859375,2107,0.25726495726495724,6252.1591796875,45.1962890625,10.170503342623045,0.0683359819917323,0.2572021484375,0.17870094609375542,0.16823029062499018,1,9,9.0,15,3.848053181386515,8,1283,0.0,6258.270772238514,4,38,0.296875,0.1707279578125025,True
0.55,116,13805,1024,3,1,34,35,0.2734375,0.0029296875,8189,0.9996337890625,3848,0.4698986445231408,2013.626953125,37.87890625,15.091013450999942,0.1371940340719364,0.4697265625,0.17870094609375542,0.16823029062499018,1,9,9.0,0,2.12867169222771,14,2054,,2013.626953125,4,38,0.296875,0.1707279578125025,True
0.55,117,5814,1024,2,1,34,35,0.2734375,0.001953125,8190,0.999755859375,3800,0.463980463980464,11217.1943359375,94.3857421875,7.63196116852619,0.06388343458362837,0.4638671875,0.17870094609375542,0.16823029062499018,1,9,9.0,2,2.1555672545406686,8,2284,,11217.1943359375,4,38,0.296875,0.1707279578125025,True
0.55,118,48485,1024,2,1,34,35,0.2734375,0.001953125,8190,0.999755859375,3927,0.4794871794871795,14980.5927734375,110.8486328125,6.375513623816645,0.0505896490620666,0.4793701171875,0.17870094609375542,0.16823029062499018,1,9,9.0,2,2.085583290881304,8,2217,,14980.5927734375,4,38,0.296875,0.1707279578125025,True
0.55,119,12248,1024,2,1,34,35,0.2734375,0.001953125,8190,0.999755859375,3404,0.41562881562881565,15032.712890625,96.7734375,6.360429979050716,0.04075705209861439,0.41552734375,0.17870094609375542,0.16823029062499018,1,9,9.0,13,2.4025859535703793,9,1894,0.0,15047.407624633432,4,38,0.296875,0.1707279578125025,True
0.55,120,458,1024,2,1,34,35,0.2734375,0.001953125,8190,0.999755859375,3967,0.48437118437118437,15721.48046875,117.248046875,6.165869203646146,0.07358034214407734,0.4842529296875,0.17870094609375542,0.16823029062499018,1,9,9.0,0,2.065052950075643,8,2122,,15721.48046875,4,38,0.296875,0.1707279578125025,True
0.55,121,319,1024,2,1,34,35,0.2734375,0.001953125,8190,0.999755859375,4012,0.48986568986568985,19421.4580078125,113.6533203125,5.24798530714103,0.03766062035883091,0.48974609375,0.17870094609375542,0.16823029062499018,1,9,9.0,3,2.0413861879830466,9,2042,,19421.4580078125,4,38,0.296875,0.1707279578125025,True
0.55,122,21496,1024,2,1,34,35,0.2734375,0.001953125,8190,0.999755859375,4069,0.49682539682539684,18319.5419921875,122.3232421875,5.501657492190536,0.07179388756287769,0.4967041015625,0.17870094609375542,0.16823029062499018,1,9,9.0,2,2.0130285152409044,8,2215,,18319.5419921875,4,38,0.296875,0.1707279578125025,True
0.55,123,20390,1024,2,1,34,35,0.2734375,0.001953125,8190,0.999755859375,4354,0.5316239316239316,22611.8076171875,146.0927734375,4.587450790713961,0.15927490306926603,0.531494140625,0.17870094609375542,0.16823029062499018,1,9,9.0,0,1.8805421548357455,8,2272,,22611.8076171875,4,38,0.296875,0.1707279578125025,True
0.55,124,33691,1024,2,1,34,35,0.2734375,0.001953125,8190,0.999755859375,4675,0.5708180708180708,24074.3369140625,146.9677734375,4.3152602679634455,0.08470480510715679,0.5706787109375,0.17870094609375542,0.16823029062499018,1,9,9.0,0,1.7520325203252032,38,1902,,24074.3369140625,4,38,0.296875,0.1707279578125025,True
0.55,125,33872,1024,2,1,34,35,0.2734375,0.001953125,8190,0.999755859375,4021,0.49096459096459094,17323.486328125,123.1875,5.744450632153364,0.058709638413866116,0.4908447265625,0.17870094609375542,0.16823029062499018,1,9,9.0,2,2.035820895522388,8,2221,,17323.486328125,4,38,0.296875,0.1707279578125025,True
0.55,126,46987,1024,3,1,34,35,0.2734375,0.0029296875,8189,0.9996337890625,4380,0.5348638417389181,2692.9033203125,45.7958984375,13.828595990674263,0.31305730459452075,0.53466796875,0.17870094609375542,0.16823029062499018,1,9,9.0,2,1.8698332952728933,19,2117,,2692.9033203125,4,38,0.296875,0.1707279578125025,True
0.55,127,26772,1024,3,1,34,35,0.2734375,0.0029296875,8189,0.9996337890625,4163,0.5083648797166931,8280.052734375,78.349609375,8.950472581198492,0.0639113449138389,0.5081787109375,0.17870094609375542,0.16823029062499018,1,9,9.0,0,1.9680442095146564,14,1881,,8280.052734375,4,38,0.296875,0.1707279578125025,True
0.55,128,7057,1024,3,1,34,35,0.2734375,0.0029296875,8189,0.9996337890625,3908,0.47722554646476983,8016.6240234375,73.0537109375,9.090888450359394,0.11494514484713897,0.47705078125,0.17870094609375542,0.16823029062499018,1,9,9.0,0,2.0964934732531355,15,2167,,8016.6240234375,4,38,0.296875,0.1707279578125025,True
0.55,129,30014,1024,2,1,34,35,0.2734375,0.001953125,8190,0.999755859375,4229,0.5163614163614164,25428.4638671875,147.7705078125,4.077602356176559,0.057900275035140294,0.5162353515625,0.17870094609375542,0.16823029062499018,1,9,9.0,3,1.9366130558183539,9,2221,,25428.4638671875,4,38,0.296875,0.1707279578125025,True
0.55,130,48237,1024,2,1,34,35,0.2734375,0.001953125,8190,0.999755859375,4065,0.49633699633699635,26874.150390625,161.853515625,3.8374561767432565,0.11679376817560144,0.4962158203125,0.17870094609375542,0.16823029062499018,1,9,9.0,0,2.015501968503937,8,2311,,26874.150390625,4,38,0.296875,0.1707279578125025,True
0.55,131,4823,1024,2,1,34,35,0.2734375,0.001953125,8190,0.999755859375,4134,0.5047619047619047,19981.2255859375,127.6943359375,5.124582378945796,0.10297771903728528,0.504638671875,0.17870094609375542,0.16823029062499018,1,9,9.0,2,1.981369465279458,9,2156,,19981.2255859375,4,38,0.296875,0.1707279578125025,True
0.55,132,26627,1024,3,1,34,35,0.2734375,0.0029296875,8189,0.9996337890625,3953,0.48272072292099155,2171.5859375,38.482421875,14.76303340228128,0.10653622848930214,0.4825439453125,0.17870094609375542,0.16823029062499018,1,9,9.0,2,2.0713562753036436,15,1929,,2171.5859375,4,38,0.296875,0.1707279578125025,True
0.55,133,12293,1024,3,1,34,35,0.2734375,0.0029296875,8189,0.9996337890625,3903,0.47661497130296737,2607.0703125,39.74609375,13.96927616650493,0.06841330089669315,0.4764404296875,0.17870094609375542,0.16823029062499018,1,9,9.0,4,2.0981547924141464,15,1853,,2607.0703125,4,38,0.296875,0.1707279578125025,True
0.55,134,32803,1024,2,1,34,35,0.2734375,0.001953125,8190,0.999755859375,4069,0.49682539682539684,25213.4697265625,157.1943359375,4.114477460756001,0.16044231984460933,0.4967041015625,0.17870094609375542,0.16823029062499018,1,9,9.0,0,2.0130285152409044,8,2248,,25213.4697265625,4,38,0.296875,0.1707279578125025,True
0.55,135,41882,1024,2,1,34,35,0.2734375,0.001953125,8190,0.999755859375,3974,0.4852258852258852,19256.2080078125,119.0419921875,5.285095922757785,0.1589124219488346,0.485107421875,0.17870094609375542,0.16823029062499018,1,9,9.0,2,2.060911150264284,9,2086,,19256.2080078125,4,38,0.296875,0.1707279578125025,True
0.55,136,10235,1024,3,1,34,35,0.2734375,0.0029296875,8189,0.9996337890625,3474,0.4242276224203199,2231.4765625,32.2890625,14.644880311210613,0.20202705391471865,0.424072265625,0.17870094609375542,0.16823029062499018,1,9,9.0,0,2.3584797005470777,10,1761,,2231.4765625,4,38,0.296875,0.1707279578125025,True
0.55,137,30033,1024,3,1,34,35,0.2734375,0.0029296875,8189,0.9996337890625,4155,0.5073879594578092,10344.828125,89.33203125,7.983570814277003,0.0529192324200897,0.5072021484375,0.17870094609375542,0.16823029062499018,1,9,9.0,0,1.9715936446798266,13,2092,,10344.828125,4,38,0.296875,0.1707279578125025,True
0.55,138,20042,1024,3,1,34,35,0.2734375,0.0029296875,8189,0.9996337890625,4312,0.5265600195384051,3655.8896484375,51.0107421875,12.50087282612997,0.04427269114096993,0.5263671875,0.17870094609375542,0.16823029062499018,1,9,9.0,2,1.899327302250058,16,1880,,3655.8896484375,4,38,0.296875,0.1707279578125025,True
0.55,139,29399,1024,3,1,34,35,0.2734375,0.0029296875,8189,0.9996337890625,3901,0.4763707412382464,3548.7060546875,47.7978515625,12.63010333375531,0.13398407320925138,0.4761962890625,0.17870094609375542,0.16823029062499018,1,9,9.0,3,2.0994871794871797,13,2064,,3548.7060546875,4,38,0.296875,0.1707279578125025,True
0.55,140,6463,1024,3,1,34,35,0.2734375,0.0029296875,8189,0.9996337890625,4416,0.5392599829038954,5783.0390625,66.228515625,10.50924235040037,0.05985477508166404,0.5390625,0.17870094609375542,0.16823029062499018,1,9,9.0,2,1.8545866364665913,15,1904,,5783.0390625,4,38,0.296875,0.1707279578125025,True
0.55,141,25920,1024,2,1,34,35,0.2734375,0.001953125,8190,0.999755859375,4322,0.5277167277167277,25109.421875,155.638671875,4.132436473341097,0.30673839904501543,0.527587890625,0.17870094609375542,0.16823029062499018,1,9,9.0,0,1.8956260124971072,8,2379,,25109.421875,4,38,0.296875,0.1707279578125025,True
0.55,142,10327,1024,2,1,34,35,0.2734375,0.001953125,8190,0.999755859375,4214,0.5145299145299145,22041.005859375,140.28125,4.698489508511291,0.03909978369539226,0.514404296875,0.17870094609375542,0.16823029062499018,1,9,9.0,12,1.9406598623308806,9,2191,0.0,22062.551319648093,4,38,0.296875,0.1707279578125025,True
0.55,143,3805,1024,2,1,34,35,0.2734375,0.001953125,8190,0.999755859375,4122,0.5032967032967033,22605.2568359375,146.7451171875,4.588709151115434,0.07432086990021368,0.503173828125,0.17870094609375542,0.16823029062499018,1,9,9.0,0,1.986896384372725,8,2233,,22605.2568359375,4,38,0.296875,0.1707279578125025,True
0.55,144,37879,1024,2,1,34,35,0.2734375,0.001953125,8190,0.999755859375,3866,0.472039072039072,9341.8603515625,80.5595703125,8.42646989994836,0.40800115015009686,0.471923828125,0.17870094609375542,0.16823029062499018,1,9,9.0,0,2.11875808538163,23,2282,,9341.8603515625,4,38,0.296875,0.1707279578125025,True
0.55,145,22721,1024,3,1,34,35,0.2734375,0.0029296875,8189,0.9996337890625,4265,0.5208206130174624,4580.7021484375,58.3037109375,11.521483073575922,0.16182434620754918,0.5206298828125,0.17870094609375542,0.16823029062499018,1,9,9.0,0,1.920731707317073,16,1910,,4580.7021484375,4,38,0.296875,0.1707279578125025,True
0.55,146,43932,1024,3,1,34,35,0.2734375,0.0029296875,8189,0.9996337890625,4045,0.49395530589815606,6927.6923828125,67.7958984375,9.72491765838576,0.05079082563525357,0.4937744140625,0.17870094609375542,0.16823029062499018,1,9,9.0,0,2.025469831849654,14,2068,,6927.6923828125,4,38,0.296875,0.1707279578125025,True
0.55,147,47270,1024,2,1,34,35,0.2734375,0.001953125,8190,0.999755859375,4444,0.5426129426129426,28542.859375,161.404296875,3.5758288302898538,0.04593463038015368,0.54248046875,0.17870094609375542,0.16823029062499018,1,9,9.0,0,1.8435741616025207,9,2142,,28542.859375,4,38,0.296875,0.1707279578125025,True
0.55,148,11091,1024,3,1,34,35,0.2734375,0.0029296875,8189,0.9996337890625,4152,0.5070216143607278,3504.923828125,47.794921875,12.684017769060198,0.15169438640418342,0.5068359375,0.17870094609375542,0.16823029062499018,1,9,9.0,0,1.9732594555528788,12,1803,,3504.923828125,4,38,0.296875,0.1707279578125025,True
0.55,149,9736,1024,2,1,34,35,0.2734375,0.001953125,8190,0.999755859375,4112,0.5020757020757021,14515.470703125,116.283203125,6.512492373068129,0.11676738081548442,0.501953125,0.17870094609375542,0.16823029062499018,1,9,9.0,0,1.9924592556555583,8,2179,,14515.470703125,4,38,0.296875,0.1707279578125025,True
0.55,150,23206,1024,2,1,34,35,0.2734375,0.001953125,8190,0.999755859375,4112,0.5020757020757021,16463.1875,116.228515625,5.965664364533048,0.14523995683849864,0.501953125,0.17870094609375542,0.16823029062499018,1,9,9.0,2,1.991972756020433,8,2298,,16463.1875,4,38,0.296875,0.1707279578125025,True
0.55,151,25039,1024,2,1,34,35,0.2734375,0.001953125,8190,0.999755859375,4148,0.5064713064713064,22272.1982421875,141.7880859375,4.6531727731671,0.062366563153942824,0.50634765625,0.17870094609375542,0.16823029062499018,1,9,9.0,0,1.9751627682662165,8,2243,,22272.1982421875,4,38,0.296875,0.1707279578125025,True
0.55,152,21014,1024,2,1,34,35,0.2734375,0.001953125,8190,0.999755859375,2912,0.35555555555555557,17491.58984375,96.634765625,5.702510757466874,0.045170081610979684,0.35546875,0.17870094609375542,0.16823029062499018,1,9,9.0,87,2.750944692545517,8,1577,0.0,17664.090729783038,4,38,0.296875,0.1707279578125025,True
0.55,153,32412,1024,3,1,34,35,0.2734375,0.0029296875,8189,0.9996337890625,3646,0.4452314079863231,1218.6689453125,27.2802734375,17.2719461648881,0.11987834509823705,0.445068359375,0.17870094609375542,0.16823029062499018,1,9,9.0,3,2.2463648834019203,14,1770,,1218.6689453125,4,38,0.296875,0.1707279578125025,True
0.55,154,34022,1024,2,1,34,35,0.2734375,0.001953125,8190,0.999755859375,4119,0.5029304029304029,17749.7060546875,130.1435546875,5.638891955829521,0.20383413564127945,0.5028076171875,0.17870094609375542,0.16823029062499018,1,9,9.0,0,1.9890723652258377,8,2169,,17749.7060546875,4,38,0.296875,0.1707279578125025,True
0.55,155,21369,1024,2,1,34,35,0.2734375,0.001953125,8190,0.999755859375,3537,0.4318681318681319,9890.6064453125,76.6904296875,8.17857439566166,0.12612548103720156,0.4317626953125,0.17870094609375542,0.16823029062499018,1,9,9.0,2,2.3150452488687785,8,1940,,9890.6064453125,4,38,0.296875,0.1707279578125025,True
0.55,156,41654,1024,3,1,34,35,0.2734375,0.0029296875,8189,0.9996337890625,4533,0.5535474416900721,6819.6279296875,73.3857421875,9.793196801251469,0.07263247596614252,0.5533447265625,0.17870094609375542,0.16823029062499018,1,9,9.0,0,1.806928508384819,13,1912,,6819.6279296875,4,38,0.296875,0.1707279578125025,True
0.55,157,11953,1024,2,1,34,35,0.2734375,0.001953125,8190,0.999755859375,3910,0.47741147741147744,24389.4921875,139.6796875,4.258776028855657,0.06422202619835923,0.477294921875,0.17870094609375542,0.16823029062499018,1,9,9.0,14,2.091327705295472,8,2023,0.0,24413.333333333332,4,38,0.296875,0.1707279578125025,True
0.55,158,13700,1024,3,1,34,35,0.2734375,0.0029296875,8189,0.9996337890625,4585,0.5598974233728172,6244.4921875,67.79296875,10.175832342720387,0.12166337065035372,0.5596923828125,0.17870094609375542,0.16823029062499018,1,9,9.0,4,1.7851221640488657,15,1863,,6244.4921875,4,38,0.296875,0.1707279578125025,True
0.55,159,38205,1024,2,1,34,35,0.2734375,0.001953125,8190,0.999755859375,3837,0.4684981684981685,11629.38671875,92.921875,7.47523548262034,0.13659874245115708,0.4683837890625,0.17870094609375542,0.16823029062499018,1,9,9.0,2,2.1347758081334725,8,2298,,11629.38671875,4,38,0.296875,0.1707279578125025,True
0.55,160,40129,1024,3,1,34,35,0.2734375,0.0029296875,8189,0.9996337890625,4567,0.5576993527903285,11856.3134765625,107.6630859375,7.391306874946747,0.21493009677780137,0.5574951171875,0.17870094609375542,0.16823029062499018,1,9,9.0,0,1.7939115199299167,8,2488,,11856.3134765625,4,38,0.296875,0.1707279578125025,True
0.55,161,17080,1024,2,1,34,35,0.2734375,0.001953125,8190,0.999755859375,3911,0.47753357753357756,17102.2197265625,123.3642578125,5.800278789883801,0.08130364219942782,0.4774169921875,0.17870094609375542,0.16823029062499018,1,9,9.0,0,2.0948849104859333,9,2237,,17102.2197265625,4,38,0.296875,0.1707279578125025,True
0.55,162,1505,1024,2,1,34,35,0.2734375,0.001953125,8190,0.999755859375,4159,0.5078144078144078,22655.9453125,136.30859375,4.578981731680934,0.028399187911350147,0.5076904296875,0.17870094609375542,0.16823029062499018,1,9,9.0,3,1.9692159692159692,9,2091,,22655.9453125,4,38,0.296875,0.1707279578125025,True
0.55,163,36391,1024,2,1,34,35,0.2734375,0.001953125,8190,0.999755859375,4027,0.49169719169719167,15766.54296875,115.009765625,6.153438821351758,0.06606676667854243,0.4915771484375,0.17870094609375542,0.16823029062499018,1,9,9.0,2,2.03378042722305,8,2218,,15766.54296875,4,38,0.296875,0.1707279578125025,True
0.55,164,24660,1024,3,1,34,35,0.2734375,0.0029296875,8189,0.9996337890625,3906,0.47698131640004887,4461.806640625,51.904296875,11.635696153434784,0.11392152032579135,0.476806640625,0.17870094609375542,0.16823029062499018,1,9,9.0,2,2.0970550576184377,12,1953,,4461.806640625,4,38,0.296875,0.1707279578125025,True
0.55,165,24061,1024,2,1,34,35,0.2734375,0.001953125,8190,0.999755859375,3351,0.40915750915750915,5192.2138671875,55.9365234375,10.977277881259685,0.14884248328518646,0.4090576171875,0.17870094609375542,0.16823029062499018,1,9,9.0,4,2.4435820895522387,8,1879,,5192.2138671875,4,38,0.296875,0.1707279578125025,True
0.55,166,10964,1024,3,1,34,35,0.2734375,0.0029296875,8189,0.9996337890625,4367,0.5332763463182317,6386.99609375,68.142578125,10.077837103218464,0.11085290527775642,0.5330810546875,0.17870094609375542,0.16823029062499018,1,9,9.0,6,1.874713696747595,14,2165,,6386.99609375,4,38,0.296875,0.1707279578125025,True
0.55,167,20807,1024,2,1,34,35,0.2734375,0.001953125,8190,0.999755859375,4207,0.5136752136752136,21827.0419921875,133.0068359375,4.740854769001508,0.060276965115355144,0.5135498046875,0.17870094609375542,0.16823029062499018,1,9,9.0,0,1.9472182596291012,8,2182,,21827.0419921875,4,38,0.296875,0.1707279578125025,True
0.55,168,33388,1024,3,1,34,35,0.2734375,0.0029296875,8189,0.9996337890625,4158,0.5077543045548907,4241.7373046875,54.3271484375,11.855365921747168,0.04113095432455318,0.507568359375,0.17870094609375542,0.16823029062499018,1,9,9.0,2,1.9687274476786143,13,2000,,4241.7373046875,4,38,0.296875,0.1707279578125025,True
0.55,169,34571,1024,2,1,34,35,0.2734375,0.001953125,8190,0.999755859375,3927,0.4794871794871795,23184.30859375,121.34765625,4.47886212044174,0.027037953415993205,0.4793701171875,0.17870094609375542,0.16823029062499018,1,9,9.0,5,2.0850738665308204,10,1836,,23184.30859375,4,38,0.296875,0.1707279578125025,True
0.55,170,21194,1024,3,1,34,35,0.2734375,0.0029296875,8189,0.9996337890625,3710,0.4530467700573941,4238.6748046875,47.9599609375,11.858502625226885,0.14601448623484906,0.452880859375,0.17870094609375542,0.16823029062499018,1,9,9.0,3,2.2073335130763008,12,1953,,4238.6748046875,4,38,0.296875,0.1707279578125025,True
0.55,171,32696,1024,3,1,34,35,0.2734375,0.0029296875,8189,0.9996337890625,3682,0.44962754915130054,2818.30078125,37.94921875,13.630930198354125,0.20608038212952765,0.449462890625,0.17870094609375542,0.16823029062499018,1,9,9.0,0,2.2252105406139635,13,1829,,2818.30078125,4,38,0.296875,0.1707279578125025,True
0.55,172,46005,1024,2,1,34,35,0.2734375,0.001953125,8190,0.999755859375,3741,0.45677655677655676,22580.8505859375,149.4306640625,4.59340063765166,0.4078565685192413,0.4566650390625,0.17870094609375542,0.16823029062499018,1,9,9.0,0,2.189572192513369,8,2258,,22580.8505859375,4,38,0.296875,0.1707279578125025,True
0.55,173,19269,1024,2,1,34,35,0.2734375,0.001953125,8190,0.999755859375,3515,0.42918192918192916,6607.9052734375,68.7529296875,9.930165522696061,0.42724829099293726,0.4290771484375,0.17870094609375542,0.16823029062499018,1,9,9.0,2,2.330392714854866,8,2173,,6607.9052734375,4,38,0.296875,0.1707279578125025,True
0.55,174,5503,1024,2,1,34,35,0.2734375,0.001953125,8190,0.999755859375,4141,0.5056166056166056,24099.1103515625,143.9873046875,4.310793505145691,0.054407607272727046,0.5054931640625,0.17870094609375542,0.16823029062499018,1,9,9.0,0,1.9785024154589372,8,2144,,24099.1103515625,4,38,0.296875,0.1707279578125025,True
0.55,175,32979,1024,2,1,34,35,0.2734375,0.001953125,8190,0.999755859375,3802,0.46422466422466424,16322.3359375,112.98046875,6.002980488416178,0.04958939395957839,0.464111328125,0.17870094609375542,0.16823029062499018,1,9,9.0,2,2.154433043935806,9,2140,,16322.3359375,4,38,0.296875,0.1707279578125025,True
0.55,176,32764,1024,2,1,34,35,0.2734375,0.001953125,8190,0.999755859375,4088,0.49914529914529915,16682.537109375,121.30859375,5.908182612801314,0.07363934602163753,0.4990234375,0.17870094609375542,0.16823029062499018,1,9,9.0,0,2.0041595302177635,8,2171,,16682.537109375,4,38,0.296875,0.1707279578125025,True
0.55,177,36396,1024,3,1,34,35,0.2734375,0.0029296875,8189,0.9996337890625,4263,0.5205763829527414,3888.2294921875,54.6884765625,12.233284708046916,0.2600022162389488,0.5203857421875,0.17870094609375542,0.16823029062499018,1,9,9.0,0,1.9213984045049273,12,1924,,3888.2294921875,4,38,0.296875,0.1707279578125025,True
0.55,178,16139,1024,3,1,34,35,0.2734375,0.0029296875,8189,0.9996337890625,3905,0.4768592013676884,1156.361328125,17.82421875,17.49986801617776,0.5753636286181052,0.4766845703125,0.17870094609375542,0.16823029062499018,1,9,9.0,2,2.0960553278688523,11,1809,,1156.361328125,4,38,0.296875,0.1707279578125025,True
0.55,179,32110,1024,2,1,34,35,0.2734375,0.001953125,8190,0.999755859375,3196,0.39023199023199023,18629.90625,108.3125,5.42869691436516,0.08397785770620061,0.39013671875,0.17870094609375542,0.16823029062499018,1,9,9.0,14,2.5593114241001564,8,1653,0.0,18648.117302052786,4,38,0.296875,0.1707279578125025,True
0.55,180,37930,1024,3,1,34,35,0.2734375,0.0029296875,8189,0.9996337890625,4120,0.5031139333251924,3005.888671875,48.671875,13.351074691432032,0.0874303106277946,0.5029296875,0.17870094609375542,0.16823029062499018,1,9,9.0,3,1.9873755765962613,16,2114,,3005.888671875,4,38,0.296875,0.1707279578125025,True
0.55,181,5624,1024,3,1,34,35,0.2734375,0.0029296875,8189,0.9996337890625,4561,0.5569666625961656,3193.666015625,50.8671875,13.087908639543532,0.12623288353917334,0.5567626953125,0.17870094609375542,0.16823029062499018,1,9,9.0,7,1.7947368421052632,19,1742,,3193.666015625,4,38,0.296875,0.1707279578125025,True
0.55,182,37946,1024,2,1,34,35,0.2734375,0.001953125,8190,0.999755859375,4180,0.5103785103785103,19198.7451171875,126.5400390625,5.298075179191262,0.11822920481602234,0.51025390625,0.17870094609375542,0.16823029062499018,1,9,9.0,2,1.9595597032782963,8,2116,,19198.7451171875,4,38,0.296875,0.1707279578125025,True
0.55,183,6616,1024,2,1,34,35,0.2734375,0.001953125,8190,0.999755859375,3803,0.46434676434676436,14326.7353515625,104.4423828125,6.569331223428221,0.05808040375951771,0.4642333984375,0.17870094609375542,0.16823029062499018,1,9,9.0,0,2.1541294055760125,8,2126,,14326.7353515625,4,38,0.296875,0.1707279578125025,True
0.55,184,11706,1024,2,1,34,35,0.2734375,0.001953125,8190,0.999755859375,3931,0.47997557997558,15761.1650390625,111.2724609375,6.1549204420324735,0.09970976076670236,0.4798583984375,0.20634960546875902,0.2142550562499963,1,9,9.0,2,2.0834605597964377,8,2279,,15761.1650390625,4,38,0.296875,0.21147033203125432,True
0.55,185,10558,1024,2,1,34,35,0.2734375,0.001953125,8190,0.999755859375,3145,0.38400488400488403,10480.0029296875,70.6005859375,7.927189568130521,0.1146438831636119,0.3839111328125,0.20634960546875902,0.2142550562499963,1,9,9.0,7,2.602735368956743,15,1804,,10480.0029296875,4,38,0.296875,0.21147033203125432,True
0.55,186,18351,1024,2,1,34,35,0.2734375,0.001953125,8190,0.999755859375,2574,0.3142857142857143,9704.8349609375,70.2744140625,8.260922066317915,0.038040394839714185,0.314208984375,0.20634960546875902,0.2142550562499963,1,9,9.0,71,3.1496307811892734,8,1489,0.0,9781.250984251968,4,38,0.296875,0.21147033203125432,True
0.55,187,15023,1024,2,1,34,35,0.2734375,0.001953125,8190,0.999755859375,3852,0.4703296703296703,17648.89453125,124.361328125,5.663628530711873,0.14312015887894564,0.47021484375,0.20634960546875902,0.2142550562499963,1,9,9.0,14,2.1223058945728384,8,1955,0.0,17666.146627565984,4,38,0.296875,0.21147033203125432,True
0.55,188,9490,1024,2,1,34,35,0.2734375,0.001953125,8190,0.999755859375,3975,0.48534798534798534,13671.9892578125,103.3017578125,6.772486523836228,0.13560470989887563,0.4852294921875,0.20634960546875902,0.2142550562499963,1,9,9.0,2,2.0603925515853043,8,2233,,13671.9892578125,4,38,0.296875,0.21147033203125432,True
0.55,189,6355,1024,2,1,34,35,0.2734375,0.001953125,8190,0.999755859375,3560,0.4346764346764347,4872.275390625,61.439453125,11.253485333677403,0.2759514266784219,0.4345703125,0.20634960546875902,0.2142550562499963,1,9,9.0,0,2.3014891823545938,6,2165,,4872.275390625,4,38,0.296875,0.21147033203125432,True
0.55,190,8857,1024,3,1,34,35,0.2734375,0.0029296875,8189,0.9996337890625,3128,0.38197582122359264,845.3232421875,15.1513671875,18.860575507884967,0.37650898566427965,0.3818359375,0.20634960546875902,0.2142550562499963,1,9,9.0,2,2.6188039654621043,15,1383,,845.3232421875,4,38,0.296875,0.21147033203125432,True
0.55,191,31811,1024,2,1,34,35,0.2734375,0.001953125,8190,0.999755859375,3885,0.47435897435897434,25181.134765625,136.53515625,4.120050635573565,0.16038636318991006,0.4742431640625,0.20634960546875902,0.2142550562499963,1,9,9.0,2,2.108393408856849,8,1961,,25181.134765625,4,38,0.296875,0.21147033203125432,True
0.55,192,10400,1024,2,1,34,35,0.2734375,0.001953125,8190,0.999755859375,4218,0.515018315018315,18645.6787109375,133.8369140625,5.425021643719684,0.14085258504763237,0.514892578125,0.20634960546875902,0.2142550562499963,1,9,9.0,0,1.942376096751245,8,2120,,18645.6787109375,4,38,0.296875,0.21147033203125432,True
0.55,193,275,1024,3,1,34,35,0.2734375,0.0029296875,8189,0.9996337890625,4475,0.546464769813164,7980.09375,79.5703125,9.110723674033316,0.043890317799455236,0.5462646484375,0.20634960546875902,0.2142550562499963,1,9,9.0,0,1.8299061242735808,28,1933,,7980.09375,4,38,0.296875,0.21147033203125432,True
0.55,194,26152,1024,2,1,34,35,0.2734375,0.001953125,8190,0.999755859375,3706,0.4525030525030525,18343.6904296875,117.4931640625,5.495936482897765,0.05140453878207003,0.452392578125,0.20634960546875902,0.2142550562499963,1,9,9.0,287,2.1333333333333333,8,1888,0.0,18992.86046511628,4,38,0.296875,0.21147033203125432,True
0.55,195,13037,1024,2,1,34,35,0.2734375,0.001953125,8190,0.999755859375,3115,0.3803418803418803,15930.12109375,93.841796875,6.108612837392501,0.0480518310274592,0.3802490234375,0.20634960546875902,0.2142550562499963,1,9,9.0,14,2.625883108542068,11,1497,0.0,15945.693059628544,4,38,0.296875,0.21147033203125432,True
0.55,196,41203,1024,2,1,34,35,0.2734375,0.001953125,8190,0.999755859375,4207,0.5136752136752136,25953.037109375,156.634765625,3.988921731473008,0.06011149612801558,0.5135498046875,0.20634960546875902,0.2142550562499963,1,9,9.0,0,1.9474560152163576,9,2272,,25953.037109375,4,38,0.296875,0.21147033203125432,True
0.55,197,43709,1024,3,1,34,35,0.2734375,0.0029296875,8189,0.9996337890625,4108,0.5016485529368665,2151.0341796875,43.1728515625,14.804330495358924,0.39738577637987876,0.50146484375,0.20634960546875902,0.2142550562499963,1,9,9.0,3,1.9929388848307767,9,2086,,2151.0341796875,4,38,0.296875,0.21147033203125432,True
0.55,198,43572,1024,2,1,34,35,0.2734375,0.001953125,8190,0.999755859375,4136,0.505006105006105,17111.33203125,117.408203125,5.797965423668688,0.10719098281498292,0.5048828125,0.20634960546875902,0.2142550562499963,1,9,9.0,3,1.9801692865779927,8,2201,,17111.33203125,4,38,0.296875,0.21147033203125432,True
0.55,199,23390,1024,2,1,34,35,0.2734375,0.001953125,8190,0.999755859375,4146,0.5062271062271062,25929.2041015625,157.5244140625,3.9929117458851056,0.07486604642864035,0.506103515625,0.20634960546875902,0.2142550562499963,1,9,9.0,0,1.9758745476477684,8,2117,,25929.2041015625,4,38,0.296875,0.21147033203125432,True
0.6,0,712,1024,10,2,34,36,0.28125,0.009765625,8182,0.998779296875,3902,0.4769005133219262,3745.458984375,46.931640625,12.395753152897804,0.16453978502200156,0.476318359375,0.20634960546875902,0.2142550562499963,2,10,5.0,13,2.0961291976416305,12,1848,0.0,3749.1202346041055,5,39,0.3046875,0.21147033203125432,True
0.6,1,24774,1024,2,1,34,35,0.2734375,0.001953125,8190,0.999755859375,4217,0.5148962148962148,25604.8681640625,150.6669921875,4.047578168141747,0.0527403261588948,0.5147705078125,0.20634960546875902,0.2142550562499963,1,9,9.0,0,1.9423624288425048,8,2157,,25604.8681640625,4,38,0.296875,0.21147033203125432,True
0.6,2,45142,1024,3,1,34,35,0.2734375,0.0029296875,8189,0.9996337890625,4382,0.5351080718036391,31045.2197265625,171.7412109375,3.2108562289960045,0.047900661500396756,0.534912109375,0.20634960546875902,0.2142550562499963,1,9,9.0,0,1.8696644601689112,8,2263,,31045.2197265625,4,38,0.296875,0.21147033203125432,True
0.6,3,27119,1024,3,1,34,35,0.2734375,0.0029296875,8189,0.9996337890625,2795,0.3413115154475516,13373.8544921875,72.4248046875,6.86823767111238,0.07202365043694335,0.3411865234375,0.20634960546875902,0.2142550562499963,1,9,9.0,12,2.9269863994273444,24,1485,0.0,13386.927663734115,4,38,0.296875,0.21147033203125432,True
0.6,4,21139,1024,2,1,34,35,0.2734375,0.001953125,8190,0.999755859375,4516,0.5514041514041514,28807.12890625,165.080078125,3.535803848612709,0.11379944799706729,0.55126953125,0.20634960546875902,0.2142550562499963,1,9,9.0,0,1.8137320044296787,8,2194,,28807.12890625,4,38,0.296875,0.21147033203125432,True
0.6,5,19129,1024,7,1,34,35,0.2734375,0.0068359375,8185,0.9991455078125,4253,0.5196090409285278,5045.1884765625,62.2353515625,11.102029657554173,0.0716681625862949,0.5191650390625,0.20634960546875902,0.2142550562499963,1,9,9.0,7,1.9245061147695202,16,1987,,5045.1884765625,4,38,0.296875,0.21147033203125432,True
0.6,6,6433,1024,2,1,34,35,0.2734375,0.001953125,8190,0.999755859375,4163,0.5083028083028083,26571.1240234375,160.9794921875,3.886704343518304,0.11373888083327553,0.5081787109375,0.20634960546875902,0.2142550562499963,1,9,9.0,0,1.9680442095146564,8,2398,,26571.1240234375,4,38,0.296875,0.21147033203125432,True
0.6,7,38854,1024,13,2,34,36,0.28125,0.0126953125,8179,0.9984130859375,4030,0.4927252720381465,4463.2041015625,53.1005859375,11.634336133606633,0.06949220627183134,0.491943359375,0.20634960546875902,0.2142550562499963,2,10,5.0,3,2.032266070985356,15,1900,,4463.2041015625,5,39,0.3046875,0.21147033203125432,True
0.6,8,22489,1024,13,2,34,36,0.28125,0.0126953125,8179,0.9984130859375,4407,0.5388189265191343,5382.0810546875,64.2392578125,10.821301268719022,0.12526945241747817,0.5379638671875,0.20634960546875902,0.2142550562499963,2,10,5.0,0,1.8590558329550613,21,1927,,5382.0810546875,5,39,0.3046875,0.21147033203125432,True
0.6,9,31104,1024,2,1,34,35,0.2734375,0.001953125,8190,0.999755859375,3841,0.468986568986569,14609.4296875,95.568359375,6.484470982810533,0.09192505610274324,0.4688720703125,0.20634960546875902,0.2142550562499963,1,9,9.0,3,2.1322916666666667,8,2052,,14609.4296875,4,38,0.296875,0.21147033203125432,True
0.6,10,21349,1024,2,1,34,35,0.2734375,0.001953125,8190,0.999755859375,3934,0.48034188034188036,21325.8974609375,143.4267578125,4.8417304416403315,0.09012011222408489,0.480224609375,0.20634960546875902,0.2142550562499963,1,9,9.0,0,2.082379862700229,9,2169,,21325.8974609375,4,38,0.296875,0.21147033203125432,True
0.6,11,29116,1024,2,1,34,35,0.2734375,0.001953125,8190,0.999755859375,3662,0.44713064713064715,10712.8369140625,84.9462890625,7.831758673492723,0.09974241514881854,0.447021484375,0.20634960546875902,0.2142550562499963,1,9,9.0,2,2.2362742420103796,8,2055,,10712.8369140625,4,38,0.296875,0.21147033203125432,True
0.6,12,10772,1024,18,3,34,37,0.2890625,0.017578125,8174,0.997802734375,4087,0.5,8326.41015625,75.361328125,8.926225605856189,0.0251956496041319,0.4989013671875,0.20634960546875902,0.2142550562499963,3,11,3.6666666666666665,3,2.003915810083211,12,1991,,8326.41015625,6,40,0.3125,0.21147033203125432,True
0.6,13,18332,1024,8,1,34,35,0.2734375,0.0078125,8184,0.9990234375,4235,0.5174731182795699,3058.328125,47.88671875,13.27596282266395,0.07869544910845387,0.5169677734375,0.20634960546875902,0.2142550562499963,1,9,9.0,3,1.9333963155408598,21,1967,,3058.328125,5,39,0.3046875,0.21147033203125432,True
0.6,14,1003,1024,2,1,34,35,0.2734375,0.001953125,8190,0.999755859375,4009,0.4894993894993895,18190.701171875,126.28125,5.5323092133124145,0.06135074836888892,0.4893798828125,0.20634960546875902,0.2142550562499963,1,9,9.0,2,2.0431636726546905,8,2022,,18190.701171875,4,38,0.296875,0.21147033203125432,True
0.6,15,22156,1024,16,2,34,36,0.28125,0.015625,8176,0.998046875,4512,0.5518590998043053,6872.9033203125,73.0830078125,9.759401260451456,0.048577400714129484,0.55078125,0.20634960546875902,0.2142550562499963,2,10,5.0,3,1.8148969186433164,23,1999,,6872.9033203125,6,40,0.3125,0.21147033203125432,True
0.6,16,26453,1024,7,1,34,35,0.2734375,0.0068359375,8185,0.9991455078125,4160,0.5082467929138669,12449.7373046875,105.7939453125,7.17920173157302,0.06546971858362856,0.5078125,0.20634960546875902,0.2142550562499963,1,9,9.0,0,1.9694638134166866,9,2102,,12449.7373046875,4,38,0.296875,0.21147033203125432,True
0.6,17,17039,1024,12,2,34,36,0.28125,0.01171875,8180,0.99853515625,3620,0.44254278728606355,1489.30078125,33.033203125,16.400979435419416,0.29116405786273086,0.44189453125,0.20634960546875902,0.2142550562499963,2,10,5.0,4,2.26222713456756,7,2253,,1489.30078125,5,39,0.3046875,0.21147033203125432,True
0.6,18,7166,1024,3,1,34,35,0.2734375,0.0029296875,8189,0.9996337890625,4089,0.49932836732201735,23740.5947265625,145.9716796875,4.3758876658509465,0.0966785907258691,0.4991455078125,0.20634960546875902,0.2142550562499963,1,9,9.0,2,2.003180039138943,8,2143,,23740.5947265625,4,38,0.296875,0.21147033203125432,True
0.6,19,48310,1024,2,1,34,35,0.2734375,0.001953125,8190,0.999755859375,3581,0.43724053724053724,11364.3134765625,87.3056640625,7.575371559451709,0.08168885559997884,0.4371337890625,0.20634960546875902,0.2142550562499963,1,9,9.0,5,2.28659217877095,7,2177,,11364.3134765625,4,38,0.296875,0.21147033203125432,True
0.6,20,12187,1024,7,1,34,35,0.2734375,0.0068359375,8185,0.9991455078125,3790,0.4630421502748931,1699.8984375,31.595703125,15.826573861666578,0.22219793110901256,0.462646484375,0.20634960546875902,0.2142550562499963,1,9,9.0,21,2.1557139086830297,10,1836,0.0,1703.225048923679,4,38,0.296875,0.21147033203125432,True
0.6,21,20284,1024,7,1,34,35,0.2734375,0.0068359375,8185,0.9991455078125,2766,0.33793524740378744,744.373046875,13.724609375,19.41289721564178,0.27176035701552503,0.337646484375,0.20634960546875902,0.2142550562499963,1,9,9.0,14,2.9573236889692587,14,1377,0.0,745.1006842619746,4,38,0.296875,0.21147033203125432,True
0.6,22,1052,1024,14,2,34,36,0.28125,0.013671875,8178,0.998291015625,4415,0.5398630471998044,7902.9111328125,78.7294921875,9.152932624850754,0.049366020086089396,0.5389404296875,0.20634960546875902,0.2142550562499963,2,10,5.0,0,1.8556864521975533,11,1992,,7902.9111328125,5,39,0.3046875,0.21147033203125432,True
0.6,23,13752,1024,7,1,34,35,0.2734375,0.0068359375,8185,0.9991455078125,3723,0.4548564447159438,553.76171875,18.380859375,20.697574309648054,0.4213681171645242,0.4544677734375,0.20634960546875902,0.2142550562499963,1,9,9.0,13,2.19693713057496,9,1789,0.0,554.3030303030303,4,38,0.296875,0.21147033203125432,True
0.6,24,37139,1024,2,1,34,35,0.2734375,0.001953125,8190,0.999755859375,4089,0.49926739926739927,21802.6630859375,128.8779296875,4.745708171307185,0.04430523223811579,0.4991455078125,0.20634960546875902,0.2142550562499963,1,9,9.0,4,2.0026908023483365,8,2099,,21802.6630859375,4,38,0.296875,0.21147033203125432,True
0.6,25,29727,1024,3,1,34,35,0.2734375,0.0029296875,8189,0.9996337890625,4171,0.509341799975577,23508.7548828125,141.7001953125,4.418507330974445,0.06546512985311498,0.5091552734375,0.20634960546875902,0.2142550562499963,1,9,9.0,0,1.9633093525179857,9,2184,,23508.7548828125,4,38,0.296875,0.21147033203125432,True
0.6,26,41854,1024,2,1,34,35,0.2734375,0.001953125,8190,0.999755859375,4214,0.5145299145299145,25578.40234375,158.294921875,4.052069464079311,0.173291864868521,0.514404296875,0.20634960546875902,0.2142550562499963,1,9,9.0,0,1.9442202705910279,8,2276,,25578.40234375,4,38,0.296875,0.21147033203125432,True
0.6,27,40333,1024,3,1,34,35,0.2734375,0.0029296875,8189,0.9996337890625,4109,0.501770667969227,15044.28515625,111.458984375,6.357088042236262,0.05966579731784828,0.5015869140625,0.20634960546875902,0.2142550562499963,1,9,9.0,0,1.9939143135345667,8,2172,,15044.28515625,4,38,0.296875,0.21147033203125432,True
0.6,28,33248,1024,3,1,34,35,0.2734375,0.0029296875,8189,0.9996337890625,3277,0.4001709610453047,10005.841796875,80.859375,8.128267289292916,0.17856737380555399,0.4000244140625,0.20634960546875902,0.2142550562499963,1,9,9.0,375,2.385836385836386,8,1828,0.0,10476.464212678937,4,38,0.296875,0.21147033203125432,True
0.6,29,9680,1024,8,1,34,35,0.2734375,0.0078125,8184,0.9990234375,3887,0.47495112414467255,8344.4931640625,81.2138671875,8.916803976519933,0.03277985249900732,0.4744873046875,0.20634960546875902,0.2142550562499963,1,9,9.0,0,2.1078229541945444,12,2081,,8344.4931640625,4,38,0.296875,0.21147033203125432,True
0.6,30,16805,1024,12,2,34,36,0.28125,0.01171875,8180,0.99853515625,3600,0.4400977995110024,1783.34375,33.62109375,15.618452968069196,0.1430294414179769,0.439453125,0.20634960546875902,0.2142550562499963,2,10,5.0,12,2.2722978605168103,11,1976,0.0,1785.0869990224828,5,39,0.3046875,0.21147033203125432,True
0.6,31,14652,1024,3,1,34,35,0.2734375,0.0029296875,8189,0.9996337890625,4055,0.4951764562217609,21474.212890625,143.779296875,4.811631065729164,0.18138246446030815,0.4949951171875,0.20634960546875902,0.2142550562499963,1,9,9.0,0,2.019733596447953,8,2356,,21474.212890625,4,38,0.296875,0.21147033203125432,True
0.6,32,15793,1024,7,1,34,35,0.2734375,0.0068359375,8185,0.9991455078125,3766,0.46010995723885156,12584.173828125,104.349609375,7.132556522003845,0.14184106103987654,0.459716796875,0.20634960546875902,0.2142550562499963,1,9,9.0,0,2.1752988047808763,12,1923,,12584.173828125,4,38,0.296875,0.21147033203125432,True
0.6,33,30210,1024,3,1,34,35,0.2734375,0.0029296875,8189,0.9996337890625,3420,0.4176334106728538,9034.0908203125,67.0029296875,8.571959086294397,0.308935108851516,0.41748046875,0.20634960546875902,0.2142550562499963,1,9,9.0,3,2.3942673296285464,69,1981,,9034.0908203125,4,38,0.296875,0.21147033203125432,True
0.6,34,47426,1024,9,2,34,36,0.28125,0.0087890625,8183,0.9989013671875,4197,0.5128925821825736,12321.775390625,102.447265625,7.224070729420252,0.04464241899970806,0.5123291015625,0.20634960546875902,0.2142550562499963,2,10,5.0,3,1.9513822688274547,12,2118,,12321.775390625,5,39,0.3046875,0.21147033203125432,True
0.6,35,20875,1024,3,1,34,35,0.2734375,0.0029296875,8189,0.9996337890625,4411,0.538649407742093,30381.4091796875,167.4755859375,3.3047244701036895,0.05377611213975825,0.5384521484375,0.20634960546875902,0.2142550562499963,1,9,9.0,0,1.8566893424036282,8,2186,,30381.4091796875,4,38,0.296875,0.21147033203125432,True
0.6,36,4161,1024,10,2,34,36,0.28125,0.009765625,8182,0.998779296875,3888,0.4751894402346615,5790.83203125,60.123046875,10.503393928882938,0.10284354569206561,0.474609375,0.20634960546875902,0.2142550562499963,2,10,5.0,0,2.1070234113712374,12,1988,,5790.83203125,5,39,0.3046875,0.21147033203125432,True
0.6,37,40340,1024,34,5,34,39,0.3046875,0.033203125,8158,0.995849609375,4358,0.5341995587153714,3011.9375,45.533203125,13.342344051874345,0.15752431520992977,0.531982421875,0.20634960546875902,0.2142550562499963,5,13,2.6,3,1.879274730319027,26,1871,,3011.9375,8,42,0.328125,0.21147033203125432,True
0.6,38,28286,1024,7,1,34,35,0.2734375,0.0068359375,8185,0.9991455078125,4275,0.5222968845448992,6563.728515625,71.94140625,9.959297511017674,0.13585460133903024,0.5218505859375,0.20634960546875902,0.2142550562499963,1,9,9.0,0,1.9160037435657464,10,2124,,6563.728515625,4,38,0.296875,0.21147033203125432,True
0.6,39,13256,1024,12,2,34,36,0.28125,0.01171875,8180,0.99853515625,3961,0.48422982885085575,2578.87890625,37.91015625,14.016494109680938,0.10151119087897348,0.4835205078125,0.20634960546875902,0.2142550562499963,2,10,5.0,7,2.066666666666667,14,1906,,2578.87890625,5,39,0.3046875,0.21147033203125432,True
0.6,40,48934,1024,8,1,34,35,0.2734375,0.0078125,8184,0.9990234375,3995,0.48814760508308896,8225.6845703125,81.6689453125,8.97908309232225,0.027714493785538884,0.4876708984375,0.20634960546875902,0.2142550562499963,1,9,9.0,0,2.0508262393590386,14,2023,,8225.6845703125,5,39,0.3046875,0.21147033203125432,True
0.6,41,11935,1024,3,1,34,35,0.2734375,0.0029296875,8189,0.9996337890625,3861,0.4714861399438271,14541.4912109375,113.8779296875,6.504714157290837,0.09335085608105634,0.4713134765625,0.20634960546875902,0.2142550562499963,1,9,9.0,0,2.121502590673575,10,2136,,14541.4912109375,4,38,0.296875,0.21147033203125432,True
0.6,42,48447,1024,3,1,34,35,0.2734375,0.0029296875,8189,0.9996337890625,3842,0.4691659543289779,17774.2158203125,130.3330078125,5.632899116587181,0.12369617499818528,0.468994140625,0.20634960546875902,0.2142550562499963,1,9,9.0,0,2.132517573548555,8,2067,,17774.2158203125,4,38,0.296875,0.21147033203125432,True
0.6,43,15492,1024,10,2,34,36,0.28125,0.009765625,8182,0.998779296875,3825,0.4674896113419702,2319.0126953125,37.2978515625,14.477772347012152,0.07029914784591618,0.4669189453125,0.20634960546875902,0.2142550562499963,2,10,5.0,4,2.1409518828451883,10,1799,,2319.0126953125,5,39,0.3046875,0.21147033203125432,True
0.6,44,32513,1024,8,1,34,35,0.2734375,0.0078125,8184,0.9990234375,4871,0.5951857282502444,3779.1923828125,54.8310546875,12.356813602800209,0.21485306567599616,0.5946044921875,0.20634960546875902,0.2142550562499963,1,9,9.0,3,1.6804928131416839,23,1888,,3779.1923828125,5,39,0.3046875,0.21147033203125432,True
0.6,45,36099,1024,3,1,34,35,0.2734375,0.0029296875,8189,0.9996337890625,3813,0.4656246183905239,20775.7470703125,126.6787109375,4.955237114355471,0.08265445976338844,0.4654541015625,0.20634960546875902,0.2142550562499963,1,9,9.0,15,2.1445435466946483,8,2076,0.0,20796.055718475072,4,38,0.296875,0.21147033203125432,True
0.6,46,39260,1024,3,1,34,35,0.2734375,0.0029296875,8189,0.9996337890625,3968,0.48455244840639883,25549.8154296875,155.8896484375,4.056925937027666,0.181470555598817,0.484375,0.20634960546875902,0.2142550562499963,1,9,9.0,0,2.0645323922359466,8,2281,,25549.8154296875,4,38,0.296875,0.21147033203125432,True
0.6,47,46517,1024,2,1,34,35,0.2734375,0.001953125,8190,0.999755859375,4380,0.5347985347985348,26874.7861328125,157.9326171875,3.837353440078379,0.13948254751663094,0.53466796875,0.20634960546875902,0.2142550562499963,1,9,9.0,0,1.8702900205526376,8,2278,,26874.7861328125,4,38,0.296875,0.21147033203125432,True
0.6,48,33095,1024,13,2,34,36,0.28125,0.0126953125,8179,0.9984130859375,4133,0.5053184985939602,3604.2705078125,49.4794921875,12.56262982655887,0.09985497740299458,0.5045166015625,0.20634960546875902,0.2142550562499963,2,10,5.0,0,1.9820909970958374,15,1925,,3604.2705078125,5,39,0.3046875,0.21147033203125432,True
0.6,49,3,1024,8,1,34,35,0.2734375,0.0078125,8184,0.9990234375,4572,0.5586510263929618,4512.8095703125,63.1630859375,11.58633353141554,0.14764302133113583,0.55810546875,0.20634960546875902,0.2142550562499963,1,9,9.0,0,1.7919492452417414,15,2031,,4512.8095703125,4,38,0.296875,0.21147033203125432,True
0.6,50,21683,1024,9,2,34,36,0.28125,0.0087890625,8183,0.9989013671875,4374,0.5345227911523891,6756.3212890625,75.2802734375,9.833700671049375,0.09442850993551664,0.533935546875,0.20634960546875902,0.2142550562499963,2,10,5.0,0,1.872856162817288,14,2130,,6756.3212890625,5,39,0.3046875,0.21147033203125432,True
0.6,51,13446,1024,8,1,34,35,0.2734375,0.0078125,8184,0.9990234375,4209,0.5142961876832844,4968.1171875,61.3828125,11.168885294795087,0.043716078190531985,0.5137939453125,0.20634960546875902,0.2142550562499963,1,9,9.0,3,1.9458174904942966,11,2092,,4968.1171875,4,38,0.296875,0.21147033203125432,True
0.6,52,49515,1024,2,1,34,35,0.2734375,0.001953125,8190,0.999755859375,4115,0.5024420024420024,11766.484375,100.056640625,7.424336384330235,0.1785547833683269,0.5023193359375,0.20634960546875902,0.2142550562499963,1,9,9.0,2,1.9902771025765678,8,2197,,11766.484375,4,38,0.296875,0.21147033203125432,True
0.6,53,27943,1024,3,1,34,35,0.2734375,0.0029296875,8189,0.9996337890625,4373,0.5340090365123947,27701.6875,154.4921875,3.7057413513863775,0.09134601804372322,0.5338134765625,0.20634960546875902,0.2142550562499963,1,9,9.0,0,1.8730558096980787,9,2081,,27701.6875,4,38,0.296875,0.21147033203125432,True
0.6,54,29059,1024,8,1,34,35,0.2734375,0.0078125,8184,0.9990234375,4194,0.5124633431085044,5834.1259765625,66.2958984375,10.471045582393355,0.05146988038042183,0.511962890625,0.20634960546875902,0.2142550562499963,1,9,9.0,3,1.9525399475316003,13,2153,,5834.1259765625,5,39,0.3046875,0.21147033203125432,True
0.6,55,32738,1024,8,1,34,35,0.2734375,0.0078125,8184,0.9990234375,3225,0.3940615835777126,1681.1513671875,27.0224609375,15.874735427438862,0.44130361146049896,0.3936767578125,0.20634960546875902,0.2142550562499963,1,9,9.0,3,2.5393920595533497,13,1575,,1681.1513671875,4,38,0.296875,0.21147033203125432,True
0.6,56,445,1024,13,2,34,36,0.28125,0.0126953125,8179,0.9984130859375,4381,0.5356400537963076,6068.3828125,68.72265625,10.300073912396456,0.07397902811325704,0.5347900390625,0.20634960546875902,0.2142550562499963,2,10,5.0,0,1.86986301369863,15,2027,,6068.3828125,5,39,0.3046875,0.21147033203125432,True
0.6,57,32216,1024,7,1,34,35,0.2734375,0.0068359375,8185,0.9991455078125,4017,0.49077580940745263,5051.0810546875,60.9599609375,11.096960231769678,0.13059354007503698,0.4903564453125,0.20634960546875902,0.2142550562499963,1,9,9.0,0,2.0388446215139444,18,2030,,5051.0810546875,4,38,0.296875,0.21147033203125432,True
0.6,58,18250,1024,7,1,34,35,0.2734375,0.0068359375,8185,0.9991455078125,4016,0.4906536346976176,1861.33984375,34.650390625,15.432546869360667,0.0876487452105171,0.490234375,0.20634960546875902,0.2142550562499963,1,9,9.0,13,2.0368617683686177,12,1777,0.0,1863.1593352883676,4,38,0.296875,0.21147033203125432,True
0.6,59,1684,1024,2,1,34,35,0.2734375,0.001953125,8190,0.999755859375,4076,0.4976800976800977,22039.8984375,138.224609375,4.698707719647031,0.07118283082047788,0.49755859375,0.20634960546875902,0.2142550562499963,1,9,9.0,0,2.0100613496932516,8,2308,,22039.8984375,4,38,0.296875,0.21147033203125432,True
0.6,60,2899,1024,7,1,34,35,0.2734375,0.0068359375,8185,0.9991455078125,4615,0.5638362858888211,7015.0810546875,72.0791015625,9.67047667484979,0.16430066120948603,0.5633544921875,0.20634960546875902,0.2142550562499963,1,9,9.0,0,1.7748157780667533,18,1882,,7015.0810546875,4,38,0.296875,0.21147033203125432,True
0.6,61,39428,1024,2,1,34,35,0.2734375,0.001953125,8190,0.999755859375,3383,0.41306471306471304,6607.62109375,61.880859375,9.93035229947171,0.10742691446619451,0.4129638671875,0.20634960546875902,0.2142550562499963,1,9,9.0,5,2.4195742164399765,8,1948,,6607.62109375,4,38,0.296875,0.21147033203125432,True
0.6,62,40758,1024,3,1,34,35,0.2734375,0.0029296875,8189,0.9996337890625,4343,0.5303455855415802,22400.3212890625,135.4501953125,4.628261133790037,0.026484653205047705,0.5301513671875,0.20634960546875902,0.2142550562499963,1,9,9.0,2,1.8848456932289268,15,2153,,22400.3212890625,4,38,0.296875,0.21147033203125432,True
0.6,63,29154,1024,3,1,34,35,0.2734375,0.0029296875,8189,0.9996337890625,4291,0.523995603858835,22675.5576171875,138.1806640625,4.575223852200154,0.06241355402456757,0.5238037109375,0.20634960546875902,0.2142550562499963,1,9,9.0,0,1.9093240093240094,10,2164,,22675.5576171875,4,38,0.296875,0.21147033203125432,True
0.6,64,43958,1024,13,2,34,36,0.28125,0.0126953125,8179,0.9984130859375,4758,0.5817337082772955,6761.62890625,78.6171875,9.830290288644154,0.13998316082599307,0.580810546875,0.20634960546875902,0.2142550562499963,2,10,5.0,0,1.7218835400462476,20,1973,,6761.62890625,5,39,0.3046875,0.21147033203125432,True
0.6,65,33814,1024,3,1,34,35,0.2734375,0.0029296875,8189,0.9996337890625,4019,0.4907803150567835,20936.2744140625,127.8486328125,4.921809588530103,0.04112437663284123,0.4906005859375,0.20634960546875902,0.2142550562499963,1,9,9.0,4,2.037580886012942,8,2094,,20936.2744140625,4,38,0.296875,0.21147033203125432,True
0.6,66,34153,1024,11,2,34,36,0.28125,0.0107421875,8181,0.9986572265625,4319,0.5279305708348613,5919.3310546875,64.6279296875,10.408077311168027,0.08719442337433898,0.5272216796875,0.20634960546875902,0.2142550562499963,2,10,5.0,4,1.8960166743862898,16,1860,,5919.3310546875,5,39,0.3046875,0.21147033203125432,True
0.6,67,43609,1024,8,1,34,35,0.2734375,0.0078125,8184,0.9990234375,4268,0.521505376344086,6527.603515625,73.208984375,9.98326593217315,0.05231967592728879,0.52099609375,0.20634960546875902,0.2142550562499963,1,9,9.0,0,1.9189125849543005,12,2081,,6527.603515625,5,39,0.3046875,0.21147033203125432,True
0.6,68,10762,1024,8,1,34,35,0.2734375,0.0078125,8184,0.9990234375,3960,0.4838709677419355,4653.6015625,53.830078125,11.452911642582302,0.057546901108823274,0.4833984375,0.20634960546875902,0.2142550562499963,1,9,9.0,3,2.0679464511240213,12,1982,,4653.6015625,5,39,0.3046875,0.21147033203125432,True
0.6,69,17898,1024,2,1,34,35,0.2734375,0.001953125,8190,0.999755859375,4133,0.5046398046398046,20646.8134765625,138.6533203125,4.9822732648958645,0.22847850819571058,0.5045166015625,0.20634960546875902,0.2142550562499963,1,9,9.0,0,1.9823330106485963,8,2587,,20646.8134765625,4,38,0.296875,0.21147033203125432,True
0.6,70,43653,1024,15,2,34,36,0.28125,0.0146484375,8177,0.9981689453125,3779,0.462149932738168,8256.697265625,75.455078125,8.962739995224304,0.07532889733567237,0.4613037109375,0.20634960546875902,0.2142550562499963,2,10,5.0,0,2.168078348332451,14,2057,,8256.697265625,5,39,0.3046875,0.21147033203125432,True
0.6,71,14233,1024,3,1,34,35,0.2734375,0.0029296875,8189,0.9996337890625,4136,0.5050677738429601,21895.998046875,139.4609375,4.727156152049483,0.046714254850064536,0.5048828125,0.20634960546875902,0.2142550562499963,1,9,9.0,0,1.980894800483676,8,2169,,21895.998046875,4,38,0.296875,0.21147033203125432,True
0.6,72,39520,1024,2,1,34,35,0.2734375,0.001953125,8190,0.999755859375,4063,0.4960927960927961,18227.994140625,123.927734375,5.523414805611111,0.06477976058053705,0.4959716796875,0.20634960546875902,0.2142550562499963,1,9,9.0,2,2.016001969473166,8,2206,,18227.994140625,4,38,0.296875,0.21147033203125432,True
0.6,73,18138,1024,11,2,34,36,0.28125,0.0107421875,8181,0.9986572265625,3791,0.4633907835227967,1793.3798828125,32.3701171875,15.594080671035812,0.18699169547087527,0.4627685546875,0.20634960546875902,0.2142550562499963,2,10,5.0,3,2.1604221635883905,15,1800,,1793.3798828125,5,39,0.3046875,0.21147033203125432,True
0.6,74,9212,1024,12,2,34,36,0.28125,0.01171875,8180,0.99853515625,3956,0.48361858190709045,4736.7724609375,60.3935546875,11.375978377259138,0.2625213085661005,0.48291015625,0.20634960546875902,0.2142550562499963,2,10,5.0,0,2.071049304677623,11,2372,,4736.7724609375,5,39,0.3046875,0.21147033203125432,True
0.6,75,6456,1024,3,1,34,35,0.2734375,0.0029296875,8189,0.9996337890625,4291,0.523995603858835,27112.0869140625,156.4384765625,3.7991741280499305,0.0791737136636467,0.5238037109375,0.20634960546875902,0.2142550562499963,1,9,9.0,0,1.9090909090909092,15,2093,,27112.0869140625,4,38,0.296875,0.21147033203125432,True
0.6,76,22948,1024,16,2,34,36,0.28125,0.015625,8176,0.998046875,3810,0.4659980430528376,4297.30859375,51.94140625,11.798838189711635,0.24121877289759303,0.465087890625,0.20634960546875902,0.2142550562499963,2,10,5.0,3,2.1496455762667366,12,2041,,4297.30859375,5,39,0.3046875,0.21147033203125432,True
0.6,77,7591,1024,10,2,34,36,0.28125,0.009765625,8182,0.998779296875,4405,0.5383769249572232,6080.9423828125,66.7802734375,10.29109472394417,0.11038353322295764,0.5377197265625,0.20634960546875902,0.2142550562499963,2,10,5.0,0,1.858991825613079,14,1958,,6080.9423828125,5,39,0.3046875,0.21147033203125432,True
0.6,78,29996,1024,10,2,34,36,0.28125,0.009765625,8182,0.998779296875,4018,0.49107797604497677,8055.9560546875,72.8603515625,9.069632723961792,0.18399238657914155,0.490478515625,0.20634960546875902,0.2142550562499963,2,10,5.0,0,2.0390838934528257,9,2202,,8055.9560546875,5,39,0.3046875,0.21147033203125432,True
0.6,79,10378,1024,2,1,34,35,0.2734375,0.001953125,8190,0.999755859375,3132,0.3824175824175824,6973.22265625,59.728515625,9.696468283409038,0.0365724149245593,0.38232421875,0.20634960546875902,0.2142550562499963,1,9,9.0,2,2.615458320025551,8,1956,,6973.22265625,4,38,0.296875,0.21147033203125432,True
0.6,80,27337,1024,15,2,34,36,0.28125,0.0146484375,8177,0.9981689453125,4420,0.5405405405405406,3799.1552734375,55.2451171875,12.333933171107594,0.1919982624048739,0.53955078125,0.20634960546875902,0.2142550562499963,2,10,5.0,3,1.8522290110884816,14,1905,,3799.1552734375,5,39,0.3046875,0.21147033203125432,True
0.6,81,19965,1024,11,2,34,36,0.28125,0.0107421875,8181,0.9986572265625,4569,0.5584891822515585,4808.5048828125,63.9013671875,11.310702994797692,0.09878908466825183,0.5577392578125,0.20634960546875902,0.2142550562499963,2,10,5.0,0,1.792907180385289,30,1801,,4808.5048828125,5,39,0.3046875,0.21147033203125432,True
0.6,82,24405,1024,11,2,34,36,0.28125,0.0107421875,8181,0.9986572265625,4519,0.5523774599682191,5927.134765625,67.673828125,10.402355589364836,0.12699359135863225,0.5516357421875,0.20634960546875902,0.2142550562499963,2,10,5.0,0,1.8129703408587872,15,2032,,5927.134765625,5,39,0.3046875,0.21147033203125432,True
0.6,83,45135,1024,12,2,34,36,0.28125,0.01171875,8180,0.99853515625,4491,0.5490220048899755,4227.525390625,59.123046875,11.869941362065957,0.14671156209232064,0.5482177734375,0.20634960546875902,0.2142550562499963,2,10,5.0,0,1.8238307349665925,14,1939,,4227.525390625,5,39,0.3046875,0.21147033203125432,True
0.6,84,11274,1024,10,2,34,36,0.28125,0.009765625,8182,0.998779296875,4062,0.49645563431923734,9926.234375,88.07421875,8.162958354662575,0.05998089958673292,0.495849609375,0.20634960546875902,0.2142550562499963,2,10,5.0,0,2.01699088894361,16,1993,,9926.234375,5,39,0.3046875,0.21147033203125432,True
0.6,85,1941,1024,3,1,34,35,0.2734375,0.0029296875,8189,0.9996337890625,4120,0.5031139333251924,18014.84375,131.470703125,5.57449861204054,0.15029148085265107,0.5029296875,0.20634960546875902,0.2142550562499963,1,9,9.0,0,1.9881039087157077,8,2168,,18014.84375,4,38,0.296875,0.21147033203125432,True
0.6,86,48940,1024,8,1,34,35,0.2734375,0.0078125,8184,0.9990234375,4486,0.5481427174975562,9925.7880859375,93.4541015625,8.163153620286106,0.0619506544166349,0.547607421875,0.20634960546875902,0.2142550562499963,1,9,9.0,0,1.826309921962096,15,2183,,9925.7880859375,5,39,0.3046875,0.21147033203125432,True
0.6,87,36794,1024,18,3,34,37,0.2890625,0.017578125,8174,0.997802734375,3890,0.47589919256178126,5713.5615234375,63.1259765625,10.561734526577924,0.07297332794017476,0.474853515625,0.20634960546875902,0.2142550562499963,3,11,3.6666666666666665,0,2.106196965800977,13,2012,,5713.5615234375,6,40,0.3125,0.21147033203125432,True
0.6,88,21994,1024,3,1,34,35,0.2734375,0.0029296875,8189,0.9996337890625,3840,0.46892172426425693,14581.830078125,106.84765625,6.492683277670101,0.06816633666600572,0.46875,0.20634960546875902,0.2142550562499963,1,9,9.0,2,2.1331075800989843,7,2119,,14581.830078125,4,38,0.296875,0.21147033203125432,True
0.6,89,49944,1024,2,1,34,35,0.2734375,0.001953125,8190,0.999755859375,3903,0.47655677655677653,20299.3583984375,129.5869140625,5.055980494779328,0.09833556811635355,0.4764404296875,0.20634960546875902,0.2142550562499963,1,9,9.0,0,2.0991799077396207,8,1969,,20299.3583984375,4,38,0.296875,0.21147033203125432,True
0.6,90,43442,1024,8,1,34,35,0.2734375,0.0078125,8184,0.9990234375,2656,0.32453567937438904,495.9296875,11.609375,21.176602539248183,0.638273225045331,0.32421875,0.20634960546875902,0.2142550562499963,1,9,9.0,3,3.0836158192090397,8,1609,,495.9296875,5,39,0.3046875,0.21147033203125432,True
0.6,91,45096,1024,11,2,34,36,0.28125,0.0107421875,8181,0.9986572265625,3583,0.43796601882410463,914.85546875,22.8125,18.51727872355879,0.2638695389093839,0.4373779296875,0.20634960546875902,0.2142550562499963,2,10,5.0,4,2.2855946398659968,10,1949,,914.85546875,5,39,0.3046875,0.21147033203125432,True
0.6,92,42430,1024,3,1,34,35,0.2734375,0.0029296875,8189,0.9996337890625,3915,0.4780803516912932,16026.9892578125,125.2138671875,6.082284150281283,0.32409388442723785,0.4779052734375,0.20634960546875902,0.2142550562499963,1,9,9.0,0,2.0927439959121106,8,1919,,16026.9892578125,4,38,0.296875,0.21147033203125432,True
0.6,93,42255,1024,2,1,34,35,0.2734375,0.001953125,8190,0.999755859375,4114,0.5023199023199023,17342.212890625,124.88671875,5.7397584760837255,0.16064175363254038,0.502197265625,0.20634960546875902,0.2142550562499963,1,9,9.0,0,1.9910041332360806,8,2186,,17342.212890625,4,38,0.296875,0.21147033203125432,True
0.6,94,5771,1024,3,1,34,35,0.2734375,0.0029296875,8189,0.9996337890625,4642,0.5668579802173648,30773.9658203125,161.4580078125,3.2489689377563016,0.028660498355079878,0.566650390625,0.20634960546875902,0.2142550562499963,1,9,9.0,23,1.7588881706528765,62,1885,0.0,30834.188845401175,4,38,0.296875,0.21147033203125432,True
0.6,95,8320,1024,2,1,34,35,0.2734375,0.001953125,8190,0.999755859375,4310,0.5262515262515263,27653.5751953125,160.2158203125,3.713290737905954,0.0592825449973297,0.526123046875,0.20634960546875902,0.2142550562499963,1,9,9.0,0,1.9006730099791136,10,2129,,27653.5751953125,4,38,0.296875,0.21147033203125432,True
0.6,96,48807,1024,8,1,34,35,0.2734375,0.0078125,8184,0.9990234375,4097,0.5006109481915934,3586.87109375,48.166015625,12.583645917411545,0.10421828154643774,0.5001220703125,0.20634960546875902,0.2142550562499963,1,9,9.0,3,1.99853515625,20,1964,,3586.87109375,4,38,0.296875,0.21147033203125432,True
0.6,97,2675,1024,10,2,34,36,0.28125,0.009765625,8182,0.998779296875,3719,0.4545343436812515,1497.048828125,30.8203125,16.37844395234665,0.3585789386236514,0.4539794921875,0.20634960546875902,0.2142550562499963,2,10,5.0,3,2.202259279182356,14,1812,,1497.048828125,5,39,0.3046875,0.21147033203125432,True
0.6,98,37658,1024,8,1,34,35,0.2734375,0.0078125,8184,0.9990234375,3888,0.4750733137829912,8795.2978515625,79.5986328125,8.688298095019805,0.02831289172297006,0.474609375,0.20634960546875902,0.2142550562499963,1,9,9.0,0,2.1070234113712374,12,2132,,8795.2978515625,5,39,0.3046875,0.21147033203125432,True
0.6,99,45710,1024,10,2,34,36,0.28125,0.009765625,8182,0.998779296875,4444,0.5431434857003178,6436.26171875,70.923828125,10.044466652951826,0.08328312637752891,0.54248046875,0.20634960546875902,0.2142550562499963,2,10,5.0,3,1.8426738690074274,15,1928,,6436.26171875,5,39,0.3046875,0.21147033203125432,True
0.6,100,15813,1024,7,1,34,35,0.2734375,0.0068359375,8185,0.9991455078125,3548,0.43347587049480757,833.2265625,19.564453125,18.92317254461026,0.2593938476860077,0.43310546875,0.20634960546875902,0.2142550562499963,1,9,9.0,6,2.307583873696081,14,1680,,833.2265625,4,38,0.296875,0.21147033203125432,True
0.6,101,7135,1024,2,1,34,35,0.2734375,0.001953125,8190,0.999755859375,4195,0.5122100122100122,19265.791015625,135.99609375,5.282935158724578,0.16000598531789115,0.5120849609375,0.20634960546875902,0.2142550562499963,1,9,9.0,0,1.9530281354315688,8,2116,,19265.791015625,4,38,0.296875,0.21147033203125432,True
0.6,102,31775,1024,2,1,34,35,0.2734375,0.001953125,8190,0.999755859375,4362,0.5326007326007326,14442.8212890625,118.1669921875,6.534283234105674,0.17490140551766212,0.532470703125,0.20634960546875902,0.2142550562499963,1,9,9.0,2,1.8777803256133914,8,2073,,14442.8212890625,4,38,0.296875,0.21147033203125432,True
0.6,103,31772,1024,9,2,34,36,0.28125,0.0087890625,8183,0.9989013671875,4137,0.5055603079555175,3912.8935546875,50.7646484375,12.205823272377728,0.08381206784634579,0.5050048828125,0.20634960546875902,0.2142550562499963,2,10,5.0,0,1.9794487427466152,12,1975,,3912.8935546875,5,39,0.3046875,0.21147033203125432,True
0.6,104,25160,1024,2,1,34,35,0.2734375,0.001953125,8190,0.999755859375,4129,0.5041514041514041,15955.5390625,123.3671875,6.101688793258874,0.19613577211919261,0.5040283203125,0.20634960546875902,0.2142550562499963,1,9,9.0,0,1.9840116279069768,8,2107,,15955.5390625,4,38,0.296875,0.21147033203125432,True
0.6,105,36108,1024,2,1,34,35,0.2734375,0.001953125,8190,0.999755859375,4460,0.5445665445665445,34671.1044921875,181.4541015625,2.7311268398734496,0.06608419951814044,0.54443359375,0.20634960546875902,0.2142550562499963,1,9,9.0,0,1.836958959407939,9,2105,,34671.1044921875,4,38,0.296875,0.21147033203125432,True
0.6,106,1260,1024,2,1,34,35,0.2734375,0.001953125,8190,0.999755859375,3282,0.40073260073260075,7426.841796875,65.490234375,9.42276187992569,0.06263222310323446,0.400634765625,0.20634960546875902,0.2142550562499963,1,9,9.0,2,2.4955806156659555,8,1935,,7426.841796875,4,38,0.296875,0.21147033203125432,True
0.6,107,37885,1024,11,2,34,36,0.28125,0.0107421875,8181,0.9986572265625,4148,0.5070284806258404,4983.9267578125,58.4736328125,11.155087094221738,0.08020171459208417,0.50634765625,0.20634960546875902,0.2142550562499963,2,10,5.0,0,1.974921630094044,14,1974,,4983.9267578125,5,39,0.3046875,0.21147033203125432,True
0.6,108,41535,1024,3,1,34,35,0.2734375,0.0029296875,8189,0.9996337890625,3583,0.43753816094761266,19386.240234375,122.7890625,5.255867706541303,0.0897188649870212,0.4373779296875,0.20634960546875902,0.2142550562499963,1,9,9.0,127,2.2445561139028474,11,1936,0.0,19674.44003964321,4,38,0.296875,0.21147033203125432,True
0.6,109,44889,1024,15,2,34,36,0.28125,0.0146484375,8177,0.9981689453125,3918,0.4791488320900086,4931.0673828125,53.9072265625,11.201394236817945,0.057688591940626255,0.478271484375,0.20634960546875902,0.2142550562499963,2,10,5.0,3,2.090375287209599,13,1913,,4931.0673828125,5,39,0.3046875,0.21147033203125432,True
0.6,110,28184,1024,10,2,34,36,0.28125,0.009765625,8182,0.998779296875,4711,0.5757760938645808,4419.44921875,61.791015625,11.677122128225335,0.22413128110485694,0.5750732421875,0.20634960546875902,0.2142550562499963,2,10,5.0,0,1.7390658174097664,21,1761,,4419.44921875,5,39,0.3046875,0.21147033203125432,True
0.6,111,25319,1024,7,1,34,35,0.2734375,0.0068359375,8185,0.9991455078125,4309,0.5264508246792914,3482.4169921875,50.1201171875,12.711995876066736,0.07938277017378216,0.5260009765625,0.20634960546875902,0.2142550562499963,1,9,9.0,3,1.9001857010213556,22,1977,,3482.4169921875,4,38,0.296875,0.21147033203125432,True
0.6,112,11010,1024,2,1,34,35,0.2734375,0.001953125,8190,0.999755859375,3721,0.45433455433455433,9856.3955078125,84.2373046875,8.193622387530972,0.1241417548750099,0.4542236328125,0.20368462109375685,0.21012873828124157,1,9,9.0,0,2.201344086021505,13,2133,,9856.3955078125,4,38,0.296875,0.22729368828125018,True
0.6,113,33880,1024,19,3,34,37,0.2890625,0.0185546875,8173,0.9976806640625,3496,0.42774990823443043,935.6318359375,22.9208984375,18.419753701156235,0.1323900801052571,0.4267578125,0.20368462109375685,0.21012873828124157,3,11,3.6666666666666665,8,2.3413447782546495,8,1953,0.0,936.546432062561,6,40,0.3125,0.22729368828125018,True
0.6,114,19307,1024,11,2,34,36,0.28125,0.0107421875,8181,0.9986572265625,3776,0.4615572668377949,1924.54296875,36.248046875,15.287527489536961,0.16668095510409237,0.4609375,0.20368462109375685,0.21012873828124157,2,10,5.0,3,2.1687417218543046,9,1979,,1924.54296875,5,39,0.3046875,0.22729368828125018,True
0.6,115,12236,1024,3,1,34,35,0.2734375,0.0029296875,8189,0.9996337890625,2107,0.2572963731835389,6252.1591796875,45.1962890625,10.170503342623045,0.0683359819917323,0.2572021484375,0.20368462109375685,0.21012873828124157,1,9,9.0,15,3.848053181386515,8,1283,0.0,6258.270772238514,4,38,0.296875,0.22729368828125018,True
0.6,116,13805,1024,13,2,34,36,0.28125,0.0126953125,8179,0.9984130859375,3831,0.4683946692749725,2017.0537109375,37.9013671875,15.083628979287198,0.13719146931513376,0.4676513671875,0.20368462109375685,0.21012873828124157,2,10,5.0,0,2.1381201044386424,14,2056,,2017.0537109375,5,39,0.3046875,0.22729368828125018,True
0.6,117,5814,1024,3,1,34,35,0.2734375,0.0029296875,8189,0.9996337890625,3800,0.46403712296983757,11217.1943359375,94.3857421875,7.63196116852619,0.06388343458362837,0.4638671875,0.20368462109375685,0.21012873828124157,1,9,9.0,2,2.1555672545406686,8,2284,,11217.1943359375,4,38,0.296875,0.22729368828125018,True
0.6,118,48485,1024,2,1,34,35,0.2734375,0.001953125,8190,0.999755859375,3927,0.4794871794871795,14980.5927734375,110.8486328125,6.375513623816645,0.0505896490620666,0.4793701171875,0.20368462109375685,0.21012873828124157,1,9,9.0,2,2.085583290881304,8,2217,,14980.5927734375,4,38,0.296875,0.22729368828125018,True
0.6,119,12248,1024,3,1,34,35,0.2734375,0.0029296875,8189,0.9996337890625,3404,0.4156795701550861,15032.712890625,96.7734375,6.360429979050716,0.04075705209861439,0.41552734375,0.20368462109375685,0.21012873828124157,1,9,9.0,13,2.4025859535703793,9,1894,0.0,15047.407624633432,4,38,0.296875,0.22729368828125018,True
0.6,120,458,1024,3,1,34,35,0.2734375,0.0029296875,8189,0.9996337890625,3927,0.479545732079619,15487.984375,116.248046875,6.230854590398717,0.07373257237489342,0.4793701171875,0.20368462109375685,0.21012873828124157,1,9,9.0,0,2.08634742740703,8,2126,,15487.984375,4,38,0.296875,0.22729368828125018,True
0.6,121,319,1024,3,1,34,35,0.2734375,0.0029296875,8189,0.9996337890625,3954,0.48284283795335203,19195.1513671875,112.6533203125,5.298888196853865,0.037766399693190914,0.482666015625,0.20368462109375685,0.21012873828124157,1,9,9.0,3,2.070832279281558,8,2071,,19195.1513671875,4,38,0.296875,0.22729368828125018,True
0.6,122,21496,1024,3,1,34,35,0.2734375,0.0029296875,8189,0.9996337890625,4069,0.49688606667480767,18319.5419921875,122.3232421875,5.501657492190536,0.07179388756287769,0.4967041015625,0.20368462109375685,0.21012873828124157,1,9,9.0,2,2.0130285152409044,8,2215,,18319.5419921875,4,38,0.296875,0.22729368828125018,True
0.6,123,20390,1024,2,1,34,35,0.2734375,0.001953125,8190,0.999755859375,4354,0.5316239316239316,22611.8076171875,146.0927734375,4.587450790713961,0.15927490306926603,0.531494140625,0.20368462109375685,0.21012873828124157,1,9,9.0,0,1.8805421548357455,8,2272,,22611.8076171875,4,38,0.296875,0.22729368828125018,True
0.6,124,33691,1024,2,1,34,35,0.2734375,0.001953125,8190,0.999755859375,4675,0.5708180708180708,24074.3369140625,146.9677734375,4.3152602679634455,0.08470480510715679,0.5706787109375,0.20368462109375685,0.21012873828124157,1,9,9.0,0,1.7520325203252032,38,1902,,24074.3369140625,4,38,0.296875,0.22729368828125018,True
0.6,125,33872,1024,3,1,34,35,0.2734375,0.0029296875,8189,0.9996337890625,4033,0.4924899255098303,17078.111328125,122.1875,5.806405205762244,0.05884836538257141,0.4923095703125,0.20368462109375685,0.21012873828124157,1,9,9.0,2,2.031001984126984,8,2221,,17078.111328125,4,38,0.296875,0.22729368828125018,True
0.6,126,46987,1024,9,2,34,36,0.28125,0.0087890625,8183,0.9989013671875,4340,0.5303678357570573,2442.5849609375,45.4248046875,14.252306820596544,0.30909115519401636,0.52978515625,0.20368462109375685,0.21012873828124157,2,10,5.0,12,1.884996542982254,15,2123,0.0,2444.9726295210166,5,39,0.3046875,0.22729368828125018,True
0.6,127,26772,1024,17,3,34,37,0.2890625,0.0166015625,8175,0.9979248046875,4183,0.5116819571865443,6761.123046875,69.822265625,9.830615210577271,0.06686249075850496,0.5106201171875,0.20368462109375685,0.21012873828124157,3,11,3.6666666666666665,0,1.9586322333811574,22,1943,,6761.123046875,6,40,0.3125,0.22729368828125018,True
0.6,128,7057,1024,8,1,34,35,0.2734375,0.0078125,8184,0.9990234375,3912,0.4780058651026393,6793.50390625,68.44921875,9.809865314108157,0.11617656018479439,0.4775390625,0.20368462109375685,0.21012873828124157,1,9,9.0,0,2.094349271286116,14,2144,,6793.50390625,4,38,0.296875,0.22729368828125018,True
0.6,129,30014,1024,3,1,34,35,0.2734375,0.0029296875,8189,0.9996337890625,4263,0.5205763829527414,25133.9228515625,146.7705078125,4.12820083185517,0.058034206338507026,0.5203857421875,0.20368462109375685,0.21012873828124157,1,9,9.0,3,1.9209291412482403,10,2191,,25133.9228515625,4,38,0.296875,0.22729368828125018,True
0.6,130,48237,1024,3,1,34,35,0.2734375,0.0029296875,8189,0.9996337890625,4077,0.4978629869336915,26551.443359375,160.853515625,3.889922261858728,0.11714128899419507,0.4976806640625,0.20368462109375685,0.21012873828124157,1,9,9.0,0,2.009322865554465,8,2328,,26551.443359375,4,38,0.296875,0.22729368828125018,True
0.6,131,4823,1024,3,1,34,35,0.2734375,0.0029296875,8189,0.9996337890625,4134,0.5048235437782391,19981.2255859375,127.6943359375,5.124582378945796,0.10297771903728528,0.504638671875,0.20368462109375685,0.21012873828124157,1,9,9.0,2,1.981369465279458,9,2156,,19981.2255859375,4,38,0.296875,0.22729368828125018,True
0.6,132,26627,1024,10,2,34,36,0.28125,0.009765625,8182,0.998779296875,3831,0.46822292837936935,2233.919921875,38.81640625,14.64012759729827,0.10610831437866734,0.4676513671875,0.20368462109375685,0.21012873828124157,2,10,5.0,3,2.137859007832898,17,1900,,2233.919921875,5,39,0.3046875,0.22729368828125018,True
0.6,133,12293,1024,10,2,34,36,0.28125,0.009765625,8182,0.998779296875,3902,0.4769005133219262,2606.9814453125,39.7431640625,13.969424206957727,0.06841337384182179,0.476318359375,0.20368462109375685,0.21012873828124157,2,10,5.0,4,2.098692642912074,15,1852,,2606.9814453125,5,39,0.3046875,0.22729368828125018,True
0.6,134,32803,1024,3,1,34,35,0.2734375,0.0029296875,8189,0.9996337890625,4069,0.49688606667480767,25213.4697265625,157.1943359375,4.114477460756001,0.16044231984460933,0.4967041015625,0.20368462109375685,0.21012873828124157,1,9,9.0,0,2.0130285152409044,8,2248,,25213.4697265625,4,38,0.296875,0.22729368828125018,True
0.6,135,41882,1024,2,1,34,35,0.2734375,0.001953125,8190,0.999755859375,3974,0.4852258852258852,19256.2080078125,119.0419921875,5.285095922757785,0.1589124219488346,0.485107421875,0.20368462109375685,0.21012873828124157,1,9,9.0,2,2.060911150264284,9,2086,,19256.2080078125,4,38,0.296875,0.22729368828125018,True
0.6,136,10235,1024,20,3,34,37,0.2890625,0.01953125,8172,0.99755859375,3464,0.42388644150758686,2240.53125,32.33203125,14.627293552174143,0.2020213839451476,0.4228515625,0.20368462109375685,0.21012873828124157,3,11,3.6666666666666665,0,2.3652902107998846,10,1757,,2240.53125,6,40,0.3125,0.22729368828125018,True
0.6,137,30033,1024,8,1,34,35,0.2734375,0.0078125,8184,0.9990234375,4152,0.5073313782991202,10348.142578125,89.34765625,7.982179570133593,0.05292090627115748,0.5068359375,0.20368462109375685,0.21012873828124157,1,9,9.0,0,1.973018549747049,13,2090,,10348.142578125,4,38,0.296875,0.22729368828125018,True
0.6,138,20042,1024,11,2,34,36,0.28125,0.0107421875,8181,0.9986572265625,4275,0.5225522552255225,2925.5791015625,45.4560546875,13.468685158446299,0.04335936459295396,0.5218505859375,0.20368462109375685,0.21012873828124157,2,10,5.0,19,1.9117922321010763,15,1877,0.0,2931.3043052837575,5,39,0.3046875,0.22729368828125018,True
0.6,139,29399,1024,9,2,34,36,0.28125,0.0087890625,8183,0.9989013671875,3891,0.47549798362458756,3549.044921875,47.798828125,12.629688644228366,0.1339832217252861,0.4749755859375,0.20368462109375685,0.21012873828124157,2,10,5.0,3,2.1048843187660666,13,2064,,3549.044921875,5,39,0.3046875,0.22729368828125018,True
0.6,140,6463,1024,11,2,34,36,0.28125,0.0107421875,8181,0.9986572265625,4500,0.5500550055005501,4573.8125,57.2265625,11.528020038075915,0.061792686474859936,0.54931640625,0.20368462109375685,0.21012873828124157,2,10,5.0,3,1.8192931762613913,14,1872,,4573.8125,5,39,0.3046875,0.22729368828125018,True
0.6,141,25920,1024,2,1,34,35,0.2734375,0.001953125,8190,0.999755859375,4322,0.5277167277167277,25109.421875,155.638671875,4.132436473341097,0.30673839904501543,0.527587890625,0.20368462109375685,0.21012873828124157,1,9,9.0,0,1.8956260124971072,8,2379,,25109.421875,4,38,0.296875,0.22729368828125018,True
0.6,142,10327,1024,3,1,34,35,0.2734375,0.0029296875,8189,0.9996337890625,4214,0.5145927463670777,22041.005859375,140.28125,4.698489508511291,0.03909978369539226,0.514404296875,0.20368462109375685,0.21012873828124157,1,9,9.0,12,1.9406598623308806,9,2191,0.0,22062.551319648093,4,38,0.296875,0.22729368828125018,True
0.6,143,3805,1024,2,1,34,35,0.2734375,0.001953125,8190,0.999755859375,4122,0.5032967032967033,22605.2568359375,146.7451171875,4.588709151115434,0.07432086990021368,0.503173828125,0.20368462109375685,0.21012873828124157,1,9,9.0,0,1.986896384372725,8,2233,,22605.2568359375,4,38,0.296875,0.22729368828125018,True
0.6,144,37879,1024,2,1,34,35,0.2734375,0.001953125,8190,0.999755859375,3866,0.472039072039072,9341.8603515625,80.5595703125,8.42646989994836,0.40800115015009686,0.471923828125,0.20368462109375685,0.21012873828124157,1,9,9.0,0,2.11875808538163,23,2282,,9341.8603515625,4,38,0.296875,0.22729368828125018,True
0.6,145,22721,1024,10,2,34,36,0.28125,0.009765625,8182,0.998779296875,4268,0.5216328526032755,4585.857421875,58.33203125,11.516598128410866,0.16182290223715365,0.52099609375,0.20368462109375685,0.21012873828124157,2,10,5.0,0,1.9193812983360674,16,1907,,4585.857421875,5,39,0.3046875,0.22729368828125018,True
0.6,146,43932,1024,11,2,34,36,0.28125,0.0107421875,8181,0.9986572265625,3996,0.4884488448844885,6224.322265625,65.08984375,10.189882906138807,0.051439588793047906,0.48779296875,0.20368462109375685,0.21012873828124157,2,10,5.0,0,2.0500625782227786,12,2118,,6224.322265625,5,39,0.3046875,0.22729368828125018,True
0.6,147,47270,1024,3,1,34,35,0.2734375,0.0029296875,8189,0.9996337890625,4420,0.5397484430333374,28221.05078125,160.404296875,3.6250718064863774,0.046066257327298486,0.53955078125,0.20368462109375685,0.21012873828124157,1,9,9.0,0,1.853134193256393,8,2124,,28221.05078125,4,38,0.296875,0.22729368828125018,True
0.6,148,11091,1024,11,2,34,36,0.28125,0.0107421875,8181,0.9986572265625,4157,0.5081285906368415,3504.9453125,47.79296875,12.683991147891323,0.15169452878059494,0.5074462890625,0.20368462109375685,0.21012873828124157,2,10,5.0,0,1.970885466794995,12,1803,,3504.9453125,5,39,0.3046875,0.22729368828125018,True
0.6,149,9736,1024,3,1,34,35,0.2734375,0.0029296875,8189,0.9996337890625,4112,0.5021370130663084,14515.470703125,116.283203125,6.512492373068129,0.11676738081548442,0.501953125,0.20368462109375685,0.21012873828124157,1,9,9.0,0,1.9924592556555583,8,2179,,14515.470703125,4,38,0.296875,0.22729368828125018,True
0.6,150,23206,1024,3,1,34,35,0.2734375,0.0029296875,8189,0.9996337890625,4064,0.49627549151300526,16231.73046875,115.228515625,6.027155383326676,0.14550179862154214,0.49609375,0.20368462109375685,0.21012873828124157,1,9,9.0,2,2.0152596603494954,8,2303,,16231.73046875,4,38,0.296875,0.22729368828125018,True
0.6,151,25039,1024,3,1,34,35,0.2734375,0.0029296875,8189,0.9996337890625,4148,0.5065331542312859,22272.1982421875,141.7880859375,4.6531727731671,0.062366563153942824,0.50634765625,0.20368462109375685,0.21012873828124157,1,9,9.0,0,1.9751627682662165,8,2243,,22272.1982421875,4,38,0.296875,0.22729368828125018,True
0.6,152,21014,1024,3,1,34,35,0.2734375,0.0029296875,8189,0.9996337890625,2912,0.35559897423372816,17491.58984375,96.634765625,5.702510757466874,0.045170081610979684,0.35546875,0.20368462109375685,0.21012873828124157,1,9,9.0,87,2.750944692545517,8,1577,0.0,17664.090729783038,4,38,0.296875,0.22729368828125018,True
0.6,153,32412,1024,11,2,34,36,0.28125,0.0107421875,8181,0.9986572265625,3647,0.4457890233467791,1218.515625,27.27734375,17.272492583625368,0.11987821091056713,0.4451904296875,0.20368462109375685,0.21012873828124157,2,10,5.0,3,2.2457487657707076,14,1770,,1218.515625,5,39,0.3046875,0.22729368828125018,True
0.6,154,34022,1024,3,1,34,35,0.2734375,0.0029296875,8189,0.9996337890625,4119,0.5029918182928318,17749.7060546875,130.1435546875,5.638891955829521,0.20383413564127945,0.5028076171875,0.20368462109375685,0.21012873828124157,1,9,9.0,0,1.9890723652258377,8,2169,,17749.7060546875,4,38,0.296875,0.22729368828125018,True
0.6,155,21369,1024,3,1,34,35,0.2734375,0.0029296875,8189,0.9996337890625,3537,0.4319208694590304,9890.6064453125,76.6904296875,8.17857439566166,0.12612548103720156,0.4317626953125,0.20368462109375685,0.21012873828124157,1,9,9.0,2,2.3150452488687785,8,1940,,9890.6064453125,4,38,0.296875,0.22729368828125018,True
0.6,156,41654,1024,7,1,34,35,0.2734375,0.0068359375,8185,0.9991455078125,4573,0.5587049480757483,5913.1611328125,67.3759765625,10.412606472437659,0.0740430749931011,0.5582275390625,0.20368462109375685,0.21012873828124157,1,9,9.0,0,1.791557305336833,15,1899,,5913.1611328125,4,38,0.296875,0.22729368828125018,True
0.6,157,11953,1024,3,1,34,35,0.2734375,0.0029296875,8189,0.9996337890625,3910,0.4774697765294908,24389.4921875,139.6796875,4.258776028855657,0.06422202619835923,0.477294921875,0.20368462109375685,0.21012873828124157,1,9,9.0,14,2.091327705295472,8,2023,0.0,24413.333333333332,4,38,0.296875,0.22729368828125018,True
0.6,158,13700,1024,8,1,34,35,0.2734375,0.0078125,8184,0.9990234375,4582,0.5598729227761485,6244.619140625,67.79296875,10.175744049742285,0.1216662828719112,0.559326171875,0.20368462109375685,0.21012873828124157,1,9,9.0,4,1.7862912027941498,15,1861,,6244.619140625,4,38,0.296875,0.22729368828125018,True
0.6,159,38205,1024,2,1,34,35,0.2734375,0.001953125,8190,0.999755859375,3837,0.4684981684981685,11629.38671875,92.921875,7.47523548262034,0.13659874245115708,0.4683837890625,0.20368462109375685,0.21012873828124157,1,9,9.0,2,2.1347758081334725,8,2298,,11629.38671875,4,38,0.296875,0.22729368828125018,True
0.6,160,40129,1024,10,2,34,36,0.28125,0.009765625,8182,0.998779296875,4566,0.5580542654607675,11860.0830078125,107.6826171875,7.3899263223521725,0.21492995430928732,0.557373046875,0.20368462109375685,0.21012873828124157,2,10,5.0,0,1.794304490690033,8,2487,,11860.0830078125,5,39,0.3046875,0.22729368828125018,True
0.6,161,17080,1024,2,1,34,35,0.2734375,0.001953125,8190,0.999755859375,3911,0.47753357753357756,17102.2197265625,123.3642578125,5.800278789883801,0.08130364219942782,0.4774169921875,0.20368462109375685,0.21012873828124157,1,9,9.0,0,2.0948849104859333,9,2237,,17102.2197265625,4,38,0.296875,0.22729368828125018,True
0.6,162,1505,1024,2,1,34,35,0.2734375,0.001953125,8190,0.999755859375,4159,0.5078144078144078,22655.9453125,136.30859375,4.578981731680934,0.028399187911350147,0.5076904296875,0.20368462109375685,0.21012873828124157,1,9,9.0,3,1.9692159692159692,9,2091,,22655.9453125,4,38,0.296875,0.22729368828125018,True
0.6,163,36391,1024,3,1,34,35,0.2734375,0.0029296875,8189,0.9996337890625,4003,0.48882647453901573,15537.5234375,114.009765625,6.216985641083625,0.06617348016075396,0.4886474609375,0.20368462109375685,0.21012873828124157,1,9,9.0,2,2.0462268865567217,8,2192,,15537.5234375,4,38,0.296875,0.22729368828125018,True
0.6,164,24660,1024,10,2,34,36,0.28125,0.009765625,8182,0.998779296875,3888,0.4751894402346615,3687.9052734375,46.9833984375,12.463006035166126,0.11753254847817952,0.474609375,0.20368462109375685,0.21012873828124157,2,10,5.0,6,2.105737072292256,11,1919,,3687.9052734375,5,39,0.3046875,0.22729368828125018,True
0.6,165,24061,1024,3,1,34,35,0.2734375,0.0029296875,8189,0.9996337890625,3297,0.4026132616925143,5081.3408203125,54.9365234375,11.071020355862341,0.14899297040337897,0.4024658203125,0.20368462109375685,0.21012873828124157,1,9,9.0,4,2.4839199029126213,7,1886,,5081.3408203125,4,38,0.296875,0.22729368828125018,True
0.6,166,10964,1024,7,1,34,35,0.2734375,0.0068359375,8185,0.9991455078125,4357,0.5323152107513744,6386.580078125,68.12890625,10.07811998921367,0.11085442237579136,0.5318603515625,0.20368462109375685,0.21012873828124157,1,9,9.0,13,1.8774104683195592,14,2159,0.0,6392.823069403715,4,38,0.296875,0.22729368828125018,True
0.6,167,20807,1024,3,1,34,35,0.2734375,0.0029296875,8189,0.9996337890625,4153,0.5071437293930883,21562.0283203125,132.0068359375,4.793907487462626,0.06036009934587268,0.5069580078125,0.20368462109375685,0.21012873828124157,1,9,9.0,0,1.9727842003853564,8,2163,,21562.0283203125,4,38,0.296875,0.22729368828125018,True
0.6,168,33388,1024,7,1,34,35,0.2734375,0.0068359375,8185,0.9991455078125,4136,0.5053145998778253,3355.484375,48.92578125,12.8732514002735,0.042702487777832296,0.5048828125,0.20368462109375685,0.21012873828124157,1,9,9.0,13,1.9777509068923822,14,2002,0.0,3358.764418377322,4,38,0.296875,0.22729368828125018,True
0.6,169,34571,1024,3,1,34,35,0.2734375,0.0029296875,8189,0.9996337890625,3927,0.479545732079619,23184.30859375,121.34765625,4.47886212044174,0.027037953415993205,0.4793701171875,0.20368462109375685,0.21012873828124157,1,9,9.0,5,2.0850738665308204,10,1836,,23184.30859375,4,38,0.296875,0.22729368828125018,True
0.6,170,21194,1024,26,4,34,38,0.296875,0.025390625,8166,0.996826171875,3713,0.4546901787901053,4240.3173828125,47.9853515625,11.856819966229375,0.14601929727264099,0.4532470703125,0.20368462109375685,0.21012873828124157,4,12,3.0,3,2.2055495689655173,12,1959,,4240.3173828125,7,41,0.3203125,0.22729368828125018,True
0.6,171,32696,1024,7,1,34,35,0.2734375,0.0068359375,8185,0.9991455078125,3684,0.4500916310323763,2821.4296875,37.962890625,13.626111291260187,0.20606866271044635,0.44970703125,0.20368462109375685,0.21012873828124157,1,9,9.0,0,2.224002172142275,13,1830,,2821.4296875,4,38,0.296875,0.22729368828125018,True
0.6,172,46005,1024,3,1,34,35,0.2734375,0.0029296875,8189,0.9996337890625,3741,0.45683233606056906,22580.8505859375,149.4306640625,4.59340063765166,0.4078565685192413,0.4566650390625,0.20368462109375685,0.21012873828124157,1,9,9.0,0,2.189572192513369,8,2258,,22580.8505859375,4,38,0.296875,0.22729368828125018,True
0.6,173,19269,1024,3,1,34,35,0.2734375,0.0029296875,8189,0.9996337890625,3515,0.42923433874709976,6607.9052734375,68.7529296875,9.930165522696061,0.42724829099293726,0.4290771484375,0.20368462109375685,0.21012873828124157,1,9,9.0,2,2.330392714854866,8,2173,,6607.9052734375,4,38,0.296875,0.22729368828125018,True
0.6,174,5503,1024,2,1,34,35,0.2734375,0.001953125,8190,0.999755859375,4141,0.5056166056166056,24099.1103515625,143.9873046875,4.310793505145691,0.054407607272727046,0.5054931640625,0.20368462109375685,0.21012873828124157,1,9,9.0,0,1.9785024154589372,8,2144,,24099.1103515625,4,38,0.296875,0.22729368828125018,True
0.6,175,32979,1024,3,1,34,35,0.2734375,0.0029296875,8189,0.9996337890625,3802,0.46428135303455853,16322.3359375,112.98046875,6.002980488416178,0.04958939395957839,0.464111328125,0.20368462109375685,0.21012873828124157,1,9,9.0,2,2.154433043935806,9,2140,,16322.3359375,4,38,0.296875,0.22729368828125018,True
0.6,176,32764,1024,2,1,34,35,0.2734375,0.001953125,8190,0.999755859375,4088,0.49914529914529915,16682.537109375,121.30859375,5.908182612801314,0.07363934602163753,0.4990234375,0.20368462109375685,0.21012873828124157,1,9,9.0,0,2.0041595302177635,8,2171,,16682.537109375,4,38,0.296875,0.22729368828125018,True
0.6,177,36396,1024,10,2,34,36,0.28125,0.009765625,8182,0.998779296875,4354,0.5321437301393303,4433.59765625,59.314453125,11.66324082012477,0.25729431912638745,0.531494140625,0.20368462109375685,0.21012873828124157,2,10,5.0,0,1.8816907879623248,15,1970,,4433.59765625,5,39,0.3046875,0.22729368828125018,True
0.6,178,16139,1024,13,2,34,36,0.28125,0.0126953125,8179,0.9984130859375,3821,0.46717202592003915,1161.458984375,26.654296875,17.480764830847566,0.5703723742673805,0.4664306640625,0.20368462109375685,0.21012873828124157,2,10,5.0,13,2.1408376963350784,12,1966,0.0,1162.594330400782,5,39,0.3046875,0.22729368828125018,True
0.6,179,32110,1024,3,1,34,35,0.2734375,0.0029296875,8189,0.9996337890625,3196,0.3902796434241055,18629.90625,108.3125,5.42869691436516,0.08397785770620061,0.39013671875,0.20368462109375685,0.21012873828124157,1,9,9.0,14,2.5593114241001564,8,1653,0.0,18648.117302052786,4,38,0.296875,0.22729368828125018,True
0.6,180,37930,1024,11,2,34,36,0.28125,0.0107421875,8181,0.9986572265625,4113,0.5027502750275028,3005.5576171875,48.6650390625,13.351553029646237,0.08743050703230716,0.5020751953125,0.20368462109375685,0.21012873828124157,2,10,5.0,3,1.9907587548638133,16,2111,,3005.5576171875,5,39,0.3046875,0.22729368828125018,True
0.6,181,5624,1024,12,2,34,36,0.28125,0.01171875,8180,0.99853515625,4560,0.5574572127139364,3196.89453125,50.892578125,13.083520521694778,0.12623017832691724,0.556640625,0.20368462109375685,0.21012873828124157,2,10,5.0,7,1.7951305110769906,19,1736,,3196.89453125,5,39,0.3046875,0.22729368828125018,True
0.6,182,37946,1024,2,1,34,35,0.2734375,0.001953125,8190,0.999755859375,4180,0.5103785103785103,19198.7451171875,126.5400390625,5.298075179191262,0.11822920481602234,0.51025390625,0.20368462109375685,0.21012873828124157,1,9,9.0,2,1.9595597032782963,8,2116,,19198.7451171875,4,38,0.296875,0.22729368828125018,True
0.6,183,6616,1024,3,1,34,35,0.2734375,0.0029296875,8189,0.9996337890625,3803,0.464403468066919,14326.7353515625,104.4423828125,6.569331223428221,0.05808040375951771,0.4642333984375,0.20368462109375685,0.21012873828124157,1,9,9.0,0,2.1541294055760125,8,2126,,14326.7353515625,4,38,0.296875,0.22729368828125018,True
0.6,184,11706,1024,2,1,34,35,0.2734375,0.001953125,8190,0.999755859375,3931,0.47997557997558,15761.1650390625,111.2724609375,6.1549204420324735,0.09970976076670236,0.4798583984375,0.20368462109375685,0.21012873828124157,1,9,9.0,2,2.0834605597964377,8,2279,,15761.1650390625,4,38,0.296875,0.22729368828125018,True
0.6,185,10558,1024,2,1,34,35,0.2734375,0.001953125,8190,0.999755859375,3145,0.38400488400488403,10480.0029296875,70.6005859375,7.927189568130521,0.1146438831636119,0.3839111328125,0.20368462109375685,0.21012873828124157,1,9,9.0,7,2.602735368956743,15,1804,,10480.0029296875,4,38,0.296875,0.22729368828125018,True
0.6,186,18351,1024,3,1,34,35,0.2734375,0.0029296875,8189,0.9996337890625,2574,0.31432409329588473,9704.8349609375,70.2744140625,8.260922066317915,0.038040394839714185,0.314208984375,0.20368462109375685,0.21012873828124157,1,9,9.0,71,3.1496307811892734,8,1489,0.0,9781.250984251968,4,38,0.296875,0.22729368828125018,True
0.6,187,15023,1024,3,1,34,35,0.2734375,0.0029296875,8189,0.9996337890625,3852,0.4703871046525827,17648.89453125,124.361328125,5.663628530711873,0.14312015887894564,0.47021484375,0.20368462109375685,0.21012873828124157,1,9,9.0,14,2.1223058945728384,8,1955,0.0,17666.146627565984,4,38,0.296875,0.22729368828125018,True
0.6,188,9490,1024,2,1,34,35,0.2734375,0.001953125,8190,0.999755859375,3975,0.48534798534798534,13671.9892578125,103.3017578125,6.772486523836228,0.13560470989887563,0.4852294921875,0.20368462109375685,0.21012873828124157,1,9,9.0,2,2.0603925515853043,8,2233,,13671.9892578125,4,38,0.296875,0.22729368828125018,True
0.6,189,6355,1024,3,1,34,35,0.2734375,0.0029296875,8189,0.9996337890625,3560,0.43472951520332154,4872.275390625,61.439453125,11.253485333677403,0.2759514266784219,0.4345703125,0.20368462109375685,0.21012873828124157,1,9,9.0,0,2.3014891823545938,6,2165,,4872.275390625,4,38,0.296875,0.22729368828125018,True
0.6,190,8857,1024,8,1,34,35,0.2734375,0.0078125,8184,0.9990234375,3667,0.448069403714565,764.0498046875,17.7685546875,19.29958691826298,0.37632928347849764,0.4476318359375,0.20368462109375685,0.21012873828124157,1,9,9.0,14,2.2302236770321877,12,1396,0.0,764.7966764418377,5,39,0.3046875,0.22729368828125018,True
0.6,191,31811,1024,3,1,34,35,0.2734375,0.0029296875,8189,0.9996337890625,3881,0.4739284405910368,24909.064453125,135.53515625,4.167229444705182,0.16061638737522616,0.4737548828125,0.20368462109375685,0.21012873828124157,1,9,9.0,2,2.1103092783505155,8,1986,,24909.064453125,4,38,0.296875,0.22729368828125018,True
0.6,192,10400,1024,3,1,34,35,0.2734375,0.0029296875,8189,0.9996337890625,4204,0.5133715960434729,18379.0048828125,132.8369140625,5.487583677244028,0.14117265547904811,0.51318359375,0.20368462109375685,0.21012873828124157,1,9,9.0,0,1.9483702117535093,8,2126,,18379.0048828125,4,38,0.296875,0.22729368828125018,True
0.6,193,275,1024,12,2,34,36,0.28125,0.01171875,8180,0.99853515625,4474,0.5469437652811736,7980.94921875,79.57421875,9.110258133831904,0.04388988613048698,0.546142578125,0.20368462109375685,0.21012873828124157,2,10,5.0,0,1.8303152246814218,28,1932,,7980.94921875,5,39,0.3046875,0.22729368828125018,True
0.6,194,26152,1024,3,1,34,35,0.2734375,0.0029296875,8189,0.9996337890625,3706,0.45255830992795215,18343.6904296875,117.4931640625,5.495936482897765,0.05140453878207003,0.452392578125,0.20368462109375685,0.21012873828124157,1,9,9.0,287,2.1333333333333333,8,1888,0.0,18992.86046511628,4,38,0.296875,0.22729368828125018,True
0.6,195,13037,1024,3,1,34,35,0.2734375,0.0029296875,8189,0.9996337890625,3115,0.3803883258029063,15930.12109375,93.841796875,6.108612837392501,0.0480518310274592,0.3802490234375,0.20368462109375685,0.21012873828124157,1,9,9.0,14,2.625883108542068,11,1497,0.0,15945.693059628544,4,38,0.296875,0.22729368828125018,True
0.6,196,41203,1024,3,1,34,35,0.2734375,0.0029296875,8189,0.9996337890625,4211,0.5142264012699963,25640.767578125,155.634765625,4.0414933885286075,0.060271876235537133,0.5140380859375,0.20368462109375685,0.21012873828124157,1,9,9.0,0,1.9453681710213777,8,2265,,25640.767578125,4,38,0.296875,0.22729368828125018,True
0.6,197,43709,1024,13,2,34,36,0.28125,0.0126953125,8179,0.9984130859375,4469,0.5463993153197212,2210.5341796875,43.7666015625,14.685831264326616,0.39828297314986894,0.5455322265625,0.20368462109375685,0.21012873828124157,2,10,5.0,3,1.832139659803044,10,2037,,2210.5341796875,5,39,0.3046875,0.22729368828125018,True
0.6,198,43572,1024,3,1,34,35,0.2734375,0.0029296875,8189,0.9996337890625,4152,0.5070216143607278,16877.515625,116.408203125,5.857718421422835,0.10740104635064886,0.5068359375,0.20368462109375685,0.21012873828124157,1,9,9.0,3,1.9722958323295592,8,2207,,16877.515625,4,38,0.296875,0.22729368828125018,True
0.6,199,23390,1024,3,1,34,35,0.2734375,0.0029296875,8189,0.9996337890625,4144,0.5060446941018439,25615.1552734375,156.5244140625,4.045833680499403,0.0750980570734522,0.505859375,0.20368462109375685,0.21012873828124157,1,9,9.0,0,1.977069756215303,9,2101,,25615.1552734375,4,38,0.296875,0.22729368828125018,True
0.65,0,712,1024,29,4,34,38,0.296875,0.0283203125,8163,0.9964599609375,3886,0.4760504716403283,3745.2294921875,46.9228515625,12.39601926245773,0.16454287458627267,0.474365234375,0.20368462109375685,0.21012873828124157,4,12,3.0,13,2.104761904761905,12,1841,0.0,3748.8905180840666,7,41,0.3203125,0.22729368828125018,True
0.65,1,24774,1024,26,4,34,38,0.296875,0.025390625,8166,0.996826171875,3803,0.4657114866519716,3291.8525390625,47.7255859375,12.956399884302975,0.10195731130375525,0.4642333984375,0.20368462109375685,0.21012873828124157,4,12,3.0,12,2.150973172014729,9,2024,0.0,3295.0703812316715,7,41,0.3203125,0.22729368828125018,True
0.65,2,45142,1024,35,5,34,39,0.3046875,0.0341796875,8157,0.9957275390625,3904,0.4786073311266397,3035.013671875,45.888671875,13.309197090788757,0.07681017374648746,0.4765625,0.20368462109375685,0.21012873828124157,5,13,2.6,10,2.0955675121701254,8,2055,0.0,3037.980449657869,8,42,0.328125,0.22729368828125018,True
0.65,3,27119,1024,4,1,34,35,0.2734375,0.00390625,8188,0.99951171875,2795,0.3413531998045921,13373.8544921875,72.4248046875,6.86823767111238,0.07202365043694335,0.3411865234375,0.20368462109375685,0.21012873828124157,1,9,9.0,12,2.9269863994273444,24,1485,0.0,13386.927663734115,4,38,0.296875,0.22729368828125018,True
0.65,4,21139,1024,42,6,34,40,0.3125,0.041015625,8150,0.994873046875,3837,0.4707975460122699,1673.4013671875,35.4169921875,15.894802413946573,0.17805613814727997,0.4683837890625,0.20368462109375685,0.21012873828124157,6,14,2.3333333333333335,12,2.1319082377476537,19,2048,0.0,1675.0371456500488,9,43,0.3359375,0.22729368828125018,True
0.65,5,19129,1024,18,3,34,37,0.2890625,0.017578125,8174,0.997802734375,4255,0.5205529728407144,5045.54296875,62.240234375,11.101724518126359,0.07166786071183953,0.5194091796875,0.20368462109375685,0.21012873828124157,3,11,3.6666666666666665,10,1.922896097790315,16,1985,0.0,5050.475073313783,6,40,0.3125,0.22729368828125018,True
0.65,6,6433,1024,108,14,34,48,0.375,0.10546875,8084,0.98681640625,3920,0.48490846115784264,2944.5849609375,47.2021484375,13.4405627121069,0.12966541005218493,0.478515625,0.20368462109375685,0.21012873828124157,14,21,1.5,15,2.086246491451901,7,2041,0.0,2947.4633431085044,18,52,0.40625,0.22729368828125018,True
0.65,7,38854,1024,20,3,34,37,0.2890625,0.01953125,8172,0.99755859375,3965,0.48519334312285856,4891.6865234375,55.5576171875,11.23621742737393,0.06875495683322658,0.4840087890625,0.20368462109375685,0.21012873828124157,3,11,3.6666666666666665,3,2.0653380423814327,35,1915,,4891.6865234375,6,40,0.3125,0.22729368828125018,True
0.65,8,22489,1024,596,75,34,109,0.8515625,0.58203125,7596,0.92724609375,3464,0.45602948920484465,2076.30859375,37.7421875,14.957884593780019,0.12513165286960817,0.4228515625,0.20368462109375685,0.21012873828124157,75,86,1.1466666666666667,1,2.3650014438348252,15,1823,,2076.30859375,79,113,0.8828125,0.22729368828125018,True
0.65,9,31104,1024,3,1,34,35,0.2734375,0.0029296875,8189,0.9996337890625,3841,0.4690438392966174,14609.4296875,95.568359375,6.484470982810533,0.09192505610274324,0.4688720703125,0.20368462109375685,0.21012873828124157,1,9,9.0,3,2.1322916666666667,8,2052,,14609.4296875,4,38,0.296875,0.22729368828125018,True
0.65,10,21349,1024,66,9,34,43,0.3359375,0.064453125,8126,0.991943359375,3899,0.4798178685700222,3702.5498046875,55.3896484375,12.445794517420573,0.09904211693586118,0.4759521484375,0.20368462109375685,0.21012873828124157,9,17,1.8888888888888888,10,2.097998973832735,7,2350,0.0,3706.169110459433,12,46,0.359375,0.22729368828125018,True
0.65,11,29116,1024,3,1,34,35,0.2734375,0.0029296875,8189,0.9996337890625,3662,0.44718524850409086,10712.8369140625,84.9462890625,7.831758673492723,0.09974241514881854,0.447021484375,0.20368462109375685,0.21012873828124157,1,9,9.0,2,2.2362742420103796,8,2055,,10712.8369140625,4,38,0.296875,0.22729368828125018,True
0.65,12,10772,1024,17,3,34,37,0.2890625,0.0166015625,8175,0.9979248046875,4075,0.4984709480122324,8110.484375,74.490234375,9.040335689122491,0.025317902634321265,0.4974365234375,0.20368462109375685,0.21012873828124157,3,11,3.6666666666666665,4,2.0095729013254786,13,1991,,8110.484375,6,40,0.3125,0.22729368828125018,True
0.65,13,18332,1024,9,2,34,36,0.28125,0.0087890625,8183,0.9989013671875,4235,0.5175363558597091,3058.328125,47.88671875,13.27596282266395,0.07869544910845387,0.5169677734375,0.20368462109375685,0.21012873828124157,2,10,5.0,3,1.9333963155408598,21,1967,,3058.328125,5,39,0.3046875,0.22729368828125018,True
0.65,14,1003,1024,3,1,34,35,0.2734375,0.0029296875,8189,0.9996337890625,4009,0.4895591647331787,18190.701171875,126.28125,5.5323092133124145,0.06135074836888892,0.4893798828125,0.20368462109375685,0.21012873828124157,1,9,9.0,2,2.0431636726546905,8,2022,,18190.701171875,4,38,0.296875,0.22729368828125018,True
0.65,15,22156,1024,10,2,34,36,0.28125,0.009765625,8182,0.998779296875,4205,0.5139330237105842,9177.541015625,84.38671875,8.503540267689978,0.04559824728020374,0.5133056640625,0.20368462109375685,0.21012873828124157,2,10,5.0,5,1.9469552806850619,14,1909,,9177.541015625,5,39,0.3046875,0.22729368828125018,True
0.65,16,26453,1024,19,3,34,37,0.2890625,0.0185546875,8173,0.9976806640625,3631,0.44426771075492477,1863.6318359375,35.3720703125,15.427202400887825,0.12401992447470372,0.4432373046875,0.20368462109375685,0.21012873828124157,3,11,3.6666666666666665,1,2.256198347107438,7,1932,,1863.6318359375,6,40,0.3125,0.22729368828125018,True
0.65,17,17039,1024,21,3,34,37,0.2890625,0.0205078125,8171,0.9974365234375,3619,0.4429078448170359,1488.6025390625,33.0205078125,16.403016054489967,0.2911374229791668,0.4417724609375,0.20368462109375685,0.21012873828124157,3,11,3.6666666666666665,5,2.2625760088446656,7,2247,,1488.6025390625,6,40,0.3125,0.22729368828125018,True
0.65,18,7166,1024,4,1,34,35,0.2734375,0.00390625,8188,0.99951171875,4089,0.49938935026868586,23740.5947265625,145.9716796875,4.3758876658509465,0.0966785907258691,0.4991455078125,0.20368462109375685,0.21012873828124157,1,9,9.0,2,2.003180039138943,8,2143,,23740.5947265625,4,38,0.296875,0.22729368828125018,True
0.65,19,48310,1024,3,1,34,35,0.2734375,0.0029296875,8189,0.9996337890625,3581,0.4372939308828917,11364.3134765625,87.3056640625,7.575371559451709,0.08168885559997884,0.4371337890625,0.20368462109375685,0.21012873828124157,1,9,9.0,5,2.28659217877095,7,2177,,11364.3134765625,4,38,0.296875,0.22729368828125018,True
0.65,20,12187,1024,8,1,34,35,0.2734375,0.0078125,8184,0.9990234375,3790,0.46309872922776146,1699.8984375,31.595703125,15.826573861666578,0.22219793110901256,0.462646484375,0.20368462109375685,0.21012873828124157,1,9,9.0,21,2.1557139086830297,10,1836,0.0,1703.225048923679,4,38,0.296875,0.22729368828125018,True
0.65,21,20284,1024,18,3,34,37,0.2890625,0.017578125,8174,0.997802734375,2805,0.3431612429655004,710.68359375,14.330078125,19.614040710707418,0.2671530347709125,0.3424072265625,0.20368462109375685,0.21012873828124157,3,11,3.6666666666666665,21,2.9126248216833095,13,1529,0.0,712.0743639921723,6,40,0.3125,0.22729368828125018,True
0.65,22,1052,1024,635,80,34,114,0.890625,0.6201171875,7557,0.9224853515625,3484,0.46102950906444357,3053.9140625,45.4140625,13.282235490732312,0.049581860242783375,0.42529296875,0.20368462109375685,0.21012873828124157,80,91,1.1375,1,2.351421188630491,12,1900,,3053.9140625,85,119,0.9296875,0.22729368828125018,True
0.65,23,13752,1024,10,2,34,36,0.28125,0.009765625,8182,0.998779296875,3683,0.4501344414568565,601.2744140625,20.1611328125,20.340076370953987,0.41943379528116087,0.4495849609375,0.20368462109375685,0.21012873828124157,2,10,5.0,13,2.221075502444324,10,1769,0.0,601.8621700879766,5,39,0.3046875,0.22729368828125018,True
0.65,24,37139,1024,3,1,34,35,0.2734375,0.0029296875,8189,0.9996337890625,4089,0.49932836732201735,21802.6630859375,128.8779296875,4.745708171307185,0.04430523223811579,0.4991455078125,0.20368462109375685,0.21012873828124157,1,9,9.0,4,2.0026908023483365,8,2099,,21802.6630859375,4,38,0.296875,0.22729368828125018,True
0.65,25,29727,1024,27,4,34,38,0.296875,0.0263671875,8165,0.9967041015625,3888,0.4761788120024495,6489.0546875,64.5234375,10.008989266106207,0.07293582872521562,0.474609375,0.20368462109375685,0.21012873828124157,4,12,3.0,11,2.104450733213275,9,2102,0.0,6495.397849462365,7,41,0.3203125,0.22729368828125018,True
0.65,26,41854,1024,898,113,34,147,1.1484375,0.876953125,7294,0.890380859375,3146,0.43131340828077874,5118.28515625,56.33984375,11.039558826899407,0.13670884238638106,0.384033203125,0.20368462109375685,0.21012873828124157,113,124,1.0973451327433628,20,2.5977742448330683,8,1809,0.0,5128.301369863014,119,153,1.1953125,0.22729368828125018,True
0.65,27,40333,1024,277,35,34,69,0.5390625,0.2705078125,7915,0.9661865234375,3927,0.4961465571699305,18963.6162109375,127.5556640625,5.351592034615877,0.02201233113721064,0.4793701171875,0.20368462109375685,0.21012873828124157,35,46,1.3142857142857143,8,2.08380030565461,8,2156,0.0,18982.153470185727,40,74,0.578125,0.22729368828125018,True
0.65,28,33248,1024,4,1,34,35,0.2734375,0.00390625,8188,0.99951171875,3277,0.4002198339032731,10005.841796875,80.859375,8.128267289292916,0.17856737380555399,0.4000244140625,0.20368462109375685,0.21012873828124157,1,9,9.0,375,2.385836385836386,8,1828,0.0,10476.464212678937,4,38,0.296875,0.22729368828125018,True
0.65,29,9680,1024,752,94,34,128,1.0,0.734375,7440,0.908203125,3899,0.5240591397849462,5476.982421875,68.111328125,10.745390137851977,0.031698793153526,0.4759521484375,0.20368462109375685,0.21012873828124157,94,105,1.1170212765957446,1,2.1008209338122112,13,1978,,5476.982421875,100,134,1.046875,0.22729368828125018,True
0.65,30,16805,1024,11,2,34,36,0.28125,0.0107421875,8181,0.9986572265625,3594,0.4393105977264393,1784.560546875,34.087890625,15.615490735089123,0.149480677918542,0.438720703125,0.20368462109375685,0.21012873828124157,2,10,5.0,14,2.275814082939048,13,1960,0.0,1786.3049853372434,5,39,0.3046875,0.22729368828125018,True
0.65,31,14652,1024,44,6,34,40,0.3125,0.04296875,8148,0.99462890625,3363,0.41273932253313694,1218.6337890625,24.3935546875,17.27207145228195,0.26719428366575704,0.4105224609375,0.20368462109375685,0.21012873828124157,6,14,2.3333333333333335,34,2.425639500297442,21,1747,0.0,1223.4127450980393,9,43,0.3359375,0.22729368828125018,True
0.65,32,15793,1024,94,12,34,46,0.359375,0.091796875,8098,0.988525390625,3355,0.4142998271178069,2211.970703125,39.630859375,14.683009902946566,0.30654611870840204,0.4095458984375,0.20368462109375685,0.21012873828124157,12,21,1.75,1,2.441860465116279,8,2174,,2211.970703125,16,50,0.390625,0.22729368828125018,True
0.65,33,30210,1024,4,1,34,35,0.2734375,0.00390625,8188,0.99951171875,3420,0.4176844162188569,9034.0908203125,67.0029296875,8.571959086294397,0.308935108851516,0.41748046875,0.20368462109375685,0.21012873828124157,1,9,9.0,3,2.3942673296285464,69,1981,,9034.0908203125,4,38,0.296875,0.22729368828125018,True
0.65,34,47426,1024,10,2,34,36,0.28125,0.009765625,8182,0.998779296875,4431,0.5415546321192862,14937.173828125,113.12890625,6.388119258354167,0.04226920677769828,0.5408935546875,0.20368462109375685,0.21012873828124157,2,10,5.0,5,1.847629796839729,13,2050,,14937.173828125,5,39,0.3046875,0.22729368828125018,True
0.65,35,20875,1024,182,23,34,57,0.4453125,0.177734375,8010,0.977783203125,3651,0.4558052434456929,8866.033203125,80.505859375,8.653510074770098,0.006577900292094536,0.4456787109375,0.20368462109375685,0.21012873828124157,23,32,1.391304347826087,7,2.241917808219178,7,2158,,8866.033203125,26,60,0.46875,0.22729368828125018,True
0.65,36,4161,1024,79,10,34,44,0.34375,0.0771484375,8113,0.9903564453125,4272,0.5265623074078639,4860.228515625,61.27734375,11.264236716998862,0.09857284585420947,0.521484375,0.20368462109375685,0.21012873828124157,10,18,1.8,1,1.9175837040505737,13,1978,,4860.228515625,13,47,0.3671875,0.22729368828125018,True
0.65,37,40340,1024,8,1,34,35,0.2734375,0.0078125,8184,0.9990234375,4067,0.49694525904203324,4257.404296875,52.56640625,11.839354667244615,0.15481901590303324,0.4964599609375,0.20368462109375685,0.21012873828124157,1,9,9.0,4,2.013526807673389,27,1867,,4257.404296875,4,38,0.296875,0.22729368828125018,True
0.65,38,28286,1024,464,58,34,92,0.71875,0.453125,7728,0.943359375,3696,0.4782608695652174,3564.923828125,51.4921875,12.610301061690606,0.16031294317233127,0.451171875,0.20368462109375685,0.21012873828124157,58,69,1.1896551724137931,1,2.2162381596752367,15,2057,,3564.923828125,63,97,0.7578125,0.22729368828125018,True
0.65,39,13256,1024,15,2,34,36,0.28125,0.0146484375,8177,0.9981689453125,3964,0.4847743671273083,2579.3623046875,37.9326171875,14.015680121866115,0.10151005597438605,0.48388671875,0.20368462109375685,0.21012873828124157,2,10,5.0,13,2.0635881907645723,14,1909,0.0,2581.8836754643207,5,39,0.3046875,0.22729368828125018,True
0.65,40,48934,1024,579,73,34,107,0.8359375,0.5654296875,7613,0.9293212890625,3569,0.4688033626691186,5061.1162109375,62.8994140625,11.088340513817947,0.020891770562345514,0.4356689453125,0.24197276875000284,0.23764131796875176,73,84,1.1506849315068493,1,2.2954035874439462,10,2018,,5061.1162109375,76,110,0.859375,0.2464100007812391,True
0.65,41,11935,1024,1158,145,34,179,1.3984375,1.130859375,7034,0.858642578125,3758,0.5342621552459482,2407.4267578125,44.3955078125,14.315272775995764,0.10395251946417022,0.458740234375,0.24197276875000284,0.23764131796875176,145,156,1.0758620689655172,19,2.1746073995208945,8,1772,0.0,2412.137964774951,151,185,1.4453125,0.2464100007812391,True
0.65,42,48447,1024,692,87,34,121,0.9453125,0.67578125,7500,0.91552734375,3775,0.5033333333333333,9895.654296875,88.330078125,8.176358459911912,0.10050767440017513,0.4608154296875,0.24197276875000284,0.23764131796875176,87,98,1.1264367816091954,11,2.167196608373079,8,2015,0.0,9905.327468230695,83,117,0.9140625,0.2464100007812391,True
0.65,43,15492,1024,30,4,34,38,0.296875,0.029296875,8162,0.996337890625,3985,0.4882381769174222,3290.0908203125,46.9072265625,12.958724744023842,0.06898976510010055,0.4864501953125,0.24197276875000284,0.23764131796875176,4,12,3.0,10,2.0534638554216866,11,1924,0.0,3293.3069403714567,7,41,0.3203125,0.2464100007812391,True
0.65,44,32513,1024,11,2,34,36,0.28125,0.0107421875,8181,0.9986572265625,4871,0.5954039848429288,3779.1923828125,54.8310546875,12.356813602800209,0.21485306567599616,0.5946044921875,0.24197276875000284,0.23764131796875176,2,10,5.0,3,1.6804928131416839,23,1888,,3779.1923828125,5,39,0.3046875,0.2464100007812391,True
0.65,45,36099,1024,4,1,34,35,0.2734375,0.00390625,8188,0.99951171875,3813,0.46568148510014656,20775.7470703125,126.6787109375,4.955237114355471,0.08265445976338844,0.4654541015625,0.24197276875000284,0.23764131796875176,1,9,9.0,15,2.1445435466946483,8,2076,0.0,20796.055718475072,4,38,0.296875,0.2464100007812391,True
0.65,46,39260,1024,14,2,34,36,0.28125,0.013671875,8178,0.998291015625,3172,0.38786989483981416,2025.3779296875,38.4599609375,15.065742876562233,0.25381956413511203,0.38720703125,0.24197276875000284,0.23764131796875176,2,10,5.0,12,2.5789971617786187,17,1886,0.0,2027.357771260997,5,39,0.3046875,0.2464100007812391,True
0.65,47,46517,1024,32,4,34,38,0.296875,0.03125,8160,0.99609375,3914,0.47965686274509806,4616.5556640625,55.4853515625,11.487622844393856,0.2397140945086701,0.477783203125,0.24197276875000284,0.23764131796875176,4,12,3.0,10,2.089700996677741,7,2081,0.0,4621.068426197458,8,42,0.328125,0.2464100007812391,True
0.65,48,33095,1024,25,4,34,38,0.296875,0.0244140625,8167,0.9969482421875,3926,0.4807150728541692,2053.6279296875,37.3759765625,15.005585986858833,0.10214182190657896,0.479248046875,0.24197276875000284,0.23764131796875176,4,12,3.0,1,2.086369426751592,12,1839,,2053.6279296875,6,40,0.3125,0.2464100007812391,True
0.65,49,3,1024,203,26,34,60,0.46875,0.1982421875,7989,0.9752197265625,3645,0.4562523469770935,8185.26953125,83.302734375,9.000473760805734,0.00135244472368192,0.4449462890625,0.24197276875000284,0.23764131796875176,26,35,1.3461538461538463,1,2.247530186608123,7,2313,,8185.26953125,30,64,0.5,0.2464100007812391,True
0.65,50,21683,1024,395,50,34,84,0.65625,0.3857421875,7797,0.9517822265625,3415,0.43798897011671156,7279.34765625,65.552734375,9.509878994099596,0.054196670593944306,0.4168701171875,0.24197276875000284,0.23764131796875176,50,61,1.22,1,2.398945518453427,8,2003,,7279.34765625,48,82,0.640625,0.2464100007812391,True
0.65,51,13446,1024,35,5,34,39,0.3046875,0.0341796875,8157,0.9957275390625,3977,0.4875566997670712,5206.6572265625,60.5673828125,10.965213734577251,0.043565499091785136,0.4854736328125,0.24197276875000284,0.23764131796875176,5,13,2.6,4,2.0591046277665996,12,2022,,5206.6572265625,8,42,0.328125,0.2464100007812391,True
0.65,52,49515,1024,3,1,34,35,0.2734375,0.0029296875,8189,0.9996337890625,4115,0.5025033581633899,11766.484375,100.056640625,7.424336384330235,0.1785547833683269,0.5023193359375,0.24197276875000284,0.23764131796875176,1,9,9.0,2,1.9902771025765678,8,2197,,11766.484375,4,38,0.296875,0.2464100007812391,True
0.65,53,27943,1024,155,20,34,54,0.421875,0.1513671875,8037,0.9810791015625,3910,0.48649993778773176,6072.1630859375,63.9677734375,10.297369335582886,0.09566551429014936,0.477294921875,0.24197276875000284,0.23764131796875176,20,28,1.4,27,2.0882578664620106,18,1901,0.0,6090.004897159647,24,58,0.453125,0.2464100007812391,True
0.65,54,29059,1024,10,2,34,36,0.28125,0.009765625,8182,0.998779296875,4194,0.5125886091420191,5834.1259765625,66.2958984375,10.471045582393355,0.05146988038042183,0.511962890625,0.24197276875000284,0.23764131796875176,2,10,5.0,3,1.9525399475316003,13,2153,,5834.1259765625,5,39,0.3046875,0.2464100007812391,True
0.65,55,32738,1024,9,2,34,36,0.28125,0.0087890625,8183,0.9989013671875,3225,0.39410973970426494,1681.1513671875,27.0224609375,15.874735427438862,0.44130361146049896,0.3936767578125,0.24197276875000284,0.23764131796875176,2,10,5.0,3,2.5393920595533497,13,1575,,1681.1513671875,5,39,0.3046875,0.2464100007812391,True
0.65,56,445,1024,38,5,34,39,0.3046875,0.037109375,8154,0.995361328125,3856,0.47289673779740005,5074.1650390625,53.1357421875,11.077157721665712,0.06696300582276492,0.470703125,0.24197276875000284,0.23764131796875176,5,13,2.6,1,2.124254215304799,11,2044,,5074.1650390625,8,42,0.328125,0.2464100007812391,True
0.65,57,32216,1024,20,3,34,37,0.2890625,0.01953125,8172,0.99755859375,4194,0.513215859030837,8778.9599609375,76.8779296875,8.696372925677412,0.09803285066859259,0.511962890625,0.24197276875000284,0.23764131796875176,3,11,3.6666666666666665,1,1.952778440257572,15,1958,,8778.9599609375,6,40,0.3125,0.2464100007812391,True
0.65,58,18250,1024,8,1,34,35,0.2734375,0.0078125,8184,0.9990234375,4016,0.49071358748778104,1861.33984375,34.650390625,15.432546869360667,0.0876487452105171,0.490234375,0.24197276875000284,0.23764131796875176,1,9,9.0,13,2.0368617683686177,12,1777,0.0,1863.1593352883676,4,38,0.296875,0.2464100007812391,True
0.65,59,1684,1024,19,3,34,37,0.2890625,0.0185546875,8173,0.9976806640625,3681,0.4503854153921449,3080.9326171875,47.3916015625,13.243981608643928,0.09552188505238651,0.4493408203125,0.24197276875000284,0.23764131796875176,3,11,3.6666666666666665,20,2.2203804347826086,14,2096,0.0,3086.961839530333,6,40,0.3125,0.2464100007812391,True
0.65,60,2899,1024,565,71,34,105,0.8203125,0.5517578125,7627,0.9310302734375,3556,0.4662383637078799,3259.275390625,51.875,12.999593033865436,0.038495600640983535,0.43408203125,0.24197276875000284,0.23764131796875176,71,82,1.1549295774647887,1,2.3037974683544302,7,2224,,3259.275390625,76,110,0.859375,0.2464100007812391,True
0.65,61,39428,1024,3,1,34,35,0.2734375,0.0029296875,8189,0.9996337890625,3383,0.41311515447551594,6607.62109375,61.880859375,9.93035229947171,0.10742691446619451,0.4129638671875,0.24197276875000284,0.23764131796875176,1,9,9.0,5,2.4195742164399765,8,1948,,6607.62109375,4,38,0.296875,0.2464100007812391,True
0.65,62,40758,1024,4,1,34,35,0.2734375,0.00390625,8188,0.99951171875,4343,0.5304103566194431,22400.3212890625,135.4501953125,4.628261133790037,0.026484653205047705,0.5301513671875,0.24197276875000284,0.23764131796875176,1,9,9.0,2,1.8848456932289268,15,2153,,22400.3212890625,4,38,0.296875,0.2464100007812391,True
0.65,63,29154,1024,46,6,34,40,0.3125,0.044921875,8146,0.994384765625,4168,0.5116621654799902,7360.0244140625,69.8544921875,9.462011059223897,0.08510098853871355,0.5087890625,0.24197276875000284,0.23764131796875176,6,14,2.3333333333333335,20,1.960883129349652,14,2002,0.0,7374.42759295499,9,43,0.3359375,0.2464100007812391,True
0.65,64,43958,1024,1032,129,34,163,1.2734375,1.0078125,7160,0.8740234375,2948,0.411731843575419,1786.8662109375,35.2001953125,15.609883243257523,0.11807505293483835,0.35986328125,0.24197276875000284,0.23764131796875176,129,140,1.0852713178294573,1,2.7790973871733966,10,1822,,1786.8662109375,137,171,1.3359375,0.2464100007812391,True
0.65,65,33814,1024,4,1,34,35,0.2734375,0.00390625,8188,0.99951171875,4019,0.49084025403028825,20936.2744140625,127.8486328125,4.921809588530103,0.04112437663284123,0.4906005859375,0.24197276875000284,0.23764131796875176,1,9,9.0,4,2.037580886012942,8,2094,,20936.2744140625,4,38,0.296875,0.2464100007812391,True
0.65,66,34153,1024,19,3,34,37,0.2890625,0.0185546875,8173,0.9976806640625,4363,0.5338309066438273,6168.1103515625,66.3544921875,10.229282259407759,0.08684410608902166,0.5325927734375,0.24197276875000284,0.23764131796875176,3,11,3.6666666666666665,6,1.8764328289775332,18,1829,,6168.1103515625,6,40,0.3125,0.2464100007812391,True
0.65,67,43609,1024,94,12,34,46,0.359375,0.091796875,8098,0.988525390625,3923,0.48444060261793037,10771.0556640625,78.7841796875,7.808220905681434,0.049203573848190255,0.4788818359375,0.24197276875000284,0.23764131796875176,12,20,1.6666666666666667,1,2.0879653238143803,13,1989,,10771.0556640625,16,50,0.390625,0.2464100007812391,True
0.65,68,10762,1024,12,2,34,36,0.28125,0.01171875,8180,0.99853515625,3940,0.48166259168704156,4673.705078125,54.078125,11.43419056958897,0.05726836186554939,0.48095703125,0.24197276875000284,0.23764131796875176,2,10,5.0,3,2.0784463061690786,10,1986,,4673.705078125,5,39,0.3046875,0.2464100007812391,True
0.65,69,17898,1024,154,20,34,54,0.421875,0.150390625,8038,0.981201171875,4126,0.5133117690967902,6115.9619140625,66.2958984375,10.26615588601793,0.15358399050464752,0.503662109375,0.24197276875000284,0.23764131796875176,20,29,1.45,23,1.9801212121212122,8,1911,0.0,6127.930528375734,23,57,0.4453125,0.2464100007812391,True
0.65,70,43653,1024,269,34,34,68,0.53125,0.2626953125,7923,0.9671630859375,3408,0.43014009844755774,12439.6376953125,88.7119140625,7.182726291640664,-0.0024674276149469865,0.416015625,0.24197276875000284,0.23764131796875176,34,43,1.2647058823529411,1,2.4035808629292634,8,2019,,12439.6376953125,38,72,0.5625,0.2464100007812391,True
0.65,71,14233,1024,299,38,34,72,0.5625,0.2919921875,7893,0.9635009765625,3851,0.48790067148105914,14098.193359375,101.490234375,6.639168981646599,-0.0023048681820426547,0.4700927734375,0.24197276875000284,0.23764131796875176,38,49,1.2894736842105263,12,2.1241558441558444,8,2024,0.0,14111.97458455523,38,72,0.5625,0.2464100007812391,True
0.65,72,39520,1024,3,1,34,35,0.2734375,0.0029296875,8189,0.9996337890625,4063,0.4961533764806448,18227.994140625,123.927734375,5.523414805611111,0.06477976058053705,0.4959716796875,0.24197276875000284,0.23764131796875176,1,9,9.0,2,2.016001969473166,8,2206,,18227.994140625,4,38,0.296875,0.2464100007812391,True
0.65,73,18138,1024,10,2,34,36,0.28125,0.009765625,8182,0.998779296875,3791,0.46333414813004153,1778.2412109375,32.5263671875,15.63089690018915,0.18737836110402276,0.4627685546875,0.24197276875000284,0.23764131796875176,2,10,5.0,3,2.1604221635883905,14,1810,,1778.2412109375,5,39,0.3046875,0.2464100007812391,True
0.65,74,9212,1024,20,3,34,37,0.2890625,0.01953125,8172,0.99755859375,4874,0.59642682329907,18337.13671875,127.439453125,5.497488378396149,0.14116347063989382,0.594970703125,0.24197276875000284,0.23764131796875176,3,11,3.6666666666666665,1,1.6806895136466242,24,1719,,18337.13671875,6,40,0.3125,0.2464100007812391,True
0.65,75,6456,1024,1553,195,34,229,1.7890625,1.5166015625,6639,0.8104248046875,2958,0.4455490284681428,3206.828125,44.162109375,13.07004677011931,0.08735381987034777,0.361083984375,0.24197276875000284,0.23764131796875176,195,206,1.0564102564102564,20,2.7632735880960433,9,1715,0.0,3213.1037181996085,203,237,1.8515625,0.2464100007812391,True
0.65,76,22948,1024,16,2,34,36,0.28125,0.015625,8176,0.998046875,3844,0.47015655577299414,4800.2392578125,49.7333984375,11.318174764593792,0.24515828907973086,0.46923828125,0.24197276875000284,0.23764131796875176,2,10,5.0,4,2.130366900858704,22,2006,,4800.2392578125,6,40,0.3125,0.2464100007812391,True
0.65,77,7591,1024,171,22,34,56,0.4375,0.1669921875,8021,0.9791259765625,3655,0.4556788430370278,8030.25390625,78.10546875,9.083510835419094,0.00478204497026692,0.4461669921875,0.24197276875000284,0.23764131796875176,22,29,1.3181818181818181,1,2.2413793103448274,8,2064,,8030.25390625,24,58,0.453125,0.2464100007812391,True
0.65,78,29996,1024,180,23,34,57,0.4453125,0.17578125,8012,0.97802734375,3845,0.47990514228657016,6746.408203125,69.701171875,9.840077454791144,0.07258678856100136,0.4693603515625,0.24197276875000284,0.23764131796875176,23,32,1.391304347826087,1,2.130593132154006,16,1975,,6746.408203125,26,60,0.46875,0.2464100007812391,True
0.65,79,10378,1024,3,1,34,35,0.2734375,0.0029296875,8189,0.9996337890625,3132,0.38246428135303456,6973.22265625,59.728515625,9.696468283409038,0.0365724149245593,0.38232421875,0.24197276875000284,0.23764131796875176,1,9,9.0,2,2.615458320025551,8,1956,,6973.22265625,4,38,0.296875,0.2464100007812391,True
0.65,80,27337,1024,24,3,34,37,0.2890625,0.0234375,8168,0.9970703125,4678,0.5727228207639569,4842.8583984375,59.9248046875,11.279785900820098,0.18793951383518612,0.571044921875,0.24197276875000284,0.23764131796875176,3,11,3.6666666666666665,4,1.7500534530682061,15,1883,,4842.8583984375,6,40,0.3125,0.2464100007812391,True
0.65,81,19965,1024,31,4,34,38,0.296875,0.0302734375,8161,0.9962158203125,3728,0.4568067638769759,2924.876953125,43.32421875,13.469727604335977,0.09535282739381709,0.455078125,0.24197276875000284,0.23764131796875176,4,12,3.0,1,2.1974778642339685,14,1992,,2924.876953125,7,41,0.3203125,0.2464100007812391,True
0.65,82,24405,1024,665,84,34,118,0.921875,0.6494140625,7527,0.9188232421875,3427,0.4552942739471237,1841.2158203125,36.4912109375,15.479756630334911,0.15177526664500768,0.4183349609375,0.24197276875000284,0.23764131796875176,84,95,1.130952380952381,1,2.3905429071803854,14,1908,,1841.2158203125,89,123,0.9609375,0.2464100007812391,True
0.65,83,45135,1024,1398,175,34,209,1.6328125,1.365234375,6794,0.829345703125,2979,0.4384751251103915,7484.3369140625,60.2138671875,9.389270314487021,0.15262947791522674,0.3636474609375,0.24197276875000284,0.23764131796875176,175,186,1.062857142857143,1,2.750167897918066,11,1729,,7484.3369140625,181,215,1.6796875,0.2464100007812391,True
0.65,84,11274,1024,31,4,34,38,0.296875,0.0302734375,8161,0.9962158203125,3838,0.4702855042274231,2982.892578125,45.80078125,13.38442747320659,0.07500246699569638,0.468505859375,0.24197276875000284,0.23764131796875176,4,12,3.0,1,2.1339588219963512,7,2077,,2982.892578125,7,41,0.3203125,0.2464100007812391,True
0.65,85,1941,1024,17,3,34,37,0.2890625,0.0166015625,8175,0.9979248046875,4006,0.49003058103975533,1332.00390625,29.591796875,16.8857486241476,0.18545341328347814,0.489013671875,0.24197276875000284,0.23764131796875176,3,11,3.6666666666666665,15,2.040449438202247,22,1653,0.0,1333.30596285435,6,40,0.3125,0.2464100007812391,True
0.65,86,48940,1024,44,6,34,40,0.3125,0.04296875,8148,0.99462890625,3373,0.41396661757486497,1349.095703125,27.482421875,16.830376018076972,0.10432804780555378,0.4117431640625,0.24197276875000284,0.23764131796875176,6,14,2.3333333333333335,1,2.4288256227758005,7,1900,,1349.095703125,9,43,0.3359375,0.2464100007812391,True
0.65,87,36794,1024,45,6,34,40,0.3125,0.0439453125,8147,0.9945068359375,3992,0.48999631766294344,13777.2646484375,96.8486328125,6.7391735998788835,0.03812388866010639,0.4873046875,0.24197276875000284,0.23764131796875176,6,14,2.3333333333333335,1,2.0521172638436482,17,1981,,13777.2646484375,9,43,0.3359375,0.2464100007812391,True
0.65,88,21994,1024,4,1,34,35,0.2734375,0.00390625,8188,0.99951171875,3840,0.4689789936492428,14581.830078125,106.84765625,6.492683277670101,0.06816633666600572,0.46875,0.24197276875000284,0.23764131796875176,1,9,9.0,2,2.1331075800989843,7,2119,,14581.830078125,4,38,0.296875,0.2464100007812391,True
0.65,89,49944,1024,84,11,34,45,0.3515625,0.08203125,8108,0.98974609375,3549,0.43771583621114946,3685.6162109375,44.4736328125,12.465702514037247,0.09717579293021061,0.4332275390625,0.24197276875000284,0.23764131796875176,11,19,1.7272727272727273,39,2.2976324689966177,14,1832,0.0,3700.0696078431374,14,48,0.375,0.2464100007812391,True
0.65,90,43442,1024,15,2,34,36,0.28125,0.0146484375,8177,0.9981689453125,2515,0.3075700134523664,446.828125,9.982421875,21.629398594774237,0.632771487879107,0.3070068359375,0.24197276875000284,0.23764131796875176,2,10,5.0,3,3.2569610182975337,7,1465,,446.828125,5,39,0.3046875,0.2464100007812391,True
0.65,91,45096,1024,31,4,34,38,0.296875,0.0302734375,8161,0.9962158203125,3538,0.4335253032716579,914.5478515625,22.7939453125,18.518739270250112,0.26384730790827765,0.431884765625,0.24197276875000284,0.23764131796875176,4,12,3.0,20,2.3101498445009896,10,1941,0.0,916.3375733855186,8,42,0.328125,0.2464100007812391,True
0.65,92,42430,1024,27,4,34,38,0.296875,0.0263671875,8165,0.9967041015625,3847,0.4711573790569504,503.40234375,15.931640625,21.111651276545285,0.4249238239517917,0.4696044921875,0.24197276875000284,0.23764131796875176,4,12,3.0,39,2.1196047841913677,31,1432,0.0,505.3764705882353,7,41,0.3203125,0.2464100007812391,True
0.65,93,42255,1024,282,36,34,70,0.546875,0.275390625,7910,0.965576171875,3829,0.484070796460177,16223.015625,118.087890625,6.0294877439812975,-0.0013755554951670513,0.4674072265625,0.24197276875000284,0.23764131796875176,36,47,1.3055555555555556,11,2.1368861024033436,8,2107,0.0,16238.873900293254,38,72,0.5625,0.2464100007812391,True
0.65,94,5771,1024,4,1,34,35,0.2734375,0.00390625,8188,0.99951171875,4642,0.5669272105520273,30773.9658203125,161.4580078125,3.2489689377563016,0.028660498355079878,0.566650390625,0.24197276875000284,0.23764131796875176,1,9,9.0,23,1.7588881706528765,62,1885,0.0,30834.188845401175,4,38,0.296875,0.2464100007812391,True
0.65,95,8320,1024,37,5,34,39,0.3046875,0.0361328125,8155,0.9954833984375,3607,0.44230533415082773,2034.5048828125,36.6748046875,15.046216243704322,0.0862632209036495,0.4403076171875,0.24197276875000284,0.23764131796875176,5,13,2.6,13,2.267332224070993,12,1925,0.0,2036.4936461388074,8,42,0.328125,0.2464100007812391,True
0.65,96,48807,1024,12,2,34,36,0.28125,0.01171875,8180,0.99853515625,3980,0.48655256723716384,4374.046875,52.603515625,11.721969279722462,0.10180285404950033,0.48583984375,0.24197276875000284,0.23764131796875176,2,10,5.0,6,2.0567981905001256,14,1814,,4374.046875,5,39,0.3046875,0.2464100007812391,True
0.65,97,2675,1024,16,2,34,36,0.28125,0.015625,8176,0.998046875,3749,0.4585371819960861,1479.0576171875,29.6826171875,16.43095268453708,0.35747960661946276,0.4576416015625,0.24197276875000284,0.23764131796875176,2,10,5.0,3,2.184631803628602,12,1851,,1479.0576171875,6,40,0.3125,0.2464100007812391,True
0.65,98,37658,1024,30,4,34,38,0.296875,0.029296875,8162,0.996337890625,3694,0.45258515069835825,11778.0771484375,84.4111328125,7.420059661711545,0.02725827244245229,0.450927734375,0.24197276875000284,0.23764131796875176,4,12,3.0,1,2.217438396967235,11,2052,,11778.0771484375,7,41,0.3203125,0.2464100007812391,True
0.65,99,45710,1024,18,3,34,37,0.2890625,0.017578125,8174,0.997802734375,4466,0.5463665280156594,8460.9443359375,82.5126953125,8.856615230063234,0.07971630746354372,0.545166015625,0.24197276875000284,0.23764131796875176,3,11,3.6666666666666665,4,1.8331466965285554,19,1865,,8460.9443359375,6,40,0.3125,0.2464100007812391,True
0.65,100,15813,1024,8,1,34,35,0.2734375,0.0078125,8184,0.9990234375,3548,0.4335288367546432,833.2265625,19.564453125,18.92317254461026,0.2593938476860077,0.43310546875,0.24197276875000284,0.23764131796875176,1,9,9.0,6,2.307583873696081,14,1680,,833.2265625,4,38,0.296875,0.2464100007812391,True
0.65,101,7135,1024,170,22,34,56,0.4375,0.166015625,8022,0.979248046875,3909,0.48728496634255797,14020.89453125,113.6953125,6.663046384218143,0.0004968373303090365,0.4771728515625,0.24197276875000284,0.23764131796875176,22,31,1.4090909090909092,39,2.0857215967246674,8,2080,0.0,14075.878431372548,25,59,0.4609375,0.2464100007812391,True
0.65,102,31775,1024,3,1,34,35,0.2734375,0.0029296875,8189,0.9996337890625,4362,0.5326657711564293,14442.8212890625,118.1669921875,6.534283234105674,0.17490140551766212,0.532470703125,0.24197276875000284,0.23764131796875176,1,9,9.0,2,1.8777803256133914,8,2073,,14442.8212890625,4,38,0.296875,0.2464100007812391,True
0.65,103,31772,1024,106,14,34,48,0.375,0.103515625,8086,0.987060546875,3963,0.4901063566658422,3831.8466796875,50.2802734375,12.296722371570695,0.08889211263383276,0.4837646484375,0.24197276875000284,0.23764131796875176,14,23,1.6428571428571428,1,2.06663301362948,14,1946,,3831.8466796875,17,51,0.3984375,0.2464100007812391,True
0.65,104,25160,1024,25,4,34,38,0.296875,0.0244140625,8167,0.9969482421875,4239,0.5190400391820742,1674.81640625,33.3203125,15.891131543443555,0.23338058579022747,0.5174560546875,0.24197276875000284,0.23764131796875176,4,12,3.0,20,1.9275601698914582,24,1646,0.0,1678.0939334637965,7,41,0.3203125,0.2464100007812391,True
0.65,105,36108,1024,137,18,34,52,0.40625,0.1337890625,8055,0.9832763671875,3348,0.41564245810055866,3833.6884765625,52.2626953125,12.294635414251507,0.11424019015714391,0.40869140625,0.24197276875000284,0.23764131796875176,18,26,1.4444444444444444,54,2.431132357334927,11,2001,0.0,3856.2838899803537,20,54,0.421875,0.2464100007812391,True
0.65,106,1260,1024,3,1,34,35,0.2734375,0.0029296875,8189,0.9996337890625,3282,0.4007815362071071,7426.841796875,65.490234375,9.42276187992569,0.06263222310323446,0.400634765625,0.24197276875000284,0.23764131796875176,1,9,9.0,2,2.4955806156659555,8,1935,,7426.841796875,4,38,0.296875,0.2464100007812391,True
0.65,107,37885,1024,59,8,34,42,0.328125,0.0576171875,8133,0.9927978515625,3927,0.482847657690889,2705.58984375,45.046875,13.80818400866909,0.08368927303875995,0.4793701171875,0.24197276875000284,0.23764131796875176,8,16,2.0,1,2.085838003056546,11,1975,,2705.58984375,11,45,0.3515625,0.2464100007812391,True
0.65,108,41535,1024,4,1,34,35,0.2734375,0.00390625,8188,0.99951171875,3583,0.4375915974596971,19386.240234375,122.7890625,5.255867706541303,0.0897188649870212,0.4373779296875,0.24197276875000284,0.23764131796875176,1,9,9.0,127,2.2445561139028474,11,1936,0.0,19674.44003964321,4,38,0.296875,0.2464100007812391,True
0.65,109,44889,1024,14,2,34,36,0.28125,0.013671875,8178,0.998291015625,3800,0.46466128637808757,6217.1650390625,61.5927734375,10.194879646911982,0.05666087462832942,0.4638671875,0.24197276875000284,0.23764131796875176,2,10,5.0,6,2.1545143458804947,15,1800,,6217.1650390625,5,39,0.3046875,0.2464100007812391,True
0.65,110,28184,1024,617,78,34,112,0.875,0.6025390625,7575,0.9246826171875,3680,0.4858085808580858,6438.8818359375,73.3447265625,10.042699057200608,0.08595923038767374,0.44921875,0.24197276875000284,0.23764131796875176,78,89,1.141025641025641,1,2.225604783908671,11,2118,,6438.8818359375,82,116,0.90625,0.2464100007812391,True
0.65,111,25319,1024,14,2,34,36,0.28125,0.013671875,8178,0.998291015625,4314,0.5275128393250184,3480.4833984375,50.0830078125,12.71440794308003,0.07938931456633415,0.526611328125,0.24197276875000284,0.23764131796875176,2,10,5.0,3,1.8979828425689775,22,1979,,3480.4833984375,5,39,0.3046875,0.2464100007812391,True
0.65,112,11010,1024,47,6,34,40,0.3125,0.0458984375,8145,0.9942626953125,4415,0.5420503376304481,15666.5908203125,115.2412109375,6.181058601879928,0.07122145514212985,0.5389404296875,0.24197276875000284,0.23764131796875176,6,14,2.3333333333333335,10,1.8531943815133665,14,2184,0.0,15681.905180840664,10,44,0.34375,0.2464100007812391,True
0.65,113,33880,1024,18,3,34,37,0.2890625,0.017578125,8174,0.997802734375,3300,0.4037191093711769,976.5810546875,21.6962890625,18.233720659909554,0.13281548298250406,0.40283203125,0.24197276875000284,0.23764131796875176,3,11,3.6666666666666665,8,2.48044862079418,12,1754,0.0,977.535679374389,6,40,0.3125,0.2464100007812391,True
0.65,114,19307,1024,152,19,34,53,0.4140625,0.1484375,8040,0.9814453125,3557,0.4424129353233831,1584.9423828125,33.2119140625,16.13066881873392,0.1898944096852627,0.4342041015625,0.24197276875000284,0.23764131796875176,19,28,1.4736842105263157,4,2.302024746906637,7,1888,,1584.9423828125,22,56,0.4375,0.2464100007812391,True
0.65,115,12236,1024,4,1,34,35,0.2734375,0.00390625,8188,0.99951171875,2107,0.25732779677576945,6252.1591796875,45.1962890625,10.170503342623045,0.0683359819917323,0.2572021484375,0.24197276875000284,0.23764131796875176,1,9,9.0,15,3.848053181386515,8,1283,0.0,6258.270772238514,4,38,0.296875,0.2464100007812391,True
0.65,116,13805,1024,163,21,34,55,0.4296875,0.1591796875,8029,0.9801025390625,4363,0.5434051563083822,26183.466796875,155.458984375,3.950532125006212,0.0026241924715967235,0.5325927734375,0.24197276875000284,0.23764131796875176,21,30,1.4285714285714286,1,1.8775790921595599,8,2292,,26183.466796875,24,58,0.453125,0.2464100007812391,True
0.65,117,5814,1024,4,1,34,35,0.2734375,0.00390625,8188,0.99951171875,3800,0.46409379579872984,11217.1943359375,94.3857421875,7.63196116852619,0.06388343458362837,0.4638671875,0.24197276875000284,0.23764131796875176,1,9,9.0,2,2.1555672545406686,8,2284,,11217.1943359375,4,38,0.296875,0.2464100007812391,True
0.65,118,48485,1024,3,1,34,35,0.2734375,0.0029296875,8189,0.9996337890625,3927,0.479545732079619,14980.5927734375,110.8486328125,6.375513623816645,0.0505896490620666,0.4793701171875,0.24197276875000284,0.23764131796875176,1,9,9.0,2,2.085583290881304,8,2217,,14980.5927734375,4,38,0.296875,0.2464100007812391,True
0.65,119,12248,1024,4,1,34,35,0.2734375,0.00390625,8188,0.99951171875,3404,0.4157303370786517,15032.712890625,96.7734375,6.360429979050716,0.04075705209861439,0.41552734375,0.24197276875000284,0.23764131796875176,1,9,9.0,13,2.4025859535703793,9,1894,0.0,15047.407624633432,4,38,0.296875,0.2464100007812391,True
0.65,120,458,1024,21,3,34,37,0.2890625,0.0205078125,8171,0.9974365234375,4097,0.5014074164728919,2534.2333984375,40.6318359375,14.092337507207874,0.07324601867179983,0.5001220703125,0.24197276875000284,0.23764131796875176,3,11,3.6666666666666665,13,1.996337890625,14,1847,0.0,2536.710654936461,6,40,0.3125,0.2464100007812391,True
0.65,121,319,1024,4,1,34,35,0.2734375,0.00390625,8188,0.99951171875,3954,0.48290180752320466,19195.1513671875,112.6533203125,5.298888196853865,0.037766399693190914,0.482666015625,0.24197276875000284,0.23764131796875176,1,9,9.0,3,2.070832279281558,8,2071,,19195.1513671875,4,38,0.296875,0.2464100007812391,True
0.65,122,21496,1024,4,1,34,35,0.2734375,0.00390625,8188,0.99951171875,4069,0.4969467513434294,18319.5419921875,122.3232421875,5.501657492190536,0.07179388756287769,0.4967041015625,0.24197276875000284,0.23764131796875176,1,9,9.0,2,2.0130285152409044,8,2215,,18319.5419921875,4,38,0.296875,0.2464100007812391,True
0.65,123,20390,1024,71,9,34,43,0.3359375,0.0693359375,8121,0.9913330078125,3907,0.48109838689816525,5356.4482421875,64.1513671875,10.842034480613334,0.11955493569845561,0.4769287109375,0.24197276875000284,0.23764131796875176,9,17,1.8888888888888888,6,2.0952380952380953,7,2223,,5356.4482421875,12,46,0.359375,0.2464100007812391,True
0.65,124,33691,1024,11,2,34,36,0.28125,0.0107421875,8181,0.9986572265625,4346,0.5312309008678646,2523.8798828125,43.3330078125,14.110116788667519,0.10098840224385236,0.530517578125,0.24197276875000284,0.23764131796875176,2,10,5.0,11,1.8823935558112774,9,1928,0.0,2526.347018572825,5,39,0.3046875,0.2464100007812391,True
0.65,125,33872,1024,4,1,34,35,0.2734375,0.00390625,8188,0.99951171875,4033,0.49255007327796774,17078.111328125,122.1875,5.806405205762244,0.05884836538257141,0.4923095703125,0.24197276875000284,0.23764131796875176,1,9,9.0,2,2.031001984126984,8,2221,,17078.111328125,4,38,0.296875,0.2464100007812391,True
0.65,126,46987,1024,9,2,34,36,0.28125,0.0087890625,8183,0.9989013671875,4299,0.525357448368569,2456.76953125,45.41015625,14.227159435009737,0.31012602771514475,0.5247802734375,0.24197276875000284,0.23764131796875176,2,10,5.0,12,1.9027454630060494,25,2093,0.0,2459.171065493646,5,39,0.3046875,0.2464100007812391,True
0.65,127,26772,1024,35,5,34,39,0.3046875,0.0341796875,8157,0.9957275390625,3826,0.4690449920313841,5249.119140625,56.427734375,10.929939306928729,0.08784640621611717,0.467041015625,0.24197276875000284,0.23764131796875176,5,13,2.6,1,2.1411764705882352,10,2144,,5249.119140625,8,42,0.328125,0.2464100007812391,True
0.65,128,7057,1024,186,24,34,58,0.453125,0.181640625,8006,0.977294921875,3928,0.49063202598051464,5215.71875,63.22265625,10.95766196206974,0.10673355398543864,0.4794921875,0.24197276875000284,0.23764131796875176,24,35,1.4583333333333333,1,2.085561497326203,14,2047,,5215.71875,26,60,0.46875,0.2464100007812391,True
0.65,129,30014,1024,4,1,34,35,0.2734375,0.00390625,8188,0.99951171875,4263,0.5206399609184172,25133.9228515625,146.7705078125,4.12820083185517,0.058034206338507026,0.5203857421875,0.24197276875000284,0.23764131796875176,1,9,9.0,3,1.9209291412482403,10,2191,,25133.9228515625,4,38,0.296875,0.2464100007812391,True
0.65,130,48237,1024,37,5,34,39,0.3046875,0.0361328125,8155,0.9954833984375,3773,0.46266094420600856,2128.7265625,38.95703125,14.84960481498171,0.16219471238975575,0.4605712890625,0.24197276875000284,0.23764131796875176,5,13,2.6,7,2.1696712619300107,8,2106,,2128.7265625,8,42,0.328125,0.2464100007812391,True
0.65,131,4823,1024,4,1,34,35,0.2734375,0.00390625,8188,0.99951171875,4134,0.504885197850513,19981.2255859375,127.6943359375,5.124582378945796,0.10297771903728528,0.504638671875,0.24197276875000284,0.23764131796875176,1,9,9.0,2,1.981369465279458,9,2156,,19981.2255859375,4,38,0.296875,0.2464100007812391,True
0.65,132,26627,1024,14,2,34,36,0.28125,0.013671875,8178,0.998291015625,3929,0.48043531425776476,2286.6982421875,39.2353515625,14.538715029508866,0.10022380929728228,0.4796142578125,0.24197276875000284,0.23764131796875176,2,10,5.0,3,2.0842668024439917,14,1932,,2286.6982421875,5,39,0.3046875,0.2464100007812391,True
0.65,133,12293,1024,28,4,34,38,0.296875,0.02734375,8164,0.99658203125,3930,0.4813816756491916,3445.91015625,46.466796875,12.757764107836175,0.06746324226813019,0.479736328125,0.24197276875000284,0.23764131796875176,4,12,3.0,11,2.0819546958513615,15,1835,0.0,3449.2785923753668,7,41,0.3203125,0.2464100007812391,True
0.65,134,32803,1024,38,5,34,39,0.3046875,0.037109375,8154,0.995361328125,3212,0.3939170959038509,907.505859375,23.33203125,18.552309230980356,0.2203070687168805,0.39208984375,0.24197276875000284,0.23764131796875176,5,13,2.6,18,2.544690127686079,16,1800,0.0,909.2818003913894,9,43,0.3359375,0.2464100007812391,True
0.65,135,41882,1024,3,1,34,35,0.2734375,0.0029296875,8189,0.9996337890625,3974,0.4852851386005617,19256.2080078125,119.0419921875,5.285095922757785,0.1589124219488346,0.485107421875,0.24197276875000284,0.23764131796875176,1,9,9.0,2,2.060911150264284,9,2086,,19256.2080078125,4,38,0.296875,0.2464100007812391,True
0.65,136,10235,1024,89,12,34,46,0.359375,0.0869140625,8103,0.9891357421875,4691,0.5789213871405652,2292.826171875,44.5,14.527092304541988,0.1894284754659401,0.5726318359375,0.24197276875000284,0.23764131796875176,12,21,1.75,1,1.7462686567164178,21,1711,,2292.826171875,15,49,0.3828125,0.2464100007812391,True
0.65,137,30033,1024,89,12,34,46,0.359375,0.0869140625,8103,0.9891357421875,4136,0.5104282364556337,5179.4267578125,64.6982421875,10.987986647703867,0.06622188122078744,0.5048828125,0.24197276875000284,0.23764131796875176,12,20,1.6666666666666667,1,1.9804111245465539,14,2136,,5179.4267578125,15,49,0.3828125,0.2464100007812391,True
0.65,138,20042,1024,14,2,34,36,0.28125,0.013671875,8178,0.998291015625,4277,0.5229885057471264,2924.5087890625,45.4541015625,13.470274299760202,0.0420421053739443,0.5220947265625,0.24197276875000284,0.23764131796875176,2,10,5.0,19,1.9108980355472405,15,1884,0.0,2930.2318982387474,5,39,0.3046875,0.2464100007812391,True
0.65,139,29399,1024,16,2,34,36,0.28125,0.015625,8176,0.998046875,3806,0.4655088062622309,4353.8671875,49.271484375,11.742051838926496,0.13321187320891037,0.464599609375,0.24197276875000284,0.23764131796875176,2,10,5.0,4,2.151642575558476,12,1855,,4353.8671875,6,40,0.3125,0.2464100007812391,True
0.65,140,6463,1024,10,2,34,36,0.28125,0.009765625,8182,0.998779296875,4500,0.5499877780493767,4573.5751953125,57.2236328125,11.528245370421644,0.061792399365971,0.54931640625,0.24197276875000284,0.23764131796875176,2,10,5.0,3,1.8192931762613913,14,1876,,4573.5751953125,5,39,0.3046875,0.2464100007812391,True
0.65,141,25920,1024,46,6,34,40,0.3125,0.044921875,8146,0.994384765625,3490,0.42843113184384973,887.533203125,22.259765625,18.64895751631779,0.4806236930656395,0.426025390625,0.24197276875000284,0.23764131796875176,6,14,2.3333333333333335,12,2.344224706219547,12,1850,0.0,888.4007820136852,9,43,0.3359375,0.2464100007812391,True
0.65,142,10327,1024,4,1,34,35,0.2734375,0.00390625,8188,0.99951171875,4214,0.5146555935515389,22041.005859375,140.28125,4.698489508511291,0.03909978369539226,0.514404296875,0.24197276875000284,0.23764131796875176,1,9,9.0,12,1.9406598623308806,9,2191,0.0,22062.551319648093,4,38,0.296875,0.2464100007812391,True
0.65,143,3805,1024,821,103,34,137,1.0703125,0.8017578125,7371,0.8997802734375,3309,0.4489214489214489,2393.916015625,38.875,14.339714506331152,0.02650780854104387,0.4039306640625,0.24197276875000284,0.23764131796875176,103,114,1.1067961165048543,15,2.4712817412333736,7,2006,0.0,2396.256109481916,108,142,1.109375,0.2464100007812391,True
0.65,144,37879,1024,125,16,34,50,0.390625,0.1220703125,8067,0.9847412109375,4446,0.5511342506507996,8243.1220703125,85.5634765625,8.969886296193087,0.33537327457999716,0.542724609375,0.24197276875000284,0.23764131796875176,16,25,1.5625,27,1.83644544431946,21,2345,0.0,8267.342801175319,20,54,0.421875,0.2464100007812391,True
0.65,145,22721,1024,292,37,34,71,0.5546875,0.28515625,7900,0.96435546875,3889,0.49227848101265825,1812.3984375,33.130859375,15.548266817733756,0.21747690000640096,0.4747314453125,0.24197276875000284,0.23764131796875176,37,46,1.2432432432432432,1,2.1064814814814814,13,1956,,1812.3984375,40,74,0.578125,0.2464100007812391,True
0.65,146,43932,1024,30,4,34,38,0.296875,0.029296875,8162,0.996337890625,3841,0.4705954422935555,6560.173828125,65.8984375,9.961650136271134,0.05404924007000389,0.4688720703125,0.24197276875000284,0.23764131796875176,4,12,3.0,1,2.1328125,13,2090,,6560.173828125,7,41,0.3203125,0.2464100007812391,True
0.65,147,47270,1024,23,3,34,37,0.2890625,0.0224609375,8169,0.9971923828125,4072,0.49846982494797404,5558.8427734375,60.5771484375,10.680959702605698,0.06379202696679571,0.4970703125,0.24197276875000284,0.23764131796875176,3,11,3.6666666666666665,20,2.007123556865635,20,1966,0.0,5569.721135029355,6,40,0.3125,0.2464100007812391,True
0.65,148,11091,1024,486,61,34,95,0.7421875,0.474609375,7706,0.940673828125,3615,0.46911497534388785,6571.5029296875,66.7646484375,9.954156550181622,0.24714220781568183,0.4412841796875,0.24197276875000284,0.23764131796875176,61,68,1.1147540983606556,1,2.2659103486441614,8,1982,,6571.5029296875,54,88,0.6875,0.2464100007812391,True
0.65,149,9736,1024,35,5,34,39,0.3046875,0.0341796875,8157,0.9957275390625,4449,0.5454211107024641,1417.951171875,32.09375,16.6141908499291,0.14961115298920563,0.5430908203125,0.24197276875000284,0.23764131796875176,5,13,2.6,12,1.8388039568345325,16,1682,0.0,1419.3372434017595,8,42,0.328125,0.2464100007812391,True
0.65,150,23206,1024,4,1,34,35,0.2734375,0.00390625,8188,0.99951171875,4064,0.4963361016121153,16231.73046875,115.228515625,6.027155383326676,0.14550179862154214,0.49609375,0.24197276875000284,0.23764131796875176,1,9,9.0,2,2.0152596603494954,8,2303,,16231.73046875,4,38,0.296875,0.2464100007812391,True
0.65,151,25039,1024,505,64,34,98,0.765625,0.4931640625,7687,0.9383544921875,3611,0.46975413034994146,1943.087890625,36.099609375,15.245879156205906,0.09649083485366765,0.4407958984375,0.24197276875000284,0.23764131796875176,64,75,1.171875,9,2.266481994459834,13,1842,0.0,1944.9872922776149,68,102,0.796875,0.2464100007812391,True
0.65,152,21014,1024,4,1,34,35,0.2734375,0.00390625,8188,0.99951171875,2912,0.35564240351734244,17491.58984375,96.634765625,5.702510757466874,0.045170081610979684,0.35546875,0.24197276875000284,0.23764131796875176,1,9,9.0,87,2.750944692545517,8,1577,0.0,17664.090729783038,4,38,0.296875,0.2464100007812391,True
0.65,153,32412,1024,10,2,34,36,0.28125,0.009765625,8182,0.998779296875,3708,0.4531899291126864,2069.2109375,36.68359375,14.972755955174197,0.11710589307178966,0.45263671875,0.24197276875000284,0.23764131796875176,2,10,5.0,5,2.208254653358511,15,1866,,2069.2109375,5,39,0.3046875,0.2464100007812391,True
0.65,154,34022,1024,25,4,34,38,0.296875,0.0244140625,8167,0.9969482421875,4214,0.515978939635117,816.9169921875,21.5654296875,19.009024312221445,0.2552275806655939,0.514404296875,0.24197276875000284,0.23764131796875176,4,12,3.0,23,1.9387609779254689,17,1708,0.0,818.5156555772994,6,40,0.3125,0.2464100007812391,True
0.65,155,21369,1024,4,1,34,35,0.2734375,0.00390625,8188,0.99951171875,3537,0.4319736199316072,9890.6064453125,76.6904296875,8.17857439566166,0.12612548103720156,0.4317626953125,0.24197276875000284,0.23764131796875176,1,9,9.0,2,2.3150452488687785,8,1940,,9890.6064453125,4,38,0.296875,0.2464100007812391,True
0.65,156,41654,1024,209,27,34,61,0.4765625,0.2041015625,7983,0.9744873046875,3827,0.4793937116372291,9308.83984375,85.0625,8.441848024272202,-0.0019887217607057997,0.4671630859375,0.24197276875000284,0.23764131796875176,27,36,1.3333333333333333,1,2.140616832200732,14,2077,,9308.83984375,29,63,0.4921875,0.2464100007812391,True
0.65,157,11953,1024,4,1,34,35,0.2734375,0.00390625,8188,0.99951171875,3910,0.47752808988764045,24389.4921875,139.6796875,4.258776028855657,0.06422202619835923,0.477294921875,0.24197276875000284,0.23764131796875176,1,9,9.0,14,2.091327705295472,8,2023,0.0,24413.333333333332,4,38,0.296875,0.2464100007812391,True
0.65,158,13700,1024,31,4,34,38,0.296875,0.0302734375,8161,0.9962158203125,4420,0.5416002940816076,8287.318359375,80.111328125,8.946663381743114,0.11642595608971289,0.53955078125,0.24197276875000284,0.23764131796875176,4,12,3.0,6,1.8520027155465038,14,1864,,8287.318359375,7,41,0.3203125,0.2464100007812391,True
0.65,159,38205,1024,3,1,34,35,0.2734375,0.0029296875,8189,0.9996337890625,3837,0.4685553791671755,11629.38671875,92.921875,7.47523548262034,0.13659874245115708,0.4683837890625,0.24197276875000284,0.23764131796875176,1,9,9.0,2,2.1347758081334725,8,2298,,11629.38671875,4,38,0.296875,0.2464100007812391,True
0.65,160,40129,1024,730,92,34,126,0.984375,0.712890625,7462,0.910888671875,3336,0.44706512999195924,3251.919921875,53.84375,13.00940518261993,0.2752213024862112,0.4072265625,0.24197276875000284,0.23764131796875176,92,103,1.1195652173913044,1,2.455472263868066,7,2161,,3251.919921875,95,129,1.0078125,0.2464100007812391,True
0.65,161,17080,1024,47,6,34,40,0.3125,0.0458984375,8145,0.9942626953125,3596,0.44149785144260284,2228.0009765625,33.4619140625,14.65164984009122,0.0980623874211488,0.43896484375,0.24197276875000284,0.23764131796875176,6,14,2.3333333333333335,63,2.2609179415855354,15,1689,0.0,2243.336283185841,9,43,0.3359375,0.2464100007812391,True
0.65,162,1505,1024,3,1,34,35,0.2734375,0.0029296875,8189,0.9996337890625,4159,0.5078764195872512,22655.9453125,136.30859375,4.578981731680934,0.028399187911350147,0.5076904296875,0.24197276875000284,0.23764131796875176,1,9,9.0,3,1.9692159692159692,9,2091,,22655.9453125,4,38,0.296875,0.2464100007812391,True
0.65,163,36391,1024,4,1,34,35,0.2734375,0.00390625,8188,0.99951171875,4003,0.48888617489008307,15537.5234375,114.009765625,6.216985641083625,0.06617348016075396,0.4886474609375,0.24197276875000284,0.23764131796875176,1,9,9.0,2,2.0462268865567217,8,2192,,15537.5234375,4,38,0.296875,0.2464100007812391,True
0.65,164,24660,1024,14,2,34,36,0.28125,0.013671875,8178,0.998291015625,3889,0.4755441428222059,3793.19921875,47.53515625,12.34074708428296,0.11647755262054311,0.4747314453125,0.24197276875000284,0.23764131796875176,2,10,5.0,6,2.1051954732510287,9,1921,,3793.19921875,5,39,0.3046875,0.2464100007812391,True
0.65,165,24061,1024,4,1,34,35,0.2734375,0.00390625,8188,0.99951171875,3297,0.40266243282852954,5081.3408203125,54.9365234375,11.071020355862341,0.14899297040337897,0.4024658203125,0.24197276875000284,0.23764131796875176,1,9,9.0,4,2.4839199029126213,7,1886,,5081.3408203125,4,38,0.296875,0.2464100007812391,True
0.65,166,10964,1024,13,2,34,36,0.28125,0.0126953125,8179,0.9984130859375,4357,0.5327057097444675,6386.580078125,68.12890625,10.07811998921367,0.11085442237579136,0.5318603515625,0.24197276875000284,0.23764131796875176,2,10,5.0,13,1.8774104683195592,14,2159,0.0,6392.823069403715,5,39,0.3046875,0.2464100007812391,True
0.65,167,20807,1024,958,120,34,154,1.203125,0.935546875,7234,0.883056640625,3600,0.4976499861763893,4469.466796875,58.56640625,11.628246455630977,0.048877439481739476,0.439453125,0.24197276875000284,0.23764131796875176,120,131,1.0916666666666666,9,2.273131425395943,7,2027,0.0,4473.8357771261,126,160,1.25,0.2464100007812391,True
0.65,168,33388,1024,11,2,34,36,0.28125,0.0107421875,8181,0.9986572265625,4166,0.5092287006478425,3496.8408203125,49.8056640625,12.694044976273934,0.042395470806127496,0.508544921875,0.2398198289062492,0.2568324671874933,2,10,5.0,13,1.9630252100840335,12,1990,0.0,3500.259042033236,5,39,0.3046875,0.24678743359375233,True
0.65,169,34571,1024,4,1,34,35,0.2734375,0.00390625,8188,0.99951171875,3927,0.47960429897410845,23184.30859375,121.34765625,4.47886212044174,0.027037953415993205,0.4793701171875,0.2398198289062492,0.2568324671874933,1,9,9.0,5,2.0850738665308204,10,1836,,23184.30859375,4,38,0.296875,0.24678743359375233,True
0.65,170,21194,1024,13,2,34,36,0.28125,0.0126953125,8179,0.9984130859375,3619,0.44247463015038513,5787.3837890625,55.0947265625,10.505980774078804,0.14482787890711957,0.4417724609375,0.2398198289062492,0.2568324671874933,2,10,5.0,14,2.2589828634604756,12,1842,0.0,5793.041055718475,5,39,0.3046875,0.24678743359375233,True
0.65,171,32696,1024,895,112,34,146,1.140625,0.8740234375,7297,0.8907470703125,3406,0.4667671645881869,4085.623046875,50.06640625,12.018220661715901,0.19808530046508685,0.415771484375,0.2398198289062492,0.2568324671874933,112,123,1.0982142857142858,1,2.405286343612335,15,1910,,4085.623046875,117,151,1.1796875,0.24678743359375233,True
0.65,172,46005,1024,279,35,34,69,0.5390625,0.2724609375,7913,0.9659423828125,2593,0.3276886136737015,698.4931640625,20.7041015625,19.689182007032674,0.4880062303042033,0.3165283203125,0.2398198289062492,0.2568324671874933,35,46,1.3142857142857143,119,3.113425925925926,10,1636,0.0,708.1752475247524,38,72,0.5625,0.24678743359375233,True
0.65,173,19269,1024,4,1,34,35,0.2734375,0.00390625,8188,0.99951171875,3515,0.42928676111382513,6607.9052734375,68.7529296875,9.930165522696061,0.42724829099293726,0.4290771484375,0.2398198289062492,0.2568324671874933,1,9,9.0,2,2.330392714854866,8,2173,,6607.9052734375,4,38,0.296875,0.24678743359375233,True
0.65,174,5503,1024,50,7,34,41,0.3203125,0.048828125,8142,0.993896484375,3741,0.45946941783345613,3482.3369140625,44.2099609375,12.712095743164063,0.08102525737375194,0.4566650390625,0.2398198289062492,0.2568324671874933,7,15,2.142857142857143,9,2.187700534759358,13,1978,0.0,3485.740957966764,10,44,0.34375,0.24678743359375233,True
0.65,175,32979,1024,4,1,34,35,0.2734375,0.00390625,8188,0.99951171875,3802,0.46433805569125547,16322.3359375,112.98046875,6.002980488416178,0.04958939395957839,0.464111328125,0.2398198289062492,0.2568324671874933,1,9,9.0,2,2.154433043935806,9,2140,,16322.3359375,4,38,0.296875,0.24678743359375233,True
0.65,176,32764,1024,85,11,34,45,0.3515625,0.0830078125,8107,0.9896240234375,4073,0.5024053287282595,3064.888671875,45.013671875,13.266656569134662,0.10308611776589269,0.4971923828125,0.2398198289062492,0.2568324671874933,11,19,1.7272727272727273,11,2.0088408644400784,14,1880,0.0,3067.8846529814273,14,48,0.375,0.24678743359375233,True
0.65,177,36396,1024,83,11,34,45,0.3515625,0.0810546875,8109,0.9898681640625,4004,0.4937723517079788,5739.6259765625,67.2197265625,10.541967684015546,0.16941571038138745,0.48876953125,0.2398198289062492,0.2568324671874933,11,19,1.7272727272727273,1,2.0454659005745692,8,2334,,5739.6259765625,14,48,0.375,0.24678743359375233,True
0.65,178,16139,1024,14,2,34,36,0.28125,0.013671875,8178,0.998291015625,3821,0.4672291513817559,1161.458984375,26.654296875,17.480764830847566,0.5703723742673805,0.4664306640625,0.2398198289062492,0.2568324671874933,2,10,5.0,13,2.1408376963350784,12,1966,0.0,1162.594330400782,5,39,0.3046875,0.24678743359375233,True
0.65,179,32110,1024,4,1,34,35,0.2734375,0.00390625,8188,0.99951171875,3196,0.3903273082559844,18629.90625,108.3125,5.42869691436516,0.08397785770620061,0.39013671875,0.2398198289062492,0.2568324671874933,1,9,9.0,14,2.5593114241001564,8,1653,0.0,18648.117302052786,4,38,0.296875,0.24678743359375233,True
0.65,180,37930,1024,21,3,34,37,0.2890625,0.0205078125,8171,0.9974365234375,3994,0.48880186023742506,3546.1962890625,52.8544921875,12.633175898688446,0.07871198266440142,0.487548828125,0.2398198289062492,0.2568324671874933,3,11,3.6666666666666665,5,2.0498372151264714,14,2020,,3546.1962890625,6,40,0.3125,0.24678743359375233,True
0.65,181,5624,1024,16,2,34,36,0.28125,0.015625,8176,0.998046875,4556,0.5572407045009785,3194.2578125,50.873046875,13.087103952058612,0.12623254275467816,0.55615234375,0.2398198289062492,0.2568324671874933,2,10,5.0,7,1.7967069154774973,19,1740,,3194.2578125,5,39,0.3046875,0.24678743359375233,True
0.65,182,37946,1024,3,1,34,35,0.2734375,0.0029296875,8189,0.9996337890625,4180,0.5104408352668214,19198.7451171875,126.5400390625,5.298075179191262,0.11822920481602234,0.51025390625,0.2398198289062492,0.2568324671874933,1,9,9.0,2,1.9595597032782963,8,2116,,19198.7451171875,4,38,0.296875,0.24678743359375233,True
0.65,183,6616,1024,1060,133,34,167,1.3046875,1.03515625,7132,0.87060546875,3406,0.47756590016825573,4535.3466796875,53.5361328125,11.564698709446265,0.06988276644795445,0.415771484375,0.2398198289062492,0.2568324671874933,133,144,1.0827067669172932,11,2.402055800293686,9,1881,0.0,4539.780058651027,138,172,1.34375,0.24678743359375233,True
0.65,184,11706,1024,3,1,34,35,0.2734375,0.0029296875,8189,0.9996337890625,3931,0.48003419220906096,15761.1650390625,111.2724609375,6.1549204420324735,0.09970976076670236,0.4798583984375,0.2398198289062492,0.2568324671874933,1,9,9.0,2,2.0834605597964377,8,2279,,15761.1650390625,4,38,0.296875,0.24678743359375233,True
0.65,185,10558,1024,3,1,34,35,0.2734375,0.0029296875,8189,0.9996337890625,3145,0.3840517767737208,10480.0029296875,70.6005859375,7.927189568130521,0.1146438831636119,0.3839111328125,0.2398198289062492,0.2568324671874933,1,9,9.0,7,2.602735368956743,15,1804,,10480.0029296875,4,38,0.296875,0.24678743359375233,True
0.65,186,18351,1024,4,1,34,35,0.2734375,0.00390625,8188,0.99951171875,2574,0.31436248168050807,9704.8349609375,70.2744140625,8.260922066317915,0.038040394839714185,0.314208984375,0.2398198289062492,0.2568324671874933,1,9,9.0,71,3.1496307811892734,8,1489,0.0,9781.250984251968,4,38,0.296875,0.24678743359375233,True
0.65,187,15023,1024,4,1,34,35,0.2734375,0.00390625,8188,0.99951171875,3852,0.4704445530043967,17648.89453125,124.361328125,5.663628530711873,0.14312015887894564,0.47021484375,0.2398198289062492,0.2568324671874933,1,9,9.0,14,2.1223058945728384,8,1955,0.0,17666.146627565984,4,38,0.296875,0.24678743359375233,True
0.65,188,9490,1024,3,1,34,35,0.2734375,0.0029296875,8189,0.9996337890625,3975,0.4854072536329222,13671.9892578125,103.3017578125,6.772486523836228,0.13560470989887563,0.4852294921875,0.2398198289062492,0.2568324671874933,1,9,9.0,2,2.0603925515853043,8,2233,,13671.9892578125,4,38,0.296875,0.24678743359375233,True
0.65,189,6355,1024,51,7,34,41,0.3203125,0.0498046875,8141,0.9937744140625,4879,0.5993121238177128,23717.5498046875,150.2998046875,4.380105396355027,0.11218859533819726,0.5955810546875,0.2398198289062492,0.2568324671874933,7,15,2.142857142857143,8,1.6775317753177532,21,1786,0.0,23740.73411534702,10,44,0.34375,0.24678743359375233,True
0.65,190,8857,1024,60,8,34,42,0.328125,0.05859375,8132,0.99267578125,3150,0.38735858337432366,750.2890625,18.783203125,19.378517453927135,0.3698963521563131,0.384521484375,0.2398198289062492,0.2568324671874933,8,17,2.125,23,2.593839314067958,16,1772,0.0,751.7573385518591,10,44,0.34375,0.24678743359375233,True
0.65,191,31811,1024,4,1,34,35,0.2734375,0.00390625,8188,0.99951171875,3881,0.47398632144601854,24909.064453125,135.53515625,4.167229444705182,0.16061638737522616,0.4737548828125,0.2398198289062492,0.2568324671874933,1,9,9.0,2,2.1103092783505155,8,1986,,24909.064453125,4,38,0.296875,0.24678743359375233,True
0.65,192,10400,1024,45,6,34,40,0.3125,0.0439453125,8147,0.9945068359375,4100,0.5032527310666502,6783.466796875,77.904296875,9.816286572730942,0.1034590986703025,0.50048828125,0.2398198289062492,0.2568324671874933,6,14,2.3333333333333335,10,1.99585264698707,7,2456,0.0,6790.097751710655,9,43,0.3359375,0.24678743359375233,True
0.65,193,275,1024,47,6,34,40,0.3125,0.0458984375,8145,0.9942626953125,3799,0.46642111724984653,5262.267578125,57.271484375,10.919074333575601,0.04851368487394126,0.4637451171875,0.2398198289062492,0.2568324671874933,6,14,2.3333333333333335,1,2.1561348077935754,12,2019,,5262.267578125,9,43,0.3359375,0.24678743359375233,True
0.65,194,26152,1024,4,1,34,35,0.2734375,0.00390625,8188,0.99951171875,3706,0.4526135808500244,18343.6904296875,117.4931640625,5.495936482897765,0.05140453878207003,0.452392578125,0.2398198289062492,0.2568324671874933,1,9,9.0,287,2.1333333333333333,8,1888,0.0,18992.86046511628,4,38,0.296875,0.24678743359375233,True
0.65,195,13037,1024,4,1,34,35,0.2734375,0.00390625,8188,0.99951171875,3115,0.3804347826086957,15930.12109375,93.841796875,6.108612837392501,0.0480518310274592,0.3802490234375,0.2398198289062492,0.2568324671874933,1,9,9.0,14,2.625883108542068,11,1497,0.0,15945.693059628544,4,38,0.296875,0.24678743359375233,True
0.65,196,41203,1024,151,19,34,53,0.4140625,0.1474609375,8041,0.9815673828125,3883,0.4829001367989056,10575.1044921875,95.3994140625,7.887956935531016,0.0007286272881812762,0.4739990234375,0.2398198289062492,0.2568324671874933,19,28,1.4736842105263157,10,2.1063884595569293,8,2258,0.0,10585.44183773216,23,57,0.4453125,0.24678743359375233,True
0.65,197,43709,1024,16,2,34,36,0.28125,0.015625,8176,0.998046875,4568,0.5587084148727984,2218.8857421875,43.5302734375,14.66945421328579,0.3983304929403335,0.5576171875,0.2398198289062492,0.2568324671874933,2,10,5.0,4,1.7924239106634552,9,1984,,2218.8857421875,5,39,0.3046875,0.24678743359375233,True
0.65,198,43572,1024,4,1,34,35,0.2734375,0.00390625,8188,0.99951171875,4152,0.5070835368832438,16877.515625,116.408203125,5.857718421422835,0.10740104635064886,0.5068359375,0.2398198289062492,0.2568324671874933,1,9,9.0,3,1.9722958323295592,8,2207,,16877.515625,4,38,0.296875,0.24678743359375233,True
0.65,199,23390,1024,15,2,34,36,0.28125,0.0146484375,8177,0.9981689453125,3560,0.4353674941910236,1117.30078125,26.482421875,17.649102584301435,0.12412491877037991,0.4345703125,0.2398198289062492,0.2568324671874933,2,10,5.0,11,2.298117448721551,11,1840,0.0,1118.392961876833,5,39,0.3046875,0.24678743359375233,True
0.7,0,712,1024,30,4,34,38,0.296875,0.029296875,8162,0.996337890625,3886,0.4761087968635139,3745.2294921875,46.9228515625,12.39601926245773,0.16454287458627267,0.474365234375,0.2398198289062492,0.2568324671874933,4,12,3.0,13,2.104761904761905,12,1841,0.0,3748.8905180840666,7,41,0.3203125,0.24678743359375233,True
0.7,1,24774,1024,143,18,34,52,0.40625,0.1396484375,8049,0.9825439453125,3752,0.4661448627158653,3527.3955078125,49.7431640625,12.656262033749279,0.07058428777546173,0.4580078125,0.2398198289062492,0.2568324671874933,18,27,1.5,63,2.1666222340709145,21,2023,0.0,3551.6745329400196,22,56,0.4375,0.24678743359375233,True
0.7,2,45142,1024,1493,187,34,221,1.7265625,1.4580078125,6699,0.8177490234375,2582,0.38543066129273024,2149.8330078125,33.9130859375,14.806756342556483,0.05082809244347558,0.315185546875,0.2398198289062492,0.2568324671874933,187,198,1.0588235294117647,10,3.168926772568772,9,1573,0.0,2151.9345063538613,197,231,1.8046875,0.24678743359375233,True
0.7,3,27119,1024,6,1,34,35,0.2734375,0.005859375,8186,0.999267578125,2795,0.34143659907158563,13373.8544921875,72.4248046875,6.86823767111238,0.07202365043694335,0.3411865234375,0.2398198289062492,0.2568324671874933,1,9,9.0,12,2.9269863994273444,24,1485,0.0,13386.927663734115,4,38,0.296875,0.24678743359375233,True
0.7,4,21139,1024,67,9,34,43,0.3359375,0.0654296875,8125,0.9918212890625,3642,0.44824615384615385,1607.859375,31.7578125,16.068322986272303,0.18079583215034437,0.444580078125,0.2398198289062492,0.2568324671874933,9,17,1.8888888888888888,20,2.243889041472123,11,1935,0.0,1611.0058708414872,12,46,0.359375,0.24678743359375233,True
0.7,5,19129,1024,23,3,34,37,0.2890625,0.0224609375,8169,0.9971923828125,4249,0.5201371036846615,5048.583984375,62.263671875,11.099107756218354,0.07167295589653075,0.5186767578125,0.2398198289062492,0.2568324671874933,3,11,3.6666666666666665,10,1.9256120527306968,16,1980,0.0,5053.519061583578,6,40,0.3125,0.24678743359375233,True
0.7,6,6433,1024,349,44,34,78,0.609375,0.3408203125,7843,0.9573974609375,3689,0.47035573122529645,8122.5830078125,82.7041015625,9.033862026051873,-0.004796559098105902,0.4503173828125,0.2398198289062492,0.2568324671874933,44,49,1.1136363636363635,15,2.216648590021692,8,2202,0.0,8130.522971652004,49,83,0.6484375,0.24678743359375233,True
0.7,7,38854,1024,25,4,34,38,0.296875,0.0244140625,8167,0.9969482421875,3872,0.4741030978327415,7325.3916015625,70.7041015625,9.482495146606306,0.06419318156503867,0.47265625,0.2398198289062492,0.2568324671874933,4,12,3.0,7,2.1128907259106176,8,2077,,7325.3916015625,7,41,0.3203125,0.24678743359375233,True
0.7,8,22489,1024,48,6,34,40,0.3125,0.046875,8144,0.994140625,3915,0.4807220039292731,6025.5712890625,66.5458984375,10.330821318740496,0.07773307525844718,0.4779052734375,0.2398198289062492,0.2568324671874933,6,14,2.3333333333333335,20,2.0876341338783853,8,2228,0.0,6037.36301369863,9,43,0.3359375,0.24678743359375233,True
0.7,9,31104,1024,4,1,34,35,0.2734375,0.00390625,8188,0.99951171875,3841,0.4691011235955056,14609.4296875,95.568359375,6.484470982810533,0.09192505610274324,0.4688720703125,0.2398198289062492,0.2568324671874933,1,9,9.0,3,2.1322916666666667,8,2052,,14609.4296875,4,38,0.296875,0.24678743359375233,True
0.7,10,21349,1024,1412,177,34,211,1.6484375,1.37890625,6780,0.82763671875,2727,0.402212389380531,964.3583984375,24.0185546875,18.28841893835587,0.1119528117205108,0.3328857421875,0.2398198289062492,0.2568324671874933,177,188,1.0621468926553672,12,2.999266324284666,12,1582,0.0,965.3010752688172,191,225,1.7578125,0.24678743359375233,True
0.7,11,29116,1024,56,7,34,41,0.3203125,0.0546875,8136,0.9931640625,3671,0.45120452310717796,5426.1298828125,56.9638671875,10.785901758076744,0.10471196021372582,0.4481201171875,0.2398198289062492,0.2568324671874933,7,15,2.142857142857143,4,2.2307901907356946,12,2031,,5426.1298828125,11,45,0.3515625,0.24678743359375233,True
0.7,12,10772,1024,15,2,34,36,0.28125,0.0146484375,8177,0.9981689453125,4005,0.48978843096490154,6997.7314453125,70.0341796875,9.68123089491079,0.025943622344767485,0.4888916015625,0.2398198289062492,0.2568324671874933,2,10,5.0,4,2.044705294705295,13,2106,,6997.7314453125,6,40,0.3125,0.24678743359375233,True
0.7,13,18332,1024,30,4,34,38,0.296875,0.029296875,8162,0.996337890625,4225,0.5176427346238667,3060.7783203125,47.8896484375,13.272484843092307,0.07869386198023784,0.5157470703125,0.2398198289062492,0.2568324671874933,4,12,3.0,7,1.9370265151515151,21,1962,,3060.7783203125,7,41,0.3203125,0.24678743359375233,True
0.7,14,1003,1024,32,4,34,38,0.296875,0.03125,8160,0.99609375,4040,0.4950980392156863,9518.142578125,85.76953125,8.345281547916867,0.06693665173820007,0.4931640625,0.2398198289062492,0.2568324671874933,4,12,3.0,22,2.0222827432532804,10,2369,0.0,9536.769080234833,7,41,0.3203125,0.24678743359375233,True
0.7,15,22156,1024,24,3,34,37,0.2890625,0.0234375,8168,0.9970703125,4508,0.5519098922624878,6880.845703125,73.16796875,9.754385415817135,0.04852990761002626,0.55029296875,0.2398198289062492,0.2568324671874933,3,11,3.6666666666666665,5,1.8160639005990682,23,1997,,6880.845703125,7,41,0.3203125,0.24678743359375233,True
0.7,16,26453,1024,197,25,34,59,0.4609375,0.1923828125,7995,0.9759521484375,3419,0.4276422764227642,1849.3046875,35.4609375,15.460718903801068,0.11837016196152889,0.4173583984375,0.2398198289062492,0.2568324671874933,25,33,1.32,5,2.3946752486834404,9,1945,,1849.3046875,27,61,0.4765625,0.24678743359375233,True
0.7,17,17039,1024,20,3,34,37,0.2890625,0.01953125,8172,0.99755859375,3586,0.4388154674498287,737.966796875,21.5859375,19.450435386903436,0.2957387045284698,0.437744140625,0.2398198289062492,0.2568324671874933,3,11,3.6666666666666665,5,2.283403068340307,8,1777,,737.966796875,6,40,0.3125,0.24678743359375233,True
0.7,18,7166,1024,33,5,34,39,0.3046875,0.0322265625,8159,0.9959716796875,4311,0.5283735751930384,16830.4921875,120.0703125,5.869835442866327,0.10384116424152949,0.5262451171875,0.2398198289062492,0.2568324671874933,5,13,2.6,4,1.89953596287703,31,2011,,16830.4921875,8,42,0.328125,0.24678743359375233,True
0.7,19,48310,1024,4,1,34,35,0.2734375,0.00390625,8188,0.99951171875,3581,0.4373473375671715,11364.3134765625,87.3056640625,7.575371559451709,0.08168885559997884,0.4371337890625,0.2398198289062492,0.2568324671874933,1,9,9.0,5,2.28659217877095,7,2177,,11364.3134765625,4,38,0.296875,0.24678743359375233,True
0.7,20,12187,1024,15,2,34,36,0.28125,0.0146484375,8177,0.9981689453125,3796,0.4642289348171701,1687.5703125,32.11328125,15.858184841384164,0.22248767179070544,0.46337890625,0.2398198289062492,0.2568324671874933,2,10,5.0,54,2.1438735177865613,12,1757,0.0,1697.5166994106091,5,39,0.3046875,0.24678743359375233,True
0.7,21,20284,1024,26,4,34,38,0.296875,0.025390625,8166,0.996826171875,2902,0.3553759490570659,711.5478515625,14.4912109375,19.60876249180221,0.27169931837309796,0.354248046875,0.2398198289062492,0.2568324671874933,4,12,3.0,21,2.8152361254739744,13,1546,0.0,712.940313111546,6,40,0.3125,0.24678743359375233,True
0.7,22,1052,1024,558,70,34,104,0.8125,0.544921875,7634,0.931884765625,3316,0.43437254388263036,7974.669921875,73.28125,9.113676445712876,-0.0006458696117062572,0.40478515625,0.2398198289062492,0.2568324671874933,70,81,1.1571428571428573,28,2.4621417797888387,8,1936,0.0,7998.101860920666,76,110,0.859375,0.24678743359375233,True
0.7,23,13752,1024,15,2,34,36,0.28125,0.0146484375,8177,0.9981689453125,3603,0.44062614650849946,617.193359375,20.59375,20.226591161960297,0.42032854604475955,0.4398193359375,0.2398198289062492,0.2568324671874933,2,10,5.0,13,2.2704053303720158,10,1767,0.0,617.7966764418377,5,39,0.3046875,0.24678743359375233,True
0.7,24,37139,1024,4,1,34,35,0.2734375,0.00390625,8188,0.99951171875,4089,0.49938935026868586,21802.6630859375,128.8779296875,4.745708171307185,0.04430523223811579,0.4991455078125,0.2398198289062492,0.2568324671874933,1,9,9.0,4,2.0026908023483365,8,2099,,21802.6630859375,4,38,0.296875,0.24678743359375233,True
0.7,25,29727,1024,65,9,34,43,0.3359375,0.0634765625,8127,0.9920654296875,3885,0.4780361757105943,9911.5556640625,81.7802734375,8.169385365244386,0.05199336630937287,0.4742431640625,0.2398198289062492,0.2568324671874933,9,17,1.8888888888888888,11,2.105046343975283,14,2173,0.0,9921.244379276637,12,46,0.359375,0.24678743359375233,True
0.7,26,41854,1024,58,8,34,42,0.328125,0.056640625,8134,0.992919921875,3308,0.4066879763953774,540.611328125,19.1015625,20.801952190785805,0.2740964335356662,0.40380859375,0.2398198289062492,0.2568324671874933,8,16,2.0,51,2.4614454188085877,8,1847,0.0,543.7976424361493,11,45,0.3515625,0.24678743359375233,True
0.7,27,40333,1024,443,56,34,90,0.703125,0.4326171875,7749,0.9459228515625,3900,0.5032907471931862,21130.1015625,135.86328125,4.881787763604471,0.003528438940454493,0.47607421875,0.2398198289062492,0.2568324671874933,56,67,1.1964285714285714,8,2.098230315465504,8,2125,0.0,21150.75659824047,60,94,0.734375,0.24678743359375233,True
0.7,28,33248,1024,5,1,34,35,0.2734375,0.0048828125,8187,0.9993896484375,3277,0.40026871870037867,10005.841796875,80.859375,8.128267289292916,0.17856737380555399,0.4000244140625,0.2398198289062492,0.2568324671874933,1,9,9.0,375,2.385836385836386,8,1828,0.0,10476.464212678937,4,38,0.296875,0.24678743359375233,True
0.7,29,9680,1024,218,28,34,62,0.484375,0.212890625,7974,0.973388671875,3485,0.43704539754201155,13204.8955078125,87.8115234375,6.9234539194442855,0.0004778717009608089,0.4254150390625,0.2398198289062492,0.2568324671874933,28,37,1.3214285714285714,17,2.3461538461538463,8,1898,0.0,13230.736790606654,31,65,0.5078125,0.24678743359375233,True
0.7,30,16805,1024,16,2,34,36,0.28125,0.015625,8176,0.998046875,3535,0.4323630136986301,1758.779296875,32.939453125,15.678690161023345,0.14289791753079367,0.4315185546875,0.2398198289062492,0.2568324671874933,2,10,5.0,14,2.313808715336729,11,1993,0.0,1760.4985337243402,6,40,0.3125,0.24678743359375233,True
0.7,31,14652,1024,321,41,34,75,0.5859375,0.3134765625,7871,0.9608154296875,3486,0.44289162749332994,959.49609375,21.95703125,18.310371498696593,0.2665414463933616,0.425537109375,0.2398198289062492,0.2568324671874933,41,52,1.2682926829268293,34,2.340028694404591,10,1621,0.0,963.2588235294118,43,77,0.6015625,0.24678743359375233,True
0.7,32,15793,1024,338,43,34,77,0.6015625,0.330078125,7854,0.958740234375,3091,0.39355742296918766,4641.3134765625,47.6005859375,11.464394589984007,0.026099360366158005,0.3773193359375,0.2398198289062492,0.2568324671874933,43,54,1.255813953488372,7,2.648220064724919,8,1802,,4641.3134765625,40,74,0.578125,0.24678743359375233,True
0.7,33,30210,1024,5,1,34,35,0.2734375,0.0048828125,8187,0.9993896484375,3420,0.4177354342249908,9034.0908203125,67.0029296875,8.571959086294397,0.308935108851516,0.41748046875,0.2398198289062492,0.2568324671874933,1,9,9.0,3,2.3942673296285464,69,1981,,9034.0908203125,4,38,0.296875,0.24678743359375233,True
0.7,34,47426,1024,24,3,34,37,0.2890625,0.0234375,8168,0.9970703125,4426,0.5418707149853085,14936.615234375,113.125,6.388281671085121,0.04226934029914044,0.540283203125,0.2398198289062492,0.2568324671874933,3,11,3.6666666666666665,5,1.8497175141242939,13,2052,,14936.615234375,6,40,0.3125,0.24678743359375233,True
0.7,35,20875,1024,694,87,34,121,0.9453125,0.677734375,7498,0.915283203125,3364,0.44865297412643373,8154.6962890625,73.5224609375,9.016725699171754,-0.04398812269026216,0.41064453125,0.2398198289062492,0.2568324671874933,87,98,1.1264367816091954,7,2.433244127267321,7,2009,,8154.6962890625,85,119,0.9296875,0.24678743359375233,True
0.7,36,4161,1024,349,44,34,78,0.609375,0.3408203125,7843,0.9573974609375,3584,0.45696799693994644,15635.982421875,105.5390625,6.189551873455482,0.005713361566584268,0.4375,0.2398198289062492,0.2568324671874933,44,55,1.25,31,2.277142059726486,8,1981,0.0,15681.92556317336,47,81,0.6328125,0.24678743359375233,True
0.7,37,40340,1024,19,3,34,37,0.2890625,0.0185546875,8173,0.9976806640625,3851,0.4711856111586933,3623.712890625,48.3984375,12.5392657996379,0.1561604585543945,0.4700927734375,0.2398198289062492,0.2568324671874933,3,11,3.6666666666666665,4,2.1264935064935067,20,1786,,3623.712890625,6,40,0.3125,0.24678743359375233,True
0.7,38,28286,1024,429,54,34,88,0.6875,0.4189453125,7763,0.9476318359375,3602,0.463995877882262,11433.0869140625,89.6962890625,7.5491685586691695,0.013283608537778666,0.439697265625,0.2398198289062492,0.2568324671874933,54,65,1.2037037037037037,26,2.266870313801722,8,2047,0.0,11466.68070519099,59,93,0.7265625,0.24678743359375233,True
0.7,39,13256,1024,19,3,34,37,0.2890625,0.0185546875,8173,0.9976806640625,3963,0.4848892695460663,2579.3427734375,37.9306640625,14.015713007305274,0.10151005648676203,0.4837646484375,0.2398198289062492,0.2568324671874933,3,11,3.6666666666666665,13,2.0641090358404846,14,1909,0.0,2581.8641251221898,6,40,0.3125,0.24678743359375233,True
0.7,40,48934,1024,414,52,34,86,0.671875,0.404296875,7778,0.949462890625,3539,0.45500128567755205,11839.486328125,81.5234375,7.397475005164965,0.01355051171730847,0.4320068359375,0.2398198289062492,0.2568324671874933,52,63,1.2115384615384615,69,2.2953646127755793,8,1965,0.0,11932.71062992126,50,84,0.65625,0.24678743359375233,True
0.7,41,11935,1024,149,19,34,53,0.4140625,0.1455078125,8043,0.9818115234375,4149,0.5158522939201791,1799.490234375,36.111328125,15.57930866738418,0.10663618110997666,0.5064697265625,0.2398198289062492,0.2568324671874933,19,28,1.4736842105263157,19,1.9696239151398265,15,1747,0.0,1803.0117416829746,22,56,0.4375,0.24678743359375233,True
0.7,42,48447,1024,86,11,34,45,0.3515625,0.083984375,8106,0.989501953125,3562,0.4394275845053047,1453.078125,28.38671875,16.507913960232433,0.15326514681190612,0.434814453125,0.2398198289062492,0.2568324671874933,11,19,1.7272727272727273,11,2.297107554057849,9,1711,0.0,1454.4985337243402,14,48,0.375,0.24678743359375233,True
0.7,43,15492,1024,42,6,34,40,0.3125,0.041015625,8150,0.994873046875,3785,0.4644171779141104,1867.5390625,32.265625,15.418106663372198,0.07100851752924624,0.4620361328125,0.2398198289062492,0.2568324671874933,6,14,2.3333333333333335,10,2.161997885835095,14,1786,0.0,1869.3646138807428,9,43,0.3359375,0.24678743359375233,True
0.7,44,32513,1024,21,3,34,37,0.2890625,0.0205078125,8171,0.9974365234375,3364,0.4116999143311712,924.009765625,24.185546875,18.474037996752518,0.226942846798866,0.41064453125,0.2398198289062492,0.2568324671874933,3,11,3.6666666666666665,7,2.4335414808206957,11,1906,,924.009765625,6,40,0.3125,0.24678743359375233,True
0.7,45,36099,1024,5,1,34,35,0.2734375,0.0048828125,8187,0.9993896484375,3813,0.4657383657017222,20775.7470703125,126.6787109375,4.955237114355471,0.08265445976338844,0.4654541015625,0.2398198289062492,0.2568324671874933,1,9,9.0,15,2.1445435466946483,8,2076,0.0,20796.055718475072,4,38,0.296875,0.24678743359375233,True
0.7,46,39260,1024,16,2,34,36,0.28125,0.015625,8176,0.998046875,3172,0.38796477495107634,2025.5654296875,38.4677734375,15.065340845686011,0.2538200690021911,0.38720703125,0.2398198289062492,0.2568324671874933,2,10,5.0,19,2.576789656259855,17,1886,0.0,2029.5293542074364,5,39,0.3046875,0.24678743359375233,True
0.7,47,46517,1024,53,7,34,41,0.3203125,0.0517578125,8139,0.9935302734375,3913,0.4807715935618626,4625.5791015625,55.5537109375,11.479142486860418,0.23967092913737603,0.4776611328125,0.2398198289062492,0.2568324671874933,7,15,2.142857142857143,10,2.090235173824131,7,2075,0.0,4630.1006842619745,10,44,0.34375,0.24678743359375233,True
0.7,48,33095,1024,30,4,34,38,0.296875,0.029296875,8162,0.996337890625,3827,0.46888017642734625,6078.806640625,64.333984375,10.292620316379589,0.07729580583124268,0.4671630859375,0.2398198289062492,0.2568324671874933,4,12,3.0,36,2.1312075274438054,11,2148,0.0,6102.645098039216,7,41,0.3203125,0.24678743359375233,True
0.7,49,3,1024,443,56,34,90,0.703125,0.4326171875,7749,0.9459228515625,3521,0.45438121047877145,8090.693359375,82.3984375,9.050946193239536,0.0014432262502607491,0.4298095703125,0.2398198289062492,0.2568324671874933,56,67,1.1964285714285714,29,2.31875,7,2261,0.0,8114.466209598433,63,97,0.7578125,0.24678743359375233,True
0.7,50,21683,1024,336,42,34,76,0.59375,0.328125,7856,0.958984375,3537,0.45022912423625255,8465.9873046875,77.6787109375,8.85402747982966,0.0005754666024689899,0.4317626953125,0.2398198289062492,0.2568324671874933,42,53,1.2619047619047619,5,2.3150452488687785,8,2116,,8465.9873046875,47,81,0.6328125,0.24678743359375233,True
0.7,51,13446,1024,26,4,34,38,0.296875,0.025390625,8166,0.996826171875,4187,0.5127357335292677,5028.5146484375,62.7294921875,11.11640641269561,0.043674125225796216,0.5111083984375,0.2398198289062492,0.2568324671874933,4,12,3.0,4,1.9558050645007168,11,2020,,5028.5146484375,7,41,0.3203125,0.24678743359375233,True
0.7,52,49515,1024,62,8,34,42,0.328125,0.060546875,8130,0.992431640625,3660,0.45018450184501846,3875.88671875,46.935546875,12.247092855079448,0.18872746496145307,0.44677734375,0.2398198289062492,0.2568324671874933,8,16,2.0,22,2.2320306094561357,15,2069,0.0,3883.4716242661448,11,45,0.3515625,0.24678743359375233,True
0.7,53,27943,1024,78,10,34,44,0.34375,0.076171875,8114,0.990478515625,3824,0.4712842001478925,5809.689453125,58.94140625,10.489274423155674,0.06937777773392777,0.466796875,0.2398198289062492,0.2568324671874933,10,18,1.8,49,2.129741041067225,20,1925,0.0,5843.931237721022,13,47,0.3671875,0.24678743359375233,True
0.7,54,29059,1024,17,3,34,37,0.2890625,0.0166015625,8175,0.9979248046875,4213,0.5153516819571865,5986.5849609375,67.0966796875,10.359012105262423,0.05110123661019076,0.5142822265625,0.2398198289062492,0.2568324671874933,3,11,3.6666666666666665,7,1.9425451092117758,11,2185,,5986.5849609375,6,40,0.3125,0.24678743359375233,True
0.7,55,32738,1024,40,5,34,39,0.3046875,0.0390625,8152,0.9951171875,3708,0.4548577036310108,1640.9306640625,26.9931640625,15.979901301202567,0.44135405064266353,0.45263671875,0.2398198289062492,0.2568324671874933,5,13,2.6,62,2.192878338278932,13,1795,0.0,1652.2251720747297,8,42,0.328125,0.24678743359375233,True
0.7,56,445,1024,19,3,34,37,0.2890625,0.0185546875,8173,0.9976806640625,3830,0.4686161752110608,6360.4462890625,61.4091796875,10.095927713079917,0.05769463080090806,0.467529296875,0.2398198289062492,0.2568324671874933,3,11,3.6666666666666665,7,2.137111517367459,11,2017,,6360.4462890625,6,40,0.3125,0.24678743359375233,True
0.7,57,32216,1024,247,31,34,65,0.5078125,0.2412109375,7945,0.9698486328125,3803,0.478665827564506,17698.3330078125,116.0791015625,5.65147998438432,0.0005597258735028943,0.4642333984375,0.2398198289062492,0.2568324671874933,31,40,1.2903225806451613,5,2.1530773277222512,8,2095,,17698.3330078125,36,70,0.546875,0.24678743359375233,True
0.7,58,18250,1024,10,2,34,36,0.28125,0.009765625,8182,0.998779296875,4016,0.49083353703251037,1861.33984375,34.650390625,15.432546869360667,0.0876487452105171,0.490234375,0.2398198289062492,0.2568324671874933,2,10,5.0,13,2.0368617683686177,12,1777,0.0,1863.1593352883676,5,39,0.3046875,0.24678743359375233,True
0.7,59,1684,1024,179,23,34,57,0.4453125,0.1748046875,8013,0.9781494140625,3592,0.44827155871708474,3183.6259765625,41.2177734375,13.101583212295484,0.09784074648643892,0.4384765625,0.2398198289062492,0.2568324671874933,23,32,1.391304347826087,20,2.2754107490949598,9,1970,0.0,3189.8561643835615,26,60,0.46875,0.24678743359375233,True
0.7,60,2899,1024,302,38,34,72,0.5625,0.294921875,7890,0.963134765625,3643,0.461723700887199,8175.041015625,78.796875,9.005904205979812,0.0005555534696434354,0.4447021484375,0.2398198289062492,0.2568324671874933,38,49,1.2894736842105263,19,2.2432729269632072,8,1980,0.0,8191.039138943249,43,77,0.6015625,0.24678743359375233,True
0.7,61,39428,1024,4,1,34,35,0.2734375,0.00390625,8188,0.99951171875,3383,0.4131656082071324,6607.62109375,61.880859375,9.93035229947171,0.10742691446619451,0.4129638671875,0.2398198289062492,0.2568324671874933,1,9,9.0,5,2.4195742164399765,8,1948,,6607.62109375,4,38,0.296875,0.24678743359375233,True
0.7,62,40758,1024,33,5,34,39,0.3046875,0.0322265625,8159,0.9959716796875,4315,0.5288638313518813,10865.0146484375,84.3720703125,7.770500446861681,0.02965052700221792,0.5267333984375,0.2398198289062492,0.2568324671874933,5,13,2.6,7,1.8970792767732962,11,2188,,10865.0146484375,7,41,0.3203125,0.24678743359375233,True
0.7,63,29154,1024,1564,196,34,230,1.796875,1.52734375,6628,0.80908203125,3320,0.5009052504526252,3333.66015625,48.171875,12.901590364581336,0.09605239050844147,0.4052734375,0.2398198289062492,0.2568324671874933,196,207,1.0561224489795917,27,2.459475745706538,11,1795,0.0,3343.4554358472087,205,239,1.8671875,0.24678743359375233,True
0.7,64,43958,1024,352,44,34,78,0.609375,0.34375,7840,0.95703125,3541,0.4516581632653061,6702.3408203125,77.3056640625,9.86853852525687,0.001144098085822899,0.4322509765625,0.2398198289062492,0.2568324671874933,44,55,1.25,9,2.3110169491525423,7,2310,0.0,6708.89247311828,49,83,0.6484375,0.24678743359375233,True
0.7,65,33814,1024,5,1,34,35,0.2734375,0.0048828125,8187,0.9993896484375,4019,0.49090020764626846,20936.2744140625,127.8486328125,4.921809588530103,0.04112437663284123,0.4906005859375,0.2398198289062492,0.2568324671874933,1,9,9.0,4,2.037580886012942,8,2094,,20936.2744140625,4,38,0.296875,0.24678743359375233,True
0.7,66,34153,1024,40,5,34,39,0.3046875,0.0390625,8152,0.9951171875,4343,0.5327526987242395,6656.287109375,69.412109375,9.898483145131177,0.08585844792315735,0.5301513671875,0.2398198289062492,0.2568324671874933,5,13,2.6,6,1.8850760018424688,18,1866,,6656.287109375,9,43,0.3359375,0.24678743359375233,True
0.7,67,43609,1024,260,33,34,67,0.5234375,0.25390625,7932,0.96826171875,4083,0.514750378214826,21305.7578125,122.962890625,4.845833748808883,0.000400363860339403,0.4984130859375,0.2398198289062492,0.2568324671874933,33,42,1.2727272727272727,35,1.9980401763841253,86,1999,0.0,21389.30980392157,39,73,0.5703125,0.24678743359375233,True
0.7,68,10762,1024,70,9,34,43,0.3359375,0.068359375,8122,0.991455078125,4218,0.5193302142329476,3466.3671875,47.765625,12.732057958371879,0.05965894782992236,0.514892578125,0.2398198289062492,0.2568324671874933,9,17,1.8888888888888888,7,1.940479013516718,16,1933,,3466.3671875,12,46,0.359375,0.24678743359375233,True
0.7,69,17898,1024,131,17,34,51,0.3984375,0.1279296875,8061,0.9840087890625,4185,0.5191663565314477,6301.3056640625,68.0087890625,10.136498139625234,0.16801959055993007,0.5108642578125,0.2398198289062492,0.2568324671874933,17,26,1.5294117647058822,23,1.9521988527724665,8,1941,0.0,6313.63698630137,20,54,0.421875,0.24678743359375233,True
0.7,70,43653,1024,148,19,34,53,0.4140625,0.14453125,8044,0.98193359375,3408,0.4236698160119344,12844.1865234375,89.1845703125,7.043737570977476,9.827153303739437e-05,0.416015625,0.2398198289062492,0.2568324671874933,19,27,1.4210526315789473,4,2.4027003228646904,8,2011,,12844.1865234375,22,56,0.4375,0.24678743359375233,True
0.7,71,14233,1024,436,55,34,89,0.6953125,0.42578125,7756,0.94677734375,3854,0.4969056214543579,15203.83203125,110.388671875,6.311272979047613,0.0011356023930666613,0.470458984375,0.2398198289062492,0.2568324671874933,55,66,1.2,37,2.116013495977161,9,2068,0.0,15263.454901960784,61,95,0.7421875,0.24678743359375233,True
0.7,72,39520,1024,27,4,34,38,0.296875,0.0263671875,8165,0.9967041015625,3908,0.4786282914880588,9914.587890625,85.1796875,8.168056938189865,0.07265291254257196,0.47705078125,0.2398198289062492,0.2568324671874933,4,12,3.0,4,2.095469669823394,14,2108,,9914.587890625,7,41,0.3203125,0.24678743359375233,True
0.7,73,18138,1024,63,8,34,42,0.328125,0.0615234375,8129,0.9923095703125,3767,0.46340263255012915,1874.0947265625,35.3955078125,15.40288822243755,0.18517140053355463,0.4598388671875,0.2398198289062492,0.2568324671874933,8,16,2.0,8,2.1728624535315983,13,1819,0.0,1875.9266862170089,12,46,0.359375,0.24678743359375233,True
0.7,74,9212,1024,715,90,34,124,0.96875,0.6982421875,7477,0.9127197265625,3894,0.5207971111408319,9717.9658203125,91.0263671875,8.255049936235096,0.21331775867668068,0.475341796875,0.2398198289062492,0.2568324671874933,90,101,1.1222222222222222,5,2.102748522989982,11,2000,,9717.9658203125,97,131,1.0234375,0.24678743359375233,True
0.7,75,6456,1024,1016,127,34,161,1.2578125,0.9921875,7176,0.8759765625,3408,0.47491638795986624,9277.6572265625,84.3564453125,8.456420378848247,0.024001575780510657,0.416015625,0.2398198289062492,0.2568324671874933,127,138,1.0866141732283465,27,2.395656002348107,9,1947,0.0,9304.917727717924,134,168,1.3125,0.24678743359375233,True
0.7,76,22948,1024,21,3,34,37,0.2890625,0.0205078125,8171,0.9974365234375,3843,0.47032187002814835,4800.26171875,49.734375,11.318154443443387,0.24515953583735506,0.4691162109375,0.2398198289062492,0.2568324671874933,3,11,3.6666666666666665,4,2.130921395106715,22,2005,,4800.26171875,6,40,0.3125,0.24678743359375233,True
0.7,77,7591,1024,467,59,34,93,0.7265625,0.4560546875,7725,0.9429931640625,3466,0.44867313915857604,8157.3720703125,79.2705078125,9.015300892683115,0.0016528125194748792,0.423095703125,0.2398198289062492,0.2568324671874933,59,70,1.1864406779661016,13,2.36017316017316,8,1984,0.0,8165.346041055718,64,98,0.765625,0.24678743359375233,True
0.7,78,29996,1024,24,3,34,37,0.2890625,0.0234375,8168,0.9970703125,3897,0.47710577864838394,9655.5634765625,77.4619140625,8.283027375820007,0.09645676682249321,0.4757080078125,0.2398198289062492,0.2568324671874933,3,11,3.6666666666666665,11,2.09958932238193,8,2155,0.0,9665.001955034213,6,40,0.3125,0.24678743359375233,True
0.7,79,10378,1024,18,3,34,37,0.2890625,0.017578125,8174,0.997802734375,2944,0.36016638120871053,4305.2099609375,42.4599609375,11.790860244387396,0.037113913127807305,0.359375,0.2398198289062492,0.2568324671874933,3,11,3.6666666666666665,14,2.7784573564390076,15,1771,0.0,4309.418377321603,6,40,0.3125,0.24678743359375233,True
0.7,80,27337,1024,21,3,34,37,0.2890625,0.0205078125,8171,0.9974365234375,3753,0.4593073063272549,6676.9990234375,67.3251953125,9.88499048153334,0.18239824327773532,0.4581298828125,0.2398198289062492,0.2568324671874933,3,11,3.6666666666666665,4,2.181503198294243,13,2073,,6676.9990234375,6,40,0.3125,0.24678743359375233,True
0.7,81,19965,1024,296,37,34,71,0.5546875,0.2890625,7896,0.9638671875,3990,0.5053191489361702,17164.37890625,118.193359375,5.784522677853458,4.67866949313303e-05,0.487060546875,0.2398198289062492,0.2568324671874933,37,48,1.2972972972972974,33,2.0448734018551016,8,2201,0.0,17231.69019607843,40,74,0.578125,0.24678743359375233,True
0.7,82,24405,1024,1959,245,34,279,2.1796875,1.9130859375,6233,0.7608642578125,2873,0.46093373977218033,2068.234375,38.408203125,14.974806088436761,0.09802902611644498,0.3507080078125,0.2398198289062492,0.2568324671874933,245,256,1.0448979591836736,26,2.842966573816156,15,1643,0.0,2074.3114593535747,257,291,2.2734375,0.24678743359375233,True
0.7,83,45135,1024,191,24,34,58,0.453125,0.1865234375,8001,0.9766845703125,4107,0.5133108361454818,18194.9560546875,120.8408203125,5.531293498728214,0.0005914491176201031,0.5013427734375,0.2398198289062492,0.2568324671874933,24,33,1.375,63,1.9795421334632246,8,2143,0.0,18320.191740412978,28,62,0.484375,0.24678743359375233,True
0.7,84,11274,1024,166,21,34,55,0.4296875,0.162109375,8026,0.979736328125,3386,0.4218788935958136,7305.6298828125,66.8173828125,9.494226946240703,0.002207762604612273,0.413330078125,0.2398198289062492,0.2568324671874933,21,29,1.380952380952381,4,2.4186115214180206,8,1983,,7305.6298828125,24,58,0.453125,0.24678743359375233,True
0.7,85,1941,1024,825,104,34,138,1.078125,0.8056640625,7367,0.8992919921875,3513,0.4768562508483779,540.9169921875,18.2900390625,20.799497364283322,0.20017427665430124,0.4288330078125,0.2398198289062492,0.2568324671874933,104,115,1.1057692307692308,19,2.3263097949886107,11,1468,0.0,541.9755381604697,109,143,1.1171875,0.24678743359375233,True
0.7,86,48940,1024,257,33,34,67,0.5234375,0.2509765625,7935,0.9686279296875,3466,0.4367989918084436,5127.3583984375,61.7470703125,11.031866855137842,0.0015891527320433677,0.423095703125,0.2398198289062492,0.2568324671874933,33,42,1.2727272727272727,10,2.36017316017316,7,2044,0.0,5132.370478983382,36,70,0.546875,0.24678743359375233,True
0.7,87,36794,1024,428,54,34,88,0.6875,0.41796875,7764,0.94775390625,3886,0.5005151983513653,22225.4697265625,132.2099609375,4.662294124855755,0.003928383442927773,0.474365234375,0.2398198289062492,0.2568324671874933,54,65,1.2037037037037037,61,2.0924066924066924,8,2059,0.0,22378.447394296953,55,89,0.6953125,0.24678743359375233,True
0.7,88,21994,1024,28,4,34,38,0.296875,0.02734375,8164,0.99658203125,3837,0.4699902008819206,6065.900390625,64.982421875,10.301850864720812,0.074269630965807,0.4683837890625,0.2398198289062492,0.2568324671874933,4,12,3.0,12,2.1316475495307614,13,2084,0.0,6071.829912023461,7,41,0.3203125,0.24678743359375233,True
0.7,89,49944,1024,108,14,34,48,0.375,0.10546875,8084,0.98681640625,3527,0.4362939139040079,3725.435546875,45.943359375,12.419033067240704,0.10620944177842614,0.4305419921875,0.2398198289062492,0.2568324671874933,14,23,1.6428571428571428,44,2.3105501985252412,17,1832,0.0,3743.7154072620215,16,50,0.390625,0.24678743359375233,True
0.7,90,43442,1024,27,4,34,38,0.296875,0.0263671875,8165,0.9967041015625,2857,0.34990814451928964,367.93359375,8.478515625,22.473109184725303,0.6386231278308729,0.3487548828125,0.2398198289062492,0.2568324671874933,4,12,3.0,15,2.8627450980392157,9,1425,0.0,368.2932551319648,7,41,0.3203125,0.24678743359375233,True
0.7,91,45096,1024,44,6,34,40,0.3125,0.04296875,8148,0.99462890625,3532,0.4334806087383407,1033.5673828125,25.6455078125,17.98741565410458,0.2597542837508543,0.43115234375,0.2398198289062492,0.2568324671874933,6,14,2.3333333333333335,20,2.3140753327669215,10,1834,0.0,1035.5900195694717,9,43,0.3359375,0.24678743359375233,True
0.7,92,42430,1024,66,9,34,43,0.3359375,0.064453125,8126,0.991943359375,3814,0.4693576175239971,368.0361328125,13.6943359375,22.471899022195394,0.4185504317083369,0.465576171875,0.2398198289062492,0.2568324671874933,9,17,1.8888888888888888,39,2.1379491214266984,20,1444,0.0,369.4794117647059,11,45,0.3515625,0.24678743359375233,True
0.7,93,42255,1024,1170,147,34,181,1.4140625,1.142578125,7022,0.857177734375,3734,0.5317573340928511,2160.8544921875,40.6572265625,14.784548375606297,0.18172746827352995,0.455810546875,0.2398198289062492,0.2568324671874933,147,158,1.0748299319727892,31,2.1856415751406377,14,1776,0.0,2167.203721841332,154,188,1.46875,0.24678743359375233,True
0.7,94,5771,1024,5,1,34,35,0.2734375,0.0048828125,8187,0.9993896484375,4642,0.5669964577989496,30773.9658203125,161.4580078125,3.2489689377563016,0.028660498355079878,0.566650390625,0.2398198289062492,0.2568324671874933,1,9,9.0,23,1.7588881706528765,62,1885,0.0,30834.188845401175,4,38,0.296875,0.24678743359375233,True
0.7,95,8320,1024,892,112,34,146,1.140625,0.87109375,7300,0.89111328125,3146,0.43095890410958904,2322.873046875,38.025390625,14.470548861293544,0.0890252110299218,0.384033203125,0.2398198289062492,0.2568324671874933,112,123,1.0982142857142858,13,2.5993640699523053,24,1736,0.0,2325.1436950146626,120,154,1.203125,0.24678743359375233,True
0.7,96,48807,1024,25,4,34,38,0.296875,0.0244140625,8167,0.9969482421875,3981,0.4874494918574752,4564.8203125,53.859375,11.536566740305847,0.10131894004998358,0.4859619140625,0.2565470218749937,0.24781353437501252,4,12,3.0,6,2.0552763819095476,11,1846,,4564.8203125,7,41,0.3203125,0.2411662406249917,True
0.7,97,2675,1024,36,5,34,39,0.3046875,0.03515625,8156,0.99560546875,3713,0.45524767042667974,1520.5537109375,27.4599609375,16.3107859541322,0.3603971284331348,0.4532470703125,0.2565470218749937,0.24781353437501252,5,13,2.6,7,2.2047413793103448,9,1969,,1520.5537109375,8,42,0.328125,0.2411662406249917,True
0.7,98,37658,1024,176,22,34,56,0.4375,0.171875,8016,0.978515625,3676,0.45858283433133734,17421.0283203125,102.2568359375,5.720065741080672,0.002420105608153134,0.44873046875,0.2565470218749937,0.24781353437501252,22,31,1.4090909090909092,4,2.2277551020408164,30,1830,,17421.0283203125,26,60,0.46875,0.2411662406249917,True
0.7,99,45710,1024,26,4,34,38,0.296875,0.025390625,8166,0.996826171875,4441,0.5438403134949792,8149.404296875,80.83203125,9.019544969175522,0.08021904948655573,0.5421142578125,0.2565470218749937,0.24781353437501252,4,12,3.0,4,1.8436936936936936,14,1854,,8149.404296875,7,41,0.3203125,0.2411662406249917,True
0.7,100,15813,1024,13,2,34,36,0.28125,0.0126953125,8179,0.9984130859375,3529,0.43147083995598484,894.7001953125,20.5986328125,18.61402828718382,0.2591420253471181,0.4307861328125,0.2565470218749937,0.24781353437501252,2,10,5.0,12,2.318310657596372,14,1693,0.0,895.5747800586511,5,39,0.3046875,0.2411662406249917,True
0.7,101,7135,1024,749,94,34,128,1.0,0.7314453125,7443,0.9085693359375,3527,0.47386806395270725,12085.5029296875,99.0849609375,7.308156328893785,0.02084751402630204,0.4305419921875,0.2565470218749937,0.24781353437501252,94,105,1.1170212765957446,39,2.311684628474192,8,1936,0.0,12132.89705882353,95,129,1.0078125,0.2411662406249917,True
0.7,102,31775,1024,200,25,34,59,0.4609375,0.1953125,7992,0.9755859375,3863,0.48335835835835833,11358.884765625,103.806640625,7.577446671611301,0.09010114871286164,0.4715576171875,0.2565470218749937,0.24781353437501252,25,34,1.36,12,2.1178146038322114,8,2161,0.0,11369.988269794721,29,63,0.4921875,0.2411662406249917,True
0.7,103,31772,1024,16,2,34,36,0.28125,0.015625,8176,0.998046875,4007,0.49009295499021527,10228.0517578125,86.2080078125,8.032874438136233,0.06396709729077785,0.4891357421875,0.2565470218749937,0.24781353437501252,2,10,5.0,11,2.041437843235147,8,2123,0.0,10238.049853372435,6,40,0.3125,0.2411662406249917,True
0.7,104,25160,1024,32,4,34,38,0.296875,0.03125,8160,0.99609375,4238,0.5193627450980393,1674.46484375,33.306640625,15.892043271321619,0.23337651152983327,0.517333984375,0.2565470218749937,0.24781353437501252,4,12,3.0,20,1.928015105027142,24,1647,0.0,1677.7416829745596,7,41,0.3203125,0.2411662406249917,True
0.7,105,36108,1024,213,27,34,61,0.4765625,0.2080078125,7979,0.9739990234375,3428,0.42962777290387266,2473.755859375,42.125,14.197235249758563,0.14931041744664128,0.41845703125,0.2565470218749937,0.24781353437501252,27,36,1.3333333333333333,63,2.371753720455209,9,2061,0.0,2490.782694198623,30,64,0.5,0.2411662406249917,True
0.7,106,1260,1024,15,2,34,36,0.28125,0.0146484375,8177,0.9981689453125,3552,0.4343891402714932,5029.591796875,51.408203125,11.115476218474802,0.06507540205684742,0.43359375,0.2565470218749937,0.24781353437501252,2,10,5.0,4,2.304984511405238,8,1940,,5029.591796875,5,39,0.3046875,0.2411662406249917,True
0.7,107,37885,1024,226,29,34,63,0.4921875,0.220703125,7966,0.972412109375,3761,0.47213155912628674,12558.4609375,97.91015625,7.141439417936912,0.00020702763578771,0.4591064453125,0.2565470218749937,0.24781353437501252,29,38,1.3103448275862069,13,2.175,8,2105,0.0,12570.737047898338,32,66,0.515625,0.2411662406249917,True
0.7,108,41535,1024,5,1,34,35,0.2734375,0.0048828125,8187,0.9993896484375,3583,0.43764504702577256,19386.240234375,122.7890625,5.255867706541303,0.0897188649870212,0.4373779296875,0.2565470218749937,0.24781353437501252,1,9,9.0,127,2.2445561139028474,11,1936,0.0,19674.44003964321,4,38,0.296875,0.2411662406249917,True
0.7,109,44889,1024,53,7,34,41,0.3203125,0.0517578125,8139,0.9935302734375,3846,0.47253962403243643,4923.8994140625,53.4365234375,11.207711883315806,0.057886817083151534,0.469482421875,0.2565470218749937,0.24781353437501252,7,15,2.142857142857143,6,2.128738621586476,13,1883,,4923.8994140625,8,42,0.328125,0.2411662406249917,True
0.7,110,28184,1024,731,92,34,126,0.984375,0.7138671875,7461,0.9107666015625,3601,0.48264307733547784,7848.8935546875,81.8115234375,9.182719215699725,0.03644317150161299,0.4395751953125,0.2565470218749937,0.24781353437501252,92,103,1.1195652173913044,9,2.272222222222222,8,2118,0.0,7856.5659824046925,99,133,1.0390625,0.2411662406249917,True
0.7,111,25319,1024,28,4,34,38,0.296875,0.02734375,8164,0.99658203125,4210,0.5156785889269966,5499.0849609375,63.6806640625,10.7278993127854,0.0747859715570005,0.513916015625,0.2565470218749937,0.24781353437501252,4,12,3.0,13,1.9427417438821573,16,1884,0.0,5504.460410557184,7,41,0.3203125,0.2411662406249917,True
0.7,112,11010,1024,757,95,34,129,1.0078125,0.7392578125,7435,0.9075927734375,3966,0.533422999327505,8477.130859375,83.701171875,8.84831473562221,0.14608385042561425,0.484130859375,0.2565470218749937,0.24781353437501252,95,106,1.1157894736842104,12,2.062547288776797,39,1877,0.0,8485.417399804497,102,136,1.0625,0.2411662406249917,True
0.7,113,33880,1024,27,4,34,38,0.296875,0.0263671875,8165,0.9967041015625,3285,0.40232700551132883,1009.1083984375,21.8935546875,18.09142540206158,0.13284207955499056,0.4010009765625,0.2565470218749937,0.24781353437501252,4,12,3.0,8,2.4917783191230205,11,1759,0.0,1010.0948191593353,7,41,0.3203125,0.2411662406249917,True
0.7,114,19307,1024,330,42,34,76,0.59375,0.322265625,7862,0.959716796875,3508,0.44619689646400407,2256.0888671875,37.5791015625,14.597241583894844,0.12326960729696687,0.42822265625,0.2565470218749937,0.24781353437501252,42,53,1.2619047619047619,4,2.333903621328771,16,1882,,2256.0888671875,43,77,0.6015625,0.2411662406249917,True
0.7,115,12236,1024,5,1,34,35,0.2734375,0.0048828125,8187,0.9993896484375,2107,0.2573592280444607,6252.1591796875,45.1962890625,10.170503342623045,0.0683359819917323,0.2572021484375,0.2565470218749937,0.24781353437501252,1,9,9.0,15,3.848053181386515,8,1283,0.0,6258.270772238514,4,38,0.296875,0.2411662406249917,True
0.7,116,13805,1024,309,39,34,73,0.5703125,0.3017578125,7883,0.9622802734375,4264,0.5409108207535203,25885.25,153.546875,4.000279971093876,0.00751554407302771,0.5205078125,0.2565470218749937,0.24781353437501252,39,50,1.2820512820512822,9,1.919305653295801,8,2300,0.0,25910.55327468231,40,74,0.578125,0.2411662406249917,True
0.7,117,5814,1024,21,3,34,37,0.2890625,0.0205078125,8171,0.9974365234375,3606,0.44131685228246237,6200.4365234375,62.3701171875,10.206580950718225,0.0675136148874397,0.440185546875,0.2565470218749937,0.24781353437501252,3,11,3.6666666666666665,15,2.267961165048544,9,2010,0.0,6206.497556207233,6,40,0.3125,0.2411662406249917,True
0.7,118,48485,1024,38,5,34,39,0.3046875,0.037109375,8154,0.995361328125,3816,0.46799116997792495,6274.130859375,64.09765625,10.155267883436407,0.05582262440690288,0.4658203125,0.2565470218749937,0.24781353437501252,5,13,2.6,19,2.1420707732634336,18,2109,0.0,6286.409001956948,9,43,0.3359375,0.2411662406249917,True
0.7,119,12248,1024,5,1,34,35,0.2734375,0.0048828125,8187,0.9993896484375,3404,0.4157811164040552,15032.712890625,96.7734375,6.360429979050716,0.04075705209861439,0.41552734375,0.2565470218749937,0.24781353437501252,1,9,9.0,13,2.4025859535703793,9,1894,0.0,15047.407624633432,4,38,0.296875,0.2411662406249917,True
0.7,120,458,1024,35,5,34,39,0.3046875,0.0341796875,8157,0.9957275390625,4115,0.5044746843202158,2456.8232421875,39.6572265625,14.227064488745974,0.08891406777809381,0.5023193359375,0.2565470218749937,0.24781353437501252,5,13,2.6,16,1.9868740884783667,23,1822,0.0,2461.6311154598825,8,42,0.328125,0.2411662406249917,True
0.7,121,319,1024,6,1,34,35,0.2734375,0.005859375,8186,0.999267578125,3954,0.4830197898851698,19195.1513671875,112.6533203125,5.298888196853865,0.037766399693190914,0.482666015625,0.2565470218749937,0.24781353437501252,1,9,9.0,3,2.070832279281558,8,2071,,19195.1513671875,4,38,0.296875,0.2411662406249917,True
0.7,122,21496,1024,24,3,34,37,0.2890625,0.0234375,8168,0.9970703125,3759,0.4602105778648384,8024.9951171875,72.6630859375,9.086355840376262,0.08279622477236638,0.4588623046875,0.2565470218749937,0.24781353437501252,3,11,3.6666666666666665,14,2.17589143161256,14,1940,0.0,8032.839687194526,6,40,0.3125,0.2411662406249917,True
0.7,123,20390,1024,33,5,34,39,0.3046875,0.0322265625,8159,0.9959716796875,4292,0.5260448584385341,3961.2587890625,52.6708984375,12.15247145075458,0.14201167208532448,0.52392578125,0.2565470218749937,0.24781353437501252,5,13,2.6,7,1.9070146818923328,7,2141,,3961.2587890625,8,42,0.328125,0.2411662406249917,True
0.7,124,33691,1024,89,12,34,46,0.359375,0.0869140625,8103,0.9891357421875,4728,0.5834875971862273,2825.447265625,37.4140625,13.619931548654893,0.10050920105597837,0.5771484375,0.2565470218749937,0.24781353437501252,12,20,1.6666666666666667,37,1.7247725830336365,24,1652,0.0,2836.527450980392,15,49,0.3828125,0.2411662406249917,True
0.7,125,33872,1024,70,9,34,43,0.3359375,0.068359375,8122,0.991455078125,3984,0.49051957645900024,8571.8271484375,80.6923828125,8.800069559918965,0.06496822757757402,0.486328125,0.2565470218749937,0.24781353437501252,9,17,1.8888888888888888,12,2.0534772784333417,13,2185,0.0,8580.206256109483,13,47,0.3671875,0.2411662406249917,True
0.7,126,46987,1024,28,4,34,38,0.296875,0.02734375,8164,0.99658203125,4388,0.5374816266536012,2484.8828125,45.51953125,14.177744487179403,0.31075394233833165,0.53564453125,0.2565470218749937,0.24781353437501252,4,12,3.0,12,1.863916115796672,18,2010,0.0,2487.3118279569894,7,41,0.3203125,0.2411662406249917,True
0.7,127,26772,1024,229,29,34,63,0.4921875,0.2236328125,7963,0.9720458984375,3587,0.45045836996106997,10798.1474609375,85.4501953125,7.797311069089997,0.0018208876280815765,0.4378662109375,0.2565470218749937,0.24781353437501252,29,38,1.3103448275862069,28,2.275515895147797,8,1969,0.0,10829.875612144955,30,64,0.5,0.2411662406249917,True
0.7,128,7057,1024,177,23,34,57,0.4453125,0.1728515625,8015,0.9783935546875,3678,0.45888958203368685,15115.7412109375,100.9248046875,6.336509128983971,0.0004374690439075826,0.448974609375,0.2565470218749937,0.24781353437501252,23,32,1.391304347826087,5,2.2257274952406854,8,1977,,15115.7412109375,24,58,0.453125,0.2411662406249917,True
0.7,129,30014,1024,6,1,34,35,0.2734375,0.005859375,8186,0.999267578125,4263,0.5207671634497923,25133.9228515625,146.7705078125,4.12820083185517,0.058034206338507026,0.5203857421875,0.2565470218749937,0.24781353437501252,1,9,9.0,3,1.9209291412482403,10,2191,,25133.9228515625,4,38,0.296875,0.2411662406249917,True
0.7,130,48237,1024,46,6,34,40,0.3125,0.044921875,8146,0.994384765625,3769,0.46268107046403145,2128.8466796875,38.9580078125,14.849359763499281,0.1621947160523022,0.4600830078125,0.2565470218749937,0.24781353437501252,6,14,2.3333333333333335,7,2.171974522292994,8,2104,,2128.8466796875,9,43,0.3359375,0.2411662406249917,True
0.7,131,4823,1024,48,6,34,40,0.3125,0.046875,8144,0.994140625,4018,0.49336935166994106,11020.7607421875,91.5517578125,7.708687867939811,0.11209297325201667,0.490478515625,0.2565470218749937,0.24781353437501252,6,14,2.3333333333333335,15,2.035349763505103,15,2144,0.0,11031.533724340175,10,44,0.34375,0.2411662406249917,True
0.7,132,26627,1024,21,3,34,37,0.2890625,0.0205078125,8171,0.9974365234375,3903,0.4776649124954106,2290.21484375,39.21875,14.532041356989858,0.10584599550423357,0.4764404296875,0.2565470218749937,0.24781353437501252,3,11,3.6666666666666665,11,2.096104561763198,14,1912,0.0,2292.453567937439,6,40,0.3125,0.2411662406249917,True
0.7,133,12293,1024,23,3,34,37,0.2890625,0.0224609375,8169,0.9971923828125,3941,0.4824335904027421,3447.9453125,46.51171875,12.755199919599656,0.06746529202424623,0.4810791015625,0.2565470218749937,0.24781353437501252,3,11,3.6666666666666665,11,2.0761421319796955,15,1836,0.0,3451.3157380254156,6,40,0.3125,0.2411662406249917,True
0.7,134,32803,1024,1479,185,34,219,1.7109375,1.4443359375,6713,0.8194580078125,2492,0.37122002085505734,630.5537109375,19.4052734375,20.133582749226967,0.17756100364423885,0.30419921875,0.2565470218749937,0.24781353437501252,185,196,1.0594594594594595,58,3.2641509433962264,7,1500,0.0,634.8938053097345,194,228,1.78125,0.2411662406249917,True
0.7,135,41882,1024,18,3,34,37,0.2890625,0.017578125,8174,0.997802734375,4058,0.4964521654024957,11332.8955078125,86.7919921875,7.587394763877272,0.17178509417779284,0.495361328125,0.2565470218749937,0.24781353437501252,3,11,3.6666666666666665,4,2.0177471037712595,22,1931,,11332.8955078125,5,39,0.3046875,0.2411662406249917,True
0.7,136,10235,1024,418,53,34,87,0.6796875,0.408203125,7774,0.948974609375,3695,0.4753022896835606,17830.4619140625,125.1943359375,5.6191776675985885,-0.0020095217220344143,0.4510498046875,0.2565470218749937,0.24781353437501252,53,64,1.2075471698113207,11,2.2138603140227398,8,2118,0.0,17847.891495601172,56,90,0.703125,0.2411662406249917,True
0.7,137,30033,1024,96,12,34,46,0.359375,0.09375,8096,0.98828125,3576,0.441699604743083,4150.9521484375,48.1123046875,11.949326339430954,0.06111136000669976,0.4365234375,0.2565470218749937,0.24781353437501252,12,20,1.6666666666666667,20,2.2853146853146855,11,1979,0.0,4159.075342465753,16,50,0.390625,0.2411662406249917,True
0.7,138,20042,1024,17,3,34,37,0.2890625,0.0166015625,8175,0.9979248046875,4283,0.523914373088685,3006.0791015625,46.0986328125,13.350799564998837,0.04495074837178998,0.5228271484375,0.2565470218749937,0.24781353437501252,3,11,3.6666666666666665,19,1.907986921999066,15,1869,0.0,3011.961839530333,5,39,0.3046875,0.2411662406249917,True
0.7,139,29399,1024,33,5,34,39,0.3046875,0.0322265625,8159,0.9959716796875,3907,0.47885770314989584,3448.17578125,47.80859375,12.754909636685381,0.1339916573936523,0.4769287109375,0.2565470218749937,0.24781353437501252,5,13,2.6,4,2.096006144393241,11,2077,,3448.17578125,8,42,0.328125,0.2411662406249917,True
0.7,140,6463,1024,20,3,34,37,0.2890625,0.01953125,8172,0.99755859375,4496,0.5501713166911405,4574.0478515625,57.2255859375,11.527796571864155,0.06179130905030648,0.548828125,0.2565470218749937,0.24781353437501252,3,11,3.6666666666666665,7,1.8200222469410456,14,1875,,4574.0478515625,6,40,0.3125,0.2411662406249917,True
0.7,141,25920,1024,702,88,34,122,0.953125,0.685546875,7490,0.914306640625,3154,0.4210947930574099,7526.5947265625,68.8740234375,9.36481829018054,0.06959164710487381,0.385009765625,0.2565470218749937,0.24781353437501252,88,75,0.8522727272727273,12,2.5930859498889944,8,1912,0.0,7533.952101661779,108,142,1.109375,0.2411662406249917,True
0.7,142,10327,1024,5,1,34,35,0.2734375,0.0048828125,8187,0.9993896484375,4214,0.5147184560889214,22041.005859375,140.28125,4.698489508511291,0.03909978369539226,0.514404296875,0.2565470218749937,0.24781353437501252,1,9,9.0,12,1.9406598623308806,9,2191,0.0,22062.551319648093,4,38,0.296875,0.2411662406249917,True
0.7,143,3805,1024,170,22,34,56,0.4375,0.166015625,8022,0.979248046875,3516,0.43829468960359014,1605.6298828125,30.0107421875,16.0743491854107,0.09969578080817894,0.42919921875,0.2565470218749937,0.24781353437501252,22,31,1.4090909090909092,21,2.324039829302987,11,1798,0.0,1608.7720156555772,24,58,0.453125,0.2411662406249917,True
0.7,144,37879,1024,791,99,34,133,1.0390625,0.7724609375,7401,0.9034423828125,4093,0.5530333738683961,8088.6337890625,84.0009765625,9.052051875841086,0.2947831874293017,0.4996337890625,0.2565470218749937,0.24781353437501252,99,110,1.1111111111111112,27,1.9948680351906158,10,2299,0.0,8112.400587659157,106,140,1.09375,0.2411662406249917,True
0.7,145,22721,1024,253,32,34,66,0.515625,0.2470703125,7939,0.9691162109375,3852,0.48519964731074444,11711.546875,97.765625,7.444660998767839,-0.0003057657043173799,0.47021484375,0.2565470218749937,0.24781353437501252,32,41,1.28125,11,2.1241236042586342,7,2247,0.0,11722.995112414466,30,64,0.5,0.2411662406249917,True
0.7,146,43932,1024,529,67,34,101,0.7890625,0.5166015625,7663,0.9354248046875,3589,0.46835443037974683,14371.8330078125,102.2373046875,6.5556819855064035,-0.0036028879094420225,0.4381103515625,0.2565470218749937,0.24781353437501252,67,78,1.164179104477612,7,2.280657748049052,8,2092,,14371.8330078125,73,107,0.8359375,0.2411662406249917,True
0.7,147,47270,1024,78,10,34,44,0.34375,0.076171875,8114,0.990478515625,4182,0.5154054720236628,8183.650390625,76.36328125,9.001332930310518,0.05980046263087195,0.510498046875,0.2565470218749937,0.24781353437501252,10,18,1.8,20,1.9543171490074145,15,1965,0.0,8199.665362035224,14,48,0.375,0.2411662406249917,True
0.7,148,11091,1024,306,39,34,73,0.5703125,0.298828125,7886,0.962646484375,3892,0.4935328430129343,14098.587890625,110.501953125,6.63904744809757,4.584828091707086e-05,0.47509765625,0.2565470218749937,0.24781353437501252,39,48,1.2307692307692308,7,2.103058339758417,8,2108,,14098.587890625,43,77,0.6015625,0.2411662406249917,True
0.7,149,9736,1024,58,8,34,42,0.328125,0.056640625,8134,0.992919921875,4466,0.5490533562822719,1177.2578125,29.02734375,17.422087796852956,0.14310193893711395,0.545166015625,0.2565470218749937,0.24781353437501252,8,16,2.0,22,1.8295632698768196,16,1712,0.0,1179.5616438356165,11,45,0.3515625,0.2411662406249917,True
0.7,150,23206,1024,22,3,34,37,0.2890625,0.021484375,8170,0.997314453125,3583,0.43855569155446755,5681.91796875,55.935546875,10.585854014521983,0.16028821090154352,0.4373779296875,0.2565470218749937,0.24781353437501252,3,11,3.6666666666666665,29,2.2786152987158013,9,1997,0.0,5698.613124387855,6,40,0.3125,0.2411662406249917,True
0.7,151,25039,1024,652,82,34,116,0.90625,0.63671875,7540,0.92041015625,3522,0.4671087533156499,1916.7177734375,35.7197265625,15.30522190849602,0.09728251771593664,0.429931640625,0.2565470218749937,0.24781353437501252,82,93,1.1341463414634145,9,2.323771655779608,13,1777,0.0,1918.5913978494623,87,121,0.9453125,0.2411662406249917,True
0.7,152,21014,1024,5,1,34,35,0.2734375,0.0048828125,8187,0.9993896484375,2912,0.3556858434102846,17491.58984375,96.634765625,5.702510757466874,0.045170081610979684,0.35546875,0.2565470218749937,0.24781353437501252,1,9,9.0,87,2.750944692545517,8,1577,0.0,17664.090729783038,4,38,0.296875,0.2411662406249917,True
0.7,153,32412,1024,13,2,34,36,0.28125,0.0126953125,8179,0.9984130859375,3708,0.4533561560092921,2069.2109375,36.68359375,14.972755955174197,0.11710589307178966,0.45263671875,0.2565470218749937,0.24781353437501252,2,10,5.0,5,2.208254653358511,15,1866,,2069.2109375,5,39,0.3046875,0.2411662406249917,True
0.7,154,34022,1024,94,12,34,46,0.359375,0.091796875,8098,0.988525390625,4340,0.5359347987157322,813.2158203125,23.3154296875,19.02874542048504,0.24971547694190557,0.52978515625,0.2565470218749937,0.24781353437501252,12,20,1.6666666666666667,29,1.8810785895367597,15,1789,0.0,815.6052889324192,15,49,0.3828125,0.2411662406249917,True
0.7,155,21369,1024,208,26,34,60,0.46875,0.203125,7984,0.974609375,3248,0.40681362725450904,4395.8603515625,47.0849609375,11.700364736381019,0.13186131810486923,0.396484375,0.2565470218749937,0.24781353437501252,26,31,1.1923076923076923,4,2.5198644902987373,22,1986,,4395.8603515625,28,62,0.484375,0.2411662406249917,True
0.7,156,41654,1024,188,24,34,58,0.453125,0.18359375,8004,0.97705078125,3794,0.4740129935032484,10225.73046875,89.33203125,8.03386019521911,0.0001516294450874299,0.463134765625,0.2565470218749937,0.24781353437501252,24,33,1.375,36,2.1500131821776955,8,2088,0.0,10265.831372549019,27,61,0.4765625,0.2411662406249917,True
0.7,157,11953,1024,5,1,34,35,0.2734375,0.0048828125,8187,0.9993896484375,3910,0.4775864174911445,24389.4921875,139.6796875,4.258776028855657,0.06422202619835923,0.477294921875,0.2565470218749937,0.24781353437501252,1,9,9.0,14,2.091327705295472,8,2023,0.0,24413.333333333332,4,38,0.296875,0.2411662406249917,True
0.7,158,13700,1024,18,3,34,37,0.2890625,0.017578125,8174,0.997802734375,4390,0.5370687545877172,7664.39453125,76.3828125,9.286025085428907,0.11790913927627558,0.535888671875,0.2565470218749937,0.24781353437501252,3,11,3.6666666666666665,6,1.8646616541353382,15,1841,,7664.39453125,6,40,0.3125,0.2411662406249917,True
0.7,159,38205,1024,14,2,34,36,0.28125,0.013671875,8178,0.998291015625,3488,0.42651014918072877,5795.77734375,53.27734375,10.499686680298055,0.14074711053069375,0.42578125,0.2565470218749937,0.24781353437501252,2,10,5.0,4,2.3478634929739033,11,1808,,5795.77734375,5,39,0.3046875,0.2411662406249917,True
0.7,160,40129,1024,443,56,34,90,0.703125,0.4326171875,7749,0.9459228515625,3249,0.41927990708478513,2331.0869140625,43.8349609375,14.455218944712918,0.0029657528684839344,0.3966064453125,0.2565470218749937,0.24781353437501252,56,67,1.1964285714285714,11,2.517857142857143,6,1963,0.0,2333.3655913978496,58,92,0.71875,0.2411662406249917,True
0.7,161,17080,1024,52,7,34,41,0.3203125,0.05078125,8140,0.99365234375,3596,0.44176904176904175,2228.0009765625,33.4619140625,14.65164984009122,0.0980623874211488,0.43896484375,0.2565470218749937,0.24781353437501252,7,15,2.142857142857143,63,2.2609179415855354,15,1689,0.0,2243.336283185841,9,43,0.3359375,0.2411662406249917,True
0.7,162,1505,1024,4,1,34,35,0.2734375,0.00390625,8188,0.99951171875,4159,0.5079384465070835,22655.9453125,136.30859375,4.578981731680934,0.028399187911350147,0.5076904296875,0.2565470218749937,0.24781353437501252,1,9,9.0,3,1.9692159692159692,9,2091,,22655.9453125,4,38,0.296875,0.2411662406249917,True
0.7,163,36391,1024,31,4,34,38,0.296875,0.0302734375,8161,0.9962158203125,4021,0.4927092268104399,6384.1982421875,65.3505859375,10.079739965992696,0.07114310203936323,0.4908447265625,0.2565470218749937,0.24781353437501252,4,12,3.0,11,2.0348258706467663,13,2148,0.0,6390.43890518084,8,42,0.328125,0.2411662406249917,True
0.7,164,24660,1024,15,2,34,36,0.28125,0.0146484375,8177,0.9981689453125,3903,0.47731441849088907,3795.4189453125,47.5517578125,12.338206397680786,0.11647724380013341,0.4764404296875,0.2565470218749937,0.24781353437501252,2,10,5.0,11,2.096360840594567,9,1925,0.0,3799.1290322580644,5,39,0.3046875,0.2411662406249917,True
0.7,165,24061,1024,6,1,34,35,0.2734375,0.005859375,8186,0.999267578125,3297,0.4027608111409724,5081.3408203125,54.9365234375,11.071020355862341,0.14899297040337897,0.4024658203125,0.2565470218749937,0.24781353437501252,1,9,9.0,4,2.4839199029126213,7,1886,,5081.3408203125,4,38,0.296875,0.2411662406249917,True
0.7,166,10964,1024,18,3,34,37,0.2890625,0.017578125,8174,0.997802734375,4353,0.5325422069977979,6386.455078125,68.123046875,10.078204991422739,0.11085511006858921,0.5313720703125,0.2565470218749937,0.24781353437501252,3,11,3.6666666666666665,20,1.8775275735294117,14,2158,0.0,6398.9530332681015,5,39,0.3046875,0.2411662406249917,True
0.7,167,20807,1024,925,116,34,150,1.171875,0.9033203125,7267,0.8870849609375,3591,0.4941516444199807,4406.990234375,58.306640625,11.689382727273468,0.05073007664325556,0.4383544921875,0.2565470218749937,0.24781353437501252,116,127,1.0948275862068966,9,2.2788300835654596,8,2005,0.0,4411.298142717497,122,156,1.21875,0.2411662406249917,True
0.7,168,33388,1024,39,5,34,39,0.3046875,0.0380859375,8153,0.9952392578125,4185,0.5133079847908745,3318.1396484375,48.6865234375,12.921857009187017,0.04293922254584192,0.5108642578125,0.2565470218749937,0.24781353437501252,5,13,2.6,13,1.9536328871892925,15,1956,0.0,3321.3831867057675,8,42,0.328125,0.2411662406249917,True
0.7,169,34571,1024,5,1,34,35,0.2734375,0.0048828125,8187,0.9993896484375,3927,0.4796628801758886,23184.30859375,121.34765625,4.47886212044174,0.027037953415993205,0.4793701171875,0.2565470218749937,0.24781353437501252,1,9,9.0,5,2.0850738665308204,10,1836,,23184.30859375,4,38,0.296875,0.2411662406249917,True
0.7,170,21194,1024,26,4,34,38,0.296875,0.025390625,8166,0.996826171875,3607,0.4417095273083517,5788.076171875,55.1015625,10.505461230084517,0.14482791476510848,0.4403076171875,0.2565470218749937,0.24781353437501252,4,12,3.0,18,2.265391014975042,12,1840,0.0,5799.4031311154595,7,41,0.3203125,0.2411662406249917,True
0.7,171,32696,1024,1690,212,34,246,1.921875,1.650390625,6502,0.793701171875,3547,0.5455244540141495,6187.951171875,68.009765625,10.215334827747942,0.18548492905513164,0.4329833984375,0.2565470218749937,0.24781353437501252,212,223,1.0518867924528301,17,2.305132543711224,17,1660,0.0,6200.060665362035,217,251,1.9609375,0.2411662406249917,True
0.7,172,46005,1024,222,28,34,62,0.484375,0.216796875,7970,0.972900390625,2579,0.3235884567126725,702.5302734375,21.0615234375,19.664153172679136,0.5436299357641339,0.3148193359375,0.2565470218749937,0.24781353437501252,28,39,1.3928571428571428,255,3.0775795190069823,10,1636,0.0,724.4622356495469,30,64,0.5,0.2411662406249917,True
0.7,173,19269,1024,50,7,34,41,0.3203125,0.048828125,8142,0.993896484375,3403,0.4179562760992385,2090.8544921875,32.4404296875,14.92756550641764,0.434049798433702,0.4154052734375,0.2565470218749937,0.24781353437501252,7,15,2.142857142857143,47,2.393885949441505,14,1870,0.0,2101.1138370951912,10,44,0.34375,0.2411662406249917,True
0.7,174,5503,1024,120,15,34,49,0.3828125,0.1171875,8072,0.9853515625,3692,0.45738354806739345,4075.478515625,45.498046875,12.029017528238814,0.08024142692079987,0.45068359375,0.2565470218749937,0.24781353437501252,15,23,1.5333333333333334,9,2.216743429964779,12,1916,0.0,4079.462365591398,20,54,0.421875,0.2411662406249917,True
0.7,175,32979,1024,7,1,34,35,0.2734375,0.0068359375,8185,0.9991455078125,3792,0.4632864996945632,10115.5859375,82.783203125,8.0808931686016,0.052879604396637706,0.462890625,0.2565470218749937,0.24781353437501252,1,9,9.0,9,2.1582695858612504,14,2075,0.0,10125.474095796677,4,38,0.296875,0.2411662406249917,True
0.7,176,32764,1024,58,8,34,42,0.328125,0.056640625,8134,0.992919921875,4121,0.5066388000983526,2152.6083984375,37.0869140625,14.801153305178676,0.10610481109338706,0.5030517578125,0.2565470218749937,0.24781353437501252,8,16,2.0,21,1.983009708737864,22,1825,0.0,2156.820939334638,11,45,0.3515625,0.2411662406249917,True
0.7,177,36396,1024,973,122,34,156,1.21875,0.9501953125,7219,0.8812255859375,3389,0.46945560326915087,586.8369140625,17.1298828125,20.445629362191305,0.3052486345546917,0.4136962890625,0.2565470218749937,0.24781353437501252,122,133,1.0901639344262295,44,2.404073199527745,21,1460,0.0,589.7163886162905,128,162,1.265625,0.2411662406249917,True
0.7,178,16139,1024,61,8,34,42,0.328125,0.0595703125,8131,0.9925537109375,3821,0.4699298979215349,1161.458984375,26.654296875,17.480764830847566,0.5703723742673805,0.4664306640625,0.2565470218749937,0.24781353437501252,8,14,1.75,13,2.1408376963350784,12,1966,0.0,1162.594330400782,9,43,0.3359375,0.2411662406249917,True
0.7,179,32110,1024,5,1,34,35,0.2734375,0.0048828125,8187,0.9993896484375,3196,0.390374984731892,18629.90625,108.3125,5.42869691436516,0.08397785770620061,0.39013671875,0.2565470218749937,0.24781353437501252,1,9,9.0,14,2.5593114241001564,8,1653,0.0,18648.117302052786,4,38,0.296875,0.2411662406249917,True
0.7,180,37930,1024,196,25,34,59,0.4609375,0.19140625,7996,0.97607421875,3844,0.4807403701850925,2530.7138671875,42.8994140625,14.098373160361277,0.09344734142996922,0.46923828125,0.2565470218749937,0.24781353437501252,25,34,1.36,5,2.129586260733802,15,2026,,2530.7138671875,30,64,0.5,0.2411662406249917,True
0.7,181,5624,1024,15,2,34,36,0.28125,0.0146484375,8177,0.9981689453125,4555,0.5570502629326158,3194.2568359375,50.8720703125,13.08710527980294,0.12623254213456467,0.5560302734375,0.2565470218749937,0.24781353437501252,2,10,5.0,10,1.7964426877470356,19,1739,0.0,3197.3792766373413,5,39,0.3046875,0.2411662406249917,True
0.7,182,37946,1024,86,11,34,45,0.3515625,0.083984375,8106,0.989501953125,3951,0.48741672834937083,13493.396484375,101.4453125,6.829590791902612,0.12507762426950905,0.4822998046875,0.2565470218749937,0.24781353437501252,11,19,1.7272727272727273,28,2.0653164556962027,9,2240,0.0,13533.044074436826,15,49,0.3828125,0.2411662406249917,True
0.7,183,6616,1024,1061,133,34,167,1.3046875,1.0361328125,7131,0.8704833984375,3421,0.4797363623615201,4482.1484375,53.484375,11.615941256881278,0.010803421234447342,0.4176025390625,0.2565470218749937,0.24781353437501252,133,144,1.0827067669172932,11,2.39093567251462,13,1854,0.0,4486.52981427175,139,173,1.3515625,0.2411662406249917,True
0.7,184,11706,1024,43,6,34,40,0.3125,0.0419921875,8149,0.9947509765625,3880,0.47613204074119525,8460.63671875,72.72265625,8.856773130730616,0.1060960077260917,0.4736328125,0.2565470218749937,0.24781353437501252,6,14,2.3333333333333335,4,2.1103377159061614,28,1988,,8460.63671875,9,43,0.3359375,0.2411662406249917,True
0.7,185,10558,1024,4,1,34,35,0.2734375,0.00390625,8188,0.99951171875,3145,0.38409868099658034,10480.0029296875,70.6005859375,7.927189568130521,0.1146438831636119,0.3839111328125,0.2565470218749937,0.24781353437501252,1,9,9.0,7,2.602735368956743,15,1804,,10480.0029296875,4,38,0.296875,0.2411662406249917,True
0.7,186,18351,1024,5,1,34,35,0.2734375,0.0048828125,8187,0.9993896484375,2574,0.3144008794430194,9704.8349609375,70.2744140625,8.260922066317915,0.038040394839714185,0.314208984375,0.2565470218749937,0.24781353437501252,1,9,9.0,71,3.1496307811892734,8,1489,0.0,9781.250984251968,4,38,0.296875,0.2411662406249917,True
0.7,187,15023,1024,5,1,34,35,0.2734375,0.0048828125,8187,0.9993896484375,3852,0.4705020153902528,17648.89453125,124.361328125,5.663628530711873,0.14312015887894564,0.47021484375,0.2565470218749937,0.24781353437501252,1,9,9.0,14,2.1223058945728384,8,1955,0.0,17666.146627565984,4,38,0.296875,0.2411662406249917,True
0.7,188,9490,1024,81,11,34,45,0.3515625,0.0791015625,8111,0.9901123046875,3728,0.4596227345580076,7009.4599609375,67.7958984375,9.67395801534555,0.14430730690140584,0.455078125,0.2565470218749937,0.24781353437501252,11,19,1.7272727272727273,4,2.196404614971827,12,2034,,7009.4599609375,14,48,0.375,0.2411662406249917,True
0.7,189,6355,1024,59,8,34,42,0.328125,0.0576171875,8133,0.9927978515625,4877,0.5996557235952293,23799.5947265625,150.6494140625,4.365107991692195,0.11216888416951733,0.5953369140625,0.2565470218749937,0.24781353437501252,8,16,2.0,8,1.6782198523379819,21,1792,0.0,23822.859237536657,11,45,0.3515625,0.2411662406249917,True
0.7,190,8857,1024,72,9,34,43,0.3359375,0.0703125,8120,0.9912109375,3195,0.3934729064039409,756.099609375,19.1875,19.345013471759145,0.3753004259996017,0.3900146484375,0.2565470218749937,0.24781353437501252,9,14,1.5555555555555556,23,2.557294927989981,16,1805,0.0,757.5792563600783,10,44,0.34375,0.2411662406249917,True
0.7,191,31811,1024,26,4,34,38,0.296875,0.025390625,8166,0.996826171875,4259,0.5215527798187607,15475.939453125,106.677734375,6.234233389157015,0.16963918297451533,0.5198974609375,0.2565470218749937,0.24781353437501252,4,12,3.0,4,1.9227336777829966,23,1956,,15475.939453125,7,41,0.3203125,0.2411662406249917,True
0.7,192,10400,1024,337,43,34,77,0.6015625,0.3291015625,7855,0.9588623046875,3822,0.486569064290261,14694.73828125,116.626953125,6.459185053365243,3.0251550737854806e-06,0.466552734375,0.2565470218749937,0.24781353437501252,43,54,1.255813953488372,10,2.1408008374771,8,2068,0.0,14709.102639296188,47,81,0.6328125,0.2411662406249917,True
0.7,193,275,1024,249,32,34,66,0.515625,0.2431640625,7943,0.9696044921875,3521,0.44328339418355783,9296.53515625,81.041015625,8.447592448839728,-0.001307450589644005,0.4298095703125,0.2565470218749937,0.24781353437501252,32,41,1.28125,12,2.3235795454545456,8,2099,0.0,9305.622678396872,35,69,0.5390625,0.2411662406249917,True
0.7,194,26152,1024,5,1,34,35,0.2734375,0.0048828125,8187,0.9993896484375,3706,0.45266886527421524,18343.6904296875,117.4931640625,5.495936482897765,0.05140453878207003,0.452392578125,0.2565470218749937,0.24781353437501252,1,9,9.0,287,2.1333333333333333,8,1888,0.0,18992.86046511628,4,38,0.296875,0.2411662406249917,True
0.7,195,13037,1024,5,1,34,35,0.2734375,0.0048828125,8187,0.9993896484375,3115,0.3804812507634054,15930.12109375,93.841796875,6.108612837392501,0.0480518310274592,0.3802490234375,0.2565470218749937,0.24781353437501252,1,9,9.0,14,2.625883108542068,11,1497,0.0,15945.693059628544,4,38,0.296875,0.2411662406249917,True
0.7,196,41203,1024,437,55,34,89,0.6953125,0.4267578125,7755,0.9466552734375,3741,0.48239845261121855,9687.125,88.638671875,8.268854570782334,0.006117907811846737,0.4566650390625,0.2565470218749937,0.24781353437501252,55,66,1.2,10,2.1863636363636365,9,2183,0.0,9696.594330400781,55,89,0.6953125,0.2411662406249917,True
0.7,197,43709,1024,80,10,34,44,0.34375,0.078125,8112,0.990234375,4505,0.5553500986193294,2282.5517578125,43.9169921875,14.54659726741525,0.3964857567676645,0.5499267578125,0.2565470218749937,0.24781353437501252,10,18,1.8,4,1.8170515097690942,10,2028,,2282.5517578125,13,47,0.3671875,0.2411662406249917,True
0.7,198,43572,1024,6,1,34,35,0.2734375,0.005859375,8186,0.999267578125,4152,0.507207427314928,16877.515625,116.408203125,5.857718421422835,0.10740104635064886,0.5068359375,0.2565470218749937,0.24781353437501252,1,9,9.0,3,1.9722958323295592,8,2207,,16877.515625,4,38,0.296875,0.2411662406249917,True
0.7,199,23390,1024,18,3,34,37,0.2890625,0.017578125,8174,0.997802734375,3559,0.4354049425006117,1117.359375,26.484375,17.64887483654092,0.1241249297671973,0.4344482421875,0.2565470218749937,0.24781353437501252,3,11,3.6666666666666665,11,2.2987633501967397,11,1839,0.0,1118.4516129032259,6,40,0.3125,0.2411662406249917,True
0.75,0,712,1024,30,4,34,38,0.296875,0.029296875,8162,0.996337890625,3942,0.4829698603283509,4706.5419921875,55.0302734375,11.403784230124696,0.16227719030411822,0.481201171875,0.2565470218749937,0.24781353437501252,4,12,3.0,28,2.0707942146663285,11,1994,0.0,4720.371204701273,7,41,0.3203125,0.2411662406249917,True
0.75,1,24774,1024,73,10,34,44,0.34375,0.0712890625,8119,0.9910888671875,4289,0.5282670279591083,4552.4140625,56.755859375,11.548386046512126,0.07196157706004754,0.5235595703125,0.2565470218749937,0.24781353437501252,10,18,1.8,103,1.8859608208955223,14,1975,0.0,4606.395256916996,12,46,0.359375,0.2411662406249917,True
0.75,2,45142,1024,1863,233,34,267,2.0859375,1.8193359375,6329,0.7725830078125,2515,0.3973771527887502,2840.2802734375,43.2509765625,13.597191633555472,0.0726052887315628,0.3070068359375,0.2565470218749937,0.24781353437501252,233,244,1.0472103004291846,10,3.252585521081941,7,1633,0.0,2843.05669599218,254,288,2.25,0.2411662406249917,True
0.75,3,27119,1024,14,2,34,36,0.28125,0.013671875,8178,0.998291015625,2875,0.3515529469307899,13231.271484375,72.19140625,6.914787803149713,0.07204527038225968,0.3509521484375,0.2565470218749937,0.24781353437501252,2,10,5.0,12,2.8458594293667363,23,1504,0.0,13244.205278592375,5,39,0.3046875,0.2411662406249917,True
0.75,4,21139,1024,513,65,34,99,0.7734375,0.5009765625,7679,0.9373779296875,3405,0.44341711160307334,8571.1064453125,80.1279296875,8.800434721912682,-0.0008638671434156295,0.4156494140625,0.2565470218749937,0.24781353437501252,65,76,1.1692307692307693,73,2.3848413631022325,8,2044,0.0,8647.106403940887,69,103,0.8046875,0.2411662406249917,True
0.75,5,19129,1024,55,7,34,41,0.3203125,0.0537109375,8137,0.9932861328125,4253,0.5226742042521814,4086.537109375,56.060546875,12.017249138167829,0.07438958567331126,0.5191650390625,0.2565470218749937,0.24781353437501252,7,15,2.142857142857143,10,1.9238005644402634,18,1949,0.0,4090.531769305963,10,44,0.34375,0.2411662406249917,True
0.75,6,6433,1024,829,104,34,138,1.078125,0.8095703125,7363,0.8988037109375,2873,0.3901942143148173,1601.6240234375,33.2900390625,16.08519786516823,0.13551898786157326,0.3507080078125,0.2565470218749937,0.24781353437501252,104,115,1.1057692307692308,77,2.8252089136490253,11,1779,0.0,1615.8256157635467,114,148,1.15625,0.2411662406249917,True
0.75,7,38854,1024,805,101,34,135,1.0546875,0.7861328125,7387,0.9017333984375,3578,0.48436442398808716,4881.513671875,55.73046875,11.245258508710851,0.06460070997215117,0.436767578125,0.2565470218749937,0.24781353437501252,101,112,1.108910891089109,13,2.286273413474979,7,1961,0.0,4886.285434995112,113,147,1.1484375,0.2411662406249917,True
0.75,8,22489,1024,732,92,34,126,0.984375,0.71484375,7460,0.91064453125,3429,0.4596514745308311,10082.9912109375,90.9658203125,8.094909722410048,0.00912900188977762,0.4185791015625,0.2565470218749937,0.24781353437501252,92,103,1.1195652173913044,35,2.378938156359393,8,2003,0.0,10122.532352941176,98,132,1.03125,0.2411662406249917,True
0.75,9,31104,1024,14,2,34,36,0.28125,0.013671875,8178,0.998291015625,3766,0.46050379065786257,13144.578125,87.640625,6.943337088754877,0.09255496686072921,0.459716796875,0.2565470218749937,0.24781353437501252,2,10,5.0,3,2.1747675962815407,14,2076,,13144.578125,5,39,0.3046875,0.2411662406249917,True
0.75,10,21349,1024,2291,287,34,321,2.5078125,2.2373046875,5901,0.7203369140625,2233,0.37841043890865955,899.240234375,22.265625,18.592046307299654,0.10943399145480034,0.2725830078125,0.2565470218749937,0.24781353437501252,287,298,1.038327526132404,51,3.6460573476702507,7,1369,0.0,904.540275049116,310,344,2.6875,0.2411662406249917,True
0.75,11,29116,1024,113,15,34,49,0.3828125,0.1103515625,8079,0.9862060546875,3718,0.46020547097413045,4574.9052734375,54.0673828125,11.526982547385119,0.10687337378836377,0.453857421875,0.2565470218749937,0.24781353437501252,15,23,1.5333333333333334,4,2.2015065913371,13,2154,,4574.9052734375,18,52,0.40625,0.2411662406249917,True
0.75,12,10772,1024,36,5,34,39,0.3046875,0.03515625,8156,0.99560546875,4313,0.5288131436978911,13024.65234375,95.953125,6.983142210042958,0.02335368621785181,0.5264892578125,0.2565470218749937,0.24781353437501252,5,13,2.6,23,1.8942486085343229,14,1979,0.0,13050.140900195694,8,42,0.328125,0.2411662406249917,True
0.75,13,18332,1024,45,6,34,40,0.3125,0.0439453125,8147,0.9945068359375,4207,0.5163863999018043,3547.7197265625,50.7958984375,12.631310580552489,0.07733022452230043,0.5135498046875,0.2565470218749937,0.24781353437501252,6,14,2.3333333333333335,7,1.9455539705183071,18,1992,,3547.7197265625,10,44,0.34375,0.2411662406249917,True
0.75,14,1003,1024,40,5,34,39,0.3046875,0.0390625,8152,0.9951171875,3979,0.4881010794896958,9687.1962890625,86.6923828125,8.268822610492215,0.06680316974159786,0.4857177734375,0.2565470218749937,0.24781353437501252,5,13,2.6,22,2.053544494720965,11,2357,0.0,9706.15362035225,8,42,0.328125,0.2411662406249917,True
0.75,15,22156,1024,358,45,34,79,0.6171875,0.349609375,7834,0.956298828125,4045,0.5163390349757467,9188.6171875,84.1328125,8.498302023680651,0.05383965918066318,0.4937744140625,0.2565470218749937,0.24781353437501252,45,56,1.2444444444444445,17,2.0210187932739863,14,1855,0.0,9206.598825831703,50,84,0.65625,0.2411662406249917,True
0.75,16,26453,1024,776,97,34,131,1.0234375,0.7578125,7416,0.9052734375,2741,0.36960625674217906,3772.0966796875,43.2705078125,12.364975455945828,0.016312889983464154,0.3345947265625,0.2565470218749937,0.24781353437501252,97,108,1.1134020618556701,12,2.9832116788321166,7,1737,0.0,3775.783968719453,101,135,1.0546875,0.2411662406249917,True
0.75,17,17039,1024,14,2,34,36,0.28125,0.013671875,8178,0.998291015625,3528,0.4314013206162876,993.4755859375,25.9580078125,18.15923161815537,0.2941590031294762,0.4306640625,0.2565470218749937,0.24781353437501252,2,10,5.0,10,2.3195350155939893,7,1961,0.0,994.4467253176931,5,39,0.3046875,0.2411662406249917,True
0.75,18,7166,1024,61,8,34,42,0.328125,0.0595703125,8131,0.9925537109375,4263,0.5242897552576559,10736.0341796875,92.6552734375,7.822364754027136,0.11268062280315118,0.5203857421875,0.2565470218749937,0.24781353437501252,8,16,2.0,4,1.9204598779915532,10,2274,,10736.0341796875,11,45,0.3515625,0.2411662406249917,True
0.75,19,48310,1024,11,2,34,36,0.28125,0.0107421875,8181,0.9986572265625,3616,0.44199975553110865,10353.1337890625,81.8466796875,7.980085346210656,0.08240121503234356,0.44140625,0.2565470218749937,0.24781353437501252,2,10,5.0,15,2.2616874135546334,8,2037,0.0,10363.254154447703,5,39,0.3046875,0.2411662406249917,True
0.75,20,12187,1024,22,3,34,37,0.2890625,0.021484375,8170,0.997314453125,3788,0.46364749082007345,1661.06640625,31.587890625,15.926933658087796,0.21947477249723343,0.46240234375,0.2565470218749937,0.24781353437501252,3,11,3.6666666666666665,54,2.1481383681013995,11,1763,0.0,1670.8565815324166,6,40,0.3125,0.2411662406249917,True
0.75,21,20284,1024,23,3,34,37,0.2890625,0.0224609375,8169,0.9971923828125,2920,0.3574488921532623,720.7236328125,14.9697265625,19.553115978874402,0.26507581454334983,0.3564453125,0.2565470218749937,0.24781353437501252,3,11,3.6666666666666665,21,2.7985611510791366,13,1568,0.0,722.1340508806262,6,40,0.3125,0.2411662406249917,True
0.75,22,1052,1024,739,93,34,127,0.9921875,0.7216796875,7453,0.9097900390625,3303,0.4431772440627935,7940.658203125,73.44140625,9.132238581715978,0.001986568655833849,0.4031982421875,0.2565470218749937,0.24781353437501252,93,104,1.118279569892473,34,2.4700181708055724,8,1904,0.0,7971.798039215686,101,135,1.0546875,0.2411662406249917,True
0.75,23,13752,1024,21,3,34,37,0.2890625,0.0205078125,8171,0.9974365234375,3664,0.44841512666748257,506.232421875,16.216796875,21.087304045765016,0.4221802832948253,0.447265625,0.2565470218749937,0.24781353437501252,3,11,3.6666666666666665,26,2.229047229047229,9,1772,0.0,507.71988246816846,6,40,0.3125,0.2411662406249917,True
0.75,24,37139,1024,14,2,34,36,0.28125,0.013671875,8178,0.998291015625,4097,0.5009782342871117,21291.130859375,126.876953125,4.848816316539522,0.04454845512753605,0.5001220703125,0.24621364609375007,0.251941953124998,2,10,5.0,4,1.998779296875,9,2120,,21291.130859375,5,39,0.3046875,0.262317867968747,True
0.75,25,29727,1024,198,25,34,59,0.4609375,0.193359375,7994,0.975830078125,3954,0.4946209657242932,4209.1123046875,52.9814453125,11.888898474136871,0.08315730818523266,0.482666015625,0.24621364609375007,0.251941953124998,25,36,1.44,12,2.0690614722995195,14,2006,0.0,4213.226783968719,29,63,0.4921875,0.262317867968747,True
0.75,26,41854,1024,1906,239,34,273,2.1328125,1.861328125,6286,0.767333984375,2345,0.3730512249443207,958.7900390625,24.3173828125,18.31356847398933,0.2695670057779681,0.2862548828125,0.24621364609375007,0.251941953124998,239,250,1.0460251046025104,51,3.4726962457337884,6,1545,0.0,964.4410609037328,252,286,2.234375,0.262317867968747,True
0.75,27,40333,1024,2708,339,34,373,2.9140625,2.64453125,5484,0.66943359375,3158,0.5758570386579139,4198.4072265625,56.3916015625,11.899957999727505,0.0610038130132643,0.385498046875,0.24621364609375007,0.251941953124998,339,350,1.0324483775811208,8,2.591384225530567,6,1712,0.0,4202.511241446726,362,396,3.09375,0.262317867968747,True
0.75,28,33248,1024,6,1,34,35,0.2734375,0.005859375,8186,0.999267578125,3277,0.4003176154409968,10005.841796875,80.859375,8.128267289292916,0.17856737380555399,0.4000244140625,0.24621364609375007,0.251941953124998,1,9,9.0,375,2.385836385836386,8,1828,0.0,10476.464212678937,4,38,0.296875,0.262317867968747,True
0.75,29,9680,1024,358,45,34,79,0.6171875,0.349609375,7834,0.956298828125,3410,0.43528210365075315,13108.80859375,87.529296875,6.955171386417863,0.005027952980339663,0.416259765625,0.24621364609375007,0.251941953124998,45,56,1.2444444444444445,17,2.3977706072161924,8,1905,0.0,13134.461839530333,49,83,0.6484375,0.262317867968747,True
0.75,30,16805,1024,16,2,34,36,0.28125,0.015625,8176,0.998046875,3522,0.43077299412915854,1753.7109375,32.36328125,15.691223502838874,0.1426545860904659,0.429931640625,0.24621364609375007,0.251941953124998,2,10,5.0,19,2.320931553535927,14,2001,0.0,1757.142857142857,6,40,0.3125,0.262317867968747,True
0.75,31,14652,1024,494,62,34,96,0.75,0.482421875,7698,0.939697265625,3264,0.4240062353858145,1412.7998046875,27.1591796875,16.629997346734505,0.24271130498502871,0.3984375,0.24621364609375007,0.251941953124998,62,73,1.1774193548387097,34,2.498314434569415,13,1691,0.0,1418.3401960784313,68,102,0.796875,0.262317867968747,True
0.75,32,15793,1024,1044,131,34,165,1.2890625,1.01953125,7148,0.87255859375,2649,0.3705931729155008,4408.9521484375,43.2626953125,11.68744975532701,0.16929582097376433,0.3233642578125,0.24621364609375007,0.251941953124998,131,142,1.083969465648855,205,3.0154833836858006,8,1581,0.0,4519.286286286287,130,164,1.28125,0.262317867968747,True
0.75,33,30210,1024,11,2,34,36,0.28125,0.0107421875,8181,0.9986572265625,3445,0.42109766532208776,8514.0634765625,63.0009765625,8.829434771341383,0.30930341037157544,0.4205322265625,0.24621364609375007,0.251941953124998,2,10,5.0,3,2.376596980255517,14,1970,,8514.0634765625,5,39,0.3046875,0.262317867968747,True
0.75,34,47426,1024,14,2,34,36,0.28125,0.013671875,8178,0.998291015625,4299,0.5256786500366838,13686.953125,108.130859375,6.767735809788467,0.04333798912497378,0.5247802734375,0.24621364609375007,0.251941953124998,2,10,5.0,9,1.903210795718939,12,2127,0.0,13700.332355816226,5,39,0.3046875,0.262317867968747,True
0.75,35,20875,1024,404,51,34,85,0.6640625,0.39453125,7788,0.95068359375,3604,0.46276322547508986,4020.9423828125,56.0966796875,12.087525108452958,0.041775193854443414,0.43994140625,0.24621364609375007,0.251941953124998,51,62,1.2156862745098038,11,2.270052733832917,13,2070,0.0,4024.8729227761487,58,92,0.71875,0.262317867968747,True
0.75,36,4161,1024,138,18,34,52,0.40625,0.134765625,8054,0.983154296875,3824,0.47479513285324065,5996.5478515625,60.5810546875,10.351790572317896,0.10257956832803619,0.466796875,0.24621364609375007,0.251941953124998,18,27,1.5,31,2.134449385299503,10,1935,0.0,6014.167482859942,22,56,0.4375,0.262317867968747,True
0.75,37,40340,1024,198,25,34,59,0.4609375,0.193359375,7994,0.975830078125,3760,0.47035276457343006,3635.9443359375,48.8291015625,12.524631350474174,0.1522716837747728,0.458984375,0.24621364609375007,0.251941953124998,25,34,1.36,12,2.1758446395317903,20,1769,0.0,3639.49853372434,29,63,0.4921875,0.262317867968747,True
0.75,38,28286,1024,373,47,34,81,0.6328125,0.3642578125,7819,0.9544677734375,3672,0.46962527177388413,12137.85546875,93.15234375,7.289383990347709,0.000349816441414101,0.4482421875,0.24621364609375007,0.251941953124998,47,58,1.2340425531914894,27,2.2233723780986105,9,2061,0.0,12173.520078354555,50,84,0.65625,0.262317867968747,True
0.75,39,13256,1024,22,3,34,37,0.2890625,0.021484375,8170,0.997314453125,3963,0.4850673194614443,2579.3427734375,37.9306640625,14.015713007305274,0.10151005648676203,0.4837646484375,0.24621364609375007,0.251941953124998,3,11,3.6666666666666665,13,2.0641090358404846,14,1909,0.0,2581.8641251221898,6,40,0.3125,0.262317867968747,True
0.75,40,48934,1024,2477,310,34,344,2.6875,2.4189453125,5715,0.6976318359375,2648,0.46334208223972,6999.5009765625,65.4345703125,9.680132824037404,0.030190563177694554,0.3232421875,0.24621364609375007,0.251941953124998,310,321,1.0354838709677419,69,3.068379297317718,7,1647,0.0,7054.615157480315,329,363,2.8359375,0.262317867968747,True
0.75,41,11935,1024,102,13,34,47,0.3671875,0.099609375,8090,0.987548828125,3575,0.4419035846724351,1653.4150390625,32.4326171875,15.946984773208335,0.1091778849876228,0.4364013671875,0.24621364609375007,0.251941953124998,13,21,1.6153846153846154,19,2.2851147174034696,10,1958,0.0,1656.650684931507,17,51,0.3984375,0.262317867968747,True
0.75,42,48447,1024,115,15,34,49,0.3828125,0.1123046875,8077,0.9859619140625,3515,0.4351863315587471,1429.697265625,27.6484375,16.578362743031178,0.15321791694993145,0.4290771484375,0.24621364609375007,0.251941953124998,15,24,1.6,19,2.3255549231644848,9,1683,0.0,1432.495107632094,19,53,0.4140625,0.262317867968747,True
0.75,43,15492,1024,40,5,34,39,0.3046875,0.0390625,8152,0.9951171875,3761,0.46135917566241413,1843.80078125,31.9140625,15.473663662098323,0.06970265323233146,0.4591064453125,0.24621364609375007,0.251941953124998,5,13,2.6,10,2.1757978723404254,14,1782,0.0,1845.6031280547409,9,43,0.3359375,0.262317867968747,True
0.75,44,32513,1024,284,36,34,70,0.546875,0.27734375,7908,0.96533203125,3138,0.3968133535660091,2128.537109375,37.697265625,14.849991347050956,0.21406430187998668,0.383056640625,0.24621364609375007,0.251941953124998,36,47,1.3055555555555556,17,2.6056742110296462,13,1863,0.0,2132.702544031311,41,75,0.5859375,0.262317867968747,True
0.75,45,36099,1024,6,1,34,35,0.2734375,0.005859375,8186,0.999267578125,3813,0.46579526020034207,20775.7470703125,126.6787109375,4.955237114355471,0.08265445976338844,0.4654541015625,0.24621364609375007,0.251941953124998,1,9,9.0,15,2.1445435466946483,8,2076,0.0,20796.055718475072,4,38,0.296875,0.262317867968747,True
0.75,46,39260,1024,454,57,34,91,0.7109375,0.443359375,7738,0.944580078125,2735,0.35345050400620315,1391.2216796875,26.8017578125,16.696840241221835,0.24753329346589456,0.3338623046875,0.24621364609375007,0.251941953124998,57,35,0.6140350877192983,175,2.931602048280907,14,1692,0.0,1420.3499501495514,43,77,0.6015625,0.262317867968747,True
0.75,47,46517,1024,23,3,34,37,0.2890625,0.0224609375,8169,0.9971923828125,3925,0.48047496633614883,1947.5283203125,36.5595703125,15.23596579110719,0.24594582661054937,0.4791259765625,0.24621364609375007,0.251941953124998,3,11,3.6666666666666665,31,2.0787461773700304,16,1900,0.0,1953.250734573947,6,40,0.3125,0.262317867968747,True
0.75,48,33095,1024,87,11,34,45,0.3515625,0.0849609375,8105,0.9893798828125,3844,0.4742751388032079,5126.9716796875,58.0361328125,11.032194423721988,0.08372476372253287,0.46923828125,0.24621364609375007,0.251941953124998,11,19,1.7272727272727273,36,2.1217798594847777,11,2143,0.0,5147.077450980392,15,49,0.3828125,0.262317867968747,True
0.75,49,3,1024,558,70,34,104,0.8125,0.544921875,7634,0.931884765625,3440,0.4506156667539953,7999.177734375,81.556640625,9.100350143481009,0.0028520580878227996,0.419921875,0.24621364609375007,0.251941953124998,70,81,1.1571428571428573,29,2.373364350101774,7,2195,0.0,8022.6816846229185,76,110,0.859375,0.262317867968747,True
0.75,50,21683,1024,1252,157,34,191,1.4921875,1.22265625,6940,0.84716796875,3022,0.4354466858789625,6285.4892578125,62.0869140625,10.147412723704743,0.0631796718938348,0.368896484375,0.24621364609375007,0.251941953124998,157,168,1.070063694267516,10,2.708043694141013,6,1899,0.0,6291.633431085044,160,194,1.515625,0.262317867968747,True
0.75,51,13446,1024,54,7,34,41,0.3203125,0.052734375,8138,0.993408203125,4236,0.5205210125337921,5064.62890625,63.021484375,11.08532731482001,0.04364630805850869,0.51708984375,0.24621364609375007,0.251941953124998,7,15,2.142857142857143,47,1.9230224321133411,16,2039,0.0,5089.479882237488,10,44,0.34375,0.262317867968747,True
0.75,52,49515,1024,81,11,34,45,0.3515625,0.0791015625,8111,0.9901123046875,3647,0.44963629638762176,3875.58203125,46.908203125,12.247434271923897,0.18872857760782644,0.4451904296875,0.24621364609375007,0.251941953124998,11,19,1.7272727272727273,22,2.2399890290729565,15,2064,0.0,3883.166340508806,13,47,0.3671875,0.262317867968747,True
0.75,53,27943,1024,2925,366,34,400,3.125,2.8564453125,5267,0.6429443359375,2418,0.4590848680463262,4079.0185546875,46.2705078125,12.025246800224835,0.2912988971497158,0.295166015625,0.24621364609375007,0.251941953124998,366,377,1.030054644808743,49,3.3682250724038063,7,1497,0.0,4103.059921414539,385,419,3.2734375,0.262317867968747,True
0.75,54,29059,1024,36,5,34,39,0.3046875,0.03515625,8156,0.99560546875,4194,0.5142226581657675,5949.685546875,66.96875,10.385863478899184,0.048275178940075686,0.511962890625,0.24621364609375007,0.251941953124998,5,13,2.6,7,1.9515859766277128,11,2163,,5949.685546875,9,43,0.3359375,0.262317867968747,True
0.75,55,32738,1024,56,7,34,41,0.3203125,0.0546875,8136,0.9931640625,3708,0.4557522123893805,1640.9306640625,26.9931640625,15.979901301202567,0.44135405064266353,0.45263671875,0.24621364609375007,0.251941953124998,7,15,2.142857142857143,62,2.192878338278932,13,1795,0.0,1652.2251720747297,9,43,0.3359375,0.262317867968747,True
0.75,56,445,1024,1281,161,34,195,1.5234375,1.2509765625,6911,0.8436279296875,3195,0.46230646794964547,3016.58203125,45.796875,13.335652210928878,0.07640778675654425,0.3900146484375,0.24621364609375007,0.251941953124998,161,172,1.0683229813664596,33,2.5538509705698185,15,1940,0.0,3028.4117647058824,172,206,1.609375,0.262317867968747,True
0.75,57,32216,1024,433,55,34,89,0.6953125,0.4228515625,7759,0.9471435546875,3709,0.47802551875241656,18055.087890625,116.71484375,5.564807539914929,0.0020722799416490324,0.4527587890625,0.24621364609375007,0.251941953124998,55,66,1.2,60,2.192826321467098,8,2019,0.0,18179.36086529007,55,89,0.6953125,0.262317867968747,True
0.75,58,18250,1024,22,3,34,37,0.2890625,0.021484375,8170,0.997314453125,4028,0.4930232558139535,1853.21875,34.59375,15.451536753262477,0.09065028605211291,0.49169921875,0.24621364609375007,0.251941953124998,3,11,3.6666666666666665,14,2.0305438291532156,12,1781,0.0,1855.030303030303,6,40,0.3125,0.262317867968747,True
0.75,59,1684,1024,1851,232,34,266,2.078125,1.8076171875,6341,0.7740478515625,2611,0.4117647058823529,3268.8203125,45.359375,12.986893128585226,0.07762470686910809,0.3187255859375,0.24621364609375007,0.251941953124998,232,243,1.0474137931034482,45,3.121072796934866,9,1699,0.0,3284.8596663395488,247,281,2.1953125,0.262317867968747,True
0.75,60,2899,1024,1513,190,34,224,1.75,1.4775390625,6679,0.8153076171875,2735,0.4094924389878724,1813.0849609375,33.3642578125,15.546622053097428,0.16887150403567408,0.3338623046875,0.24621364609375007,0.251941953124998,190,201,1.0578947368421052,19,2.9879297732260426,7,1783,0.0,1816.6330724070451,202,236,1.84375,0.262317867968747,True
0.75,61,39428,1024,11,2,34,36,0.28125,0.0107421875,8181,0.9986572265625,3200,0.39115022613372447,5901.046875,55.900390625,10.42151296394479,0.10820757670869044,0.390625,0.24621364609375007,0.251941953124998,2,10,5.0,15,2.5554860894029385,7,1885,0.0,5906.815249266862,5,39,0.3046875,0.262317867968747,True
0.75,62,40758,1024,42,6,34,40,0.3125,0.041015625,8150,0.994873046875,4309,0.5287116564417178,10852.0439453125,84.2724609375,7.775688171008656,0.02965108274780979,0.5260009765625,0.24621364609375007,0.251941953124998,6,14,2.3333333333333335,9,1.8992571959145774,11,2181,0.0,10862.652003910069,9,43,0.3359375,0.262317867968747,True
0.75,63,29154,1024,1431,179,34,213,1.6640625,1.3974609375,6761,0.8253173828125,3440,0.5088004733027659,7349.6533203125,69.5693359375,9.468135067668666,0.020276181386157367,0.419921875,0.24621364609375007,0.251941953124998,179,190,1.0614525139664805,27,2.373655132305903,11,1852,0.0,7371.248775710088,186,220,1.71875,0.262317867968747,True
0.75,64,43958,1024,454,57,34,91,0.7109375,0.443359375,7738,0.944580078125,3484,0.4502455414835875,6629.3603515625,76.6474609375,9.916087343014784,0.002643972931546587,0.42529296875,0.24621364609375007,0.251941953124998,57,68,1.1929824561403508,25,2.344243468274476,7,2287,0.0,6648.839373163565,62,96,0.75,0.262317867968747,True
0.75,65,33814,1024,6,1,34,35,0.2734375,0.005859375,8186,0.999267578125,4019,0.4909601759100904,20936.2744140625,127.8486328125,4.921809588530103,0.04112437663284123,0.4906005859375,0.24621364609375007,0.251941953124998,1,9,9.0,4,2.037580886012942,8,2094,,20936.2744140625,4,38,0.296875,0.262317867968747,True
0.75,66,34153,1024,78,10,34,44,0.34375,0.076171875,8114,0.990478515625,4312,0.5314271629282721,5716.052734375,63.4375,10.559841340760553,0.08755906729277706,0.5263671875,0.24621364609375007,0.251941953124998,10,18,1.8,52,1.8879610299234517,14,1840,0.0,5749.742632612966,14,48,0.375,0.262317867968747,True
0.75,67,43609,1024,124,16,34,50,0.390625,0.12109375,8068,0.98486328125,4143,0.5135101636093208,21420.2431640625,124.1787109375,4.822559642034871,6.457267271538292e-05,0.5057373046875,0.24621364609375007,0.251941953124998,16,24,1.5,35,1.969097054563013,86,2016,0.0,21504.24411764706,20,54,0.421875,0.262317867968747,True
0.75,68,10762,1024,46,6,34,40,0.3125,0.044921875,8146,0.994384765625,4164,0.5111711269334642,3286.974609375,46.0,12.962840115325346,0.06013155928694964,0.50830078125,0.24621364609375007,0.251941953124998,6,14,2.3333333333333335,7,1.9656497717991832,16,1913,,3286.974609375,9,43,0.3359375,0.262317867968747,True
0.75,69,17898,1024,111,14,34,48,0.375,0.1083984375,8081,0.9864501953125,3410,0.42197747803489666,1790.6142578125,30.2060546875,15.600783226161672,0.2646703360711368,0.416259765625,0.24621364609375007,0.251941953124998,14,23,1.6428571428571428,23,2.3960105602816073,16,1621,0.0,1794.118395303327,18,52,0.40625,0.262317867968747,True
0.75,70,43653,1024,390,49,34,83,0.6484375,0.380859375,7802,0.952392578125,3300,0.4229684696231735,12618.1552734375,87.7412109375,7.1208449352926735,2.17245077532362e-05,0.40283203125,0.24621364609375007,0.251941953124998,49,60,1.2244897959183674,4,2.4813579872688694,8,1969,,12618.1552734375,53,87,0.6796875,0.262317867968747,True
0.75,71,14233,1024,817,103,34,137,1.0703125,0.7978515625,7375,0.9002685546875,3628,0.4919322033898305,13422.1630859375,99.5888671875,6.8525784946225805,0.06501523870639392,0.44287109375,0.24621364609375007,0.251941953124998,103,114,1.1067961165048543,53,2.243451888613179,8,1976,0.0,13501.2721021611,102,136,1.0625,0.262317867968747,True
0.75,72,39520,1024,68,9,34,43,0.3359375,0.06640625,8124,0.99169921875,3729,0.45901033973412114,8043.091796875,75.572265625,9.076573354764756,0.07528099631868099,0.4552001953125,0.24621364609375007,0.251941953124998,9,17,1.8888888888888888,4,2.1960836909871246,16,2047,,8043.091796875,13,47,0.3671875,0.262317867968747,True
0.75,73,18138,1024,49,7,34,41,0.3203125,0.0478515625,8143,0.9940185546875,3772,0.463219943509763,1797.912109375,32.6953125,15.583119033630311,0.18633452673802933,0.46044921875,0.24621364609375007,0.251941953124998,7,15,2.142857142857143,20,2.1667992574913817,14,1791,0.0,1801.430528375734,10,44,0.34375,0.262317867968747,True
0.75,74,9212,1024,168,21,34,55,0.4296875,0.1640625,8024,0.9794921875,4261,0.5310319042871385,34309.4970703125,173.5244140625,2.776660089204203,8.560457478002749e-05,0.5201416015625,0.24621364609375007,0.251941953124998,21,29,1.380952380952381,12,1.9194835680751174,9,1908,0.0,34343.03519061584,25,59,0.4609375,0.262317867968747,True
0.75,75,6456,1024,513,65,34,99,0.7734375,0.5009765625,7679,0.9373779296875,4204,0.5474671181143378,9481.783203125,86.228515625,8.361903397270828,0.08069245663539408,0.51318359375,0.24621364609375007,0.251941953124998,65,76,1.1692307692307693,27,1.9424220794670473,13,1963,0.0,9509.64348677767,73,107,0.8359375,0.262317867968747,True
0.75,76,22948,1024,24,3,34,37,0.2890625,0.0234375,8168,0.9970703125,3771,0.46167972575905974,5637.8720703125,51.8759765625,10.619651438530253,0.2463778601359908,0.4603271484375,0.24621364609375007,0.251941953124998,3,11,3.6666666666666665,22,2.16684350132626,17,1944,0.0,5648.905088062622,7,41,0.3203125,0.262317867968747,True
0.75,77,7591,1024,474,60,34,94,0.734375,0.462890625,7718,0.942138671875,3535,0.45802021249028246,3598.83984375,49.53515625,12.569178408399695,0.06225106703495191,0.4315185546875,0.24621364609375007,0.251941953124998,60,71,1.1833333333333333,13,2.313808715336729,7,2059,0.0,3602.357771260997,66,100,0.78125,0.262317867968747,True
0.75,78,29996,1024,211,27,34,61,0.4765625,0.2060546875,7981,0.9742431640625,3605,0.4516977822328029,14907.62890625,100.3671875,6.396717874900118,0.0002565570590826456,0.4400634765625,0.24621364609375007,0.251941953124998,27,35,1.2962962962962963,11,2.2694228634850164,8,2030,0.0,14922.201368523949,30,64,0.5,0.262317867968747,True
0.75,79,10378,1024,20,3,34,37,0.2890625,0.01953125,8172,0.99755859375,2942,0.360009789525208,4305.201171875,42.45703125,11.790869110494452,0.03711391489561688,0.359130859375,0.24621364609375007,0.251941953124998,3,11,3.6666666666666665,47,2.769126147568854,15,1770,0.0,4326.325809617272,6,40,0.3125,0.262317867968747,True
0.75,80,27337,1024,9,2,34,36,0.28125,0.0087890625,8183,0.9989013671875,4638,0.5667847977514359,5691.5849609375,63.0693359375,10.57847137717519,0.18525132351179005,0.566162109375,0.24621364609375007,0.251941953124998,2,10,5.0,13,1.7632089713176622,13,1925,0.0,5697.148582600195,5,39,0.3046875,0.262317867968747,True
0.75,81,19965,1024,374,47,34,81,0.6328125,0.365234375,7818,0.954345703125,4032,0.5157329240214888,9193.3095703125,79.0244140625,8.49608476317955,0.0608781560016088,0.4921875,0.24621364609375007,0.251941953124998,47,58,1.2340425531914894,33,2.0238154304142895,14,2061,0.0,9229.361764705882,49,83,0.6484375,0.262317867968747,True
0.75,82,24405,1024,2057,258,34,292,2.28125,2.0087890625,6135,0.7489013671875,2749,0.44808475957620214,2162.4912109375,39.2783203125,14.781260098404696,0.10036456027568726,0.3355712890625,0.24621364609375007,0.251941953124998,258,269,1.0426356589147288,26,2.9712518195050945,16,1577,0.0,2168.845249755142,279,313,2.4453125,0.262317867968747,True
0.75,83,45135,1024,2458,308,34,342,2.671875,2.400390625,5734,0.699951171875,2425,0.4229159400069759,4174.232421875,46.390625,11.925037338846252,0.178814104116111,0.2960205078125,0.24621364609375007,0.251941953124998,308,319,1.0357142857142858,69,3.3502475247524752,7,1552,0.0,4207.100393700787,327,361,2.8203125,0.262317867968747,True
0.75,84,11274,1024,381,48,34,82,0.640625,0.3720703125,7811,0.9534912109375,3275,0.4192805018563564,7031.5546875,65.20703125,9.660290020566473,0.010412957207531633,0.3997802734375,0.24621364609375007,0.251941953124998,48,59,1.2291666666666667,4,2.500610873549175,8,1963,,7031.5546875,52,86,0.671875,0.262317867968747,True
0.75,85,1941,1024,442,56,34,90,0.703125,0.431640625,7750,0.946044921875,3637,0.4692903225806452,1562.5673828125,32.4267578125,16.192416063060968,0.19837684545609394,0.4439697265625,0.24621364609375007,0.251941953124998,56,67,1.1964285714285714,19,2.246974697469747,14,1843,0.0,1565.6252446183953,62,96,0.75,0.262317867968747,True
0.75,86,48940,1024,842,106,34,140,1.09375,0.822265625,7350,0.897216796875,3138,0.4269387755102041,4872.4931640625,57.7470703125,11.25329122377793,0.021884591915593516,0.383056640625,0.24621364609375007,0.251941953124998,106,117,1.1037735849056605,10,2.6069493146318137,7,1870,0.0,4877.256109481916,111,145,1.1328125,0.262317867968747,True
0.75,87,36794,1024,1214,152,34,186,1.453125,1.185546875,6978,0.851806640625,3463,0.49627400401261107,19900.458984375,121.9921875,5.142172677706359,0.01806006058747276,0.4227294921875,0.24621364609375007,0.251941953124998,152,163,1.0723684210526316,61,2.348064702484113,8,1917,0.0,20037.433628318584,156,190,1.484375,0.262317867968747,True
0.75,88,21994,1024,53,7,34,41,0.3203125,0.0517578125,8139,0.9935302734375,3810,0.46811647622558056,6062.662109375,64.865234375,10.304169965127219,0.07426482704948165,0.465087890625,0.24621364609375007,0.251941953124998,7,15,2.142857142857143,13,2.146495143082174,13,2074,0.0,6068.588465298143,11,45,0.3515625,0.262317867968747,True
0.75,89,49944,1024,1831,229,34,263,2.0546875,1.7880859375,6361,0.7764892578125,2707,0.4255620185505424,3348.353515625,42.30078125,12.882490567736422,0.10504417163349107,0.3304443359375,0.24621364609375007,0.251941953124998,229,240,1.0480349344978166,44,3.0107169253510717,7,1644,0.0,3364.783120706575,247,281,2.1953125,0.262317867968747,True
0.75,90,43442,1024,219,28,34,62,0.484375,0.2138671875,7973,0.9732666015625,2554,0.3203311175216355,411.068359375,9.1015625,21.991663111799355,0.6364889062141673,0.311767578125,0.24621364609375007,0.251941953124998,28,37,1.3214285714285714,15,3.2025068546807676,9,1402,0.0,411.47018572825027,32,66,0.515625,0.262317867968747,True
0.75,91,45096,1024,60,8,34,42,0.328125,0.05859375,8132,0.99267578125,3506,0.43113625184456467,1073.1357421875,26.3330078125,17.824257010134442,0.25679456831163183,0.427978515625,0.24621364609375007,0.251941953124998,8,16,2.0,20,2.331241084165478,13,1854,0.0,1075.2358121330724,11,45,0.3515625,0.262317867968747,True
0.75,92,42430,1024,123,16,34,50,0.390625,0.1201171875,8069,0.9849853515625,3787,0.4693270541578882,354.0087890625,13.2998046875,22.64066316373306,0.4110023307311171,0.4622802734375,0.24621364609375007,0.251941953124998,16,24,1.5,61,2.1473851030110933,21,1392,0.0,356.4454277286136,19,53,0.4140625,0.262317867968747,True
0.75,93,42255,1024,162,21,34,55,0.4296875,0.158203125,8030,0.980224609375,4355,0.5423412204234122,2602.0859375,44.845703125,13.977587252273837,0.17031108677825743,0.5316162109375,0.24621364609375007,0.251941953124998,21,30,1.4285714285714286,44,1.8709232889297198,21,1848,0.0,2614.853778213935,25,59,0.4609375,0.262317867968747,True
0.75,94,5771,1024,6,1,34,35,0.2734375,0.005859375,8186,0.999267578125,4642,0.5670657219643294,30773.9658203125,161.4580078125,3.2489689377563016,0.028660498355079878,0.566650390625,0.24621364609375007,0.251941953124998,1,9,9.0,23,1.7588881706528765,62,1885,0.0,30834.188845401175,4,38,0.296875,0.262317867968747,True
0.75,95,8320,1024,44,6,34,40,0.3125,0.04296875,8148,0.99462890625,3673,0.45078546882670595,2081.7900390625,37.8564453125,14.94643434672589,0.08568552658706118,0.4483642578125,0.24621364609375007,0.251941953124998,6,14,2.3333333333333335,18,2.225217864923747,13,1954,0.0,2085.8639921722115,9,43,0.3359375,0.262317867968747,True
0.75,96,48807,1024,19,3,34,37,0.2890625,0.0185546875,8173,0.9976806640625,3977,0.48660222684448795,4371.15625,52.57421875,11.724840299444992,0.1018065413340203,0.4854736328125,0.24621364609375007,0.251941953124998,3,11,3.6666666666666665,18,2.0553319919517103,14,1809,0.0,4379.7103718199605,6,40,0.3125,0.262317867968747,True
0.75,97,2675,1024,102,13,34,47,0.3671875,0.099609375,8090,0.987548828125,3401,0.4203955500618047,4321.650390625,47.958984375,11.774307301031188,0.28159262243403615,0.4151611328125,0.24621364609375007,0.251941953124998,13,21,1.6153846153846154,7,2.407058823529412,11,1830,,4321.650390625,17,51,0.3984375,0.262317867968747,True
0.75,98,37658,1024,325,41,34,75,0.5859375,0.3173828125,7867,0.9603271484375,3591,0.4564637091648659,17250.4658203125,101.5693359375,5.762795338957291,0.004573209365017107,0.4383544921875,0.24621364609375007,0.251941953124998,41,52,1.2682926829268293,4,2.2805013927576603,30,1815,,17250.4658203125,47,81,0.6328125,0.262317867968747,True
0.75,99,45710,1024,69,9,34,43,0.3359375,0.0673828125,8123,0.9915771484375,4345,0.5349008986827527,13676.2705078125,107.9892578125,6.771126785935703,0.0729402164963771,0.5303955078125,0.24621364609375007,0.251941953124998,9,18,2.0,15,1.8814456721915285,16,2123,0.0,13689.639296187683,12,46,0.359375,0.262317867968747,True
0.75,100,15813,1024,42,6,34,40,0.3125,0.041015625,8150,0.994873046875,3527,0.432760736196319,866.6611328125,19.9248046875,18.752310406898328,0.25607444860193784,0.4305419921875,0.24621364609375007,0.251941953124998,6,14,2.3333333333333335,12,2.3196256381168463,14,1663,0.0,867.5083088954057,9,43,0.3359375,0.262317867968747,True
0.75,101,7135,1024,1626,204,34,238,1.859375,1.587890625,6566,0.801513671875,3086,0.4699969540054828,9256.15625,81.14453125,8.466496836860964,0.09364444039321856,0.376708984375,0.24621364609375007,0.251941953124998,204,215,1.053921568627451,39,2.642139384116694,8,1777,0.0,9292.454901960784,205,239,1.8671875,0.262317867968747,True
0.75,102,31775,1024,108,14,34,48,0.375,0.10546875,8084,0.98681640625,3451,0.4268926274121722,608.5537109375,17.9501953125,20.287814457885123,0.2088307489715259,0.4212646484375,0.24621364609375007,0.251941953124998,14,23,1.6428571428571428,12,2.3707246376811595,14,1625,0.0,609.1485826001955,18,52,0.40625,0.262317867968747,True
0.75,103,31772,1024,20,3,34,37,0.2890625,0.01953125,8172,0.99755859375,3996,0.4889867841409692,10436.5908203125,87.0400390625,7.945217041290203,0.057211701180098024,0.48779296875,0.24621364609375007,0.251941953124998,3,11,3.6666666666666665,11,2.046808510638298,8,2169,0.0,10446.792766373412,6,40,0.3125,0.262317867968747,True
0.75,104,25160,1024,43,6,34,40,0.3125,0.0419921875,8149,0.9947509765625,3953,0.48509019511596513,2901.44140625,46.888671875,13.50466556327259,0.21995428811730539,0.4825439453125,0.24621364609375007,0.251941953124998,6,14,2.3333333333333335,20,2.0670546558704452,13,1985,0.0,2907.119373776908,9,43,0.3359375,0.262317867968747,True
0.75,105,36108,1024,109,14,34,48,0.375,0.1064453125,8083,0.9866943359375,3508,0.4339972782382779,4815.9404296875,60.1572265625,11.303992545487917,0.10782323659171913,0.42822265625,0.24621364609375007,0.251941953124998,14,22,1.5714285714285714,63,2.3176504134587965,19,2081,0.0,4849.088495575221,17,51,0.3984375,0.262317867968747,True
0.75,106,1260,1024,19,3,34,37,0.2890625,0.0185546875,8173,0.9976806640625,3628,0.44390064847669153,4398.18359375,49.09765625,11.698070066734372,0.06594249950536106,0.44287109375,0.24621364609375007,0.251941953124998,3,11,3.6666666666666665,4,2.256685966363386,8,2084,,4398.18359375,6,40,0.3125,0.262317867968747,True
0.75,107,37885,1024,470,59,34,93,0.7265625,0.458984375,7722,0.942626953125,3626,0.4695674695674696,12421.423828125,96.814453125,7.189089803851463,0.0011944254129223812,0.442626953125,0.24621364609375007,0.251941953124998,59,70,1.1864406779661016,37,2.2493793103448274,8,2044,0.0,12470.135294117646,65,99,0.7734375,0.262317867968747,True
0.75,108,41535,1024,6,1,34,35,0.2734375,0.005859375,8186,0.999267578125,3583,0.437698509650623,19386.240234375,122.7890625,5.255867706541303,0.0897188649870212,0.4373779296875,0.24621364609375007,0.251941953124998,1,9,9.0,127,2.2445561139028474,11,1936,0.0,19674.44003964321,4,38,0.296875,0.262317867968747,True
0.75,109,44889,1024,121,16,34,50,0.390625,0.1181640625,8071,0.9852294921875,3784,0.4688390534010655,4923.2705078125,53.3291015625,11.208266622426732,0.058440175263772313,0.4619140625,0.24621364609375007,0.251941953124998,16,25,1.5625,14,2.161512027491409,13,1873,0.0,4928.083088954057,15,49,0.3828125,0.262317867968747,True
0.75,110,28184,1024,1800,225,34,259,2.0234375,1.7578125,6392,0.7802734375,3090,0.4834167709637046,2908.9736328125,43.2373046875,13.493405760855921,0.11345049526918907,0.377197265625,0.24621364609375007,0.251941953124998,225,192,0.8533333333333334,25,2.6422790547102624,7,1873,0.0,2917.5210577864837,212,246,1.921875,0.262317867968747,True
0.75,111,25319,1024,51,7,34,41,0.3203125,0.0498046875,8141,0.9937744140625,4192,0.514924456454981,5498.9443359375,63.6728515625,10.728010373885297,0.07478565006234307,0.51171875,0.24621364609375007,0.251941953124998,7,15,2.142857142857143,13,1.9510856597470772,16,1882,0.0,5504.319648093841,10,44,0.34375,0.262317867968747,True
0.75,112,11010,1024,248,31,34,65,0.5078125,0.2421875,7944,0.9697265625,3762,0.4735649546827795,4244.8232421875,50.6474609375,11.852207502787177,0.10761400298545425,0.459228515625,0.24621364609375007,0.251941953124998,31,40,1.2903225806451613,40,2.166976867854294,10,2139,0.0,4265.651619234543,33,67,0.5234375,0.262317867968747,True
0.75,113,33880,1024,34,5,34,39,0.3046875,0.033203125,8158,0.995849609375,3285,0.40267222358421184,976.6708984375,21.6845703125,18.23332113495504,0.13281528690463854,0.4010009765625,0.24621364609375007,0.251941953124998,5,13,2.6,8,2.4917783191230205,12,1746,0.0,977.6256109481916,8,42,0.328125,0.262317867968747,True
0.75,114,19307,1024,109,14,34,48,0.375,0.1064453125,8083,0.9866943359375,3760,0.46517382160089077,2151.466796875,37.98828125,14.80345712771083,0.1631165327943762,0.458984375,0.24621364609375007,0.251941953124998,14,22,1.5714285714285714,23,2.172120244745943,7,2080,0.0,2155.6771037181998,15,49,0.3828125,0.262317867968747,True
0.75,115,12236,1024,6,1,34,35,0.2734375,0.005859375,8186,0.999267578125,2107,0.2573906669924261,6252.1591796875,45.1962890625,10.170503342623045,0.0683359819917323,0.2572021484375,0.24621364609375007,0.251941953124998,1,9,9.0,15,3.848053181386515,8,1283,0.0,6258.270772238514,4,38,0.296875,0.262317867968747,True
0.75,116,13805,1024,385,49,34,83,0.6484375,0.3759765625,7807,0.9530029296875,3830,0.4905853721019598,3130.2685546875,45.3408203125,13.174987623579991,0.12607284131638696,0.467529296875,0.24621364609375007,0.251941953124998,49,60,1.2244897959183674,27,2.1308435622878035,14,1846,0.0,3139.466209598433,54,88,0.6875,0.262317867968747,True
0.75,117,5814,1024,90,12,34,46,0.359375,0.087890625,8102,0.989013671875,3509,0.43310293754628487,5052.4169921875,53.0068359375,11.095811737881508,0.06861689767702216,0.4283447265625,0.24621364609375007,0.251941953124998,12,20,1.6666666666666667,15,2.330672748004561,10,1940,0.0,5057.355816226784,14,48,0.375,0.262317867968747,True
0.75,118,48485,1024,71,9,34,43,0.3359375,0.0693359375,8121,0.9913330078125,3733,0.4596724541312646,6167.671875,63.53125,10.229591000188229,0.056156269082906926,0.4556884765625,0.24621364609375007,0.251941953124998,9,17,1.8888888888888888,19,2.189442658092176,8,2105,0.0,6179.74168297456,13,47,0.3671875,0.262317867968747,True
0.75,119,12248,1024,6,1,34,35,0.2734375,0.005859375,8186,0.999267578125,3404,0.4158319081358417,15032.712890625,96.7734375,6.360429979050716,0.04075705209861439,0.41552734375,0.24621364609375007,0.251941953124998,1,9,9.0,13,2.4025859535703793,9,1894,0.0,15047.407624633432,4,38,0.296875,0.262317867968747,True
0.75,120,458,1024,1163,146,34,180,1.40625,1.1357421875,7029,0.8580322265625,3523,0.5012092758571631,2717.9892578125,41.6357421875,13.788326249107188,0.0403778221151658,0.4300537109375,0.24621364609375007,0.251941953124998,146,157,1.0753424657534247,16,2.32084043157297,23,1746,0.0,2723.3082191780823,160,194,1.515625,0.262317867968747,True
0.75,121,319,1024,12,2,34,36,0.28125,0.01171875,8180,0.99853515625,4033,0.4930317848410758,18528.1650390625,109.6513671875,5.4524795033854545,0.03808690191986395,0.4923095703125,0.24621364609375007,0.251941953124998,2,10,5.0,3,2.0307539682539684,14,2041,,18528.1650390625,5,39,0.3046875,0.262317867968747,True
0.75,122,21496,1024,52,7,34,41,0.3203125,0.05078125,8140,0.99365234375,3724,0.4574938574938575,8063.765625,72.685546875,9.06542464441116,0.059019010996474566,0.45458984375,0.24621364609375007,0.251941953124998,7,15,2.142857142857143,14,2.1963470319634704,13,1900,0.0,8071.648093841643,11,45,0.3515625,0.262317867968747,True
0.75,123,20390,1024,630,79,34,113,0.8828125,0.615234375,7562,0.923095703125,3516,0.46495636075112406,11891.9130859375,99.6318359375,7.378286344382461,0.00877310042027263,0.42919921875,0.24621364609375007,0.251941953124998,79,90,1.139240506329114,7,2.328307254623044,8,2074,,11891.9130859375,79,113,0.8828125,0.262317867968747,True
0.75,124,33691,1024,417,53,34,87,0.6796875,0.4072265625,7775,0.9490966796875,3970,0.5106109324758843,4417.0400390625,54.1376953125,11.679490248503857,0.11795430059464528,0.484619140625,0.24621364609375007,0.251941953124998,53,64,1.2075471698113207,39,2.053413958175863,12,2092,0.0,4434.361764705883,57,91,0.7109375,0.262317867968747,True
0.75,125,33872,1024,145,19,34,53,0.4140625,0.1416015625,8047,0.9822998046875,3951,0.49099043121660246,6986.095703125,71.416015625,9.688458300881265,0.0666589687898093,0.4822998046875,0.24621364609375007,0.251941953124998,19,28,1.4736842105263157,12,2.0703797468354432,10,2166,0.0,6992.924731182796,22,56,0.4375,0.262317867968747,True
0.75,126,46987,1024,26,4,34,38,0.296875,0.025390625,8166,0.996826171875,4357,0.5335537594905707,2420.646484375,44.9296875,14.291489919530466,0.3119020095047295,0.5318603515625,0.24621364609375007,0.251941953124998,4,12,3.0,12,1.8774104683195592,21,2024,0.0,2423.012707722385,7,41,0.3203125,0.262317867968747,True
0.75,127,26772,1024,2870,359,34,393,3.0703125,2.802734375,5322,0.649658203125,2264,0.42540398346486286,1915.220703125,33.234375,15.308615331500043,0.12917058983358445,0.2763671875,0.24621364609375007,0.251941953124998,359,370,1.0306406685236769,28,3.605832965090588,7,1357,0.0,1920.8481880509305,377,411,3.2109375,0.262317867968747,True
0.75,128,7057,1024,165,21,34,55,0.4296875,0.1611328125,8027,0.9798583984375,3718,0.4631867447365143,15161.3427734375,101.7294921875,6.323426943166202,0.0002974156287239853,0.453857421875,0.24621364609375007,0.251941953124998,21,30,1.4285714285714286,21,2.197471078827011,8,2021,0.0,15191.012720156556,24,58,0.453125,0.262317867968747,True
0.75,129,30014,1024,54,7,34,41,0.3203125,0.052734375,8138,0.993408203125,4153,0.5103219464241828,8357.2578125,78.05078125,8.910165609719973,0.03698280573020782,0.5069580078125,0.24621364609375007,0.251941953124998,7,15,2.142857142857143,3,1.9720616570327554,10,2128,,8357.2578125,10,44,0.34375,0.262317867968747,True
0.75,130,48237,1024,372,47,34,81,0.6328125,0.36328125,7820,0.95458984375,3941,0.5039641943734016,8980.2685546875,89.7001953125,8.597910364417064,0.000875387688682244,0.4810791015625,0.24621364609375007,0.251941953124998,47,58,1.2340425531914894,29,2.0708121827411166,8,2204,0.0,9006.655239960823,53,87,0.6796875,0.262317867968747,True
0.75,131,4823,1024,62,8,34,42,0.328125,0.060546875,8130,0.992431640625,4035,0.496309963099631,13813.62890625,103.3359375,6.727725760670927,0.10887873285425899,0.4925537109375,0.24621364609375007,0.251941953124998,8,16,2.0,15,2.0262766484878534,13,2114,0.0,13827.131964809385,11,45,0.3515625,0.262317867968747,True
0.75,132,26627,1024,36,5,34,39,0.3046875,0.03515625,8156,0.99560546875,3902,0.47842079450711134,2268.666015625,39.037109375,14.573097954577456,0.10563001244678263,0.476318359375,0.24621364609375007,0.251941953124998,5,13,2.6,19,2.09433478595232,22,1912,0.0,2273.105675146771,8,42,0.328125,0.262317867968747,True
0.75,133,12293,1024,23,3,34,37,0.2890625,0.0224609375,8169,0.9971923828125,3983,0.4875749785775493,3288.7890625,45.25390625,12.960443414229687,0.06764140948988537,0.4862060546875,0.24621364609375007,0.251941953124998,3,11,3.6666666666666665,11,2.0542440984429935,11,1858,0.0,3292.003910068426,6,40,0.3125,0.262317867968747,True
0.75,134,32803,1024,1119,140,34,174,1.359375,1.0927734375,7073,0.8634033203125,2639,0.3731090060794571,1212.666015625,27.125,17.29339154018887,0.1873192361627496,0.3221435546875,0.24621364609375007,0.251941953124998,140,151,1.0785714285714285,58,3.082259287338893,16,1584,0.0,1221.0127826941987,150,184,1.4375,0.262317867968747,True
0.75,135,41882,1024,42,6,34,40,0.3125,0.041015625,8150,0.994873046875,4049,0.4968098159509202,11334.9306640625,86.8212890625,7.586614929829791,0.1717660074972738,0.4942626953125,0.24621364609375007,0.251941953124998,6,14,2.3333333333333335,4,2.022233201581028,22,1932,,11334.9306640625,8,42,0.328125,0.262317867968747,True
0.75,136,10235,1024,1632,204,34,238,1.859375,1.59375,6560,0.80078125,3017,0.45990853658536585,12897.4072265625,98.8115234375,7.025779482719255,0.06249051623839353,0.3682861328125,0.24621364609375007,0.251941953124998,204,215,1.053921568627451,25,2.706896551724138,6,1891,0.0,12935.303623898139,212,246,1.921875,0.262317867968747,True
0.75,137,30033,1024,845,106,34,140,1.09375,0.8251953125,7347,0.8968505859375,3434,0.4674016605417177,8941.1162109375,70.8759765625,8.616886212676864,0.18693362992484575,0.419189453125,0.24621364609375007,0.251941953124998,106,117,1.1037735849056605,20,2.3798427031750657,10,1836,0.0,8958.613502935421,117,151,1.1796875,0.262317867968747,True
0.75,138,20042,1024,32,4,34,38,0.296875,0.03125,8160,0.99609375,4325,0.5300245098039216,2978.548828125,45.80859375,13.390756368723846,0.0430282904784417,0.5279541015625,0.24621364609375007,0.251941953124998,4,12,3.0,19,1.8896854764107307,15,1857,0.0,2984.3776908023483,8,42,0.328125,0.262317867968747,True
0.75,139,29399,1024,49,7,34,41,0.3203125,0.0478515625,8143,0.9940185546875,3898,0.4786933562569078,10145.587890625,82.39453125,8.068031433815412,0.12639172426865955,0.475830078125,0.24621364609375007,0.251941953124998,7,15,2.142857142857143,39,2.0913523222992043,12,2221,0.0,10185.374509803922,9,43,0.3359375,0.262317867968747,True
0.75,140,6463,1024,132,17,34,51,0.3984375,0.12890625,8060,0.98388671875,4378,0.5431761786600496,4836.421875,59.115234375,11.285561840651596,0.06619476152820265,0.534423828125,0.24621364609375007,0.251941953124998,17,26,1.5294117647058822,7,1.8695453506968243,15,1863,,4836.421875,20,54,0.421875,0.262317867968747,True
0.75,141,25920,1024,736,92,34,126,0.984375,0.71875,7456,0.91015625,2897,0.3885461373390558,806.734375,20.189453125,19.063497982168133,0.5019284225172733,0.3536376953125,0.24621364609375007,0.251941953124998,92,103,1.1195652173913044,28,2.8187154696132595,12,1663,0.0,809.1047992164545,100,134,1.046875,0.262317867968747,True
0.75,142,10327,1024,6,1,34,35,0.2734375,0.005859375,8186,0.999267578125,4214,0.5147813339848522,22041.005859375,140.28125,4.698489508511291,0.03909978369539226,0.514404296875,0.24621364609375007,0.251941953124998,1,9,9.0,12,1.9406598623308806,9,2191,0.0,22062.551319648093,4,38,0.296875,0.262317867968747,True
0.75,143,3805,1024,1396,175,34,209,1.6328125,1.36328125,6796,0.82958984375,2835,0.4171571512654503,1176.7822265625,26.0830078125,17.423842604313407,0.11239305614479439,0.3460693359375,0.24621364609375007,0.251941953124998,175,186,1.062857142857143,21,2.882498235709245,18,1538,0.0,1179.0851272015655,183,217,1.6953125,0.262317867968747,True
0.75,144,37879,1024,1753,220,34,254,1.984375,1.7119140625,6439,0.7860107421875,3361,0.5219754620282653,12082.30859375,99.955078125,7.309304370351933,0.16384295686119812,0.4102783203125,0.24621364609375007,0.251941953124998,220,231,1.05,27,2.429464285714286,8,1927,0.0,12117.80999020568,228,262,2.046875,0.262317867968747,True
0.75,145,22721,1024,773,97,34,131,1.0234375,0.7548828125,7419,0.9056396484375,3545,0.477827200431325,10956.2451171875,92.4599609375,7.73418620979749,0.030774499423390757,0.4327392578125,0.24621364609375007,0.251941953124998,97,108,1.1134020618556701,11,2.3081264108352144,8,2157,0.0,10966.955034213099,101,135,1.0546875,0.262317867968747,True
0.75,146,43932,1024,361,46,34,80,0.625,0.3525390625,7831,0.9559326171875,3616,0.46175456518963093,14642.1630859375,102.9013671875,6.474751211063868,0.0004017061920922392,0.44140625,0.24621364609375007,0.251941953124998,46,57,1.2391304347826086,43,2.253665283540802,8,2079,0.0,14714.00883218842,51,85,0.6640625,0.262317867968747,True
0.75,147,47270,1024,379,48,34,82,0.640625,0.3701171875,7813,0.9537353515625,3920,0.5017278894150774,10254.4384765625,84.6298828125,8.021684770711015,0.058756802640952614,0.478515625,0.24621364609375007,0.251941953124998,48,59,1.2291666666666667,20,2.0844603215105892,13,1924,0.0,10274.505870841487,54,88,0.6875,0.262317867968747,True
0.75,148,11091,1024,896,112,34,146,1.140625,0.875,7296,0.890625,3477,0.4765625,2333.4609375,36.4140625,14.450798257432405,0.20418118844942393,0.4244384765625,0.24621364609375007,0.251941953124998,112,123,1.0982142857142858,17,2.351553509781358,29,1627,0.0,2338.027397260274,119,153,1.1953125,0.262317867968747,True
0.75,149,9736,1024,175,22,34,56,0.4375,0.1708984375,8017,0.9786376953125,3447,0.42996133216914056,1077.345703125,25.025390625,17.807252770047437,0.13976750165628546,0.4207763671875,0.24621364609375007,0.251941953124998,22,31,1.4090909090909092,22,2.3705745792222865,12,1733,0.0,1079.454011741683,27,61,0.4765625,0.262317867968747,True
0.75,150,23206,1024,156,20,34,54,0.421875,0.15234375,8036,0.98095703125,3641,0.453086112493778,4419.072265625,45.736328125,11.67749257177183,0.16162674565875426,0.4444580078125,0.24621364609375007,0.251941953124998,20,28,1.4,29,2.2423076923076923,10,1951,0.0,4432.05680705191,23,57,0.4453125,0.262317867968747,True
0.75,151,25039,1024,1987,249,34,283,2.2109375,1.9404296875,6205,0.7574462890625,2876,0.46349717969379534,4915.6826171875,54.0615234375,11.21496526127414,0.0537063207564967,0.35107421875,0.24621364609375007,0.251941953124998,249,260,1.0441767068273093,9,2.845565217391304,8,1674,0.0,4920.487781036168,265,299,2.3359375,0.262317867968747,True
0.75,152,21014,1024,6,1,34,35,0.2734375,0.005859375,8186,0.999267578125,2912,0.3557292939164427,17491.58984375,96.634765625,5.702510757466874,0.045170081610979684,0.35546875,0.24884607656250068,0.2524950648437567,1,9,9.0,87,2.750944692545517,8,1577,0.0,17664.090729783038,4,38,0.296875,0.25318653046875284,True
0.75,153,32412,1024,24,3,34,37,0.2890625,0.0234375,8168,0.9970703125,3713,0.4545788442703232,1612.3955078125,31.7255859375,16.05608781344079,0.11844019877169285,0.4532470703125,0.24884607656250068,0.2524950648437567,3,11,3.6666666666666665,10,2.2039331896551726,14,1809,0.0,1613.97165200391,6,40,0.3125,0.25318653046875284,True
0.75,154,34022,1024,372,47,34,81,0.6328125,0.36328125,7820,0.95458984375,4105,0.5249360613810742,821.09765625,21.81640625,18.986855483912052,0.25789625654314996,0.5010986328125,0.24884607656250068,0.2524950648437567,47,58,1.2340425531914894,29,1.9887914230019492,15,1677,0.0,823.5102840352596,52,86,0.671875,0.25318653046875284,True
0.75,155,21369,1024,96,12,34,46,0.359375,0.09375,8096,0.98828125,3715,0.4588685770750988,4529.6220703125,47.7978515625,11.57018392767851,0.12801096535544682,0.4534912109375,0.24884607656250068,0.2524950648437567,12,15,1.25,4,2.2040926225094237,11,2055,,4529.6220703125,16,50,0.390625,0.25318653046875284,True
0.75,156,41654,1024,423,53,34,87,0.6796875,0.4130859375,7769,0.9483642578125,3666,0.4718754022396705,9475.0908203125,84.8271484375,8.364969794234172,0.006781938768084368,0.447509765625,0.24884607656250068,0.2524950648437567,53,64,1.2075471698113207,39,2.2242837653478853,8,2044,0.0,9512.248039215687,55,89,0.6953125,0.25318653046875284,True
0.75,157,11953,1024,6,1,34,35,0.2734375,0.005859375,8186,0.999267578125,3910,0.47764475934522355,24389.4921875,139.6796875,4.258776028855657,0.06422202619835923,0.477294921875,0.24884607656250068,0.2524950648437567,1,9,9.0,14,2.091327705295472,8,2023,0.0,24413.333333333332,4,38,0.296875,0.25318653046875284,True
0.75,158,13700,1024,39,5,34,39,0.3046875,0.0380859375,8153,0.9952392578125,4359,0.5346498221513554,7969.8896484375,78.2041015625,9.116280526971995,0.11716160389572572,0.5321044921875,0.24884607656250068,0.2524950648437567,5,13,2.6,46,1.8685176686553464,14,1847,0.0,8008.996074582925,9,43,0.3359375,0.25318653046875284,True
0.75,159,38205,1024,98,13,34,47,0.3671875,0.095703125,8094,0.988037109375,3743,0.4624413145539906,4668.28125,46.876953125,11.439233477611769,0.1411983527865556,0.4569091796875,0.24884607656250068,0.2524950648437567,13,21,1.6153846153846154,4,2.187867450561197,9,1820,,4668.28125,15,49,0.3828125,0.25318653046875284,True
0.75,160,40129,1024,1632,204,34,238,1.859375,1.59375,6560,0.80078125,2088,0.3182926829268293,352.7900390625,14.8134765625,22.65564046429845,0.37315301659645733,0.2548828125,0.24884607656250068,0.2524950648437567,204,215,1.053921568627451,81,3.88404408241495,6,1427,0.0,356.2692307692308,219,253,1.9765625,0.25318653046875284,True
0.75,161,17080,1024,239,30,34,64,0.5,0.2333984375,7953,0.9708251953125,3540,0.4451150509241796,2233.3603515625,33.7939453125,14.641215589478529,0.1075606409771402,0.43212890625,0.24884607656250068,0.2524950648437567,30,32,1.0666666666666667,63,2.296693981350664,15,1713,0.0,2248.732546705998,24,58,0.453125,0.25318653046875284,True
0.75,162,1505,1024,14,2,34,36,0.28125,0.013671875,8178,0.998291015625,4156,0.508192712154561,20539.18359375,128.314453125,5.004971839131719,0.02910841176693285,0.50732421875,0.24884607656250068,0.2524950648437567,2,10,5.0,3,1.9706377858002406,14,2185,,20539.18359375,5,39,0.3046875,0.25318653046875284,True
0.75,163,36391,1024,38,5,34,39,0.3046875,0.037109375,8154,0.995361328125,4001,0.4906794211429973,6341.4853515625,65.1123046875,10.108893672711021,0.07113027016539526,0.4884033203125,0.24884607656250068,0.2524950648437567,5,13,2.6,11,2.0435,10,2149,0.0,6347.684261974585,8,42,0.328125,0.25318653046875284,True
0.75,164,24660,1024,32,4,34,38,0.296875,0.03125,8160,0.99609375,3880,0.47549019607843135,3727.841796875,47.166015625,12.416228874976845,0.11783407048769774,0.4736328125,0.24884607656250068,0.2524950648437567,4,12,3.0,11,2.108790925496262,11,1924,0.0,3731.485826001955,8,42,0.328125,0.25318653046875284,True
0.75,165,24061,1024,10,2,34,36,0.28125,0.009765625,8182,0.998779296875,3297,0.4029577120508433,5081.3408203125,54.9365234375,11.071020355862341,0.14899297040337897,0.4024658203125,0.24884607656250068,0.2524950648437567,2,10,5.0,4,2.4839199029126213,7,1886,,5081.3408203125,4,38,0.296875,0.25318653046875284,True
0.75,166,10964,1024,40,5,34,39,0.3046875,0.0390625,8152,0.9951171875,4236,0.5196270853778214,4866.232421875,61.439453125,11.25887512925967,0.11504617643201032,0.51708984375,0.24884607656250068,0.2524950648437567,5,13,2.6,20,1.9293978748524203,23,2032,0.0,4875.755381604697,9,43,0.3359375,0.25318653046875284,True
0.75,167,20807,1024,124,16,34,50,0.390625,0.12109375,8068,0.98486328125,3976,0.4928111056023798,4760.037109375,59.509765625,11.354700223629703,0.06329912077596406,0.4853515625,0.24884607656250068,0.2524950648437567,16,24,1.5,9,2.0581132075471698,11,2041,0.0,4764.690127077224,20,54,0.421875,0.25318653046875284,True
0.75,168,33388,1024,35,5,34,39,0.3046875,0.0341796875,8157,0.9957275390625,4148,0.5085202893220547,3598.611328125,50.529296875,12.56945418123269,0.03938301979711501,0.50634765625,0.24884607656250068,0.2524950648437567,5,13,2.6,13,1.9715456956836268,18,2012,0.0,3602.1290322580644,8,42,0.328125,0.25318653046875284,True
0.75,169,34571,1024,23,3,34,37,0.2890625,0.0224609375,8169,0.9971923828125,3766,0.46101113967437873,21995.798828125,116.376953125,4.707406218636496,0.02734991053440159,0.459716796875,0.24884607656250068,0.2524950648437567,3,11,3.6666666666666665,15,2.1713147410358564,24,1749,0.0,22017.30009775171,6,40,0.3125,0.25318653046875284,True
0.75,170,21194,1024,36,5,34,39,0.3046875,0.03515625,8156,0.99560546875,3606,0.44212849435998036,5787.9658203125,55.1005859375,10.50554403053513,0.14482767572712407,0.440185546875,0.24884607656250068,0.2524950648437567,5,13,2.6,18,2.266019417475728,12,1840,0.0,5799.292563600783,7,41,0.3203125,0.25318653046875284,True
0.75,171,32696,1024,832,104,34,138,1.078125,0.8125,7360,0.8984375,3534,0.4801630434782609,4152.5341796875,53.6455078125,11.947671450332,0.15541187048421332,0.431396484375,0.24884607656250068,0.2524950648437567,104,115,1.1057692307692308,17,2.313614491933201,8,2161,0.0,4160.660469667319,111,145,1.1328125,0.25318653046875284,True
0.75,172,46005,1024,450,57,34,91,0.7109375,0.439453125,7742,0.945068359375,2424,0.3130973908550762,699.8349609375,20.6435546875,19.680847265750057,0.5057322038567205,0.2958984375,0.24884607656250068,0.2524950648437567,57,68,1.1929824561403508,516,3.1667354519191084,10,1537,0.0,746.490625,54,88,0.6875,0.25318653046875284,True
0.75,173,19269,1024,53,7,34,41,0.3203125,0.0517578125,8139,0.9935302734375,3028,0.37203587664332227,2750.5419921875,34.4658203125,13.736620812108828,0.4000965141620188,0.36962890625,0.24884607656250068,0.2524950648437567,7,15,2.142857142857143,47,2.690452593326726,8,1937,0.0,2764.038272816487,10,44,0.34375,0.25318653046875284,True
0.75,174,5503,1024,1217,153,34,187,1.4609375,1.1884765625,6975,0.8514404296875,3092,0.4432974910394265,3114.302734375,45.826171875,13.197195337924882,0.0860897407966677,0.37744140625,0.24884607656250068,0.2524950648437567,153,164,1.0718954248366013,9,2.6470397929472664,10,1795,0.0,3117.347018572825,167,201,1.5703125,0.25318653046875284,True
0.75,175,32979,1024,85,11,34,45,0.3515625,0.0830078125,8107,0.9896240234375,3916,0.4830393487109905,10949.861328125,87.22265625,7.736717416745544,0.052364082827794964,0.47802734375,0.24884607656250068,0.2524950648437567,11,20,1.8181818181818181,9,2.089655172413793,12,2011,0.0,10960.565004887585,14,48,0.375,0.25318653046875284,True
0.75,176,32764,1024,112,14,34,48,0.375,0.109375,8080,0.986328125,4121,0.5100247524752475,3888.8955078125,50.9462890625,12.232540867845028,0.1028414022302055,0.5030517578125,0.24884607656250068,0.2524950648437567,14,22,1.5714285714285714,21,1.983009708737864,12,1890,0.0,3896.505870841487,18,52,0.40625,0.25318653046875284,True
0.75,177,36396,1024,1485,186,34,220,1.71875,1.4501953125,6707,0.8187255859375,3031,0.4519159087520501,599.123046875,17.140625,20.355643346540752,0.22880869656177338,0.3699951171875,0.24884607656250068,0.2524950648437567,186,197,1.0591397849462365,44,2.688778877887789,8,1428,0.0,602.062806673209,201,235,1.8359375,0.25318653046875284,True
0.75,178,16139,1024,22,3,34,37,0.2890625,0.021484375,8170,0.997314453125,3658,0.4477356181150551,1083.3671875,23.35546875,17.783046831181924,0.5758575216516523,0.446533203125,0.24884607656250068,0.2524950648437567,3,11,3.6666666666666665,30,2.231063713426306,9,1643,0.0,1086.5504407443682,6,40,0.3125,0.25318653046875284,True
0.75,179,32110,1024,6,1,34,35,0.2734375,0.005859375,8186,0.999267578125,3196,0.3904226728560958,18629.90625,108.3125,5.42869691436516,0.08397785770620061,0.39013671875,0.24884607656250068,0.2524950648437567,1,9,9.0,14,2.5593114241001564,8,1653,0.0,18648.117302052786,4,38,0.296875,0.25318653046875284,True
0.75,180,37930,1024,57,8,34,42,0.328125,0.0556640625,8135,0.9930419921875,3911,0.48076213890596187,2546.4013671875,42.8603515625,14.07153502077997,0.0891998357329776,0.4774169921875,0.24884607656250068,0.2524950648437567,8,16,2.0,12,2.091304347826087,15,2039,0.0,2548.8905180840666,11,45,0.3515625,0.25318653046875284,True
0.75,181,5624,1024,34,5,34,39,0.3046875,0.033203125,8158,0.995849609375,4486,0.5498896788428537,2244.0693359375,41.5498046875,14.62044089500429,0.1273566580828434,0.547607421875,0.24884607656250068,0.2524950648437567,5,13,2.6,12,1.823634336677815,19,1701,0.0,2246.262952101662,7,41,0.3203125,0.25318653046875284,True
0.75,182,37946,1024,127,16,34,50,0.390625,0.1240234375,8065,0.9844970703125,3933,0.48766274023558587,13493.6787109375,101.4541015625,6.829499956243054,0.12508523722405973,0.4801025390625,0.24884607656250068,0.2524950648437567,16,25,1.5625,28,2.0747711088504577,9,2234,0.0,13533.327130264446,19,53,0.4140625,0.25318653046875284,True
0.75,183,6616,1024,962,121,34,155,1.2109375,0.939453125,7230,0.882568359375,3464,0.4791147994467497,3917.4033203125,50.2177734375,12.200820737803532,0.05506777596457995,0.4228515625,0.24884607656250068,0.2524950648437567,121,132,1.0909090909090908,11,2.361825007219174,12,1797,0.0,3921.2326490713585,127,161,1.2578125,0.25318653046875284,True
0.75,184,11706,1024,54,7,34,41,0.3203125,0.052734375,8138,0.993408203125,3875,0.47616121897272057,8460.671875,72.720703125,8.856755084649492,0.10609580014044778,0.4730224609375,0.24884607656250068,0.2524950648437567,7,15,2.142857142857143,4,2.113061435209086,28,1984,,8460.671875,11,45,0.3515625,0.25318653046875284,True
0.75,185,10558,1024,10,2,34,36,0.28125,0.009765625,8182,0.998779296875,3144,0.3842581275971645,10480.001953125,70.599609375,7.927189972820984,0.1146438833459034,0.3837890625,0.24884607656250068,0.2524950648437567,2,10,5.0,14,2.601336302895323,15,1803,0.0,10490.24633431085,5,39,0.3046875,0.25318653046875284,True
0.75,186,18351,1024,6,1,34,35,0.2734375,0.005859375,8186,0.999267578125,2574,0.3144392865868556,9704.8349609375,70.2744140625,8.260922066317915,0.038040394839714185,0.314208984375,0.24884607656250068,0.2524950648437567,1,9,9.0,71,3.1496307811892734,8,1489,0.0,9781.250984251968,4,38,0.296875,0.25318653046875284,True
0.75,187,15023,1024,6,1,34,35,0.2734375,0.005859375,8186,0.999267578125,3852,0.4705594918152944,17648.89453125,124.361328125,5.663628530711873,0.14312015887894564,0.47021484375,0.24884607656250068,0.2524950648437567,1,9,9.0,14,2.1223058945728384,8,1955,0.0,17666.146627565984,4,38,0.296875,0.25318653046875284,True
0.75,188,9490,1024,147,19,34,53,0.4140625,0.1435546875,8045,0.9820556640625,3626,0.4507147296457427,5418.7705078125,59.3974609375,10.791796024189374,0.14700098234989223,0.442626953125,0.24884607656250068,0.2524950648437567,19,28,1.4736842105263157,4,2.2579310344827586,11,2131,,5418.7705078125,22,56,0.4375,0.25318653046875284,True
0.75,189,6355,1024,1156,145,34,179,1.3984375,1.12890625,7036,0.85888671875,3933,0.558982376350199,33310.669921875,173.333984375,2.904969938492652,0.007180943411203931,0.4801025390625,0.24884607656250068,0.2524950648437567,145,156,1.0758620689655172,8,2.080620549338759,8,2016,0.0,33343.231671554255,157,191,1.4921875,0.25318653046875284,True
0.75,190,8857,1024,24,3,34,37,0.2890625,0.0234375,8168,0.9970703125,3547,0.4342556317335945,786.869140625,16.138671875,19.17177847352372,0.37649952553832233,0.4329833984375,0.24884607656250068,0.2524950648437567,3,11,3.6666666666666665,87,2.2853919909757474,12,1452,0.0,794.629191321499,6,40,0.3125,0.25318653046875284,True
0.75,191,31811,1024,45,6,34,40,0.3125,0.0439453125,8147,0.9945068359375,4241,0.5205597152326009,15288.138671875,106.193359375,6.287257475118898,0.16985624788022144,0.5177001953125,0.24884607656250068,0.2524950648437567,6,14,2.3333333333333335,4,1.9304245283018868,16,1960,,15288.138671875,9,43,0.3359375,0.25318653046875284,True
0.75,192,10400,1024,454,57,34,91,0.7109375,0.443359375,7738,0.944580078125,3754,0.48513827862496767,14632.7109375,116.298828125,6.4775556747468865,-0.00013620930777849015,0.458251953125,0.24884607656250068,0.2524950648437567,57,68,1.1929824561403508,10,2.17958966160405,8,2043,0.0,14647.0146627566,64,98,0.765625,0.25318653046875284,True
0.75,193,275,1024,1456,182,34,216,1.6875,1.421875,6736,0.822265625,2862,0.4248812351543943,6674.8349609375,66.2333984375,9.886398288747797,0.05276766323551106,0.349365234375,0.24884607656250068,0.2524950648437567,182,193,1.0604395604395604,12,2.858790632645928,7,1825,0.0,6681.35972629521,192,226,1.765625,0.25318653046875284,True
0.75,194,26152,1024,6,1,34,35,0.2734375,0.005859375,8186,0.999267578125,3706,0.45272416320547276,18343.6904296875,117.4931640625,5.495936482897765,0.05140453878207003,0.452392578125,0.24884607656250068,0.2524950648437567,1,9,9.0,287,2.1333333333333333,8,1888,0.0,18992.86046511628,4,38,0.296875,0.25318653046875284,True
0.75,195,13037,1024,6,1,34,35,0.2734375,0.005859375,8186,0.999267578125,3115,0.38052773027119474,15930.12109375,93.841796875,6.108612837392501,0.0480518310274592,0.3802490234375,0.24884607656250068,0.2524950648437567,1,9,9.0,14,2.625883108542068,11,1497,0.0,15945.693059628544,4,38,0.296875,0.25318653046875284,True
0.75,196,41203,1024,3142,393,34,427,3.3359375,3.068359375,5050,0.616455078125,2410,0.4772277227722772,8109.5166015625,69.4755859375,9.040853936519325,0.030329340828904698,0.294189453125,0.24884607656250068,0.2524950648437567,393,404,1.0279898218829517,10,3.394769613947696,7,1541,0.0,8117.443792766373,417,451,3.5234375,0.25318653046875284,True
0.75,197,43709,1024,50,7,34,41,0.3203125,0.048828125,8142,0.993896484375,3682,0.45222304102186195,3542.232421875,46.251953125,12.638033070555924,0.3919992503210802,0.449462890625,0.24884607656250068,0.2524950648437567,7,15,2.142857142857143,13,2.221407226297202,8,2000,0.0,3545.6950146627564,10,44,0.34375,0.25318653046875284,True
0.75,198,43572,1024,33,5,34,39,0.3046875,0.0322265625,8159,0.9959716796875,4039,0.49503615639171467,14020.7353515625,103.9775390625,6.663095690096725,0.11013598314162544,0.4930419921875,0.24884607656250068,0.2524950648437567,5,13,2.6,3,2.0277365032194155,13,2203,,14020.7353515625,7,41,0.3203125,0.25318653046875284,True
0.75,199,23390,1024,39,5,34,39,0.3046875,0.0380859375,8153,0.9952392578125,3650,0.44768796761928126,1124.50390625,27.357421875,17.621193924614232,0.12507729965596928,0.445556640625,0.24884607656250068,0.2524950648437567,5,13,2.6,11,2.2414360098657164,12,1964,0.0,1125.6031280547409,9,43,0.3359375,0.25318653046875284,True
0.8,0,712,1024,38,5,34,39,0.3046875,0.037109375,8154,0.995361328125,4050,0.4966887417218543,7515.8759765625,75.1435546875,9.371007559028255,0.15625789649245553,0.494384765625,0.24884607656250068,0.2524950648437567,5,13,2.6,34,2.014324524573969,14,1937,0.0,7545.35,8,42,0.328125,0.25318653046875284,True
0.8,1,24774,1024,1221,153,34,187,1.4609375,1.1923828125,6971,0.8509521484375,3325,0.4769760436092383,7093.203125,67.82421875,9.622379641374506,0.035768009062988174,0.4058837890625,0.24884607656250068,0.2524950648437567,153,164,1.0718954248366013,103,2.4329121540312877,9,1842,0.0,7177.312252964427,161,195,1.5234375,0.25318653046875284,True
0.8,2,45142,1024,3046,381,34,415,3.2421875,2.974609375,5146,0.628173828125,1953,0.3795180722891566,2703.318359375,40.845703125,13.811831669715415,0.06803741069267646,0.2384033203125,0.24884607656250068,0.2524950648437567,381,392,1.0288713910761156,10,4.190573770491803,5,1368,0.0,2705.960899315738,419,453,3.5390625,0.25318653046875284,True
0.8,3,27119,1024,26,4,34,38,0.296875,0.025390625,8166,0.996826171875,2528,0.3095762919421994,13518.2783203125,72.7763671875,6.821589772208872,0.07200103083553296,0.30859375,0.24884607656250068,0.2524950648437567,4,12,3.0,12,3.2366442421844086,35,1204,0.0,13531.4926686217,7,41,0.3203125,0.25318653046875284,True
0.8,4,21139,1024,3278,410,34,444,3.46875,3.201171875,4914,0.599853515625,1926,0.39194139194139194,4277.16796875,48.23046875,11.819240550888011,0.15930715809415202,0.235107421875,0.24884607656250068,0.2524950648437567,410,421,1.026829268292683,77,4.215064935064935,5,1376,0.0,4315.093596059113,432,466,3.640625,0.25318653046875284,True
0.8,5,19129,1024,85,11,34,45,0.3515625,0.0830078125,8107,0.9896240234375,4316,0.532379425188109,8974.0966796875,82.7998046875,8.600896169068006,0.06471079311299348,0.52685546875,0.24884607656250068,0.2524950648437567,11,19,1.7272727272727273,18,1.893858632676709,14,1944,0.0,8991.658512720156,15,49,0.3828125,0.25318653046875284,True
0.8,6,6433,1024,2935,367,34,401,3.1328125,2.8662109375,5257,0.6417236328125,1734,0.3298459197260795,1165.44140625,26.5078125,17.465899170584823,0.15456240829622814,0.211669921875,0.24884607656250068,0.2524950648437567,367,378,1.0299727520435968,77,4.680900173110214,6,1244,0.0,1175.7753694581281,386,420,3.28125,0.25318653046875284,True
0.8,7,38854,1024,2194,275,34,309,2.4140625,2.142578125,5998,0.732177734375,3072,0.5121707235745249,4051.802734375,54.076171875,12.054320676786475,0.01443466396662452,0.375,0.24884607656250068,0.2524950648437567,275,286,1.04,48,2.650276782806903,21,1618,0.0,4075.6836935166993,304,338,2.640625,0.25318653046875284,True
0.8,8,22489,1024,3303,413,34,447,3.4921875,3.2255859375,4889,0.5968017578125,2058,0.4209449785232154,2177.3662109375,38.2333984375,14.751488817515401,0.12463525382738758,0.251220703125,0.24884607656250068,0.2524950648437567,413,424,1.026634382566586,35,3.9620807000486145,5,1317,0.0,2185.904901960784,450,484,3.78125,0.25318653046875284,True
0.8,9,31104,1024,121,16,34,50,0.390625,0.1181640625,8071,0.9852294921875,3574,0.4428199727419155,10457.0439453125,72.3583984375,7.93671427739854,0.09372930426010055,0.436279296875,0.24884607656250068,0.2524950648437567,16,25,1.5625,3,2.2910719283515255,15,1841,,10457.0439453125,17,51,0.3984375,0.25318653046875284,True
0.8,10,21349,1024,2271,284,34,318,2.484375,2.2177734375,5921,0.7227783203125,2267,0.3828745144401284,846.6396484375,21.5361328125,18.853817580877884,0.12645579136593552,0.2767333984375,0.24884607656250068,0.2524950648437567,284,295,1.0387323943661972,51,3.590909090909091,6,1402,0.0,851.6296660117878,313,347,2.7109375,0.25318653046875284,True
0.8,11,29116,1024,63,8,34,42,0.328125,0.0615234375,8129,0.9923095703125,3767,0.46340263255012915,6515.58203125,60.61328125,9.991271439398226,0.10354640279498967,0.4598388671875,0.24884607656250068,0.2524950648437567,8,16,2.0,62,2.158258098778545,9,1999,0.0,6560.428711897738,11,45,0.3515625,0.25318653046875284,True
0.8,12,10772,1024,2037,255,34,289,2.2578125,1.9892578125,6155,0.7513427734375,2867,0.465800162469537,4613.75390625,57.28125,11.49025934967182,0.029830699508618105,0.3499755859375,0.24884607656250068,0.2524950648437567,255,266,1.0431372549019609,23,2.8499651081646893,16,1782,0.0,4622.782778864971,276,310,2.421875,0.25318653046875284,True
0.8,13,18332,1024,63,8,34,42,0.328125,0.0615234375,8129,0.9923095703125,4238,0.5213433386640424,4110.46875,53.88671875,11.991890100550362,0.07533049953476705,0.517333984375,0.24884607656250068,0.2524950648437567,8,16,2.0,7,1.9313193297144207,13,1940,,4110.46875,12,46,0.359375,0.25318653046875284,True
0.8,14,1003,1024,598,75,34,109,0.8515625,0.583984375,7594,0.927001953125,3623,0.4770871740848038,14196.740234375,105.978515625,6.608917249878559,0.060319192596417076,0.4422607421875,0.24884607656250068,0.2524950648437567,75,86,1.1466666666666667,35,2.251794588625069,9,1933,0.0,14252.413725490196,84,118,0.921875,0.25318653046875284,True
0.8,15,22156,1024,58,8,34,42,0.328125,0.056640625,8134,0.992919921875,4429,0.5445045488074748,14014.279296875,106.49609375,6.665095923740525,0.04147500158582406,0.5406494140625,0.24884607656250068,0.2524950648437567,8,16,2.0,17,1.8453026196928637,15,2090,0.0,14041.704500978474,13,47,0.3671875,0.25318653046875284,True
0.8,16,26453,1024,3376,422,34,456,3.5625,3.296875,4816,0.587890625,2028,0.4210963455149502,3824.7578125,52.841796875,12.304764204697351,0.0885025834089386,0.24755859375,0.24884607656250068,0.2524950648437567,422,433,1.0260663507109005,12,4.0330537740503205,6,1395,0.0,3828.496578690127,447,481,3.7578125,0.25318653046875284,True
0.8,17,17039,1024,40,5,34,39,0.3046875,0.0390625,8152,0.9951171875,3638,0.44627085377821396,878.8173828125,23.9873046875,18.69181722286157,0.2933015166289428,0.444091796875,0.24884607656250068,0.2524950648437567,5,13,2.6,15,2.248006598845202,7,1976,0.0,879.6764418377321,8,42,0.328125,0.25318653046875284,True
0.8,18,7166,1024,94,12,34,46,0.359375,0.091796875,8098,0.988525390625,4232,0.522598172388244,4019.3232421875,51.5419921875,12.08927426421762,0.12969530819690558,0.5166015625,0.24884607656250068,0.2524950648437567,12,21,1.75,9,1.9324036870716144,17,1794,0.0,4023.25219941349,16,50,0.390625,0.25318653046875284,True
0.8,19,48310,1024,28,4,34,38,0.296875,0.02734375,8164,0.99658203125,3616,0.4429201371876531,10353.1337890625,81.8466796875,7.980085346210656,0.08240121503234356,0.44140625,0.24884607656250068,0.2524950648437567,4,12,3.0,15,2.2616874135546334,8,2037,0.0,10363.254154447703,6,40,0.3125,0.25318653046875284,True
0.8,20,12187,1024,111,14,34,48,0.375,0.1083984375,8081,0.9864501953125,3742,0.46306150228932064,1702.607421875,31.669921875,15.81965838664411,0.2193042938491141,0.456787109375,0.24884607656250068,0.2524950648437567,14,22,1.5714285714285714,54,2.1745522587543435,10,1841,0.0,1712.6424361493123,16,50,0.390625,0.25318653046875284,True
0.8,21,20284,1024,1305,164,34,198,1.546875,1.2744140625,6887,0.8406982421875,2257,0.327718890663569,711.8212890625,14.9658203125,19.60709388180545,0.2509177787569443,0.2755126953125,0.24884607656250068,0.2524950648437567,164,175,1.0670731707317074,21,3.620567375886525,7,1373,0.0,713.2142857142857,187,221,1.7265625,0.25318653046875284,True
0.8,22,1052,1024,2453,307,34,341,2.6640625,2.3955078125,5739,0.7005615234375,2468,0.43004007666840915,2639.50390625,38.37890625,13.91558051810128,0.1968238348151753,0.30126953125,0.24884607656250068,0.2524950648437567,307,318,1.0358306188925082,34,3.3064450749898664,7,1576,0.0,2649.8549019607844,336,370,2.890625,0.25318653046875284,True
0.8,23,13752,1024,115,15,34,49,0.3828125,0.1123046875,8077,0.9859619140625,3511,0.43469109818001733,664.3203125,21.98046875,19.907028290769766,0.4232940842907075,0.4285888671875,0.24884607656250068,0.2524950648437567,15,24,1.6,26,2.326210826210826,10,1741,0.0,666.2722820763956,18,52,0.40625,0.25318653046875284,True
0.8,24,37139,1024,28,4,34,38,0.296875,0.02734375,8164,0.99658203125,4113,0.503797158255757,17476.7333984375,111.4072265625,5.7062009959512485,0.046616711243979786,0.5020751953125,0.24884607656250068,0.2524950648437567,4,12,3.0,6,1.9905155642023347,22,2070,,17476.7333984375,7,41,0.3203125,0.25318653046875284,True
0.8,25,29727,1024,610,77,34,111,0.8671875,0.595703125,7582,0.925537109375,3800,0.5011870218939594,4148.1376953125,52.3330078125,11.952271967280836,0.076687493546787,0.4638671875,0.24884607656250068,0.2524950648437567,77,88,1.1428571428571428,17,2.150829165569887,14,1852,0.0,4156.255381604697,90,124,0.96875,0.25318653046875284,True
0.8,26,41854,1024,2911,364,34,398,3.109375,2.8427734375,5281,0.6446533203125,1825,0.34557848892255255,920.44140625,23.94921875,18.49084213603365,0.26497611818883965,0.2227783203125,0.24884607656250068,0.2524950648437567,364,375,1.0302197802197801,51,4.4610745614035086,6,1255,0.0,925.8664047151277,400,434,3.390625,0.25318653046875284,True
0.8,27,40333,1024,1338,168,34,202,1.578125,1.306640625,6854,0.836669921875,3167,0.46206594689232566,4819.0498046875,55.0908203125,11.301189461273616,0.056306386625125514,0.3865966796875,0.24884607656250068,0.2524950648437567,168,179,1.0654761904761905,8,2.5846493998736575,12,1800,0.0,4823.760508308896,181,215,1.6796875,0.25318653046875284,True
0.8,28,33248,1024,7,1,34,35,0.2734375,0.0068359375,8185,0.9991455078125,3277,0.4003665241295052,10005.841796875,80.859375,8.128267289292916,0.17856737380555399,0.4000244140625,0.24884607656250068,0.2524950648437567,1,9,9.0,375,2.385836385836386,8,1828,0.0,10476.464212678937,4,38,0.296875,0.25318653046875284,True
0.8,29,9680,1024,980,123,34,157,1.2265625,0.95703125,7212,0.88037109375,3127,0.43358291735995563,12762.9912109375,84.1806640625,7.071278907018902,0.03347471672138904,0.3817138671875,0.24884607656250068,0.2524950648437567,123,134,1.089430894308943,17,2.614843250159949,8,1790,0.0,12787.96771037182,135,169,1.3203125,0.25318653046875284,True
0.8,30,16805,1024,22,3,34,37,0.2890625,0.021484375,8170,0.997314453125,3594,0.43990208078335374,2104.1171875,34.216796875,14.900104369511709,0.14057363863480715,0.438720703125,0.24884607656250068,0.2524950648437567,3,11,3.6666666666666665,19,2.2744224881714445,13,1870,0.0,2108.2348336594914,6,40,0.3125,0.25318653046875284,True
0.8,31,14652,1024,1851,232,34,266,2.078125,1.8076171875,6341,0.7740478515625,2989,0.4713767544551333,1775.4296875,34.142578125,15.637768832927472,0.2124925057160165,0.3648681640625,0.24884607656250068,0.2524950648437567,232,243,1.0474137931034482,34,2.7289156626506026,22,1355,0.0,1782.3921568627452,247,281,2.1953125,0.25318653046875284,True
0.8,32,15793,1024,739,93,34,127,0.9921875,0.7216796875,7453,0.9097900390625,2804,0.37622433919227155,4580.7333984375,46.4091796875,11.521453445680837,0.02305519159147728,0.34228515625,0.24884607656250068,0.2524950648437567,93,104,1.118279569892473,212,2.8462361755262218,8,1626,0.0,4700.071142284569,96,130,1.015625,0.25318653046875284,True
0.8,33,30210,1024,32,4,34,38,0.296875,0.03125,8160,0.99609375,3330,0.40808823529411764,7794.734375,57.224609375,9.212790407577149,0.30964751939493257,0.406494140625,0.24884607656250068,0.2524950648437567,4,12,3.0,3,2.4592970862120755,13,1817,,7794.734375,8,42,0.328125,0.25318653046875284,True
0.8,34,47426,1024,18,3,34,37,0.2890625,0.017578125,8174,0.997802734375,4339,0.5308294592610717,13285.15234375,106.4765625,6.8971382194316995,0.043704396296778254,0.5296630859375,0.24884607656250068,0.2524950648437567,3,11,3.6666666666666665,9,1.8858921161825726,11,2135,0.0,13298.13880742913,6,40,0.3125,0.25318653046875284,True
0.8,35,20875,1024,1741,218,34,252,1.96875,1.7001953125,6451,0.7874755859375,3050,0.4727949155169741,5108.44921875,58.76953125,11.047912802941244,0.10076780244690764,0.372314453125,0.24884607656250068,0.2524950648437567,218,229,1.0504587155963303,11,2.682846835027878,9,1723,0.0,5113.4428152492665,237,271,2.1171875,0.25318653046875284,True
0.8,36,4161,1024,390,49,34,83,0.6484375,0.380859375,7802,0.952392578125,3930,0.503716995642143,5497.1552734375,64.5166015625,10.729423565846062,0.09071675378143829,0.479736328125,0.24884607656250068,0.2524950648437567,49,60,1.2244897959183674,74,2.0654110460677018,15,1925,0.0,5545.8985221674875,54,88,0.6875,0.25318653046875284,True
0.8,37,40340,1024,510,64,34,98,0.765625,0.498046875,7682,0.937744140625,3820,0.4972663368914345,15466.6162109375,109.4912109375,6.236850518008277,0.0017076325710194662,0.46630859375,0.24884607656250068,0.2524950648437567,64,70,1.09375,53,2.130662477088243,8,2080,0.0,15557.775049115913,72,106,0.828125,0.25318653046875284,True
0.8,38,28286,1024,1329,167,34,201,1.5703125,1.2978515625,6863,0.8377685546875,3484,0.5076497158676964,8047.056640625,76.26953125,9.07443302672021,0.034553448190702545,0.42529296875,0.24884607656250068,0.2524950648437567,167,178,1.0658682634730539,27,2.3439563594602353,12,1745,0.0,8070.7012732615085,181,215,1.6796875,0.25318653046875284,True
0.8,39,13256,1024,101,13,34,47,0.3671875,0.0986328125,8091,0.9876708984375,3844,0.47509578544061304,2151.482421875,36.392578125,14.803425587244352,0.10250571090284528,0.46923828125,0.24884607656250068,0.2524950648437567,13,22,1.6923076923076923,19,2.126463700234192,14,1832,0.0,2155.692759295499,18,52,0.40625,0.25318653046875284,True
0.8,40,48934,1024,2095,262,34,296,2.3125,2.0458984375,6097,0.7442626953125,2676,0.43890437920288666,5916.4033203125,60.0810546875,10.410225887452674,0.0249265947603139,0.32666015625,0.24884607656250068,0.2524950648437567,262,273,1.0419847328244274,69,3.0362616822429906,15,1669,0.0,5962.989173228347,286,320,2.5,0.25318653046875284,True
0.8,41,11935,1024,103,13,34,47,0.3671875,0.1005859375,8089,0.9874267578125,4466,0.5521078007170231,4916.6083984375,62.7451171875,11.214147421995635,0.09967029768854803,0.545166015625,0.24884607656250068,0.2524950648437567,13,21,1.6153846153846154,19,1.8291153415453527,14,1977,0.0,4926.229941291585,17,51,0.3984375,0.25318653046875284,True
0.8,42,48447,1024,2408,301,34,335,2.6171875,2.3515625,5784,0.7060546875,2305,0.39851313969571234,899.0595703125,19.9365234375,18.592918924929723,0.18883598842456997,0.2813720703125,0.24884607656250068,0.2524950648437567,301,312,1.0365448504983388,19,3.546875,9,1294,0.0,900.8189823874756,329,363,2.8359375,0.25318653046875284,True
0.8,43,15492,1024,103,13,34,47,0.3671875,0.1005859375,8089,0.9874267578125,3940,0.4870812214117938,3114.453125,45.23046875,13.196985620864028,0.06917967524387822,0.48095703125,0.24884607656250068,0.2524950648437567,13,21,1.6153846153846154,10,2.076923076923077,14,1910,0.0,3117.4975562072336,18,52,0.40625,0.25318653046875284,True
0.8,44,32513,1024,2832,354,34,388,3.03125,2.765625,5360,0.654296875,1871,0.3490671641791045,1532.1044921875,30.2119140625,16.27791974923226,0.20781661609367708,0.2283935546875,0.24884607656250068,0.2524950648437567,354,365,1.0310734463276836,17,4.370053475935829,6,1318,0.0,1535.1027397260275,387,421,3.2890625,0.25318653046875284,True
0.8,45,36099,1024,7,1,34,35,0.2734375,0.0068359375,8185,0.9991455078125,3813,0.46585216860109957,20775.7470703125,126.6787109375,4.955237114355471,0.08265445976338844,0.4654541015625,0.24884607656250068,0.2524950648437567,1,9,9.0,15,2.1445435466946483,8,2076,0.0,20796.055718475072,4,38,0.296875,0.25318653046875284,True
0.8,46,39260,1024,703,88,34,122,0.953125,0.6865234375,7489,0.9141845703125,2702,0.3607958338897049,1238.0966796875,20.4443359375,17.203258019548887,0.191594568283324,0.329833984375,0.24884607656250068,0.2524950648437567,88,66,0.75,175,2.967419474268789,12,1535,0.0,1264.0189431704885,63,97,0.7578125,0.25318653046875284,True
0.8,47,46517,1024,84,11,34,45,0.3515625,0.08203125,8108,0.98974609375,3754,0.4629995066600888,2001.5361328125,35.7587890625,15.117169262372084,0.2534655952876765,0.458251953125,0.24884607656250068,0.2524950648437567,11,19,1.7272727272727273,31,2.1737276845190516,12,1806,0.0,2007.4172380019588,14,48,0.375,0.25318653046875284,True
0.8,48,33095,1024,1925,241,34,275,2.1484375,1.8798828125,6267,0.7650146484375,2654,0.4234881123344503,1299.1201171875,27.9951171875,16.994310528895838,0.18179057409973323,0.323974609375,0.24884607656250068,0.2524950648437567,241,252,1.045643153526971,36,3.073501696192989,15,1416,0.0,1304.214705882353,263,297,2.3203125,0.25318653046875284,True
0.8,49,3,1024,2081,261,34,295,2.3046875,2.0322265625,6111,0.7459716796875,2692,0.44051710031091473,4142.9296875,50.302734375,11.957727982164627,0.25658020511908214,0.32861328125,0.24884607656250068,0.2524950648437567,261,257,0.9846743295019157,58,3.0222965440356746,6,1821,0.0,4171.445427728613,248,282,2.203125,0.25318653046875284,True
0.8,50,21683,1024,3321,416,34,450,3.515625,3.2431640625,4871,0.5946044921875,2081,0.4272223362759187,4051.6181640625,54.2900390625,12.054518513895667,0.0230157505137936,0.2540283203125,0.24884607656250068,0.2524950648437567,416,427,1.0264423076923077,10,3.9322115384615386,5,1457,0.0,4055.578690127077,453,487,3.8046875,0.25318653046875284,True
0.8,51,13446,1024,77,10,34,44,0.34375,0.0751953125,8115,0.9906005859375,4218,0.5197781885397412,5060.8291015625,62.9912109375,11.088586889417595,0.043644520481928246,0.514892578125,0.24884607656250068,0.2524950648437567,10,18,1.8,50,1.9305193265354517,16,2030,0.0,5090.657170923379,14,48,0.375,0.25318653046875284,True
0.8,52,49515,1024,155,20,34,54,0.421875,0.1513671875,8037,0.9810791015625,3524,0.4384720666915516,4064.2607421875,48.4384765625,12.04098798584976,0.1889530943323408,0.43017578125,0.24884607656250068,0.2524950648437567,20,29,1.45,111,2.2932160090831677,13,2025,0.0,4116.521266073195,23,57,0.4453125,0.25318653046875284,True
0.8,53,27943,1024,2034,255,34,289,2.2578125,1.986328125,6158,0.751708984375,3033,0.4925300422215005,9377.73828125,78.91796875,8.409822528100365,0.11017375050638989,0.3702392578125,0.24884607656250068,0.2524950648437567,255,266,1.0431372549019609,49,2.6846965699208445,13,1708,0.0,9433.00982318271,275,309,2.4140625,0.25318653046875284,True
0.8,54,29059,1024,1402,176,34,210,1.640625,1.369140625,6790,0.828857421875,3538,0.521060382916053,7819.7333984375,76.1396484375,9.198884141458077,-0.06120648454118185,0.431884765625,0.24884607656250068,0.2524950648437567,176,187,1.0625,7,2.3135425501837714,12,2051,,7819.7333984375,201,235,1.8359375,0.25318653046875284,True
0.8,55,32738,1024,62,8,34,42,0.328125,0.060546875,8130,0.992431640625,3706,0.45584255842558424,1640.9228515625,26.9892578125,15.979921978089111,0.44135504253663904,0.452392578125,0.24884607656250068,0.2524950648437567,8,16,2.0,78,2.18974358974359,13,1793,0.0,1655.472906403941,9,43,0.3359375,0.25318653046875284,True
0.8,56,445,1024,2307,289,34,323,2.5234375,2.2529296875,5885,0.7183837890625,2682,0.45573491928632115,6269.1337890625,58.8349609375,10.158728226876557,0.13918386821860632,0.327392578125,0.24884607656250068,0.2524950648437567,289,300,1.0380622837370241,33,3.042894442372249,7,1773,0.0,6293.71862745098,311,345,2.6953125,0.25318653046875284,True
0.8,57,32216,1024,2052,257,34,291,2.2734375,2.00390625,6140,0.74951171875,2871,0.46758957654723127,5903.0361328125,64.9384765625,10.420049192979002,0.07375224583071274,0.3504638671875,0.24884607656250068,0.2524950648437567,257,268,1.0428015564202335,60,2.832752613240418,8,1824,0.0,5943.666666666667,287,321,2.5078125,0.25318653046875284,True
0.8,58,18250,1024,170,22,34,56,0.4375,0.166015625,8022,0.979248046875,3928,0.48965345300423835,6820.18359375,70.77734375,9.7928429520273,0.0934780220621733,0.4794921875,0.24884607656250068,0.2524950648437567,22,31,1.4090909090909092,14,2.0822510822510822,10,2136,0.0,6826.850439882698,27,61,0.4765625,0.25318653046875284,True
0.8,59,1684,1024,240,30,34,64,0.5,0.234375,7952,0.970703125,3550,0.44642857142857145,3098.525390625,47.025390625,13.219253015753225,0.0943310704073327,0.433349609375,0.24884607656250068,0.2524950648437567,30,41,1.3666666666666667,102,2.2792335869258946,14,2048,0.0,3135.2667984189725,35,69,0.5390625,0.25318653046875284,True
0.8,60,2899,1024,2882,361,34,395,3.0859375,2.814453125,5310,0.648193359375,2095,0.3945386064030132,3748.75,44.109375,12.391938821003269,0.16703383494495277,0.2557373046875,0.24884607656250068,0.2524950648437567,361,372,1.0304709141274238,19,3.902578796561605,8,1388,0.0,3756.086105675147,377,411,3.2109375,0.25318653046875284,True
0.8,61,39428,1024,28,4,34,38,0.296875,0.02734375,8164,0.99658203125,3200,0.39196472317491426,5901.046875,55.900390625,10.42151296394479,0.10820757670869044,0.390625,0.24884607656250068,0.2524950648437567,4,12,3.0,15,2.5554860894029385,7,1885,0.0,5906.815249266862,6,40,0.3125,0.25318653046875284,True
0.8,62,40758,1024,320,40,34,74,0.578125,0.3125,7872,0.9609375,3608,0.4583333333333333,10623.845703125,89.056640625,7.867986063334261,0.023406667277515177,0.4404296875,0.24884607656250068,0.2524950648437567,40,51,1.275,9,2.2683670640421405,15,2026,0.0,10634.230694037145,49,83,0.6484375,0.25318653046875284,True
0.8,63,29154,1024,1659,208,34,242,1.890625,1.6201171875,6533,0.7974853515625,3298,0.5048216745752334,8692.95703125,75.8671875,8.739128279282431,0.04597523607345314,0.402587890625,0.24884607656250068,0.2524950648437567,208,219,1.0528846153846154,27,2.4761904761904763,15,1823,0.0,8718.499510284035,222,256,2.0,0.25318653046875284,True
0.8,64,43958,1024,3653,457,34,491,3.8359375,3.5673828125,4539,0.5540771484375,1560,0.34368803701255785,1308.9384765625,27.7861328125,16.96161126782656,0.11358007091369421,0.1904296875,0.24884607656250068,0.2524950648437567,457,468,1.0240700218818382,25,5.236048749198204,5,1085,0.0,1312.7845249755142,492,526,4.109375,0.25318653046875284,True
0.8,65,33814,1024,112,14,34,48,0.375,0.109375,8080,0.986328125,4050,0.5012376237623762,12279.76953125,91.818359375,7.2389014489709655,0.04471078375362941,0.494384765625,0.24884607656250068,0.2524950648437567,14,23,1.6428571428571428,18,2.0185230921215114,22,2012,0.0,12303.800391389432,18,52,0.40625,0.25318653046875284,True
0.8,66,34153,1024,44,6,34,40,0.3125,0.04296875,8148,0.99462890625,4325,0.5308051055473736,6407.9833984375,67.8466796875,10.063589829440893,0.08632826435127584,0.5279541015625,0.24884607656250068,0.2524950648437567,6,14,2.3333333333333335,52,1.8822849213691026,22,1807,0.0,6445.751473477407,9,43,0.3359375,0.25318653046875284,True
0.8,67,43609,1024,197,25,34,59,0.4609375,0.1923828125,7995,0.9759521484375,4111,0.5141963727329582,21410.7587890625,123.9404296875,4.824483020712135,7.340776597550038e-05,0.5018310546875,0.24884607656250068,0.2524950648437567,25,34,1.36,35,1.9844282238442823,86,2000,0.0,21494.722549019607,28,62,0.484375,0.25318653046875284,True
0.8,68,10762,1024,1929,242,34,276,2.15625,1.8837890625,6263,0.7645263671875,2950,0.47102027782212996,4195.62890625,46.84765625,11.902832919981954,0.2350236311595202,0.360107421875,0.24884607656250068,0.2524950648437567,242,253,1.0454545454545454,7,2.7744998304510005,8,1710,,4195.62890625,262,296,2.3125,0.25318653046875284,True
0.8,69,17898,1024,67,9,34,43,0.3359375,0.0654296875,8125,0.9918212890625,3425,0.42153846153846153,1793.2431640625,30.3349609375,15.594411769107456,0.2647420021026826,0.4180908203125,0.24884607656250068,0.2524950648437567,9,18,2.0,23,2.385514018691589,16,1627,0.0,1796.752446183953,11,45,0.3515625,0.25318653046875284,True
0.8,70,43653,1024,535,67,34,101,0.7890625,0.5224609375,7657,0.9346923828125,3198,0.41765704584040747,12064.8369140625,84.4873046875,7.315589051412518,-0.001500434061503152,0.390380859375,0.24884607656250068,0.2524950648437567,67,78,1.164179104477612,91,2.533312480450422,8,1896,0.0,12195.846989141164,73,107,0.8359375,0.25318653046875284,True
0.8,71,14233,1024,3676,460,34,494,3.859375,3.58984375,4516,0.55126953125,2052,0.45438441098317095,4172.306640625,46.677734375,11.92704141785147,0.27288605262890847,0.25048828125,0.24884607656250068,0.2524950648437567,460,471,1.0239130434782608,53,3.9673330082886396,6,1434,0.0,4196.897838899804,482,516,4.03125,0.25318653046875284,True
0.8,72,39520,1024,247,31,34,65,0.5078125,0.2412109375,7945,0.9698486328125,3704,0.46620516047828825,7760.005859375,74.158203125,9.232183116853315,0.07742905697440207,0.4521484375,0.24884607656250068,0.2524950648437567,31,40,1.2903225806451613,31,2.2036186875506347,21,2040,0.0,7782.807051909892,35,69,0.5390625,0.25318653046875284,True
0.8,73,18138,1024,212,27,34,61,0.4765625,0.20703125,7980,0.97412109375,3832,0.48020050125313285,2527.064453125,36.224609375,14.104640420664916,0.12072063594516136,0.4677734375,0.24884607656250068,0.2524950648437567,27,36,1.3333333333333333,20,2.132863482119551,17,1775,0.0,2532.009784735812,33,67,0.5234375,0.25318653046875284,True
0.8,74,9212,1024,209,27,34,61,0.4765625,0.2041015625,7983,0.9744873046875,4248,0.532130777903044,34126.2880859375,173.0126953125,2.799913082020315,2.5027705801249154e-05,0.5185546875,0.24884607656250068,0.2524950648437567,27,35,1.2962962962962963,12,1.9253590769955262,9,1905,0.0,34159.64711632454,33,67,0.5234375,0.25318653046875284,True
0.8,75,6456,1024,1222,153,34,187,1.4609375,1.193359375,6970,0.850830078125,3733,0.5355810616929698,9056.3017578125,83.4072265625,8.561294760023493,0.07888095420777076,0.4556884765625,0.24884607656250068,0.2524950648437567,153,164,1.0718954248366013,27,2.187566988210075,14,1872,0.0,9082.911851126346,170,204,1.59375,0.25318653046875284,True
0.8,76,22948,1024,21,3,34,37,0.2890625,0.0205078125,8171,0.9974365234375,3773,0.46175498714967567,5637.876953125,51.87890625,10.619647677221767,0.24637314863067408,0.4605712890625,0.24884607656250068,0.2524950648437567,3,11,3.6666666666666665,22,2.165694591728526,17,1946,0.0,5648.909980430529,6,40,0.3125,0.25318653046875284,True
0.8,77,7591,1024,2150,269,34,303,2.3671875,2.099609375,6042,0.737548828125,2637,0.43644488579940416,2480.29296875,39.6953125,14.185773787526594,0.14373896424717678,0.3218994140625,0.24884607656250068,0.2524950648437567,269,280,1.0408921933085502,13,3.1024279210925645,9,1509,0.0,2482.717497556207,292,326,2.546875,0.25318653046875284,True
0.8,78,29996,1024,1007,126,34,160,1.25,0.9833984375,7185,0.8770751953125,3215,0.4474599860821155,14285.2255859375,95.8974609375,6.58193257909436,0.015173561697663531,0.3924560546875,0.24884607656250068,0.2524950648437567,126,137,1.0873015873015872,78,2.523957685127567,8,1841,0.0,14411.892610837438,133,167,1.3046875,0.25318653046875284,True
0.8,79,10378,1024,25,4,34,38,0.296875,0.0244140625,8167,0.9969482421875,2942,0.3602301946859312,4305.201171875,42.45703125,11.790869110494452,0.03711391489561688,0.359130859375,0.24884607656250068,0.2524950648437567,4,12,3.0,47,2.769126147568854,15,1770,0.0,4326.325809617272,7,41,0.3203125,0.25318653046875284,True
0.8,80,27337,1024,93,12,34,46,0.359375,0.0908203125,8099,0.9886474609375,4350,0.5371033460921102,2474.4443359375,45.9482421875,14.19602672317459,0.1995858751114169,0.531005859375,0.25065819843750603,0.2498735593750041,12,20,1.6666666666666667,21,1.8781329041158887,15,1972,0.0,2479.2866927592954,15,49,0.3828125,0.25337036328124896,True
0.8,81,19965,1024,3318,415,34,449,3.5078125,3.240234375,4874,0.594970703125,1970,0.404185473943373,3756.5830078125,45.2568359375,12.38287371143051,0.2698369848448039,0.240478515625,0.25065819843750603,0.2498735593750041,415,426,1.0265060240963855,33,4.14118842051803,5,1380,0.0,3771.314705882353,445,479,3.7421875,0.25337036328124896,True
0.8,82,24405,1024,3090,387,34,421,3.2890625,3.017578125,5102,0.622802734375,2159,0.4231673853390827,1817.814453125,35.93359375,15.535308087676412,0.1284753601992332,0.2635498046875,0.25065819843750603,0.2498735593750041,387,398,1.028423772609819,26,3.782669138090825,5,1426,0.0,1823.1557296767874,419,453,3.5390625,0.25337036328124896,True
0.8,83,45135,1024,173,22,34,56,0.4375,0.1689453125,8019,0.9788818359375,4450,0.5549320364135178,6066.21484375,70.115234375,10.301625734552829,0.13656665696139117,0.543212890625,0.25065819843750603,0.2498735593750041,22,31,1.4090909090909092,69,1.825354012137559,16,1855,0.0,6113.98031496063,26,60,0.46875,0.25337036328124896,True
0.8,84,11274,1024,2440,305,34,339,2.6484375,2.3828125,5752,0.7021484375,2545,0.4424547983310153,4506.271484375,50.53515625,11.592630082305881,0.09529476135642398,0.3106689453125,0.25065819843750603,0.2498735593750041,305,316,1.0360655737704918,43,3.202437106918239,7,1636,0.0,4528.382728164867,323,357,2.7890625,0.25337036328124896,True
0.8,85,1941,1024,2475,310,34,344,2.6875,2.4169921875,5717,0.6978759765625,2429,0.4248731852370124,973.681640625,23.80078125,18.246633796779005,0.19935752408155016,0.2965087890625,0.25065819843750603,0.2498735593750041,310,321,1.0354838709677419,19,3.365321252059308,7,1328,0.0,975.587084148728,340,374,2.921875,0.25337036328124896,True
0.8,86,48940,1024,4036,505,34,539,4.2109375,3.94140625,4156,0.50732421875,1500,0.36092396535129934,2184.6650390625,35.5537109375,14.736955020961922,0.10729142533501466,0.18310546875,0.25065819843750603,0.2498735593750041,505,516,1.0217821782178218,67,5.419613075383589,6,1077,0.0,2201.8671259842517,533,567,4.4296875,0.25337036328124896,True
0.8,87,36794,1024,206,26,34,60,0.46875,0.201171875,7986,0.974853515625,3808,0.47683446030553467,11906.30859375,87.107421875,7.373032262414624,0.07328385438788336,0.46484375,0.25065819843750603,0.2498735593750041,26,35,1.3461538461538463,61,2.1352771210927237,8,2058,0.0,11988.25958702065,29,63,0.4921875,0.25337036328124896,True
0.8,88,21994,1024,217,28,34,62,0.484375,0.2119140625,7975,0.9735107421875,3714,0.465705329153605,6062.7548828125,64.8466796875,10.304103508044546,0.07266421366366548,0.453369140625,0.25065819843750603,0.2498735593750041,28,37,1.3214285714285714,13,2.201992997576084,13,2049,0.0,6068.681329423265,33,67,0.5234375,0.25337036328124896,True
0.8,89,49944,1024,1568,196,34,230,1.796875,1.53125,6624,0.80859375,2887,0.43583937198067635,3333.4912109375,43.4677734375,12.901810464629879,0.15870931358346094,0.3524169921875,0.25065819843750603,0.2498735593750041,196,207,1.0561224489795917,48,2.8215523215523217,17,1688,0.0,3353.138506876228,211,245,1.9140625,0.25337036328124896,True
0.8,90,43442,1024,220,28,34,62,0.484375,0.21484375,7972,0.97314453125,2780,0.34872052182639235,365.861328125,8.25,22.49763854276926,0.638634986085785,0.33935546875,0.25065819843750603,0.2498735593750041,28,37,1.3214285714285714,221,2.8679381072328174,9,1377,0.0,375.7693079237713,26,60,0.46875,0.25337036328124896,True
0.8,91,45096,1024,64,8,34,42,0.328125,0.0625,8128,0.9921875,3297,0.405634842519685,1012.46484375,22.55859375,18.077004089125207,0.26394454584357635,0.4024658203125,0.25065819843750603,0.2498735593750041,8,16,2.0,20,2.4790655339805827,9,1707,0.0,1014.4461839530333,12,46,0.359375,0.25337036328124896,True
0.8,92,42430,1024,1799,225,34,259,2.0234375,1.7568359375,6393,0.7803955078125,2599,0.40653840137650554,558.7958984375,14.3271484375,20.658271511360347,0.26178108480714135,0.3172607421875,0.25065819843750603,0.2498735593750041,225,236,1.048888888888889,92,3.1162432640492685,12,1136,0.0,564.8637709772952,235,269,2.1015625,0.25337036328124896,True
0.8,93,42255,1024,250,32,34,66,0.515625,0.244140625,7942,0.969482421875,3857,0.48564593301435405,9323.486328125,85.1953125,8.43502022553699,0.09477807759939036,0.4708251953125,0.25065819843750603,0.2498735593750041,32,43,1.34375,44,2.112551867219917,7,2170,0.0,9369.234543670265,36,70,0.546875,0.25337036328124896,True
0.8,94,5771,1024,7,1,34,35,0.2734375,0.0068359375,8185,0.9991455078125,4642,0.5671350030543677,30773.9658203125,161.4580078125,3.2489689377563016,0.028660498355079878,0.566650390625,0.25065819843750603,0.2498735593750041,1,9,9.0,23,1.7588881706528765,62,1885,0.0,30834.188845401175,4,38,0.296875,0.25337036328124896,True
0.8,95,8320,1024,2020,253,34,287,2.2421875,1.97265625,6172,0.75341796875,2829,0.4583603370058328,3824.3251953125,53.2158203125,12.30525546164231,0.09125424068668779,0.3453369140625,0.25065819843750603,0.2498735593750041,253,264,1.0434782608695652,18,2.8882602545968883,8,1878,0.0,3831.8091976516635,274,308,2.40625,0.25337036328124896,True
0.8,96,48807,1024,44,6,34,40,0.3125,0.04296875,8148,0.99462890625,3961,0.48613156602847324,4549.98828125,53.578125,11.550700827591527,0.10131171286795491,0.4835205078125,0.25065819843750603,0.2498735593750041,6,14,2.3333333333333335,18,2.062626262626263,11,1834,0.0,4558.892367906066,10,44,0.34375,0.25337036328124896,True
0.8,97,2675,1024,67,9,34,43,0.3359375,0.0654296875,8125,0.9918212890625,3694,0.45464615384615387,1492.7607421875,30.7001953125,16.390901557379458,0.35780414653104864,0.450927734375,0.25065819843750603,0.2498735593750041,9,17,1.8888888888888888,7,2.21608448415922,14,1803,,1492.7607421875,12,46,0.359375,0.25337036328124896,True
0.8,98,37658,1024,663,83,34,117,0.9140625,0.6474609375,7529,0.9190673828125,3448,0.4579625448266702,16953.701171875,100.37109375,5.838158369097481,0.017607005475824434,0.4208984375,0.25065819843750603,0.2498735593750041,83,94,1.1325301204819278,58,2.359442993907746,30,1781,0.0,17070.39331366765,94,128,1.0,0.25337036328124896,True
0.8,99,45710,1024,492,62,34,96,0.75,0.48046875,7700,0.93994140625,4046,0.5254545454545455,13153.4140625,104.744140625,6.940418691779371,0.07052535167002057,0.493896484375,0.25065819843750603,0.2498735593750041,62,73,1.1774193548387097,27,2.0175525339925833,15,2060,0.0,13192.062683643488,71,105,0.8203125,0.25337036328124896,True
0.8,100,15813,1024,90,12,34,46,0.359375,0.087890625,8102,0.989013671875,3504,0.4324858059738336,833.8369140625,19.5595703125,18.919992433820415,0.2592222496935615,0.427734375,0.25065819843750603,0.2498735593750041,12,21,1.75,19,2.3328575506708535,14,1675,0.0,835.4686888454012,15,49,0.3828125,0.25337036328124896,True
0.8,101,7135,1024,3076,385,34,419,3.2734375,3.00390625,5116,0.62451171875,2379,0.46501172791243156,744.2265625,21.234375,19.413751943206563,0.15409951575930955,0.2904052734375,0.25065819843750603,0.2498735593750041,385,396,1.0285714285714285,39,3.427249789739277,7,1167,0.0,747.1450980392157,421,455,3.5546875,0.25337036328124896,True
0.8,102,31775,1024,282,36,34,70,0.546875,0.275390625,7910,0.965576171875,3301,0.4173198482932996,616.0927734375,17.7822265625,20.234342461738734,0.2094488528000568,0.4029541015625,0.25065819843750603,0.2498735593750041,36,45,1.25,36,2.471212121212121,14,1579,0.0,618.5088235294118,39,73,0.5703125,0.25337036328124896,True
0.8,103,31772,1024,3091,387,34,421,3.2890625,3.0185546875,5101,0.6226806640625,2301,0.4510880219564791,4023.453125,47.255859375,12.084814148973503,0.06655860300132904,0.2808837890625,0.25065819843750603,0.2498735593750041,387,398,1.028423772609819,39,3.5430434782608695,6,1508,0.0,4039.2313725490194,412,446,3.484375,0.25337036328124896,True
0.8,104,25160,1024,377,48,34,82,0.640625,0.3681640625,7815,0.9539794921875,3826,0.48957133717210494,2594.8671875,43.50390625,13.989652265107775,0.19157119665767242,0.467041015625,0.25065819843750603,0.2498735593750041,48,59,1.2291666666666667,23,2.134640522875817,8,1931,0.0,2599.945205479452,57,91,0.7109375,0.25337036328124896,True
0.8,105,36108,1024,1912,239,34,273,2.1328125,1.8671875,6280,0.7666015625,2606,0.41496815286624206,6488.31640625,65.671875,10.009483405436887,0.07281953586138548,0.318115234375,0.25065819843750603,0.2498735593750041,239,250,1.0460251046025104,140,3.090595009596929,7,1588,0.0,6597.851042701092,254,288,2.25,0.25337036328124896,True
0.8,106,1260,1024,44,6,34,40,0.3125,0.04296875,8148,0.99462890625,3523,0.4323760432007855,4699.634765625,50.177734375,11.410162530251908,0.06548844580279818,0.4300537109375,0.25065819843750603,0.2498735593750041,6,14,2.3333333333333335,15,2.320556501987507,7,1896,0.0,4704.228739002932,8,42,0.328125,0.25337036328124896,True
0.8,107,37885,1024,868,109,34,143,1.1171875,0.84765625,7324,0.89404296875,3416,0.4664117968323321,12266.4267578125,95.2451171875,7.243622908360995,0.0016134905018698874,0.4169921875,0.25065819843750603,0.2498735593750041,109,120,1.1009174311926606,37,2.387701317715959,8,1944,0.0,12314.530392156863,117,151,1.1796875,0.25337036328124896,True
0.8,108,41535,1024,7,1,34,35,0.2734375,0.0068359375,8185,0.9991455078125,3583,0.4377519853390348,19386.240234375,122.7890625,5.255867706541303,0.0897188649870212,0.4373779296875,0.25065819843750603,0.2498735593750041,1,9,9.0,127,2.2445561139028474,11,1936,0.0,19674.44003964321,4,38,0.296875,0.25337036328124896,True
0.8,109,44889,1024,136,17,34,51,0.3984375,0.1328125,8056,0.9833984375,3795,0.471077457795432,4926.3759765625,53.5068359375,11.205528071375836,0.05781542168332293,0.4632568359375,0.25065819843750603,0.2498735593750041,17,25,1.4705882352941178,39,2.1486557722720083,13,1882,0.0,4945.695098039216,20,54,0.421875,0.25337036328124896,True
0.8,110,28184,1024,3282,411,34,445,3.4765625,3.205078125,4910,0.599365234375,1953,0.39775967413441954,1649.6162109375,30.0966796875,15.956974450537661,0.16462392606306825,0.2384033203125,0.25065819843750603,0.2498735593750041,411,422,1.02676399026764,25,4.177766393442623,9,1259,0.0,1654.4632713026444,449,483,3.7734375,0.25337036328124896,True
0.8,111,25319,1024,112,14,34,48,0.375,0.109375,8080,0.986328125,4177,0.5169554455445544,5240.9248046875,60.7314453125,10.936724322554827,0.07780267506984699,0.5098876953125,0.25065819843750603,0.2498735593750041,14,23,1.6428571428571428,27,1.9547413793103448,16,1851,0.0,5256.324191968658,19,53,0.4140625,0.25337036328124896,True
0.8,112,11010,1024,659,83,34,117,0.9140625,0.6435546875,7533,0.9195556640625,3646,0.4840037169786274,4195.3828125,47.357421875,11.903087661987492,0.14877381309716262,0.445068359375,0.25065819843750603,0.2498735593750041,83,51,0.6144578313253012,40,2.235939643347051,9,1918,0.0,4215.968596663395,84,118,0.921875,0.25337036328124896,True
0.8,113,33880,1024,45,6,34,40,0.3125,0.0439453125,8147,0.9945068359375,3283,0.40297041855897875,976.8896484375,21.6923828125,18.23234853220193,0.1328137195792794,0.4007568359375,0.25065819843750603,0.2498735593750041,6,14,2.3333333333333335,8,2.4932967702620354,12,1746,0.0,977.8445747800587,9,43,0.3359375,0.25337036328124896,True
0.8,114,19307,1024,465,59,34,93,0.7265625,0.4541015625,7727,0.9432373046875,3466,0.4485570078943963,2381.6494140625,38.2216796875,14.36202528466711,0.14796168781639343,0.423095703125,0.25065819843750603,0.2498735593750041,59,70,1.1864406779661016,158,2.318037518037518,14,1798,0.0,2426.675621890547,59,93,0.7265625,0.25337036328124896,True
0.8,115,12236,1024,7,1,34,35,0.2734375,0.0068359375,8185,0.9991455078125,2107,0.25742211362248013,6252.1591796875,45.1962890625,10.170503342623045,0.0683359819917323,0.2572021484375,0.25065819843750603,0.2498735593750041,1,9,9.0,15,3.848053181386515,8,1283,0.0,6258.270772238514,4,38,0.296875,0.25337036328124896,True
0.8,116,13805,1024,458,58,34,92,0.71875,0.447265625,7734,0.944091796875,3692,0.4773726402896302,2801.0234375,43.822265625,13.657636180799244,0.12797561645218627,0.45068359375,0.25065819843750603,0.2498735593750041,58,69,1.1896551724137931,50,2.204280682741804,14,1828,0.0,2817.532416502947,59,93,0.7265625,0.25337036328124896,True
0.8,117,5814,1024,105,14,34,48,0.375,0.1025390625,8087,0.9871826171875,3502,0.43304068257697537,5052.1044921875,52.9658203125,11.096080364210522,0.06861981015482721,0.427490234375,0.25065819843750603,0.2498735593750041,14,22,1.5714285714285714,15,2.3353327620679805,10,1933,0.0,5057.043010752688,15,49,0.3828125,0.25337036328124896,True
0.8,118,48485,1024,71,9,34,43,0.3359375,0.0693359375,8121,0.9913330078125,3727,0.45893362886344047,6155.35546875,63.37109375,10.238272225836951,0.05593658547267971,0.4549560546875,0.25065819843750603,0.2498735593750041,9,17,1.8888888888888888,19,2.19296833064949,8,2081,0.0,6167.401174168297,13,47,0.3671875,0.25337036328124896,True
0.8,119,12248,1024,7,1,34,35,0.2734375,0.0068359375,8185,0.9991455078125,3404,0.41588271227855833,15032.712890625,96.7734375,6.360429979050716,0.04075705209861439,0.41552734375,0.25065819843750603,0.2498735593750041,1,9,9.0,13,2.4025859535703793,9,1894,0.0,15047.407624633432,4,38,0.296875,0.25337036328124896,True
0.8,120,458,1024,2904,363,34,397,3.1015625,2.8359375,5288,0.6455078125,2527,0.477874432677761,5017.23046875,56.80078125,11.12616309868568,0.37784334940890774,0.3084716796875,0.25065819843750603,0.2498735593750041,363,374,1.0303030303030303,16,3.235946159936659,7,1653,0.0,5027.048923679061,394,428,3.34375,0.25337036328124896,True
0.8,121,319,1024,43,6,34,40,0.3125,0.0419921875,8149,0.9947509765625,3837,0.4708553196711253,9823.921875,76.203125,8.207954607955033,0.04453858978288712,0.4683837890625,0.25065819843750603,0.2498735593750041,6,14,2.3333333333333335,3,2.1345151199165797,19,1955,,9823.921875,8,42,0.328125,0.25337036328124896,True
0.8,122,21496,1024,104,13,34,47,0.3671875,0.1015625,8088,0.9873046875,3721,0.4600642927794263,8026.6171875,72.662109375,9.085478101523611,0.08396368758661744,0.4542236328125,0.25065819843750603,0.2498735593750041,13,21,1.6153846153846154,14,2.1981182795698926,14,1929,0.0,8034.463343108504,18,52,0.40625,0.25337036328124896,True
0.8,123,20390,1024,2677,335,34,369,2.8828125,2.6142578125,5515,0.6732177734375,2485,0.45058930190389845,7581.4326171875,72.7451171875,9.333290814956275,0.06484352321318759,0.3033447265625,0.25065819843750603,0.2498735593750041,335,346,1.0328358208955224,27,3.2685185185185186,7,1732,0.0,7603.709108716944,354,388,3.03125,0.25337036328124896,True
0.8,124,33691,1024,734,92,34,126,0.984375,0.716796875,7458,0.910400390625,3319,0.44502547599892733,3960.306640625,41.501953125,12.153515468677604,0.08934104771883249,0.4051513671875,0.25065819843750603,0.2498735593750041,92,103,1.1195652173913044,60,2.450271247739602,12,1676,0.0,3987.565388397247,102,136,1.0625,0.25337036328124896,True
0.8,125,33872,1024,219,28,34,62,0.484375,0.2138671875,7973,0.9732666015625,3904,0.48965257744889,9038.8291015625,83.3271484375,8.569681856652895,0.06436170606340455,0.4765625,0.25065819843750603,0.2498735593750041,28,37,1.3214285714285714,27,2.0909556751217013,8,2153,0.0,9065.387855044075,34,68,0.53125,0.25337036328124896,True
0.8,126,46987,1024,44,6,34,40,0.3125,0.04296875,8148,0.99462890625,4143,0.5084683357879234,3107.138671875,46.681640625,13.207197245790843,0.3141782823484461,0.5057373046875,0.25065819843750603,0.2498735593750041,6,14,2.3333333333333335,29,1.9693384838242396,15,1842,0.0,3116.2683643486776,9,43,0.3359375,0.25337036328124896,True
0.8,127,26772,1024,3163,396,34,430,3.359375,3.0888671875,5029,0.6138916015625,2122,0.42195267448796975,2290.7822265625,36.1943359375,14.530965559638,0.08896599952498428,0.259033203125,0.25065819843750603,0.2498735593750041,396,407,1.0277777777777777,28,3.843941537010844,6,1316,0.0,2297.513222331048,422,456,3.5625,0.25337036328124896,True
0.8,128,7057,1024,203,26,34,60,0.46875,0.1982421875,7989,0.9752197265625,3685,0.46125923144323444,15164.9716796875,101.6298828125,6.322387572576229,0.00029468498714480576,0.4498291015625,0.25065819843750603,0.2498735593750041,26,35,1.3461538461538463,99,2.1959826275787186,8,1991,0.0,15344.79347826087,27,61,0.4765625,0.25337036328124896,True
0.8,129,30014,1024,1290,162,34,196,1.53125,1.259765625,6902,0.842529296875,3775,0.5469429150970733,12210.5615234375,93.7236328125,7.263447246934644,0.07653554387116404,0.4608154296875,0.25065819843750603,0.2498735593750041,162,173,1.0679012345679013,3,2.169581346051934,7,1945,,12210.5615234375,181,215,1.6796875,0.25337036328124896,True
0.8,130,48237,1024,3743,468,34,502,3.921875,3.6552734375,4449,0.5430908203125,1225,0.27534277365700155,1226.1591796875,23.1357421875,17.245335070212057,0.1308714206763906,0.1495361328125,0.25065819843750603,0.2498735593750041,468,479,1.0235042735042734,29,6.594771241830065,5,954,0.0,1229.7619980411362,504,538,4.203125,0.25337036328124896,True
0.8,131,4823,1024,112,14,34,48,0.375,0.109375,8080,0.986328125,4025,0.49814356435643564,13613.3837890625,102.5302734375,6.791142725298879,0.10905929742931397,0.4913330078125,0.25065819843750603,0.2498735593750041,14,23,1.6428571428571428,15,2.0318091451292246,16,2123,0.0,13626.69110459433,18,52,0.40625,0.25337036328124896,True
0.8,132,26627,1024,1250,157,34,191,1.4921875,1.220703125,6942,0.847412109375,3243,0.4671564390665514,2324.521484375,39.484375,14.467467963662745,0.10277774355549324,0.3958740234375,0.25065819843750603,0.2498735593750041,157,168,1.070063694267516,19,2.5203578038247993,7,1741,0.0,2329.0704500978472,182,216,1.6875,0.25337036328124896,True
0.8,133,12293,1024,160,20,34,54,0.421875,0.15625,8032,0.98046875,3786,0.47136454183266935,5445.4296875,61.671875,10.77048206152157,0.06544290374403829,0.462158203125,0.25065819843750603,0.2498735593750041,20,29,1.45,19,2.1590488771466316,13,1872,0.0,5456.086105675146,25,59,0.4609375,0.25337036328124896,True
0.8,134,32803,1024,1075,135,34,169,1.3203125,1.0498046875,7117,0.8687744140625,2592,0.3641983982014894,1070.8779296875,24.7763671875,17.833403928227874,0.18567775958205537,0.31640625,0.25065819843750603,0.2498735593750041,135,146,1.0814814814814815,92,3.125048243921266,23,1554,0.0,1082.5064165844028,147,181,1.4140625,0.25337036328124896,True
0.8,135,41882,1024,209,27,34,61,0.4765625,0.2041015625,7983,0.9744873046875,3806,0.4767631216334711,13743.130859375,95.892578125,6.749946790862808,0.1691017392862747,0.464599609375,0.25065819843750603,0.2498735593750041,27,36,1.3333333333333333,36,2.142706964520368,12,2145,0.0,13797.025490196078,31,65,0.5078125,0.25337036328124896,True
0.8,136,10235,1024,1033,130,34,164,1.28125,1.0087890625,7159,0.8739013671875,2711,0.3786841737672859,669.4951171875,18.2744140625,19.873329469377435,0.306652502579766,0.3309326171875,0.25065819843750603,0.2498735593750041,130,141,1.0846153846153845,25,3.0132841328413282,10,1388,0.0,671.462291870715,136,170,1.328125,0.25337036328124896,True
0.8,137,30033,1024,1142,143,34,177,1.3828125,1.115234375,7050,0.860595703125,3202,0.4541843971631206,4071.548828125,49.544921875,12.033207134231773,0.09892822614023074,0.390869140625,0.25065819843750603,0.2498735593750041,143,154,1.0769230769230769,25,2.5507653858169324,10,1754,0.0,4083.5122428991185,157,191,1.4921875,0.25337036328124896,True
0.8,138,20042,1024,70,9,34,43,0.3359375,0.068359375,8122,0.991455078125,4255,0.5238857424279734,4694.47265625,58.458984375,11.414935470865666,0.043221291856409126,0.5194091796875,0.25065819843750603,0.2498735593750041,9,17,1.8888888888888888,19,1.9207804419370005,13,1867,0.0,4703.659491193738,13,47,0.3671875,0.25337036328124896,True
0.8,139,29399,1024,68,9,34,43,0.3359375,0.06640625,8124,0.99169921875,3954,0.48670605612998524,9982.369140625,81.46875,8.13846735152246,0.12657284102666627,0.482666015625,0.25065819843750603,0.2498735593750041,9,17,1.8888888888888888,39,2.062231216797369,14,2212,0.0,10021.51568627451,11,45,0.3515625,0.25337036328124896,True
0.8,140,6463,1024,45,6,34,40,0.3125,0.0439453125,8147,0.9945068359375,4389,0.5387259113784215,7488.6103515625,77.5107421875,9.386791269657065,0.05756097816435385,0.5357666015625,0.25065819843750603,0.2498735593750041,6,14,2.3333333333333335,7,1.8648587055606198,13,1919,,7488.6103515625,9,43,0.3359375,0.25337036328124896,True
0.8,141,25920,1024,2717,340,34,374,2.921875,2.6533203125,5475,0.6683349609375,2261,0.41296803652968034,892.388671875,24.888671875,18.625263122249624,0.33516381868594974,0.2760009765625,0.25065819843750603,0.2498735593750041,340,351,1.0323529411764707,28,3.611061946902655,7,1372,0.0,895.0107737512243,370,404,3.15625,0.25337036328124896,True
0.8,142,10327,1024,7,1,34,35,0.2734375,0.0068359375,8185,0.9991455078125,4214,0.5148442272449603,22041.005859375,140.28125,4.698489508511291,0.03909978369539226,0.514404296875,0.25065819843750603,0.2498735593750041,1,9,9.0,12,1.9406598623308806,9,2191,0.0,22062.551319648093,4,38,0.296875,0.25337036328124896,True
0.8,143,3805,1024,2741,343,34,377,2.9453125,2.6767578125,5451,0.6654052734375,2151,0.39460649422124383,1161.2734375,25.859375,17.481458685924107,0.13968609588455005,0.2625732421875,0.25065819843750603,0.2498735593750041,343,354,1.032069970845481,21,3.79953488372093,9,1353,0.0,1163.545988258317,380,414,3.234375,0.25337036328124896,True
0.8,144,37879,1024,860,108,34,142,1.109375,0.83984375,7332,0.89501953125,2919,0.3981178396072013,2614.978515625,46.3046875,13.956122357655117,0.49260800581113195,0.3563232421875,0.25065819843750603,0.2498735593750041,108,119,1.1018518518518519,27,2.797464016449623,6,2081,0.0,2622.662095984329,116,150,1.171875,0.25337036328124896,True
0.8,145,22721,1024,1830,229,34,263,2.0546875,1.787109375,6362,0.776611328125,2979,0.46824897830870793,2654.255859375,39.703125,13.89137576115357,0.24621059171177267,0.3636474609375,0.25065819843750603,0.2498735593750041,229,237,1.034934497816594,11,2.7464741437206177,15,1740,0.0,2656.850439882698,234,268,2.09375,0.25337036328124896,True
0.8,146,43932,1024,2473,310,34,344,2.6875,2.4150390625,5719,0.6981201171875,2488,0.4350410910998426,6294.7236328125,55.4443359375,10.141036935216128,0.3749743826733509,0.3037109375,0.25065819843750603,0.2498735593750041,310,321,1.0354838709677419,51,3.272617611580217,6,1657,0.0,6331.824165029469,332,366,2.859375,0.25337036328124896,True
0.8,147,47270,1024,2750,344,34,378,2.953125,2.685546875,5442,0.664306640625,2696,0.4954061006982727,3118.5009765625,47.0458984375,13.19134476480876,0.05765737567671633,0.3291015625,0.25065819843750603,0.2498735593750041,344,355,1.0319767441860466,27,3.027829313543599,7,1567,0.0,3127.6640548481882,380,414,3.234375,0.25337036328124896,True
0.8,148,11091,1024,3278,410,34,444,3.46875,3.201171875,4914,0.599853515625,1892,0.385022385022385,3169.9169921875,37.6767578125,13.120324709867273,0.3491124401183335,0.23095703125,0.25065819843750603,0.2498735593750041,410,421,1.026829268292683,17,4.314119513484928,6,1345,0.0,3176.1203522504893,434,468,3.65625,0.25337036328124896,True
0.8,149,9736,1024,1064,133,34,167,1.3046875,1.0390625,7128,0.8701171875,3477,0.4877946127946128,6629.7666015625,66.3388671875,9.915821213677683,0.06698753516167687,0.4244384765625,0.25065819843750603,0.2498735593750041,133,144,1.0827067669172932,22,2.350115074798619,7,1868,0.0,6642.740704500979,142,176,1.375,0.25337036328124896,True
0.8,150,23206,1024,68,9,34,43,0.3359375,0.06640625,8124,0.99169921875,3554,0.43746922698178237,5678.203125,55.759765625,10.588694364877318,0.1603183288907313,0.433837890625,0.25065819843750603,0.2498735593750041,9,17,1.8888888888888888,29,2.2972136222910216,9,1981,0.0,5694.88736532811,12,46,0.359375,0.25337036328124896,True
0.8,151,25039,1024,2923,366,34,400,3.125,2.8544921875,5269,0.6431884765625,2403,0.45606376921617003,2075.2998046875,36.9482421875,14.95999515667432,0.09280136278535446,0.2933349609375,0.25065819843750603,0.2498735593750041,366,377,1.030054644808743,9,3.4059117402164865,6,1495,0.0,2077.3284457478007,401,435,3.3984375,0.25337036328124896,True
0.8,152,21014,1024,7,1,34,35,0.2734375,0.0068359375,8185,0.9991455078125,2912,0.3557727550397068,17491.58984375,96.634765625,5.702510757466874,0.045170081610979684,0.35546875,0.25065819843750603,0.2498735593750041,1,9,9.0,87,2.750944692545517,8,1577,0.0,17664.090729783038,4,38,0.296875,0.25337036328124896,True
0.8,153,32412,1024,220,28,34,62,0.484375,0.21484375,7972,0.97314453125,3585,0.44969894631209234,1948.7724609375,35.3759765625,15.233192271007749,0.11755194754771979,0.4376220703125,0.25065819843750603,0.2498735593750041,28,37,1.3214285714285714,10,2.2826450892857144,10,1809,0.0,1950.6774193548388,35,69,0.5390625,0.25337036328124896,True
0.8,154,34022,1024,413,52,34,86,0.671875,0.4033203125,7779,0.9495849609375,3007,0.38655354158632216,1239.8994140625,21.6259765625,17.19693906100416,0.24475934373966943,0.3670654296875,0.25065819843750603,0.2498735593750041,52,63,1.2115384615384615,29,2.7152361942781105,15,1442,0.0,1243.5426052889325,58,92,0.71875,0.25337036328124896,True
0.8,155,21369,1024,181,23,34,57,0.4453125,0.1767578125,8011,0.9779052734375,3482,0.4346523530146049,5208.4775390625,47.0478515625,10.963695652094538,0.12760328633472492,0.425048828125,0.25065819843750603,0.2498735593750041,23,28,1.2173913043478262,23,2.346164895145073,16,1858,0.0,5218.670254403131,20,54,0.421875,0.25337036328124896,True
0.8,156,41654,1024,484,61,34,95,0.7421875,0.47265625,7708,0.94091796875,3640,0.4722366372599896,9772.2255859375,86.7548828125,8.230868770244477,-0.0001759185384072551,0.4443359375,0.25065819843750603,0.2498735593750041,61,72,1.180327868852459,59,2.2346798571036,8,2044,0.0,9839.487708947885,64,98,0.765625,0.25337036328124896,True
0.8,157,11953,1024,7,1,34,35,0.2734375,0.0068359375,8185,0.9991455078125,3910,0.4777031154551008,24389.4921875,139.6796875,4.258776028855657,0.06422202619835923,0.477294921875,0.25065819843750603,0.2498735593750041,1,9,9.0,14,2.091327705295472,8,2023,0.0,24413.333333333332,4,38,0.296875,0.25337036328124896,True
0.8,158,13700,1024,37,5,34,39,0.3046875,0.0361328125,8155,0.9954833984375,4382,0.5373390557939914,7663.828125,76.365234375,9.28634604515727,0.11790524028305285,0.534912109375,0.25065819843750603,0.2498735593750041,5,13,2.6,46,1.8589363159096097,15,1837,0.0,7701.4327772325805,8,42,0.328125,0.25337036328124896,True
0.8,159,38205,1024,198,25,34,59,0.4609375,0.193359375,7994,0.975830078125,3678,0.4600950713034776,4668.1103515625,46.8232421875,11.439392468904224,0.14075272748518294,0.448974609375,0.25065819843750603,0.2498735593750041,25,34,1.36,15,2.2235518085395705,9,1805,0.0,4672.673509286413,30,64,0.5,0.25337036328124896,True
0.8,160,40129,1024,952,119,34,153,1.1953125,0.9296875,7240,0.8837890625,3369,0.46533149171270716,13251.7568359375,106.6787109375,6.908069027026179,0.18098831254672013,0.4112548828125,0.25065819843750603,0.2498735593750041,119,130,1.0924369747899159,81,2.407957244655582,9,1714,0.0,13382.444773175543,128,162,1.265625,0.25337036328124896,True
0.8,161,17080,1024,407,51,34,85,0.6640625,0.3974609375,7785,0.9503173828125,3885,0.49903660886319845,3572.7978515625,45.8115234375,12.60071916295617,0.012587434853717385,0.4742431640625,0.25065819843750603,0.2498735593750041,51,47,0.9215686274509803,63,2.092687950566426,14,1771,0.0,3597.3893805309735,35,69,0.5390625,0.25337036328124896,True
0.8,162,1505,1024,67,9,34,43,0.3359375,0.0654296875,8125,0.9918212890625,4091,0.5035076923076923,13730.6640625,100.73046875,6.753888191369603,0.032001490452105645,0.4993896484375,0.25065819843750603,0.2498735593750041,9,18,2.0,3,2.0019559902200488,14,2025,,13730.6640625,11,45,0.3515625,0.25337036328124896,True
0.8,163,36391,1024,103,13,34,47,0.3671875,0.1005859375,8089,0.9874267578125,3969,0.49066633700086537,6262.728515625,64.560546875,10.1631677508413,0.0712268519084976,0.4844970703125,0.25065819843750603,0.2498735593750041,13,21,1.6153846153846154,11,2.0599798387096775,10,2142,0.0,6268.850439882698,17,51,0.3984375,0.25337036328124896,True
0.8,164,24660,1024,43,6,34,40,0.3125,0.0419921875,8149,0.9947509765625,3901,0.4787090440544852,3685.5078125,46.9453125,12.465830247183797,0.11748865686229004,0.4761962890625,0.25065819843750603,0.2498735593750041,6,14,2.3333333333333335,11,2.0974358974358975,11,1910,0.0,3689.11045943304,9,43,0.3359375,0.25337036328124896,True
0.8,165,24061,1024,316,40,34,74,0.578125,0.30859375,7876,0.96142578125,3017,0.383062468257999,4667.2314453125,50.4267578125,11.44021023036153,0.09939590951007557,0.3682861328125,0.25065819843750603,0.2498735593750041,40,51,1.275,7,2.6949602122015914,7,1872,,4667.2314453125,40,74,0.578125,0.25337036328124896,True
0.8,166,10964,1024,197,25,34,59,0.4609375,0.1923828125,7995,0.9759521484375,4157,0.5199499687304565,4880.66015625,61.564453125,11.24601792384446,0.11502077493896631,0.5074462890625,0.25065819843750603,0.2498735593750041,25,34,1.36,20,1.966073147256978,23,1998,0.0,4890.211350293542,30,64,0.5,0.25337036328124896,True
0.8,167,20807,1024,672,84,34,118,0.921875,0.65625,7520,0.91796875,3646,0.4848404255319149,5032.9208984375,60.8037109375,11.112602561497031,0.09787160533527793,0.445068359375,0.25065819843750603,0.2498735593750041,84,95,1.130952380952381,9,2.2444444444444445,11,2011,0.0,5037.840664711633,94,128,1.0,0.25337036328124896,True
0.8,168,33388,1024,84,11,34,45,0.3515625,0.08203125,8108,0.98974609375,4141,0.5107301430685742,3494.5966796875,49.7978515625,12.696833009274371,0.04250128339248641,0.5054931640625,0.25065819843750603,0.2498735593750041,11,19,1.7272727272727273,19,1.9734299516908214,12,1986,0.0,3501.43542074364,14,48,0.375,0.25337036328124896,True
0.8,169,34571,1024,25,4,34,38,0.296875,0.0244140625,8167,0.9969482421875,3766,0.4611240357536427,21995.798828125,116.376953125,4.707406218636496,0.02734991053440159,0.459716796875,0.25065819843750603,0.2498735593750041,4,12,3.0,15,2.1713147410358564,24,1749,0.0,22017.30009775171,6,40,0.3125,0.25337036328124896,True
0.8,170,21194,1024,85,11,34,45,0.3515625,0.0830078125,8107,0.9896240234375,3591,0.44295053657333167,7391.4306640625,65.7451171875,9.44351853545812,0.1430349911520439,0.4383544921875,0.25065819843750603,0.2498735593750041,11,19,1.7272727272727273,18,2.276323119777159,13,1896,0.0,7405.89530332681,14,48,0.375,0.25337036328124896,True
0.8,171,32696,1024,391,49,34,83,0.6484375,0.3818359375,7801,0.9522705078125,4074,0.522240738366876,27086.23828125,154.517578125,3.803316661755871,1.9352068220821753e-05,0.497314453125,0.25065819843750603,0.2498735593750041,49,60,1.2244897959183674,27,2.003928308372207,8,2090,0.0,27165.825661116553,54,88,0.6875,0.25337036328124896,True
0.8,172,46005,1024,546,69,34,103,0.8046875,0.533203125,7646,0.933349609375,2384,0.3117970180486529,699.765625,20.59765625,19.68127756301316,0.5034919384382626,0.291015625,0.25065819843750603,0.2498735593750041,69,80,1.1594202898550725,516,3.219890893831305,10,1509,0.0,746.4166666666666,60,94,0.734375,0.25337036328124896,True
0.8,173,19269,1024,222,28,34,62,0.484375,0.216796875,7970,0.972900390625,2753,0.3454203262233375,2741.095703125,33.39453125,13.751561620254185,0.39455015260066406,0.3360595703125,0.25065819843750603,0.2498735593750041,28,39,1.3928571428571428,47,2.9593023255813953,8,1773,0.0,2754.5456329735034,31,65,0.5078125,0.25337036328124896,True
0.8,174,5503,1024,1152,144,34,178,1.390625,1.125,7040,0.859375,3443,0.4890625,7899.4697265625,68.5556640625,9.154824217999014,0.05994130837644969,0.4202880859375,0.25065819843750603,0.2498735593750041,144,155,1.0763888888888888,23,2.3730389308541544,7,2097,0.0,7914.928571428572,163,197,1.5390625,0.25337036328124896,True
0.8,175,32979,1024,51,7,34,41,0.3203125,0.0498046875,8141,0.9937744140625,3750,0.4606313720673136,10114.9111328125,82.7587890625,8.081182893516646,0.05288100070063569,0.457763671875,0.25065819843750603,0.2498735593750041,7,15,2.142857142857143,9,2.1824486529741263,14,2066,0.0,10124.798631476051,10,44,0.34375,0.25337036328124896,True
0.8,176,32764,1024,99,13,34,47,0.3671875,0.0966796875,8093,0.9879150390625,4117,0.5087112319288274,2204.03125,38.396484375,14.69862612972035,0.09628181217166593,0.5025634765625,0.25065819843750603,0.2498735593750041,13,21,1.6153846153846154,27,1.9834791059280856,15,1860,0.0,2210.507345739471,18,52,0.40625,0.25337036328124896,True
0.8,177,36396,1024,2935,367,34,401,3.1328125,2.8662109375,5257,0.6417236328125,2017,0.3836789043180521,997.1005859375,22.5673828125,18.14341389402637,0.17297062558663656,0.2462158203125,0.25065819843750603,0.2498735593750041,367,378,1.0299727520435968,44,4.040178571428571,9,1052,0.0,1001.9931305201178,391,425,3.3203125,0.25337036328124896,True
0.8,178,16139,1024,64,8,34,42,0.328125,0.0625,8128,0.9921875,3815,0.469365157480315,1121.51953125,24.513671875,17.632735196495574,0.5706291942383676,0.4656982421875,0.25065819843750603,0.2498735593750041,8,16,2.0,30,2.1392239119035135,9,1910,0.0,1124.814887365328,10,44,0.34375,0.25337036328124896,True
0.8,179,32110,1024,7,1,34,35,0.2734375,0.0068359375,8185,0.9991455078125,3196,0.390470372632865,18629.90625,108.3125,5.42869691436516,0.08397785770620061,0.39013671875,0.25065819843750603,0.2498735593750041,1,9,9.0,14,2.5593114241001564,8,1653,0.0,18648.117302052786,4,38,0.296875,0.25337036328124896,True
0.8,180,37930,1024,170,22,34,56,0.4375,0.166015625,8022,0.979248046875,3738,0.46596858638743455,2882.8564453125,41.6748046875,13.532573440644658,0.09035381109810103,0.456298828125,0.25065819843750603,0.2498735593750041,22,31,1.4090909090909092,109,2.1624297564891624,8,1953,0.0,2919.9258160237387,26,60,0.46875,0.25337036328124896,True
0.8,181,5624,1024,55,7,34,41,0.3203125,0.0537109375,8137,0.9932861328125,4462,0.5483593461963868,2156.4091796875,40.6650390625,14.793491889452472,0.1291232885920514,0.544677734375,0.25065819843750603,0.2498735593750041,7,15,2.142857142857143,12,1.833445415826048,19,1702,0.0,2158.5171065493646,11,45,0.3515625,0.25337036328124896,True
0.8,182,37946,1024,332,42,34,76,0.59375,0.32421875,7860,0.95947265625,3816,0.4854961832061069,8478.5283203125,78.0244140625,8.847598857143204,0.1352014291251347,0.4658203125,0.25065819843750603,0.2498735593750041,42,53,1.2619047619047619,28,2.1397116644823067,15,1942,0.0,8503.440744368267,43,77,0.6015625,0.25337036328124896,True
0.8,183,6616,1024,1232,154,34,188,1.46875,1.203125,6960,0.849609375,3434,0.4933908045977011,2657.9130859375,43.6884765625,13.885395855083345,0.04915509898746296,0.419189453125,0.25065819843750603,0.2498735593750041,154,165,1.0714285714285714,18,2.3804252840081563,22,1707,0.0,2663.114481409002,166,200,1.5625,0.25337036328124896,True
0.8,184,11706,1024,188,24,34,58,0.453125,0.18359375,8004,0.97705078125,3754,0.46901549225387307,8458.1162109375,72.5458984375,8.85806712993636,0.10587010459365483,0.458251953125,0.25065819843750603,0.2498735593750041,24,33,1.375,203,2.12816413535838,28,1948,0.0,8669.78078078078,27,61,0.4765625,0.25337036328124896,True
0.8,185,10558,1024,108,14,34,48,0.375,0.10546875,8084,0.98681640625,3161,0.3910192973775359,10638.169921875,71.50390625,7.8621343790804366,0.11455835337608669,0.3858642578125,0.25065819843750603,0.2498735593750041,14,19,1.3571428571428572,14,2.587658227848101,8,1785,0.0,10648.568914956011,15,49,0.3828125,0.25337036328124896,True
0.8,186,18351,1024,7,1,34,35,0.2734375,0.0068359375,8185,0.9991455078125,2574,0.3144777031154551,9704.8349609375,70.2744140625,8.260922066317915,0.038040394839714185,0.314208984375,0.25065819843750603,0.2498735593750041,1,9,9.0,71,3.1496307811892734,8,1489,0.0,9781.250984251968,4,38,0.296875,0.25337036328124896,True
0.8,187,15023,1024,7,1,34,35,0.2734375,0.0068359375,8185,0.9991455078125,3852,0.4706169822846671,17648.89453125,124.361328125,5.663628530711873,0.14312015887894564,0.47021484375,0.25065819843750603,0.2498735593750041,1,9,9.0,14,2.1223058945728384,8,1955,0.0,17666.146627565984,4,38,0.296875,0.25337036328124896,True
0.8,188,9490,1024,179,23,34,57,0.4453125,0.1748046875,8013,0.9781494140625,3669,0.45788094346686636,5630.830078125,60.7421875,10.625079390580916,0.14753426271038095,0.4478759765625,0.25065819843750603,0.2498735593750041,23,32,1.391304347826087,19,2.2276444929116686,9,2093,0.0,5641.8493150684935,28,62,0.484375,0.25337036328124896,True
0.8,189,6355,1024,694,87,34,121,0.9453125,0.677734375,7498,0.915283203125,3420,0.45612163243531606,4188.08203125,58.80859375,11.910651813256903,0.2664969514307932,0.41748046875,0.25065819843750603,0.2498735593750041,87,98,1.1264367816091954,8,2.3933898800818953,8,2062,0.0,4192.175953079179,97,131,1.0234375,0.25337036328124896,True
0.8,190,8857,1024,25,4,34,38,0.296875,0.0244140625,8167,0.9969482421875,3547,0.4343088037222971,786.869140625,16.138671875,19.17177847352372,0.37649952553832233,0.4329833984375,0.25065819843750603,0.2498735593750041,4,12,3.0,87,2.2853919909757474,12,1452,0.0,794.629191321499,6,40,0.3125,0.25337036328124896,True
0.8,191,31811,1024,110,14,34,48,0.375,0.107421875,8082,0.986572265625,4316,0.5340262311309082,13351.28515625,100.99609375,6.875572892194061,0.1719425937612959,0.52685546875,0.25065819843750603,0.2498735593750041,14,23,1.6428571428571428,58,1.8848203939745076,13,2006,0.0,13443.181907571288,17,51,0.3984375,0.25337036328124896,True
0.8,192,10400,1024,3057,383,34,417,3.2578125,2.9853515625,5135,0.6268310546875,2467,0.4804284323271665,3706.08984375,44.841796875,12.44164417506212,0.05066075873298251,0.3011474609375,0.25065819843750603,0.2498735593750041,383,394,1.0287206266318538,10,3.3175182481751824,10,1461,0.0,3709.7126099706743,411,445,3.4765625,0.25337036328124896,True
0.8,193,275,1024,1683,211,34,245,1.9140625,1.6435546875,6509,0.7945556640625,3427,0.5265017667844523,6537.64453125,68.556640625,9.9765905770302,0.06810305940723066,0.4183349609375,0.25065819843750603,0.2498735593750041,211,222,1.052132701421801,25,2.3823701109165207,28,1609,0.0,6556.854064642507,225,259,2.0234375,0.25337036328124896,True
0.8,194,26152,1024,7,1,34,35,0.2734375,0.0068359375,8185,0.9991455078125,3706,0.4527794746487477,18343.6904296875,117.4931640625,5.495936482897765,0.05140453878207003,0.452392578125,0.25065819843750603,0.2498735593750041,1,9,9.0,287,2.1333333333333333,8,1888,0.0,18992.86046511628,4,38,0.296875,0.25337036328124896,True
0.8,195,13037,1024,7,1,34,35,0.2734375,0.0068359375,8185,0.9991455078125,3115,0.3805742211362248,15930.12109375,93.841796875,6.108612837392501,0.0480518310274592,0.3802490234375,0.25065819843750603,0.2498735593750041,1,9,9.0,14,2.625883108542068,11,1497,0.0,15945.693059628544,4,38,0.296875,0.25337036328124896,True
0.8,196,41203,1024,3064,383,34,417,3.2578125,2.9921875,5128,0.6259765625,2344,0.45709828393135726,2548.33203125,37.32421875,14.068243477441722,0.2942884178527702,0.2861328125,0.25065819843750603,0.2498735593750041,383,394,1.0287206266318538,10,3.491677336747759,6,1488,0.0,2550.8230694037147,418,452,3.53125,0.25337036328124896,True
0.8,197,43709,1024,83,11,34,45,0.3515625,0.0810546875,8109,0.9898681640625,3709,0.4573930201011222,3531.64453125,46.474609375,12.651033765755228,0.39384652759885436,0.4527587890625,0.25065819843750603,0.2498735593750041,11,19,1.7272727272727273,13,2.2052319309600863,7,2046,0.0,3535.0967741935483,14,48,0.375,0.25337036328124896,True
0.8,198,43572,1024,38,5,34,39,0.3046875,0.037109375,8154,0.995361328125,4080,0.5003679175864606,15960.484375,112.353515625,6.100342935150058,0.10821284218347148,0.498046875,0.25065819843750603,0.2498735593750041,5,13,2.6,3,2.007109585682765,9,2144,,15960.484375,8,42,0.328125,0.25337036328124896,True
0.8,199,23390,1024,53,7,34,41,0.3203125,0.0517578125,8139,0.9935302734375,3765,0.4625875414670107,1323.7734375,31.42578125,16.912666984705474,0.12703556251723355,0.4595947265625,0.25065819843750603,0.2498735593750041,7,15,2.142857142857143,31,2.1676408076514346,9,1995,0.0,1327.6630754162586,12,46,0.359375,0.25337036328124896,True
0.85,0,712,1024,3587,449,34,483,3.7734375,3.5029296875,4605,0.5621337890625,1867,0.40542888165038005,3997.173828125,41.0703125,12.113273257041373,0.19262596391654488,0.2279052734375,0.25065819843750603,0.2498735593750041,449,460,1.024498886414254,34,4.360664523043944,10,1141,0.0,4012.8490196078433,483,517,4.0390625,0.25337036328124896,True
0.85,1,24774,1024,3634,455,34,489,3.8203125,3.548828125,4558,0.556396484375,1822,0.39973672663448884,2694.3916015625,39.4755859375,13.82619644745188,0.11569696615258325,0.222412109375,0.25065819843750603,0.2498735593750041,455,466,1.024175824175824,103,4.440966501922021,6,1266,0.0,2726.340909090909,485,519,4.0546875,0.25337036328124896,True
0.85,2,45142,1024,3939,493,34,527,4.1171875,3.8466796875,4253,0.5191650390625,1585,0.3726781095697155,2260.109375,35.83984375,14.58950904105657,0.24119344516619787,0.1934814453125,0.25065819843750603,0.2498735593750041,493,504,1.0223123732251522,10,5.162247474747475,5,1152,0.0,2262.3186705767353,546,580,4.53125,0.25337036328124896,True
0.85,3,27119,1024,30,4,34,38,0.296875,0.029296875,8162,0.996337890625,2527,0.3096054888507719,13518.2626953125,72.7724609375,6.8215947919717745,0.0720011228560248,0.3084716796875,0.25065819843750603,0.2498735593750041,4,12,3.0,12,3.237925574030087,35,1203,0.0,13531.477028347996,8,42,0.328125,0.25337036328124896,True
0.85,4,21139,1024,4759,595,34,629,4.9140625,4.6474609375,3433,0.4190673828125,1124,0.3274104281969123,2449.11328125,31.5,14.24071487427977,0.12250403972888968,0.13720703125,0.25065819843750603,0.2498735593750041,595,606,1.0184873949579831,108,7.170080142475512,5,875,0.0,2480.6053412462907,620,654,5.109375,0.25337036328124896,True
0.85,5,19129,1024,1424,178,34,212,1.65625,1.390625,6768,0.826171875,3277,0.4841903073286052,4915.9208984375,57.2392578125,11.214754747837807,0.1195420913502907,0.4000244140625,0.25065819843750603,0.2498735593750041,178,189,1.0617977528089888,20,2.4932844932844933,23,1668,0.0,4925.541095890411,197,231,1.8046875,0.25337036328124896,True
0.85,6,6433,1024,3659,458,34,492,3.84375,3.5732421875,4533,0.5533447265625,1367,0.3015662916390911,1136.6005859375,25.6455078125,17.574724852727325,0.15244653963957377,0.1668701171875,0.25065819843750603,0.2498735593750041,458,469,1.0240174672489082,454,5.660322108345534,6,1030,0.0,1202.3543388429753,485,519,4.0546875,0.25337036328124896,True
0.85,7,38854,1024,2731,342,34,376,2.9375,2.6669921875,5461,0.6666259765625,2473,0.45284746383446256,2748.0576171875,41.5849609375,13.740545267437628,0.13041150470315235,0.3018798828125,0.25065819843750603,0.2498735593750041,342,353,1.0321637426900585,48,3.292880258899676,6,1494,0.0,2764.25442043222,374,408,3.1875,0.25337036328124896,True
0.85,8,22489,1024,3349,419,34,453,3.5390625,3.2705078125,4843,0.5911865234375,2194,0.45302498451373113,2887.61328125,38.6171875,13.52541330233768,0.16710350391678847,0.267822265625,0.24217943203125003,0.2604089507812546,419,430,1.026252983293556,35,3.688098495212038,7,1325,0.0,2898.937254901961,453,487,3.8046875,0.26319011406249615,True
0.85,9,31104,1024,112,14,34,48,0.375,0.109375,8080,0.986328125,3654,0.45222772277227724,10315.990234375,71.498046875,7.995694385263859,0.09376720299351284,0.446044921875,0.24217943203125003,0.2604089507812546,14,22,1.5714285714285714,15,2.2381604160963593,14,1831,0.0,10326.074291300098,16,50,0.390625,0.26319011406249615,True
0.85,10,21349,1024,3218,403,34,437,3.4140625,3.142578125,4974,0.607177734375,1854,0.37273823884197826,970.8212890625,21.4287109375,18.259410694945878,0.13778467253367013,0.226318359375,0.24217943203125003,0.2604089507812546,403,414,1.0272952853598014,51,4.392876416621695,6,1182,0.0,976.5432220039293,447,481,3.7578125,0.26319011406249615,True
0.85,11,29116,1024,393,50,34,84,0.65625,0.3837890625,7799,0.9520263671875,3429,0.4396717527888191,8718.7109375,71.748046875,8.726280816823854,0.09903450155712996,0.4185791015625,0.24217943203125003,0.2604089507812546,50,61,1.22,140,2.3477246207701286,8,1921,0.0,8865.898709036743,54,88,0.6875,0.26319011406249615,True
0.85,12,10772,1024,5018,628,34,662,5.171875,4.900390625,3174,0.387451171875,1248,0.3931947069943289,3192.5947265625,37.3056640625,13.089365689142705,0.29866654446623453,0.15234375,0.24217943203125003,0.2604089507812546,628,639,1.017515923566879,23,6.54691259021652,5,891,0.0,3198.8424657534247,671,705,5.5078125,0.26319011406249615,True
0.85,13,18332,1024,5140,643,34,677,5.2890625,5.01953125,3052,0.37255859375,1164,0.381389252948886,3792.1259765625,41.1572265625,12.34197604454738,0.23311551292990124,0.14208984375,0.24217943203125003,0.2604089507812546,643,654,1.0171073094867806,41,7.002579535683577,5,859,0.0,3810.7330716388615,689,723,5.6484375,0.26319011406249615,True
0.85,14,1003,1024,3938,493,34,527,4.1171875,3.845703125,4254,0.519287109375,1816,0.42689233662435355,4298.2685546875,43.8974609375,11.797868142598958,0.0963431992991954,0.2216796875,0.24217943203125003,0.2604089507812546,493,504,1.0223123732251522,35,4.49366391184573,7,1150,0.0,4315.124509803922,521,555,4.3359375,0.26319011406249615,True
0.85,15,22156,1024,2498,313,34,347,2.7109375,2.439453125,5694,0.695068359375,2385,0.41886195995785036,2352.3740234375,34.4267578125,14.415739858954522,0.3253456268969125,0.2911376953125,0.24217943203125003,0.2604089507812546,313,324,1.035143769968051,17,3.428271812080537,9,1542,0.0,2356.977495107632,348,382,2.984375,0.26319011406249615,True
0.85,16,26453,1024,2588,324,34,358,2.796875,2.52734375,5604,0.68408203125,1897,0.3385082084225553,3091.490234375,36.044921875,13.22912481911958,0.1815961107334253,0.2315673828125,0.24217943203125003,0.2604089507812546,324,335,1.0339506172839505,12,4.311181434599156,6,1306,0.0,3094.512218963832,348,382,2.984375,0.26319011406249615,True
0.85,17,17039,1024,3503,438,34,472,3.6875,3.4208984375,4689,0.5723876953125,1530,0.32629558541266795,1008.7841796875,21.5654296875,18.092820980961996,0.16306105327889453,0.186767578125,0.24217943203125003,0.2604089507812546,438,449,1.0251141552511416,15,5.304120340091563,5,1132,0.0,1009.7702834799609,473,507,3.9609375,0.26319011406249615,True
0.85,18,7166,1024,2403,301,34,335,2.6171875,2.3466796875,5789,0.7066650390625,2738,0.47296596994299533,3627.5947265625,48.6982421875,12.534615989762624,0.16514753392894865,0.334228515625,0.24217943203125003,0.2604089507812546,301,312,1.0365448504983388,35,2.978078187796858,15,1474,0.0,3641.820588235294,332,366,2.859375,0.26319011406249615,True
0.85,19,48310,1024,867,109,34,143,1.1171875,0.8466796875,7325,0.8941650390625,3268,0.44614334470989764,3759.4501953125,45.3447265625,12.379560251426856,0.12122021420899391,0.39892578125,0.24217943203125003,0.2604089507812546,109,120,1.1009174311926606,55,2.490358126721763,14,1832,0.0,3781.608055009823,103,137,1.0703125,0.26319011406249615,True
0.85,20,12187,1024,2312,289,34,323,2.5234375,2.2578125,5880,0.7177734375,2392,0.40680272108843535,1596.6806640625,29.2099609375,16.098622948879623,0.3299071395581943,0.2919921875,0.24217943203125003,0.2604089507812546,289,300,1.0380622837370241,54,3.4027603513174403,7,1398,0.0,1606.0913555992142,300,334,2.609375,0.26319011406249615,True
0.85,21,20284,1024,2060,258,34,292,2.28125,2.01171875,6132,0.74853515625,1903,0.31033920417482064,792.4287109375,16.5576171875,19.141201585447654,0.2689253404951408,0.2322998046875,0.24217943203125003,0.2604089507812546,258,269,1.0426356589147288,21,4.293901156677182,7,1274,0.0,793.9794520547945,295,329,2.5703125,0.26319011406249615,True
0.85,22,1052,1024,4408,551,34,585,4.5703125,4.3046875,3784,0.4619140625,1374,0.363107822410148,2227.2451171875,32.6943359375,14.653123453677988,0.13908254546604412,0.167724609375,0.24217943203125003,0.2604089507812546,551,562,1.0199637023593466,34,5.898033503277494,5,941,0.0,2235.9794117647057,593,627,4.8984375,0.26319011406249615,True
0.85,23,13752,1024,3099,388,34,422,3.296875,3.0263671875,5093,0.6217041015625,1930,0.37895150206165323,823.3486328125,19.1455078125,18.9749659218502,0.4123326488317919,0.235595703125,0.24217943203125003,0.2604089507812546,388,399,1.0283505154639174,26,4.232244686365993,6,1295,0.0,825.7678746327131,375,409,3.1953125,0.26319011406249615,True
0.85,24,37139,1024,646,81,34,115,0.8984375,0.630859375,7546,0.921142578125,3715,0.49231380864033925,11133.0244140625,86.8681640625,7.6646719941636965,0.054431302056171686,0.4534912109375,0.24217943203125003,0.2604089507812546,81,92,1.1358024691358024,27,2.1981690899299946,14,1872,0.0,11165.73653281097,93,127,0.9921875,0.26319011406249615,True
0.85,25,29727,1024,1937,243,34,277,2.1640625,1.8916015625,6255,0.7635498046875,3159,0.5050359712230216,5760.3759765625,58.3251953125,10.526295303583169,0.055873969859091155,0.3856201171875,0.24217943203125003,0.2604089507812546,243,254,1.045267489711934,17,2.5870804306523114,17,1565,0.0,5771.648727984344,267,301,2.3515625,0.26319011406249615,True
0.85,26,41854,1024,3574,447,34,481,3.7578125,3.490234375,4618,0.563720703125,1480,0.32048505846686876,969.333984375,24.1484375,18.2660692171174,0.25662159135221296,0.1806640625,0.24217943203125003,0.2604089507812546,447,458,1.0246085011185682,52,5.4530087897227855,5,1062,0.0,975.0471512770138,494,528,4.125,0.26319011406249615,True
0.85,27,40333,1024,3936,492,34,526,4.109375,3.84375,4256,0.51953125,1567,0.3681860902255639,3002.55078125,37.1171875,13.355899996372093,0.12292026523767074,0.1912841796875,0.24217943203125003,0.2604089507812546,492,503,1.0223577235772359,8,5.222222222222222,7,1116,0.0,3005.485826001955,536,570,4.453125,0.26319011406249615,True
0.85,28,33248,1024,8,1,34,35,0.2734375,0.0078125,8184,0.9990234375,3277,0.40041544477028346,10005.841796875,80.859375,8.128267289292916,0.17856737380555399,0.4000244140625,0.24217943203125003,0.2604089507812546,1,9,9.0,375,2.385836385836386,8,1828,0.0,10476.464212678937,4,38,0.296875,0.26319011406249615,True
0.85,29,9680,1024,1675,210,34,244,1.90625,1.6357421875,6517,0.7955322265625,2827,0.43378855301519104,12152.0009765625,79.9052734375,7.284325651122844,0.09041611161971656,0.3450927734375,0.24217943203125003,0.2604089507812546,210,221,1.0523809523809524,17,2.89242745930644,8,1605,0.0,12175.781800391389,226,260,2.03125,0.26319011406249615,True
0.85,30,16805,1024,52,7,34,41,0.3203125,0.05078125,8140,0.99365234375,3620,0.44471744471744473,1950.16796875,32.984375,15.230083419363405,0.141462631084306,0.44189453125,0.24217943203125003,0.2604089507812546,7,15,2.142857142857143,19,2.2580823431887262,13,1856,0.0,1953.9843444227006,10,44,0.34375,0.26319011406249615,True
0.85,31,14652,1024,3792,474,34,508,3.96875,3.703125,4400,0.537109375,1547,0.35159090909090907,1187.6376953125,23.6376953125,17.38396387330897,0.24606694869860812,0.1888427734375,0.24217943203125003,0.2604089507812546,474,485,1.0232067510548524,34,5.276196636481242,5,1065,0.0,1192.2950980392156,500,534,4.171875,0.26319011406249615,True
0.85,32,15793,1024,910,114,34,148,1.15625,0.888671875,7282,0.888916015625,2751,0.3777808294424609,4574.787109375,46.1640625,11.527094721648815,0.02774986961139913,0.3358154296875,0.24217943203125003,0.2604089507812546,114,125,1.0964912280701755,499,2.7967272727272725,8,1592,0.0,4869.627858627859,116,150,1.171875,0.26319011406249615,True
0.85,33,30210,1024,2200,275,34,309,2.4140625,2.1484375,5992,0.7314453125,2114,0.352803738317757,2825.44921875,27.611328125,13.619928546542177,0.4158356632132436,0.258056640625,0.24217943203125003,0.2604089507812546,275,259,0.9418181818181818,29,3.860861334595362,6,1340,0.0,2833.751224289912,269,303,2.3671875,0.26319011406249615,True
0.85,34,47426,1024,2070,259,34,293,2.2890625,2.021484375,6122,0.747314453125,2389,0.39023195034302516,6002.294921875,57.84375,10.34763030259552,0.019953501167597927,0.2916259765625,0.24217943203125003,0.2604089507812546,259,270,1.0424710424710424,10,3.4258793969849246,8,1541,0.0,6008.162267839687,282,316,2.46875,0.26319011406249615,True
0.85,35,20875,1024,3542,443,34,477,3.7265625,3.458984375,4650,0.567626953125,1935,0.4161290322580645,2724.810546875,39.89453125,13.777440492303192,0.21477001840381751,0.2362060546875,0.24217943203125003,0.2604089507812546,443,454,1.0248306997742664,58,4.202688728024819,5,1348,0.0,2743.565388397247,485,519,4.0546875,0.26319011406249615,True
0.85,36,4161,1024,5059,633,34,667,5.2109375,4.9404296875,3133,0.3824462890625,1218,0.3887647622087456,4459.453125,42.75,11.637987576170081,0.3080149014423286,0.148681640625,0.24217943203125003,0.2604089507812546,633,644,1.0173775671406002,74,6.656532456861134,5,861,0.0,4498.995073891626,680,714,5.578125,0.26319011406249615,True
0.85,37,40340,1024,1677,210,34,244,1.90625,1.6376953125,6515,0.7952880859375,2626,0.40306983883346126,1409.2333984375,26.6904296875,16.64097433578951,0.35878384119785683,0.320556640625,0.24217943203125003,0.2604089507812546,210,221,1.0523809523809524,53,3.1001904761904764,8,1522,0.0,1417.5392927308449,229,263,2.0546875,0.26319011406249615,True
0.85,38,28286,1024,4955,620,34,654,5.109375,4.8388671875,3237,0.3951416015625,1185,0.366079703429101,3556.9794921875,36.0751953125,12.619989996055148,0.23771544560442456,0.1446533203125,0.24217943203125003,0.2604089507812546,620,631,1.017741935483871,27,6.86402027027027,5,876,0.0,3567.4309500489717,653,687,5.3671875,0.26319011406249615,True
0.85,39,13256,1024,3153,395,34,429,3.3515625,3.0791015625,5039,0.6151123046875,2154,0.42746576701726535,3702.966796875,39.6953125,12.445305429579811,0.06988998213618719,0.262939453125,0.24217943203125003,0.2604089507812546,395,406,1.0278481012658227,28,3.7895959126799816,12,1322,0.0,3713.847208619001,430,464,3.625,0.26319011406249615,True
0.85,40,48934,1024,4758,595,34,629,4.9140625,4.646484375,3434,0.419189453125,1293,0.3765288293535236,3184.326171875,37.359375,13.100628145565679,0.33438728021169883,0.1578369140625,0.24217943203125003,0.2604089507812546,595,606,1.0184873949579831,162,6.213622291021672,6,905,0.0,3247.7589641434265,629,663,5.1796875,0.26319011406249615,True
0.85,41,11935,1024,3702,463,34,497,3.8828125,3.615234375,4490,0.548095703125,1390,0.30957683741648107,1424.236328125,20.58203125,16.5949830170417,0.2840737132271351,0.169677734375,0.24217943203125003,0.2604089507812546,463,474,1.0237580993520519,68,5.845932325413967,5,851,0.0,1435.4507874015749,483,517,4.0390625,0.26319011406249615,True
0.85,42,48447,1024,3719,465,34,499,3.8984375,3.6318359375,4473,0.5460205078125,1584,0.35412474849094566,832.8447265625,16.8759765625,18.925163206650243,0.44245376717316076,0.193359375,0.24217943203125003,0.2604089507812546,465,476,1.0236559139784946,19,5.160454832596336,6,973,0.0,834.4745596868885,511,545,4.2578125,0.26319011406249615,True
0.85,43,15492,1024,84,11,34,45,0.3515625,0.08203125,8108,0.98974609375,3955,0.4877898371978293,3118.1533203125,45.2529296875,13.191828951309862,0.06918303279812615,0.4827880859375,0.24217943203125003,0.2604089507812546,11,19,1.7272727272727273,11,2.0687910976226607,14,1916,0.0,3121.201368523949,16,50,0.390625,0.26319011406249615,True
0.85,44,32513,1024,3787,474,34,508,3.96875,3.6982421875,4405,0.5377197265625,1429,0.32440408626560724,1426.052734375,28.236328125,16.589447751665027,0.22440842122551863,0.1744384765625,0.24217943203125003,0.2604089507812546,474,485,1.0232067510548524,17,5.721288515406163,5,1059,0.0,1428.8434442270059,525,559,4.3671875,0.26319011406249615,True
0.85,45,36099,1024,8,1,34,35,0.2734375,0.0078125,8184,0.9990234375,3813,0.4659090909090909,20775.7470703125,126.6787109375,4.955237114355471,0.08265445976338844,0.4654541015625,0.24217943203125003,0.2604089507812546,1,9,9.0,15,2.1445435466946483,8,2076,0.0,20796.055718475072,4,38,0.296875,0.26319011406249615,True
0.85,46,39260,1024,947,119,34,153,1.1953125,0.9248046875,7245,0.8843994140625,2500,0.3450655624568668,1218.0732421875,19.5439453125,17.274069578571506,0.19815252334168898,0.30517578125,0.24217943203125003,0.2604089507812546,119,83,0.6974789915966386,175,3.2072829131652663,8,1459,0.0,1243.5762711864406,84,118,0.921875,0.26319011406249615,True
0.85,47,46517,1024,83,11,34,45,0.3515625,0.0810546875,8109,0.9898681640625,3763,0.46405228758169936,2002.3095703125,35.8486328125,15.115491377321401,0.25349054327757775,0.4593505859375,0.24217943203125003,0.2604089507812546,11,19,1.7272727272727273,31,2.1685273790536947,12,1811,0.0,2008.1929480901078,15,49,0.3828125,0.26319011406249615,True
0.85,48,33095,1024,4277,535,34,569,4.4453125,4.1767578125,3915,0.4779052734375,1459,0.37266922094508304,1682.607421875,28.634765625,15.870975606385807,0.28779517496284496,0.1781005859375,0.24217943203125003,0.2604089507812546,535,546,1.0205607476635514,49,5.580932784636488,6,991,0.0,1692.524557956778,575,609,4.7578125,0.26319011406249615,True
0.85,49,3,1024,4382,548,34,582,4.546875,4.279296875,3810,0.465087890625,1489,0.39081364829396326,2653.4326171875,35.0771484375,13.892722974893587,0.21396669407720778,0.1817626953125,0.24217943203125003,0.2604089507812546,548,559,1.02007299270073,58,5.46505376344086,6,970,0.0,2671.6961651917404,588,622,4.859375,0.26319011406249615,True
0.85,50,21683,1024,3891,487,34,521,4.0703125,3.7998046875,4301,0.5250244140625,1828,0.4250174378051616,4158.947265625,55.10546875,11.94096947209701,0.08342508920074106,0.22314453125,0.24217943203125003,0.2604089507812546,487,498,1.0225872689938398,49,4.453749315818281,5,1329,0.0,4183.459724950884,531,565,4.4140625,0.26319011406249615,True
0.85,51,13446,1024,4662,583,34,617,4.8203125,4.552734375,3530,0.430908203125,1373,0.3889518413597734,1965.4111328125,30.5478515625,15.196269491410455,0.589730485503464,0.1676025390625,0.24217943203125003,0.2604089507812546,583,594,1.0188679245283019,50,5.896501457725948,5,1031,0.0,1976.9950884086445,617,651,5.0859375,0.26319011406249615,True
0.85,52,49515,1024,381,48,34,82,0.640625,0.3720703125,7811,0.9534912109375,3145,0.40263730636282163,1561.84765625,29.953125,16.194416906586515,0.17369677933944122,0.3839111328125,0.24217943203125003,0.2604089507812546,48,59,1.2291666666666667,111,2.5693384223918576,12,1788,0.0,1581.9307616221563,47,81,0.6328125,0.26319011406249615,True
0.85,53,27943,1024,5434,680,34,714,5.578125,5.306640625,2758,0.336669921875,949,0.3440899202320522,3401.162109375,37.7734375,12.814530286913808,0.23792809739887,0.1158447265625,0.24217943203125003,0.2604089507812546,680,691,1.0161764705882352,49,8.575949367088608,5,746,0.0,3421.2082514734775,703,737,5.7578125,0.26319011406249615,True
0.85,54,29059,1024,4470,559,34,593,4.6328125,4.365234375,3722,0.454345703125,1598,0.4293390650188071,3733.9658203125,41.2958984375,12.409100226478913,0.3575697112911286,0.195068359375,0.24217943203125003,0.2604089507812546,559,570,1.0196779964221825,9,5.122730118973075,6,1083,0.0,3737.615835777126,602,636,4.96875,0.26319011406249615,True
0.85,55,32738,1024,247,31,34,65,0.5078125,0.2412109375,7945,0.9698486328125,3094,0.3894273127753304,1811.3564453125,27.1396484375,15.55076440095516,0.4405194182519469,0.377685546875,0.24217943203125003,0.2604089507812546,31,40,1.2903225806451613,167,2.5942450695118007,29,1542,0.0,1847.4392430278886,26,60,0.46875,0.26319011406249615,True
0.85,56,445,1024,5325,666,34,700,5.46875,5.2001953125,2867,0.3499755859375,1101,0.38402511335891176,3324.859375,33.583984375,12.913070793349625,0.2208276763135991,0.1343994140625,0.24217943203125003,0.2604089507812546,666,677,1.0165165165165164,33,7.369090909090909,5,861,0.0,3337.8980392156864,700,734,5.734375,0.26319011406249615,True
0.85,57,32216,1024,4573,572,34,606,4.734375,4.4658203125,3619,0.4417724609375,1442,0.3984526112185687,4174.953125,40.845703125,11.924287571364625,0.2577395079620748,0.176025390625,0.24217943203125003,0.2604089507812546,572,583,1.0192307692307692,60,5.632893823733518,6,986,0.0,4203.689282202557,615,649,5.0703125,0.26319011406249615,True
0.85,58,18250,1024,2807,351,34,385,3.0078125,2.7412109375,5385,0.6573486328125,2472,0.45905292479108634,1966.765625,32.3359375,15.193277517537918,0.3734464901643424,0.3017578125,0.24217943203125003,0.2604089507812546,351,362,1.0313390313390314,14,3.3091865641440714,15,1440,0.0,1968.6881720430108,386,420,3.28125,0.26319011406249615,True
0.85,59,1684,1024,3328,416,34,450,3.515625,3.25,4864,0.59375,1965,0.40398848684210525,5597.6669921875,59.7119140625,10.650733023499805,0.04161295567722758,0.2398681640625,0.24217943203125003,0.2604089507812546,416,427,1.0264423076923077,136,4.09979633401222,6,1492,0.0,5692.165839126117,452,486,3.796875,0.26319011406249615,True
0.85,60,2899,1024,4112,514,34,548,4.28125,4.015625,4080,0.498046875,1165,0.2855392156862745,1249.2890625,20.662109375,17.164174231151243,0.3943831096312987,0.1422119140625,0.24217943203125003,0.2604089507812546,514,525,1.0214007782101167,19,7.016323024054983,5,889,0.0,1251.73385518591,553,587,4.5859375,0.26319011406249615,True
0.85,61,39428,1024,1146,144,34,178,1.390625,1.119140625,7046,0.860107421875,3016,0.4280442804428044,4400.5478515625,49.1279296875,11.695736129955282,0.22577910927118075,0.3681640625,0.24217943203125003,0.2604089507812546,144,155,1.0763888888888888,63,2.695854063018242,9,1791,0.0,4430.836774827925,152,186,1.453125,0.26319011406249615,True
0.85,62,40758,1024,3505,439,34,473,3.6953125,3.4228515625,4687,0.5721435546875,2081,0.44399402602944316,9201.068359375,66.888671875,8.492421035611471,0.3209510337646316,0.2540283203125,0.24217943203125003,0.2604089507812546,439,450,1.0250569476082005,9,3.933173076923077,7,1341,0.0,9210.06256109482,469,503,3.9296875,0.26319011406249615,True
0.85,63,29154,1024,4606,576,34,610,4.765625,4.498046875,3586,0.437744140625,1405,0.3918014500836587,3686.57421875,39.1171875,12.464573792491326,0.3088066248262386,0.1715087890625,0.24217943203125003,0.2604089507812546,576,587,1.0190972222222223,40,5.804843304843305,5,1074,0.0,3704.6633954857703,605,639,4.9921875,0.26319011406249615,True
0.85,64,43958,1024,4855,607,34,641,5.0078125,4.7412109375,3337,0.4073486328125,803,0.24063530116871443,842.75,18.4296875,18.87381599674901,0.10377242212897636,0.0980224609375,0.24217943203125003,0.2604089507812546,607,618,1.0181219110378912,25,10.17705735660848,3,628,0.0,845.2262487757101,645,679,5.3046875,0.26319011406249615,True
0.85,65,33814,1024,781,98,34,132,1.03125,0.7626953125,7411,0.9046630859375,3647,0.4921063284307111,17567.236328125,111.37890625,5.6837691706478495,0.07402197327991678,0.4451904296875,0.24217943203125003,0.2604089507812546,98,109,1.1122448979591837,18,2.241634668129457,8,1993,0.0,17601.614481409,113,147,1.1484375,0.26319011406249615,True
0.85,66,34153,1024,155,20,34,54,0.421875,0.1513671875,8037,0.9810791015625,4374,0.5442329227323628,4410.072265625,56.43359375,11.68634654777617,0.08611723478353614,0.533935546875,0.24217943203125003,0.2604089507812546,20,29,1.45,52,1.861193688543334,21,1859,0.0,4436.064833005894,25,59,0.4609375,0.26319011406249615,True
0.85,67,43609,1024,4284,536,34,570,4.453125,4.18359375,3908,0.47705078125,1370,0.35056294779938585,3712.23828125,37.19140625,12.434445159205685,0.290781041349586,0.167236328125,0.24217943203125003,0.2604089507812546,536,547,1.0205223880597014,35,5.955441928414902,5,1056,0.0,3726.7960784313727,554,588,4.59375,0.26319011406249615,True
0.85,68,10762,1024,1524,191,34,225,1.7578125,1.48828125,6668,0.81396484375,3264,0.489502099580084,4383.3583984375,49.5830078125,11.712733793537417,0.05555268365683767,0.3984375,0.24217943203125003,0.2604089507812546,191,202,1.057591623036649,29,2.5007661661048117,17,1693,0.0,4396.238001958864,199,233,1.8203125,0.26319011406249615,True
0.85,69,17898,1024,1457,183,34,217,1.6953125,1.4228515625,6735,0.8221435546875,3205,0.4758723088344469,3656.2060546875,46.6787109375,12.500496973586241,0.10315070815422707,0.3912353515625,0.24217943203125003,0.2604089507812546,183,194,1.0601092896174864,227,2.4856429463171037,7,1840,0.0,3758.990963855422,190,224,1.75,0.26319011406249615,True
0.85,70,43653,1024,3148,394,34,428,3.34375,3.07421875,5044,0.61572265625,1955,0.38758921490880255,3927.193359375,42.33984375,12.189980761388066,0.286534991045673,0.2386474609375,0.24217943203125003,0.2604089507812546,394,405,1.0279187817258884,91,4.1448311156601845,6,1349,0.0,3969.838104639684,427,461,3.6015625,0.26319011406249615,True
0.85,71,14233,1024,2066,259,34,293,2.2890625,2.017578125,6126,0.747802734375,2914,0.47567744041789095,3372.728515625,44.1953125,12.850989763674567,0.15206178561065334,0.355712890625,0.24217943203125003,0.2604089507812546,259,270,1.0424710424710424,53,2.793683487813251,13,1446,0.0,3392.6070726915523,275,309,2.4140625,0.26319011406249615,True
0.85,72,39520,1024,2009,252,34,286,2.234375,1.9619140625,6183,0.7547607421875,2963,0.4792172084748504,3254.3017578125,41.2744140625,13.00622540086151,0.3528452426643314,0.3616943359375,0.24217943203125003,0.2604089507812546,252,263,1.0436507936507937,31,2.7548953409858203,21,1577,0.0,3263.863858961802,261,295,2.3046875,0.26319011406249615,True
0.85,73,18138,1024,2813,352,34,386,3.015625,2.7470703125,5379,0.6566162109375,2349,0.43669827105409925,2702.6630859375,35.9130859375,13.812884509582945,0.21226512503256337,0.2867431640625,0.24217943203125003,0.2604089507812546,352,363,1.03125,20,3.471890971039182,7,1334,0.0,2707.9520547945203,388,422,3.296875,0.26319011406249615,True
0.85,74,9212,1024,3939,493,34,527,4.1171875,3.8466796875,4253,0.5191650390625,1630,0.38325887608746767,3074.8828125,40.916015625,13.252517919286372,0.3019969216486432,0.198974609375,0.24217943203125003,0.2604089507812546,493,504,1.0223123732251522,12,5.020871700429711,5,1237,0.0,3077.8885630498535,530,564,4.40625,0.26319011406249615,True
0.85,75,6456,1024,4777,598,34,632,4.9375,4.6650390625,3415,0.4168701171875,1421,0.41610541727672035,3017.1591796875,35.2294921875,13.334821375221322,0.42475018811730986,0.1734619140625,0.24217943203125003,0.2604089507812546,598,609,1.0183946488294315,66,5.709154929577465,6,954,0.0,3040.9163385826773,646,680,5.3125,0.26319011406249615,True
0.85,76,22948,1024,2223,278,34,312,2.4375,2.1708984375,5969,0.7286376953125,2637,0.44178254313955434,2489.462890625,38.87109375,14.169747040531417,0.27947613756785983,0.3218994140625,0.24217943203125003,0.2604089507812546,278,273,0.9820143884892086,22,3.0667678300455234,6,1781,0.0,2494.334637964775,287,321,2.5078125,0.26319011406249615,True
0.85,77,7591,1024,4308,539,34,573,4.4765625,4.20703125,3884,0.47412109375,1636,0.4212152420185376,1933.6689453125,33.5478515625,15.266982383447324,0.21855290034138833,0.19970703125,0.24217943203125003,0.2604089507812546,539,550,1.0204081632653061,18,4.996330275229358,6,1088,0.0,1937.4530332681018,584,618,4.828125,0.26319011406249615,True
0.85,78,29996,1024,3818,478,34,512,4.0,3.728515625,4374,0.533935546875,1629,0.3724279835390947,4381.5625,40.23046875,11.714513498799832,0.24187728070788145,0.1988525390625,0.24217943203125003,0.2604089507812546,478,489,1.0230125523012552,108,4.964373464373464,6,1137,0.0,4437.903066271018,500,534,4.171875,0.26319011406249615,True
0.85,79,10378,1024,2029,254,34,288,2.25,1.9814453125,6163,0.7523193359375,2340,0.37968521823787116,3856.435546875,43.94140625,12.268942835306913,0.30050696172364016,0.28564453125,0.24217943203125003,0.2604089507812546,254,265,1.0433070866141732,47,3.4814023086789225,8,1611,0.0,3875.3581943081454,281,315,2.4609375,0.26319011406249615,True
0.85,80,27337,1024,3468,434,34,468,3.65625,3.38671875,4724,0.57666015625,1263,0.2673581710414903,1051.5849609375,19.2587890625,17.912359943774426,0.30982477502845446,0.1541748046875,0.24217943203125003,0.2604089507812546,434,445,1.0253456221198156,35,6.460380348652932,7,947,0.0,1055.7088235294118,451,485,3.7890625,0.26319011406249615,True
0.85,81,19965,1024,1894,237,34,271,2.1171875,1.849609375,6298,0.768798828125,2802,0.44490314385519214,8840.7802734375,73.4951171875,8.665897640116423,0.2493727331430786,0.342041015625,0.24217943203125003,0.2604089507812546,237,248,1.0464135021097047,33,2.91217422349161,7,1580,0.0,8875.45,239,273,2.1328125,0.26319011406249615,True
0.85,82,24405,1024,4627,579,34,613,4.7890625,4.5185546875,3565,0.4351806640625,1245,0.3492286115007013,1949.392578125,28.513671875,15.231810526149657,0.2803482254894003,0.1519775390625,0.24217943203125003,0.2604089507812546,579,590,1.0189982728842832,26,6.561093247588424,6,859,0.0,1955.1204701273261,615,649,5.0703125,0.26319011406249615,True
0.85,83,45135,1024,2642,331,34,365,2.8515625,2.580078125,5550,0.677490234375,2292,0.412972972972973,3231.1806640625,36.4677734375,13.037191195906296,0.15436162421075172,0.27978515625,0.24217943203125003,0.2604089507812546,331,342,1.0332326283987916,74,3.541684853775644,9,1386,0.0,3259.831527093596,354,388,3.03125,0.26319011406249615,True
0.85,84,11274,1024,1416,177,34,211,1.6484375,1.3828125,6776,0.8271484375,2780,0.410271546635183,6086.953125,59.009765625,10.286804035591642,0.05023721760315244,0.33935546875,0.24217943203125003,0.2604089507812546,177,188,1.0621468926553672,43,2.9319899244332492,8,1687,0.0,6116.820412168793,195,229,1.7890625,0.26319011406249615,True
0.85,85,1941,1024,1778,223,34,257,2.0078125,1.736328125,6414,0.782958984375,2733,0.4260991580916745,845.6640625,22.947265625,18.858824857449765,0.18761926023179049,0.3336181640625,0.24217943203125003,0.2604089507812546,223,234,1.0493273542600896,19,2.9904831625183017,12,1334,0.0,847.3189823874756,248,282,2.203125,0.26319011406249615,True
0.85,86,48940,1024,5283,661,34,695,5.4296875,5.1591796875,2909,0.3551025390625,803,0.2760398762461327,1701.435546875,25.642578125,15.822648589004997,0.29332726093355305,0.0980224609375,0.24217943203125003,0.2604089507812546,661,672,1.0166414523449319,67,10.12718204488778,4,684,0.0,1714.8326771653544,697,731,5.7109375,0.26319011406249615,True
0.85,87,36794,1024,973,122,34,156,1.21875,0.9501953125,7219,0.8812255859375,3543,0.4907881978113312,4669.4609375,56.41015625,11.438136142165877,0.05681886676298392,0.4324951171875,0.24217943203125003,0.2604089507812546,122,133,1.0901639344262295,112,2.2809147374364764,14,1914,0.0,4734.186138613862,134,168,1.3125,0.26319011406249615,True
0.85,88,21994,1024,1543,193,34,227,1.7734375,1.5068359375,6649,0.8116455078125,3012,0.4530004511956685,6073.2138671875,62.8095703125,10.296617858701662,0.16785315505025103,0.36767578125,0.24217943203125003,0.2604089507812546,193,204,1.0569948186528497,35,2.7087346396545997,15,1826,0.0,6097.030392156863,212,246,1.921875,0.26319011406249615,True
0.85,89,49944,1024,3756,470,34,504,3.9375,3.66796875,4436,0.54150390625,1497,0.3374661857529306,3202.837890625,37.146484375,13.075454031559154,0.2251046103479669,0.1827392578125,0.24217943203125003,0.2604089507812546,470,481,1.023404255319149,133,5.370320855614973,5,1080,0.0,3253.6765873015875,504,538,4.203125,0.26319011406249615,True
0.85,90,43442,1024,334,42,34,76,0.59375,0.326171875,7858,0.959228515625,2738,0.3484347162127768,364.2470703125,8.1005859375,22.516842934999573,0.638601689022568,0.334228515625,0.24217943203125003,0.2604089507812546,42,53,1.2619047619047619,260,2.89769820971867,9,1352,0.0,375.9969758064516,35,69,0.5390625,0.26319011406249615,True
0.85,91,45096,1024,1421,178,34,212,1.65625,1.3876953125,6771,0.8265380859375,2524,0.3727662088317826,1088.6787109375,20.9619140625,17.761806304734268,0.27397573032587264,0.30810546875,0.24217943203125003,0.2604089507812546,178,189,1.0617977528089888,20,3.2386048355132777,10,1466,0.0,1090.8091976516635,192,226,1.765625,0.26319011406249615,True
0.85,92,42430,1024,3385,424,34,458,3.578125,3.3056640625,4807,0.5867919921875,1550,0.3224464322862492,651.248046875,13.9765625,19.99333927028939,0.1974446067177259,0.189208984375,0.24217943203125003,0.2604089507812546,424,435,1.025943396226415,260,5.120077469335055,5,862,0.0,672.2560483870968,435,469,3.6640625,0.26319011406249615,True
0.85,93,42255,1024,2848,356,34,390,3.046875,2.78125,5344,0.65234375,2198,0.41130239520958084,3706.056640625,42.9140625,12.441683083990862,0.14203969445798204,0.268310546875,0.24217943203125003,0.2604089507812546,356,367,1.0308988764044944,258,3.6103777878925807,8,1387,0.0,3825.6068548387098,376,410,3.203125,0.26319011406249615,True
0.85,94,5771,1024,8,1,34,35,0.2734375,0.0078125,8184,0.9990234375,4642,0.5672043010752689,30773.9658203125,161.4580078125,3.2489689377563016,0.028660498355079878,0.566650390625,0.24217943203125003,0.2604089507812546,1,9,9.0,23,1.7588881706528765,62,1885,0.0,30834.188845401175,4,38,0.296875,0.26319011406249615,True
0.85,95,8320,1024,4243,531,34,565,4.4140625,4.1435546875,3949,0.4820556640625,1752,0.4436566219296024,3548.6171875,41.294921875,12.630212091741493,0.1711868639854267,0.2138671875,0.24217943203125003,0.2604089507812546,531,542,1.0207156308851224,73,4.633352370074244,8,1091,0.0,3580.0827586206897,583,617,4.8203125,0.26319011406249615,True
0.85,96,48807,1024,254,32,34,66,0.515625,0.248046875,7938,0.968994140625,3864,0.48677248677248675,2759.625,44.087890625,13.722302902141433,0.0998062362117314,0.4716796875,0.24217943203125003,0.2604089507812546,32,43,1.34375,18,2.115195443955475,12,1925,0.0,2765.0254403131116,40,74,0.578125,0.26319011406249615,True
0.85,97,2675,1024,408,51,34,85,0.6640625,0.3984375,7784,0.9501953125,3463,0.4448869475847893,1520.90234375,31.18359375,16.30979031714373,0.3530141826144337,0.4227294921875,0.24217943203125003,0.2604089507812546,51,62,1.2156862745098038,61,2.348353552859619,14,1778,0.0,1531.37069813176,53,87,0.6796875,0.26319011406249615,True
0.85,98,37658,1024,1702,213,34,247,1.9296875,1.662109375,6490,0.792236328125,2964,0.4567026194144838,14912.4716796875,89.9013671875,6.395307289584725,0.20071226589341037,0.36181640625,0.24217943203125003,0.2604089507812546,213,224,1.051643192488263,58,2.7448531893351333,30,1535,0.0,15015.114060963619,235,269,2.1015625,0.26319011406249615,True
0.85,99,45710,1024,3765,471,34,505,3.9453125,3.6767578125,4427,0.5404052734375,1718,0.38807318725999546,3182.140625,42.029296875,13.103609928131497,0.16776892366433327,0.209716796875,0.24217943203125003,0.2604089507812546,471,482,1.0233545647558386,27,4.753057658707047,5,1191,0.0,3191.4906953966697,515,549,4.2890625,0.26319011406249615,True
0.85,100,15813,1024,2980,373,34,407,3.1796875,2.91015625,5212,0.63623046875,1675,0.32137375287797393,847.1982421875,15.7783203125,18.850953148651072,0.3829626314089349,0.2044677734375,0.24217943203125003,0.2604089507812546,373,384,1.029490616621984,19,4.87037037037037,6,1082,0.0,848.8561643835617,417,451,3.5234375,0.26319011406249615,True
0.85,101,7135,1024,3961,496,34,530,4.140625,3.8681640625,4231,0.5164794921875,1703,0.40250531789175137,1606.0703125,25.54296875,16.07315806436879,0.15247416539328992,0.2078857421875,0.24217943203125003,0.2604089507812546,496,507,1.0221774193548387,39,4.7896592244418335,6,1009,0.0,1612.3686274509803,537,571,4.4609375,0.26319011406249615,True
0.85,102,31775,1024,4453,557,34,591,4.6171875,4.3486328125,3739,0.4564208984375,1105,0.2955335651243648,953.47265625,14.400390625,18.337721180323122,0.4574279776252713,0.1348876953125,0.24217943203125003,0.2604089507812546,557,568,1.0197486535008977,43,7.380434782608695,7,776,0.0,958.1511285574093,578,612,4.78125,0.26319011406249615,True
0.85,103,31772,1024,3728,466,34,500,3.90625,3.640625,4464,0.544921875,1691,0.3788082437275986,2785.3896484375,34.9033203125,13.681944036096944,0.2522130824096538,0.2064208984375,0.24217943203125003,0.2604089507812546,466,477,1.0236051502145922,41,4.822485207100592,6,1189,0.0,2799.0569185475956,514,548,4.28125,0.26319011406249615,True
0.85,104,25160,1024,3568,446,34,480,3.75,3.484375,4624,0.564453125,1405,0.3038494809688581,650.0888671875,14.6826171875,20.00107632084907,0.35574368886440166,0.1715087890625,0.24217943203125003,0.2604089507812546,446,457,1.0246636771300448,83,5.769230769230769,5,921,0.0,656.5,478,512,4.0,0.26319011406249615,True
0.85,105,36108,1024,3181,398,34,432,3.375,3.1064453125,5011,0.6116943359375,1819,0.36300139692676114,2524.9287109375,39.8544921875,14.108312401492816,0.24077235229451144,0.2220458984375,0.24217943203125003,0.2604089507812546,398,409,1.0276381909547738,140,4.425742574257426,6,1356,0.0,2567.5541211519367,428,462,3.609375,0.26319011406249615,True
0.85,106,1260,1024,1456,182,34,216,1.6875,1.421875,6736,0.822265625,2899,0.43037410926365793,2944.357421875,39.376953125,13.440898320618198,0.11327263053955766,0.3538818359375,0.24217943203125003,0.2604089507812546,182,193,1.0604395604395604,15,2.821256038647343,14,1629,0.0,2947.235581622678,197,231,1.8046875,0.26319011406249615,True
0.85,107,37885,1024,4060,508,34,542,4.234375,3.96484375,4132,0.50439453125,1702,0.4119070667957406,3875.3291015625,42.2431640625,12.247717712065958,0.23510082614938113,0.207763671875,0.24217943203125003,0.2604089507812546,508,519,1.0216535433070866,162,4.71957671957672,10,1150,0.0,3952.526892430279,535,569,4.4453125,0.26319011406249615,True
0.85,108,41535,1024,8,1,34,35,0.2734375,0.0078125,8184,0.9990234375,3583,0.4378054740957967,19386.240234375,122.7890625,5.255867706541303,0.0897188649870212,0.4373779296875,0.24217943203125003,0.2604089507812546,1,9,9.0,127,2.2445561139028474,11,1936,0.0,19674.44003964321,4,38,0.296875,0.26319011406249615,True
0.85,109,44889,1024,239,30,34,64,0.5,0.2333984375,7953,0.9708251953125,3702,0.46548472274613356,4918.3017578125,53.1884765625,11.212651899152977,0.056151058070672194,0.451904296875,0.24217943203125003,0.2604089507812546,30,41,1.3666666666666667,39,2.2026479329910833,13,1849,0.0,4937.589215686275,32,66,0.515625,0.26319011406249615,True
0.85,110,28184,1024,4942,618,34,652,5.09375,4.826171875,3250,0.396728515625,1001,0.308,2448.41796875,27.888671875,14.241948027754706,0.2271475125876576,0.1221923828125,0.24217943203125003,0.2604089507812546,618,629,1.0177993527508091,25,8.146,4,779,0.0,2455.6121449559255,641,675,5.2734375,0.26319011406249615,True
0.85,111,25319,1024,4127,516,34,550,4.296875,4.0302734375,4065,0.4962158203125,1581,0.388929889298893,2640.2880859375,36.1572265625,13.91429044866631,0.17187897539805794,0.1929931640625,0.24217943203125003,0.2604089507812546,516,527,1.0213178294573644,27,5.167088607594937,5,1063,0.0,2648.0460333006854,556,590,4.609375,0.26319011406249615,True
0.85,112,11010,1024,696,87,34,121,0.9453125,0.6796875,7496,0.9150390625,3510,0.46824973319103524,3270.3671875,47.896484375,12.98483844124303,0.09443669265414799,0.428466796875,0.24217943203125003,0.2604089507812546,87,98,1.1264367816091954,40,2.322599031062981,16,1890,0.0,3286.414131501472,98,132,1.03125,0.26319011406249615,True
0.85,113,33880,1024,1797,225,34,259,2.0234375,1.7548828125,6395,0.7806396484375,2478,0.38749022673964034,1459.052734375,24.90625,16.490093720353308,0.1874134508880162,0.302490234375,0.24217943203125003,0.2604089507812546,225,236,1.048888888888889,8,3.3035930561162696,14,1494,0.0,1460.4789833822092,230,264,2.0625,0.26319011406249615,True
0.85,114,19307,1024,1646,206,34,240,1.875,1.607421875,6546,0.799072265625,2740,0.41857622975863124,2628.6044921875,39.9443359375,13.93355115112309,0.08342973457807007,0.33447265625,0.24217943203125003,0.2604089507812546,206,217,1.0533980582524272,257,2.894487039065352,7,1717,0.0,2713.3981854838707,220,254,1.984375,0.26319011406249615,True
0.85,115,12236,1024,8,1,34,35,0.2734375,0.0078125,8184,0.9990234375,2107,0.2574535679374389,6252.1591796875,45.1962890625,10.170503342623045,0.0683359819917323,0.2572021484375,0.24217943203125003,0.2604089507812546,1,9,9.0,15,3.848053181386515,8,1283,0.0,6258.270772238514,4,38,0.296875,0.26319011406249615,True
0.85,116,13805,1024,1859,233,34,267,2.0859375,1.8154296875,6333,0.7730712890625,2827,0.44639191536396655,2275.3330078125,39.2001953125,14.560353937773487,0.12143134334341366,0.3450927734375,0.24217943203125003,0.2604089507812546,233,244,1.0472103004291846,50,2.8800424628450108,7,1596,0.0,2288.7436149312375,263,297,2.3203125,0.26319011406249615,True
0.85,117,5814,1024,181,23,34,57,0.4453125,0.1767578125,8011,0.9779052734375,3472,0.4334040694045687,5052.173828125,52.966796875,11.096020761309454,0.068640252999498,0.423828125,0.24217943203125003,0.2604089507812546,23,32,1.391304347826087,15,2.355517142033996,10,1924,0.0,5057.112414467253,22,56,0.4375,0.26319011406249615,True
0.85,118,48485,1024,4000,500,34,534,4.171875,3.90625,4192,0.51171875,1571,0.3747614503816794,2456.0068359375,29.3056640625,14.228507896016291,0.4484138010484507,0.1917724609375,0.24217943203125003,0.2604089507812546,500,511,1.022,19,5.202547770700637,11,993,0.0,2460.8131115459882,513,547,4.2734375,0.26319011406249615,True
0.85,119,12248,1024,8,1,34,35,0.2734375,0.0078125,8184,0.9990234375,3404,0.41593352883675466,15032.712890625,96.7734375,6.360429979050716,0.04075705209861439,0.41552734375,0.24217943203125003,0.2604089507812546,1,9,9.0,13,2.4025859535703793,9,1894,0.0,15047.407624633432,4,38,0.296875,0.26319011406249615,True
0.85,120,458,1024,5260,658,34,692,5.40625,5.13671875,2932,0.35791015625,1018,0.3472032742155525,2163.1376953125,27.5302734375,14.779961953765504,0.2787386208012617,0.124267578125,0.24217943203125003,0.2604089507812546,658,669,1.0167173252279635,16,8.035398230088495,5,735,0.0,2167.37084148728,693,727,5.6796875,0.26319011406249615,True
0.85,121,319,1024,2843,356,34,390,3.046875,2.7763671875,5349,0.6529541015625,2157,0.4032529444756029,3559.9208984375,46.3388671875,12.616400128258686,0.2996801692188665,0.2633056640625,0.24217943203125003,0.2604089507812546,356,367,1.0308988764044944,22,3.788961038961039,7,1501,0.0,3566.8874755381603,394,428,3.34375,0.26319011406249615,True
0.85,122,21496,1024,3776,472,34,506,3.953125,3.6875,4416,0.5390625,1832,0.4148550724637681,2599.6328125,38.693359375,13.981683508842499,0.27519550773129287,0.2236328125,0.24217943203125003,0.2604089507812546,472,483,1.0233050847457628,15,4.464227198252321,6,1212,0.0,2602.1739980449656,504,538,4.203125,0.26319011406249615,True
0.85,123,20390,1024,4009,502,34,536,4.1875,3.9150390625,4183,0.5106201171875,1600,0.38250059765718386,1486.109375,25.369140625,16.41029586967632,0.21494082666194536,0.1953125,0.24217943203125003,0.2604089507812546,502,513,1.0219123505976095,27,5.105691056910569,13,985,0.0,1490.4760039177277,516,550,4.296875,0.26319011406249615,True
0.85,124,33691,1024,1834,230,34,264,2.0625,1.791015625,6358,0.776123046875,2473,0.3889587920729789,8543.048828125,70.076171875,8.814674722709967,0.24667589401195286,0.3018798828125,0.24217943203125003,0.2604089507812546,230,241,1.0478260869565217,68,3.286003236245955,8,1437,0.0,8610.316929133858,236,270,2.109375,0.26319011406249615,True
0.85,125,33872,1024,2085,261,34,295,2.3046875,2.0361328125,6107,0.7454833984375,2870,0.46995251350908795,5066.130859375,55.423828125,11.084039573378826,0.18046652861189738,0.350341796875,0.24217943203125003,0.2604089507812546,261,272,1.0421455938697317,42,2.839316835134193,7,1697,0.0,5090.989205103042,281,315,2.4609375,0.26319011406249615,True
0.85,126,46987,1024,1306,164,34,198,1.546875,1.275390625,6886,0.840576171875,2957,0.4294220156839965,2681.93359375,36.427734375,13.846323406054928,0.1337107934629721,0.3609619140625,0.24217943203125003,0.2604089507812546,164,175,1.0670731707317074,29,2.7611637347767255,21,1621,0.0,2689.8139079333987,163,197,1.5390625,0.26319011406249615,True
0.85,127,26772,1024,3832,479,34,513,4.0078125,3.7421875,4360,0.5322265625,1821,0.4176605504587156,1711.9091796875,30.9677734375,15.795996401335543,0.22166758947584417,0.2222900390625,0.24217943203125003,0.2604089507812546,479,490,1.022964509394572,75,4.4593406593406595,13,1073,0.0,1727.088669950739,514,548,4.28125,0.26319011406249615,True
0.85,128,7057,1024,4730,592,34,626,4.890625,4.619140625,3462,0.422607421875,1198,0.3460427498555748,2881.046875,33.333984375,13.535300365034196,0.2384718258018639,0.146240234375,0.24217943203125003,0.2604089507812546,592,603,1.0185810810810811,105,6.74937343358396,5,900,0.0,2918.0929772502473,622,656,5.125,0.26319011406249615,True
0.85,129,30014,1024,3529,442,34,476,3.71875,3.4462890625,4663,0.5692138671875,1973,0.42311816427192794,3285.4462890625,42.9794921875,12.964859891905451,0.1615452940323284,0.2408447265625,0.24217943203125003,0.2604089507812546,442,453,1.0248868778280542,18,4.144523326572008,6,1338,0.0,3291.875733855186,453,487,3.8046875,0.26319011406249615,True
0.85,130,48237,1024,3969,497,34,531,4.1484375,3.8759765625,4223,0.5155029296875,963,0.2280369405635804,874.091796875,18.966796875,18.715233163538837,0.20484468303003076,0.1175537109375,0.24217943203125003,0.2604089507812546,497,508,1.0221327967806841,29,8.38981288981289,4,787,0.0,876.6601371204702,525,559,4.3671875,0.26319011406249615,True
0.85,131,4823,1024,666,84,34,118,0.921875,0.650390625,7526,0.918701171875,3759,0.49946850916821683,13610.7783203125,101.9990234375,6.791974002088818,0.11439358701291176,0.4588623046875,0.24217943203125003,0.2604089507812546,84,95,1.130952380952381,71,2.1607237892496007,16,1999,0.0,13717.949803149606,95,129,1.0078125,0.26319011406249615,True
0.85,132,26627,1024,770,97,34,131,1.0234375,0.751953125,7422,0.906005859375,3526,0.47507410401509026,2617.076171875,41.46875,13.952639975923546,0.05218992746594356,0.430419921875,0.24217943203125003,0.2604089507812546,97,108,1.1134020618556701,19,2.3177304964539007,22,1831,0.0,2622.197651663405,106,140,1.09375,0.26319011406249615,True
0.85,133,12293,1024,2891,362,34,396,3.09375,2.8232421875,5301,0.6470947265625,2485,0.46877947557064703,3701.7412109375,43.3681640625,12.446743069562519,0.11956057783304605,0.3033447265625,0.24217943203125003,0.2604089507812546,362,373,1.0303867403314917,19,3.289855072463768,14,1380,0.0,3708.985322896282,392,426,3.328125,0.26319011406249615,True
0.85,134,32803,1024,3520,440,34,474,3.703125,3.4375,4672,0.5703125,1438,0.307791095890411,1099.5283203125,24.1318359375,17.718739409982526,0.18731984925722137,0.175537109375,0.24217943203125003,0.2604089507812546,440,451,1.025,92,5.5949895615866385,6,1065,0.0,1111.4679170779862,477,511,3.9921875,0.26319011406249615,True
0.85,135,41882,1024,899,113,34,147,1.1484375,0.8779296875,7293,0.8902587890625,3232,0.4431646784587961,2024.57421875,33.6171875,15.067466586951841,0.2846362560322173,0.39453125,0.24217943203125003,0.2604089507812546,113,120,1.0619469026548674,61,2.5150108325595792,8,1823,0.0,2038.5093411996068,124,158,1.234375,0.26319011406249615,True
0.85,136,10235,1024,2142,268,34,302,2.359375,2.091796875,6050,0.738525390625,2505,0.4140495867768595,1323.1650390625,26.4892578125,16.914663435255402,0.3034166995865545,0.3057861328125,0.24075142499999913,0.2463562578124936,268,279,1.041044776119403,123,3.2216453674121404,12,1360,0.0,1342.8354806739346,277,311,2.4296875,0.269212246875,True
0.85,137,30033,1024,4163,521,34,555,4.3359375,4.0654296875,4029,0.4918212890625,1453,0.3606353933978655,3431.041015625,38.205078125,12.776544511028652,0.25613708321061823,0.1773681640625,0.24075142499999913,0.2463562578124936,521,532,1.021113243761996,25,5.62396694214876,5,1001,0.0,3441.122428991185,560,594,4.640625,0.269212246875,True
0.85,138,20042,1024,3112,389,34,423,3.3046875,3.0390625,5080,0.6201171875,2413,0.475,2904.3388671875,40.5517578125,13.500330740589362,0.14719634732634837,0.2945556640625,0.24075142499999913,0.2463562578124936,389,400,1.0282776349614395,19,3.38681592039801,7,1408,0.0,2910.022504892368,426,460,3.59375,0.269212246875,True
0.85,139,29399,1024,932,117,34,151,1.1796875,0.91015625,7260,0.88623046875,3418,0.47079889807162534,11864.986328125,88.869140625,7.388131187463511,0.10131064984400813,0.417236328125,0.24075142499999913,0.2463562578124936,117,128,1.0940170940170941,42,2.3848405033655253,11,1887,0.0,11923.205103042199,123,157,1.2265625,0.269212246875,True
0.85,140,6463,1024,5537,693,34,727,5.6796875,5.4072265625,2655,0.3240966796875,955,0.35969868173258,1439.6103515625,22.0283203125,16.54835400067983,0.368252346017822,0.1165771484375,0.24075142499999913,0.2463562578124936,693,704,1.0158730158730158,67,8.40356394129979,6,711,0.0,1450.9458661417323,740,774,6.046875,0.269212246875,True
0.85,141,25920,1024,457,58,34,92,0.71875,0.4462890625,7735,0.9442138671875,3735,0.48287007110536523,5040.6376953125,62.4951171875,11.105948779866349,0.27304126714864685,0.4559326171875,0.24075142499999913,0.2463562578124936,58,69,1.1896551724137931,28,2.186127477236208,10,2149,0.0,5055.448579823702,60,94,0.734375,0.269212246875,True
0.85,142,10327,1024,8,1,34,35,0.2734375,0.0078125,8184,0.9990234375,4214,0.5149071358748778,22041.005859375,140.28125,4.698489508511291,0.03909978369539226,0.514404296875,0.24075142499999913,0.2463562578124936,1,9,9.0,12,1.9406598623308806,9,2191,0.0,22062.551319648093,4,38,0.296875,0.269212246875,True
0.85,143,3805,1024,1579,198,34,232,1.8125,1.5419921875,6613,0.8072509765625,2906,0.4394374716467564,2585.5087890625,41.9384765625,14.005343424361484,0.0541147984825597,0.354736328125,0.24075142499999913,0.2463562578124936,198,209,1.0555555555555556,26,2.810327022375215,7,1857,0.0,2593.105778648384,218,252,1.96875,0.269212246875,True
0.85,144,37879,1024,2106,264,34,298,2.328125,2.056640625,6086,0.742919921875,2541,0.41751560959579365,1501.48828125,31.83984375,16.365584138822417,0.3935387943709678,0.3101806640625,0.24075142499999913,0.2463562578124936,264,275,1.0416666666666667,27,3.2141732283464566,6,1501,0.0,1505.900097943193,255,289,2.2578125,0.269212246875,True
0.85,145,22721,1024,3821,478,34,512,4.0,3.7314453125,4371,0.5335693359375,1442,0.3299016243422558,1619.6484375,24.880859375,16.036596044877555,0.28547791509400977,0.176025390625,0.24075142499999913,0.2463562578124936,478,489,1.0230125523012552,215,5.53088133240805,6,953,0.0,1661.8436873747496,510,544,4.25,0.269212246875,True
0.85,146,43932,1024,2141,268,34,302,2.359375,2.0908203125,6051,0.7386474609375,3019,0.49892579738886134,12957.806640625,87.6875,7.005488658525314,0.18708172518979863,0.3685302734375,0.24075142499999913,0.2463562578124936,268,279,1.041044776119403,51,2.6971504307488403,13,1645,0.0,13034.178781925344,287,321,2.5078125,0.269212246875,True
0.85,147,47270,1024,3615,452,34,486,3.796875,3.5302734375,4577,0.5587158203125,2055,0.4489840506882237,2957.2490234375,42.4365234375,13.421924638185844,0.187494415423575,0.2508544921875,0.24075142499999913,0.2463562578124936,452,463,1.0243362831858407,27,3.966893865628043,6,1390,0.0,2965.9382957884427,491,525,4.1015625,0.269212246875,True
0.85,148,11091,1024,3156,395,34,429,3.3515625,3.08203125,5036,0.61474609375,1613,0.32029388403494835,1686.080078125,24.845703125,15.862021638520574,0.2361236223209198,0.1968994140625,0.24075142499999913,0.2463562578124936,395,406,1.0278481012658227,17,5.068238213399503,7,1055,0.0,1689.3796477495107,411,445,3.4765625,0.269212246875,True
0.85,149,9736,1024,2681,336,34,370,2.890625,2.6181640625,5511,0.6727294921875,2201,0.39938305207766284,1483.7978515625,26.9814453125,16.41705622951131,0.13165000743570954,0.2686767578125,0.24075142499999913,0.2463562578124936,336,347,1.0327380952380953,29,3.709090909090909,8,1287,0.0,1488.1576885406464,374,408,3.1875,0.269212246875,True
0.85,150,23206,1024,784,98,34,132,1.03125,0.765625,7408,0.904296875,3120,0.42116630669546434,1533.615234375,30.365234375,16.273639468533187,0.1791010786882569,0.380859375,0.24075142499999913,0.2463562578124936,98,109,1.1122448979591837,29,2.616864379608849,13,1826,0.0,1538.1214495592556,110,144,1.125,0.269212246875,True
0.85,151,25039,1024,3233,405,34,439,3.4296875,3.1572265625,4959,0.6053466796875,2293,0.4623916112119379,2192.3369140625,35.0478515625,14.721730643974752,0.10218821292815751,0.2799072265625,0.24075142499999913,0.2463562578124936,405,416,1.0271604938271606,28,3.56151832460733,10,1311,0.0,2198.7786483839373,449,483,3.7734375,0.269212246875,True
0.85,152,21014,1024,8,1,34,35,0.2734375,0.0078125,8184,0.9990234375,2912,0.35581622678396874,17491.58984375,96.634765625,5.702510757466874,0.045170081610979684,0.35546875,0.24075142499999913,0.2463562578124936,1,9,9.0,87,2.750944692545517,8,1577,0.0,17664.090729783038,4,38,0.296875,0.269212246875,True
0.85,153,32412,1024,3903,488,34,522,4.078125,3.8115234375,4289,0.5235595703125,1899,0.4427605502448123,1725.767578125,28.47265625,15.760980551982316,0.25495370104457754,0.2318115234375,0.24075142499999913,0.2463562578124936,488,499,1.0225409836065573,18,4.306111696522655,6,1310,0.0,1729.1448140900195,510,544,4.25,0.269212246875,True
0.85,154,34022,1024,2127,266,34,300,2.34375,2.0771484375,6065,0.7403564453125,2714,0.4474855729596043,1334.365234375,26.35546875,16.878056425590973,0.20293173444315568,0.331298828125,0.24075142499999913,0.2463562578124936,266,277,1.0413533834586466,29,3.0084776999631404,10,1270,0.0,1338.2859941234085,279,313,2.4453125,0.269212246875,True
0.85,155,21369,1024,2450,307,34,341,2.6640625,2.392578125,5742,0.700927734375,1824,0.3176593521421108,3296.232421875,35.337890625,12.950625340627928,0.2600706373333554,0.22265625,0.24075142499999913,0.2463562578124936,307,318,1.0358306188925082,103,4.43664289632474,7,1229,0.0,3335.318181818182,304,338,2.640625,0.269212246875,True
0.85,156,41654,1024,4347,544,34,578,4.515625,4.2451171875,3845,0.4693603515625,1368,0.35578673602080624,2832.8974609375,36.2177734375,13.608495057103225,0.14401917365840136,0.1669921875,0.24075142499999913,0.2463562578124936,544,555,1.0202205882352942,59,5.947329919531821,5,988,0.0,2852.3962635201574,584,618,4.828125,0.269212246875,True
0.85,157,11953,1024,8,1,34,35,0.2734375,0.0078125,8184,0.9990234375,3910,0.477761485826002,24389.4921875,139.6796875,4.258776028855657,0.06422202619835923,0.477294921875,0.24075142499999913,0.2463562578124936,1,9,9.0,14,2.091327705295472,8,2023,0.0,24413.333333333332,4,38,0.296875,0.269212246875,True
0.85,158,13700,1024,2904,363,34,397,3.1015625,2.8359375,5288,0.6455078125,2230,0.42170953101361575,2603.337890625,34.17578125,13.97549821452312,0.18811512668730207,0.272216796875,0.24075142499999913,0.2463562578124936,363,374,1.0303030303030303,55,3.648721399730821,8,1437,0.0,2618.681728880157,385,419,3.2734375,0.269212246875,True
0.85,159,38205,1024,2711,339,34,373,2.9140625,2.6474609375,5481,0.6690673828125,2453,0.4475460682357234,3549.134765625,35.740234375,12.629578704366097,0.3502215380908004,0.2994384765625,0.24075142499999913,0.2463562578124936,339,331,0.976401179941003,107,3.294453507340946,7,1515,0.0,3594.7715133531156,330,364,2.84375,0.269212246875,True
0.85,160,40129,1024,3224,403,34,437,3.4140625,3.1484375,4968,0.6064453125,1506,0.3031400966183575,1026.236328125,22.57421875,18.018329765230405,0.36488022453106755,0.183837890625,0.24075142499999913,0.2463562578124936,403,414,1.0272952853598014,81,5.386046511627907,5,1149,0.0,1036.3570019723866,432,466,3.640625,0.269212246875,True
0.85,161,17080,1024,3145,394,34,428,3.34375,3.0712890625,5047,0.6160888671875,1856,0.3677432137903705,2413.33203125,28.9375,14.304632837085583,0.3413083482572236,0.2265625,0.24075142499999913,0.2463562578124936,394,405,1.0279187817258884,63,4.349865229110512,7,1286,0.0,2429.9429695181907,388,422,3.296875,0.269212246875,True
0.85,162,1505,1024,1488,186,34,220,1.71875,1.453125,6704,0.818359375,3412,0.5089498806682577,5437.8916015625,59.1494140625,10.776498147169187,0.15213682308115845,0.41650390625,0.24075142499999913,0.2463562578124936,186,197,1.0591397849462365,38,2.3902081501026093,18,1639,0.0,5459.216666666666,208,242,1.890625,0.269212246875,True
0.85,163,36391,1024,1739,218,34,252,1.96875,1.6982421875,6453,0.7877197265625,3265,0.5059662172632884,3531.259765625,45.833984375,12.651506946704325,0.24209629012264858,0.3985595703125,0.24075142499999913,0.2463562578124936,218,229,1.0504587155963303,34,2.499080882352941,15,1658,0.0,3545.107843137255,235,269,2.1015625,0.269212246875,True
0.85,164,24660,1024,3176,397,34,431,3.3671875,3.1015625,5016,0.6123046875,2160,0.430622009569378,3887.0146484375,42.3662109375,12.234641835699119,0.10407909739418192,0.263671875,0.24075142499999913,0.2463562578124936,397,408,1.0277078085642317,11,3.7864752200092635,8,1365,0.0,3890.814271749756,428,462,3.609375,0.269212246875,True
0.85,165,24061,1024,2188,274,34,308,2.40625,2.13671875,6004,0.73291015625,2459,0.40956029313790804,2782.2861328125,38.1416015625,13.686785696793404,0.22609920008249051,0.3001708984375,0.24075142499999913,0.2463562578124936,274,285,1.0401459854014599,7,3.329129373474369,8,1615,,2782.2861328125,301,335,2.6171875,0.269212246875,True
0.85,166,10964,1024,939,118,34,152,1.1875,0.9169921875,7253,0.8853759765625,3549,0.4893147663035985,15448.1298828125,97.0615234375,6.242044486755702,0.05119445152996339,0.4332275390625,0.24075142499999913,0.2463562578124936,118,122,1.0338983050847457,31,2.2998872604284104,7,2093,0.0,15493.521057786484,122,156,1.21875,0.269212246875,True
0.85,167,20807,1024,4105,514,34,548,4.28125,4.0087890625,4087,0.4989013671875,1836,0.4492292635184732,4489.828125,50.037109375,11.608506447627583,0.23594427855905933,0.22412109375,0.24075142499999913,0.2463562578124936,514,525,1.0214007782101167,9,4.456130790190736,6,1216,0.0,4494.217008797654,554,588,4.59375,0.269212246875,True
0.85,168,33388,1024,2294,287,34,321,2.5078125,2.240234375,5898,0.719970703125,2727,0.46236012207527977,4080.859375,48.125,12.023287314741486,0.04650662832741047,0.3328857421875,0.24075142499999913,0.2463562578124936,287,298,1.038327526132404,19,2.9974321349963318,10,1492,0.0,4088.8454011741683,314,348,2.71875,0.269212246875,True
0.85,169,34571,1024,534,67,34,101,0.7890625,0.521484375,7658,0.934814453125,3638,0.47505876207887177,22765.6796875,118.61328125,4.557997398224655,0.012175033366565113,0.444091796875,0.24075142499999913,0.2463562578124936,67,78,1.164179104477612,15,2.248006598845202,10,1691,0.0,22787.933528836755,75,109,0.8515625,0.269212246875,True
0.85,170,21194,1024,4059,508,34,542,4.234375,3.9638671875,4133,0.5045166015625,1438,0.34793128478103075,1162.1396484375,22.5068359375,17.478220427088203,0.31057614880793183,0.175537109375,0.24075142499999913,0.2463562578124936,508,519,1.0216535433070866,18,5.686847599164927,5,1014,0.0,1164.4138943248531,539,573,4.4765625,0.269212246875,True
0.85,171,32696,1024,4355,545,34,579,4.5234375,4.2529296875,3837,0.4683837890625,1449,0.3776387802971071,3792.4814453125,39.3466796875,12.341568961864942,0.1537643580473891,0.1768798828125,0.24075142499999913,0.2463562578124936,545,556,1.0201834862385322,27,5.638121546961326,6,1073,0.0,3803.6248775710087,554,588,4.59375,0.269212246875,True
0.85,172,46005,1024,3357,420,34,454,3.546875,3.2783203125,4835,0.5902099609375,824,0.1704239917269907,394.8056640625,12.1005859375,22.166969862384885,0.4153139096679279,0.1005859375,0.24075142499999913,0.2463562578124936,420,431,1.026190476190476,1239,8.44228432563791,4,673,0.0,464.6908045977012,411,445,3.4765625,0.269212246875,True
0.85,173,19269,1024,1844,231,34,265,2.0703125,1.80078125,6348,0.77490234375,2655,0.41824196597353497,3349.5615234375,39.7119140625,12.880924017161524,0.23279767925512115,0.3240966796875,0.24075142499999913,0.2463562578124936,231,230,0.9956709956709957,47,3.0681989449886964,15,1451,0.0,3365.997055937193,196,230,1.796875,0.269212246875,True
0.85,174,5503,1024,4968,621,34,655,5.1171875,4.8515625,3224,0.3935546875,1325,0.4109801488833747,2744.0927734375,33.0986328125,13.74681570775296,0.3425861903287315,0.1617431640625,0.24075142499999913,0.2463562578124936,621,632,1.0177133655394526,23,6.163897280966768,6,949,0.0,2749.462818003914,671,705,5.5078125,0.269212246875,True
0.85,175,32979,1024,215,27,34,61,0.4765625,0.2099609375,7977,0.9737548828125,3637,0.45593581546947476,8600.6630859375,75.3369140625,8.785484255008075,0.054492547647569105,0.4439697265625,0.24075142499999913,0.2463562578124936,27,36,1.3333333333333333,9,2.25027502750275,12,1982,0.0,8609.070381231671,28,62,0.484375,0.269212246875,True
0.85,176,32764,1024,2375,297,34,331,2.5859375,2.3193359375,5817,0.7100830078125,2818,0.4844421523121884,3984.6103515625,47.3896484375,12.126945019965058,0.08756085407528978,0.343994140625,0.24075142499999913,0.2463562578124936,297,308,1.037037037037037,27,2.8924387646432375,10,1579,0.0,3996.3183153770815,327,361,2.8203125,0.269212246875,True
0.85,177,36396,1024,3022,378,34,412,3.21875,2.951171875,5170,0.631103515625,2102,0.40657640232108316,538.5126953125,13.3388671875,20.81884414721051,0.30585438087767414,0.256591796875,0.24075142499999913,0.2463562578124936,378,389,1.029100529100529,44,3.877677296525464,24,859,0.0,541.1550539744848,389,423,3.3046875,0.269212246875,True
0.85,178,16139,1024,2845,356,34,390,3.046875,2.7783203125,5347,0.6527099609375,1738,0.3250420796708435,3129.5888671875,41.1962890625,13.175930726631497,0.4066930211057922,0.212158203125,0.24075142499999913,0.2463562578124936,356,354,0.9943820224719101,77,4.667818077144502,6,1431,0.0,3157.3389162561575,315,349,2.7265625,0.269212246875,True
0.85,179,32110,1024,8,1,34,35,0.2734375,0.0078125,8184,0.9990234375,3196,0.39051808406647115,18629.90625,108.3125,5.42869691436516,0.08397785770620061,0.39013671875,0.24075142499999913,0.2463562578124936,1,9,9.0,14,2.5593114241001564,8,1653,0.0,18648.117302052786,4,38,0.296875,0.269212246875,True
0.85,180,37930,1024,489,62,34,96,0.75,0.4775390625,7703,0.9403076171875,3584,0.4652732701544853,3048.3759765625,42.0908203125,13.290118304587077,0.126193007179675,0.4375,0.24075142499999913,0.2463562578124936,62,73,1.1774193548387097,109,2.255093497069495,7,1872,0.0,3087.5736894164193,73,107,0.8359375,0.269212246875,True
0.85,181,5624,1024,4240,530,34,564,4.40625,4.140625,3952,0.482421875,1571,0.3975202429149798,995.9052734375,22.9599609375,18.148623288496548,0.2260284300962508,0.1917724609375,0.24075142499999913,0.2463562578124936,530,541,1.0207547169811322,12,5.209554140127389,7,981,0.0,996.8787878787879,575,609,4.7578125,0.269212246875,True
0.85,182,37946,1024,1807,226,34,260,2.03125,1.7646484375,6385,0.7794189453125,2961,0.4637431480031323,3249.5029296875,37.7353515625,13.01263428013338,0.1694380654270706,0.3614501953125,0.24075142499999913,0.2463562578124936,226,237,1.0486725663716814,63,2.745945945945946,12,1521,0.0,3271.8692232055064,245,279,2.1796875,0.269212246875,True
0.85,183,6616,1024,1978,248,34,282,2.203125,1.931640625,6214,0.758544921875,3031,0.4877695526231091,2727.046875,42.587890625,13.77387757807514,0.12724955887082964,0.3699951171875,0.24075142499999913,0.2463562578124936,248,259,1.0443548387096775,18,2.697029702970297,22,1509,0.0,2732.3835616438355,268,302,2.359375,0.269212246875,True
0.85,184,11706,1024,1077,135,34,169,1.3203125,1.0517578125,7115,0.8685302734375,3168,0.4452565003513703,2942.8388671875,40.2080078125,13.443138775678618,0.1726604185966979,0.38671875,0.24075142499999913,0.2463562578124936,135,146,1.0814814814814815,203,2.521629302178718,11,1647,0.0,3016.4834834834833,135,169,1.3203125,0.269212246875,True
0.85,185,10558,1024,50,7,34,41,0.3203125,0.048828125,8142,0.993896484375,3051,0.3747236551215917,10758.8388671875,72.0576171875,7.8131495764012,0.11451845243624642,0.3724365234375,0.24075142499999913,0.2463562578124936,7,16,2.2857142857142856,14,2.6704918032786886,8,1700,0.0,10769.355816226784,9,43,0.3359375,0.269212246875,True
0.85,186,18351,1024,8,1,34,35,0.2734375,0.0078125,8184,0.9990234375,2574,0.31451612903225806,9704.8349609375,70.2744140625,8.260922066317915,0.038040394839714185,0.314208984375,0.24075142499999913,0.2463562578124936,1,9,9.0,71,3.1496307811892734,8,1489,0.0,9781.250984251968,4,38,0.296875,0.269212246875,True
0.85,187,15023,1024,8,1,34,35,0.2734375,0.0078125,8184,0.9990234375,3852,0.4706744868035191,17648.89453125,124.361328125,5.663628530711873,0.14312015887894564,0.47021484375,0.24075142499999913,0.2463562578124936,1,9,9.0,14,2.1223058945728384,8,1955,0.0,17666.146627565984,4,38,0.296875,0.269212246875,True
0.85,188,9490,1024,2681,336,34,370,2.890625,2.6181640625,5511,0.6727294921875,2128,0.3861368172745418,2782.78515625,36.58984375,13.686006827612507,0.06430451338970686,0.259765625,0.24075142499999913,0.2463562578124936,336,347,1.0327380952380953,19,3.828396803008933,7,1463,0.0,2788.230919765166,355,389,3.0390625,0.269212246875,True
0.85,189,6355,1024,1664,208,34,242,1.890625,1.625,6528,0.796875,2908,0.44546568627450983,2875.03515625,46.92578125,13.54437201208512,0.13951368513992524,0.35498046875,0.24075142499999913,0.2463562578124936,208,219,1.0528846153846154,18,2.8114895080839353,8,1946,0.0,2880.6614481409,227,261,2.0390625,0.269212246875,True
0.85,190,8857,1024,1589,199,34,233,1.8203125,1.5517578125,6603,0.8060302734375,2227,0.337270937452673,564.095703125,12.087890625,20.61727569272652,0.5118890311308044,0.2718505859375,0.24075142499999913,0.2463562578124936,199,208,1.0452261306532664,87,3.6406109613656783,8,1226,0.0,569.6587771203156,190,224,1.75,0.269212246875,True
0.85,191,31811,1024,852,107,34,141,1.1015625,0.83203125,7340,0.89599609375,3911,0.53283378746594,12769.2109375,95.724609375,7.069162996324815,0.14303401766322713,0.4774169921875,0.24075142499999913,0.2463562578124936,107,118,1.102803738317757,172,2.0508951406649616,13,1821,0.0,13036.562313060818,110,144,1.125,0.269212246875,True
0.85,192,10400,1024,4791,599,34,633,4.9453125,4.6787109375,3401,0.4151611328125,1322,0.3887092031755366,3095.0166015625,32.1142578125,13.22417377964876,0.12664848368574097,0.161376953125,0.24075142499999913,0.2463562578124936,599,610,1.018363939899833,10,6.111279333838001,5,883,0.0,3098.0420332355816,623,657,5.1328125,0.269212246875,True
0.85,193,275,1024,3493,437,34,471,3.6796875,3.4111328125,4699,0.5736083984375,1952,0.4154075335177697,3189.806640625,41.546875,13.093160030316467,0.3115479330619093,0.23828125,0.24075142499999913,0.2463562578124936,437,448,1.0251716247139588,25,4.184008200922603,7,1347,0.0,3199.179236043095,464,498,3.890625,0.269212246875,True
0.85,194,26152,1024,8,1,34,35,0.2734375,0.0078125,8184,0.9990234375,3706,0.45283479960899314,18343.6904296875,117.4931640625,5.495936482897765,0.05140453878207003,0.452392578125,0.24075142499999913,0.2463562578124936,1,9,9.0,287,2.1333333333333333,8,1888,0.0,18992.86046511628,4,38,0.296875,0.269212246875,True
0.85,195,13037,1024,8,1,34,35,0.2734375,0.0078125,8184,0.9990234375,3115,0.38062072336265884,15930.12109375,93.841796875,6.108612837392501,0.0480518310274592,0.3802490234375,0.24075142499999913,0.2463562578124936,1,9,9.0,14,2.625883108542068,11,1497,0.0,15945.693059628544,4,38,0.296875,0.269212246875,True
0.85,196,41203,1024,4049,507,34,541,4.2265625,3.9541015625,4143,0.5057373046875,1499,0.36181510982379916,1969.8115234375,32.0048828125,15.186556871159375,0.17050662423973714,0.1829833984375,0.24075142499999913,0.2463562578124936,507,518,1.0216962524654833,10,5.457943925233645,5,1050,0.0,1971.7370478983382,557,591,4.6171875,0.269212246875,True
0.85,197,43709,1024,2321,291,34,325,2.5390625,2.2666015625,5871,0.7166748046875,1839,0.31323454266734796,482.578125,12.005859375,21.29512729178085,0.5681393977941589,0.2244873046875,0.24075142499999913,0.2463562578124936,291,274,0.9415807560137457,67,4.405331882480958,6,1079,0.0,486.37795275590554,306,340,2.65625,0.269212246875,True
0.85,198,43572,1024,135,17,34,51,0.3984375,0.1318359375,8057,0.9835205078125,4052,0.5029167183815316,15290.8681640625,109.3740234375,6.286482169756669,0.10879194977146137,0.49462890625,0.24075142499999913,0.2463562578124936,17,26,1.5294117647058822,27,2.015304862996791,8,2132,0.0,15335.797257590597,19,53,0.4140625,0.269212246875,True
0.85,199,23390,1024,2433,305,34,339,2.6484375,2.3759765625,5759,0.7030029296875,2514,0.4365341205070325,2413.240234375,36.583984375,14.304798034555253,0.02990033504934553,0.306884765625,0.24075142499999913,0.2463562578124936,305,316,1.0360655737704918,51,3.238758456028651,7,1593,0.0,2427.4636542239687,337,371,2.8984375,0.269212246875,True
0.9,0,712,1024,5061,633,34,667,5.2109375,4.9423828125,3131,0.3822021484375,944,0.30150111785372086,2624.927734375,28.3359375,13.939630093141943,0.35272515678416333,0.115234375,0.24075142499999913,0.2463562578124936,633,644,1.0173775671406002,34,8.638388123011666,7,662,0.0,2635.221568627451,651,685,5.3515625,0.269212246875,True
0.9,1,24774,1024,6431,804,34,838,6.546875,6.2802734375,1761,0.2149658203125,439,0.249290176036343,1295.9990234375,16.1298828125,17.004756865832313,0.6606215542583639,0.0535888671875,0.24075142499999913,0.2463562578124936,804,815,1.013681592039801,103,18.23744292237443,5,332,0.0,1311.3666007905138,799,833,6.5078125,0.269212246875,True
0.9,2,45142,1024,6207,776,34,810,6.328125,6.0615234375,1985,0.2423095703125,481,0.24231738035264483,1333.7626953125,18.3505859375,16.880017946187582,0.35295199405627004,0.0587158203125,0.24075142499999913,0.2463562578124936,776,787,1.0141752577319587,10,16.985416666666666,4,404,0.0,1335.0664711632453,805,839,6.5546875,0.269212246875,True
0.9,3,27119,1024,36,5,34,39,0.3046875,0.03515625,8156,0.99560546875,2526,0.3097106424717999,13518.2470703125,72.7685546875,6.821599811740478,0.07200113283922911,0.308349609375,0.24075142499999913,0.2463562578124936,5,13,2.6,12,3.2392079207920794,35,1202,0.0,13531.46138807429,9,43,0.3359375,0.269212246875,True
0.9,4,21139,1024,5446,681,34,715,5.5859375,5.318359375,2746,0.335205078125,716,0.2607428987618354,1620.951171875,21.373046875,16.033104281320657,0.28973089826639253,0.08740234375,0.24075142499999913,0.2463562578124936,681,692,1.0161527165932451,108,11.246153846153845,6,525,0.0,1641.7942631058359,682,716,5.59375,0.269212246875,True
0.9,5,19129,1024,5258,658,34,692,5.40625,5.134765625,2934,0.358154296875,856,0.29175187457396046,1515.80859375,25.3984375,16.324359959348694,0.4422949796178816,0.1044921875,0.24075142499999913,0.2463562578124936,658,669,1.0167173252279635,20,9.52280701754386,4,695,0.0,1518.774951076321,671,705,5.5078125,0.269212246875,True
0.9,6,6433,1024,5291,662,34,696,5.4375,5.1669921875,2901,0.3541259765625,525,0.1809720785935884,651.91015625,12.705078125,19.988926138069022,0.3736142449903702,0.0640869140625,0.24075142499999913,0.2463562578124936,662,673,1.0166163141993958,771,13.482824427480915,4,421,0.0,719.3491379310345,660,694,5.421875,0.269212246875,True
0.9,7,38854,1024,5593,700,34,734,5.734375,5.4619140625,2599,0.3172607421875,608,0.2339361292804925,1709.8671875,20.3125,15.801179826254245,0.4470086961656885,0.07421875,0.24075142499999913,0.2463562578124936,700,711,1.0157142857142858,48,13.395387149917628,4,468,0.0,1719.9449901768173,713,747,5.8359375,0.269212246875,True
0.9,8,22489,1024,6013,752,34,786,6.140625,5.8720703125,2179,0.2659912109375,486,0.22303809086737036,1421.685546875,17.060546875,16.602768125465044,0.5404833858508383,0.059326171875,0.24075142499999913,0.2463562578124936,752,763,1.014627659574468,59,16.750515463917527,5,377,0.0,1431.4709931170107,761,795,6.2109375,0.269212246875,True
0.9,9,31104,1024,287,36,34,70,0.546875,0.2802734375,7905,0.9649658203125,3492,0.44174573055028465,14891.818359375,94.076171875,6.401326305282588,0.07206562544593324,0.42626953125,0.24075142499999913,0.2463562578124936,36,47,1.3055555555555556,109,2.3150959610426813,8,1888,0.0,15083.305637982196,33,67,0.5234375,0.269212246875,True
0.9,10,21349,1024,5581,698,34,732,5.71875,5.4501953125,2611,0.3187255859375,581,0.2225201072386059,671.3388671875,12.3564453125,19.86138569460704,0.4899914161264372,0.0709228515625,0.24075142499999913,0.2463562578124936,698,709,1.015759312320917,72,13.989655172413793,4,420,0.0,677.2916256157636,745,779,6.0859375,0.269212246875,True
0.9,11,29116,1024,5276,660,34,694,5.421875,5.15234375,2916,0.35595703125,712,0.24417009602194786,1314.3662109375,16.7314453125,16.943639749205246,0.5059514359521149,0.0869140625,0.24075142499999913,0.2463562578124936,660,671,1.0166666666666666,140,11.322081575246132,5,554,0.0,1336.5551142005959,678,712,5.5625,0.269212246875,True
0.9,12,10772,1024,6520,815,34,849,6.6328125,6.3671875,1672,0.2041015625,415,0.24820574162679426,1169.5673828125,14.3193359375,17.450551127983022,0.6767307041673037,0.0506591796875,0.24075142499999913,0.2463562578124936,815,826,1.0134969325153373,23,19.719806763285025,4,342,0.0,1171.8561643835617,837,871,6.8046875,0.269212246875,True
0.9,13,18332,1024,6466,809,34,843,6.5859375,6.314453125,1726,0.210693359375,424,0.24565469293163383,1210.896484375,14.6796875,17.299733425690004,0.6578495052396776,0.0517578125,0.24075142499999913,0.2463562578124936,809,820,1.0135970333745365,41,18.846335697399528,4,348,0.0,1216.838076545633,813,847,6.6171875,0.269212246875,True
0.9,14,1003,1024,5709,714,34,748,5.84375,5.5751953125,2483,0.3031005859375,794,0.319774466371325,1815.296875,22.72265625,15.541327008450958,0.477322874020113,0.096923828125,0.24075142499999913,0.2463562578124936,714,725,1.015406162464986,35,10.147540983606557,4,531,0.0,1822.4156862745099,740,774,6.046875,0.269212246875,True
0.9,15,22156,1024,6279,785,34,819,6.3984375,6.1318359375,1913,0.2335205078125,368,0.19236800836382645,1040.3134765625,14.7626953125,17.95916136350278,0.5451695781845158,0.044921875,0.24075142499999913,0.2463562578124936,785,796,1.0140127388535032,17,21.8283378746594,3,332,0.0,1042.349315068493,801,835,6.5234375,0.269212246875,True
0.9,16,26453,1024,5102,638,34,672,5.25,4.982421875,3090,0.377197265625,587,0.18996763754045307,1015.3037109375,13.9384765625,18.064843873334986,0.5089429440327585,0.0716552734375,0.24075142499999913,0.2463562578124936,638,649,1.0172413793103448,36,13.689419795221843,4,488,0.0,1019.285294117647,641,675,5.2734375,0.269212246875,True
0.9,17,17039,1024,5923,741,34,775,6.0546875,5.7841796875,2269,0.2769775390625,411,0.18113706478624944,555.2744140625,10.2900390625,20.685726983578366,0.5027068069136447,0.0501708984375,0.24075142499999913,0.2463562578124936,741,752,1.0148448043184886,60,19.826829268292684,4,350,0.0,559.0963618485742,732,766,5.984375,0.269212246875,True
0.9,18,7166,1024,5520,690,34,724,5.65625,5.390625,2672,0.326171875,592,0.2215568862275449,1192.0751953125,15.5556640625,17.367767095918186,0.5633945627724797,0.072265625,0.24075142499999913,0.2463562578124936,690,701,1.0159420289855072,67,13.736040609137056,6,413,0.0,1201.4616141732283,699,733,5.7265625,0.269212246875,True
0.9,19,48310,1024,4517,565,34,599,4.6796875,4.4111328125,3675,0.4486083984375,874,0.23782312925170068,1044.7978515625,16.1845703125,17.940480899839162,0.662276059072647,0.106689453125,0.24075142499999913,0.2463562578124936,565,576,1.0194690265486726,55,9.3184421534937,6,664,0.0,1050.9557956777996,559,593,4.6328125,0.269212246875,True
0.9,20,12187,1024,4279,535,34,569,4.4453125,4.1787109375,3913,0.4776611328125,836,0.2136468182979811,1445.1962890625,17.6044921875,16.53153523140586,0.4480498077609501,0.10205078125,0.24075142499999913,0.2463562578124936,535,546,1.0205607476635514,54,9.735329341317366,6,591,0.0,1453.714145383104,525,559,4.3671875,0.269212246875,True
0.9,21,20284,1024,4231,529,34,563,4.3984375,4.1318359375,3961,0.4835205078125,696,0.1757132037364302,2447.564453125,23.798828125,14.243462237153231,0.35103908280793994,0.0849609375,0.24075142499999913,0.2463562578124936,529,540,1.0207939508506616,54,11.684892086330935,4,566,0.0,2461.990176817289,539,573,4.4765625,0.269212246875,True
0.9,22,1052,1024,5274,660,34,694,5.421875,5.150390625,2918,0.356201171875,763,0.2614804660726525,2421.6865234375,23.3291015625,14.289624359140365,0.7057742122127633,0.0931396484375,0.24075142499999913,0.2463562578124936,660,671,1.0166666666666666,34,10.703412073490814,6,521,0.0,2431.1833333333334,666,700,5.46875,0.269212246875,True
0.9,23,13752,1024,3924,491,34,525,4.1015625,3.83203125,4268,0.52099609375,1013,0.2373477038425492,729.486328125,18.6640625,19.500632040154244,0.36650691791885387,0.1236572265625,0.24075142499999913,0.2463562578124936,491,502,1.0224032586558045,26,8.064229249011857,6,793,0.0,731.6297747306562,483,517,4.0390625,0.269212246875,True
0.9,24,37139,1024,5865,734,34,768,6.0,5.7275390625,2327,0.2840576171875,507,0.21787709497206703,1309.33203125,16.681640625,16.960305683625954,0.5713852024541513,0.0618896484375,0.24075142499999913,0.2463562578124936,734,745,1.0149863760217983,108,15.922924901185771,4,419,0.0,1326.1681503461919,737,771,6.0234375,0.269212246875,True
0.9,25,29727,1024,6578,823,34,857,6.6953125,6.423828125,1614,0.197021484375,434,0.26889714993804215,1171.921875,15.560546875,17.441817000282477,0.7275475124133309,0.052978515625,0.24075142499999913,0.2463562578124936,823,834,1.0133657351154313,17,18.868360277136258,3,352,0.0,1174.215264187867,854,888,6.9375,0.269212246875,True
0.9,26,41854,1024,5033,630,34,664,5.1875,4.9150390625,3159,0.3856201171875,709,0.22443811332700223,447.392578125,10.150390625,21.62391585635895,0.529233158540149,0.0865478515625,0.24075142499999913,0.2463562578124936,630,641,1.0174603174603174,130,11.233050847457626,4,501,0.0,454.4940476190476,638,672,5.25,0.269212246875,True
0.9,27,40333,1024,6706,839,34,873,6.8203125,6.548828125,1486,0.181396484375,407,0.27388963660834453,1790.7958984375,17.6591796875,15.600342698449108,0.5907153197594727,0.0496826171875,0.24075142499999913,0.2463562578124936,839,850,1.0131108462455305,8,19.726600985221676,4,347,0.0,1792.546432062561,842,876,6.84375,0.269212246875,True
0.9,28,33248,1024,10,2,34,36,0.28125,0.009765625,8182,0.998779296875,3277,0.40051332192617944,10005.841796875,80.859375,8.128267289292916,0.17856737380555399,0.4000244140625,0.24075142499999913,0.2463562578124936,2,10,5.0,375,2.385836385836386,8,1828,0.0,10476.464212678937,4,38,0.296875,0.269212246875,True
0.9,29,9680,1024,5794,725,34,759,5.9296875,5.658203125,2398,0.292724609375,644,0.26855713094245204,2581.58984375,24.080078125,14.011931170295487,0.4959596388413105,0.07861328125,0.24075142499999913,0.2463562578124936,725,736,1.0151724137931035,17,12.706065318818041,5,506,0.0,2586.641878669276,731,765,5.9765625,0.269212246875,True
0.9,30,16805,1024,6223,778,34,812,6.34375,6.0771484375,1969,0.2403564453125,609,0.3092940578974099,2481.8984375,26.73828125,14.182963552345244,0.39709584225397737,0.0743408203125,0.24075142499999913,0.2463562578124936,778,789,1.0141388174807198,19,13.40953947368421,4,530,0.0,2486.7553816046966,794,828,6.46875,0.269212246875,True
0.9,31,14652,1024,5118,640,34,674,5.265625,4.998046875,3074,0.375244140625,597,0.19420949902407286,694.1630859375,13.4072265625,19.716188457415388,0.39449568319624406,0.0728759765625,0.24075142499999913,0.2463562578124936,640,651,1.0171875,50,13.640939597315436,6,467,0.0,698.2544204322201,637,671,5.2421875,0.269212246875,True
0.9,32,15793,1024,5622,703,34,737,5.7578125,5.490234375,2570,0.313720703125,349,0.1357976653696498,1146.4833984375,12.6201171875,17.537125905234408,0.6482344460384221,0.0426025390625,0.24075142499999913,0.2463562578124936,703,714,1.0156472261735419,499,21.310344827586206,4,289,0.0,1220.373180873181,699,733,5.7265625,0.269212246875,True
0.9,33,30210,1024,2806,351,34,385,3.0078125,2.740234375,5386,0.657470703125,1709,0.31730412179725215,5934.607421875,43.607421875,10.396883654884109,0.4899222865686381,0.2086181640625,0.24075142499999913,0.2463562578124936,351,362,1.0313390313390314,29,4.778688524590164,8,1171,0.0,5952.045053868756,335,369,2.8828125,0.269212246875,True
0.9,34,47426,1024,5132,642,34,676,5.28125,5.01171875,3060,0.37353515625,959,0.3133986928104575,1951.2158203125,25.6982421875,15.22775052320658,0.5508794359005013,0.1170654296875,0.24075142499999913,0.2463562578124936,642,653,1.017133956386293,10,8.539665970772443,6,730,0.0,1953.123167155425,666,700,5.46875,0.269212246875,True
0.9,35,20875,1024,5851,732,34,766,5.984375,5.7138671875,2341,0.2857666015625,487,0.20803075608714225,1157.271484375,17.07421875,17.496451088000573,0.6956590316083798,0.0594482421875,0.24075142499999913,0.2463562578124936,732,743,1.0150273224043715,58,16.594650205761315,5,379,0.0,1165.2369714847591,735,769,6.0078125,0.269212246875,True
0.9,36,4161,1024,4417,553,34,587,4.5859375,4.3134765625,3775,0.4608154296875,1419,0.37589403973509933,4820.7236328125,41.1962890625,11.299681263326098,0.3711403384758875,0.1732177734375,0.24075142499999913,0.2463562578124936,553,564,1.0198915009041591,74,5.723554301833569,7,897,0.0,4863.4689655172415,573,607,4.7421875,0.269212246875,True
0.9,37,40340,1024,4884,611,34,645,5.0390625,4.76953125,3308,0.40380859375,730,0.22067714631197097,925.23046875,15.31640625,18.468304347890918,0.564005458942701,0.089111328125,0.24075142499999913,0.2463562578124936,611,622,1.0180032733224222,53,11.157750342935529,5,561,0.0,930.6836935166995,631,665,5.1953125,0.269212246875,True
0.9,38,28286,1024,6307,789,34,823,6.4296875,6.1591796875,1885,0.2301025390625,454,0.24084880636604775,1504.416015625,18.548828125,16.357124127058643,0.5025528103854686,0.055419921875,0.24075142499999913,0.2463562578124936,789,800,1.0139416983523448,27,17.94039735099338,3,377,0.0,1508.8364348677767,796,830,6.484375,0.269212246875,True
0.9,39,13256,1024,5075,635,34,669,5.2265625,4.9560546875,3117,0.3804931640625,1215,0.3897978825794033,2541.5439453125,28.2001953125,14.079827374678956,0.2928967869423299,0.1483154296875,0.24075142499999913,0.2463562578124936,635,646,1.0173228346456693,32,6.71499176276771,6,848,0.0,2551.5107843137257,667,701,5.4765625,0.269212246875,True
0.9,40,48934,1024,6260,783,34,817,6.3828125,6.11328125,1932,0.23583984375,459,0.2375776397515528,1047.59375,14.029296875,17.928874621309518,0.7716184980362316,0.0560302734375,0.24075142499999913,0.2463562578124936,783,794,1.0140485312899106,258,16.81877729257642,3,389,0.0,1081.3870967741937,796,830,6.484375,0.269212246875,True
0.9,41,11935,1024,4220,528,34,562,4.390625,4.12109375,3972,0.48486328125,1100,0.2769385699899295,1088.9140625,15.59765625,17.760867544406388,0.35506335420832813,0.13427734375,0.24075142499999913,0.2463562578124936,528,539,1.0208333333333333,100,7.3603275705186535,5,721,0.0,1101.8260869565217,546,580,4.53125,0.269212246875,True
0.9,42,48447,1024,5429,679,34,713,5.5703125,5.3017578125,2763,0.3372802734375,641,0.23199420919290625,612.71484375,11.044921875,20.258219591051954,0.46288929925886385,0.0782470703125,0.24075142499999913,0.2463562578124936,679,690,1.01620029455081,19,12.7140625,5,433,0.0,613.9138943248532,712,746,5.828125,0.269212246875,True
0.9,43,15492,1024,7085,886,34,920,7.1875,6.9189453125,1107,0.1351318359375,322,0.2908762420957543,1628.7890625,16.29296875,16.0121551653728,0.6531686637477006,0.039306640625,0.24075142499999913,0.2463562578124936,886,897,1.012415349887133,35,25.386292834890966,3,268,0.0,1635.1764705882354,911,945,7.3828125,0.269212246875,True
0.9,44,32513,1024,5460,683,34,717,5.6015625,5.33203125,2732,0.33349609375,614,0.2247437774524158,905.8291015625,15.9072265625,18.560340917223566,0.494686571278309,0.074951171875,0.24075142499999913,0.2463562578124936,683,694,1.0161054172767203,91,13.205546492659053,4,500,0.0,915.665350444225,724,758,5.921875,0.269212246875,True
0.9,45,36099,1024,10,2,34,36,0.28125,0.009765625,8182,0.998779296875,3813,0.46602297726717185,20775.7470703125,126.6787109375,4.955237114355471,0.08265445976338844,0.4654541015625,0.24075142499999913,0.2463562578124936,2,10,5.0,15,2.1445435466946483,8,2076,0.0,20796.055718475072,4,38,0.296875,0.269212246875,True
0.9,46,39260,1024,4742,593,34,627,4.8984375,4.630859375,3450,0.421142578125,514,0.14898550724637682,527.689453125,7.287109375,20.90701946803328,0.8053021872438467,0.062744140625,0.24075142499999913,0.2463562578124936,593,604,1.0185497470489038,206,15.528265107212476,4,378,0.0,540.894894894895,517,551,4.3046875,0.269212246875,True
0.9,47,46517,1024,4047,506,34,540,4.21875,3.9521484375,4145,0.5059814453125,1559,0.3761158021712907,1220.1943359375,20.1533203125,17.266513561735135,0.5181134456085318,0.1903076171875,0.24075142499999913,0.2463562578124936,506,495,0.9782608695652174,31,5.105905006418485,7,1006,0.0,1223.779627815867,479,513,4.0078125,0.269212246875,True
0.9,48,33095,1024,6013,752,34,786,6.140625,5.8720703125,2179,0.2659912109375,637,0.29233593391463975,1273.439453125,19.400390625,17.081020600165008,0.4929910350228668,0.0777587890625,0.24075142499999913,0.2463562578124936,752,763,1.014627659574468,49,12.625786163522013,4,492,0.0,1280.9449901768173,777,811,6.3359375,0.269212246875,True
0.9,49,3,1024,5761,721,34,755,5.8984375,5.6259765625,2431,0.2967529296875,393,0.1616618675442205,990.001953125,13.939453125,18.174443094718015,0.38433554005318027,0.0479736328125,0.24075142499999913,0.2463562578124936,721,732,1.015256588072122,58,20.73469387755102,3,338,0.0,996.8161258603736,744,778,6.078125,0.269212246875,True
0.9,50,21683,1024,5825,729,34,763,5.9609375,5.6884765625,2367,0.2889404296875,510,0.21546261089987326,2531.0400390625,27.7841796875,14.097813454582276,0.40679420321757886,0.062255859375,0.24075142499999913,0.2463562578124936,729,740,1.0150891632373114,65,15.701375245579568,3,440,0.0,2550.9694881889764,719,753,5.8828125,0.269212246875,True
0.9,51,13446,1024,6371,797,34,831,6.4921875,6.2216796875,1821,0.2222900390625,501,0.2751235584843493,1623.677734375,18.314453125,16.025805256617026,0.7388937456692398,0.0611572265625,0.24075142499999913,0.2463562578124936,797,808,1.013801756587202,68,16.032,5,423,0.0,1636.4625984251968,803,837,6.5390625,0.269212246875,True
0.9,52,49515,1024,4702,588,34,622,4.859375,4.591796875,3490,0.426025390625,1013,0.29025787965616046,1314.31640625,18.17578125,16.943804317577367,0.46299485454726036,0.1236572265625,0.24075142499999913,0.2463562578124936,588,599,1.0187074829931972,177,7.890316205533597,6,736,0.0,1343.1736526946108,600,634,4.953125,0.269212246875,True
0.9,53,27943,1024,6330,792,34,826,6.453125,6.181640625,1862,0.227294921875,493,0.2647690655209452,3279.177734375,30.68359375,12.973154044100696,0.3329096625810736,0.0601806640625,0.24075142499999913,0.2463562578124936,792,803,1.0138888888888888,49,16.213414634146343,4,443,0.0,3298.5049115913557,781,815,6.3671875,0.269212246875,True
0.9,54,29059,1024,5836,730,34,764,5.96875,5.69921875,2356,0.28759765625,790,0.33531409168081494,2788.2392578125,28.8154296875,13.677503231889169,0.40805634822019055,0.096435546875,0.24075142499999913,0.2463562578124936,730,741,1.015068493150685,35,10.337135614702154,5,571,0.0,2799.173529411765,784,818,6.390625,0.269212246875,True
0.9,55,32738,1024,3850,482,34,516,4.03125,3.759765625,4342,0.530029296875,536,0.1234454168585905,544.1806640625,8.3916015625,20.773372545894553,0.594283155721878,0.0654296875,0.24075142499999913,0.2463562578124936,482,493,1.0228215767634854,167,14.992523364485981,4,444,0.0,555.0209163346614,459,493,3.8515625,0.269212246875,True
0.9,56,445,1024,6413,802,34,836,6.53125,6.2626953125,1779,0.2171630859375,515,0.2894884766722878,2163.09375,21.0546875,14.780050183935183,0.458989000618119,0.0628662109375,0.24075142499999913,0.2463562578124936,802,813,1.013715710723192,72,15.53307392996109,3,456,0.0,2182.2738916256158,825,859,6.7109375,0.269212246875,True
0.9,57,32216,1024,5642,706,34,740,5.78125,5.509765625,2550,0.311279296875,775,0.30392156862745096,2218.9208984375,26.0888671875,14.669385403774173,0.3745163207373267,0.0946044921875,0.24075142499999913,0.2463562578124936,706,717,1.0155807365439093,136,10.350129198966409,5,597,0.0,2256.380337636544,731,765,5.9765625,0.269212246875,True
0.9,58,18250,1024,6179,773,34,807,6.3046875,6.0341796875,2013,0.2457275390625,483,0.2399403874813711,925.865234375,12.171875,18.46532583933969,0.6038184139701962,0.0589599609375,0.24075142499999913,0.2463562578124936,773,784,1.0142302716688227,30,16.817427385892117,4,347,0.0,928.5857002938296,800,834,6.515625,0.269212246875,True
0.9,59,1684,1024,5607,701,34,735,5.7421875,5.4755859375,2585,0.3155517578125,614,0.23752417794970987,2748.794921875,25.62890625,13.739380210318462,0.3982563477420691,0.074951171875,0.24075142499999913,0.2463562578124936,701,712,1.0156918687589158,136,12.952691680261012,6,490,0.0,2795.199602780536,696,730,5.703125,0.269212246875,True
0.9,60,2899,1024,5747,719,34,753,5.8828125,5.6123046875,2445,0.2984619140625,572,0.23394683026584867,869.3125,13.697265625,18.739044363997632,0.5209022994940312,0.06982421875,0.24075142499999913,0.2463562578124936,719,730,1.015299026425591,42,14.262697022767075,4,454,0.0,873.5780176643768,733,767,5.9921875,0.269212246875,True
0.9,61,39428,1024,5463,683,34,717,5.6015625,5.3349609375,2729,0.3331298828125,632,0.23158666178087212,907.3017578125,13.6669921875,18.553286085847795,0.5591125393487356,0.0771484375,0.24075142499999913,0.2463562578124936,683,694,1.0161054172767203,63,12.865293185419969,4,519,0.0,913.5467059980334,674,708,5.53125,0.269212246875,True
0.9,62,40758,1024,5233,655,34,689,5.3828125,5.1103515625,2959,0.3612060546875,850,0.2872592091922947,1831.134765625,18.189453125,15.503600527139474,0.7116972062782857,0.103759765625,0.24075142499999913,0.2463562578124936,655,666,1.016793893129771,9,9.637220259128386,5,593,0.0,1832.9247311827958,682,716,5.59375,0.269212246875,True
0.9,63,29154,1024,3734,467,34,501,3.9140625,3.646484375,4458,0.544189453125,1987,0.4457155675190668,8398.60546875,63.296875,8.888731804613743,0.2588582821594419,0.2425537109375,0.24075142499999913,0.2463562578124936,467,478,1.0235546038543897,42,4.089627391742195,8,1208,0.0,8439.815505397448,487,521,4.0703125,0.269212246875,True
0.9,64,43958,1024,5486,686,34,720,5.625,5.357421875,2706,0.330322265625,489,0.18070953436807094,681.140625,13.52734375,19.798435773593827,0.26236253750857824,0.0596923828125,0.25653640312499704,0.24259907812499648,686,697,1.0160349854227406,25,16.674180327868854,3,391,0.0,683.1420176297747,706,740,5.78125,0.25713435859374556,True
0.9,65,33814,1024,6473,810,34,844,6.59375,6.3212890625,1719,0.2098388671875,567,0.3298429319371728,1509.7578125,17.859375,16.341730752506713,0.5811720014275649,0.0692138671875,0.25653640312499704,0.24259907812499648,810,821,1.0135802469135802,18,14.43286219081272,5,473,0.0,1512.7123287671234,839,873,6.8203125,0.25713435859374556,True
0.9,66,34153,1024,5912,739,34,773,6.0390625,5.7734375,2280,0.2783203125,599,0.262719298245614,1531.0546875,19.158203125,16.280896573967528,0.5882798441560523,0.0731201171875,0.25653640312499704,0.24259907812499648,739,750,1.0148849797023005,52,13.603678929765886,4,455,0.0,1540.0785854616895,752,786,6.140625,0.25713435859374556,True
0.9,67,43609,1024,5451,682,34,716,5.59375,5.3232421875,2741,0.3345947265625,806,0.29405326523166725,1706.8759765625,18.5712890625,15.808783949092085,0.5629077169206631,0.098388671875,0.25653640312499704,0.24259907812499648,682,693,1.0161290322580645,35,10.127950310559006,4,673,0.0,1713.5696078431372,667,701,5.4765625,0.25713435859374556,True
0.9,68,10762,1024,5940,743,34,777,6.0703125,5.80078125,2252,0.27490234375,579,0.2571047957371226,1714.244140625,18.48046875,15.79007687168928,0.5348774219145908,0.0706787109375,0.25653640312499704,0.24259907812499648,743,754,1.0148048452220726,29,14.112456747404844,4,401,0.0,1719.281096963761,737,771,6.0234375,0.25713435859374556,True
0.9,69,17898,1024,5070,634,34,668,5.21875,4.951171875,3122,0.381103515625,728,0.23318385650224216,1436.7158203125,18.1123046875,16.557094868709406,0.3997016885775364,0.0888671875,0.25653640312499704,0.24259907812499648,634,645,1.0173501577287065,227,10.894085281980743,5,465,0.0,1477.105421686747,631,665,5.1953125,0.25713435859374556,True
0.9,70,43653,1024,5578,698,34,732,5.71875,5.447265625,2614,0.319091796875,686,0.26243305279265494,2371.5302734375,23.9052734375,14.380516879192623,0.48848410150753896,0.083740234375,0.25653640312499704,0.24259907812499648,698,709,1.015759312320917,97,10.41021897810219,5,565,0.0,2399.651185770751,692,726,5.671875,0.25713435859374556,True
0.9,71,14233,1024,6424,803,34,837,6.5390625,6.2734375,1768,0.2158203125,488,0.27601809954751133,825.134765625,13.40234375,18.96555475121052,0.6871124370582888,0.0595703125,0.25653640312499704,0.24259907812499648,803,814,1.0136986301369864,53,16.68583162217659,5,402,0.0,829.9980353634578,822,856,6.6875,0.25713435859374556,True
0.9,72,39520,1024,6279,785,34,819,6.3984375,6.1318359375,1913,0.2335205078125,404,0.21118661787767903,1175.6748046875,13.9599609375,17.42793149723336,0.6474731913288241,0.04931640625,0.25653640312499704,0.24259907812499648,785,796,1.0140127388535032,31,20.233250620347395,5,313,0.0,1179.1292850146915,785,819,6.3984375,0.25713435859374556,True
0.9,73,18138,1024,6163,771,34,805,6.2890625,6.0185546875,2029,0.2476806640625,476,0.2345983242976836,1349.7373046875,15.2705078125,16.828311095774502,0.591544311228236,0.05810546875,0.25653640312499704,0.24259907812499648,771,782,1.014267185473411,20,17.19157894736842,4,358,0.0,1352.3786692759295,774,808,6.3125,0.25713435859374556,True
0.9,74,9212,1024,5665,709,34,743,5.8046875,5.5322265625,2527,0.3084716796875,663,0.2623664424218441,1300.27734375,18.763671875,16.99044365473626,0.46305496037095867,0.0809326171875,0.25653640312499704,0.24259907812499648,709,720,1.0155148095909732,12,12.351963746223564,4,531,0.0,1301.5483870967741,707,741,5.7890625,0.25713435859374556,True
0.9,75,6456,1024,6354,795,34,829,6.4765625,6.205078125,1838,0.224365234375,435,0.2366702937976061,966.544921875,13.798828125,18.278583174344746,0.6275255858045217,0.0531005859375,0.25653640312499704,0.24259907812499648,795,806,1.0138364779874214,256,18.27880184331797,4,351,0.0,997.7237903225806,812,846,6.609375,0.25713435859374556,True
0.9,76,22948,1024,5183,648,34,682,5.328125,5.0615234375,3009,0.3673095703125,710,0.23595879029577932,835.51171875,14.853515625,18.911278152527814,0.4927390279175573,0.086669921875,0.25653640312499704,0.24259907812499648,648,659,1.0169753086419753,92,11.078984485190409,4,572,0.0,844.5844027640671,644,678,5.296875,0.25713435859374556,True
0.9,77,7591,1024,6395,800,34,834,6.515625,6.2451171875,1797,0.2193603515625,417,0.23205342237061768,1670.39453125,19.388671875,15.902613013919083,0.4046296845461723,0.0509033203125,0.25653640312499704,0.24259907812499648,800,811,1.01375,18,19.536057692307693,7,349,0.0,1673.6634050880625,833,867,6.7734375,0.25713435859374556,True
0.9,78,29996,1024,2309,289,34,323,2.5234375,2.2548828125,5883,0.7181396484375,2482,0.4218935917049125,10589.1689453125,73.8701171875,7.882184835392216,0.013023407757697184,0.302978515625,0.25653640312499704,0.24259907812499648,289,300,1.0380622837370241,114,3.199113260781943,8,1446,0.0,10735.949504950495,282,316,2.46875,0.25713435859374556,True
0.9,79,10378,1024,412,52,34,86,0.671875,0.40234375,7780,0.94970703125,2879,0.37005141388174806,7094.435546875,59.537109375,9.621625133829713,0.041209424080481255,0.3514404296875,0.25653640312499704,0.24259907812499648,52,63,1.2115384615384615,146,2.7953439888811675,8,1819,0.0,7221.373757455269,54,88,0.6875,0.25713435859374556,True
0.9,80,27337,1024,4516,565,34,599,4.6796875,4.41015625,3676,0.44873046875,632,0.1719260065288357,638.1025390625,10.3486328125,20.081898881486076,0.519236966374949,0.0771484375,0.25653640312499704,0.24259907812499648,565,576,1.0194690265486726,35,12.503961965134707,5,465,0.0,640.6049019607843,546,580,4.53125,0.25713435859374556,True
0.9,81,19965,1024,5615,702,34,736,5.75,5.4833984375,2577,0.3145751953125,610,0.236709351959643,1173.3974609375,17.3818359375,17.436352167370657,0.5091672787489379,0.074462890625,0.25653640312499704,0.24259907812499648,702,713,1.0156695156695157,33,13.29720853858785,5,430,0.0,1177.9990196078431,682,716,5.59375,0.25713435859374556,True
0.9,82,24405,1024,5747,719,34,753,5.8828125,5.6123046875,2445,0.2984619140625,505,0.2065439672801636,716.1455078125,13.3466796875,19.58079088811806,0.5484916416672059,0.0616455078125,0.25653640312499704,0.24259907812499648,719,730,1.015299026425591,26,16.194444444444443,4,379,0.0,718.2497551420176,737,771,6.0234375,0.25713435859374556,True
0.9,83,45135,1024,6297,788,34,822,6.421875,6.1494140625,1895,0.2313232421875,382,0.20158311345646437,1183.3671875,14.623046875,17.39960837912089,0.6587401401388805,0.046630859375,0.25653640312499704,0.24259907812499648,788,799,1.013959390862944,74,21.254593175853017,4,312,0.0,1193.8600985221674,797,831,6.4921875,0.25713435859374556,True
0.9,84,11274,1024,6094,762,34,796,6.21875,5.951171875,2098,0.256103515625,430,0.2049571020019066,1175.9599609375,14.8466796875,17.426878257263677,0.5529366088894735,0.052490234375,0.25653640312499704,0.24259907812499648,762,773,1.0144356955380578,186,18.456876456876458,5,366,0.0,1202.98001998002,767,801,6.2578125,0.25713435859374556,True
0.9,85,1941,1024,5795,725,34,759,5.9296875,5.6591796875,2397,0.2926025390625,550,0.229453483521068,857.8740234375,13.4541015625,18.796568433488375,0.46732303608674236,0.067138671875,0.25653640312499704,0.24259907812499648,725,736,1.0151724137931035,19,14.87431693989071,4,413,0.0,859.5528375733855,756,790,6.171875,0.25713435859374556,True
0.9,86,48940,1024,6116,765,34,799,6.2421875,5.97265625,2076,0.25341796875,358,0.1724470134874759,757.978515625,10.521484375,19.334234648371,0.6364923104553694,0.043701171875,0.25653640312499704,0.24259907812499648,765,776,1.0143790849673202,67,22.722689075630253,4,316,0.0,763.9468503937007,785,819,6.3984375,0.25713435859374556,True
0.9,87,36794,1024,6385,799,34,833,6.5078125,6.2353515625,1807,0.2205810546875,501,0.2772551189817377,1435.8671875,18.205078125,16.559660897662102,0.6018909847681676,0.0611572265625,0.25653640312499704,0.24259907812499648,799,810,1.0137672090112642,112,16.086,4,412,0.0,1455.770297029703,792,826,6.453125,0.25713435859374556,True
0.9,88,21994,1024,6029,754,34,788,6.15625,5.8876953125,2163,0.2640380859375,581,0.2686084142394822,1117.1826171875,14.8291015625,17.64956191195083,0.6145050770406673,0.0709228515625,0.25653640312499704,0.24259907812499648,754,765,1.0145888594164456,95,13.893103448275863,5,446,0.0,1129.3139190523198,759,793,6.1953125,0.25713435859374556,True
0.9,89,49944,1024,5440,680,34,714,5.578125,5.3125,2752,0.3359375,694,0.25218023255813954,1484.263671875,20.109375,16.41569302870607,0.48617652948665724,0.084716796875,0.25653640312499704,0.24259907812499648,680,691,1.0161764705882352,173,11.497835497835498,5,522,0.0,1515.3399800598206,696,730,5.703125,0.25713435859374556,True
0.9,90,43442,1024,3906,489,34,523,4.0859375,3.814453125,4286,0.523193359375,776,0.18105459636024265,458.0302734375,11.4697265625,21.52186177291222,0.6857868627116724,0.0947265625,0.25653640312499704,0.24259907812499648,489,500,1.0224948875255624,260,10.178064516129032,4,723,0.0,472.8054435483871,399,433,3.3828125,0.25713435859374556,True
0.9,91,45096,1024,4508,564,34,598,4.671875,4.40234375,3684,0.44970703125,862,0.23398479913137893,703.3818359375,12.8876953125,19.658892119196402,0.5316765847476986,0.105224609375,0.25653640312499704,0.24259907812499648,564,575,1.0195035460992907,47,9.203252032520325,4,614,0.0,706.8331697742885,575,609,4.7578125,0.25713435859374556,True
0.9,92,42430,1024,4716,590,34,624,4.875,4.60546875,3476,0.42431640625,604,0.17376294591484465,396.1025390625,7.3544921875,22.152727345774807,0.5151676575422343,0.07373046875,0.25653640312499704,0.24259907812499648,590,601,1.0186440677966102,260,13.127694859038142,5,392,0.0,408.88004032258067,570,604,4.71875,0.25713435859374556,True
0.9,93,42255,1024,5248,656,34,690,5.390625,5.125,2944,0.359375,771,0.26188858695652173,1525.2783203125,19.7041015625,16.297312634491753,0.4588906139087529,0.0941162109375,0.25653640312499704,0.24259907812499648,656,667,1.016768292682927,258,10.245454545454546,5,544,0.0,1574.4808467741937,668,702,5.484375,0.25713435859374556,True
0.9,94,5771,1024,10,2,34,36,0.28125,0.009765625,8182,0.998779296875,4642,0.5673429479344904,30773.9658203125,161.4580078125,3.2489689377563016,0.028660498355079878,0.566650390625,0.25653640312499704,0.24259907812499648,2,10,5.0,23,1.7588881706528765,62,1885,0.0,30834.188845401175,4,38,0.296875,0.25713435859374556,True
0.9,95,8320,1024,6181,773,34,807,6.3046875,6.0361328125,2011,0.2454833984375,538,0.2675285927399304,1688.087890625,19.7734375,15.856853063627787,0.46980898576540875,0.065673828125,0.25653640312499704,0.24259907812499648,773,784,1.0142302716688227,73,15.108007448789571,4,437,0.0,1703.056157635468,795,829,6.4765625,0.25713435859374556,True
0.9,96,48807,1024,5994,750,34,784,6.125,5.853515625,2198,0.268310546875,645,0.2934485896269336,1575.6796875,19.005859375,16.15612424421087,0.47088955974250424,0.0787353515625,0.25653640312499704,0.24259907812499648,750,761,1.0146666666666666,18,12.613354037267081,5,465,0.0,1578.7632093933464,763,797,6.2265625,0.25713435859374556,True
0.9,97,2675,1024,4279,535,34,569,4.4453125,4.1787109375,3913,0.4776611328125,674,0.1722463582928699,604.837890625,11.96875,20.314413707459543,0.58846804787669,0.082275390625,0.25653640312499704,0.24259907812499648,535,546,1.0205607476635514,98,12.011887072808321,5,501,0.0,612.0098814229249,543,577,4.5078125,0.25713435859374556,True
0.9,98,37658,1024,2741,343,34,377,2.9453125,2.6767578125,5451,0.6654052734375,1987,0.3645202715098147,8176.669921875,51.017578125,9.005038944844808,0.1887524381869153,0.2425537109375,0.25653640312499704,0.24259907812499648,343,354,1.032069970845481,58,4.093152064451158,30,1045,0.0,8232.949852507374,348,382,2.984375,0.25713435859374556,True
0.9,99,45710,1024,5796,725,34,759,5.9296875,5.66015625,2396,0.29248046875,651,0.2717028380634391,2029.0869140625,25.5068359375,15.057797108334219,0.41691246906149065,0.0794677734375,0.25653640312499704,0.24259907812499648,725,736,1.0151724137931035,72,12.483076923076924,4,506,0.0,2047.07881773399,747,781,6.1015625,0.25713435859374556,True
0.9,100,15813,1024,5118,640,34,674,5.265625,4.998046875,3074,0.375244140625,612,0.19908913467794404,713.2333984375,9.3798828125,19.598486892677066,0.6203807491172614,0.07470703125,0.25653640312499704,0.24259907812499648,640,651,1.0171875,29,13.283142389525368,5,513,0.0,715.3290891283056,617,651,5.0859375,0.25713435859374556,True
0.9,101,7135,1024,5681,711,34,745,5.8203125,5.5478515625,2511,0.3065185546875,686,0.2731979291119076,736.98046875,12.216796875,19.456243824070903,0.4364477848499462,0.083740234375,0.25653640312499704,0.24259907812499648,711,722,1.0154711673699015,80,11.833576642335766,7,456,0.0,744.2485207100592,735,769,6.0078125,0.25713435859374556,True
0.9,102,31775,1024,5838,730,34,764,5.96875,5.701171875,2354,0.287353515625,424,0.18011894647408666,628.5439453125,9.1064453125,20.14744713627911,0.47054895844833616,0.0517578125,0.25653640312499704,0.24259907812499648,730,741,1.015068493150685,43,19.236406619385342,4,307,0.0,631.6280667320902,737,771,6.0234375,0.25713435859374556,True
0.9,103,31772,1024,5326,666,34,700,5.46875,5.201171875,2866,0.349853515625,662,0.23098394975575715,1039.6689453125,14.5205078125,17.96185288984747,0.6679440701455961,0.080810546875,0.25653640312499704,0.24259907812499648,666,677,1.0165165165165164,41,12.329803328290469,4,505,0.0,1044.7703631010795,677,711,5.5546875,0.25713435859374556,True
0.9,104,25160,1024,5044,631,34,665,5.1953125,4.92578125,3148,0.38427734375,546,0.17344345616264295,647.4296875,9.6484375,20.018877510317793,0.530596028787474,0.066650390625,0.25653640312499704,0.24259907812499648,631,642,1.01743264659271,83,14.827522935779816,5,363,0.0,653.8145956607495,635,669,5.2265625,0.25713435859374556,True
0.9,105,36108,1024,4850,607,34,641,5.0078125,4.736328125,3342,0.407958984375,728,0.21783363255535607,1240.2431640625,20.5419921875,17.195735188852396,0.46083486025845033,0.0888671875,0.25653640312499704,0.24259907812499648,607,618,1.0181219110378912,140,11.072902338376892,5,587,0.0,1261.180734856008,592,626,4.890625,0.25713435859374556,True
0.9,106,1260,1024,906,114,34,148,1.15625,0.884765625,7286,0.889404296875,2955,0.40557233049684327,7652.0068359375,65.3193359375,9.293050115345276,0.040416490712551274,0.3607177734375,0.25653640312499704,0.24259907812499648,114,125,1.0964912280701755,34,2.7606635071090047,8,1694,0.0,7682.014705882353,108,142,1.109375,0.25713435859374556,True
0.9,107,37885,1024,6383,798,34,832,6.5,6.2333984375,1809,0.2208251953125,457,0.25262576008844667,1909.857421875,19.212890625,15.320794141459341,0.45141973277849023,0.0557861328125,0.25653640312499704,0.24259907812499648,798,809,1.0137844611528821,162,17.57675438596491,4,376,0.0,1947.902390438247,813,847,6.6171875,0.25713435859374556,True
0.9,108,41535,1024,10,2,34,36,0.28125,0.009765625,8182,0.998779296875,3583,0.437912490833537,19386.240234375,122.7890625,5.255867706541303,0.0897188649870212,0.4373779296875,0.25653640312499704,0.24259907812499648,2,10,5.0,127,2.2445561139028474,11,1936,0.0,19674.44003964321,4,38,0.296875,0.25713435859374556,True
0.9,109,44889,1024,5245,656,34,690,5.390625,5.1220703125,2947,0.3597412109375,827,0.2806243637597557,2363.7001953125,26.2939453125,14.394879697832248,0.3661796789398498,0.1009521484375,0.25653640312499704,0.24259907812499648,656,667,1.016768292682927,39,9.483050847457626,4,575,0.0,2372.969607843137,656,690,5.390625,0.25713435859374556,True
0.9,110,28184,1024,5806,726,34,760,5.9375,5.669921875,2386,0.291259765625,443,0.18566638725901088,958.49609375,14.064453125,18.314900135716975,0.3419650873513326,0.0540771484375,0.25653640312499704,0.24259907812499648,726,737,1.0151515151515151,25,18.373303167420815,4,382,0.0,961.3124387855044,743,777,6.0703125,0.25713435859374556,True
0.9,111,25319,1024,6022,753,34,787,6.1484375,5.880859375,2170,0.264892578125,673,0.3101382488479263,2088.4912109375,23.5380859375,14.932477089178963,0.518228512093331,0.0821533203125,0.25653640312499704,0.24259907812499648,753,764,1.0146082337317397,27,12.110119047619047,5,539,0.0,2094.6278158667974,761,795,6.2109375,0.25713435859374556,True
0.9,112,11010,1024,5183,648,34,682,5.328125,5.0615234375,3009,0.3673095703125,694,0.2306414091060153,1167.373046875,15.44921875,17.458706990726196,0.5072086984997144,0.084716796875,0.25653640312499704,0.24259907812499648,648,659,1.0169753086419753,40,11.617604617604618,5,529,0.0,1173.1010794896958,649,683,5.3359375,0.25713435859374556,True
0.9,113,33880,1024,5471,684,34,718,5.609375,5.3427734375,2721,0.3321533203125,644,0.2366776920249908,630.8798828125,11.0283203125,20.1313368181003,0.5423423020054546,0.07861328125,0.25653640312499704,0.24259907812499648,684,695,1.0160818713450293,71,12.559875583203732,7,481,0.0,635.8474409448819,696,730,5.703125,0.25713435859374556,True
0.9,114,19307,1024,5408,676,34,710,5.546875,5.28125,2784,0.33984375,679,0.24389367816091953,959.74609375,14.8203125,18.309240076911507,0.5362147243234731,0.0828857421875,0.25653640312499704,0.24259907812499648,676,687,1.0162721893491125,257,11.6976401179941,5,532,0.0,990.7056451612904,650,684,5.34375,0.25713435859374556,True
0.9,115,12236,1024,10,2,34,36,0.28125,0.009765625,8182,0.998779296875,2107,0.2575164996333415,6252.1591796875,45.1962890625,10.170503342623045,0.0683359819917323,0.2572021484375,0.25653640312499704,0.24259907812499648,2,10,5.0,15,3.848053181386515,8,1283,0.0,6258.270772238514,4,38,0.296875,0.25713435859374556,True
0.9,116,13805,1024,5052,632,34,666,5.203125,4.93359375,3140,0.38330078125,904,0.2878980891719745,1977.2861328125,26.9716796875,15.170108403099915,0.38810045836531765,0.1103515625,0.25653640312499704,0.24259907812499648,632,643,1.0174050632911393,50,9.013289036544851,8,673,0.0,1988.9400785854616,622,656,5.125,0.25713435859374556,True
0.9,117,5814,1024,4679,585,34,619,4.8359375,4.5693359375,3513,0.4288330078125,668,0.1901508682038144,928.0390625,12.755859375,18.455141041844346,0.6035393153535539,0.08154296875,0.25653640312499704,0.24259907812499648,585,596,1.0188034188034187,15,12.256371814092953,6,471,0.0,928.9462365591398,580,614,4.796875,0.25713435859374556,True
0.9,118,48485,1024,6127,766,34,800,6.25,5.9833984375,2065,0.2520751953125,583,0.2823244552058111,1393.8720703125,17.0087890625,16.688574448583495,0.6880403082892348,0.0711669921875,0.25653640312499704,0.24259907812499648,766,777,1.014360313315927,33,13.707903780068728,5,459,0.0,1399.3382352941176,769,803,6.2734375,0.25713435859374556,True
0.9,119,12248,1024,10,2,34,36,0.28125,0.009765625,8182,0.998779296875,3404,0.41603519921779514,15032.712890625,96.7734375,6.360429979050716,0.04075705209861439,0.41552734375,0.25653640312499704,0.24259907812499648,2,10,5.0,13,2.4025859535703793,9,1894,0.0,15047.407624633432,4,38,0.296875,0.25713435859374556,True
0.9,120,458,1024,6161,771,34,805,6.2890625,6.0166015625,2031,0.2479248046875,617,0.30379123584441164,2275.2763671875,24.1767578125,14.560462049495955,0.4313249389404175,0.0753173828125,0.25653640312499704,0.24259907812499648,771,782,1.014267185473411,26,13.24512987012987,5,489,0.0,2281.9618021547503,775,809,6.3203125,0.25713435859374556,True
0.9,121,319,1024,5831,729,34,763,5.9609375,5.6943359375,2361,0.2882080078125,483,0.204574332909784,1524.8681640625,17.2294921875,16.298480634770293,0.6124906188105455,0.0589599609375,0.25653640312499704,0.24259907812499648,729,740,1.0150891632373114,22,16.699170124481327,5,403,0.0,1527.852250489237,731,765,5.9765625,0.25713435859374556,True
0.9,122,21496,1024,5480,685,34,719,5.6171875,5.3515625,2712,0.3310546875,835,0.30789085545722716,2087.9267578125,26.9912109375,14.933651008460068,0.4234641375731699,0.1019287109375,0.25653640312499704,0.24259907812499648,685,696,1.0160583941605839,44,9.735011990407674,5,657,0.0,2098.171736997056,700,734,5.734375,0.25713435859374556,True
0.9,123,20390,1024,5476,685,34,719,5.6171875,5.34765625,2716,0.33154296875,866,0.31885125184094254,2168.8037109375,25.8037109375,14.768601131940887,0.17754502256685592,0.105712890625,0.25653640312499704,0.24259907812499648,685,696,1.0160583941605839,338,9.061271676300578,5,609,0.0,2261.563136456212,687,721,5.6328125,0.25713435859374556,True
0.9,124,33691,1024,4774,597,34,631,4.9296875,4.662109375,3418,0.417236328125,843,0.24663545933294323,3174.1806640625,30.2958984375,13.11448719113071,0.41747371597011934,0.1029052734375,0.25653640312499704,0.24259907812499648,597,608,1.018425460636516,68,9.395486935866984,5,621,0.0,3199.174212598425,605,639,4.9921875,0.25713435859374556,True
0.9,125,33872,1024,6397,800,34,834,6.515625,6.2470703125,1795,0.2191162109375,654,0.3643454038997215,1527.2197265625,19.2529296875,16.291788358163025,0.5708828659630851,0.079833984375,0.25653640312499704,0.24259907812499648,800,811,1.01375,42,12.385911179173048,5,478,0.0,1534.713444553484,834,868,6.78125,0.25713435859374556,True
0.9,126,46987,1024,4710,589,34,623,4.8671875,4.599609375,3482,0.425048828125,625,0.17949454336588166,579.365234375,10.81640625,20.501279296689493,0.6064037275610912,0.0762939453125,0.25653640312499704,0.24259907812499648,589,600,1.0186757215619695,398,12.48076923076923,5,462,0.0,608.4820512820513,581,615,4.8046875,0.25713435859374556,True
0.9,127,26772,1024,6089,762,34,796,6.21875,5.9462890625,2103,0.2567138671875,413,0.19638611507370424,960.8232421875,12.2255859375,18.304368608197596,0.5533301318129836,0.0504150390625,0.25653640312499704,0.24259907812499648,762,773,1.0144356955380578,75,18.978155339805824,3,351,0.0,969.3428571428572,762,796,6.21875,0.25713435859374556,True
0.9,128,7057,1024,5927,741,34,775,6.0546875,5.7880859375,2265,0.2764892578125,489,0.21589403973509932,1282.14453125,15.880859375,17.051433765693996,0.46172387988231645,0.0596923828125,0.25653640312499704,0.24259907812499648,741,752,1.0148448043184886,354,16.03483606557377,4,419,0.0,1339.7102040816326,734,768,6.0,0.25713435859374556,True
0.9,129,30014,1024,5732,717,34,751,5.8671875,5.59765625,2460,0.30029296875,533,0.21666666666666667,1336.2265625,16.958984375,16.87200260137465,0.5900791029036476,0.0650634765625,0.25653640312499704,0.24259907812499648,717,728,1.0153417015341701,18,15.362781954887218,5,437,0.0,1338.8414872798435,711,745,5.8203125,0.25713435859374556,True
0.9,130,48237,1024,5191,649,34,683,5.3359375,5.0693359375,3001,0.3663330078125,423,0.1409530156614462,624.76953125,11.697265625,20.17360519148233,0.41663248941350595,0.0516357421875,0.25653640312499704,0.24259907812499648,649,660,1.0169491525423728,81,19.002369668246445,3,368,0.0,630.930966469428,667,701,5.4765625,0.25713435859374556,True
0.9,131,4823,1024,6107,764,34,798,6.234375,5.9638671875,2085,0.2545166015625,472,0.22637889688249402,1350.22265625,16.154296875,16.826749698489383,0.5567876960732013,0.0576171875,0.25653640312499704,0.24259907812499648,764,775,1.0143979057591623,110,16.787685774946922,4,336,0.0,1367.5845697329378,754,788,6.15625,0.25713435859374556,True
0.9,132,26627,1024,6305,789,34,823,6.4296875,6.1572265625,1887,0.2303466796875,544,0.2882882882882883,950.765625,14.650390625,18.350068894763545,0.5764679750168789,0.06640625,0.25653640312499704,0.24259907812499648,789,800,1.0139416983523448,19,15.012891344383057,4,426,0.0,952.6262230919765,789,823,6.4296875,0.25713435859374556,True
0.9,133,12293,1024,6926,866,34,900,7.03125,6.763671875,1266,0.154541015625,281,0.22195892575039494,1154.4208984375,12.8681640625,17.507161806948652,0.7047080895477178,0.0343017578125,0.25653640312499704,0.24259907812499648,866,877,1.01270207852194,84,28.932142857142857,4,225,0.0,1165.8057199211046,888,922,7.203125,0.25713435859374556,True
0.9,134,32803,1024,4611,577,34,611,4.7734375,4.5029296875,3581,0.4371337890625,745,0.2080424462440659,652.4296875,15.5078125,19.985466463536124,0.28374798828854986,0.0909423828125,0.25653640312499704,0.24259907812499648,577,588,1.0190641247833623,115,10.612903225806452,5,601,0.0,661.4732673267326,610,644,5.03125,0.25713435859374556,True
0.9,135,41882,1024,4766,596,34,630,4.921875,4.654296875,3426,0.418212890625,831,0.2425569176882662,1471.2373046875,20.6474609375,16.453976325290466,0.49996857177607673,0.1014404296875,0.25653640312499704,0.24259907812499648,596,607,1.0184563758389262,94,9.748192771084337,5,624,0.0,1487.213228035538,593,627,4.8984375,0.25713435859374556,True
0.9,136,10235,1024,5324,666,34,700,5.46875,5.19921875,2868,0.35009765625,552,0.19246861924686193,901.267578125,12.095703125,18.582266126735817,0.479901419329645,0.0673828125,0.25653640312499704,0.24259907812499648,666,677,1.0165165165165164,124,14.560798548094374,4,408,0.0,914.6660059464816,675,709,5.5390625,0.25713435859374556,True
0.9,137,30033,1024,5899,738,34,772,6.03125,5.7607421875,2293,0.2799072265625,603,0.262974269515918,1182.421875,16.046875,17.40307905223187,0.6330478710467966,0.0736083984375,0.25653640312499704,0.24259907812499648,738,749,1.0149051490514904,83,13.466777408637874,5,448,0.0,1194.0828402366865,770,804,6.28125,0.25713435859374556,True
0.9,138,20042,1024,5869,734,34,768,6.0,5.7314453125,2323,0.2835693359375,723,0.31123547137322427,1618.5283203125,21.0576171875,16.03960057964759,0.558880338076252,0.0882568359375,0.25653640312499704,0.24259907812499648,734,745,1.0149863760217983,19,11.31163434903047,6,527,0.0,1621.6956947162428,743,777,6.0703125,0.25713435859374556,True
0.9,139,29399,1024,5365,671,34,705,5.5078125,5.2392578125,2827,0.3450927734375,735,0.2599929253625752,1662.8056640625,18.5322265625,15.922388656814965,0.4258221962610099,0.0897216796875,0.25653640312499704,0.24259907812499648,671,682,1.0163934426229508,99,10.818801089918257,11,528,0.0,1682.5227272727273,689,723,5.6484375,0.25713435859374556,True
0.9,140,6463,1024,6334,792,34,826,6.453125,6.185546875,1858,0.226806640625,488,0.26264800861141013,1015.244140625,15.3828125,18.065098691836226,0.3497687426986344,0.0595703125,0.25653640312499704,0.24259907812499648,792,803,1.0138888888888888,67,16.673511293634498,3,395,0.0,1023.238188976378,826,860,6.71875,0.25713435859374556,True
0.9,141,25920,1024,5197,650,34,684,5.34375,5.0751953125,2995,0.3656005859375,637,0.21268781302170284,753.2119140625,12.7607421875,19.361631799392704,0.4995315030894604,0.0777587890625,0.25653640312499704,0.24259907812499648,650,661,1.0169230769230768,91,12.514150943396226,5,499,0.0,761.390918065153,617,651,5.0859375,0.25713435859374556,True
0.9,142,10327,1024,7006,876,34,910,7.109375,6.841796875,1186,0.144775390625,383,0.32293423271500843,1431.8583984375,14.9072265625,16.571802896963106,0.650403029765599,0.0467529296875,0.25653640312499704,0.24259907812499648,876,887,1.0125570776255708,17,21.00785340314136,3,321,0.0,1434.660469667319,917,951,7.4296875,0.25713435859374556,True
0.9,143,3805,1024,5462,683,34,717,5.6015625,5.333984375,2730,0.333251953125,685,0.2509157509157509,922.3173828125,15.4755859375,18.481999670535025,0.48898286048525597,0.0836181640625,0.25653640312499704,0.24259907812499648,683,694,1.0161054172767203,34,11.769005847953217,4,496,0.0,925.9343137254901,697,731,5.7109375,0.25713435859374556,True
0.9,144,37879,1024,3140,393,34,427,3.3359375,3.06640625,5052,0.61669921875,1087,0.21516231195566113,551.8408203125,10.9521484375,20.712665382644857,0.5968796152351881,0.1326904296875,0.25653640312499704,0.24259907812499648,393,404,1.0279898218829517,27,7.427255985267035,5,719,0.0,553.462291870715,372,406,3.171875,0.25713435859374556,True
0.9,145,22721,1024,5279,660,34,694,5.421875,5.1552734375,2913,0.3555908203125,571,0.1960178510127017,1030.5537109375,14.6025390625,18.000097293757783,0.4658025893767729,0.0697021484375,0.25653640312499704,0.24259907812499648,660,671,1.0166666666666666,501,13.480701754385965,5,438,0.0,1096.9719334719334,656,690,5.390625,0.25713435859374556,True
0.9,146,43932,1024,6141,768,34,802,6.265625,5.9970703125,2051,0.2503662109375,507,0.24719648951730863,2345.7822265625,23.0615234375,14.427926694533596,0.6091573469359411,0.0618896484375,0.25653640312499704,0.24259907812499648,768,779,1.0143229166666667,67,16.039525691699605,5,423,0.0,2364.2529527559054,771,805,6.2890625,0.25713435859374556,True
0.9,147,47270,1024,6372,797,34,831,6.4921875,6.22265625,1820,0.22216796875,444,0.24395604395604395,2107.9755859375,21.6455078125,14.892147841917394,0.5903070037691586,0.05419921875,0.25653640312499704,0.24259907812499648,797,808,1.013801756587202,27,18.37923250564334,5,383,0.0,2114.1694417238,818,852,6.65625,0.25713435859374556,True
0.9,148,11091,1024,4769,597,34,631,4.9296875,4.6572265625,3423,0.4178466796875,725,0.21180251241600934,1049.8740234375,15.7412109375,17.919431705677344,0.35197480805483056,0.0885009765625,0.25653640312499704,0.24259907812499648,597,608,1.018425460636516,17,11.284530386740332,4,514,0.0,1051.9285714285713,608,642,5.015625,0.25713435859374556,True
0.9,149,9736,1024,6039,755,34,789,6.1640625,5.8974609375,2153,0.2628173828125,524,0.24338132837900603,845.8359375,11.529296875,18.85794227554809,0.5729514454404215,0.06396484375,0.25653640312499704,0.24259907812499648,755,766,1.014569536423841,44,15.338432122370937,5,355,0.0,849.9862610402355,767,801,6.2578125,0.25713435859374556,True
0.9,150,23206,1024,4221,528,34,562,4.390625,4.1220703125,3971,0.4847412109375,1129,0.2843112566104256,1776.0302734375,22.6103515625,15.636299965678957,0.2408548522891246,0.1378173828125,0.25653640312499704,0.24259907812499648,528,539,1.0208333333333333,29,7.2304964539007095,7,735,0.0,1781.2487757100882,537,571,4.4609375,0.25713435859374556,True
0.9,151,25039,1024,6368,796,34,830,6.484375,6.21875,1824,0.22265625,562,0.3081140350877193,1786.259765625,21.787109375,15.61135744739727,0.3867444954806747,0.068603515625,0.25653640312499704,0.24259907812499648,796,807,1.013819095477387,28,14.415329768270945,4,461,0.0,1791.5083251714007,841,875,6.8359375,0.25713435859374556,True
0.9,152,21014,1024,10,2,34,36,0.28125,0.009765625,8182,0.998779296875,2912,0.3559032021510633,17491.58984375,96.634765625,5.702510757466874,0.045170081610979684,0.35546875,0.25653640312499704,0.24259907812499648,2,10,5.0,87,2.750944692545517,8,1577,0.0,17664.090729783038,4,38,0.296875,0.25713435859374556,True
0.9,153,32412,1024,6306,789,34,823,6.4296875,6.158203125,1886,0.230224609375,555,0.29427359490986216,1458.4951171875,16.4833984375,16.49175381357416,0.56168761101249,0.0677490234375,0.25653640312499704,0.24259907812499648,789,800,1.0139416983523448,18,14.731046931407942,4,437,0.0,1461.349315068493,801,835,6.5234375,0.25713435859374556,True
0.9,154,34022,1024,4711,589,34,623,4.8671875,4.6005859375,3481,0.4249267578125,464,0.13329503016374605,851.85546875,10.7734375,18.827144450318936,0.483878303012571,0.056640625,0.25653640312499704,0.24259907812499648,589,600,1.0186757215619695,930,15.67818574514039,5,366,0.0,960.6828193832599,577,611,4.7734375,0.25713435859374556,True
0.9,155,21369,1024,726,91,34,125,0.9765625,0.708984375,7466,0.911376953125,2857,0.38266809536565766,9438.2568359375,68.4267578125,8.381885695824527,0.1133975476430395,0.3487548828125,0.25653640312499704,0.24259907812499648,91,99,1.0879120879120878,103,2.8308823529411766,8,1581,0.0,9550.172924901186,68,102,0.796875,0.25713435859374556,True
0.9,156,41654,1024,6270,784,34,818,6.390625,6.123046875,1922,0.234619140625,418,0.21748178980228927,1301.9912109375,15.9677734375,16.984723083210124,0.6293662524831689,0.051025390625,0.25653640312499704,0.24259907812499648,784,795,1.0140306122448979,192,19.155875299760194,3,342,0.0,1333.239,794,828,6.46875,0.25713435859374556,True
0.9,157,11953,1024,10,2,34,36,0.28125,0.009765625,8182,0.998779296875,3910,0.47787826937179173,24389.4921875,139.6796875,4.258776028855657,0.06422202619835923,0.477294921875,0.25653640312499704,0.24259907812499648,2,10,5.0,14,2.091327705295472,8,2023,0.0,24413.333333333332,4,38,0.296875,0.25713435859374556,True
0.9,158,13700,1024,5816,727,34,761,5.9453125,5.6796875,2376,0.2900390625,476,0.20033670033670034,1023.4052734375,13.9677734375,18.03032710378669,0.623743084375864,0.05810546875,0.25653640312499704,0.24259907812499648,727,738,1.015130674002751,55,17.037894736842105,5,339,0.0,1029.4371316306483,730,764,5.96875,0.25713435859374556,True
0.9,159,38205,1024,5244,656,34,690,5.390625,5.12109375,2948,0.35986328125,782,0.26526458616010856,2313.9091796875,28.8154296875,14.487340518591857,0.4876607722102472,0.095458984375,0.25653640312499704,0.24259907812499648,656,667,1.016768292682927,107,9.709346991037132,4,661,0.0,2343.6627101879326,624,658,5.140625,0.25713435859374556,True
0.9,160,40129,1024,5284,661,34,695,5.4296875,5.16015625,2908,0.35498046875,358,0.12310866574965612,462.3828125,9.2734375,21.480786785677616,0.4838263079660561,0.043701171875,0.25653640312499704,0.24259907812499648,661,672,1.0166414523449319,81,22.014005602240896,4,305,0.0,466.9428007889546,636,670,5.234375,0.25713435859374556,True
0.9,161,17080,1024,5193,650,34,684,5.34375,5.0712890625,2999,0.3660888671875,535,0.17839279759919974,1027.474609375,12.6875,18.0130926233399,0.6436640813378123,0.0653076171875,0.25653640312499704,0.24259907812499648,650,661,1.0169230769230768,63,15.02247191011236,5,441,0.0,1034.5467059980335,621,655,5.1171875,0.25713435859374556,True
0.9,162,1505,1024,398,50,34,84,0.65625,0.388671875,7794,0.951416015625,3942,0.5057736720554272,22897.9404296875,134.9091796875,4.532839396741796,0.02585964975744356,0.481201171875,0.25653640312499704,0.24259907812499648,50,61,1.22,38,2.0687642730271505,10,1975,0.0,22987.736274509803,50,84,0.65625,0.25713435859374556,True
0.9,163,36391,1024,6235,780,34,814,6.359375,6.0888671875,1957,0.2388916015625,498,0.25447112927950943,1009.00390625,14.822265625,18.091875133034122,0.5390940883076532,0.060791015625,0.25653640312499704,0.24259907812499648,780,791,1.014102564102564,55,16.37022132796781,4,423,0.0,1014.950884086444,786,820,6.40625,0.25713435859374556,True
0.9,164,24660,1024,5303,663,34,697,5.4453125,5.1787109375,2889,0.3526611328125,940,0.32537210107303566,1327.7998046875,20.4599609375,16.899477604394814,0.4610892183299702,0.11474609375,0.25653640312499704,0.24259907812499648,663,674,1.0165912518853695,11,8.70713525026624,5,662,0.0,1329.0977517106548,700,734,5.734375,0.25713435859374556,True
0.9,165,24061,1024,4455,557,34,591,4.6171875,4.3505859375,3737,0.4561767578125,1182,0.3162964945143163,1843.576171875,25.392578125,15.474192746124757,0.4898251814809375,0.144287109375,0.25653640312499704,0.24259907812499648,557,568,1.0197486535008977,7,6.929720575783235,5,899,,1843.576171875,565,599,4.6796875,0.25713435859374556,True
0.9,166,10964,1024,4788,599,34,633,4.9453125,4.67578125,3404,0.41552734375,658,0.19330199764982373,1521.2197265625,19.7353515625,16.30888412336561,0.4466123963535036,0.080322265625,0.25653640312499704,0.24259907812499648,599,610,1.018363939899833,69,12.015220700152208,6,488,0.0,1533.1978346456692,573,607,4.7421875,0.25713435859374556,True
0.9,167,20807,1024,6417,803,34,837,6.5390625,6.2666015625,1775,0.2166748046875,524,0.2952112676056338,1476.91015625,16.880859375,16.43726283857674,0.6356554768516783,0.06396484375,0.25653640312499704,0.24259907812499648,803,814,1.0136986301369864,9,15.634799235181644,5,406,0.0,1478.3538611925708,830,864,6.75,0.25713435859374556,True
0.9,168,33388,1024,6594,825,34,859,6.7109375,6.439453125,1598,0.195068359375,568,0.35544430538172717,2888.8017578125,27.9384765625,13.523626211843808,0.5446303528915343,0.0693359375,0.25653640312499704,0.24259907812499648,825,836,1.0133333333333334,63,14.283950617283951,4,455,0.0,2908.68534906588,858,892,6.96875,0.25713435859374556,True
0.9,169,34571,1024,420,53,34,87,0.6796875,0.41015625,7772,0.94873046875,3743,0.48160061760164696,22914.91015625,119.1953125,4.529622020460554,0.026508579380232794,0.4569091796875,0.25653640312499704,0.24259907812499648,53,64,1.2075471698113207,93,2.1640833778727955,10,1711,0.0,23163.739387956564,52,86,0.671875,0.25713435859374556,True
0.9,170,21194,1024,6037,755,34,789,6.1640625,5.8955078125,2155,0.2630615234375,415,0.1925754060324826,1069.8720703125,14.1181640625,17.837485107331275,0.49309844704762873,0.0506591796875,0.25653640312499704,0.24259907812499648,755,766,1.014569536423841,18,19.731884057971016,3,332,0.0,1071.9657534246576,759,793,6.1953125,0.25713435859374556,True
0.9,171,32696,1024,5702,713,34,747,5.8359375,5.568359375,2490,0.303955078125,606,0.2433734939759036,1325.4345703125,15.5185546875,16.90722067088945,0.5676444223186583,0.073974609375,0.25653640312499704,0.24259907812499648,713,724,1.0154277699859748,74,13.314049586776859,4,463,0.0,1337.1871921182267,706,740,5.78125,0.25713435859374556,True
0.9,172,46005,1024,4224,528,34,562,4.390625,4.125,3968,0.484375,380,0.09576612903225806,210.1142578125,6.8115234375,24.90624837356777,0.5463156936392453,0.04638671875,0.25653640312499704,0.24259907812499648,528,539,1.0208333333333333,1452,17.643799472295516,4,334,0.0,255.22775800711744,492,526,4.109375,0.25713435859374556,True
0.9,173,19269,1024,3341,418,34,452,3.53125,3.2626953125,4851,0.5921630859375,1244,0.256441970727685,1247.67578125,21.583984375,17.16978615831857,0.3711877851724744,0.15185546875,0.25653640312499704,0.24259907812499648,418,429,1.0263157894736843,47,6.551890587288818,5,968,0.0,1253.7978410206085,386,420,3.28125,0.25713435859374556,True
0.9,174,5503,1024,6658,833,34,867,6.7734375,6.501953125,1534,0.187255859375,461,0.3005215123859192,1551.7216796875,18.9130859375,16.222665330019893,0.5874356863682747,0.0562744140625,0.25653640312499704,0.24259907812499648,833,844,1.0132052821128452,131,17.42391304347826,4,391,0.0,1576.3521825396826,873,907,7.0859375,0.25713435859374556,True
0.9,175,32979,1024,4952,619,34,653,5.1015625,4.8359375,3240,0.3955078125,535,0.16512345679012347,978.0537109375,12.0966796875,18.22717655647522,0.798046068852801,0.0653076171875,0.25653640312499704,0.24259907812499648,619,630,1.0177705977382876,9,15.308988764044944,4,444,0.0,979.0097751710655,617,651,5.0859375,0.25713435859374556,True
0.9,176,32764,1024,6507,814,34,848,6.625,6.3544921875,1685,0.2056884765625,423,0.2510385756676558,1204.6669921875,14.5166015625,17.322133500091322,0.6559891492721275,0.0516357421875,0.25653640312499704,0.24259907812499648,814,825,1.0135135135135136,27,19.33649289099526,4,328,0.0,1208.2066601371205,811,845,6.6015625,0.25713435859374556,True
0.9,177,36396,1024,5322,666,34,700,5.46875,5.197265625,2870,0.350341796875,426,0.14843205574912893,479.083984375,8.48828125,21.326687080932977,0.4758074584408533,0.052001953125,0.25653640312499704,0.24259907812499648,666,677,1.0165165165165164,84,18.90823529411765,5,293,0.0,483.8086785009862,666,700,5.46875,0.25713435859374556,True
0.9,178,16139,1024,3891,487,34,521,4.0703125,3.7998046875,4301,0.5250244140625,1046,0.24319925598697978,1871.357421875,27.6640625,15.409236169150567,0.39934514972780616,0.127685546875,0.25653640312499704,0.24259907812499648,487,474,0.973305954825462,166,7.539712918660287,6,860,0.0,1908.6354581673306,426,460,3.59375,0.25713435859374556,True
0.9,179,32110,1024,10,2,34,36,0.28125,0.009765625,8182,0.998779296875,3196,0.39061354192129066,18629.90625,108.3125,5.42869691436516,0.08397785770620061,0.39013671875,0.25653640312499704,0.24259907812499648,2,10,5.0,14,2.5593114241001564,8,1653,0.0,18648.117302052786,4,38,0.296875,0.25713435859374556,True
0.9,180,37930,1024,5519,690,34,724,5.65625,5.3896484375,2673,0.3262939453125,805,0.30115974560419007,1309.033203125,20.259765625,16.961296984645266,0.5012908108968512,0.0982666015625,0.25653640312499704,0.24259907812499648,690,701,1.0159420289855072,109,10.024875621890548,4,641,0.0,1325.8654797230465,697,731,5.7109375,0.25713435859374556,True
0.9,181,5624,1024,5558,695,34,729,5.6953125,5.427734375,2634,0.321533203125,815,0.309415337889142,1051.3759765625,14.6240234375,17.91322311493036,0.41155318626473475,0.0994873046875,0.25653640312499704,0.24259907812499648,695,706,1.0158273381294964,16,10.036855036855037,4,590,0.0,1053.4334637964776,709,743,5.8046875,0.25713435859374556,True
0.9,182,37946,1024,5757,720,34,754,5.890625,5.6220703125,2435,0.2972412109375,450,0.18480492813141683,1513.646484375,16.78515625,16.330559043382273,0.5153315679012495,0.054931640625,0.25653640312499704,0.24259907812499648,720,731,1.0152777777777777,250,17.536748329621382,4,362,0.0,1560.9003021148037,703,737,5.7578125,0.25713435859374556,True
0.9,183,6616,1024,6622,828,34,862,6.734375,6.466796875,1570,0.191650390625,443,0.2821656050955414,1115.591796875,14.93359375,17.65575048698979,0.6557590527953051,0.0540771484375,0.25653640312499704,0.24259907812499648,828,839,1.0132850241545894,18,18.40950226244344,4,365,0.0,1117.774951076321,862,896,7.0,0.25713435859374556,True
0.9,184,11706,1024,6036,755,34,789,6.1640625,5.89453125,2156,0.26318359375,538,0.24953617810760667,1080.91015625,14.158203125,17.792907633682553,0.5671541075397742,0.065673828125,0.25653640312499704,0.24259907812499648,755,766,1.014569536423841,203,14.774674115456238,5,396,0.0,1107.9599599599599,743,777,6.0703125,0.25713435859374556,True
0.9,185,10558,1024,18,3,34,37,0.2890625,0.017578125,8174,0.997802734375,3046,0.37264497186200146,10764.251953125,72.0625,7.810965063570848,0.11452213068849885,0.371826171875,0.25653640312499704,0.24259907812499648,3,11,3.6666666666666665,14,2.6748768472906406,8,1691,0.0,10774.774193548386,6,40,0.3125,0.25713435859374556,True
0.9,186,18351,1024,10,2,34,36,0.28125,0.009765625,8182,0.998779296875,2574,0.3145930090442435,9704.8349609375,70.2744140625,8.260922066317915,0.038040394839714185,0.314208984375,0.25653640312499704,0.24259907812499648,2,10,5.0,71,3.1496307811892734,8,1489,0.0,9781.250984251968,4,38,0.296875,0.25713435859374556,True
0.9,187,15023,1024,10,2,34,36,0.28125,0.009765625,8182,0.998779296875,3852,0.47078953801026646,17648.89453125,124.361328125,5.663628530711873,0.14312015887894564,0.47021484375,0.25653640312499704,0.24259907812499648,2,10,5.0,14,2.1223058945728384,8,1955,0.0,17666.146627565984,4,38,0.296875,0.25713435859374556,True
0.9,188,9490,1024,4896,612,34,646,5.046875,4.78125,3296,0.40234375,747,0.2266383495145631,939.892578125,17.33984375,18.400021406655046,0.4942484877689775,0.0911865234375,0.25653640312499704,0.24259907812499648,612,623,1.0179738562091503,95,10.730563002680965,4,626,0.0,950.0987166831194,615,649,5.0703125,0.25713435859374556,True
0.9,189,6355,1024,5523,691,34,725,5.6640625,5.3935546875,2669,0.3258056640625,705,0.2641438741101536,1575.923828125,24.103515625,16.155451387197402,0.25156078721527136,0.0860595703125,0.25653640312499704,0.24259907812499648,691,702,1.015918958031838,87,11.389204545454545,4,604,0.0,1591.465483234714,682,716,5.59375,0.25713435859374556,True
0.9,190,8857,1024,2273,285,34,319,2.4921875,2.2197265625,5919,0.7225341796875,1316,0.2223348538604494,873.7685546875,13.0791015625,18.716839496674368,0.4649384684038375,0.16064453125,0.25653640312499704,0.24259907812499648,285,296,1.03859649122807,238,6.047908745247148,6,933,0.0,899.2351758793969,283,317,2.4765625,0.25713435859374556,True
0.9,191,31811,1024,4892,612,34,646,5.046875,4.77734375,3300,0.40283203125,974,0.29515151515151516,3011.1396484375,36.8037109375,13.343494634954919,0.47473362531078456,0.118896484375,0.25653640312499704,0.24259907812499648,612,623,1.0179738562091503,172,8.236382322713258,4,776,0.0,3074.18444666002,617,651,5.0859375,0.25713435859374556,True
0.9,192,10400,1024,6290,787,34,821,6.4140625,6.142578125,1902,0.232177734375,372,0.19558359621451105,942.82421875,11.37109375,18.38649630954539,0.4155192050496311,0.04541015625,0.2472854765624959,0.2629301460937512,787,798,1.013977128335451,10,21.52021563342318,4,275,0.0,943.7458455522972,795,829,6.4765625,0.27358740937499704,True
0.9,193,275,1024,6043,756,34,790,6.171875,5.9013671875,2149,0.2623291015625,454,0.21126105165193113,1328.18359375,17.505859375,16.898222495094682,0.5720463054599509,0.055419921875,0.2472854765624959,0.2629301460937512,756,767,1.0145502645502646,25,17.169977924944813,4,363,0.0,1332.0861900097943,735,769,6.0078125,0.27358740937499704,True
0.9,194,26152,1024,10,2,34,36,0.28125,0.009765625,8182,0.998779296875,3706,0.45294549010022,18343.6904296875,117.4931640625,5.495936482897765,0.05140453878207003,0.452392578125,0.2472854765624959,0.2629301460937512,2,10,5.0,287,2.1333333333333333,8,1888,0.0,18992.86046511628,4,38,0.296875,0.27358740937499704,True
0.9,195,13037,1024,10,2,34,36,0.28125,0.009765625,8182,0.998779296875,3115,0.3807137619164019,15930.12109375,93.841796875,6.108612837392501,0.0480518310274592,0.3802490234375,0.2472854765624959,0.2629301460937512,2,10,5.0,14,2.625883108542068,11,1497,0.0,15945.693059628544,4,38,0.296875,0.27358740937499704,True
0.9,196,41203,1024,6291,787,34,821,6.4140625,6.1435546875,1901,0.2320556640625,423,0.22251446607048922,1165.7470703125,15.7294921875,17.46476028183554,0.5402213748360322,0.0516357421875,0.2472854765624959,0.2629301460937512,787,798,1.013977128335451,43,19.180094786729857,4,356,0.0,1171.4671246319922,812,846,6.609375,0.27358740937499704,True
0.9,197,43709,1024,4815,602,34,636,4.96875,4.7021484375,3377,0.4122314453125,456,0.1350310926858158,471.552734375,7.44921875,21.395500933440292,0.6143778558387151,0.0556640625,0.2472854765624959,0.2629301460937512,602,613,1.0182724252491695,67,17.841758241758242,5,353,0.0,475.26574803149606,570,604,4.71875,0.27358740937499704,True
0.9,198,43572,1024,5011,627,34,661,5.1640625,4.8935546875,3181,0.3883056640625,922,0.2898459603898145,2486.630859375,25.673828125,14.174690418767597,0.2962621553367483,0.112548828125,0.2472854765624959,0.2629301460937512,627,638,1.0175438596491229,51,8.781758957654723,4,701,0.0,2501.286836935167,640,674,5.265625,0.27358740937499704,True
0.9,199,23390,1024,5862,733,34,767,5.9921875,5.724609375,2330,0.284423828125,489,0.20987124463519313,667.1328125,11.75390625,19.888680591941366,0.5145889518889826,0.0596923828125,0.2472854765624959,0.2629301460937512,733,744,1.015006821282401,66,16.575819672131146,4,335,0.0,672.3858267716536,752,786,6.140625,0.27358740937499704,True
0.925,0,712,1024,6311,789,34,823,6.4296875,6.1630859375,1881,0.2296142578125,330,0.17543859649122806,1608.7607421875,15.3447265625,16.065889010287048,0.605593943656871,0.040283203125,0.2472854765624959,0.2629301460937512,789,800,1.0139416983523448,34,24.696048632218844,4,264,0.0,1615.0696078431372,765,799,6.2421875,0.27358740937499704,True
0.925,1,24774,1024,6573,822,34,856,6.6875,6.4189453125,1619,0.1976318359375,379,0.23409512044471897,1286.392578125,15.728515625,17.03706835129467,0.6415863374574382,0.0462646484375,0.2472854765624959,0.2629301460937512,822,833,1.0133819951338199,103,21.044973544973544,4,315,0.0,1301.6462450592885,799,833,6.5078125,0.27358740937499704,True
0.925,2,45142,1024,6783,848,34,882,6.890625,6.6240234375,1409,0.1719970703125,204,0.1447835344215756,727.0,9.84375,19.515459500088724,0.5850910240690126,0.02490234375,0.2472854765624959,0.2629301460937512,848,859,1.0129716981132075,34,39.32512315270936,3,191,0.0,729.8509803921569,858,892,6.96875,0.27358740937499704,True
0.925,3,27119,1024,37,5,34,39,0.3046875,0.0361328125,8155,0.9954833984375,2525,0.3096259963212753,13518.123046875,72.75390625,6.821639656360374,0.07200118278710334,0.3082275390625,0.2472854765624959,0.2629301460937512,5,13,2.6,31,3.2329635499207607,35,1201,0.0,13557.843290891284,8,42,0.328125,0.27358740937499704,True
0.925,4,21139,1024,6052,757,34,791,6.1796875,5.91015625,2140,0.26123046875,407,0.19018691588785047,1179.0439453125,15.0693359375,17.4155036845217,0.49364956321017384,0.0496826171875,0.2472854765624959,0.2629301460937512,757,768,1.0145310435931307,108,18.950738916256157,4,346,0.0,1194.2047477744807,716,750,5.859375,0.27358740937499704,True
0.925,5,19129,1024,6052,757,34,791,6.1796875,5.91015625,2140,0.26123046875,393,0.18364485981308412,973.431640625,14.666015625,18.247749023326097,0.5945891465355114,0.0479736328125,0.2472854765624959,0.2629301460937512,757,768,1.0145310435931307,20,20.770408163265305,4,342,0.0,975.3365949119374,729,763,5.9609375,0.27358740937499704,True
0.925,6,6433,1024,5419,678,34,712,5.5625,5.2919921875,2773,0.3385009765625,479,0.17273710782545978,503.76171875,8.578125,21.10855198831869,0.5474363129820209,0.0584716796875,0.2472854765624959,0.2629301460937512,678,689,1.0162241887905605,953,15.085774058577407,6,353,0.0,570.0022099447514,641,675,5.2734375,0.27358740937499704,True
0.925,7,38854,1024,6169,772,34,806,6.296875,6.0244140625,2023,0.2469482421875,342,0.1690558576371725,1430.533203125,15.353515625,16.575824184983013,0.590660248855085,0.041748046875,0.2472854765624959,0.2629301460937512,772,783,1.0142487046632125,48,23.378299120234605,4,304,0.0,1438.9646365422398,762,796,6.21875,0.27358740937499704,True
0.925,8,22489,1024,6362,796,34,830,6.484375,6.212890625,1830,0.223388671875,302,0.1650273224043716,1139.71875,12.828125,17.562826677707207,0.6191966976038306,0.036865234375,0.2472854765624959,0.2629301460937512,796,807,1.013819095477387,60,26.225913621262457,3,263,0.0,1147.5634218289085,777,811,6.3359375,0.27358740937499704,True
0.925,9,31104,1024,410,52,34,86,0.671875,0.400390625,7782,0.949951171875,3430,0.44076072988948856,14885.3876953125,93.8212890625,6.403202103808214,0.06513563766026932,0.418701171875,0.2472854765624959,0.2629301460937512,52,63,1.2115384615384615,109,2.356955380577428,8,1860,0.0,15076.79228486647,42,76,0.59375,0.27358740937499704,True
0.925,10,21349,1024,6343,793,34,827,6.4609375,6.1943359375,1849,0.2257080078125,323,0.1746890210924824,422.90625,7.6796875,21.868362573704438,0.6819608748578762,0.0394287109375,0.2472854765624959,0.2629301460937512,793,804,1.0138713745271122,72,25.049689440993788,4,225,0.0,426.656157635468,800,834,6.515625,0.27358740937499704,True
0.925,11,29116,1024,6217,778,34,812,6.34375,6.0712890625,1975,0.2410888671875,254,0.12860759493670887,674.0498046875,8.5048828125,19.843883736770543,0.6753420016559436,0.031005859375,0.2472854765624959,0.2629301460937512,778,789,1.0141388174807198,140,31.81422924901186,3,201,0.0,685.428997020854,760,794,6.203125,0.27358740937499704,True
0.925,12,10772,1024,6867,859,34,893,6.9765625,6.7060546875,1325,0.1617431640625,298,0.22490566037735849,1252.1484375,13.736328125,17.15424544960009,0.6677738828410531,0.036376953125,0.2472854765624959,0.2629301460937512,859,870,1.0128055878928988,24,27.45117845117845,4,258,0.0,1255.8276199804113,866,900,7.03125,0.27358740937499704,True
0.925,13,18332,1024,7041,881,34,915,7.1484375,6.8759765625,1151,0.1405029296875,188,0.1633362293657689,800.4853515625,9.1142578125,19.09726971887773,0.7624343722089227,0.02294921875,0.2472854765624959,0.2629301460937512,881,892,1.0124858115777526,145,40.68983957219251,3,162,0.0,814.8081510934394,860,894,6.984375,0.27358740937499704,True
0.925,14,1003,1024,6628,829,34,863,6.7421875,6.47265625,1564,0.19091796875,364,0.23273657289002558,942.7421875,12.162109375,18.38687418771635,0.7123185788706461,0.04443359375,0.2472854765624959,0.2629301460937512,829,840,1.0132689987937273,41,22.151515151515152,4,264,0.0,947.3680078508341,821,855,6.6796875,0.27358740937499704,True
0.925,15,22156,1024,6602,826,34,860,6.71875,6.447265625,1590,0.194091796875,237,0.1490566037735849,744.8603515625,10.3837890625,19.410055031944285,0.6599474570150815,0.0289306640625,0.2472854765624959,0.2629301460937512,826,837,1.013317191283293,17,33.94491525423729,3,217,0.0,746.3180039138944,819,853,6.6640625,0.27358740937499704,True
0.925,16,26453,1024,5865,734,34,768,6.0,5.7275390625,2327,0.2840576171875,294,0.12634293081220455,801.365234375,9.673828125,19.092498633584544,0.624377045154874,0.035888671875,0.2472854765624959,0.2629301460937512,734,745,1.0149863760217983,36,27.378839590443686,4,258,0.0,804.5078431372549,711,745,5.8203125,0.27358740937499704,True
0.925,17,17039,1024,6369,797,34,831,6.4921875,6.2197265625,1823,0.2225341796875,238,0.13055403181568842,323.8447265625,5.9931640625,23.02743531404673,0.5493796557748096,0.029052734375,0.2472854765624959,0.2629301460937512,797,808,1.013801756587202,116,34.063291139240505,4,206,0.0,328.3336633663366,760,794,6.203125,0.27358740937499704,True
0.925,18,7166,1024,6172,772,34,806,6.296875,6.02734375,2020,0.24658203125,285,0.14108910891089108,512.482421875,7.830078125,21.034013871666794,0.766285936431888,0.0347900390625,0.2472854765624959,0.2629301460937512,772,783,1.0142487046632125,67,28.58450704225352,4,222,0.0,516.5177165354331,745,779,6.0859375,0.27358740937499704,True
0.925,19,48310,1024,5565,696,34,730,5.703125,5.4345703125,2627,0.3206787109375,416,0.1583555386372288,804.205078125,10.876953125,19.077135497549563,0.7836412010299098,0.05078125,0.2472854765624959,0.2629301460937512,696,707,1.0158045977011494,55,19.602409638554217,4,351,0.0,808.9449901768173,648,682,5.328125,0.27358740937499704,True
0.925,20,12187,1024,5238,655,34,689,5.3828125,5.115234375,2954,0.360595703125,327,0.11069735951252539,444.380859375,7.140625,21.65325016375046,0.691161516381755,0.0399169921875,0.2472854765624959,0.2629301460937512,655,666,1.016793893129771,54,24.93558282208589,5,230,0.0,447.0,602,636,4.96875,0.27358740937499704,True
0.925,21,20284,1024,4648,581,34,615,4.8046875,4.5390625,3544,0.4326171875,526,0.14841986455981943,375.4501953125,6.7802734375,22.385280262801306,0.6276658251702901,0.064208984375,0.2472854765624959,0.2629301460937512,581,592,1.0189328743545611,54,15.459047619047618,5,384,0.0,377.6630648330059,597,631,4.9296875,0.27358740937499704,True
0.925,22,1052,1024,6435,805,34,839,6.5546875,6.2841796875,1757,0.2144775390625,297,0.16903813318155947,761.4677734375,9.5205078125,19.314288328602263,0.7552322077101947,0.0362548828125,0.2472854765624959,0.2629301460937512,805,816,1.013664596273292,34,27.131756756756758,4,238,0.0,764.4539215686275,793,827,6.4609375,0.27358740937499704,True
0.925,23,13752,1024,4175,522,34,556,4.34375,4.0771484375,4017,0.4903564453125,696,0.17326362957430919,533.0654296875,12.5908203125,20.862998422573703,0.4070302891216211,0.0849609375,0.2472854765624959,0.2629301460937512,522,533,1.0210727969348659,26,11.651798561151079,5,546,0.0,534.6317335945151,511,545,4.2578125,0.27358740937499704,True
0.925,24,37139,1024,6405,801,34,835,6.5234375,6.2548828125,1787,0.2181396484375,262,0.14661443760492446,812.8427734375,9.3427734375,19.03073811869123,0.7868977983264535,0.031982421875,0.2472854765624959,0.2629301460937512,801,812,1.013732833957553,108,30.011494252873565,4,212,0.0,823.2947576656776,772,806,6.296875,0.27358740937499704,True
0.925,25,29727,1024,7045,881,34,915,7.1484375,6.8798828125,1147,0.1400146484375,240,0.2092414995640802,868.2939453125,10.4990234375,18.74413588207017,0.7850328573427459,0.029296875,0.2472854765624959,0.2629301460937512,881,892,1.0124858115777526,17,32.90376569037657,3,212,0.0,869.9931506849315,893,927,7.2421875,0.27358740937499704,True
0.925,26,41854,1024,5833,730,34,764,5.96875,5.6962890625,2359,0.2879638671875,179,0.07587961000423908,319.5517578125,5.5927734375,23.0853914997952,0.7365893718235836,0.0218505859375,0.2472854765624959,0.2629301460937512,730,741,1.015068493150685,130,44.49438202247191,3,156,0.0,324.62400793650795,711,745,5.8203125,0.27358740937499704,True
0.925,27,40333,1024,7172,897,34,931,7.2734375,7.00390625,1020,0.12451171875,209,0.20490196078431372,835.2255859375,9.3681640625,18.912765710175883,0.7702800039498842,0.0255126953125,0.2472854765624959,0.2629301460937512,897,908,1.0122630992196209,242,37.37980769230769,4,180,0.0,860.4336016096579,874,908,7.09375,0.27358740937499704,True
0.925,28,33248,1024,11,2,34,36,0.28125,0.0107421875,8181,0.9986572265625,3277,0.40056227845006726,10005.841796875,80.859375,8.128267289292916,0.17856737380555399,0.4000244140625,0.2472854765624959,0.2629301460937512,2,10,5.0,375,2.385836385836386,8,1828,0.0,10476.464212678937,4,38,0.296875,0.27358740937499704,True
0.925,29,9680,1024,6469,809,34,843,6.5859375,6.3173828125,1723,0.2103271484375,296,0.1717933836331979,1336.564453125,12.21484375,16.87090454294922,0.7132431145428639,0.0361328125,0.2472854765624959,0.2629301460937512,809,820,1.0135970333745365,17,27.694915254237287,4,253,0.0,1339.1800391389434,793,827,6.4609375,0.27358740937499704,True
0.925,30,16805,1024,7109,889,34,923,7.2109375,6.9423828125,1083,0.1322021484375,189,0.1745152354570637,923.080078125,10.232421875,18.478409827246914,0.6553409870212056,0.0230712890625,0.2472854765624959,0.2629301460937512,889,900,1.0123734533183353,19,43.22872340425532,3,173,0.0,924.8864970645792,877,911,7.1171875,0.27358740937499704,True
0.925,31,14652,1024,5627,704,34,738,5.765625,5.4951171875,2565,0.3131103515625,293,0.11423001949317739,434.75390625,6.7265625,21.74836868053543,0.5771622591580894,0.0357666015625,0.2472854765624959,0.2629301460937512,704,715,1.015625,132,27.59931506849315,4,256,0.0,441.6547619047619,657,691,5.3984375,0.27358740937499704,True
0.925,32,15793,1024,6100,763,34,797,6.2265625,5.95703125,2092,0.25537109375,159,0.07600382409177821,488.2412109375,5.5341796875,21.244459267793975,0.7610399343904511,0.0194091796875,0.2472854765624959,0.2629301460937512,763,774,1.0144167758846658,499,45.34177215189873,2,149,0.0,519.7079002079003,724,758,5.921875,0.27358740937499704,True
0.925,33,30210,1024,4485,561,34,595,4.6484375,4.3798828125,3707,0.4525146484375,909,0.2452117615322363,3797.8310546875,27.9423828125,12.335447194897931,0.6642278258871255,0.1109619140625,0.2472854765624959,0.2629301460937512,561,572,1.0196078431372548,29,8.833700440528634,8,598,0.0,3808.990205680705,503,537,4.1953125,0.27358740937499704,True
0.925,34,47426,1024,5611,702,34,736,5.75,5.4794921875,2581,0.3150634765625,744,0.2882603641999225,1644.6025390625,21.4814453125,15.97019404447394,0.6482188099639148,0.0908203125,0.2472854765624959,0.2629301460937512,702,713,1.0156695156695157,15,11.004037685060565,6,575,0.0,1646.2101661779081,716,750,5.859375,0.27358740937499704,True
0.925,35,20875,1024,6243,781,34,815,6.3671875,6.0966796875,1949,0.2379150390625,252,0.129297075423294,490.21875,8.171875,21.226904426384984,0.7518016904722626,0.03076171875,0.2472854765624959,0.2629301460937512,781,792,1.0140845070422535,155,30.98406374501992,3,208,0.0,499.4865671641791,751,785,6.1328125,0.27358740937499704,True
0.925,36,4161,1024,6544,818,34,852,6.65625,6.390625,1648,0.201171875,451,0.27366504854368934,1613.8642578125,17.1220703125,16.05213357472041,0.611141644440907,0.0550537109375,0.2472854765624959,0.2629301460937512,818,829,1.0134474327628362,81,17.824444444444445,5,361,0.0,1629.7800788954635,827,861,6.7265625,0.27358740937499704,True
0.925,37,40340,1024,5729,717,34,751,5.8671875,5.5947265625,2463,0.3006591796875,409,0.1660576532683719,764.27734375,11.568359375,19.298293753247982,0.5806842400182125,0.0499267578125,0.2472854765624959,0.2629301460937512,717,728,1.0153417015341701,205,19.46078431372549,5,314,0.0,783.4034034034034,706,740,5.78125,0.27358740937499704,True
0.925,38,28286,1024,6775,847,34,881,6.8828125,6.6162109375,1417,0.1729736328125,251,0.1771347918136909,827.86328125,10.8515625,18.951217403889654,0.7069711912113541,0.0306396484375,0.2472854765624959,0.2629301460937512,847,858,1.0129870129870129,27,32.508,3,221,0.0,830.2957884427033,827,861,6.7265625,0.27358740937499704,True
0.925,39,13256,1024,6199,775,34,809,6.3203125,6.0537109375,1993,0.2432861328125,539,0.2704465629703964,1000.521484375,12.498046875,18.128539421132405,0.6440693166659017,0.0657958984375,0.2472854765624959,0.2629301460937512,775,786,1.0141935483870967,107,15.016728624535316,5,434,0.0,1013.3867457962414,787,821,6.4140625,0.27358740937499704,True
0.925,40,48934,1024,6750,844,34,878,6.859375,6.591796875,1442,0.176025390625,273,0.18932038834951456,808.3798828125,10.7978515625,19.054648636597662,0.856740532107369,0.0333251953125,0.2472854765624959,0.2629301460937512,844,855,1.0130331753554502,258,28.202205882352942,3,244,0.0,834.4566532258065,841,875,6.8359375,0.27358740937499704,True
0.925,41,11935,1024,5057,633,34,667,5.2109375,4.9384765625,3135,0.3826904296875,648,0.20669856459330144,566.248046875,8.52734375,20.600736438300203,0.5464959437315785,0.0791015625,0.2472854765624959,0.2629301460937512,633,644,1.0173775671406002,100,12.502318392581143,4,461,0.0,572.9624505928854,622,656,5.125,0.27358740937499704,True
0.925,42,48447,1024,5914,740,34,774,6.046875,5.775390625,2278,0.278076171875,478,0.20983318700614575,500.5,8.7421875,21.13676279052573,0.5239050650142155,0.058349609375,0.2472854765624959,0.2629301460937512,740,751,1.0148648648648648,19,17.058700209643607,5,345,0.0,501.47945205479454,760,794,6.203125,0.27358740937499704,True
0.925,43,15492,1024,7423,928,34,962,7.515625,7.2490234375,769,0.0938720703125,209,0.2717815344603381,1375.1494140625,12.4560546875,16.747304727543522,0.6581957621735215,0.0255126953125,0.2472854765624959,0.2629301460937512,928,939,1.011853448275862,35,39.17788461538461,3,175,0.0,1380.542156862745,946,980,7.65625,0.27358740937499704,True
0.925,44,32513,1024,6076,760,34,794,6.203125,5.93359375,2116,0.25830078125,381,0.18005671077504726,789.515625,13.00390625,19.157196314835325,0.5105534684530991,0.0465087890625,0.2472854765624959,0.2629301460937512,760,771,1.0144736842105264,100,21.278947368421054,4,329,0.0,798.8774703557312,788,822,6.421875,0.27358740937499704,True
0.925,45,36099,1024,11,2,34,36,0.28125,0.0107421875,8181,0.9986572265625,3813,0.4660799413274661,20775.7470703125,126.6787109375,4.955237114355471,0.08265445976338844,0.4654541015625,0.2472854765624959,0.2629301460937512,2,10,5.0,15,2.1445435466946483,8,2076,0.0,20796.055718475072,4,38,0.296875,0.27358740937499704,True
0.925,46,39260,1024,4348,544,34,578,4.515625,4.24609375,3844,0.46923828125,834,0.2169614984391259,279.4560546875,7.1767578125,23.667668374012784,0.9171768200824096,0.101806640625,0.2472854765624959,0.2629301460937512,544,537,0.9871323529411765,260,9.450180072028811,5,634,0.0,288.47076612903226,432,466,3.640625,0.27358740937499704,True
0.925,47,46517,1024,5920,740,34,774,6.046875,5.78125,2272,0.27734375,279,0.12279929577464789,822.962890625,10.939453125,18.977001085962815,0.6104189730948961,0.0340576171875,0.2472854765624959,0.2629301460937512,740,751,1.0148648648648648,31,28.269784172661872,5,254,0.0,825.3809990205681,706,740,5.78125,0.27358740937499704,True
0.925,48,33095,1024,6718,840,34,874,6.828125,6.560546875,1474,0.179931640625,306,0.20759837177747625,701.029296875,10.76171875,19.673441928223912,0.7231394535971377,0.037353515625,0.2472854765624959,0.2629301460937512,840,851,1.013095238095238,49,26.15737704918033,3,235,0.0,705.1611001964636,836,870,6.796875,0.27358740937499704,True
0.925,49,3,1024,6181,773,34,807,6.3046875,6.0361328125,2011,0.2454833984375,278,0.13823968175037296,362.1318359375,6.4404296875,22.542136544319604,0.6738300906940478,0.033935546875,0.2472854765624959,0.2629301460937512,773,784,1.0142302716688227,233,28.67870036101083,2,246,0.0,372.68643216080403,763,797,6.2265625,0.27358740937499704,True
0.925,50,21683,1024,6334,792,34,826,6.453125,6.185546875,1858,0.226806640625,301,0.1620021528525296,1546.8369140625,17.5302734375,16.236358332424473,0.6484077632576876,0.0367431640625,0.2472854765624959,0.2629301460937512,792,803,1.0138888888888888,410,25.49,3,272,0.0,1627.9146968139773,758,792,6.1875,0.27358740937499704,True
0.925,51,13446,1024,6725,841,34,875,6.8359375,6.5673828125,1467,0.1790771484375,335,0.2283571915473756,1027.498046875,13.689453125,18.01299355849941,0.8058920335202816,0.0408935546875,0.2472854765624959,0.2629301460937512,841,852,1.0130796670630202,68,23.634730538922156,3,305,0.0,1035.5885826771653,827,861,6.7265625,0.27358740937499704,True
0.925,52,49515,1024,6249,782,34,816,6.375,6.1025390625,1943,0.2371826171875,309,0.15903242408646423,838.94921875,10.076171875,18.8934468690942,0.6950057735504486,0.0377197265625,0.2472854765624959,0.2629301460937512,782,793,1.014066496163683,177,25.899350649350648,4,234,0.0,857.3692614770459,741,775,6.0546875,0.27358740937499704,True
0.925,53,27943,1024,6778,848,34,882,6.890625,6.619140625,1414,0.172607421875,291,0.2057991513437058,1980.5185546875,18.6376953125,15.163014453769561,0.4926854389593671,0.0355224609375,0.2472854765624959,0.2629301460937512,848,859,1.0129716981132075,49,27.50689655172414,4,257,0.0,1992.1915520628684,816,850,6.640625,0.27358740937499704,True
0.925,54,29059,1024,6875,860,34,894,6.984375,6.7138671875,1317,0.1607666015625,334,0.2536066818526955,1309.0302734375,14.6826171875,16.961306704402837,0.7482136510125273,0.040771484375,0.2472854765624959,0.2629301460937512,860,871,1.0127906976744185,112,24.26126126126126,4,290,0.0,1327.1752475247524,897,931,7.2734375,0.27358740937499704,True
0.925,55,32738,1024,4294,537,34,571,4.4609375,4.193359375,3898,0.475830078125,318,0.08158029758850692,249.6494140625,4.5810546875,24.157498097826963,0.7882636841170159,0.038818359375,0.2472854765624959,0.2629301460937512,537,548,1.0204841713221602,167,25.302839116719245,4,279,0.0,254.62250996015936,492,526,4.109375,0.27358740937499704,True
0.925,56,445,1024,6834,855,34,889,6.9453125,6.673828125,1358,0.165771484375,377,0.2776141384388807,1672.9794921875,15.5947265625,15.895897435662409,0.5323604748680261,0.0460205078125,0.2472854765624959,0.2629301460937512,855,866,1.0128654970760234,72,21.43351063829787,3,326,0.0,1687.8137931034482,874,908,7.09375,0.27358740937499704,True
0.925,57,32216,1024,6393,800,34,834,6.515625,6.2431640625,1799,0.2196044921875,401,0.22290161200667039,1161.3408203125,14.5927734375,17.481206694156178,0.5211307074302217,0.0489501953125,0.2472854765624959,0.2629301460937512,800,811,1.01375,256,19.6275,3,348,0.0,1198.8034274193549,800,834,6.515625,0.27358740937499704,True
0.925,58,18250,1024,6864,858,34,892,6.96875,6.703125,1328,0.162109375,240,0.18072289156626506,559.08203125,7.171875,20.656048264957967,0.7251589462701924,0.029296875,0.2472854765624959,0.2629301460937512,858,869,1.0128205128205128,30,33.76150627615063,4,171,0.0,560.7247796278159,855,889,6.9453125,0.27358740937499704,True
0.925,59,1684,1024,6062,758,34,792,6.1875,5.919921875,2130,0.260009765625,481,0.22582159624413145,2148.365234375,20.001953125,14.809722450183216,0.5747974574788626,0.0587158203125,0.2472854765624959,0.2629301460937512,758,769,1.0145118733509235,136,16.764583333333334,4,384,0.0,2184.633565044687,727,761,5.9453125,0.27358740937499704,True
0.925,60,2899,1024,5701,713,34,747,5.8359375,5.5673828125,2491,0.3040771484375,496,0.19911682055399438,731.677734375,10.8359375,19.487605216131193,0.6287850143568706,0.060546875,0.2472854765624959,0.2629301460937512,713,724,1.0154277699859748,42,16.452525252525252,5,443,0.0,735.2679097154073,698,732,5.71875,0.27358740937499704,True
0.925,61,39428,1024,359,45,34,79,0.6171875,0.3505859375,7833,0.9561767578125,3182,0.40623005234265286,6843.6064453125,62.9150390625,9.777953342161936,0.10590801946896748,0.388427734375,0.2472854765624959,0.2629301460937512,45,56,1.2444444444444445,63,2.5548569632191134,8,1889,0.0,6890.710914454277,33,67,0.5234375,0.27358740937499704,True
0.925,62,40758,1024,6337,793,34,827,6.4609375,6.1884765625,1855,0.2264404296875,319,0.17196765498652292,1248.099609375,11.5625,17.168311136019497,0.8728274093595887,0.0389404296875,0.2472854765624959,0.2629301460937512,793,804,1.0138713745271122,25,25.62578616352201,4,261,0.0,1251.7668952007834,816,850,6.640625,0.27358740937499704,True
0.925,63,29154,1024,6893,862,34,896,7.0,6.7314453125,1299,0.1585693359375,300,0.23094688221709006,1453.572265625,15.14453125,16.506437328921827,0.579971598658502,0.03662109375,0.2472854765624959,0.2629301460937512,862,873,1.0127610208816706,42,25.842809364548494,3,275,0.0,1460.704612365064,854,888,6.9375,0.27358740937499704,True
0.925,64,43958,1024,5967,746,34,780,6.09375,5.8271484375,2225,0.2716064453125,298,0.13393258426966292,515.5,9.546875,21.00851691248375,0.40075641872696394,0.036376953125,0.2472854765624959,0.2629301460937512,746,757,1.0147453083109919,25,27.397306397306398,3,259,0.0,517.0146914789423,760,794,6.203125,0.27358740937499704,True
0.925,65,33814,1024,80,10,34,44,0.34375,0.078125,8112,0.990234375,3994,0.4923570019723866,20930.3203125,127.630859375,4.9230448614189575,0.041121952784001645,0.487548828125,0.2472854765624959,0.2629301460937512,10,19,1.9,18,2.046831955922865,8,2084,0.0,20971.279843444227,14,48,0.375,0.27358740937499704,True
0.925,66,34153,1024,6230,779,34,813,6.3515625,6.083984375,1962,0.239501953125,410,0.2089704383282365,1196.8681640625,14.3037109375,17.35034045694108,0.7219077365053512,0.050048828125,0.2472854765624959,0.2629301460937512,779,790,1.0141206675224648,52,19.880195599022006,4,334,0.0,1203.9223968565816,767,801,6.2578125,0.27358740937499704,True
0.925,67,43609,1024,6181,773,34,807,6.3046875,6.0361328125,2011,0.2454833984375,493,0.2451516658378916,1156.01953125,14.134765625,17.501151892034315,0.6275720613345546,0.0601806640625,0.2472854765624959,0.2629301460937512,773,784,1.0142302716688227,35,16.24390243902439,4,444,0.0,1160.5529411764705,727,761,5.9453125,0.27358740937499704,True
0.925,68,10762,1024,6359,795,34,829,6.4765625,6.2099609375,1833,0.2237548828125,434,0.23677032187670485,1685.951171875,16.26953125,15.862353683326415,0.611022722238277,0.052978515625,0.2472854765624959,0.2629301460937512,795,806,1.0138364779874214,256,18.31408775981524,4,309,0.0,1740.336693548387,784,818,6.390625,0.27358740937499704,True
0.925,69,17898,1024,5602,701,34,735,5.7421875,5.470703125,2590,0.316162109375,476,0.1837837837837838,1510.4921875,15.90234375,16.339618774912587,0.439457365660244,0.05810546875,0.2472854765624959,0.2629301460937512,701,712,1.0156918687589158,227,16.757894736842104,5,297,0.0,1552.9558232931727,673,707,5.5234375,0.27358740937499704,True
0.925,70,43653,1024,6468,809,34,843,6.5859375,6.31640625,1724,0.21044921875,314,0.18213457076566125,1536.921875,15.0234375,16.264285689171125,0.6148662168383345,0.038330078125,0.2472854765624959,0.2629301460937512,809,820,1.0135970333745365,97,21.47923322683706,4,276,0.0,1555.1462450592885,774,808,6.3125,0.27358740937499704,True
0.925,71,14233,1024,6787,849,34,883,6.8984375,6.6279296875,1405,0.1715087890625,254,0.1807829181494662,812.279296875,10.015625,19.03374976656744,0.690019290618631,0.031005859375,0.2472854765624959,0.2629301460937512,849,860,1.0129564193168434,90,31.972332015810277,3,205,0.0,821.0997038499506,854,888,6.9375,0.27358740937499704,True
0.925,72,39520,1024,6679,835,34,869,6.7890625,6.5224609375,1513,0.1846923828125,223,0.14738929279576998,694.7568359375,7.6337890625,19.712475322334278,0.8363363963577725,0.0272216796875,0.2472854765624959,0.2629301460937512,835,846,1.0131736526946107,31,35.3963963963964,4,197,0.0,696.7982370225269,802,836,6.53125,0.27358740937499704,True
0.925,73,18138,1024,6519,815,34,849,6.6328125,6.3662109375,1673,0.2042236328125,232,0.13867304243873282,554.29296875,7.0703125,20.693409913002437,0.815882189736375,0.0283203125,0.2472854765624959,0.2629301460937512,815,826,1.0134969325153373,20,35.29004329004329,4,177,0.0,555.3776908023483,781,815,6.3671875,0.27358740937499704,True
0.925,74,9212,1024,6298,788,34,822,6.421875,6.150390625,1894,0.231201171875,380,0.2006335797254488,913.6201171875,14.1962890625,18.523147070421736,0.6112101412951749,0.04638671875,0.2472854765624959,0.2629301460937512,788,799,1.013959390862944,12,21.567282321899736,4,323,0.0,914.5131964809384,739,773,6.0390625,0.27358740937499704,True
0.925,75,6456,1024,6835,855,34,889,6.9453125,6.6748046875,1357,0.1656494140625,224,0.16507000736919675,564.0126953125,7.7373046875,20.61791481277985,0.7916271409716769,0.02734375,0.2472854765624959,0.2629301460937512,855,866,1.0128654970760234,256,35.573991031390136,3,186,0.0,582.2066532258065,835,869,6.7890625,0.27358740937499704,True
0.925,76,22948,1024,5947,744,34,778,6.078125,5.8076171875,2245,0.2740478515625,395,0.1759465478841871,489.2900390625,9.4560546875,21.235139863591975,0.645917392035627,0.0482177734375,0.2472854765624959,0.2629301460937512,744,755,1.0147849462365592,92,19.936548223350254,4,319,0.0,494.60315893385985,721,755,5.8984375,0.27358740937499704,True
0.925,77,7591,1024,6885,861,34,895,6.9921875,6.7236328125,1307,0.1595458984375,220,0.16832440703902066,818.859375,9.96484375,18.998710353044473,0.6439825804106662,0.02685546875,0.2472854765624959,0.2629301460937512,861,872,1.0127758420441346,18,37.10958904109589,4,192,0.0,820.4618395303327,883,917,7.1640625,0.27358740937499704,True
0.925,78,29996,1024,6346,794,34,828,6.46875,6.197265625,1846,0.225341796875,344,0.18634886240520043,1989.716796875,18.197265625,15.142890946627636,0.3875292077311639,0.0419921875,0.2472854765624959,0.2629301460937512,794,805,1.013853904282116,114,23.145772594752188,4,307,0.0,2017.2970297029703,761,795,6.2109375,0.27358740937499704,True
0.925,79,10378,1024,497,63,34,97,0.7578125,0.4853515625,7695,0.9393310546875,2844,0.3695906432748538,7004.701171875,58.041015625,9.676907483230549,0.04120243982091935,0.34716796875,0.2472854765624959,0.2629301460937512,63,74,1.1746031746031746,163,2.8237776996130846,8,1786,0.0,7144.237051792828,59,93,0.7265625,0.27358740937499704,True
0.925,80,27337,1024,5016,627,34,661,5.1640625,4.8984375,3176,0.3876953125,300,0.09445843828715365,237.986328125,4.236328125,24.365283525106385,0.8432765736477424,0.03662109375,0.2472854765624959,0.2629301460937512,627,638,1.0175438596491229,39,26.37458193979933,4,248,0.0,238.91960784313724,577,611,4.7734375,0.27358740937499704,True
0.925,81,19965,1024,6352,794,34,828,6.46875,6.203125,1840,0.224609375,240,0.13043478260869565,727.23828125,8.416015625,19.51403629133021,0.6821692514931579,0.029296875,0.2472854765624959,0.2629301460937512,794,805,1.013853904282116,33,33.75313807531381,3,186,0.0,730.0901960784314,749,783,6.1171875,0.27358740937499704,True
0.925,82,24405,1024,6145,769,34,803,6.2734375,6.0009765625,2047,0.2498779296875,419,0.20468978993649242,486.92578125,7.8359375,21.256175911316447,0.74343692805692,0.0511474609375,0.2472854765624959,0.2629301460937512,769,780,1.0143042912873863,26,19.52153110047847,4,382,0.0,488.35651322233105,736,770,6.015625,0.27358740937499704,True
0.925,83,45135,1024,6703,838,34,872,6.8125,6.5458984375,1489,0.1817626953125,271,0.18200134318334452,947.0791015625,11.3232421875,18.366941073794845,0.7439350974346972,0.0330810546875,0.2472854765624959,0.2629301460937512,838,849,1.0131264916467781,74,30.0,3,221,0.0,955.4768472906404,828,862,6.734375,0.27358740937499704,True
0.925,84,11274,1024,6426,804,34,838,6.546875,6.275390625,1766,0.215576171875,255,0.14439411098527746,979.080078125,10.900390625,18.22262147036622,0.7008719414845211,0.0311279296875,0.2472854765624959,0.2629301460937512,804,815,1.013681592039801,186,31.141732283464567,3,221,0.0,1001.5764235764236,799,833,6.5078125,0.27358740937499704,True
0.925,85,1941,1024,6222,778,34,812,6.34375,6.076171875,1970,0.240478515625,353,0.17918781725888325,505.1884765625,8.8369140625,21.0962692520472,0.6262859509613594,0.0430908203125,0.2472854765624959,0.2629301460937512,778,789,1.0141388174807198,19,21.62784090909091,4,276,0.0,506.1771037181996,767,801,6.2578125,0.27358740937499704,True
0.925,86,48940,1024,6530,817,34,851,6.6484375,6.376953125,1662,0.202880859375,222,0.13357400722021662,534.97265625,7.3671875,20.847487761237296,0.7138844660573063,0.027099609375,0.2472854765624959,0.2629301460937512,817,828,1.0134638922888617,82,35.58371040723982,3,209,0.0,540.2485207100592,815,849,6.6328125,0.27358740937499704,True
0.925,87,36794,1024,6835,855,34,889,6.9453125,6.6748046875,1357,0.1656494140625,255,0.18791451731761238,556.5,7.984375,20.67615192197183,0.8737193495596919,0.0311279296875,0.2472854765624959,0.2629301460937512,855,866,1.0128654970760234,112,31.08267716535433,4,210,0.0,564.2138613861387,826,860,6.71875,0.27358740937499704,True
0.925,88,21994,1024,6817,853,34,887,6.9296875,6.6572265625,1375,0.1678466796875,217,0.15781818181818183,618.8671875,8.2265625,20.214829039716026,0.7287746551266117,0.0264892578125,0.2472854765624959,0.2629301460937512,853,864,1.0128956623681125,204,36.888888888888886,4,189,0.0,634.3543543543543,837,871,6.8046875,0.27358740937499704,True
0.925,89,49944,1024,6126,766,34,800,6.25,5.982421875,2066,0.252197265625,328,0.15876089060987417,697.7890625,10.271484375,19.693562030546477,0.6976108613230346,0.0400390625,0.2472854765624959,0.2629301460937512,766,777,1.014360313315927,173,24.214067278287462,4,276,0.0,712.3988035892323,744,778,6.078125,0.27358740937499704,True
0.925,90,43442,1024,4432,554,34,588,4.59375,4.328125,3760,0.458984375,589,0.15664893617021278,456.310546875,10.140625,21.538198539697213,0.757220457975214,0.0718994140625,0.2472854765624959,0.2629301460937512,554,565,1.01985559566787,260,13.401360544217686,3,575,0.0,471.03024193548384,433,467,3.6484375,0.27358740937499704,True
0.925,91,45096,1024,5422,678,34,712,5.5625,5.294921875,2770,0.338134765625,374,0.13501805054151625,390.830078125,6.685546875,22.21092381407029,0.7900188646030074,0.045654296875,0.2472854765624959,0.2629301460937512,678,689,1.0162241887905605,47,21.152815013404826,4,304,0.0,392.747791952895,646,680,5.3125,0.27358740937499704,True
0.925,92,42430,1024,5080,635,34,669,5.2265625,4.9609375,3112,0.3798828125,329,0.10571979434447301,236.2822265625,4.2255859375,24.39649306167984,0.7217722586068442,0.0401611328125,0.2472854765624959,0.2629301460937512,635,646,1.0173228346456693,260,24.16768292682927,5,214,0.0,243.90423387096774,577,611,4.7734375,0.27358740937499704,True
0.925,93,42255,1024,5813,727,34,761,5.9453125,5.6767578125,2379,0.2904052734375,564,0.23707440100882723,1973.1484375,21.34375,15.179206029536495,0.41469387305575334,0.06884765625,0.2472854765624959,0.2629301460937512,727,738,1.015130674002751,258,14.012433392539965,5,443,0.0,2036.7983870967741,707,741,5.7890625,0.27358740937499704,True
0.925,94,5771,1024,11,2,34,36,0.28125,0.0107421875,8181,0.9986572265625,4642,0.5674122967852341,30773.9658203125,161.4580078125,3.2489689377563016,0.028660498355079878,0.566650390625,0.2472854765624959,0.2629301460937512,2,10,5.0,23,1.7588881706528765,62,1885,0.0,30834.188845401175,4,38,0.296875,0.27358740937499704,True
0.925,95,8320,1024,6534,817,34,851,6.6484375,6.380859375,1658,0.202392578125,325,0.19601930036188178,1401.8916015625,15.3740234375,16.663659268829676,0.5940803880002309,0.0396728515625,0.2472854765624959,0.2629301460937512,817,828,1.0134638922888617,106,24.935185185185187,4,279,0.0,1419.917903066271,821,855,6.6796875,0.27358740937499704,True
0.925,96,48807,1024,6546,819,34,853,6.6640625,6.392578125,1646,0.200927734375,467,0.28371810449574725,809.2568359375,11.7431640625,19.049939842144973,0.6382713958417755,0.0570068359375,0.2472854765624959,0.2629301460937512,819,830,1.0134310134310134,18,17.530042918454935,4,341,0.0,810.8405088062623,828,862,6.734375,0.27358740937499704,True
0.925,97,2675,1024,4057,508,34,542,4.234375,3.9619140625,4135,0.5047607421875,908,0.2195888754534462,1344.51171875,16.560546875,16.84515768985957,0.5021271424937815,0.11083984375,0.2472854765624959,0.2629301460937512,508,519,1.0216535433070866,98,8.919514884233738,5,596,0.0,1360.4545454545455,500,534,4.171875,0.27358740937499704,True
0.925,98,37658,1024,5762,721,34,755,5.8984375,5.626953125,2430,0.296630859375,511,0.2102880658436214,1799.4755859375,15.2119140625,15.579344020515563,0.7702786691936031,0.0623779296875,0.2472854765624959,0.2629301460937512,721,732,1.015256588072122,58,15.870588235294118,9,365,0.0,1811.8613569321533,723,757,5.9140625,0.27358740937499704,True
0.925,99,45710,1024,6286,786,34,820,6.40625,6.138671875,1906,0.232666015625,353,0.1852046169989507,1321.171875,15.705078125,16.921210409759283,0.5823328557522268,0.0430908203125,0.2472854765624959,0.2629301460937512,786,797,1.0139949109414759,97,22.642045454545453,3,301,0.0,1336.8379446640315,783,817,6.3828125,0.27358740937499704,True
0.925,100,15813,1024,5672,709,34,743,5.8046875,5.5390625,2520,0.3076171875,285,0.1130952380952381,435.9248046875,6.3505859375,21.736687792271134,0.7003264204286861,0.0347900390625,0.2472854765624959,0.2629301460937512,709,720,1.0155148095909732,29,28.404929577464788,4,199,0.0,437.205680705191,693,727,5.6796875,0.27358740937499704,True
0.925,101,7135,1024,6611,827,34,861,6.7265625,6.4560546875,1581,0.1929931640625,225,0.14231499051233396,444.3740234375,6.4814453125,21.653316972045804,0.7329981395171665,0.0274658203125,0.2472854765624959,0.2629301460937512,827,838,1.0133010882708586,80,35.82142857142857,4,161,0.0,448.7564102564103,820,854,6.671875,0.27358740937499704,True
0.925,102,31775,1024,6160,770,34,804,6.28125,6.015625,2032,0.248046875,319,0.15698818897637795,437.3720703125,6.0576171875,21.722293144398254,0.6264208717089024,0.0389404296875,0.2472854765624959,0.2629301460937512,770,781,1.0142857142857142,197,25.10377358490566,4,224,0.0,447.869,760,794,6.203125,0.27358740937499704,True
0.925,103,31772,1024,6093,762,34,796,6.21875,5.9501953125,2099,0.2562255859375,324,0.1543592186755598,886.0693359375,10.4541015625,18.65612653611937,0.7896122432688247,0.03955078125,0.2472854765624959,0.2629301460937512,762,773,1.0144356955380578,88,25.055727554179565,4,262,0.0,895.6910167818361,750,784,6.125,0.27358740937499704,True
0.925,104,25160,1024,5546,694,34,728,5.6875,5.416015625,2646,0.322998046875,293,0.1107331821617536,548.890625,7.064453125,20.735945477316555,0.5853096152445478,0.0357666015625,0.2472854765624959,0.2629301460937512,694,705,1.015850144092219,83,27.705479452054796,5,218,0.0,554.3037475345168,663,697,5.4453125,0.27358740937499704,True
0.925,105,36108,1024,5629,704,34,738,5.765625,5.4970703125,2563,0.3128662109375,318,0.1240733515411627,676.8984375,10.369140625,19.825568492612874,0.5991059114157045,0.038818359375,0.2472854765624959,0.2629301460937512,704,715,1.015625,140,19.845425867507885,3,282,0.0,688.3257199602781,652,686,5.359375,0.27358740937499704,True
0.925,106,1260,1024,6417,803,34,837,6.5390625,6.2666015625,1775,0.2166748046875,298,0.16788732394366196,534.1328125,7.8125,20.854311027827436,0.7371545895128381,0.036376953125,0.2472854765624959,0.2629301460937512,803,814,1.0136986301369864,92,26.717171717171716,3,238,0.0,539.9328726554788,767,801,6.2578125,0.27358740937499704,True
0.925,107,37885,1024,6772,847,34,881,6.8828125,6.61328125,1420,0.17333984375,207,0.14577464788732394,1170.896484375,11.5234375,17.44561858837304,0.6253241482283753,0.0252685546875,0.2472854765624959,0.2629301460937512,847,858,1.0129870129870129,600,36.78155339805825,3,182,0.0,1263.4330874604848,835,869,6.7890625,0.27358740937499704,True
0.925,108,41535,1024,11,2,34,36,0.28125,0.0107421875,8181,0.9986572265625,3583,0.43796601882410463,19386.240234375,122.7890625,5.255867706541303,0.0897188649870212,0.4373779296875,0.2472854765624959,0.2629301460937512,2,10,5.0,127,2.2445561139028474,11,1936,0.0,19674.44003964321,4,38,0.296875,0.27358740937499704,True
0.925,109,44889,1024,5779,723,34,757,5.9140625,5.6435546875,2413,0.2945556640625,529,0.21922917530045585,2327.7041015625,22.1904296875,14.461525890250215,0.6031945973451833,0.0645751953125,0.2472854765624959,0.2629301460937512,723,734,1.0152143845089903,39,14.666666666666666,4,408,0.0,2336.8323529411764,683,717,5.6015625,0.27358740937499704,True
0.925,110,28184,1024,6268,784,34,818,6.390625,6.12109375,1924,0.23486328125,225,0.11694386694386695,465.8056640625,7.4814453125,21.44875595741526,0.6005806459040492,0.0274658203125,0.2472854765624959,0.2629301460937512,784,795,1.0140306122448979,65,35.30357142857143,2,207,0.0,469.47342519685037,770,804,6.28125,0.27358740937499704,True
0.925,111,25319,1024,6606,826,34,860,6.71875,6.451171875,1586,0.193603515625,294,0.1853720050441362,1089.91015625,12.130859375,17.756896613245452,0.680584128047979,0.035888671875,0.2472854765624959,0.2629301460937512,826,837,1.013317191283293,27,27.774744027303754,4,251,0.0,1093.1126346718902,799,833,6.5078125,0.27358740937499704,True
0.925,112,11010,1024,5926,741,34,775,6.0546875,5.787109375,2266,0.276611328125,425,0.18755516328331862,1001.576171875,12.3203125,18.123963770166302,0.482290340913585,0.0518798828125,0.2472854765624959,0.2629301460937512,741,752,1.0148448043184886,40,19.06132075471698,4,336,0.0,1006.4906771344455,705,739,5.7734375,0.27358740937499704,True
0.925,113,33880,1024,6124,766,34,800,6.25,5.98046875,2068,0.25244140625,365,0.1764990328820116,391.625,6.94921875,22.20209952978149,0.6629660910348226,0.0445556640625,0.2472854765624959,0.2629301460937512,766,777,1.014360313315927,71,22.071428571428573,4,272,0.0,394.70866141732284,756,790,6.171875,0.27358740937499704,True
0.925,114,19307,1024,5923,741,34,775,6.0546875,5.7841796875,2269,0.2769775390625,458,0.20185103569854562,940.9287109375,12.3134765625,18.395236403304374,0.5863308937671291,0.055908203125,0.2472854765624959,0.2629301460937512,741,752,1.0148448043184886,257,17.35448577680525,5,347,0.0,971.28125,701,735,5.7421875,0.27358740937499704,True
0.925,115,12236,1024,11,2,34,36,0.28125,0.0107421875,8181,0.9986572265625,2107,0.2575479770199242,6252.1591796875,45.1962890625,10.170503342623045,0.0683359819917323,0.2572021484375,0.2472854765624959,0.2629301460937512,2,10,5.0,15,3.848053181386515,8,1283,0.0,6258.270772238514,4,38,0.296875,0.27358740937499704,True
0.925,116,13805,1024,5692,712,34,746,5.828125,5.55859375,2500,0.30517578125,577,0.2308,1726.9560546875,20.4775390625,15.757990745161724,0.4998529161329724,0.0704345703125,0.2472854765624959,0.2629301460937512,712,723,1.0154494382022472,50,14.130208333333334,6,412,0.0,1737.1345776031435,675,709,5.5390625,0.27358740937499704,True
0.925,117,5814,1024,5264,658,34,692,5.40625,5.140625,2928,0.357421875,365,0.12465846994535519,796.521484375,10.330078125,19.118828664562173,0.7288842122036581,0.0445556640625,0.2472854765624959,0.2629301460937512,658,669,1.0167173252279635,15,22.25824175824176,5,306,0.0,797.3000977517106,620,654,5.109375,0.27358740937499704,True
0.925,118,48485,1024,6778,848,34,882,6.890625,6.619140625,1414,0.172607421875,264,0.1867043847241867,593.59375,8.14453125,20.39591041297077,0.8216089835870841,0.0322265625,0.2472854765624959,0.2629301460937512,848,859,1.0129716981132075,223,29.673003802281368,4,222,0.0,609.6690070210632,823,857,6.6953125,0.27358740937499704,True
0.925,119,12248,1024,300,38,34,72,0.5625,0.29296875,7892,0.96337890625,3337,0.42283324885960466,15032.146484375,96.6171875,6.360593616675527,0.04072634133840526,0.4073486328125,0.2472854765624959,0.2629301460937512,38,45,1.1842105263157894,157,2.407673860911271,9,1832,0.0,15316.33631840796,21,55,0.4296875,0.27358740937499704,True
0.925,120,458,1024,6618,828,34,862,6.734375,6.462890625,1574,0.192138671875,371,0.23570520965692504,2011.0078125,19.291015625,15.096666030911338,0.5604031934845856,0.0452880859375,0.2565109515625039,0.25238370625000073,828,839,1.0132850241545894,73,21.9027027027027,4,316,0.0,2028.839408866995,801,835,6.5234375,0.26110951249999914,True
0.925,121,319,1024,6578,823,34,857,6.6953125,6.423828125,1614,0.197021484375,164,0.10161090458488228,397.462890625,5.27734375,22.137837741625276,0.8607268439333643,0.02001953125,0.2565109515625039,0.25238370625000073,823,834,1.0133657351154313,132,48.70552147239264,3,139,0.0,403.7718253968254,794,828,6.46875,0.26110951249999914,True
0.925,122,21496,1024,6200,775,34,809,6.3203125,6.0546875,1992,0.2431640625,523,0.26255020080321284,1384.71875,17.435546875,16.717187879921028,0.6098271936911308,0.0638427734375,0.2565109515625039,0.25238370625000073,775,786,1.0141935483870967,44,15.551724137931034,4,430,0.0,1391.51324828263,761,795,6.2109375,0.26110951249999914,True
0.925,123,20390,1024,5917,740,34,774,6.046875,5.7783203125,2275,0.2777099609375,531,0.2334065934065934,1743.76953125,19.513671875,15.715912758679602,0.24164186870662946,0.0648193359375,0.2565109515625039,0.25238370625000073,740,751,1.0148648648648648,338,14.715094339622642,4,384,0.0,1818.3503054989817,723,757,5.9140625,0.26110951249999914,True
0.925,124,33691,1024,5850,732,34,766,5.984375,5.712890625,2342,0.285888671875,376,0.1605465414175918,1608.8701171875,16.1806640625,16.06559375603911,0.6818712411548894,0.0458984375,0.2565109515625039,0.25238370625000073,732,743,1.0150273224043715,178,20.696,4,296,0.0,1644.1946107784431,711,745,5.8203125,0.26110951249999914,True
0.925,125,33872,1024,7229,904,34,938,7.328125,7.0595703125,963,0.1175537109375,211,0.21910695742471442,777.6162109375,8.7021484375,19.223150551336975,0.7791191332368361,0.0257568359375,0.2565109515625039,0.25238370625000073,904,915,1.0121681415929205,296,37.57142857142857,3,170,0.0,806.7669706180344,911,945,7.3828125,0.26110951249999914,True
0.925,126,46987,1024,5352,669,34,703,5.4921875,5.2265625,2840,0.3466796875,282,0.09929577464788733,347.267578125,5.99609375,22.724161226152795,0.6642809849081706,0.034423828125,0.2565109515625039,0.25238370625000073,669,680,1.0164424514200299,479,27.259786476868328,3,239,0.0,368.49948186528496,629,663,5.1796875,0.26110951249999914,True
0.925,127,26772,1024,6523,816,34,850,6.640625,6.3701171875,1669,0.2037353515625,219,0.13121629718394248,501.79296875,6.642578125,21.12555789290813,0.6578897939738879,0.0267333984375,0.2565109515625039,0.25238370625000073,816,827,1.0134803921568627,211,33.69266055045872,3,197,0.0,514.8657314629259,801,835,6.5234375,0.26110951249999914,True
0.925,128,7057,1024,6567,821,34,855,6.6796875,6.4130859375,1625,0.1983642578125,201,0.1236923076923077,437.3740234375,6.3291015625,21.722273750624083,0.7832930397657762,0.0245361328125,0.2565109515625039,0.25238370625000073,821,832,1.0133982947624847,411,38.28,3,177,0.0,460.29907502569375,781,815,6.3671875,0.26110951249999914,True
0.925,129,30014,1024,6291,787,34,821,6.4140625,6.1435546875,1901,0.2320556640625,270,0.14203051025775906,1105.751953125,12.16796875,17.694226457173738,0.7301642201398846,0.032958984375,0.2565109515625039,0.25238370625000073,787,798,1.013977128335451,18,29.86245353159851,4,237,0.0,1107.9158512720157,763,797,6.2265625,0.26110951249999914,True
0.925,130,48237,1024,5667,709,34,743,5.8046875,5.5341796875,2525,0.3082275390625,237,0.09386138613861386,482.796875,7.87109375,21.293159104919944,0.5429746209461853,0.0289306640625,0.2565109515625039,0.25238370625000073,709,720,1.0155148095909732,81,33.978813559322035,3,215,0.0,487.55818540433927,705,739,5.7734375,0.26110951249999914,True
0.925,131,4823,1024,6468,809,34,843,6.5859375,6.31640625,1724,0.21044921875,318,0.18445475638051045,1056.2333984375,12.1025390625,17.893204649680516,0.6685769970846245,0.038818359375,0.2565109515625039,0.25238370625000073,809,820,1.0135970333745365,155,24.62776025236593,3,237,0.0,1076.2019900497512,776,810,6.328125,0.26110951249999914,True
0.925,132,26627,1024,6826,854,34,888,6.9375,6.666015625,1366,0.166748046875,297,0.21742313323572474,643.1416015625,9.3623046875,20.04773758073079,0.6938443925543616,0.0362548828125,0.2565109515625039,0.25238370625000073,854,865,1.0128805620608898,51,27.43243243243243,3,237,0.0,646.9322200392927,838,872,6.8125,0.26110951249999914,True
0.925,133,12293,1024,7273,910,34,944,7.375,7.1025390625,919,0.1121826171875,169,0.1838955386289445,763.533203125,7.7734375,19.302524332666543,0.7798003314160478,0.0206298828125,0.2565109515625039,0.25238370625000073,910,921,1.012087912087912,84,48.029761904761905,4,138,0.0,771.0631163708086,912,946,7.390625,0.26110951249999914,True
0.925,134,32803,1024,5273,660,34,694,5.421875,5.1494140625,2919,0.3563232421875,359,0.12298732442617334,403.75,8.9296875,22.069678255287513,0.5009045034511649,0.0438232421875,0.2565109515625039,0.25238370625000073,660,671,1.0166666666666666,258,21.656424581005588,5,314,0.0,416.7741935483871,657,691,5.3984375,0.26110951249999914,True
0.925,135,41882,1024,5629,704,34,738,5.765625,5.4970703125,2563,0.3128662109375,481,0.18767069840031214,1269.173828125,15.076171875,17.095592530163447,0.6271914990508701,0.0587158203125,0.2565109515625039,0.25238370625000073,704,715,1.015625,223,16.5875,5,385,0.0,1303.544633901705,651,685,5.3515625,0.26110951249999914,True
0.925,136,10235,1024,5995,750,34,784,6.125,5.8544921875,2197,0.2681884765625,327,0.14883932635411926,668.9033203125,8.1572265625,19.877170091523556,0.5617800401135677,0.0399169921875,0.2565109515625039,0.25238370625000073,750,761,1.0146666666666666,155,24.512269938650306,4,242,0.0,681.5492537313432,738,772,6.03125,0.26110951249999914,True
0.925,137,30033,1024,6443,806,34,840,6.5625,6.2919921875,1749,0.2135009765625,349,0.19954259576901087,899.154296875,11.41015625,18.592461368415762,0.6755967432092344,0.0426025390625,0.2565109515625039,0.25238370625000073,806,817,1.0136476426799008,83,23.29597701149425,4,290,0.0,908.0216962524655,824,858,6.703125,0.26110951249999914,True
0.925,138,20042,1024,6308,789,34,823,6.4296875,6.16015625,1884,0.22998046875,414,0.2197452229299363,788.6357421875,11.5205078125,19.16203904789288,0.7756384393440195,0.050537109375,0.2565109515625039,0.25238370625000073,789,800,1.0139416983523448,19,19.774818401937047,4,311,0.0,790.179060665362,790,824,6.4375,0.26110951249999914,True
0.925,139,29399,1024,6242,781,34,815,6.3671875,6.095703125,1950,0.238037109375,319,0.1635897435897436,1012.220703125,11.556640625,18.078051451041958,0.5951347320257248,0.0389404296875,0.2565109515625039,0.25238370625000073,781,792,1.0140845070422535,99,24.654088050314467,3,271,0.0,1024.2233201581028,759,793,6.1953125,0.26110951249999914,True
0.925,140,6463,1024,6986,874,34,908,7.09375,6.822265625,1206,0.147216796875,204,0.1691542288557214,546.62109375,7.736328125,20.753939740482814,0.5950053649556702,0.02490234375,0.2565109515625039,0.25238370625000073,874,885,1.0125858123569793,67,37.98029556650246,3,173,0.0,550.9251968503937,893,927,7.2421875,0.26110951249999914,True
0.925,141,25920,1024,5723,716,34,750,5.859375,5.5888671875,2469,0.3013916015625,331,0.13406237343053867,925.6484375,11.587890625,18.466342884888604,0.5052453564870821,0.0404052734375,0.2565109515625039,0.25238370625000073,716,727,1.01536312849162,91,23.945454545454545,3,283,0.0,935.6999012833169,663,697,5.4453125,0.26110951249999914,True
0.925,142,10327,1024,7528,941,34,975,7.6171875,7.3515625,664,0.0810546875,189,0.28463855421686746,904.1416015625,9.1083984375,18.568439083114278,0.7059445926852154,0.0230712890625,0.2565109515625039,0.25238370625000073,941,952,1.0116896918172158,17,42.638297872340424,3,156,0.0,905.9109589041096,973,1007,7.8671875,0.26110951249999914,True
0.925,143,3805,1024,5986,749,34,783,6.1171875,5.845703125,2206,0.269287109375,454,0.20580235720761558,819.828125,12.529296875,18.993575477378965,0.5642923016056689,0.055419921875,0.2565109515625039,0.25238370625000073,749,760,1.014686248331108,34,17.474613686534216,5,337,0.0,823.0431372549019,752,786,6.140625,0.26110951249999914,True
0.925,144,37879,1024,4667,584,34,618,4.828125,4.5576171875,3525,0.4302978515625,411,0.11659574468085106,477.1298828125,9.8759765625,21.344437434409116,0.4938789670525906,0.0501708984375,0.2565109515625039,0.25238370625000073,584,595,1.018835616438356,379,18.441463414634146,4,345,0.0,500.0829068577277,472,506,3.953125,0.26110951249999914,True
0.925,145,22721,1024,5777,723,34,757,5.9140625,5.6416015625,2415,0.2947998046875,293,0.12132505175983437,892.931640625,10.783203125,18.622621486039133,0.5595364176608911,0.0357666015625,0.2565109515625039,0.25238370625000073,723,734,1.0152143845089903,501,26.04794520547945,5,243,0.0,950.4802494802494,702,736,5.75,0.26110951249999914,True
0.925,146,43932,1024,6753,845,34,879,6.8671875,6.5947265625,1439,0.1756591796875,205,0.14246004169562196,1124.2568359375,11.6376953125,17.622148239333264,0.7504175149873,0.0250244140625,0.2565109515625039,0.25238370625000073,845,856,1.01301775147929,67,35.73039215686274,4,182,0.0,1133.109251968504,819,853,6.6640625,0.26110951249999914,True
0.925,147,47270,1024,6569,822,34,856,6.6875,6.4150390625,1623,0.1981201171875,337,0.20764017252002465,2002.3359375,19.2890625,15.11543418811945,0.6322763566599113,0.0411376953125,0.2565109515625039,0.25238370625000073,822,833,1.0133819951338199,138,23.782738095238095,3,307,0.0,2036.139026812314,822,856,6.6875,0.26110951249999914,True
0.925,148,11091,1024,5346,669,34,703,5.4921875,5.220703125,2846,0.347412109375,414,0.14546732255797612,699.986328125,10.447265625,19.679908032505892,0.4956126104655498,0.050537109375,0.2565109515625039,0.25238370625000073,669,680,1.0164424514200299,17,19.319612590799032,4,295,0.0,701.3561643835617,650,684,5.34375,0.26110951249999914,True
0.925,149,9736,1024,6484,811,34,845,6.6015625,6.33203125,1708,0.20849609375,294,0.1721311475409836,748.3935546875,9.0361328125,19.38950322253335,0.6419621883975746,0.035888671875,0.2565109515625039,0.25238370625000073,811,822,1.0135635018495683,44,27.457337883959045,5,209,0.0,752.0657507360157,792,826,6.453125,0.26110951249999914,True
0.925,150,23206,1024,5633,705,34,739,5.7734375,5.5009765625,2559,0.3123779296875,511,0.19968737788198515,1336.404296875,16.1953125,16.871424975338865,0.5268887298888365,0.0623779296875,0.2565109515625039,0.25238370625000073,705,716,1.0156028368794325,92,15.837254901960785,3,382,0.0,1350.9160908193485,694,728,5.6875,0.26110951249999914,True
0.925,151,25039,1024,6956,870,34,904,7.0625,6.79296875,1236,0.15087890625,326,0.26375404530744334,1255.5,14.904296875,17.14263643818969,0.5236326565554571,0.039794921875,0.2565109515625039,0.25238370625000073,870,881,1.0126436781609196,29,24.88,3,286,0.0,1259.1890303623898,901,935,7.3046875,0.26110951249999914,True
0.925,152,21014,1024,11,2,34,36,0.28125,0.0107421875,8181,0.9986572265625,2912,0.3559467057816893,17491.58984375,96.634765625,5.702510757466874,0.045170081610979684,0.35546875,0.2565109515625039,0.25238370625000073,2,10,5.0,87,2.750944692545517,8,1577,0.0,17664.090729783038,4,38,0.296875,0.26110951249999914,True
0.925,153,32412,1024,6912,864,34,898,7.015625,6.75,1280,0.15625,329,0.25703125,1399.205078125,14.15234375,16.67198988212568,0.6400304676421996,0.0401611328125,0.2565109515625039,0.25238370625000073,864,875,1.0127314814814814,50,24.783536585365855,4,269,0.0,1407.451866404715,860,894,6.984375,0.26110951249999914,True
0.925,154,34022,1024,4990,624,34,658,5.140625,4.873046875,3202,0.390869140625,289,0.09025608994378513,519.4482421875,6.6357421875,20.975380799125144,0.6343463481889564,0.0352783203125,0.2565109515625039,0.25238370625000073,624,635,1.017628205128205,930,25.038194444444443,4,215,0.0,585.8094713656387,585,619,4.8359375,0.26110951249999914,True
0.925,155,21369,1024,5721,716,34,750,5.859375,5.5869140625,2471,0.3016357421875,267,0.10805341966815055,674.3515625,8.05859375,19.841939927483235,0.7517547180652545,0.0325927734375,0.2565109515625039,0.25238370625000073,716,727,1.01536312849162,514,26.105263157894736,3,229,0.0,719.3083333333333,671,705,5.5078125,0.26110951249999914,True
0.925,156,41654,1024,6569,822,34,856,6.6875,6.4150390625,1623,0.1981201171875,311,0.19162045594577942,1151.2978515625,12.6728515625,17.51892666642234,0.6938174327191303,0.0379638671875,0.2565109515625039,0.25238370625000073,822,833,1.0133819951338199,192,25.767741935483873,3,250,0.0,1178.929,813,847,6.6171875,0.26110951249999914,True
0.925,157,11953,1024,11,2,34,36,0.28125,0.0107421875,8181,0.9986572265625,3910,0.4779366825571446,24389.4921875,139.6796875,4.258776028855657,0.06422202619835923,0.477294921875,0.2565109515625039,0.25238370625000073,2,10,5.0,14,2.091327705295472,8,2023,0.0,24413.333333333332,4,38,0.296875,0.26110951249999914,True
0.925,158,13700,1024,6150,769,34,803,6.2734375,6.005859375,2042,0.249267578125,302,0.14789422135161606,837.376953125,9.990234375,18.901593571051222,0.7646311117142222,0.036865234375,0.2565109515625039,0.25238370625000073,769,780,1.0143042912873863,58,26.877076411960132,4,232,0.0,843.1406096361849,741,775,6.0546875,0.26110951249999914,True
0.925,159,38205,1024,5826,729,34,763,5.9609375,5.689453125,2366,0.288818359375,545,0.23034657650042265,1727.326171875,23.0,15.757060075099112,0.5789829392190806,0.0665283203125,0.2565109515625039,0.25238370625000073,729,740,1.0150891632373114,135,13.873161764705882,3,496,0.0,1754.7440476190477,657,691,5.3984375,0.26110951249999914,True
0.925,160,40129,1024,5627,704,34,738,5.765625,5.4951171875,2565,0.3131103515625,203,0.07914230019493178,259.046875,5.30859375,23.997020033045736,0.6412058910296371,0.0247802734375,0.2565109515625039,0.25238370625000073,704,715,1.015625,81,38.90594059405941,3,174,0.0,261.6015779092702,648,682,5.328125,0.26110951249999914,True
0.925,161,17080,1024,5627,704,34,738,5.765625,5.4951171875,2565,0.3131103515625,313,0.12202729044834308,702.90234375,8.701171875,19.661853694420305,0.729046334973583,0.0382080078125,0.2565109515625039,0.25238370625000073,704,715,1.015625,515,24.41025641025641,5,233,0.0,749.7625,662,696,5.4375,0.26110951249999914,True
0.925,162,1505,1024,6596,825,34,859,6.7109375,6.44140625,1596,0.19482421875,335,0.2098997493734336,924.0263671875,11.4384765625,18.473959968332437,0.7425674282217457,0.0408935546875,0.2565109515625039,0.25238370625000073,825,836,1.0133333333333334,74,23.718562874251496,4,276,0.0,932.2197044334976,815,849,6.6328125,0.26110951249999914,True
0.925,163,36391,1024,6812,852,34,886,6.921875,6.65234375,1380,0.16845703125,231,0.1673913043478261,477.689453125,7.212890625,21.339347082388986,0.8173940231485063,0.0281982421875,0.2565109515625039,0.25238370625000073,852,863,1.0129107981220657,55,35.004347826086956,3,203,0.0,480.5049115913556,834,868,6.78125,0.26110951249999914,True
0.925,164,24660,1024,6300,788,34,822,6.421875,6.15234375,1892,0.23095703125,407,0.21511627906976744,1032.3671875,12.671875,17.992461682837085,0.5940919021535278,0.0496826171875,0.2565109515625039,0.25238370625000073,788,799,1.013959390862944,11,19.997536945812808,4,323,0.0,1033.3763440860216,799,833,6.5078125,0.26110951249999914,True
0.925,165,24061,1024,5635,705,34,739,5.7734375,5.5029296875,2557,0.3121337890625,493,0.19280406726632773,651.1630859375,10.5927734375,19.993905881944592,0.655224087471314,0.0601806640625,0.2565109515625039,0.25238370625000073,705,716,1.0156028368794325,244,16.038617886178862,4,400,0.0,670.8158953722334,655,689,5.3828125,0.26110951249999914,True
0.925,166,10964,1024,5363,671,34,705,5.5078125,5.2373046875,2829,0.3453369140625,348,0.12301166489925769,604.1484375,9.28125,20.319367042550468,0.7134281986324669,0.04248046875,0.2565109515625039,0.25238370625000073,671,682,1.0163934426229508,69,22.677233429394814,4,263,0.0,608.9055118110236,617,651,5.0859375,0.26110951249999914,True
0.925,167,20807,1024,7152,894,34,928,7.25,6.984375,1040,0.126953125,235,0.22596153846153846,843.5615234375,9.9990234375,18.869635984062732,0.7784351878661171,0.0286865234375,0.2565109515625039,0.25238370625000073,894,905,1.012304250559284,9,34.94444444444444,3,198,0.0,844.386119257087,900,934,7.296875,0.26110951249999914,True
0.925,168,33388,1024,7189,899,34,933,7.2890625,7.0205078125,1003,0.1224365234375,243,0.24227318045862412,810.4775390625,10.0810546875,19.043393772125313,0.7324674708652209,0.0296630859375,0.2565109515625039,0.25238370625000073,899,910,1.0122358175750834,63,33.33884297520661,3,219,0.0,816.0560471976402,925,959,7.4921875,0.26110951249999914,True
0.925,169,34571,1024,448,56,34,90,0.703125,0.4375,7744,0.9453125,3734,0.4821797520661157,22930.7587890625,119.2958984375,4.52661934901581,0.026510426047234317,0.455810546875,0.2565109515625039,0.25238370625000073,56,67,1.1964285714285714,93,2.1693008304312884,10,1705,0.0,23179.76011846002,52,86,0.671875,0.26110951249999914,True
0.925,170,21194,1024,6469,809,34,843,6.5859375,6.3173828125,1723,0.2103271484375,239,0.138711549622751,852.125,9.525390625,18.825770538613977,0.5080424356856305,0.0291748046875,0.2565109515625039,0.25238370625000073,809,820,1.0135970333745365,18,34.331932773109244,3,215,0.0,853.7925636007827,787,821,6.4140625,0.26110951249999914,True
0.925,171,32696,1024,6426,804,34,838,6.546875,6.275390625,1766,0.215576171875,251,0.1421291053227633,611.69921875,6.513671875,20.265424350419742,0.7370542889052506,0.0306396484375,0.2565109515625039,0.25238370625000073,804,815,1.013681592039801,74,31.392,3,215,0.0,617.1231527093596,765,799,6.2421875,0.26110951249999914,True
0.925,172,46005,1024,4778,598,34,632,4.9375,4.666015625,3414,0.416748046875,190,0.05565319273579379,143.92578125,4.130859375,26.549417653209495,0.6885093105253153,0.023193359375,0.2565109515625039,0.25238370625000073,598,609,1.0183946488294315,2684,28.814814814814813,3,167,0.0,213.90420899854863,523,557,4.3515625,0.26110951249999914,True
0.925,173,19269,1024,4924,616,34,650,5.078125,4.80859375,3268,0.39892578125,338,0.10342717258261934,676.37109375,9.591796875,19.828953221035334,0.4848831982415706,0.041259765625,0.2565109515625039,0.25238370625000073,616,627,1.0178571428571428,47,23.590504451038576,4,279,0.0,679.6898920510304,541,575,4.4921875,0.26110951249999914,True
0.925,174,5503,1024,6977,873,34,907,7.0859375,6.8134765625,1215,0.1483154296875,324,0.26666666666666666,923.1484375,10.931640625,18.47808821917824,0.7169114759471862,0.03955078125,0.2565109515625039,0.25238370625000073,873,884,1.0126002290950744,131,24.941176470588236,4,283,0.0,937.8015873015873,903,937,7.3203125,0.26110951249999914,True
0.925,175,32979,1024,6097,763,34,797,6.2265625,5.9541015625,2095,0.2557373046875,391,0.18663484486873508,788.0224609375,10.7490234375,19.16541764543082,0.7831651411377571,0.0477294921875,0.2565109515625039,0.25238370625000073,763,774,1.0144167758846658,9,20.964102564102564,3,323,0.0,788.7927663734115,729,763,5.9609375,0.26110951249999914,True
0.925,176,32764,1024,7047,881,34,915,7.1484375,6.8818359375,1145,0.1397705078125,215,0.18777292576419213,813.58203125,8.826171875,19.02679012663089,0.7753051224630315,0.0262451171875,0.2565109515625039,0.25238370625000073,881,892,1.0124858115777526,59,36.81308411214953,3,185,0.0,819.1819075712881,863,897,7.0078125,0.26110951249999914,True
0.925,177,36396,1024,5708,714,34,748,5.84375,5.57421875,2484,0.30322265625,264,0.10628019323671498,499.3681640625,6.9755859375,21.146595093017186,0.5177445141858996,0.0322265625,0.2565109515625039,0.25238370625000073,714,725,1.015406162464986,84,30.688212927756656,4,200,0.0,504.29289940828403,694,728,5.6875,0.26110951249999914,True
0.925,178,16139,1024,3944,493,34,527,4.1171875,3.8515625,4248,0.5185546875,774,0.18220338983050846,1202.26953125,13.755859375,17.33078519813103,0.5197017522935421,0.094482421875,0.2565109515625039,0.25238370625000073,493,490,0.9939148073022313,260,10.016817593790426,4,671,0.0,1241.0524193548388,484,518,4.046875,0.26110951249999914,True
0.925,179,32110,1024,11,2,34,36,0.28125,0.0107421875,8181,0.9986572265625,3196,0.39066128835105735,18629.90625,108.3125,5.42869691436516,0.08397785770620061,0.39013671875,0.2565109515625039,0.25238370625000073,2,10,5.0,14,2.5593114241001564,8,1653,0.0,18648.117302052786,4,38,0.296875,0.26110951249999914,True
0.925,180,37930,1024,6599,825,34,859,6.7109375,6.4443359375,1593,0.1944580078125,375,0.23540489642184556,1072.36328125,14.017578125,17.827384259631856,0.7099375791733717,0.0457763671875,0.2565109515625039,0.25238370625000073,825,836,1.0133333333333334,122,20.794117647058822,4,327,0.0,1088.3052527254708,780,814,6.359375,0.26110951249999914,True
0.925,181,5624,1024,6335,792,34,826,6.453125,6.1865234375,1857,0.2266845703125,399,0.2148626817447496,565.9931640625,8.8564453125,20.60269174958549,0.621313797423452,0.0487060546875,0.2565109515625039,0.25238370625000073,792,803,1.0138888888888888,16,20.42713567839196,4,290,0.0,567.100782778865,786,820,6.40625,0.26110951249999914,True
0.925,182,37946,1024,6344,793,34,827,6.4609375,6.1953125,1848,0.2255859375,268,0.14502164502164502,859.4111328125,8.9716796875,18.78879385632522,0.695120860610983,0.03271484375,0.2565109515625039,0.25238370625000073,793,804,1.0138713745271122,250,29.711610486891384,4,221,0.0,886.2406847935549,737,771,6.0234375,0.26110951249999914,True
0.925,183,6616,1024,7117,890,34,924,7.21875,6.9501953125,1075,0.1312255859375,236,0.21953488372093025,574.66796875,7.56640625,20.53663370072836,0.8135429349237194,0.02880859375,0.2565109515625039,0.25238370625000073,890,901,1.0123595505617977,18,34.47234042553192,3,208,0.0,575.7925636007827,889,923,7.2109375,0.26110951249999914,True
0.925,184,11706,1024,6616,827,34,861,6.7265625,6.4609375,1576,0.1923828125,232,0.14720812182741116,1017.697265625,10.564453125,18.05461753222443,0.7423267711860365,0.0283203125,0.2565109515625039,0.25238370625000073,827,838,1.0133010882708586,203,34.34632034632035,4,185,0.0,1043.1651651651653,795,829,6.4765625,0.26110951249999914,True
0.925,185,10558,1024,19,3,34,37,0.2890625,0.0185546875,8173,0.9976806640625,3046,0.3726905664994494,10764.251953125,72.0625,7.810965063570848,0.11452213068849885,0.371826171875,0.2565109515625039,0.25238370625000073,3,11,3.6666666666666665,14,2.6748768472906406,8,1691,0.0,10774.774193548386,6,40,0.3125,0.26110951249999914,True
0.925,186,18351,1024,11,2,34,36,0.28125,0.0107421875,8181,0.9986572265625,2574,0.3146314631463146,9704.8349609375,70.2744140625,8.260922066317915,0.038040394839714185,0.314208984375,0.2565109515625039,0.25238370625000073,2,10,5.0,71,3.1496307811892734,8,1489,0.0,9781.250984251968,4,38,0.296875,0.26110951249999914,True
0.925,187,15023,1024,11,2,34,36,0.28125,0.0107421875,8181,0.9986572265625,3852,0.47084708470847086,17648.89453125,124.361328125,5.663628530711873,0.14312015887894564,0.47021484375,0.2565109515625039,0.25238370625000073,2,10,5.0,14,2.1223058945728384,8,1955,0.0,17666.146627565984,4,38,0.296875,0.26110951249999914,True
0.925,188,9490,1024,5678,710,34,744,5.8125,5.544921875,2514,0.306884765625,481,0.1913285600636436,1045.306640625,16.74609375,17.938366514769065,0.4777536508926759,0.0587158203125,0.2565109515625039,0.25238370625000073,710,721,1.0154929577464789,191,16.477083333333333,3,410,0.0,1069.3246753246754,671,705,5.5078125,0.26110951249999914,True
0.925,189,6355,1024,6432,804,34,838,6.546875,6.28125,1760,0.21484375,233,0.13238636363636364,439.6904296875,7.6123046875,21.699333480095003,0.5308008464898977,0.0284423828125,0.2565109515625039,0.25238370625000073,804,815,1.013681592039801,442,33.0301724137931,3,205,0.0,464.6470588235294,740,774,6.046875,0.26110951249999914,True
0.925,190,8857,1024,3610,452,34,486,3.796875,3.525390625,4582,0.559326171875,603,0.13160192055870798,545.193359375,7.70703125,20.765298035151748,0.650211913988508,0.0736083984375,0.2565109515625039,0.25238370625000073,452,463,1.0243362831858407,238,13.210963455149502,4,463,0.0,561.0834170854272,419,453,3.5390625,0.26110951249999914,True
0.925,191,31811,1024,5642,706,34,740,5.78125,5.509765625,2550,0.311279296875,546,0.21411764705882352,1217.076171875,18.353515625,17.27762601052173,0.6047389440775086,0.066650390625,0.2565109515625039,0.25238370625000073,706,717,1.0155807365439093,172,14.662385321100917,4,457,0.0,1242.5583250249251,684,718,5.609375,0.26110951249999914,True
0.925,192,10400,1024,6807,851,34,885,6.9140625,6.6474609375,1385,0.1690673828125,148,0.10685920577617329,528.078125,6.21484375,20.90382183132409,0.5962979067678438,0.01806640625,0.2565109515625039,0.25238370625000073,851,862,1.0129259694477086,58,52.795918367346935,4,115,0.0,531.7128810226155,827,861,6.7265625,0.26110951249999914,True
0.925,193,275,1024,6491,812,34,846,6.609375,6.3388671875,1701,0.2076416015625,232,0.13639035861258084,852.84375,10.5859375,18.82210889757382,0.6973125462635458,0.0283203125,0.2565109515625039,0.25238370625000073,812,823,1.0135467980295567,25,35.09090909090909,3,205,0.0,855.3496571988247,774,808,6.3125,0.26110951249999914,True
0.925,194,26152,1024,11,2,34,36,0.28125,0.0107421875,8181,0.9986572265625,3706,0.4530008556411197,18343.6904296875,117.4931640625,5.495936482897765,0.05140453878207003,0.452392578125,0.2565109515625039,0.25238370625000073,2,10,5.0,287,2.1333333333333333,8,1888,0.0,18992.86046511628,4,38,0.296875,0.26110951249999914,True
0.925,195,13037,1024,11,2,34,36,0.28125,0.0107421875,8181,0.9986572265625,3115,0.38076029825204744,15930.12109375,93.841796875,6.108612837392501,0.0480518310274592,0.3802490234375,0.2565109515625039,0.25238370625000073,2,10,5.0,14,2.625883108542068,11,1497,0.0,15945.693059628544,4,38,0.296875,0.26110951249999914,True
0.925,196,41203,1024,6733,842,34,876,6.84375,6.5751953125,1459,0.1781005859375,212,0.1453050034270048,897.80078125,10.650390625,18.599003818869097,0.6153754872413418,0.02587890625,0.2565109515625039,0.25238370625000073,842,853,1.013064133016627,147,37.867298578199055,4,189,0.0,913.8648111332008,841,875,6.8359375,0.26110951249999914,True
0.925,197,43709,1024,5400,675,34,709,5.5390625,5.2734375,2792,0.3408203125,230,0.08237822349570201,263.1669921875,4.1162109375,23.92848944048272,0.7871064617319303,0.028076171875,0.2565109515625039,0.25238370625000073,675,686,1.0162962962962963,67,35.44541484716157,5,158,0.0,265.23917322834643,610,644,5.03125,0.26110951249999914,True
0.925,198,43572,1024,5840,730,34,764,5.96875,5.703125,2352,0.287109375,434,0.18452380952380953,1773.998046875,17.349609375,15.641272235186946,0.49282763683734354,0.052978515625,0.2565109515625039,0.25238370625000073,730,741,1.015068493150685,51,18.57043879907621,4,343,0.0,1784.4538310412574,718,752,5.875,0.26110951249999914,True
0.925,199,23390,1024,6438,805,34,839,6.5546875,6.287109375,1754,0.214111328125,205,0.1168757126567845,415.6328125,5.390625,21.943705348673426,0.7909112396729767,0.0250244140625,0.2565109515625039,0.25238370625000073,805,816,1.013664596273292,67,39.27450980392157,4,167,0.0,418.90551181102364,787,821,6.4140625,0.26110951249999914,True
0.95,0,712,1024,6862,858,34,892,6.96875,6.701171875,1330,0.162353515625,151,0.11353383458646617,768.2431640625,7.4873046875,19.275816563366874,0.8606103432693883,0.0184326171875,0.2565109515625039,0.25238370625000073,858,869,1.0128205128205128,34,54.07333333333333,4,117,0.0,771.2558823529412,809,843,6.5859375,0.26110951249999914,True
0.95,1,24774,1024,7098,888,34,922,7.203125,6.931640625,1094,0.133544921875,151,0.1380255941499086,397.271484375,5.60546875,22.139929677809214,0.8148358539394893,0.0184326171875,0.2565109515625039,0.25238370625000073,888,899,1.0123873873873874,418,50.94,3,129,0.0,418.5246913580247,830,864,6.75,0.26110951249999914,True
0.95,2,45142,1024,7187,899,34,933,7.2890625,7.0185546875,1005,0.1226806640625,93,0.09253731343283582,395.8125,5.1015625,22.155908554965166,0.7358531065235433,0.0113525390625,0.2565109515625039,0.25238370625000073,899,910,1.0122358175750834,34,81.46739130434783,2,89,0.0,397.36470588235295,896,930,7.265625,0.26110951249999914,True
0.95,3,27119,1024,43,6,34,40,0.3125,0.0419921875,8149,0.9947509765625,2525,0.3098539698122469,13518.123046875,72.75390625,6.821639656360374,0.07200118278710334,0.3082275390625,0.2565109515625039,0.25238370625000073,6,14,2.3333333333333335,31,3.2329635499207607,35,1201,0.0,13557.843290891284,8,42,0.328125,0.26110951249999914,True
0.95,4,21139,1024,6542,818,34,852,6.65625,6.388671875,1650,0.201416015625,171,0.10363636363636364,488.34765625,6.564453125,21.243512531381562,0.74316929072626,0.0208740234375,0.2565109515625039,0.25238370625000073,818,829,1.0134474327628362,108,45.21176470588235,4,141,0.0,494.6271018793274,738,772,6.03125,0.26110951249999914,True
0.95,5,19129,1024,6691,837,34,871,6.8046875,6.5341796875,1501,0.1832275390625,142,0.09460359760159893,395.0810546875,5.3369140625,22.16394156400203,0.8342573993160877,0.017333984375,0.2565109515625039,0.25238370625000073,837,848,1.013142174432497,20,57.858156028368796,3,128,0.0,395.85420743639924,768,802,6.265625,0.26110951249999914,True
0.95,6,6433,1024,6224,778,34,812,6.34375,6.078125,1968,0.240234375,194,0.09857723577235772,294.921875,4.70703125,23.433733745505716,0.6426864588724238,0.023681640625,0.2565109515625039,0.25238370625000073,778,789,1.0141388174807198,953,34.865284974093264,6,149,0.0,333.70165745856355,711,745,5.8203125,0.26110951249999914,True
0.95,7,38854,1024,6656,832,34,866,6.765625,6.5,1536,0.1875,201,0.130859375,1157.921875,11.568359375,17.49401102340894,0.6652053702757477,0.0245361328125,0.2565109515625039,0.25238370625000073,832,843,1.0132211538461537,48,39.845,4,186,0.0,1164.746561886051,784,818,6.390625,0.26110951249999914,True
0.95,8,22489,1024,6857,858,34,892,6.96875,6.6962890625,1335,0.1629638671875,215,0.16104868913857678,1459.90625,13.8125,16.48755393038912,0.6893742990499209,0.0262451171875,0.2565109515625039,0.25238370625000073,858,869,1.0128205128205128,60,36.88785046728972,3,184,0.0,1469.9547689282203,801,835,6.5234375,0.26110951249999914,True
0.95,9,31104,1024,6261,783,34,817,6.3828125,6.1142578125,1931,0.2357177734375,192,0.09943034697048161,331.193359375,4.728515625,22.929987405319597,0.9257721860380564,0.0234375,0.2565109515625039,0.25238370625000073,783,794,1.0140485312899106,109,42.031413612565444,4,164,0.0,335.45202769535115,700,734,5.734375,0.26110951249999914,True
0.95,10,21349,1024,6864,858,34,892,6.96875,6.703125,1328,0.162109375,149,0.11219879518072289,244.328125,4.10546875,24.25106898686699,0.7903780325729655,0.0181884765625,0.2565109515625039,0.25238370625000073,858,869,1.0128205128205128,72,52.5472972972973,4,112,0.0,246.49458128078817,821,855,6.6796875,0.26110951249999914,True
0.95,11,29116,1024,6858,858,34,892,6.96875,6.697265625,1334,0.162841796875,79,0.05922038980509745,127.9033203125,2.2041015625,27.061985421540726,0.9068062901826901,0.0096435546875,0.2565109515625039,0.25238370625000073,858,869,1.0128205128205128,140,103.17948717948718,2,70,0.0,130.06256206554121,787,821,6.4140625,0.26110951249999914,True
0.95,12,10772,1024,7348,919,34,953,7.4453125,7.17578125,844,0.10302734375,123,0.1457345971563981,554.7109375,6.23828125,20.690136317133124,0.8368438382755534,0.0150146484375,0.2565109515625039,0.25238370625000073,919,930,1.0119695321001088,24,66.82786885245902,2,114,0.0,556.3408423114594,905,939,7.3359375,0.26110951249999914,True
0.95,13,18332,1024,7388,924,34,958,7.484375,7.21484375,804,0.09814453125,68,0.0845771144278607,301.1259765625,3.5478515625,23.34332139426418,0.890927914987055,0.00830078125,0.2565109515625039,0.25238370625000073,924,935,1.0119047619047619,256,101.3731343283582,2,63,0.0,310.8397177419355,870,904,7.0625,0.26110951249999914,True
0.95,14,1003,1024,7142,893,34,927,7.2421875,6.974609375,1050,0.128173828125,205,0.19523809523809524,814.4580078125,9.1708984375,19.02211663193844,0.8273572525131316,0.0250244140625,0.2565109515625039,0.25238370625000073,893,904,1.0123180291153415,187,37.84313725490196,4,145,0.0,833.1718281718282,848,882,6.890625,0.26110951249999914,True
0.95,15,22156,1024,6937,868,34,902,7.046875,6.7744140625,1255,0.1531982421875,149,0.11872509960159362,483.134765625,6.6953125,21.290120711026667,0.8029019983285987,0.0181884765625,0.2565109515625039,0.25238370625000073,868,879,1.012672811059908,51,53.898648648648646,3,138,0.0,485.9823182711198,840,874,6.828125,0.26110951249999914,True
0.95,16,26453,1024,6268,784,34,818,6.390625,6.12109375,1924,0.23486328125,183,0.09511434511434512,585.69140625,7.1484375,20.4541150912198,0.6748064556299571,0.0223388671875,0.2565109515625039,0.25238370625000073,784,795,1.0140306122448979,938,39.16483516483517,4,167,0.0,661.2436604189636,729,763,5.9609375,0.26110951249999914,True
0.95,17,17039,1024,7056,882,34,916,7.15625,6.890625,1136,0.138671875,91,0.0801056338028169,128.8857421875,2.4150390625,27.028754841023733,0.8599905538357611,0.0111083984375,0.2565109515625039,0.25238370625000073,882,893,1.0124716553287982,116,89.7,3,83,0.0,130.67227722772276,789,823,6.4296875,0.26110951249999914,True
0.95,18,7166,1024,6747,844,34,878,6.859375,6.5888671875,1445,0.1763916015625,133,0.09204152249134948,242.177734375,3.763671875,24.289461489088477,0.8812774591340825,0.0162353515625,0.2565109515625039,0.25238370625000073,844,855,1.0130331753554502,71,61.46969696969697,4,112,0.0,244.08464566929135,784,818,6.390625,0.26110951249999914,True
0.95,19,48310,1024,6513,815,34,849,6.6328125,6.3603515625,1679,0.2049560546875,151,0.08993448481238833,309.2734375,4.419921875,23.22737739418091,0.9371362168175755,0.0184326171875,0.2565109515625039,0.25238370625000073,815,826,1.0134969325153373,55,54.126666666666665,3,134,0.0,311.09626719056973,711,745,5.8203125,0.26110951249999914,True
0.95,20,12187,1024,5801,726,34,760,5.9375,5.6650390625,2391,0.2918701171875,189,0.07904642409033877,257.466796875,4.109375,24.023591308450023,0.7603074123517158,0.0230712890625,0.2565109515625039,0.25238370625000073,726,737,1.0151515151515151,54,43.23936170212766,4,131,0.0,258.9842829076621,626,660,5.15625,0.26110951249999914,True
0.95,21,20284,1024,5151,644,34,678,5.296875,5.0302734375,3041,0.3712158203125,233,0.07661953304833936,301.892578125,4.208984375,23.332279246218214,0.7228151329676905,0.0284423828125,0.2565109515625039,0.25238370625000073,644,655,1.0170807453416149,487,32.50431034482759,4,179,0.0,320.68257261410787,625,659,5.1484375,0.26110951249999914,True
0.95,22,1052,1024,6891,862,34,896,7.0,6.7294921875,1301,0.1588134765625,116,0.08916218293620293,326.48828125,4.0,22.99212763250068,0.9043820993980447,0.01416015625,0.2565109515625039,0.25238370625000073,862,873,1.0127610208816706,34,68.9304347826087,3,103,0.0,327.7686274509804,820,854,6.671875,0.26110951249999914,True
0.95,23,13752,1024,4562,571,34,605,4.7265625,4.455078125,3630,0.443115234375,277,0.07630853994490358,239.5126953125,4.2490234375,24.337518228332314,0.7694438032956868,0.0338134765625,0.2565109515625039,0.25238370625000073,571,582,1.0192644483362523,26,29.246376811594203,4,212,0.0,240.21645445641528,535,569,4.4453125,0.26110951249999914,True
0.95,24,37139,1024,6835,855,34,889,6.9453125,6.6748046875,1357,0.1656494140625,122,0.0899042004421518,420.34765625,5.23828125,21.894717306218766,0.8311466654459054,0.014892578125,0.2565109515625039,0.25238370625000073,855,866,1.0128654970760234,209,63.900826446280995,3,106,0.0,431.2985971943888,782,816,6.375,0.26110951249999914,True
0.95,25,29727,1024,7444,931,34,965,7.5390625,7.26953125,748,0.09130859375,121,0.16176470588235295,507.96875,5.953125,21.07243365355671,0.8618692374942742,0.0147705078125,0.2565109515625039,0.25238370625000073,931,942,1.011815252416756,66,65.125,3,109,0.0,511.9685039370079,929,963,7.5234375,0.26110951249999914,True
0.95,26,41854,1024,6274,785,34,819,6.3984375,6.126953125,1918,0.234130859375,87,0.04535974973931178,180.7060546875,2.9365234375,25.561076567114142,0.8476362125317626,0.0106201171875,0.2565109515625039,0.25238370625000073,785,796,1.0140127388535032,184,88.5,3,75,0.0,184.85814185814186,730,764,5.96875,0.26110951249999914,True
0.95,27,40333,1024,7561,946,34,980,7.65625,7.3837890625,631,0.0770263671875,74,0.11727416798732171,352.2080078125,3.8916015625,22.662811349912083,0.8960572336950883,0.009033203125,0.2565109515625039,0.25238370625000073,946,957,1.0116279069767442,350,105.02739726027397,2,65,0.0,367.64627930682974,899,933,7.2890625,0.26110951249999914,True
0.95,28,33248,1024,12,2,34,36,0.28125,0.01171875,8180,0.99853515625,3277,0.40061124694376526,10005.841796875,80.859375,8.128267289292916,0.17856737380555399,0.4000244140625,0.2565109515625039,0.25238370625000073,2,10,5.0,375,2.385836385836386,8,1828,0.0,10476.464212678937,4,38,0.296875,0.26110951249999914,True
0.95,29,9680,1024,7007,876,34,910,7.109375,6.8427734375,1185,0.1446533203125,134,0.11308016877637131,807.2265625,6.734375,19.06084916562033,0.805710657863368,0.016357421875,0.2565109515625039,0.25238370625000073,876,887,1.0125570776255708,17,59.43609022556391,2,125,0.0,808.8062622309197,830,864,6.75,0.26110951249999914,True
0.95,30,16805,1024,7471,934,34,968,7.5625,7.2958984375,721,0.0880126953125,56,0.07766990291262135,154.705078125,2.169921875,26.235757914124353,0.8864840225587439,0.0068359375,0.2565109515625039,0.25238370625000073,934,945,1.011777301927195,19,147.76363636363635,2,48,0.0,155.0078277886497,886,920,7.1875,0.26110951249999914,True
0.95,31,14652,1024,6172,772,34,806,6.296875,6.02734375,2020,0.24658203125,81,0.0400990099009901,307.80078125,3.509765625,23.248106430588265,0.766901776488226,0.0098876953125,0.2565109515625039,0.25238370625000073,772,783,1.0142487046632125,396,96.775,3,66,0.0,323.2697435897436,688,722,5.640625,0.26110951249999914,True
0.95,32,15793,1024,6496,812,34,846,6.609375,6.34375,1696,0.20703125,80,0.04716981132075472,289.078125,3.201171875,23.520651317058302,0.8317983915294991,0.009765625,0.2565109515625039,0.25238370625000073,812,823,1.0135467980295567,499,90.37974683544304,3,74,0.0,307.7089397089397,742,776,6.0625,0.26110951249999914,True
0.95,33,30210,1024,5790,724,34,758,5.921875,5.654296875,2402,0.293212890625,251,0.104496253122398,368.7490234375,4.6123046875,22.46349482027499,0.9234545288935272,0.0306396484375,0.2565109515625039,0.25238370625000073,724,735,1.0151933701657458,29,31.732,5,192,0.0,369.83251714005877,606,640,5.0,0.26110951249999914,True
0.95,34,47426,1024,6865,859,34,893,6.9765625,6.7041015625,1327,0.1619873046875,179,0.13489073097211757,635.27734375,7.984375,20.101169937426423,0.777290270781423,0.0218505859375,0.2565109515625039,0.25238370625000073,859,870,1.0128055878928988,49,41.04494382022472,2,174,0.0,639.0216110019646,831,865,6.7578125,0.26110951249999914,True
0.95,35,20875,1024,6651,832,34,866,6.765625,6.4951171875,1541,0.1881103515625,117,0.07592472420506165,285.875,4.484375,23.569041832531052,0.8597657482266997,0.0142822265625,0.2565109515625039,0.25238370625000073,832,843,1.0132211538461537,155,67.04310344827586,2,104,0.0,291.27960199004974,764,798,6.234375,0.26110951249999914,True
0.95,36,4161,1024,7257,908,34,942,7.359375,7.0869140625,935,0.1141357421875,189,0.2021390374331551,711.7529296875,7.9814453125,19.607510974205418,0.8233664258156778,0.0230712890625,0.2565109515625039,0.25238370625000073,908,919,1.0121145374449338,81,42.515957446808514,3,159,0.0,718.7721893491124,873,907,7.0859375,0.26110951249999914,True
0.95,37,40340,1024,6408,801,34,835,6.5234375,6.2578125,1784,0.2177734375,183,0.10257847533632287,372.3662109375,5.1240234375,22.421100952964164,0.8296134204279811,0.0223388671875,0.2565109515625039,0.25238370625000073,801,812,1.013732833957553,205,43.62637362637363,3,143,0.0,381.68468468468467,759,793,6.1953125,0.26110951249999914,True
0.95,38,28286,1024,7190,899,34,933,7.2890625,7.021484375,1002,0.122314453125,124,0.12375249500998003,281.7275390625,4.1259765625,23.632510592200525,0.8328707278868062,0.01513671875,0.2565109515625039,0.25238370625000073,899,910,1.0122358175750834,27,61.51219512195122,2,116,0.0,282.5553379040157,852,886,6.921875,0.26110951249999914,True
0.95,39,13256,1024,7268,909,34,943,7.3671875,7.09765625,924,0.11279296875,124,0.1341991341991342,396.5888671875,4.6767578125,22.147398420901485,0.8964917507809212,0.01513671875,0.2565109515625039,0.25238370625000073,909,920,1.012101210121012,164,65.15447154471545,3,102,0.0,404.4890438247012,893,927,7.2421875,0.26110951249999914,True
0.95,40,48934,1024,7200,900,34,934,7.296875,7.03125,992,0.12109375,86,0.08669354838709678,249.34765625,3.73046875,24.162750704570044,0.9483204085104056,0.010498046875,0.2565109515625039,0.25238370625000073,900,911,1.0122222222222221,258,87.62352941176471,2,83,0.0,257.39112903225805,865,899,7.0234375,0.26110951249999914,True
0.95,41,11935,1024,6017,753,34,787,6.1484375,5.8759765625,2175,0.2655029296875,175,0.08045977011494253,347.3232421875,4.7353515625,22.72346514453096,0.7312363509090025,0.0213623046875,0.2565109515625039,0.25238370625000073,753,764,1.0146082337317397,100,45.61494252873563,4,138,0.0,351.44169960474306,696,730,5.703125,0.26110951249999914,True
0.95,42,48447,1024,6938,868,34,902,7.046875,6.775390625,1254,0.153076171875,121,0.09649122807017543,127.1279296875,2.5498046875,27.088393864222297,0.8623334200871356,0.0147705078125,0.2565109515625039,0.25238370625000073,868,879,1.012672811059908,127,66.5,4,83,0.0,129.01783944499505,836,870,6.796875,0.26110951249999914,True
0.95,43,15492,1024,7787,974,34,1008,7.875,7.6044921875,405,0.0494384765625,80,0.19753086419753085,495.5673828125,4.9814453125,21.17977646559176,0.9068443956402754,0.009765625,0.2565109515625039,0.25238370625000073,974,985,1.01129363449692,376,98.62025316455696,2,71,0.0,519.4073694984647,969,1003,7.8359375,0.26110951249999914,True
0.95,44,32513,1024,6750,844,34,878,6.859375,6.591796875,1442,0.176025390625,136,0.09431345353675451,323.3876953125,5.0048828125,23.033568696003933,0.7630827510344886,0.0166015625,0.2565109515625039,0.25238370625000073,844,855,1.0130331753554502,425,57.31111111111111,2,129,0.0,341.0391349124614,836,870,6.796875,0.26110951249999914,True
0.95,45,36099,1024,12,2,34,36,0.28125,0.01171875,8180,0.99853515625,3813,0.4661369193154034,20775.7470703125,126.6787109375,4.955237114355471,0.08265445976338844,0.4654541015625,0.2565109515625039,0.25238370625000073,2,10,5.0,15,2.1445435466946483,8,2076,0.0,20796.055718475072,4,38,0.296875,0.26110951249999914,True
0.95,46,39260,1024,5728,716,34,750,5.859375,5.59375,2464,0.30078125,113,0.04586038961038961,267.873046875,3.1796875,23.851513433490652,0.9051977204836168,0.0137939453125,0.2565109515625039,0.25238370625000073,716,727,1.01536312849162,518,57.11607142857143,3,98,0.0,285.73125,565,599,4.6796875,0.26110951249999914,True
0.95,47,46517,1024,6329,792,34,826,6.453125,6.1806640625,1863,0.2274169921875,110,0.059044551798174985,420.0625,5.0078125,21.897664481230557,0.8397136036212319,0.013427734375,0.2565109515625039,0.25238370625000073,792,803,1.0138888888888888,82,67.37614678899082,3,101,0.0,424.20512820512823,722,756,5.90625,0.26110951249999914,True
0.95,48,33095,1024,7269,909,34,943,7.3671875,7.0986328125,923,0.1126708984375,99,0.10725893824485373,343.9375,4.1328125,22.76600830712679,0.8291272322974973,0.0120849609375,0.2580591976562374,0.26644564375000357,909,920,1.012101210121012,49,81.15306122448979,2,77,0.0,345.9646365422397,871,905,7.0703125,0.2578814250000079,True
0.95,49,3,1024,6498,813,34,847,6.6171875,6.345703125,1694,0.206787109375,104,0.06139315230224321,284.0625,4.3203125,23.59666455965849,0.7127497403199871,0.0126953125,0.2580591976562374,0.26644564375000357,813,824,1.013530135301353,1257,67.12621359223301,2,90,0.0,335.5017301038062,790,824,6.4375,0.2578814250000079,True
0.95,50,21683,1024,6762,846,34,880,6.875,6.603515625,1430,0.174560546875,189,0.13216783216783218,931.81640625,11.462890625,18.4375000817799,0.7622860588973515,0.0230712890625,0.2580591976562374,0.26644564375000357,846,857,1.0130023640661938,506,40.16489361702128,2,177,0.0,992.9032258064516,783,817,6.3828125,0.2578814250000079,True
0.95,51,13446,1024,7327,916,34,950,7.421875,7.1552734375,865,0.1055908203125,145,0.1676300578034682,488.26171875,5.99609375,21.244276852984246,0.9024503062107734,0.0177001953125,0.2580591976562374,0.26644564375000357,916,927,1.012008733624454,68,54.55555555555556,4,124,0.0,492.1062992125984,863,897,7.0078125,0.2578814250000079,True
0.95,52,49515,1024,6813,852,34,886,6.921875,6.6533203125,1379,0.1683349609375,103,0.07469180565627266,256.5498046875,3.7958984375,24.039086725066888,0.9091901484121743,0.0125732421875,0.2580591976562374,0.26644564375000357,852,863,1.0129107981220657,257,77.42156862745098,3,84,0.0,264.8256048387097,777,811,6.3359375,0.2578814250000079,True
0.95,53,27943,1024,7310,914,34,948,7.40625,7.138671875,882,0.107666015625,120,0.1360544217687075,803.7548828125,7.8017578125,19.07956736587783,0.74370915398976,0.0146484375,0.2580591976562374,0.26644564375000357,914,925,1.012035010940919,49,67.03361344537815,2,111,0.0,808.4921414538311,848,882,6.890625,0.2578814250000079,True
0.95,54,29059,1024,7378,923,34,957,7.4765625,7.205078125,814,0.099365234375,156,0.19164619164619165,704.5283203125,7.6337890625,19.65181905497426,0.8301612806268516,0.01904296875,0.2580591976562374,0.26644564375000357,923,934,1.0119176598049837,265,51.13548387096774,3,139,0.0,727.9889001009082,945,979,7.6484375,0.2578814250000079,True
0.95,55,32738,1024,4781,598,34,632,4.9375,4.6689453125,3411,0.4163818359375,206,0.06039284667253005,243.0263671875,3.6337890625,24.274269658588317,0.8029891341703284,0.025146484375,0.2580591976562374,0.26644564375000357,598,609,1.0183946488294315,167,39.12682926829268,4,176,0.0,247.8675298804781,519,553,4.3203125,0.2578814250000079,True
0.95,56,445,1024,7232,904,34,938,7.328125,7.0625,960,0.1171875,178,0.18541666666666667,1014.34375,9.19921875,18.06895203277755,0.7192651787318937,0.021728515625,0.2580591976562374,0.26644564375000357,904,915,1.0121681415929205,289,44.463276836158194,4,157,0.0,1051.3036437246963,902,936,7.3125,0.2578814250000079,True
0.95,57,32216,1024,6937,868,34,902,7.046875,6.7744140625,1255,0.1531982421875,131,0.10438247011952191,481.9619140625,5.7880859375,21.30067640400877,0.738002405900063,0.0159912109375,0.2580591976562374,0.26644564375000357,868,879,1.012672811059908,512,58.1,3,111,0.0,514.0927083333333,820,854,6.671875,0.2578814250000079,True
0.95,58,18250,1024,7354,920,34,954,7.453125,7.181640625,838,0.102294921875,101,0.12052505966587113,378.9619140625,4.2666015625,22.344847956059937,0.8134636736749159,0.0123291015625,0.2580591976562374,0.26644564375000357,920,931,1.0119565217391304,472,76.27,3,77,0.0,402.1316062176166,891,925,7.2265625,0.2578814250000079,True
0.95,59,1684,1024,6619,828,34,862,6.734375,6.4638671875,1573,0.1920166015625,177,0.11252383979656706,609.5859375,6.564453125,20.28045421133143,0.820834666479276,0.0216064453125,0.2580591976562374,0.26644564375000357,828,839,1.0132850241545894,136,45.0625,4,157,0.0,619.8768619662363,762,796,6.21875,0.2578814250000079,True
0.95,60,2899,1024,6357,795,34,829,6.4765625,6.2080078125,1835,0.2239990234375,243,0.13242506811989102,294.4560546875,4.6396484375,23.440598720361784,0.8194810733815107,0.0296630859375,0.2580591976562374,0.26644564375000357,795,806,1.0138364779874214,60,33.12396694214876,4,228,0.0,296.4827925270403,756,790,6.171875,0.2578814250000079,True
0.95,61,39428,1024,6784,848,34,882,6.890625,6.625,1408,0.171875,124,0.08806818181818182,126.658203125,2.638671875,27.104470383832474,0.934551865444302,0.01513671875,0.2580591976562374,0.26644564375000357,848,859,1.0129716981132075,63,64.8130081300813,3,112,0.0,127.5299901671583,760,794,6.203125,0.2578814250000079,True
0.95,62,40758,1024,6833,855,34,889,6.9453125,6.6728515625,1359,0.1658935546875,196,0.14422369389256806,365.861328125,5.509765625,22.49763854276926,0.9467414483768066,0.02392578125,0.2580591976562374,0.26644564375000357,855,866,1.0128654970760234,25,41.86153846153846,3,169,0.0,366.9363369245837,853,887,6.9296875,0.2578814250000079,True
0.95,63,29154,1024,7236,905,34,939,7.3359375,7.06640625,956,0.11669921875,181,0.1893305439330544,912.859375,9.80078125,18.526764807765083,0.7608925448713887,0.0220947265625,0.2580591976562374,0.26644564375000357,905,916,1.0121546961325967,169,41.7,2,169,0.0,931.9720837487538,865,899,7.0234375,0.2578814250000079,True
0.95,64,43958,1024,6438,805,34,839,6.5546875,6.287109375,1754,0.214111328125,166,0.09464082098061574,422.875,6.390625,21.86868350071873,0.5638662678781058,0.020263671875,0.2580591976562374,0.26644564375000357,805,816,1.013664596273292,138,48.63030303030303,2,149,0.0,430.0139026812314,792,826,6.453125,0.2578814250000079,True
0.95,65,33814,1024,7632,954,34,988,7.71875,7.453125,560,0.068359375,51,0.09107142857142857,140.30078125,1.69921875,26.660202715101185,0.9537695146912525,0.0062255859375,0.2580591976562374,0.26644564375000357,954,965,1.0115303983228512,18,163.38,4,45,0.0,140.57534246575344,926,960,7.5,0.2578814250000079,True
0.95,66,34153,1024,6620,828,34,862,6.734375,6.46484375,1572,0.19189453125,200,0.1272264631043257,523.9921875,6.484375,20.937555489813846,0.8789550564097071,0.0244140625,0.2580591976562374,0.26644564375000357,828,839,1.0132850241545894,52,40.618090452261306,4,183,0.0,527.0805500982318,800,834,6.515625,0.2578814250000079,True
0.95,67,43609,1024,7014,877,34,911,7.1171875,6.849609375,1178,0.143798828125,132,0.11205432937181664,335.2451171875,4.6767578125,22.877178997550654,0.8960813084938322,0.01611328125,0.2580591976562374,0.26644564375000357,877,888,1.0125427594070695,131,60.274809160305345,3,121,0.0,340.56646825396825,807,841,6.5703125,0.2578814250000079,True
0.95,68,10762,1024,6658,833,34,867,6.7734375,6.501953125,1534,0.187255859375,154,0.10039113428943937,525.6259765625,5.9541015625,20.924035408478044,0.8014186529434105,0.018798828125,0.2580591976562374,0.26644564375000357,833,844,1.0132052821128452,512,48.6078431372549,4,115,0.0,560.6677083333333,791,825,6.4453125,0.2578814250000079,True
0.95,69,17898,1024,6048,756,34,790,6.171875,5.90625,2144,0.26171875,220,0.10261194029850747,570.6962890625,6.5009765625,20.566753122981332,0.7212506515811121,0.02685546875,0.2580591976562374,0.26644564375000357,756,767,1.0145502645502646,706,32.62100456621005,5,153,0.0,624.3514957264957,700,734,5.734375,0.2578814250000079,True
0.95,70,43653,1024,6974,872,34,906,7.078125,6.810546875,1218,0.148681640625,116,0.09523809523809523,596.4462890625,5.9736328125,20.375090200099667,0.8661932731738635,0.01416015625,0.2580591976562374,0.26644564375000357,872,883,1.0126146788990826,97,51.69565217391305,3,109,0.0,603.5187747035573,793,827,6.4609375,0.2578814250000079,True
0.95,71,14233,1024,7188,899,34,933,7.2890625,7.01953125,1004,0.12255859375,144,0.14342629482071714,436.5517578125,5.7568359375,21.730446195850806,0.8068004477540796,0.017578125,0.2580591976562374,0.26644564375000357,899,910,1.0122358175750834,186,55.89510489510489,2,122,0.0,446.5824175824176,876,910,7.109375,0.2578814250000079,True
0.95,72,39520,1024,7199,900,34,934,7.296875,7.0302734375,993,0.1212158203125,64,0.06445115810674723,260.876953125,2.955078125,23.966446473205725,0.9358208973600403,0.0078125,0.2580591976562374,0.26644564375000357,900,911,1.0122222222222221,103,123.58730158730158,2,58,0.0,263.9703557312253,822,856,6.6875,0.2578814250000079,True
0.95,73,18138,1024,6952,869,34,903,7.0546875,6.7890625,1240,0.1513671875,129,0.10403225806451613,292.4873046875,4.0087890625,23.469733404456733,0.9010661556254302,0.0157470703125,0.2580591976562374,0.26644564375000357,869,880,1.0126582278481013,20,63.796875,3,99,0.0,293.059686888454,794,828,6.46875,0.2578814250000079,True
0.95,74,9212,1024,7049,882,34,916,7.15625,6.8837890625,1143,0.1395263671875,119,0.10411198600174978,313.783203125,5.111328125,23.164506688616324,0.7895091817231452,0.0145263671875,0.2580591976562374,0.26644564375000357,882,893,1.0124716553287982,154,67.8135593220339,3,109,0.0,319.71542288557214,770,804,6.28125,0.2578814250000079,True
0.95,75,6456,1024,7249,907,34,941,7.3515625,7.0791015625,943,0.1151123046875,126,0.13361611876988336,500.6181640625,5.8818359375,21.135737576871968,0.8340130523374034,0.015380859375,0.2580591976562374,0.26644564375000357,907,918,1.0121278941565601,256,61.448,3,112,0.0,516.7671370967741,863,897,7.0078125,0.2578814250000079,True
0.95,76,22948,1024,6492,812,34,846,6.609375,6.33984375,1700,0.20751953125,231,0.13588235294117648,389.4326171875,6.7939453125,22.22648037537747,0.7165604759802574,0.0281982421875,0.2580591976562374,0.26644564375000357,812,823,1.0135467980295567,92,33.59130434782609,3,192,0.0,393.6614017769003,747,781,6.1015625,0.2578814250000079,True
0.95,77,7591,1024,7200,900,34,934,7.296875,7.03125,992,0.12109375,119,0.11995967741935484,328.3427734375,4.4208984375,22.967528986141893,0.834212402560019,0.0145263671875,0.2580591976562374,0.26644564375000357,900,911,1.0122222222222221,18,68.87288135593221,2,114,0.0,328.9853228962818,884,918,7.171875,0.2578814250000079,True
0.95,78,29996,1024,6874,860,34,894,6.984375,6.712890625,1318,0.160888671875,101,0.07663125948406677,167.4951171875,2.4619140625,25.890782098498768,0.9323305223044486,0.0123291015625,0.2580591976562374,0.26644564375000357,860,871,1.0127906976744185,131,79.64,3,90,0.0,170.15376984126985,782,816,6.375,0.2578814250000079,True
0.95,79,10378,1024,543,68,34,102,0.796875,0.5302734375,7649,0.9337158203125,2844,0.3718133089292718,7004.701171875,58.041015625,9.676907483230549,0.04120243982091935,0.34716796875,0.2580591976562374,0.26644564375000357,68,79,1.161764705882353,163,2.8237776996130846,8,1786,0.0,7144.237051792828,60,94,0.734375,0.2578814250000079,True
0.95,80,27337,1024,5776,722,34,756,5.90625,5.640625,2416,0.294921875,83,0.03435430463576159,74.5283203125,1.4990234375,29.40759027471188,0.9621822981720016,0.0101318359375,0.2580591976562374,0.26644564375000357,722,733,1.0152354570637119,132,95.03658536585365,3,67,0.0,75.71130952380952,634,668,5.21875,0.2578814250000079,True
0.95,81,19965,1024,6727,841,34,875,6.8359375,6.5693359375,1465,0.1788330078125,121,0.08259385665529011,331.7568359375,4.0380859375,22.922604804863788,0.8055913518062047,0.0147705078125,0.2580591976562374,0.26644564375000357,841,852,1.0130796670630202,33,67.225,3,98,0.0,333.0578431372549,767,801,6.2578125,0.2578814250000079,True
0.95,82,24405,1024,6659,833,34,867,6.7734375,6.5029296875,1533,0.1871337890625,130,0.08480104370515329,290.5791015625,4.3251953125,23.498159842247457,0.8782339936419867,0.015869140625,0.2580591976562374,0.26644564375000357,833,844,1.0132052821128452,57,63.031007751937985,4,103,0.0,292.57915437561456,786,820,6.40625,0.2578814250000079,True
0.95,83,45135,1024,7308,914,34,948,7.40625,7.13671875,884,0.10791015625,78,0.08823529411764706,347.078125,3.70703125,22.726531182456647,0.9215360119512095,0.009521484375,0.2580591976562374,0.26644564375000357,914,925,1.012035010940919,329,98.84415584415585,3,66,0.0,361.55442522889115,867,901,7.0390625,0.2578814250000079,True
0.95,84,11274,1024,6849,857,34,891,6.9609375,6.6884765625,1343,0.1639404296875,131,0.0975428145941921,485.36328125,6.0,21.27013442917513,0.7583900947272285,0.0159912109375,0.2580591976562374,0.26644564375000357,857,868,1.0128354725787632,186,57.40769230769231,2,120,0.0,496.5154845154845,815,849,6.6328125,0.2578814250000079,True
0.95,85,1941,1024,6859,858,34,892,6.96875,6.6982421875,1333,0.1627197265625,143,0.1072768192048012,369.625,5.0,22.45319023333736,0.6723518447982572,0.0174560546875,0.2580591976562374,0.26644564375000357,858,869,1.0128205128205128,51,53.063380281690144,3,121,0.0,371.803536345776,809,843,6.5859375,0.2578814250000079,True
0.95,86,48940,1024,6933,867,34,901,7.0390625,6.7705078125,1259,0.1536865234375,109,0.08657664813343924,411.2939453125,4.6474609375,21.98928044591717,0.8320427989599087,0.0133056640625,0.2580591976562374,0.26644564375000357,867,878,1.0126874279123415,82,72.79629629629629,2,107,0.0,415.3500986193294,843,877,6.8515625,0.2578814250000079,True
0.95,87,36794,1024,7400,925,34,959,7.4921875,7.2265625,792,0.0966796875,82,0.10353535353535354,264.517578125,3.599609375,23.90625823139321,0.9147734232446767,0.010009765625,0.2580591976562374,0.26644564375000357,925,936,1.011891891891892,257,91.5679012345679,2,75,0.0,273.05040322580646,862,896,7.0,0.2578814250000079,True
0.95,88,21994,1024,7125,891,34,925,7.2265625,6.9580078125,1067,0.1302490234375,147,0.13776944704779756,409.677734375,5.626953125,22.00637999796981,0.8195401569574731,0.0179443359375,0.2580591976562374,0.26644564375000357,891,902,1.0123456790123457,258,54.205479452054796,4,127,0.0,422.8931451612903,844,878,6.859375,0.2578814250000079,True
0.95,89,49944,1024,6654,832,34,866,6.765625,6.498046875,1538,0.187744140625,157,0.10208062418725618,319.8359375,5.228515625,23.08153100391198,0.8633365664696719,0.0191650390625,0.2580591976562374,0.26644564375000357,832,843,1.0132211538461537,173,47.30769230769231,4,139,0.0,326.53240279162515,772,806,6.296875,0.2578814250000079,True
0.95,90,43442,1024,4885,611,34,645,5.0390625,4.7705078125,3307,0.4036865234375,427,0.12912004838221952,403.990234375,8.06640625,22.067094937976766,0.732746692429983,0.0521240234375,0.2580591976562374,0.26644564375000357,611,622,1.0180032733224222,647,16.704225352112676,2,424,0.0,438.22669491525426,434,468,3.65625,0.2578814250000079,True
0.95,91,45096,1024,5926,741,34,775,6.0546875,5.787109375,2266,0.276611328125,196,0.08649602824360106,330.7724609375,4.9228515625,22.935510164588194,0.8437833686748735,0.02392578125,0.2580591976562374,0.26644564375000357,741,752,1.0148448043184886,47,40.46153846153846,3,156,0.0,332.3954857703631,682,716,5.59375,0.2578814250000079,True
0.95,92,42430,1024,5662,708,34,742,5.796875,5.529296875,2530,0.308837890625,119,0.04703557312252964,49.6982421875,1.5322265625,31.16739332733564,0.8921181585806559,0.0145263671875,0.2580591976562374,0.26644564375000357,708,719,1.015536723163842,260,67.1864406779661,4,82,0.0,51.301411290322584,603,637,4.9765625,0.2578814250000079,True
0.95,93,42255,1024,6231,779,34,813,6.3515625,6.0849609375,1961,0.2393798828125,345,0.17593064762876084,809.7685546875,9.5263671875,19.047194528351888,0.8297559942671878,0.0421142578125,0.2580591976562374,0.26644564375000357,779,790,1.0141206675224648,258,22.828488372093023,4,296,0.0,835.890120967742,717,751,5.8671875,0.2578814250000079,True
0.95,94,5771,1024,12,2,34,36,0.28125,0.01171875,8180,0.99853515625,4642,0.5674816625916871,30773.9658203125,161.4580078125,3.2489689377563016,0.028660498355079878,0.566650390625,0.2580591976562374,0.26644564375000357,2,10,5.0,23,1.7588881706528765,62,1885,0.0,30834.188845401175,4,38,0.296875,0.2578814250000079,True
0.95,95,8320,1024,7081,886,34,920,7.1875,6.9150390625,1111,0.1356201171875,187,0.16831683168316833,880.4921875,9.607421875,18.683548539895916,0.6755463627370106,0.0228271484375,0.2580591976562374,0.26644564375000357,886,897,1.012415349887133,169,41.89247311827957,3,173,0.0,898.9272183449651,877,911,7.1171875,0.2578814250000079,True
0.95,96,48807,1024,7016,877,34,911,7.1171875,6.8515625,1176,0.1435546875,197,0.16751700680272108,533.4541015625,6.5205078125,20.859833022351573,0.7871472796644258,0.0240478515625,0.2580591976562374,0.26644564375000357,877,888,1.0125427594070695,19,41.142857142857146,3,151,0.0,534.4980430528376,843,877,6.8515625,0.2578814250000079,True
0.95,97,2675,1024,5099,638,34,672,5.25,4.9794921875,3093,0.3775634765625,343,0.1108955706433883,1186.759765625,12.8046875,17.387175467344328,0.5869222877766297,0.0418701171875,0.2580591976562374,0.26644564375000357,638,649,1.0172413793103448,98,23.63157894736842,4,288,0.0,1200.8320158102767,575,609,4.7578125,0.2578814250000079,True
0.95,98,37658,1024,6811,852,34,886,6.921875,6.6513671875,1381,0.1685791015625,153,0.11078928312816799,448.6435546875,5.0849609375,21.61178927906643,0.9264426198086159,0.0186767578125,0.2580591976562374,0.26644564375000357,852,863,1.0129107981220657,58,53.31578947368421,3,132,0.0,451.7315634218289,821,855,6.6796875,0.2578814250000079,True
0.95,99,45710,1024,6848,856,34,890,6.953125,6.6875,1344,0.1640625,174,0.12946428571428573,844.05859375,8.662109375,18.867077648832183,0.7870864430919242,0.021240234375,0.2580591976562374,0.26644564375000357,856,867,1.0128504672897196,97,45.83815028901734,3,155,0.0,854.0671936758894,807,841,6.5703125,0.2578814250000079,True
0.95,100,15813,1024,6247,781,34,815,6.3671875,6.1005859375,1945,0.2374267578125,128,0.06580976863753213,168.822265625,2.603515625,25.85650636585514,0.8714103328999498,0.015625,0.2580591976562374,0.26644564375000357,781,792,1.0140845070422535,29,63.58267716535433,4,85,0.0,169.3183153770813,711,745,5.8203125,0.2578814250000079,True
0.95,101,7135,1024,7017,878,34,912,7.125,6.8525390625,1175,0.1434326171875,107,0.09106382978723404,339.28125,4.125,22.825205013599547,0.8116479695967473,0.0130615234375,0.2580591976562374,0.26644564375000357,878,889,1.0125284738041003,80,75.69811320754717,3,78,0.0,342.62721893491124,837,871,6.8046875,0.2578814250000079,True
0.95,102,31775,1024,6841,856,34,890,6.953125,6.6806640625,1351,0.1649169921875,89,0.06587712805329386,231.5078125,2.8359375,24.485147094949745,0.7941041931946267,0.0108642578125,0.2580591976562374,0.26644564375000357,856,867,1.0128504672897196,257,90.02272727272727,4,69,0.0,238.9758064516129,795,829,6.4765625,0.2578814250000079,True
0.95,103,31772,1024,6477,810,34,844,6.59375,6.3251953125,1715,0.2093505859375,181,0.1055393586005831,483.716796875,5.640625,21.28489192513009,0.8849160390049863,0.0220947265625,0.2580591976562374,0.26644564375000357,810,821,1.0135802469135802,88,44.95,3,154,0.0,488.96939782823296,756,790,6.171875,0.2578814250000079,True
0.95,104,25160,1024,5992,749,34,783,6.1171875,5.8515625,2200,0.2685546875,105,0.04772727272727273,221.9208984375,3.0634765625,24.66882158912048,0.853686255250889,0.0128173828125,0.2580591976562374,0.26644564375000357,749,760,1.014686248331108,235,76.25961538461539,4,83,0.0,228.3889447236181,675,709,5.5390625,0.2578814250000079,True
0.95,105,36108,1024,6163,771,34,805,6.2890625,6.0185546875,2029,0.2476806640625,132,0.06505667816658453,298.40625,4.6328125,23.382724458471507,0.7951833917995423,0.01611328125,0.2580591976562374,0.26644564375000357,771,782,1.014267185473411,618,43.213740458015266,4,119,0.0,322.6694825765575,684,718,5.609375,0.2578814250000079,True
0.95,106,1260,1024,6978,873,34,907,7.0859375,6.814453125,1214,0.148193359375,129,0.10626029654036244,176.4345703125,2.9482421875,25.664966767558944,0.9267661625757427,0.0157470703125,0.2580591976562374,0.26644564375000357,873,884,1.0126002290950744,116,60.515625,3,112,0.0,178.88019801980198,796,830,6.484375,0.2578814250000079,True
0.95,107,37885,1024,7151,894,34,928,7.25,6.9833984375,1041,0.1270751953125,113,0.10854947166186359,838.1259765625,7.6728515625,18.897710596433527,0.6967128325388665,0.0137939453125,0.2580591976562374,0.26644564375000357,894,905,1.012304250559284,600,67.58035714285714,3,101,0.0,904.3635405690201,856,890,6.953125,0.2578814250000079,True
0.95,108,41535,1024,12,2,34,36,0.28125,0.01171875,8180,0.99853515625,3583,0.4380195599022005,19386.240234375,122.7890625,5.255867706541303,0.0897188649870212,0.4373779296875,0.2580591976562374,0.26644564375000357,2,10,5.0,127,2.2445561139028474,11,1936,0.0,19674.44003964321,4,38,0.296875,0.2578814250000079,True
0.95,109,44889,1024,6427,804,34,838,6.546875,6.2763671875,1765,0.2154541015625,210,0.11898016997167139,476.5,6.41796875,21.35017455893565,0.8287697768850061,0.025634765625,0.2580591976562374,0.26644564375000357,804,815,1.013681592039801,39,35.344497607655505,3,152,0.0,478.3686274509804,751,785,6.1328125,0.2578814250000079,True
0.95,110,28184,1024,6695,837,34,871,6.8046875,6.5380859375,1497,0.1827392578125,111,0.07414829659318638,211.3212890625,3.7822265625,24.8813710964317,0.7225742885517239,0.0135498046875,0.2580591976562374,0.26644564375000357,837,848,1.013142174432497,104,71.44545454545455,2,105,0.0,214.03857566765578,791,825,6.4453125,0.2578814250000079,True
0.95,111,25319,1024,7076,885,34,919,7.1796875,6.91015625,1116,0.13623046875,146,0.13082437275985664,603.833984375,6.609375,20.321628089691824,0.8322831807820268,0.017822265625,0.2580591976562374,0.26644564375000357,885,896,1.0124293785310734,27,54.0551724137931,3,128,0.0,605.6082272282076,823,857,6.6953125,0.2578814250000079,True
0.95,112,11010,1024,6614,827,34,861,6.7265625,6.458984375,1578,0.192626953125,125,0.07921419518377694,287.4794921875,3.8779296875,23.54473491833476,0.888721408960078,0.0152587890625,0.2580591976562374,0.26644564375000357,827,838,1.0133010882708586,196,63.91935483870968,4,102,0.0,294.379,736,770,6.015625,0.2578814250000079,True
0.95,113,33880,1024,6811,852,34,886,6.921875,6.6513671875,1381,0.1685791015625,136,0.09847936278059377,125.181640625,2.701171875,27.1553972176922,0.8807930232360388,0.0166015625,0.2580591976562374,0.26644564375000357,852,863,1.0129107981220657,100,58.111111111111114,3,113,0.0,126.66600790513834,805,839,6.5546875,0.2578814250000079,True
0.95,114,19307,1024,6414,802,34,836,6.53125,6.263671875,1778,0.217041015625,243,0.13667041619797526,399.9970703125,6.8037109375,22.11023550419384,0.7889757301082857,0.0296630859375,0.2580591976562374,0.26644564375000357,802,813,1.013715710723192,257,32.396694214876035,3,188,0.0,412.90020161290323,709,743,5.8046875,0.2578814250000079,True
0.95,115,12236,1024,12,2,34,36,0.28125,0.01171875,8180,0.99853515625,2107,0.2575794621026895,6252.1591796875,45.1962890625,10.170503342623045,0.0683359819917323,0.2572021484375,0.2580591976562374,0.26644564375000357,2,10,5.0,15,3.848053181386515,8,1283,0.0,6258.270772238514,4,38,0.296875,0.2578814250000079,True
0.95,116,13805,1024,6737,843,34,877,6.8515625,6.5791015625,1455,0.1776123046875,151,0.10378006872852234,622.1103515625,6.7314453125,20.192129330518917,0.7522287602666564,0.0184326171875,0.2580591976562374,0.26644564375000357,843,854,1.0130486358244366,90,53.013333333333335,3,117,0.0,628.8657453109575,752,786,6.140625,0.2578814250000079,True
0.95,117,5814,1024,5763,721,34,755,5.8984375,5.6279296875,2429,0.2965087890625,212,0.08727871552079045,628.486328125,8.05078125,20.147845262356743,0.7980121539707448,0.02587890625,0.2580591976562374,0.26644564375000357,721,732,1.015256588072122,15,37.93838862559242,3,190,0.0,629.1006842619746,645,679,5.3046875,0.2578814250000079,True
0.95,118,48485,1024,7261,908,34,942,7.359375,7.0908203125,931,0.1136474609375,79,0.08485499462943072,179.970703125,2.697265625,25.578785474684963,0.947433801847088,0.0096435546875,0.2580591976562374,0.26644564375000357,908,919,1.0121145374449338,257,98.17948717948718,2,73,0.0,185.77620967741936,850,884,6.90625,0.2578814250000079,True
0.95,119,12248,1024,353,45,34,79,0.6171875,0.3447265625,7839,0.9569091796875,3336,0.4255644852659778,15032.1533203125,96.6181640625,6.360591641701917,0.04072626513384771,0.4072265625,0.2580591976562374,0.26644564375000357,45,56,1.2444444444444445,157,2.4083958020989504,9,1831,0.0,15316.34328358209,22,56,0.4375,0.2578814250000079,True
0.95,120,458,1024,7158,895,34,929,7.2578125,6.990234375,1034,0.126220703125,178,0.172147001934236,866.97265625,8.755859375,18.75074960539343,0.7226420233826822,0.021728515625,0.2580591976562374,0.26644564375000357,895,906,1.012290502793296,73,45.78531073446328,4,147,0.0,874.6600985221675,837,871,6.8046875,0.2578814250000079,True
0.95,121,319,1024,7102,888,34,922,7.203125,6.935546875,1090,0.133056640625,63,0.05779816513761468,210.1923828125,2.5107421875,24.904633873414316,0.963496562468263,0.0076904296875,0.2580591976562374,0.26644564375000357,888,899,1.0123873873873874,132,125.53225806451613,3,57,0.0,213.52876984126985,816,850,6.640625,0.2578814250000079,True
0.95,122,21496,1024,6755,845,34,879,6.8671875,6.5966796875,1437,0.1754150390625,241,0.1677105080027836,905.517578125,10.53125,18.561834755070745,0.8464747051143172,0.0294189453125,0.2580591976562374,0.26644564375000357,845,856,1.01301775147929,44,33.05,3,207,0.0,909.9607458292444,808,842,6.578125,0.2578814250000079,True
0.95,123,20390,1024,6488,811,34,845,6.6015625,6.3359375,1704,0.2080078125,164,0.09624413145539906,660.7109375,7.16015625,19.930688646293234,0.7184904671849918,0.02001953125,0.2580591976562374,0.26644564375000357,811,822,1.0135635018495683,338,47.84662576687116,4,133,0.0,688.969450101833,749,783,6.1171875,0.2578814250000079,True
0.95,124,33691,1024,6395,800,34,834,6.515625,6.2451171875,1797,0.2193603515625,156,0.08681135225375626,983.849609375,9.05078125,18.201516433412714,0.9003713896180767,0.01904296875,0.2580591976562374,0.26644564375000357,800,811,1.01375,178,50.25806451612903,3,139,0.0,1005.4510978043912,742,776,6.0625,0.2578814250000079,True
0.95,125,33872,1024,7561,946,34,980,7.65625,7.3837890625,631,0.0770263671875,117,0.18541996830427893,460.025390625,5.25,21.502985580906582,0.8544453009091197,0.0142822265625,0.2580591976562374,0.26644564375000357,946,957,1.0116279069767442,423,65.95689655172414,3,96,0.0,484.6358024691358,923,957,7.4765625,0.2578814250000079,True
0.95,126,46987,1024,5955,745,34,779,6.0859375,5.8154296875,2237,0.2730712890625,109,0.048725972284309346,155.9521484375,2.6572265625,26.200889987794035,0.8788733814247144,0.0133056640625,0.2580591976562374,0.26644564375000357,745,756,1.014765100671141,1284,61.98148148148148,3,86,0.0,184.83217592592592,647,681,5.3203125,0.2578814250000079,True
0.95,127,26772,1024,6934,867,34,901,7.0390625,6.771484375,1258,0.153564453125,75,0.05961844197138315,419.4443359375,4.2802734375,21.904060266905738,0.741379389999195,0.0091552734375,0.2580591976562374,0.26644564375000357,867,878,1.0126874279123415,1593,77.62162162162163,2,72,0.0,520.619393939394,816,850,6.640625,0.2578814250000079,True
0.95,128,7057,1024,6970,872,34,906,7.078125,6.806640625,1222,0.149169921875,104,0.0851063829787234,263.20703125,3.9453125,23.92782874131583,0.8273731054781224,0.0126953125,0.2580591976562374,0.26644564375000357,872,883,1.0126146788990826,602,70.84466019417475,2,97,0.0,284.00842992623814,797,831,6.4921875,0.2578814250000079,True
0.95,129,30014,1024,6778,848,34,882,6.890625,6.619140625,1414,0.172607421875,111,0.0785007072135785,247.6435546875,3.7880859375,24.192533315984114,0.9241115663160511,0.0135498046875,0.2580591976562374,0.26644564375000357,848,859,1.0129716981132075,18,72.14545454545454,3,103,0.0,248.12818003913895,780,814,6.359375,0.2578814250000079,True
0.95,130,48237,1024,6045,756,34,790,6.171875,5.9033203125,2147,0.2620849609375,168,0.07824871914299023,433.28125,6.453125,21.763104652739358,0.6238402239978728,0.0205078125,0.2580591976562374,0.26644564375000357,756,767,1.0145502645502646,81,48.01796407185629,3,155,0.0,437.55424063116374,733,767,5.9921875,0.2578814250000079,True
0.95,131,4823,1024,6907,864,34,898,7.015625,6.7451171875,1285,0.1568603515625,150,0.11673151750972763,670.9912109375,7.0400390625,19.863635293223815,0.7694713602732897,0.018310546875,0.2580591976562374,0.26644564375000357,864,875,1.0127314814814814,155,49.76510067114094,3,126,0.0,683.6766169154229,801,835,6.5234375,0.2578814250000079,True
0.95,132,26627,1024,7389,924,34,958,7.484375,7.2158203125,803,0.0980224609375,105,0.1307596513075965,235.9423828125,3.8251953125,24.40274399769141,0.8528875335020639,0.0128173828125,0.2580591976562374,0.26644564375000357,924,935,1.0119047619047619,51,77.90384615384616,3,86,0.0,237.33300589390961,868,902,7.046875,0.2578814250000079,True
0.95,133,12293,1024,7644,956,34,990,7.734375,7.46484375,548,0.06689453125,75,0.13686131386861314,290.7626953125,3.2412109375,23.49541674840434,0.9331592478887208,0.0091552734375,0.2580591976562374,0.26644564375000357,956,967,1.0115062761506277,84,109.04054054054055,3,63,0.0,293.6301775147929,936,970,7.578125,0.2578814250000079,True
0.95,134,32803,1024,5807,726,34,760,5.9375,5.6708984375,2385,0.2911376953125,173,0.07253668763102725,216.703125,4.70703125,24.772151866940533,0.6900498556505075,0.0211181640625,0.2580591976562374,0.26644564375000357,726,737,1.0151515151515151,258,45.075581395348834,5,156,0.0,223.69354838709677,686,720,5.625,0.2578814250000079,True
0.95,135,41882,1024,6415,802,34,836,6.53125,6.2646484375,1777,0.2169189453125,178,0.10016882386043895,572.607421875,6.970703125,20.55223388019794,0.7658888233642528,0.021728515625,0.2580591976562374,0.26644564375000357,802,813,1.013715710723192,257,43.57627118644068,3,145,0.0,591.078629032258,701,735,5.7421875,0.2578814250000079,True
0.95,136,10235,1024,6628,829,34,863,6.7421875,6.47265625,1564,0.19091796875,151,0.09654731457800511,751.419921875,7.33984375,19.371976558396543,0.6207432267302001,0.0184326171875,0.2580591976562374,0.26644564375000357,829,840,1.0132689987937273,514,50.88,3,125,0.0,801.5145833333333,768,802,6.265625,0.2578814250000079,True
0.95,137,30033,1024,6960,870,34,904,7.0625,6.796875,1232,0.150390625,158,0.12824675324675325,322.7001953125,5.0361328125,23.042811326096036,0.8606786484670038,0.019287109375,0.2580591976562374,0.26644564375000357,870,881,1.0126436781609196,83,51.47133757961783,3,139,0.0,325.8826429980276,870,904,7.0625,0.2578814250000079,True
0.95,138,20042,1024,7063,883,34,917,7.1640625,6.8974609375,1129,0.1378173828125,86,0.07617360496014172,373.015625,4.37890625,22.41353336809481,0.8669730342014803,0.010498046875,0.2580591976562374,0.26644564375000357,883,894,1.0124575311438277,33,94.70588235294117,3,73,0.0,374.47843137254904,844,878,6.859375,0.2578814250000079,True
0.95,139,29399,1024,6885,861,34,895,6.9921875,6.7236328125,1307,0.1595458984375,86,0.06579954093343535,206.1357421875,2.9013671875,24.98927059583709,0.8883940841330485,0.010498046875,0.2580591976562374,0.26644564375000357,861,872,1.0127758420441346,353,81.23529411764706,3,67,0.0,215.39081632653063,780,814,6.359375,0.2578814250000079,True
0.95,140,6463,1024,7385,924,34,958,7.484375,7.2119140625,807,0.0985107421875,78,0.09665427509293681,272.13671875,3.568359375,23.78293216829311,0.7761696762002478,0.009521484375,0.2580591976562374,0.26644564375000357,924,935,1.0119047619047619,67,100.12987012987013,2,70,0.0,274.2795275590551,920,954,7.453125,0.2578814250000079,True
0.95,141,25920,1024,6083,761,34,795,6.2109375,5.9404296875,2109,0.2574462890625,236,0.1119013750592698,920.9375,10.1640625,18.488502033378914,0.6349095405291066,0.02880859375,0.2580591976562374,0.26644564375000357,761,772,1.014454664914586,91,33.361702127659576,3,209,0.0,930.9378084896348,674,708,5.53125,0.2578814250000079,True
0.95,142,10327,1024,7853,982,34,1016,7.9375,7.6689453125,339,0.0413818359375,67,0.1976401179941003,408.7255859375,3.9287109375,22.016485357727426,0.8961371282863415,0.0081787109375,0.2580591976562374,0.26644564375000357,982,993,1.0112016293279023,133,119.6969696969697,2,62,0.0,415.2132936507937,999,1033,8.0703125,0.2578814250000079,True
0.95,143,3805,1024,6651,832,34,866,6.765625,6.4951171875,1541,0.1881103515625,119,0.07722258273848151,269.408203125,4.099609375,23.82669545584568,0.8113733805645287,0.0145263671875,0.2580591976562374,0.26644564375000357,832,843,1.0132211538461537,579,62.29661016949152,3,108,0.0,289.78361344537814,786,820,6.40625,0.2578814250000079,True
0.95,144,37879,1024,4890,612,34,646,5.046875,4.775390625,3302,0.403076171875,124,0.03755299818291944,103.9892578125,2.1572265625,27.9609188227788,0.9296960969857091,0.01513671875,0.2580591976562374,0.26644564375000357,612,623,1.0179738562091503,379,62.71544715447155,4,105,0.0,108.99181166837256,473,507,3.9609375,0.2578814250000079,True
0.95,145,22721,1024,6250,782,34,816,6.375,6.103515625,1942,0.237060546875,97,0.049948506694129764,226.765625,3.18359375,24.5750313959007,0.9128369874294665,0.0118408203125,0.2580591976562374,0.26644564375000357,782,793,1.014066496163683,501,79.22916666666667,4,82,0.0,241.3804573804574,722,756,5.90625,0.2578814250000079,True
0.95,146,43932,1024,7194,900,34,934,7.296875,7.025390625,998,0.121826171875,71,0.07114228456913828,314.5166015625,3.6376953125,23.154367865184362,0.9397579128602817,0.0086669921875,0.2580591976562374,0.26644564375000357,900,911,1.0122222222222221,120,103.37142857142857,2,63,0.0,319.19226957383546,833,867,6.7734375,0.2578814250000079,True
0.95,147,47270,1024,7121,891,34,925,7.2265625,6.9541015625,1071,0.1307373046875,97,0.09056956115779645,711.625,6.75,19.608291640483063,0.8038368502245978,0.0118408203125,0.2580591976562374,0.26644564375000357,891,902,1.0123456790123457,210,76.39583333333333,3,88,0.0,730.1643286573146,855,889,6.9453125,0.2578814250000079,True
0.95,148,11091,1024,5886,736,34,770,6.015625,5.748046875,2306,0.281494140625,245,0.106244579358196,496.291015625,7.150390625,21.173439476488326,0.6161852954996612,0.0299072265625,0.2580591976562374,0.26644564375000357,736,747,1.014945652173913,17,32.635245901639344,4,177,0.0,497.26223091976516,675,709,5.5390625,0.2578814250000079,True
0.95,149,9736,1024,7031,879,34,913,7.1328125,6.8662109375,1161,0.1417236328125,105,0.09043927648578812,277.4775390625,3.5712890625,23.698525267642015,0.8112332349867297,0.0128173828125,0.2580591976562374,0.26644564375000357,879,890,1.012514220705347,44,75.89423076923077,4,86,0.0,278.8390578999019,815,849,6.6328125,0.2578814250000079,True
0.95,150,23206,1024,6187,774,34,808,6.3125,6.0419921875,2005,0.2447509765625,245,0.12219451371571072,644.05078125,8.185546875,20.04160249490717,0.7191923171436108,0.0299072265625,0.2580591976562374,0.26644564375000357,774,785,1.0142118863049097,92,33.16803278688525,3,185,0.0,651.0444225074037,715,749,5.8515625,0.2578814250000079,True
0.95,151,25039,1024,7386,924,34,958,7.484375,7.212890625,806,0.098388671875,165,0.20471464019851116,732.4404296875,8.3388671875,19.483080521285054,0.6362669741272058,0.0201416015625,0.2580591976562374,0.26644564375000357,924,935,1.0119047619047619,243,48.0,3,140,0.0,754.546277665996,934,968,7.5625,0.2578814250000079,True
0.95,152,21014,1024,12,2,34,36,0.28125,0.01171875,8180,0.99853515625,2912,0.35599022004889974,17491.58984375,96.634765625,5.702510757466874,0.045170081610979684,0.35546875,0.2580591976562374,0.26644564375000357,2,10,5.0,87,2.750944692545517,8,1577,0.0,17664.090729783038,4,38,0.296875,0.2578814250000079,True
0.95,153,32412,1024,7292,912,34,946,7.390625,7.12109375,900,0.10986328125,172,0.19111111111111112,733.2763671875,7.3623046875,19.478126725523104,0.7584676334138921,0.02099609375,0.2580591976562374,0.26644564375000357,912,923,1.0120614035087718,50,47.538011695906434,3,142,0.0,737.5982318271119,867,901,7.0390625,0.2578814250000079,True
0.95,154,34022,1024,5489,687,34,721,5.6328125,5.3603515625,2703,0.3299560546875,118,0.0436551979282279,222.1259765625,2.9150390625,24.664810107027336,0.846060743299327,0.014404296875,0.2580591976562374,0.26644564375000357,687,698,1.0160116448326055,930,61.63247863247863,4,90,0.0,250.50330396475772,596,630,4.921875,0.2578814250000079,True
0.95,155,21369,1024,6215,777,34,811,6.3359375,6.0693359375,1977,0.2413330078125,168,0.08497723823975721,359.314453125,4.47265625,22.576056741776213,0.850849421034441,0.0205078125,0.2580591976562374,0.26644564375000357,777,788,1.0141570141570142,663,40.221556886227546,4,141,0.0,390.5923566878981,691,725,5.6640625,0.2578814250000079,True
0.95,156,41654,1024,7141,893,34,927,7.2421875,6.9736328125,1051,0.1282958984375,115,0.10941960038058991,306.7001953125,4.5263671875,23.263663083183758,0.8845855367241907,0.0140380859375,0.2580591976562374,0.26644564375000357,893,904,1.0123180291153415,313,68.78947368421052,3,102,0.0,318.843654822335,858,892,6.96875,0.2578814250000079,True
0.95,157,11953,1024,12,2,34,36,0.28125,0.01171875,8180,0.99853515625,3910,0.4779951100244499,24389.4921875,139.6796875,4.258776028855657,0.06422202619835923,0.477294921875,0.2580591976562374,0.26644564375000357,2,10,5.0,14,2.091327705295472,8,2023,0.0,24413.333333333332,4,38,0.296875,0.2578814250000079,True
0.95,158,13700,1024,6663,833,34,867,6.7734375,6.5068359375,1529,0.1866455078125,145,0.09483322432962721,936.380859375,8.724609375,18.416278331957127,0.7448483335572393,0.0177001953125,0.2580591976562374,0.26644564375000357,833,844,1.0132052821128452,58,55.22222222222222,3,130,0.0,942.8259587020649,768,802,6.265625,0.2578814250000079,True
0.95,159,38205,1024,6323,791,34,825,6.4453125,6.1748046875,1869,0.2281494140625,426,0.22792937399678972,1804.75390625,24.015625,15.566623703847576,0.6129180936015469,0.052001953125,0.2580591976562374,0.26644564375000357,791,802,1.013906447534766,135,17.75764705882353,3,401,0.0,1833.4007936507937,692,726,5.671875,0.2578814250000079,True
0.95,160,40129,1024,5993,750,34,784,6.125,5.8525390625,2199,0.2684326171875,51,0.023192360163710776,83.4375,1.6640625,28.917190778232413,0.8455305176671704,0.0062255859375,0.2580591976562374,0.26644564375000357,750,761,1.0146666666666666,259,153.62,2,49,0.0,86.12903225806451,656,690,5.390625,0.2578814250000079,True
0.95,161,17080,1024,6324,791,34,825,6.4453125,6.17578125,1868,0.22802734375,93,0.04978586723768737,214.6884765625,2.9072265625,24.81271626630203,0.8868843070566131,0.0113525390625,0.2580591976562374,0.26644564375000357,791,802,1.013906447534766,1731,68.53260869565217,4,73,0.0,272.08044554455444,698,732,5.71875,0.2578814250000079,True
0.95,162,1505,1024,7191,899,34,933,7.2890625,7.0224609375,1001,0.1221923828125,130,0.12987012987012986,467.900390625,5.927734375,21.42926953106354,0.8757458417170285,0.015869140625,0.2580591976562374,0.26644564375000357,899,910,1.0122358175750834,95,57.25581395348837,4,117,0.0,472.9812438302073,862,896,7.0,0.2578814250000079,True
0.95,163,36391,1024,7246,906,34,940,7.34375,7.076171875,946,0.115478515625,105,0.1109936575052854,250.8291015625,3.4873046875,24.137024382993317,0.9294930554162997,0.0128173828125,0.2580591976562374,0.26644564375000357,906,917,1.0121412803532008,79,77.1826923076923,3,90,0.0,253.05320197044335,857,891,6.9609375,0.2578814250000079,True
0.95,164,24660,1024,6845,856,34,890,6.953125,6.6845703125,1347,0.1644287109375,210,0.155902004454343,728.044921875,8.31640625,19.509221838618316,0.7533809224580106,0.025634765625,0.2580591976562374,0.26644564375000357,856,867,1.0128504672897196,163,37.86124401913876,3,173,0.0,742.5478087649402,832,866,6.765625,0.2578814250000079,True
0.95,165,24061,1024,6560,820,34,854,6.671875,6.40625,1632,0.19921875,122,0.07475490196078431,180.45703125,3.3828125,25.567065524796725,0.9141732238741379,0.014892578125,0.2580591976562374,0.26644564375000357,820,831,1.0134146341463415,795,59.05785123966942,3,108,0.0,199.77081081081081,712,746,5.828125,0.2578814250000079,True
0.95,166,10964,1024,5899,738,34,772,6.03125,5.7607421875,2293,0.2799072265625,185,0.08068033144352377,335.984375,4.80859375,22.867612799336193,0.8103988902829902,0.0225830078125,0.2580591976562374,0.26644564375000357,738,749,1.0149051490514904,244,41.81521739130435,4,145,0.0,346.12474849094565,645,679,5.3046875,0.2578814250000079,True
0.95,167,20807,1024,7623,953,34,987,7.7109375,7.4443359375,569,0.0694580078125,77,0.13532513181019332,321.70703125,3.62890625,23.05619807893496,0.9377136247432445,0.0093994140625,0.2580591976562374,0.26644564375000357,953,964,1.011542497376705,74,106.73684210526316,2,74,0.0,324.55960591133004,929,963,7.5234375,0.2578814250000079,True
0.95,168,33388,1024,7564,946,34,980,7.65625,7.38671875,628,0.07666015625,119,0.18949044585987262,423.2099609375,4.9521484375,21.865244798906843,0.8789846857174742,0.0145263671875,0.2580591976562374,0.26644564375000357,946,957,1.0116279069767442,63,66.94067796610169,2,111,0.0,426.1229105211406,954,988,7.71875,0.2578814250000079,True
0.95,169,34571,1024,7020,878,34,912,7.125,6.85546875,1172,0.14306640625,131,0.11177474402730375,387.7578125,4.568359375,22.24519804178633,0.8714216304991396,0.0159912109375,0.2580591976562374,0.26644564375000357,878,889,1.0125284738041003,93,55.47692307692308,3,119,0.0,391.9684106614018,828,862,6.734375,0.2578814250000079,True
0.95,170,21194,1024,6892,862,34,896,7.0,6.73046875,1300,0.15869140625,99,0.07615384615384616,307.6142578125,3.6416015625,23.250738998757406,0.7785867256898503,0.0120849609375,0.2580591976562374,0.26644564375000357,862,873,1.0127610208816706,18,83.37755102040816,3,89,0.0,308.2162426614481,814,848,6.625,0.2578814250000079,True
0.95,171,32696,1024,6937,868,34,902,7.046875,6.7744140625,1255,0.1531982421875,110,0.08764940239043825,178.298828125,3.060546875,25.61931872098156,0.9012413129000627,0.013427734375,0.2580591976562374,0.26644564375000357,868,879,1.012672811059908,74,72.0,3,88,0.0,179.879802955665,804,838,6.546875,0.2578814250000079,True
0.95,172,46005,1024,5271,659,34,693,5.4140625,5.1474609375,2921,0.3565673828125,48,0.01643272851763095,60.6875,1.3671875,30.299811136158304,0.849136030340392,0.005859375,0.2580591976562374,0.26644564375000357,659,670,1.0166919575113809,2684,115.0,3,43,0.0,90.1944847605225,539,573,4.4765625,0.2578814250000079,True
0.95,173,19269,1024,5613,702,34,736,5.75,5.4814453125,2579,0.3148193359375,133,0.05157037611477317,267.9814453125,3.7998046875,23.849756357844868,0.7644107836833283,0.0162353515625,0.2580591976562374,0.26644564375000357,702,713,1.0156695156695157,98,60.38636363636363,4,108,0.0,271.15909090909093,560,594,4.640625,0.2578814250000079,True
0.95,174,5503,1024,7416,927,34,961,7.5078125,7.2421875,776,0.0947265625,175,0.22551546391752578,706.0126953125,7.6142578125,19.64267850390337,0.7601679342993148,0.0213623046875,0.2580591976562374,0.26644564375000357,927,938,1.011866235167206,131,46.14942528735632,4,146,0.0,717.219246031746,942,976,7.625,0.2578814250000079,True
0.95,175,32979,1024,6871,859,34,893,6.9765625,6.7099609375,1321,0.1612548828125,96,0.07267221801665405,233.970703125,3.005859375,24.43918880670192,0.965543899381162,0.01171875,0.2580591976562374,0.26644564375000357,859,870,1.0128055878928988,119,82.2,3,87,0.0,237.2138613861386,781,815,6.3671875,0.2578814250000079,True
0.95,176,32764,1024,7358,920,34,954,7.453125,7.185546875,834,0.101806640625,116,0.13908872901678657,323.4599609375,4.1103515625,23.032598311030096,0.8789317645972267,0.01416015625,0.24625079453124954,0.26008580390625013,920,931,1.0119565217391304,59,68.50434782608696,3,88,0.0,325.68633235004916,863,897,7.0078125,0.27009078984374923,True
0.95,177,36396,1024,6110,764,34,798,6.234375,5.966796875,2082,0.254150390625,151,0.07252641690682037,268.3056640625,4.3505859375,23.844505199323702,0.682497914312123,0.0184326171875,0.24625079453124954,0.26008580390625013,764,775,1.0143979057591623,84,52.9,4,119,0.0,270.9516765285996,706,740,5.78125,0.27009078984374923,True
0.95,178,16139,1024,4591,574,34,608,4.75,4.4833984375,3601,0.4395751953125,449,0.1246875867814496,348.705078125,5.34375,22.706220888988526,0.7251108096453948,0.0548095703125,0.24625079453124954,0.26008580390625013,574,578,1.0069686411149825,260,17.194196428571427,4,362,0.0,359.95362903225805,490,524,4.09375,0.27009078984374923,True
0.95,179,32110,1024,12,2,34,36,0.28125,0.01171875,8180,0.99853515625,3196,0.39070904645476773,18629.90625,108.3125,5.42869691436516,0.08397785770620061,0.39013671875,0.24625079453124954,0.26008580390625013,2,10,5.0,14,2.5593114241001564,8,1653,0.0,18648.117302052786,4,38,0.296875,0.27009078984374923,True
0.95,180,37930,1024,7196,900,34,934,7.296875,7.02734375,996,0.12158203125,150,0.15060240963855423,506.447265625,6.5234375,21.08546130204955,0.8481056435541061,0.018310546875,0.24625079453124954,0.26008580390625013,900,911,1.0122222222222221,250,51.22818791946309,3,135,0.0,522.257804632427,832,866,6.765625,0.27009078984374923,True
0.95,181,5624,1024,6804,851,34,885,6.9140625,6.64453125,1388,0.16943359375,199,0.14337175792507204,351.947265625,4.79296875,22.666027654686832,0.7382900837385983,0.0242919921875,0.24625079453124954,0.26008580390625013,851,862,1.0129259694477086,16,40.77777777777778,3,161,0.0,352.63600782778866,814,848,6.625,0.27009078984374923,True
0.95,182,37946,1024,6871,859,34,893,6.9765625,6.7099609375,1321,0.1612548828125,90,0.06813020439061317,293.0986328125,3.5205078125,23.46066568234223,0.9057869121016383,0.010986328125,0.24625079453124954,0.26008580390625013,859,870,1.0128055878928988,250,83.03370786516854,4,74,0.0,302.2487411883182,761,795,6.2109375,0.27009078984374923,True
0.95,183,6616,1024,7712,964,34,998,7.796875,7.53125,480,0.05859375,106,0.22083333333333333,243.1669921875,3.4892578125,24.271757379798693,0.9260272615599162,0.012939453125,0.24625079453124954,0.26008580390625013,964,975,1.0114107883817427,18,72.99047619047619,2,89,0.0,243.64285714285714,945,979,7.6484375,0.27009078984374923,True
0.95,184,11706,1024,7108,889,34,923,7.2109375,6.94140625,1084,0.13232421875,120,0.11070110701107011,535.56640625,5.85546875,20.842670330765056,0.8958114630336005,0.0146484375,0.24625079453124954,0.26008580390625013,889,900,1.0123734533183353,236,66.39495798319328,3,103,0.0,551.1758793969849,824,858,6.703125,0.27009078984374923,True
0.95,185,10558,1024,22,3,34,37,0.2890625,0.021484375,8170,0.997314453125,3045,0.37270501835985315,10764.248046875,72.060546875,7.810966639586658,0.1145221320208086,0.3717041015625,0.24625079453124954,0.26008580390625013,3,11,3.6666666666666665,108,2.644875164257556,8,1690,0.0,10902.660731948567,6,40,0.3125,0.27009078984374923,True
0.95,186,18351,1024,12,2,34,36,0.28125,0.01171875,8180,0.99853515625,2574,0.31466992665036675,9704.8349609375,70.2744140625,8.260922066317915,0.038040394839714185,0.314208984375,0.24625079453124954,0.26008580390625013,2,10,5.0,71,3.1496307811892734,8,1489,0.0,9781.250984251968,4,38,0.296875,0.27009078984374923,True
0.95,187,15023,1024,12,2,34,36,0.28125,0.01171875,8180,0.99853515625,3852,0.47090464547677263,17648.89453125,124.361328125,5.663628530711873,0.14312015887894564,0.47021484375,0.24625079453124954,0.26008580390625013,2,10,5.0,14,2.1223058945728384,8,1955,0.0,17666.146627565984,4,38,0.296875,0.27009078984374923,True
0.95,188,9490,1024,6324,791,34,825,6.4453125,6.17578125,1868,0.22802734375,181,0.0968950749464668,390.2412109375,6.6591796875,22.217472302592167,0.6767931485416688,0.0220947265625,0.24625079453124954,0.26008580390625013,791,802,1.013906447534766,191,42.16111111111111,3,152,0.0,399.2077922077922,700,734,5.734375,0.27009078984374923,True
0.95,189,6355,1024,7001,876,34,910,7.109375,6.8369140625,1191,0.1453857421875,68,0.05709487825356843,110.7109375,1.98828125,27.68889832480161,0.9256406427414181,0.00830078125,0.24625079453124954,0.26008580390625013,876,887,1.0125570776255708,442,114.3731343283582,3,58,0.0,116.99484004127967,756,790,6.171875,0.27009078984374923,True
0.95,190,8857,1024,4707,589,34,623,4.8671875,4.5966796875,3485,0.4254150390625,243,0.06972740315638451,339.5419921875,4.0654296875,22.82186868414698,0.8624630596620477,0.0296630859375,0.24625079453124954,0.26008580390625013,589,600,1.0186757215619695,509,30.714876033057852,4,204,0.0,361.8012486992716,495,529,4.1328125,0.27009078984374923,True
0.95,191,31811,1024,6353,795,34,829,6.4765625,6.2041015625,1839,0.2244873046875,245,0.13322457857531267,615.677734375,9.7265625,20.237269129982472,0.7803983000359609,0.0299072265625,0.24625079453124954,0.26008580390625013,795,806,1.0138364779874214,429,29.5,3,214,0.0,649.2832131822863,725,759,5.9296875,0.27009078984374923,True
0.95,192,10400,1024,7198,900,34,934,7.296875,7.029296875,994,0.121337890625,39,0.039235412474849095,131.125,1.765625,26.95394859666296,0.9162449102870287,0.0047607421875,0.24625079453124954,0.26008580390625013,900,911,1.0122222222222221,98,203.18421052631578,2,37,0.0,132.6798418972332,834,868,6.78125,0.27009078984374923,True
0.95,193,275,1024,6853,857,34,891,6.9609375,6.6923828125,1339,0.1634521484375,111,0.08289768483943241,415.203125,5.36328125,21.948197473253206,0.8419544987427401,0.0135498046875,0.24625079453124954,0.26008580390625013,857,868,1.0128354725787632,25,66.13636363636364,2,104,0.0,416.42311459353573,787,821,6.4140625,0.27009078984374923,True
0.95,194,26152,1024,12,2,34,36,0.28125,0.01171875,8180,0.99853515625,3706,0.4530562347188264,18343.6904296875,117.4931640625,5.495936482897765,0.05140453878207003,0.452392578125,0.24625079453124954,0.26008580390625013,2,10,5.0,287,2.1333333333333333,8,1888,0.0,18992.86046511628,4,38,0.296875,0.27009078984374923,True
0.95,195,13037,1024,12,2,34,36,0.28125,0.01171875,8180,0.99853515625,3115,0.3808068459657702,15930.12109375,93.841796875,6.108612837392501,0.0480518310274592,0.3802490234375,0.24625079453124954,0.26008580390625013,2,10,5.0,14,2.625883108542068,11,1497,0.0,15945.693059628544,4,38,0.296875,0.27009078984374923,True
0.95,196,41203,1024,7149,894,34,928,7.25,6.9814453125,1043,0.1273193359375,116,0.1112176414189837,678.61328125,6.970703125,19.814580058282715,0.7385072683797248,0.01416015625,0.24625079453124954,0.26008580390625013,894,905,1.012304250559284,147,69.47826086956522,2,109,0.0,690.755467196819,856,890,6.953125,0.27009078984374923,True
0.95,197,43709,1024,5902,738,34,772,6.03125,5.763671875,2290,0.279541015625,100,0.043668122270742356,178.4306640625,2.4892578125,25.616108690746696,0.8727478388817621,0.01220703125,0.24625079453124954,0.26008580390625013,738,749,1.0149051490514904,67,81.98989898989899,4,79,0.0,179.83562992125985,628,662,5.171875,0.27009078984374923,True
0.95,198,43572,1024,6528,816,34,850,6.640625,6.375,1664,0.203125,206,0.12379807692307693,606.3154296875,6.9248046875,20.303817404428184,0.769028731648137,0.025146484375,0.24625079453124954,0.26008580390625013,816,827,1.0134803921568627,51,39.22439024390244,4,156,0.0,609.8889980353634,782,816,6.375,0.27009078984374923,True
0.95,199,23390,1024,6878,860,34,894,6.984375,6.716796875,1314,0.160400390625,85,0.06468797564687975,143.720703125,2.408203125,26.555610276305906,0.8892875486045495,0.0103759765625,0.24625079453124954,0.26008580390625013,860,871,1.0127906976744185,67,95.71428571428571,3,68,0.0,144.85236220472441,801,835,6.5234375,0.27009078984374923,True
0.975,0,712,1024,7446,931,34,965,7.5390625,7.271484375,746,0.091064453125,39,0.05227882037533512,199.3330078125,2.0927734375,25.13501140823328,0.9829662669606011,0.0047607421875,0.24625079453124954,0.26008580390625013,931,942,1.011815252416756,34,213.26315789473685,2,32,0.0,200.11470588235295,842,876,6.84375,0.27009078984374923,True
0.975,1,24774,1024,7501,938,34,972,7.59375,7.3251953125,691,0.0843505859375,40,0.05788712011577424,149.0634765625,1.9150390625,26.397091149363597,0.9415415146339617,0.0048828125,0.24625079453124954,0.26008580390625013,938,949,1.011727078891258,616,184.10256410256412,2,35,0.0,161.18373812038016,845,879,6.8671875,0.27009078984374923,True
0.975,2,45142,1024,7658,958,34,992,7.75,7.478515625,534,0.065185546875,29,0.054307116104868915,124.5,1.65625,27.179110094361555,0.9186540904084994,0.0035400390625,0.24625079453124954,0.26008580390625013,958,969,1.011482254697286,57,199.42857142857142,2,28,0.0,125.35693215339234,916,950,7.421875,0.27009078984374923,True
0.975,3,27119,1024,103,13,34,47,0.3671875,0.1005859375,8089,0.9874267578125,2524,0.3120286809247126,13518.1220703125,72.7529296875,6.821639970098989,0.07200118020756531,0.30810546875,0.24625079453124954,0.26008580390625013,13,16,1.2307692307692308,245,3.1494252873563218,35,1200,0.0,13926.113682092555,10,44,0.34375,0.27009078984374923,True
0.975,4,21139,1024,7037,880,34,914,7.140625,6.8720703125,1155,0.1409912109375,59,0.05108225108225108,164.375,2.625,25.972445950340774,0.949656586593943,0.0072021484375,0.24625079453124954,0.26008580390625013,880,891,1.0125,108,130.01724137931035,3,52,0.0,166.48862512363996,736,770,6.015625,0.27009078984374923,True
0.975,5,19129,1024,7249,907,34,941,7.3515625,7.0791015625,943,0.1151123046875,54,0.05726405090137858,156.314453125,2.353515625,26.19081225316815,0.8856320726024278,0.006591796875,0.24625079453124954,0.26008580390625013,907,918,1.0121278941565601,138,133.9245283018868,2,52,0.0,158.95332671300895,788,822,6.421875,0.27009078984374923,True
0.975,6,6433,1024,6870,859,34,893,6.9765625,6.708984375,1322,0.161376953125,50,0.037821482602118005,114.625,1.890625,27.538010121898328,0.8520802389343461,0.006103515625,0.24625079453124954,0.26008580390625013,859,870,1.0128055878928988,953,128.0,2,44,0.0,129.69723756906077,727,761,5.9453125,0.27009078984374923,True
0.975,7,38854,1024,7244,906,34,940,7.34375,7.07421875,948,0.11572265625,65,0.06856540084388185,526.75390625,4.98828125,20.914725959773698,0.9123143824225276,0.0079345703125,0.24625079453124954,0.26008580390625013,906,917,1.0121412803532008,233,108.40625,1,65,0.0,542.1065326633166,810,844,6.59375,0.27009078984374923,True
0.975,8,22489,1024,7418,928,34,962,7.515625,7.244140625,774,0.094482421875,36,0.046511627906976744,275.5625,2.5859375,23.728602446975128,0.9319875108001244,0.00439453125,0.24625079453124954,0.26008580390625013,928,939,1.011853448275862,513,212.6,2,32,0.0,293.93333333333334,798,832,6.5,0.27009078984374923,True
0.975,9,31104,1024,7155,895,34,929,7.2578125,6.9873046875,1037,0.1265869140625,59,0.05689488910318226,166.115234375,1.96875,25.92670897582058,0.9882788966061136,0.0072021484375,0.24625079453124954,0.26008580390625013,895,906,1.012290502793296,252,135.94827586206895,2,50,0.0,171.30110775427997,748,782,6.109375,0.27009078984374923,True
0.975,10,21349,1024,7396,925,34,959,7.4921875,7.22265625,796,0.09716796875,38,0.04773869346733668,52.625,1.140625,30.918882520241855,0.9541753974717684,0.004638671875,0.24625079453124954,0.26008580390625013,925,936,1.011891891891892,147,208.16216216216216,2,37,0.0,53.566600397614316,825,859,6.7109375,0.27009078984374923,True
0.975,11,29116,1024,7492,937,34,971,7.5859375,7.31640625,700,0.08544921875,21,0.03,47.1318359375,0.7548828125,31.39766003603591,0.9836594536640529,0.0025634765625,0.24625079453124954,0.26008580390625013,937,948,1.0117395944503735,1183,271.45,1,21,0.0,55.031927023945265,800,834,6.515625,0.27009078984374923,True
0.975,12,10772,1024,7792,974,34,1008,7.875,7.609375,400,0.048828125,35,0.0875,232.5,2.28125,24.466574036419377,0.9209425460110005,0.0042724609375,0.24625079453124954,0.26008580390625013,974,985,1.01129363449692,865,199.52941176470588,2,34,0.0,259.91266375545854,930,964,7.53125,0.27009078984374923,True
0.975,13,18332,1024,7818,978,34,1012,7.90625,7.634765625,374,0.045654296875,13,0.034759358288770054,64.25,0.765625,30.052072288645782,0.9764803882662096,0.0015869140625,0.24625079453124954,0.26008580390625013,978,989,1.0112474437627812,379,555.0833333333334,1,13,0.0,67.34083930399181,892,926,7.234375,0.27009078984374923,True
0.975,14,1003,1024,7646,956,34,990,7.734375,7.466796875,546,0.066650390625,92,0.1684981684981685,341.8818359375,4.0537109375,22.792043333724767,0.9273523738974166,0.01123046875,0.24625079453124954,0.26008580390625013,956,967,1.0115062761506277,187,80.84615384615384,3,68,0.0,349.7372627372627,866,900,7.03125,0.27009078984374923,True
0.975,15,22156,1024,7488,936,34,970,7.578125,7.3125,704,0.0859375,44,0.0625,170.3212890625,2.2021484375,25.818114255035667,0.9083893491518298,0.00537109375,0.24625079453124954,0.26008580390625013,936,947,1.0117521367521367,137,163.53488372093022,1,44,0.0,173.19662363455808,859,893,6.9765625,0.27009078984374923,True
0.975,16,26453,1024,7022,878,34,912,7.125,6.857421875,1170,0.142822265625,35,0.029914529914529916,166.8125,2.0234375,25.908517697363273,0.8923687167161086,0.0042724609375,0.24625079453124954,0.26008580390625013,878,889,1.0125284738041003,1665,182.35294117647058,1,35,0.0,209.33333333333334,767,801,6.2578125,0.27009078984374923,True
0.975,17,17039,1024,7670,959,34,993,7.7578125,7.490234375,522,0.063720703125,12,0.022988505747126436,12.5166015625,0.2861328125,37.155939331917686,0.984883343255789,0.00146484375,0.24625079453124954,0.26008580390625013,959,970,1.0114702815432743,179,710.7272727272727,2,10,0.0,12.791417165668662,794,828,6.46875,0.27009078984374923,True
0.975,18,7166,1024,7389,924,34,958,7.484375,7.2158203125,803,0.0980224609375,23,0.028642590286425903,44.0009765625,0.7822265625,31.696180454953932,0.9711782822421478,0.0028076171875,0.24625079453124954,0.26008580390625013,924,935,1.0119047619047619,71,368.8181818181818,3,20,0.0,44.34744094488189,802,836,6.53125,0.27009078984374923,True
0.975,19,48310,1024,7283,911,34,945,7.3828125,7.1123046875,909,0.1109619140625,59,0.06490649064906491,121.9970703125,1.9912109375,27.267309593930978,0.963713443298394,0.0072021484375,0.24625079453124954,0.26008580390625013,911,922,1.0120746432491767,250,132.32758620689654,2,54,0.0,125.80563947633433,751,785,6.1328125,0.27009078984374923,True
0.975,20,12187,1024,6468,809,34,843,6.5859375,6.31640625,1724,0.21044921875,72,0.04176334106728538,76.9609375,1.47265625,29.268100114457823,0.9027998154017591,0.0087890625,0.24625079453124954,0.26008580390625013,809,820,1.0135970333745365,253,111.69014084507042,3,51,0.0,79.36354481369587,645,679,5.3046875,0.27009078984374923,True
0.975,21,20284,1024,5927,741,34,775,6.0546875,5.7880859375,2265,0.2764892578125,66,0.02913907284768212,37.5625,0.984375,32.38325871521096,0.9435170067403849,0.008056640625,0.24625079453124954,0.26008580390625013,741,752,1.0148448043184886,604,114.07692307692308,3,49,0.0,40.531085353003164,626,660,5.15625,0.27009078984374923,True
0.975,22,1052,1024,7426,929,34,963,7.5234375,7.251953125,766,0.093505859375,27,0.03524804177545692,97.8828125,1.12890625,28.223739212784533,0.975707184336132,0.0032958984375,0.24625079453124954,0.26008580390625013,929,940,1.0118406889128095,113,301.84615384615387,2,24,0.0,99.23960396039604,832,866,6.765625,0.27009078984374923,True
0.975,23,13752,1024,5754,720,34,754,5.890625,5.619140625,2438,0.297607421875,75,0.030762920426579164,52.671875,1.25390625,30.91501582330826,0.9060462235428722,0.0091552734375,0.24625079453124954,0.26008580390625013,720,731,1.0152777777777777,26,109.21621621621621,3,56,0.0,52.82664054848188,593,627,4.8984375,0.27009078984374923,True
0.975,24,37139,1024,7385,924,34,958,7.484375,7.2119140625,807,0.0985107421875,42,0.05204460966542751,131.501953125,1.751953125,26.94148157661063,0.9519579265740122,0.005126953125,0.24625079453124954,0.26008580390625013,924,935,1.0119047619047619,209,168.6341463414634,3,39,0.0,134.92785571142284,796,830,6.484375,0.27009078984374923,True
0.975,25,29727,1024,7828,979,34,1013,7.9140625,7.64453125,364,0.04443359375,31,0.08516483516483517,101.125,1.390625,28.082218262475816,0.979600560335853,0.0037841796875,0.24625079453124954,0.26008580390625013,979,990,1.0112359550561798,321,252.0,2,27,0.0,105.23577235772358,949,983,7.6796875,0.27009078984374923,True
0.975,26,41854,1024,6851,857,34,891,6.9609375,6.6904296875,1341,0.1636962890625,33,0.024608501118568233,98.0,1.4375,28.218542851754155,0.9238667861921576,0.0040283203125,0.24625079453124954,0.26008580390625013,857,868,1.0128354725787632,184,230.09375,2,29,0.0,100.25174825174825,748,782,6.109375,0.27009078984374923,True
0.975,27,40333,1024,7915,990,34,1024,8.0,7.7294921875,277,0.0338134765625,25,0.09025270758122744,89.82421875,1.169921875,28.596869122697033,0.9666449965761075,0.0030517578125,0.24625079453124954,0.26008580390625013,990,1001,1.011111111111111,350,250.25,2,24,0.0,93.76146788990826,900,934,7.296875,0.27009078984374923,True
0.975,28,33248,1024,17,3,34,37,0.2890625,0.0166015625,8175,0.9979248046875,3277,0.40085626911314987,10005.841796875,80.859375,8.128267289292916,0.17856737380555399,0.4000244140625,0.24625079453124954,0.26008580390625013,3,11,3.6666666666666665,375,2.385836385836386,8,1828,0.0,10476.464212678937,4,38,0.296875,0.27009078984374923,True
0.975,29,9680,1024,7526,941,34,975,7.6171875,7.349609375,666,0.081298828125,30,0.04504504504504504,191.31640625,1.79296875,25.31328146521073,0.9484036286920912,0.003662109375,0.24625079453124954,0.26008580390625013,941,952,1.0116896918172158,17,205.51724137931035,1,30,0.0,191.6908023483366,850,884,6.90625,0.27009078984374923,True
0.975,30,16805,1024,7889,987,34,1021,7.9765625,7.7041015625,303,0.0369873046875,20,0.066006600660066,60.7509765625,0.8603515625,30.29527097325196,0.9447936923164626,0.00244140625,0.24625079453124954,0.26008580390625013,987,998,1.011144883485309,19,427.3157894736842,2,18,0.0,60.86986301369863,892,926,7.234375,0.27009078984374923,True
0.975,31,14652,1024,6832,854,34,888,6.9375,6.671875,1360,0.166015625,23,0.016911764705882352,155.015625,1.47265625,26.22704885218432,0.8725725348907802,0.0028076171875,0.24625079453124954,0.26008580390625013,854,865,1.0128805620608898,1586,173.8181818181818,3,18,0.0,192.17433414043583,702,736,5.75,0.27009078984374923,True
0.975,32,15793,1024,7029,879,34,913,7.1328125,6.8642578125,1163,0.1419677734375,14,0.012037833190025795,50.5625,0.6171875,31.09251821911563,0.946688496962846,0.001708984375,0.24625079453124954,0.26008580390625013,879,890,1.012514220705347,1003,398.2307692307692,1,14,0.0,57.59288097886541,756,790,6.171875,0.27009078984374923,True
0.975,33,30210,1024,6849,857,34,891,6.9609375,6.6884765625,1343,0.1639404296875,40,0.029784065524944156,69.4873046875,0.9248046875,29.711748945194078,0.9774083405403078,0.0048828125,0.24625079453124954,0.26008580390625013,857,868,1.0128354725787632,1199,172.7948717948718,2,39,0.0,81.32,662,696,5.4375,0.27009078984374923,True
0.975,34,47426,1024,7510,939,34,973,7.6015625,7.333984375,682,0.083251953125,37,0.054252199413489736,234.439453125,2.150390625,24.43049661232343,0.921456084575946,0.0045166015625,0.24625079453124954,0.26008580390625013,939,950,1.0117145899893503,244,191.97222222222223,2,36,0.0,241.51509054325956,879,913,7.1328125,0.27009078984374923,True
0.975,35,20875,1024,7202,901,34,935,7.3046875,7.033203125,990,0.120849609375,46,0.046464646464646465,133.0,1.9375,26.892287199008248,0.9424260284066287,0.005615234375,0.24625079453124954,0.26008580390625013,901,912,1.0122086570477247,155,172.75555555555556,2,41,0.0,135.51442786069651,772,806,6.296875,0.27009078984374923,True
0.975,36,4161,1024,7807,976,34,1010,7.890625,7.6240234375,385,0.0469970703125,20,0.05194805194805195,39.658203125,0.580078125,32.147473280176854,0.9760538690512227,0.00244140625,0.24625079453124954,0.26008580390625013,976,987,1.0112704918032787,1205,280.63157894736844,3,15,0.0,46.464530892448515,893,927,7.2421875,0.27009078984374923,True
0.975,37,40340,1024,6989,874,34,908,7.09375,6.8251953125,1203,0.1468505859375,44,0.03657522859517872,109.9375,1.7109375,27.71934504066374,0.9547504003777347,0.00537109375,0.24625079453124954,0.26008580390625013,874,885,1.0125858123569793,460,179.51162790697674,3,38,0.0,116.41778697001034,763,797,6.2265625,0.27009078984374923,True
0.975,38,28286,1024,7632,954,34,988,7.71875,7.453125,560,0.068359375,46,0.08214285714285714,76.51171875,1.306640625,29.293524028556345,0.9604974261275406,0.005615234375,0.24625079453124954,0.26008580390625013,954,965,1.0115303983228512,27,168.13333333333333,2,44,0.0,76.73653281096963,861,895,6.9921875,0.27009078984374923,True
0.975,39,13256,1024,7759,970,34,1004,7.84375,7.5771484375,433,0.0528564453125,22,0.050808314087759814,83.630859375,0.92578125,28.907138013316818,0.973436672653422,0.002685546875,0.24625079453124954,0.26008580390625013,970,981,1.011340206185567,203,334.04761904761904,2,21,0.0,85.72372372372372,909,943,7.3671875,0.27009078984374923,True
0.975,40,48934,1024,7565,946,34,980,7.65625,7.3876953125,627,0.0765380859375,33,0.05263157894736842,77.2509765625,1.3916015625,29.251763826348018,0.9836588124185687,0.0040283203125,0.24625079453124954,0.26008580390625013,946,957,1.0116279069767442,258,223.96875,1,33,0.0,79.7429435483871,882,916,7.15625,0.27009078984374923,True
0.975,41,11935,1024,6651,832,34,866,6.765625,6.4951171875,1541,0.1881103515625,53,0.03439325113562622,70.7666015625,1.2548828125,29.632520209655212,0.9320892746856735,0.0064697265625,0.24625079453124954,0.26008580390625013,832,843,1.0132211538461537,227,148.30769230769232,3,41,0.0,72.75602409638554,704,738,5.765625,0.27009078984374923,True
0.975,42,48447,1024,7492,937,34,971,7.5859375,7.31640625,700,0.08544921875,38,0.054285714285714284,44.205078125,0.857421875,31.676081984195733,0.9686468378841733,0.004638671875,0.24625079453124954,0.26008580390625013,937,948,1.0117395944503735,312,206.1081081081081,3,28,0.0,45.95532994923858,851,885,6.9140625,0.27009078984374923,True
0.975,43,15492,1024,8030,1004,34,1038,8.109375,7.841796875,162,0.019775390625,18,0.1111111111111111,117.00390625,1.09765625,27.448799996815705,0.9859298652537883,0.002197265625,0.24625079453124954,0.26008580390625013,1004,1015,1.0109561752988048,441,404.2352941176471,2,16,0.0,123.64499484004128,977,1011,7.8984375,0.27009078984374923,True
0.975,44,32513,1024,7385,924,34,958,7.484375,7.2119140625,807,0.0985107421875,36,0.04460966542750929,101.3125,1.5546875,28.074173286753204,0.9448054557718226,0.00439453125,0.24625079453124954,0.26008580390625013,924,935,1.0119047619047619,425,213.4857142857143,1,36,0.0,106.84243048403708,861,895,6.9921875,0.27009078984374923,True
0.975,45,36099,1024,17,3,34,37,0.2890625,0.0166015625,8175,0.9979248046875,3813,0.46642201834862385,20775.7470703125,126.6787109375,4.955237114355471,0.08265445976338844,0.4654541015625,0.24625079453124954,0.26008580390625013,3,11,3.6666666666666665,15,2.1445435466946483,8,2076,0.0,20796.055718475072,4,38,0.296875,0.27009078984374923,True
0.975,46,39260,1024,6527,816,34,850,6.640625,6.3740234375,1665,0.2032470703125,44,0.026426426426426425,81.65625,1.27734375,29.010909294604907,0.9722927816638677,0.00537109375,0.24625079453124954,0.26008580390625013,816,827,1.0134803921568627,774,142.8139534883721,3,38,0.0,90.10344827586206,585,619,4.8359375,0.27009078984374923,True
0.975,47,46517,1024,6934,867,34,901,7.0390625,6.771484375,1258,0.153564453125,25,0.01987281399046105,138.375,1.484375,26.72022726981131,0.965707876286208,0.0030517578125,0.24625079453124954,0.26008580390625013,867,878,1.0126874279123415,514,284.2916666666667,2,24,0.0,147.6,731,765,5.9765625,0.27009078984374923,True
0.975,48,33095,1024,7722,966,34,1000,7.8125,7.541015625,470,0.057373046875,28,0.059574468085106386,138.25390625,1.42578125,26.724029500857235,0.9336013307045086,0.00341796875,0.24625079453124954,0.26008580390625013,966,977,1.0113871635610765,257,286.85185185185185,2,26,0.0,142.71370967741936,876,910,7.109375,0.27009078984374923,True
0.975,49,3,1024,7129,892,34,926,7.234375,6.9619140625,1063,0.1297607421875,25,0.023518344308560677,62.5,1.125,30.172003435238352,0.9071674505049997,0.0030517578125,0.24625079453124954,0.26008580390625013,892,903,1.0123318385650224,1497,275.0416666666667,1,25,0.0,76.46356033452808,802,836,6.53125,0.27009078984374923,True
0.975,50,21683,1024,7326,916,34,950,7.421875,7.154296875,866,0.105712890625,75,0.08660508083140878,307.75,4.453125,23.248822992645565,0.9538030076854789,0.0091552734375,0.24625079453124954,0.26008580390625013,916,927,1.012008733624454,506,102.04054054054055,2,74,0.0,327.9250780437045,803,837,6.5390625,0.27009078984374923,True
0.975,51,13446,1024,7770,972,34,1006,7.859375,7.587890625,422,0.051513671875,53,0.12559241706161137,223.416015625,2.732421875,24.639660584793113,0.9835684430506734,0.0064697265625,0.24625079453124954,0.26008580390625013,972,983,1.0113168724279835,68,120.51923076923077,2,52,0.0,225.1751968503937,868,902,7.046875,0.27009078984374923,True
0.975,52,49515,1024,7330,917,34,951,7.4296875,7.158203125,862,0.105224609375,38,0.04408352668213457,100.892578125,1.380859375,28.092211410919575,0.9782947351381925,0.004638671875,0.24625079453124954,0.26008580390625013,917,928,1.0119956379498365,257,213.3783783783784,3,30,0.0,104.14717741935483,785,819,6.3984375,0.27009078984374923,True
0.975,53,27943,1024,7738,968,34,1002,7.828125,7.556640625,454,0.055419921875,29,0.06387665198237885,177.376953125,1.845703125,25.641831702925,0.9831133831460707,0.0035400390625,0.24625079453124954,0.26008580390625013,968,979,1.0113636363636365,74,258.2142857142857,1,29,0.0,178.9497536945813,864,898,7.015625,0.27009078984374923,True
0.975,54,29059,1024,7805,976,34,1010,7.890625,7.6220703125,387,0.0472412109375,30,0.07751937984496124,172.751953125,1.861328125,25.7565739468208,0.9824421128298657,0.003662109375,0.24625079453124954,0.26008580390625013,976,987,1.0112704918032787,417,268.0689655172414,2,29,0.0,181.99382716049382,956,990,7.734375,0.27009078984374923,True
0.975,55,32738,1024,5735,717,34,751,5.8671875,5.6005859375,2457,0.2999267578125,30,0.01221001221001221,34.8447265625,0.5400390625,32.709433000436576,0.9752694853357559,0.003662109375,0.24625079453124954,0.26008580390625013,717,728,1.0153417015341701,479,215.89655172413794,3,26,0.0,36.97512953367875,541,575,4.4921875,0.27009078984374923,True
0.975,56,445,1024,7685,961,34,995,7.7734375,7.5048828125,507,0.0618896484375,56,0.11045364891518737,319.9130859375,3.0439453125,23.080483557503193,0.8644803565684492,0.0068359375,0.24625079453124954,0.26008580390625013,961,972,1.0114464099895941,552,135.0,4,48,0.0,343.02722513089003,924,958,7.484375,0.27009078984374923,True
0.975,57,32216,1024,7509,939,34,973,7.6015625,7.3330078125,683,0.0833740234375,38,0.055636896046852125,203.390625,2.17578125,25.047494300029236,0.9559542161620752,0.004638671875,0.24625079453124954,0.26008580390625013,939,950,1.0117145899893503,512,196.59459459459458,2,34,0.0,216.95,828,862,6.734375,0.27009078984374923,True
0.975,58,18250,1024,7746,969,34,1003,7.8359375,7.564453125,446,0.054443359375,17,0.03811659192825112,92.5,0.96875,28.469386281288777,0.9107946940771251,0.0020751953125,0.24625079453124954,0.26008580390625013,969,980,1.0113519091847265,1578,407.5625,2,15,0.0,114.53446191051995,885,919,7.1796875,0.27009078984374923,True
0.975,59,1684,1024,7279,910,34,944,7.375,7.1083984375,913,0.1114501953125,67,0.07338444687842278,92.58984375,1.439453125,28.465170096636776,0.9739502785716796,0.0081787109375,0.24625079453124954,0.26008580390625013,910,921,1.012087912087912,392,109.71212121212122,3,63,0.0,97.24307692307693,801,835,6.5234375,0.27009078984374923,True
0.975,60,2899,1024,7136,892,34,926,7.234375,6.96875,1056,0.12890625,54,0.05113636363636364,78.955078125,1.369140625,29.157002932653025,0.9647615519686416,0.006591796875,0.24625079453124954,0.26008580390625013,892,903,1.0123318385650224,60,149.24528301886792,1,54,0.0,79.49852507374631,799,833,6.5078125,0.27009078984374923,True
0.975,61,39428,1024,7506,939,34,973,7.6015625,7.330078125,686,0.083740234375,23,0.033527696793002916,46.4384765625,0.6337890625,31.462023968158455,0.9601871755803548,0.0028076171875,0.24625079453124954,0.26008580390625013,939,950,1.0117145899893503,635,332.0,3,18,0.0,50.32063492063492,773,807,6.3046875,0.27009078984374923,True
0.975,62,40758,1024,7326,916,34,950,7.421875,7.154296875,866,0.105712890625,37,0.042725173210161664,79.484375,1.19921875,29.127985972204428,0.9823314850417771,0.0045166015625,0.24625079453124954,0.26008580390625013,916,927,1.012008733624454,25,219.86111111111111,3,32,0.0,79.7179236043095,870,904,7.0625,0.27009078984374923,True
0.975,63,29154,1024,7784,973,34,1007,7.8671875,7.6015625,408,0.0498046875,50,0.12254901960784313,296.0634765625,3.1181640625,23.416955262773882,0.964798641654392,0.006103515625,0.24625079453124954,0.26008580390625013,973,984,1.0113052415210688,513,146.16326530612244,2,48,0.0,315.80104166666666,892,926,7.234375,0.27009078984374923,True
0.975,64,43958,1024,7161,896,34,930,7.265625,6.9931640625,1031,0.1258544921875,56,0.05431619786614937,194.0625,2.5546875,25.251387390112363,0.8317630907933452,0.0068359375,0.24625079453124954,0.26008580390625013,896,907,1.0122767857142858,810,133.6727272727273,3,52,0.0,215.2979414951246,827,861,6.7265625,0.27009078984374923,True
0.975,65,33814,1024,7923,991,34,1025,8.0078125,7.7373046875,269,0.0328369140625,6,0.022304832713754646,12.2666015625,0.2080078125,37.24356101896829,0.997467769748265,0.000732421875,0.24625079453124954,0.26008580390625013,991,1002,1.0110998990918265,769,1313.6,1,6,0.0,13.535560344827585,938,972,7.59375,0.27009078984374923,True
0.975,66,34153,1024,7264,908,34,942,7.359375,7.09375,928,0.11328125,43,0.04633620689655173,121.2548828125,1.6767578125,27.293811246383303,0.9567639103456034,0.0052490234375,0.24625079453124954,0.26008580390625013,908,919,1.0121145374449338,1793,129.73809523809524,1,43,0.0,155.20625,815,849,6.6328125,0.27009078984374923,True
0.975,67,43609,1024,7560,945,34,979,7.6484375,7.3828125,632,0.0771484375,16,0.02531645569620253,45.626953125,0.658203125,31.538588924279306,0.9722566840087766,0.001953125,0.24625079453124954,0.26008580390625013,945,956,1.0116402116402117,233,519.6,1,16,0.0,46.95678391959799,826,860,6.71875,0.27009078984374923,True
0.975,68,10762,1024,7227,904,34,938,7.328125,7.0576171875,965,0.1177978515625,29,0.03005181347150259,125.3134765625,1.4619140625,27.15082582116343,0.9332619003200896,0.0035400390625,0.24625079453124954,0.26008580390625013,904,915,1.0121681415929205,1872,184.35714285714286,3,25,0.0,162.43164556962026,807,841,6.5703125,0.27009078984374923,True
0.975,69,17898,1024,6620,828,34,862,6.734375,6.46484375,1572,0.19189453125,59,0.037531806615776084,184.83203125,2.037109375,25.463031245591935,0.8383446235098554,0.0072021484375,0.24625079453124954,0.26008580390625013,828,839,1.0132850241545894,1107,71.70689655172414,3,48,0.0,213.62076749435667,696,730,5.703125,0.27009078984374923,True
0.975,70,43653,1024,7497,938,34,972,7.59375,7.3212890625,695,0.0848388671875,12,0.017266187050359712,36.0,0.625,32.56777860100623,0.9779888175332918,0.00146484375,0.24625079453124954,0.26008580390625013,938,949,1.011727078891258,97,540.4545454545455,1,12,0.0,36.426877470355734,801,835,6.5234375,0.27009078984374923,True
0.975,71,14233,1024,7629,954,34,988,7.71875,7.4501953125,563,0.0687255859375,31,0.055062166962699825,108.125,1.359375,27.791542403950395,0.9579314462360455,0.0037841796875,0.24625079453124954,0.26008580390625013,954,965,1.0115303983228512,186,266.43333333333334,2,29,0.0,110.60939060939062,877,911,7.1171875,0.27009078984374923,True
0.975,72,39520,1024,7627,954,34,988,7.71875,7.4482421875,565,0.0689697265625,17,0.03008849557522124,103.0009765625,0.9697265625,28.00239018554054,0.9567060291972594,0.0020751953125,0.24625079453124954,0.26008580390625013,954,965,1.0115303983228512,103,282.6875,2,16,0.0,104.22233201581028,825,859,6.7109375,0.27009078984374923,True
0.975,73,18138,1024,7500,938,34,972,7.59375,7.32421875,692,0.08447265625,30,0.04335260115606936,73.2548828125,1.0517578125,29.4824378292914,0.9684142843063877,0.003662109375,0.24625079453124954,0.26008580390625013,938,949,1.011727078891258,512,250.0,3,24,0.0,78.13854166666667,799,833,6.5078125,0.27009078984374923,True
0.975,74,9212,1024,7658,958,34,992,7.75,7.478515625,534,0.065185546875,43,0.08052434456928839,135.875,2.21875,26.799408037735596,0.8930217678831172,0.0052490234375,0.24625079453124954,0.26008580390625013,958,969,1.011482254697286,171,160.52380952380952,3,41,0.0,138.7198404785643,782,816,6.375,0.27009078984374923,True
0.975,75,6456,1024,7752,969,34,1003,7.8359375,7.5703125,440,0.0537109375,35,0.07954545454545454,189.125,1.921875,25.363314198366673,0.9790256123264612,0.0042724609375,0.24625079453124954,0.26008580390625013,969,980,1.0113519091847265,522,216.2058823529412,3,31,0.0,201.9436913451512,896,930,7.265625,0.27009078984374923,True
0.975,76,22948,1024,7382,923,34,957,7.4765625,7.208984375,810,0.098876953125,72,0.08888888888888889,210.0634765625,3.3837890625,24.90729812061348,0.8848456939641584,0.0087890625,0.24625079453124954,0.26008580390625013,923,934,1.0119176598049837,257,98.8169014084507,2,68,0.0,216.8397177419355,766,800,6.25,0.27009078984374923,True
0.975,77,7591,1024,7676,960,34,994,7.765625,7.49609375,516,0.06298828125,32,0.06201550387596899,144.626953125,1.642578125,26.52831123907707,0.9237937124588926,0.00390625,0.24625079453124954,0.26008580390625013,960,971,1.0114583333333333,242,227.93548387096774,2,30,0.0,148.99195171026156,907,941,7.3515625,0.27009078984374923,True
0.975,78,29996,1024,7468,934,34,968,7.5625,7.29296875,724,0.08837890625,41,0.05662983425414365,75.095703125,0.951171875,29.374652728982163,0.9728878105532696,0.0050048828125,0.24625079453124954,0.26008580390625013,934,945,1.011777301927195,131,195.225,3,36,0.0,76.28769841269842,790,824,6.4375,0.27009078984374923,True
0.975,79,10378,1024,7876,985,34,1019,7.9609375,7.69140625,316,0.03857421875,18,0.056962025316455694,77.033203125,0.916015625,29.264024041907888,0.9817812486213525,0.002197265625,0.24625079453124954,0.26008580390625013,985,996,1.0111675126903554,1569,367.05882352941177,2,17,0.0,95.26811594202898,907,941,7.3515625,0.27009078984374923,True
0.975,80,27337,1024,6518,815,34,849,6.6328125,6.365234375,1674,0.204345703125,8,0.0047789725209080045,2.8125,0.1171875,43.63987829748491,0.9982813642296838,0.0009765625,0.24625079453124954,0.26008580390625013,815,826,1.0134969325153373,1881,572.8571428571429,3,6,0.0,3.650190114068441,643,677,5.2890625,0.27009078984374923,True
0.975,81,19965,1024,7314,915,34,949,7.4140625,7.142578125,878,0.107177734375,32,0.03644646924829157,83.5009765625,1.1259765625,28.913888061840098,0.9538257414908295,0.00390625,0.24625079453124954,0.26008580390625013,915,926,1.0120218579234972,33,236.38709677419354,2,27,0.0,83.82843137254902,777,811,6.3359375,0.27009078984374923,True
0.975,82,24405,1024,7294,912,34,946,7.390625,7.123046875,898,0.109619140625,32,0.035634743875278395,169.140625,1.75390625,25.848324298263947,0.9463517897820999,0.00390625,0.24625079453124954,0.26008580390625013,912,923,1.0120614035087718,770,238.38709677419354,2,29,0.0,186.63793103448276,809,843,6.5859375,0.27009078984374923,True
0.975,83,45135,1024,7731,967,34,1001,7.8203125,7.5498046875,461,0.0562744140625,30,0.0650759219088937,173.8125,1.8046875,25.729993546596756,0.9473053245026198,0.003662109375,0.24625079453124954,0.26008580390625013,967,978,1.0113753877973113,329,251.31034482758622,2,26,0.0,181.06205493387588,874,908,7.09375,0.27009078984374923,True
0.975,84,11274,1024,7411,927,34,961,7.5078125,7.2373046875,781,0.0953369140625,32,0.040973111395646605,109.8759765625,1.5947265625,27.721776128195724,0.9302799508857155,0.00390625,0.24625079453124954,0.26008580390625013,927,938,1.011866235167206,186,240.25806451612902,2,31,0.0,112.4005994005994,832,866,6.765625,0.27009078984374923,True
0.975,85,1941,1024,7462,933,34,967,7.5546875,7.287109375,730,0.089111328125,35,0.04794520547945205,121.5,1.4375,27.28504082933579,0.8887983990738453,0.0042724609375,0.24625079453124954,0.26008580390625013,933,944,1.0117899249732047,202,168.5,3,28,0.0,124.54054054054055,827,861,6.7265625,0.27009078984374923,True
0.975,86,48940,1024,7390,924,34,958,7.484375,7.216796875,802,0.097900390625,22,0.02743142144638404,135.8125,1.4140625,26.801406172033104,0.9629308887422448,0.002685546875,0.24625079453124954,0.26008580390625013,924,935,1.0119047619047619,858,337.42857142857144,1,22,0.0,151.659760087241,851,885,6.9140625,0.27009078984374923,True
0.975,87,36794,1024,7818,978,34,1012,7.90625,7.634765625,374,0.045654296875,22,0.058823529411764705,49.3134765625,0.7900390625,31.201147398276103,0.9699809201368615,0.002685546875,0.24625079453124954,0.26008580390625013,978,989,1.0112474437627812,762,329.14285714285717,2,20,0.0,54.35629709364908,881,915,7.1484375,0.27009078984374923,True
0.975,88,21994,1024,7707,964,34,998,7.796875,7.5263671875,485,0.0592041015625,30,0.061855670103092786,125.751953125,1.642578125,27.13565621813323,0.9346344239920321,0.003662109375,0.24625079453124954,0.26008580390625013,964,975,1.0114107883817427,1161,241.41379310344828,2,29,0.0,146.49601820250285,854,888,6.9375,0.27009078984374923,True
0.975,89,49944,1024,7314,915,34,949,7.4140625,7.142578125,878,0.107177734375,43,0.0489749430523918,81.6259765625,1.5322265625,29.012519707113597,0.9763975430785332,0.0052490234375,0.24625079453124954,0.26008580390625013,915,926,1.0120218579234972,195,175.1904761904762,2,41,0.0,83.585,798,832,6.5,0.27009078984374923,True
0.975,90,43442,1024,5305,664,34,698,5.453125,5.1806640625,2887,0.3524169921875,79,0.027364045722202978,24.0107421875,1.1357421875,34.32674776281351,0.9266764379271093,0.0096435546875,0.24625079453124954,0.26008580390625013,664,675,1.016566265060241,647,58.92307692307692,2,77,0.0,26.045550847457626,435,469,3.6640625,0.27009078984374923,True
0.975,91,45096,1024,6702,838,34,872,6.8125,6.544921875,1490,0.181884765625,52,0.0348993288590604,108.0478515625,1.8876953125,27.79464225130625,0.9462582582053906,0.00634765625,0.24625079453124954,0.26008580390625013,838,849,1.0131264916467781,47,154.7058823529412,2,47,0.0,108.57801766437684,707,741,5.7890625,0.27009078984374923,True
0.975,92,42430,1024,6373,797,34,831,6.4921875,6.2236328125,1819,0.2220458984375,40,0.02199010445299615,14.515625,0.57421875,36.51244620858156,0.9561289283570961,0.0048828125,0.24625079453124954,0.26008580390625013,797,808,1.013801756587202,516,187.25641025641025,4,28,0.0,15.483333333333333,621,655,5.1171875,0.27009078984374923,True
0.975,93,42255,1024,6995,875,34,909,7.1015625,6.8310546875,1197,0.1461181640625,70,0.05847953216374269,280.078125,2.98046875,23.6580117051196,0.9585076024645101,0.008544921875,0.24625079453124954,0.26008580390625013,875,886,1.0125714285714287,258,111.28985507246377,3,55,0.0,289.11290322580646,757,791,6.1796875,0.27009078984374923,True
0.975,94,5771,1024,17,3,34,37,0.2890625,0.0166015625,8175,0.9979248046875,4642,0.56782874617737,30773.9658203125,161.4580078125,3.2489689377563016,0.028660498355079878,0.566650390625,0.24625079453124954,0.26008580390625013,3,11,3.6666666666666665,23,1.7588881706528765,62,1885,0.0,30834.188845401175,4,38,0.296875,0.27009078984374923,True
0.975,95,8320,1024,7619,953,34,987,7.7109375,7.4404296875,573,0.0699462890625,44,0.07678883071553229,420.25390625,3.67578125,21.89568601980826,0.8555712039703236,0.00537109375,0.24625079453124954,0.26008580390625013,953,964,1.011542497376705,169,168.7674418604651,2,43,0.0,429.0528414755733,914,948,7.40625,0.27009078984374923,True
0.975,96,48807,1024,7570,947,34,981,7.6640625,7.392578125,622,0.075927734375,64,0.10289389067524116,254.1806640625,2.8994140625,24.079378508826355,0.9263632662881411,0.0078125,0.24625079453124954,0.26008580390625013,947,958,1.0116156282998945,19,128.74603174603175,3,53,0.0,254.67808219178082,862,896,7.0,0.27009078984374923,True
0.975,97,2675,1024,5921,741,34,775,6.0546875,5.7822265625,2271,0.2772216796875,130,0.057243505063848524,256.65625,4.03125,24.037285163605024,0.8317298014569063,0.015869140625,0.24625079453124954,0.26008580390625013,741,752,1.0148448043184886,98,62.627906976744185,3,118,0.0,259.699604743083,600,634,4.953125,0.27009078984374923,True
0.975,98,37658,1024,7442,931,34,965,7.5390625,7.267578125,750,0.091552734375,29,0.03866666666666667,105.9912109375,1.1787109375,27.878105069201204,0.9853025183342577,0.0035400390625,0.24625079453124954,0.26008580390625013,931,942,1.011815252416756,58,280.7857142857143,1,29,0.0,106.72074729596854,847,881,6.8828125,0.27009078984374923,True
0.975,99,45710,1024,7289,912,34,946,7.390625,7.1181640625,903,0.1102294921875,90,0.09966777408637874,354.7509765625,4.3291015625,22.631567612059918,0.8874140986043678,0.010986328125,0.24625079453124954,0.26008580390625013,912,923,1.0120614035087718,375,85.97752808988764,3,86,0.0,371.43660531697344,821,855,6.6796875,0.27009078984374923,True
0.975,100,15813,1024,6940,868,34,902,7.046875,6.77734375,1252,0.15283203125,26,0.020766773162939296,25.359375,0.41796875,34.08941815025565,0.9652267682826408,0.003173828125,0.24625079453124954,0.26008580390625013,868,879,1.012672811059908,244,313.84,3,18,0.0,26.124748490945674,700,734,5.734375,0.27009078984374923,True
0.975,101,7135,1024,7609,952,34,986,7.703125,7.4306640625,583,0.0711669921875,10,0.017152658662092625,32.0,0.4375,33.07930382548004,0.9516732909427569,0.001220703125,0.24625079453124954,0.26008580390625013,952,963,1.0115546218487395,162,768.8888888888889,2,8,0.0,32.63745019920319,844,878,6.859375,0.27009078984374923,True
0.975,102,31775,1024,7387,924,34,958,7.484375,7.2138671875,805,0.0982666015625,21,0.02608695652173913,73.875,0.90625,29.44582866978599,0.8915257326918289,0.0025634765625,0.24625079453124954,0.26008580390625013,924,935,1.0119047619047619,257,396.1,2,18,0.0,76.25806451612904,798,832,6.5,0.27009078984374923,True
0.975,103,31772,1024,7126,891,34,925,7.2265625,6.958984375,1066,0.130126953125,43,0.040337711069418386,129.990234375,1.572265625,26.991696340715052,0.9625821650201085,0.0052490234375,0.24625079453124954,0.26008580390625013,891,902,1.0123456790123457,88,186.95238095238096,2,40,0.0,131.40177690029614,777,811,6.3359375,0.27009078984374923,True
0.975,104,25160,1024,6695,837,34,871,6.8046875,6.5380859375,1497,0.1827392578125,35,0.02338009352037408,60.8759765625,0.9072265625,30.286344197080012,0.9692986784116285,0.0042724609375,0.24490884843750393,0.2609973046874927,837,848,1.013142174432497,235,228.35294117647058,3,24,0.0,62.65025125628141,685,719,5.6171875,0.2727042296874913,True
0.975,105,36108,1024,6812,852,34,886,6.921875,6.65234375,1380,0.16845703125,25,0.018115942028985508,100.8125,1.2109375,28.095659761348735,0.9475506840219778,0.0030517578125,0.24490884843750393,0.2609973046874927,852,863,1.0129107981220657,618,188.33333333333334,2,23,0.0,109.00950369588173,700,734,5.734375,0.2727042296874913,True
0.975,106,1260,1024,7561,946,34,980,7.65625,7.3837890625,631,0.0770263671875,32,0.05071315372424723,23.9189453125,0.4775390625,34.34338335010559,0.9832424330120051,0.00390625,0.24490884843750393,0.2609973046874927,946,957,1.0116279069767442,182,182.29032258064515,2,29,0.0,24.444111776447105,809,843,6.5859375,0.2727042296874913,True
0.975,107,37885,1024,7574,947,34,981,7.6640625,7.396484375,618,0.075439453125,32,0.05177993527508091,276.5,2.5,23.713852252271934,0.9359880592013085,0.00390625,0.24490884843750393,0.2609973046874927,947,958,1.0116156282998945,1202,224.74193548387098,2,31,0.0,323.954233409611,861,895,6.9921875,0.2727042296874913,True
0.975,108,41535,1024,17,3,34,37,0.2890625,0.0166015625,8175,0.9979248046875,3583,0.4382874617737003,19386.240234375,122.7890625,5.255867706541303,0.0897188649870212,0.4373779296875,0.24490884843750393,0.2609973046874927,3,11,3.6666666666666665,127,2.2445561139028474,11,1936,0.0,19674.44003964321,4,38,0.296875,0.2727042296874913,True
0.975,109,44889,1024,7044,881,34,915,7.1484375,6.87890625,1148,0.14013671875,58,0.050522648083623695,177.6884765625,2.3056640625,25.634210969770326,0.9286577562367356,0.007080078125,0.24490884843750393,0.2609973046874927,881,892,1.0124858115777526,39,124.80701754385964,3,43,0.0,178.38529411764705,775,809,6.3203125,0.2727042296874913,True
0.975,110,28184,1024,7236,905,34,939,7.3359375,7.06640625,956,0.11669921875,21,0.021966527196652718,35.0625,0.7578125,32.682374822676735,0.9047315260865721,0.0025634765625,0.24490884843750393,0.2609973046874927,905,916,1.0121546961325967,874,354.5,1,21,0.0,39.239344262295084,800,834,6.515625,0.2727042296874913,True
0.975,111,25319,1024,7556,945,34,979,7.6484375,7.37890625,636,0.07763671875,43,0.06761006289308176,218.0185546875,2.2255859375,24.745869046234684,0.9642376290597695,0.0052490234375,0.24490884843750393,0.2609973046874927,945,956,1.0116402116402117,119,167.85714285714286,2,42,0.0,221.04059405940595,839,873,6.8203125,0.2727042296874913,True
0.975,112,11010,1024,7299,913,34,947,7.3984375,7.1279296875,893,0.1090087890625,35,0.03919372900335946,70.3291015625,1.0908203125,29.659452914275008,0.9899752943056974,0.0042724609375,0.24490884843750393,0.2609973046874927,913,924,1.0120481927710843,900,206.97058823529412,2,31,0.0,78.96600877192982,736,770,6.015625,0.2727042296874913,True
0.975,113,33880,1024,7571,947,34,981,7.6640625,7.3935546875,621,0.0758056640625,25,0.040257648953301126,45.31640625,0.837890625,31.56824899387032,0.9693165481475664,0.0030517578125,0.24490884843750393,0.2609973046874927,947,958,1.0116156282998945,122,325.9583333333333,2,21,0.0,45.990089197224975,817,851,6.6484375,0.2727042296874913,True
0.975,114,19307,1024,7122,891,34,925,7.2265625,6.955078125,1070,0.130615234375,55,0.0514018691588785,102.3046875,1.650390625,28.03184827754528,0.9598179659810737,0.0067138671875,0.24490884843750393,0.2609973046874927,891,902,1.0123456790123457,257,132.2962962962963,3,43,0.0,105.60483870967742,730,764,5.96875,0.2727042296874913,True
0.975,115,12236,1024,17,3,34,37,0.2890625,0.0166015625,8175,0.9979248046875,2107,0.257737003058104,6252.1591796875,45.1962890625,10.170503342623045,0.0683359819917323,0.2572021484375,0.24490884843750393,0.2609973046874927,3,11,3.6666666666666665,15,3.848053181386515,8,1283,0.0,6258.270772238514,4,38,0.296875,0.2727042296874913,True
0.975,116,13805,1024,7421,928,34,962,7.515625,7.2470703125,771,0.0941162109375,70,0.0907911802853437,225.75,2.65625,24.594526018823668,0.8744523039844561,0.008544921875,0.24490884843750393,0.2609973046874927,928,939,1.011853448275862,256,112.72463768115942,3,51,0.0,233.03225806451613,764,798,6.234375,0.2727042296874913,True
0.975,117,5814,1024,6601,826,34,860,6.71875,6.4462890625,1591,0.1942138671875,54,0.0339409176618479,51.72265625,1.181640625,30.993995406167222,0.9778517429844463,0.006591796875,0.24490884843750393,0.2609973046874927,826,837,1.013317191283293,260,145.18867924528303,4,45,0.0,53.391129032258064,656,690,5.390625,0.2727042296874913,True
0.975,118,48485,1024,7717,965,34,999,7.8046875,7.5361328125,475,0.0579833984375,19,0.04,40.751953125,0.642578125,32.02931932796013,0.991648024683363,0.0023193359375,0.24490884843750393,0.2609973046874927,965,976,1.01139896373057,257,385.3888888888889,2,16,0.0,42.06653225806452,861,895,6.9921875,0.2727042296874913,True
0.975,119,12248,1024,431,54,34,88,0.6875,0.4208984375,7761,0.9473876953125,3336,0.42984151526865094,15032.1533203125,96.6181640625,6.360591641701917,0.04072626513384771,0.4072265625,0.24490884843750393,0.2609973046874927,54,59,1.0925925925925926,157,2.4083958020989504,9,1831,0.0,15316.34328358209,23,57,0.4453125,0.2727042296874913,True
0.975,120,458,1024,7642,956,34,990,7.734375,7.462890625,550,0.067138671875,46,0.08363636363636363,169.625,2.015625,25.83590500200117,0.9616868262892073,0.005615234375,0.24490884843750393,0.2609973046874927,956,967,1.0115062761506277,73,137.77777777777777,3,41,0.0,171.12906403940886,849,883,6.8984375,0.2727042296874913,True
0.975,121,319,1024,7612,952,34,986,7.703125,7.43359375,580,0.07080078125,17,0.029310344827586206,43.3125,0.7109375,31.764671089120284,0.980634940027478,0.0020751953125,0.24490884843750393,0.2609973046874927,952,963,1.0115546218487395,132,407.875,1,17,0.0,44.0,825,859,6.7109375,0.2727042296874913,True
0.975,122,21496,1024,7480,935,34,969,7.5703125,7.3046875,712,0.0869140625,39,0.054775280898876406,217.75,2.328125,24.751221971882096,0.9636871733701888,0.0047607421875,0.24490884843750393,0.2609973046874927,935,946,1.011764705882353,65,207.97368421052633,2,35,0.0,219.46456692913387,835,869,6.7890625,0.2727042296874913,True
0.975,123,20390,1024,7070,884,34,918,7.171875,6.904296875,1122,0.136962890625,35,0.031194295900178252,123.58203125,1.451171875,27.211250316707194,0.9078373656276083,0.0042724609375,0.24490884843750393,0.2609973046874927,884,895,1.012443438914027,819,164.88235294117646,2,31,0.0,137.2537960954447,751,785,6.1328125,0.2727042296874913,True
0.975,124,33691,1024,7002,876,34,910,7.109375,6.837890625,1190,0.145263671875,41,0.034453781512605045,329.265625,3.14453125,22.95533967696446,0.9709924213973793,0.0050048828125,0.24490884843750393,0.2609973046874927,876,887,1.0125570776255708,178,180.775,3,38,0.0,336.4950099800399,749,783,6.1171875,0.2727042296874913,True
0.975,125,33872,1024,7957,995,34,1029,8.0390625,7.7705078125,235,0.0286865234375,12,0.05106382978723404,109.125,0.921875,27.751561041542843,0.9833598984727111,0.00146484375,0.24490884843750393,0.2609973046874927,995,1006,1.0110552763819096,1012,511.6363636363636,2,11,0.0,124.43652561247217,948,982,7.671875,0.2727042296874913,True
0.975,126,46987,1024,6765,846,34,880,6.875,6.6064453125,1427,0.1741943359375,24,0.016818500350385426,38.0625,0.7265625,32.3258305089096,0.9691295547856789,0.0029296875,0.24490884843750393,0.2609973046874927,846,857,1.0130023640661938,1523,276.4782608695652,3,18,0.0,46.73381294964029,668,702,5.484375,0.2727042296874913,True
0.975,127,26772,1024,7364,921,34,955,7.4609375,7.19140625,828,0.10107421875,21,0.025362318840579712,75.625,0.953125,29.344149732073852,0.9420297624099817,0.0025634765625,0.24490884843750393,0.2609973046874927,921,932,1.011943539630836,1593,287.2,3,18,0.0,93.86666666666666,826,860,6.71875,0.2727042296874913,True
0.975,128,7057,1024,7513,940,34,974,7.609375,7.3369140625,679,0.0828857421875,26,0.03829160530191458,70.25,1.078125,29.664340322907925,0.9435645497384239,0.003173828125,0.24490884843750393,0.2609973046874927,940,951,1.0117021276595746,667,289.28,2,25,0.0,76.44633368756642,813,847,6.6171875,0.2727042296874913,True
0.975,129,30014,1024,7265,909,34,943,7.3671875,7.0947265625,927,0.1131591796875,31,0.03344120819848975,78.1337890625,0.9931640625,29.202414751346282,0.9829936945845669,0.0037841796875,0.24490884843750393,0.2609973046874927,909,920,1.012101210121012,1026,230.43333333333334,3,29,0.0,89.29575892857143,777,811,6.3359375,0.2727042296874913,True
0.975,130,48237,1024,6678,835,34,869,6.7890625,6.521484375,1514,0.184814453125,72,0.047556142668428,200.763671875,2.607421875,25.103952307394025,0.789879047478527,0.0087890625,0.24490884843750393,0.2609973046874927,835,846,1.0131736526946107,259,108.28169014084507,2,69,0.0,207.23991935483872,740,774,6.046875,0.2727042296874913,True
0.975,131,4823,1024,7517,940,34,974,7.609375,7.3408203125,675,0.0823974609375,38,0.056296296296296296,191.830078125,1.935546875,25.301636572013177,0.9213741599804707,0.004638671875,0.24490884843750393,0.2609973046874927,940,951,1.0117021276595746,155,196.51351351351352,2,33,0.0,195.45671641791046,824,858,6.703125,0.2727042296874913,True
0.975,132,26627,1024,7815,977,34,1011,7.8984375,7.6318359375,377,0.0460205078125,27,0.07161803713527852,60.625,1.109375,30.304286092575904,0.9800115715397536,0.0032958984375,0.24490884843750393,0.2609973046874927,977,988,1.0112589559877174,97,299.4230769230769,2,25,0.0,61.34387351778656,880,914,7.140625,0.2727042296874913,True
0.975,133,12293,1024,7951,994,34,1028,8.03125,7.7646484375,241,0.0294189453125,18,0.07468879668049792,66.31640625,0.74609375,29.914593775247695,0.9806960845312216,0.002197265625,0.24490884843750393,0.2609973046874927,994,1005,1.011066398390342,84,473.7647058823529,1,18,0.0,66.97041420118343,938,972,7.59375,0.2727042296874913,True
0.975,134,32803,1024,6508,814,34,848,6.625,6.35546875,1684,0.20556640625,88,0.052256532066508314,146.8125,3.1015625,26.463173267462295,0.8075018566246223,0.0107421875,0.24490884843750393,0.2609973046874927,814,825,1.0135135135135136,258,83.22988505747126,2,87,0.0,151.5483870967742,695,729,5.6953125,0.2727042296874913,True
0.975,135,41882,1024,7124,891,34,925,7.2265625,6.95703125,1068,0.13037109375,46,0.04307116104868914,189.5,2.3125,25.35471146563819,0.9844912431329919,0.005615234375,0.24490884843750393,0.2609973046874927,891,902,1.0123456790123457,257,170.86666666666667,2,41,0.0,195.61290322580646,717,751,5.8671875,0.2727042296874913,True
0.975,136,10235,1024,7202,901,34,935,7.3046875,7.033203125,990,0.120849609375,30,0.030303030303030304,46.251953125,0.845703125,31.479502840415034,0.9598685678380473,0.003662109375,0.24490884843750393,0.2609973046874927,901,912,1.0122086570477247,514,256.82758620689657,2,26,0.0,49.33541666666667,778,812,6.34375,0.2727042296874913,True
0.975,137,30033,1024,7485,936,34,970,7.578125,7.3095703125,707,0.0863037109375,37,0.05233380480905234,71.078125,1.27734375,29.61344398021842,0.9807270374158851,0.0045166015625,0.24490884843750393,0.2609973046874927,936,947,1.0117521367521367,139,217.72222222222223,2,34,0.0,72.2780536246276,898,932,7.28125,0.2727042296874913,True
0.975,138,20042,1024,7529,942,34,976,7.625,7.3525390625,663,0.0809326171875,19,0.02865761689291101,106.25,1.265625,27.867514221455615,0.9558719723126223,0.0023193359375,0.24490884843750393,0.2609973046874927,942,953,1.0116772823779194,33,318.22222222222223,1,19,0.0,106.66666666666667,859,893,6.9765625,0.2727042296874913,True
0.975,139,29399,1024,7502,938,34,972,7.59375,7.326171875,690,0.084228515625,16,0.02318840579710145,75.3173828125,0.7470703125,29.361851404664243,0.9581756892359095,0.001953125,0.24490884843750393,0.2609973046874927,938,949,1.011727078891258,935,351.26666666666665,1,16,0.0,84.93942731277534,788,822,6.421875,0.2727042296874913,True
0.975,140,6463,1024,7823,978,34,1012,7.90625,7.6396484375,369,0.0450439453125,23,0.06233062330623306,124.501953125,1.283203125,27.179041963859014,0.9052624933730498,0.0028076171875,0.24490884843750393,0.2609973046874927,978,989,1.0112474437627812,240,223.6818181818182,2,20,0.0,128.25955734406438,936,970,7.578125,0.2727042296874913,True
0.975,141,25920,1024,6747,844,34,878,6.859375,6.5888671875,1445,0.1763916015625,117,0.0809688581314879,661.95703125,6.361328125,19.922505613023308,0.8632133646871031,0.0142822265625,0.24490884843750393,0.2609973046874927,844,855,1.0130331753554502,91,67.58620689655173,3,108,0.0,669.1451135241856,705,739,5.7734375,0.2727042296874913,True
0.975,142,10327,1024,8061,1008,34,1042,8.140625,7.8720703125,131,0.0159912109375,15,0.11450381679389313,129.0625,1.1640625,27.022802875314152,0.983846961939827,0.0018310546875,0.24490884843750393,0.2609973046874927,1008,1019,1.0109126984126984,828,514.6428571428571,2,13,0.0,143.49619978284474,1011,1045,8.1640625,0.2727042296874913,True
0.975,143,3805,1024,7167,896,34,930,7.265625,6.9990234375,1025,0.1251220703125,45,0.04390243902439024,125.3125,1.7734375,27.150859665676343,0.9502482442143596,0.0054931640625,0.24490884843750393,0.2609973046874927,896,907,1.0122767857142858,579,167.0681818181818,2,42,0.0,134.78991596638656,795,829,6.4765625,0.2727042296874913,True
0.975,144,37879,1024,6016,752,34,786,6.140625,5.875,2176,0.265625,38,0.017463235294117647,36.953125,0.80859375,32.45429189777967,0.9795930386919491,0.004638671875,0.24490884843750393,0.2609973046874927,752,763,1.014627659574468,467,201.97297297297297,2,32,0.0,39.17184265010352,494,528,4.125,0.2727042296874913,True
0.975,145,22721,1024,6907,864,34,898,7.015625,6.7451171875,1285,0.1568603515625,18,0.014007782101167316,25.453125,0.54296875,34.073392505432885,0.9797066507124383,0.002197265625,0.24490884843750393,0.2609973046874927,864,875,1.0127314814814814,1466,364.1764705882353,1,18,0.0,30.991676575505352,727,761,5.9453125,0.2727042296874913,True
0.975,146,43932,1024,7631,954,34,988,7.71875,7.4521484375,561,0.0684814453125,15,0.026737967914438502,114.5,1.09375,27.542748741920033,0.9741191028515785,0.0018310546875,0.24490884843750393,0.2609973046874927,954,965,1.0115303983228512,120,406.92857142857144,1,15,0.0,116.2021803766105,843,877,6.8515625,0.2727042296874913,True
0.975,147,47270,1024,7533,942,34,976,7.625,7.3564453125,659,0.0804443359375,20,0.030349013657056147,121.375,1.1875,27.28951117951849,0.9469046237477349,0.00244140625,0.24490884843750393,0.2609973046874927,942,953,1.0116772823779194,304,360.10526315789474,3,18,0.0,126.052738336714,866,900,7.03125,0.2727042296874913,True
0.975,148,11091,1024,6660,833,34,867,6.7734375,6.50390625,1532,0.18701171875,67,0.043733681462140996,151.4375,2.3203125,26.32846929386329,0.8825822324859968,0.0081787109375,0.24490884843750393,0.2609973046874927,833,844,1.0132052821128452,242,116.98484848484848,4,50,0.0,156.00804828973844,698,732,5.71875,0.2727042296874913,True
0.975,149,9736,1024,7575,947,34,981,7.6640625,7.3974609375,617,0.0753173828125,29,0.04700162074554295,47.7099609375,0.8388671875,31.344712998871678,0.9422691483513703,0.0035400390625,0.24490884843750393,0.2609973046874927,947,958,1.0116156282998945,44,281.89285714285717,2,25,0.0,47.94406280667321,820,854,6.671875,0.2727042296874913,True
0.975,150,23206,1024,6923,866,34,900,7.03125,6.7607421875,1269,0.1549072265625,67,0.05279747832939322,108.59375,2.015625,27.772755302616833,0.9502421690721092,0.0081787109375,0.24490884843750393,0.2609973046874927,866,877,1.01270207852194,261,119.6969696969697,3,53,0.0,112.09677419354838,740,774,6.046875,0.2727042296874913,True
0.975,151,25039,1024,7821,978,34,1012,7.90625,7.6376953125,371,0.0452880859375,39,0.10512129380053908,170.25,2.140625,25.819932402830872,0.9045201416496211,0.0047607421875,0.24490884843750393,0.2609973046874927,978,989,1.0112474437627812,834,187.55263157894737,2,37,0.0,189.49565217391304,950,984,7.6875,0.2727042296874913,True
0.975,152,21014,1024,17,3,34,37,0.2890625,0.0166015625,8175,0.9979248046875,2912,0.35620795107033637,17491.58984375,96.634765625,5.702510757466874,0.045170081610979684,0.35546875,0.24490884843750393,0.2609973046874927,3,11,3.6666666666666665,87,2.750944692545517,8,1577,0.0,17664.090729783038,4,38,0.296875,0.2727042296874913,True
0.975,153,32412,1024,7866,984,34,1018,7.953125,7.681640625,326,0.039794921875,21,0.06441717791411043,50.3193359375,0.7177734375,31.113454597618258,0.983403306165541,0.0025634765625,0.24490884843750393,0.2609973046874927,984,995,1.011178861788618,151,372.9,2,20,0.0,51.21968190854871,895,929,7.2578125,0.2727042296874913,True
0.975,154,34022,1024,6181,773,34,807,6.3046875,6.0361328125,2011,0.2454833984375,32,0.015912481352560914,60.9072265625,0.9228515625,30.284115367075692,0.9493716875175022,0.00390625,0.24490884843750393,0.2609973046874927,773,784,1.0142302716688227,930,232.61290322580646,4,25,0.0,68.68832599118943,602,636,4.96875,0.2727042296874913,True
0.975,155,21369,1024,6959,870,34,904,7.0625,6.7958984375,1233,0.1505126953125,50,0.040551500405515,116.474609375,1.353515625,27.468490982539105,0.9665332648418808,0.006103515625,0.24490884843750393,0.2609973046874927,870,881,1.0126436781609196,772,128.3265306122449,4,41,0.0,128.52370689655172,705,739,5.7734375,0.2727042296874913,True
0.975,156,41654,1024,7612,952,34,986,7.703125,7.43359375,580,0.07080078125,36,0.06206896551724138,95.50390625,1.533203125,28.3305922563887,0.9614396991642762,0.00439453125,0.24490884843750393,0.2609973046874927,952,963,1.0115546218487395,313,224.05714285714285,2,35,0.0,99.28527918781725,869,903,7.0546875,0.2727042296874913,True
0.975,157,11953,1024,253,32,34,66,0.515625,0.2470703125,7939,0.9691162109375,3837,0.4833102405844565,24346.7861328125,138.9853515625,4.266387200361132,0.06404683750615721,0.4683837890625,0.24490884843750393,0.2609973046874927,32,43,1.34375,271,2.0641293013555786,8,1975,0.0,25157.526740665995,22,56,0.4375,0.2727042296874913,True
0.975,158,13700,1024,7213,902,34,936,7.3125,7.0439453125,979,0.1195068359375,18,0.018386108273748723,108.75,1.140625,27.766510952412354,0.9740568020986575,0.002197265625,0.24490884843750393,0.2609973046874927,902,913,1.0121951219512195,186,251.76470588235293,1,18,0.0,111.24875124875125,773,807,6.3046875,0.2727042296874913,True
0.975,159,38205,1024,7051,882,34,916,7.15625,6.8857421875,1141,0.1392822265625,183,0.16038562664329536,724.1279296875,10.6513671875,19.53265062282197,0.7375054556671393,0.0223388671875,0.24490884843750393,0.2609973046874927,882,893,1.0124716553287982,135,40.01648351648352,2,180,0.0,735.6220238095239,710,744,5.8125,0.2727042296874913,True
0.975,160,40129,1024,6491,812,34,846,6.609375,6.3388671875,1701,0.2076416015625,3,0.001763668430335097,2.25,0.078125,44.60897842756548,0.9878628859097832,0.0003662109375,0.24490884843750393,0.2609973046874927,812,823,1.0135467980295567,515,1819.5,1,3,0.0,2.4,662,696,5.4375,0.2727042296874913,True
0.975,161,17080,1024,6893,862,34,896,7.0,6.7314453125,1299,0.1585693359375,27,0.020785219399538105,47.328125,0.83203125,31.379610615189417,0.9664262042574344,0.0032958984375,0.24490884843750393,0.2609973046874927,862,873,1.0127610208816706,2426,174.76923076923077,3,23,0.0,67.21775312066575,701,735,5.7421875,0.2727042296874913,True
0.975,162,1505,1024,7709,964,34,998,7.796875,7.5283203125,483,0.0589599609375,39,0.08074534161490683,130.50390625,1.78515625,26.97456849673071,0.9659538488481092,0.0047607421875,0.24490884843750393,0.2609973046874927,964,975,1.0114107883817427,95,177.5,2,36,0.0,131.92102665350444,900,934,7.296875,0.2727042296874913,True
0.975,163,36391,1024,7713,965,34,999,7.8046875,7.5322265625,479,0.0584716796875,29,0.060542797494780795,81.75,1.078125,29.005925995355867,0.9693306433712078,0.0035400390625,0.24490884843750393,0.2609973046874927,965,976,1.01139896373057,97,280.60714285714283,3,23,0.0,82.71936758893281,867,901,7.0390625,0.2727042296874913,True
0.975,164,24660,1024,7408,926,34,960,7.5,7.234375,784,0.095703125,52,0.0663265306122449,261.8134765625,2.7431640625,23.95088363244109,0.9375656896356317,0.00634765625,0.24490884843750393,0.2609973046874927,926,937,1.011879049676026,163,154.35294117647058,2,49,0.0,267.0288844621514,851,885,6.9140625,0.2727042296874913,True
0.975,165,24061,1024,7332,917,34,951,7.4296875,7.16015625,860,0.10498046875,38,0.044186046511627906,79.779296875,1.33203125,29.111901564781107,0.9806518519483917,0.004638671875,0.24490884843750393,0.2609973046874927,917,928,1.0119956379498365,943,168.05405405405406,2,34,0.0,90.07056229327453,733,767,5.9921875,0.2727042296874913,True
0.975,166,10964,1024,6752,844,34,878,6.859375,6.59375,1440,0.17578125,66,0.04583333333333333,195.875,3.125,25.21101351391264,0.8135136259285738,0.008056640625,0.24490884843750393,0.2609973046874927,844,855,1.0130331753554502,259,118.13846153846154,2,64,0.0,202.19354838709677,679,713,5.5703125,0.2727042296874913,True
0.975,167,20807,1024,7905,989,34,1023,7.9921875,7.7197265625,287,0.0350341796875,26,0.09059233449477352,143.5625,1.4453125,26.56039348328809,0.9841434802498864,0.003173828125,0.24490884843750393,0.2609973046874927,989,1000,1.0111223458038423,2040,245.84,2,25,0.0,191.16775032509753,936,970,7.578125,0.2727042296874913,True
0.975,168,33388,1024,7912,989,34,1023,7.9921875,7.7265625,280,0.0341796875,40,0.14285714285714285,146.2587890625,1.7744140625,26.479583874698992,0.9538199206645444,0.0048828125,0.24490884843750393,0.2609973046874927,989,1000,1.0111223458038423,63,202.51282051282053,2,36,0.0,147.26548672566372,971,1005,7.8515625,0.2727042296874913,True
0.975,169,34571,1024,7621,953,34,987,7.7109375,7.4423828125,571,0.0697021484375,31,0.0542907180385289,90.6767578125,1.2568359375,28.555843775267213,0.9745094450971086,0.0037841796875,0.24490884843750393,0.2609973046874927,953,964,1.011542497376705,93,240.36666666666667,1,31,0.0,91.66140177690029,855,889,6.9453125,0.2727042296874913,True
0.975,170,21194,1024,7493,937,34,971,7.5859375,7.3173828125,699,0.0853271484375,26,0.03719599427753934,121.640625,1.35546875,27.280017179476587,0.9199834601479575,0.003173828125,0.24490884843750393,0.2609973046874927,937,948,1.0117395944503735,18,326.84,2,23,0.0,121.87866927592955,838,872,6.8125,0.2727042296874913,True
0.975,171,32696,1024,7478,935,34,969,7.5703125,7.302734375,714,0.087158203125,14,0.0196078431372549,44.0625,0.5390625,31.690112265324366,0.9927115095861827,0.001708984375,0.24490884843750393,0.2609973046874927,935,946,1.011764705882353,513,537.3076923076923,2,12,0.0,47.0,820,854,6.671875,0.2727042296874913,True
0.975,172,46005,1024,5925,741,34,775,6.0546875,5.7861328125,2267,0.2767333984375,20,0.00882223202470225,27.5,0.59375,33.73747667037647,0.9064015854739927,0.00244140625,0.24490884843750393,0.2609973046874927,741,752,1.0148448043184886,3193,244.31578947368422,3,17,0.0,45.056,548,582,4.546875,0.2727042296874913,True
0.975,173,19269,1024,6650,832,34,866,6.765625,6.494140625,1542,0.188232421875,51,0.033073929961089495,114.765625,1.94140625,27.532685347255224,0.8544897946229835,0.0062255859375,0.24490884843750393,0.2609973046874927,832,843,1.0132211538461537,2971,94.42,3,44,0.0,179.96937212863705,575,609,4.7578125,0.2727042296874913,True
0.975,174,5503,1024,7888,986,34,1020,7.96875,7.703125,304,0.037109375,25,0.08223684210526316,96.5009765625,1.1884765625,28.285486525649567,0.9748000211396127,0.0030517578125,0.24490884843750393,0.2609973046874927,986,997,1.011156186612576,401,323.0,2,23,0.0,101.45482546201232,972,1006,7.859375,0.2727042296874913,True
0.975,175,32979,1024,7476,935,34,969,7.5703125,7.30078125,716,0.08740234375,37,0.051675977653631286,97.08984375,1.287109375,28.259065587047417,0.9778900618332097,0.0045166015625,0.24490884843750393,0.2609973046874927,935,946,1.011764705882353,119,175.75,2,33,0.0,98.43564356435644,795,829,6.4765625,0.2727042296874913,True
0.975,176,32764,1024,7823,978,34,1012,7.90625,7.6396484375,369,0.0450439453125,12,0.032520325203252036,34.3125,0.5234375,32.77627999073743,0.9831306358197384,0.00146484375,0.24490884843750393,0.2609973046874927,978,989,1.0112474437627812,787,530.0909090909091,1,12,0.0,37.943844492440604,880,914,7.140625,0.2727042296874913,True
0.975,177,36396,1024,6775,847,34,881,6.8828125,6.6162109375,1417,0.1729736328125,48,0.03387438249823571,137.03125,1.8515625,26.76260741485757,0.8587848899710759,0.005859375,0.24490884843750393,0.2609973046874927,847,858,1.0129870129870129,84,167.12765957446808,3,45,0.0,138.38264299802762,719,753,5.8828125,0.2727042296874913,True
0.975,178,16139,1024,5526,691,34,725,5.6640625,5.396484375,2666,0.325439453125,46,0.0172543135783946,154.1884765625,1.6650390625,26.250284433937303,0.9268648359426365,0.005615234375,0.24490884843750393,0.2609973046874927,691,684,0.9898697539797395,4612,74.46666666666667,3,40,0.0,352.43080357142856,504,538,4.203125,0.2727042296874913,True
0.975,179,32110,1024,259,33,34,67,0.5234375,0.2529296875,7933,0.9683837890625,3167,0.3992184545569142,18629.8466796875,108.2822265625,5.428710801230192,0.08397520141395563,0.3865966796875,0.24490884843750393,0.2609973046874927,33,37,1.121212121212121,189,2.527479469361971,8,1626,0.0,19057.905094905094,16,50,0.390625,0.2727042296874913,True
0.975,180,37930,1024,7784,973,34,1007,7.8671875,7.6015625,408,0.0498046875,50,0.12254901960784313,343.5009765625,3.5634765625,22.771523847849984,0.9214955000285028,0.006103515625,0.24490884843750393,0.2609973046874927,973,984,1.0113052415210688,250,147.75510204081633,2,49,0.0,354.2245720040282,864,898,7.015625,0.2727042296874913,True
0.975,181,5624,1024,7451,932,34,966,7.546875,7.2763671875,741,0.0904541015625,21,0.02834008097165992,21.5,0.5,34.806419009523054,0.9842815638864623,0.0025634765625,0.24490884843750393,0.2609973046874927,932,943,1.011802575107296,690,354.8,3,14,0.0,23.47121535181237,826,860,6.71875,0.2727042296874913,True
0.975,182,37946,1024,7478,935,34,969,7.5703125,7.302734375,714,0.087158203125,26,0.036414565826330535,87.2685546875,0.9912109375,28.722225774810116,0.9711251411225242,0.003173828125,0.24490884843750393,0.2609973046874927,935,946,1.011764705882353,250,295.04,3,19,0.0,89.99295065458207,780,814,6.359375,0.2727042296874913,True
0.975,183,6616,1024,8021,1003,34,1037,8.1015625,7.8330078125,171,0.0208740234375,14,0.08187134502923976,35.75,0.546875,32.59804314730811,0.9866350124271961,0.001708984375,0.24490884843750393,0.2609973046874927,1003,1014,1.0109670987038883,1346,421.53846153846155,2,12,0.0,42.76635514018692,959,993,7.7578125,0.2727042296874913,True
0.975,184,11706,1024,7626,954,34,988,7.71875,7.447265625,566,0.069091796875,28,0.04946996466431095,185.8154296875,1.7451171875,25.439985868942916,0.9787129200540796,0.00341796875,0.24490884843750393,0.2609973046874927,954,965,1.0115303983228512,512,282.1111111111111,2,26,0.0,198.203125,836,870,6.796875,0.2727042296874913,True
0.975,185,10558,1024,27,4,34,38,0.296875,0.0263671875,8165,0.9967041015625,3045,0.37293325168401714,10764.248046875,72.060546875,7.810966639586658,0.1145221320208086,0.3717041015625,0.24490884843750393,0.2609973046874927,4,12,3.0,108,2.644875164257556,8,1690,0.0,10902.660731948567,6,40,0.3125,0.2727042296874913,True
0.975,186,18351,1024,17,3,34,37,0.2890625,0.0166015625,8175,0.9979248046875,2574,0.3148623853211009,9704.8349609375,70.2744140625,8.260922066317915,0.038040394839714185,0.314208984375,0.24490884843750393,0.2609973046874927,3,11,3.6666666666666665,71,3.1496307811892734,8,1489,0.0,9781.250984251968,4,38,0.296875,0.2727042296874913,True
0.975,187,15023,1024,7290,912,34,946,7.390625,7.119140625,902,0.110107421875,42,0.04656319290465632,49.0390625,0.92578125,31.225382018650677,0.9813306138425082,0.005126953125,0.24490884843750393,0.2609973046874927,912,923,1.0120614035087718,522,174.21951219512195,3,35,0.0,52.362877997914495,809,843,6.5859375,0.2727042296874913,True
0.975,188,9490,1024,7104,888,34,922,7.203125,6.9375,1088,0.1328125,15,0.013786764705882353,35.0625,0.6640625,32.682374822676735,0.9529739809687829,0.0018310546875,0.24490884843750393,0.2609973046874927,888,899,1.0123873873873874,1793,347.5,1,15,0.0,44.88,714,748,5.84375,0.2727042296874913,True
0.975,189,6355,1024,7627,954,34,988,7.71875,7.4482421875,565,0.0689697265625,18,0.03185840707964602,37.1884765625,0.4931640625,32.426719731529644,0.9894740901683486,0.002197265625,0.24490884843750393,0.2609973046874927,954,965,1.0115303983228512,650,398.6470588235294,2,17,0.0,40.38282078472959,766,800,6.25,0.2727042296874913,True
0.975,190,8857,1024,5649,707,34,741,5.7890625,5.5166015625,2543,0.3104248046875,104,0.04089657884388517,275.6875,2.9453125,23.72663285745428,0.8106002886826793,0.0126953125,0.24490884843750393,0.2609973046874927,707,718,1.0155586987270155,770,67.20388349514563,3,81,0.0,304.2068965517241,529,563,4.3984375,0.2727042296874913,True
0.975,191,31811,1024,7114,890,34,924,7.21875,6.947265625,1078,0.131591796875,74,0.0686456400742115,181.578125,3.10546875,25.540168336653334,0.9384081121811273,0.009033203125,0.24490884843750393,0.2609973046874927,890,901,1.0123595505617977,481,94.38356164383562,2,68,0.0,192.87966804979254,756,790,6.171875,0.2727042296874913,True
0.975,192,10400,1024,7677,960,34,994,7.765625,7.4970703125,515,0.0628662109375,15,0.02912621359223301,31.3125,0.5546875,33.1736261765659,0.9780431062587976,0.0018310546875,0.24490884843750393,0.2609973046874927,960,971,1.0114583333333333,162,445.7142857142857,2,13,0.0,31.93625498007968,846,880,6.875,0.2727042296874913,True
0.975,193,275,1024,7401,926,34,960,7.5,7.2275390625,791,0.0965576171875,27,0.03413400758533502,48.828125,0.89453125,31.244103131717033,0.9641759252972575,0.0032958984375,0.24490884843750393,0.2609973046874927,926,937,1.011879049676026,25,262.2692307692308,2,26,0.0,48.97159647404506,796,830,6.484375,0.2727042296874913,True
0.975,194,26152,1024,17,3,34,37,0.2890625,0.0166015625,8175,0.9979248046875,3706,0.4533333333333333,18343.6904296875,117.4931640625,5.495936482897765,0.05140453878207003,0.452392578125,0.24490884843750393,0.2609973046874927,3,11,3.6666666666666665,287,2.1333333333333333,8,1888,0.0,18992.86046511628,4,38,0.296875,0.2727042296874913,True
0.975,195,13037,1024,251,32,34,66,0.515625,0.2451171875,7941,0.9693603515625,3083,0.3882382571464551,15929.9951171875,93.7802734375,6.108647181853507,0.04805064125340125,0.3763427734375,0.24490884843750393,0.2609973046874927,32,27,0.84375,271,2.5697598961713175,11,1466,0.0,16460.459132189706,11,45,0.3515625,0.2727042296874913,True
0.975,196,41203,1024,7677,960,34,994,7.765625,7.4970703125,515,0.0628662109375,28,0.05436893203883495,122.0,1.53125,27.26720530193162,0.937506882717431,0.00341796875,0.24490884843750393,0.2609973046874927,960,971,1.0114583333333333,730,270.48148148148147,1,28,0.0,133.89924973204717,875,909,7.1015625,0.2727042296874913,True
0.975,197,43709,1024,6721,841,34,875,6.8359375,6.5634765625,1471,0.1795654296875,27,0.018354860639021073,19.1875,0.5546875,35.30061968046648,0.963132646330031,0.0032958984375,0.24490884843750393,0.2609973046874927,841,852,1.0130796670630202,2563,196.6153846153846,2,25,0.0,27.90909090909091,633,667,5.2109375,0.2727042296874913,True
0.975,198,43572,1024,7226,904,34,938,7.328125,7.056640625,966,0.117919921875,47,0.048654244306418216,135.078125,1.65234375,26.824953372418562,0.9485874708361446,0.0057373046875,0.24490884843750393,0.2609973046874927,904,915,1.0121681415929205,740,152.97826086956522,3,34,0.0,148.41201716738198,789,823,6.4296875,0.2727042296874913,True
0.975,199,23390,1024,7422,928,34,962,7.515625,7.248046875,770,0.093994140625,16,0.02077922077922078,28.25,0.421875,33.62061908712453,0.9916415280941413,0.001953125,0.24490884843750393,0.2609973046874927,928,939,1.011853448275862,256,522.2,3,10,0.0,29.161290322580644,811,845,6.6015625,0.2727042296874913,True
0.99,0,712,1024,7856,982,34,1016,7.9375,7.671875,336,0.041015625,3,0.008928571428571428,9.0,0.15625,38.58837851428585,0.998982357202234,0.0003662109375,0.24490884843750393,0.2609973046874927,982,993,1.0112016293279023,2313,2788.0,1,3,0.0,12.538775510204081,844,878,6.859375,0.2727042296874913,True
0.99,1,24774,1024,7850,982,34,1016,7.9375,7.666015625,342,0.041748046875,13,0.038011695906432746,28.25,0.546875,33.62061908712453,0.9878671949708814,0.0015869140625,0.24490884843750393,0.2609973046874927,982,993,1.0112016293279023,858,569.3333333333334,2,12,0.0,31.546346782988003,848,882,6.890625,0.2727042296874913,True
0.99,2,45142,1024,8047,1006,34,1040,8.125,7.8583984375,145,0.0177001953125,5,0.034482758620689655,20.0,0.3125,35.12050365203929,0.9973108411976517,0.0006103515625,0.24490884843750393,0.2609973046874927,1006,1017,1.010934393638171,561,1142.0,1,5,0.0,21.467505241090148,936,970,7.578125,0.2727042296874913,True
0.99,3,27119,1024,8120,1015,34,1049,8.1953125,7.9296875,72,0.0087890625,3,0.041666666666666664,0.0029296875,0.0029296875,73.4625906278806,0.9999998005598744,0.0003662109375,0.24490884843750393,0.2609973046874927,1015,813,0.8009852216748768,335,132.0,1,3,0.0,0.003051881993896236,836,870,6.796875,0.2727042296874913,True
0.99,4,21139,1024,7580,948,34,982,7.671875,7.40234375,612,0.07470703125,19,0.03104575163398693,65.5,1.0625,29.968390608761272,0.9901446629398596,0.0023193359375,0.24490884843750393,0.2609973046874927,948,959,1.011603375527426,3585,170.66666666666666,1,19,0.0,116.44444444444444,739,773,6.0390625,0.2727042296874913,True
0.99,5,19129,1024,7839,980,34,1014,7.921875,7.6552734375,353,0.0430908203125,5,0.014164305949008499,12.5,0.21875,37.16170347859854,0.996548529006061,0.0006103515625,0.24490884843750393,0.2609973046874927,980,991,1.0112244897959184,3841,586.5,1,5,0.0,23.529411764705884,801,835,6.5234375,0.2727042296874913,True
0.99,6,6433,1024,7541,943,34,977,7.6328125,7.3642578125,651,0.0794677734375,11,0.016897081413210446,22.25,0.421875,34.6575034555096,0.9618441573814267,0.0013427734375,0.24490884843750393,0.2609973046874927,943,954,1.0116648992576882,1226,483.1,1,11,0.0,26.158438576349024,731,765,5.9765625,0.2727042296874913,True
0.99,7,38854,1024,7743,968,34,1002,7.828125,7.5615234375,449,0.0548095703125,2,0.004454342984409799,1.25,0.046875,47.16170347859854,0.9973906724916268,0.000244140625,0.24490884843750393,0.2609973046874927,968,979,1.0113636363636365,5707,247.0,1,2,0.0,4.115755627009646,815,849,6.6328125,0.2727042296874913,True
0.99,8,22489,1024,7851,982,34,1016,7.9375,7.6669921875,341,0.0416259765625,5,0.01466275659824047,14.25,0.234375,36.59265496523381,0.9997614767826298,0.0006103515625,0.24490884843750393,0.2609973046874927,982,993,1.0112016293279023,513,1858.0,1,5,0.0,15.2,796,830,6.484375,0.2727042296874913,True
0.99,9,31104,1024,7839,980,34,1014,7.921875,7.6552734375,353,0.0430908203125,5,0.014164305949008499,22.0625,0.2578125,34.69425638136013,0.9984378911489462,0.0006103515625,0.24490884843750393,0.2609973046874927,980,991,1.0112244897959184,252,1025.0,1,5,0.0,22.751258811681772,744,778,6.078125,0.2727042296874913,True
0.99,10,21349,1024,7894,987,34,1021,7.9765625,7.708984375,298,0.036376953125,5,0.016778523489932886,13.25,0.234375,36.90864482595084,0.9962644211705175,0.0006103515625,0.24490884843750393,0.2609973046874927,987,998,1.011144883485309,2242,1401.75,1,5,0.0,18.236559139784948,830,864,6.75,0.2727042296874913,True
0.99,11,29116,1024,7978,998,34,1032,8.0625,7.791015625,214,0.026123046875,2,0.009345794392523364,5.0,0.09375,41.141103565318915,0.9997070656408374,0.000244140625,0.24490884843750393,0.2609973046874927,998,1009,1.0110220440881763,3833,1505.0,1,2,0.0,9.394495412844037,819,853,6.6640625,0.2727042296874913,True
0.99,12,10772,1024,8066,1009,34,1043,8.1484375,7.876953125,126,0.015380859375,4,0.031746031746031744,28.0,0.3125,33.65922329525691,0.990283338932941,0.00048828125,0.24490884843750393,0.2609973046874927,1009,1020,1.0109018830525272,865,1389.0,1,4,0.0,31.30131004366812,936,970,7.578125,0.2727042296874913,True
0.99,13,18332,1024,8077,1010,34,1044,8.15625,7.8876953125,115,0.0140380859375,3,0.02608695652173913,13.0,0.15625,36.99137008561073,0.9970304788399883,0.0003662109375,0.24490884843750393,0.2609973046874927,1010,1021,1.010891089108911,2721,304.5,1,3,0.0,19.461988304093566,897,931,7.2734375,0.2727042296874913,True
0.99,14,1003,1024,8019,1003,34,1037,8.1015625,7.8310546875,173,0.0211181640625,19,0.10982658959537572,61.5,0.84375,30.242052450924938,0.9910475381421876,0.0023193359375,0.24490884843750393,0.2609973046874927,1003,1014,1.0109670987038883,187,364.3333333333333,2,14,0.0,62.913086913086914,877,911,7.1171875,0.2727042296874913,True
0.99,15,22156,1024,7876,985,34,1019,7.9609375,7.69140625,316,0.03857421875,11,0.03481012658227848,38.0,0.5625,32.332967642511,0.9800839593463155,0.0013427734375,0.24490884843750393,0.2609973046874927,985,996,1.0111675126903554,1850,482.3,1,11,0.0,49.06935687263556,862,896,7.0,0.2727042296874913,True
0.99,16,26453,1024,7535,942,34,976,7.625,7.3583984375,657,0.0802001953125,10,0.015220700152207,29.0634765625,0.4775390625,33.49732797650499,0.9834464514099437,0.001220703125,0.24490884843750393,0.2609973046874927,942,953,1.0116772823779194,2145,366.22222222222223,1,10,0.0,39.366402116402114,767,801,6.2578125,0.2727042296874913,True
0.99,17,17039,1024,8087,1011,34,1045,8.1640625,7.8974609375,105,0.0128173828125,2,0.01904761904761905,4.0009765625,0.0634765625,42.1091435355458,0.9920787319335368,0.000244140625,0.24490884843750393,0.2609973046874927,1011,1022,1.0108803165182987,6639,218.0,1,2,0.0,21.01025641025641,796,830,6.484375,0.2727042296874913,True
0.99,18,7166,1024,7857,983,34,1017,7.9453125,7.6728515625,335,0.0408935546875,2,0.005970149253731343,1.0009765625,0.0322265625,48.126564521159494,0.99873662033617,0.000244140625,0.24490884843750393,0.2609973046874927,983,994,1.0111902339776195,71,1323.0,1,2,0.0,1.0088582677165354,808,842,6.578125,0.2727042296874913,True
0.99,19,48310,1024,7905,989,34,1023,7.9921875,7.7197265625,287,0.0350341796875,10,0.03484320557491289,22.2666015625,0.3955078125,34.65426422921384,0.9975577778222697,0.001220703125,0.24490884843750393,0.2609973046874927,989,1000,1.0111223458038423,1175,750.0,1,10,0.0,25.969248291571756,758,792,6.1875,0.2727042296874913,True
0.99,20,12187,1024,7185,899,34,933,7.2890625,7.0166015625,1007,0.1229248046875,9,0.00893743793445879,8.2509765625,0.2041015625,38.96575007396116,0.9775832894962357,0.0010986328125,0.24490884843750393,0.2609973046874927,899,910,1.0122358175750834,2554,703.625,2,7,0.0,11.984397163120567,653,687,5.3671875,0.2727042296874913,True
0.99,21,20284,1024,6964,871,34,905,7.0703125,6.80078125,1228,0.14990234375,15,0.012214983713355049,29.671875,0.40234375,33.4073537011478,0.9594929653196607,0.0018310546875,0.24490884843750393,0.2609973046874927,871,882,1.0126291618828933,3504,268.14285714285717,2,14,0.0,51.84982935153584,634,668,5.21875,0.2727042296874913,True
0.99,22,1052,1024,7889,987,34,1021,7.9765625,7.7041015625,303,0.0369873046875,2,0.006600660066006601,17.0,0.15625,35.826314394896364,0.9948954039482297,0.000244140625,0.24490884843750393,0.2609973046874927,987,998,1.011144883485309,490,5870.0,1,2,0.0,18.076843198338526,831,865,6.7578125,0.2727042296874913,True
0.99,23,13752,1024,6675,835,34,869,6.7890625,6.5185546875,1517,0.1851806640625,7,0.004614370468029005,4.0,0.15625,42.11020369539948,0.9964934181713612,0.0008544921875,0.24490884843750393,0.2609973046874927,835,846,1.0131736526946107,4026,602.8333333333334,1,7,0.0,7.861804222648752,564,598,4.671875,0.2727042296874913,True
0.99,24,37139,1024,7861,983,34,1017,7.9453125,7.6767578125,331,0.0404052734375,5,0.015105740181268883,6.5,0.15625,40.00167004225055,0.9967973053850848,0.0006103515625,0.24490884843750393,0.2609973046874927,983,994,1.0111902339776195,6578,136.25,1,5,0.0,32.95049504950495,805,839,6.5546875,0.2727042296874913,True
0.99,25,29727,1024,8074,1010,34,1044,8.15625,7.884765625,118,0.014404296875,1,0.00847457627118644,4.0,0.0625,42.11020369539948,0.9999333861498632,0.0001220703125,0.24490884843750393,0.2609973046874927,1010,1021,1.010891089108911,321,,1,1,0.0,4.162601626016261,951,985,7.6953125,0.2727042296874913,True
0.99,26,41854,1024,7504,938,34,972,7.59375,7.328125,688,0.083984375,5,0.007267441860465116,14.0,0.25,36.66952325189672,0.9866906200502746,0.0006103515625,0.24490884843750393,0.2609973046874927,938,949,1.011727078891258,4553,698.0,1,5,0.0,31.50769230769231,747,781,6.1015625,0.2727042296874913,True
0.99,27,40333,1024,8113,1015,34,1049,8.1953125,7.9228515625,79,0.0096435546875,3,0.0379746835443038,12.0,0.1875,37.33899114820285,0.9944013345004974,0.0003662109375,0.24490884843750393,0.2609973046874927,1015,1026,1.0108374384236454,897,2076.0,1,3,0.0,13.473684210526315,900,934,7.296875,0.2727042296874913,True
0.99,28,33248,1024,7833,980,34,1014,7.921875,7.6494140625,359,0.0438232421875,8,0.022284122562674095,5.3125,0.1484375,40.87781417809542,0.9993282910873938,0.0009765625,0.24490884843750393,0.2609973046874927,980,932,0.9510204081632653,2556,626.1428571428571,2,6,0.0,7.716312056737588,687,721,5.6328125,0.2727042296874913,True
0.99,29,9680,1024,7899,988,34,1022,7.984375,7.7138671875,293,0.0357666015625,3,0.010238907849829351,13.25,0.140625,36.90864482595084,0.9994428917073394,0.0003662109375,0.24490884843750393,0.2609973046874927,988,999,1.0111336032388665,272,1713.0,1,3,0.0,13.705050505050504,855,889,6.9453125,0.2727042296874913,True
0.99,30,16805,1024,8117,1015,34,1049,8.1953125,7.9267578125,75,0.0091552734375,5,0.06666666666666667,12.5,0.21875,37.16170347859854,0.980811965876867,0.0006103515625,0.24490884843750393,0.2609973046874927,1015,1026,1.0108374384236454,19,1767.5,1,5,0.0,12.524461839530332,894,928,7.25,0.2727042296874913,True
0.99,31,14652,1024,7470,934,34,968,7.5625,7.294921875,722,0.088134765625,2,0.002770083102493075,0.0166015625,0.0048828125,65.92931396129448,0.9999569510891233,0.000244140625,0.24490884843750393,0.2609973046874927,934,945,1.011777301927195,3151,606.0,1,2,0.0,0.02694136291600634,700,734,5.734375,0.2727042296874913,True
0.99,32,15793,1024,7526,941,34,975,7.6171875,7.349609375,666,0.081298828125,2,0.003003003003003003,4.25,0.078125,41.84691430817598,0.995689250798515,0.000244140625,0.2482552992187408,0.2541938437500022,941,952,1.0116896918172158,3331,2846.0,1,2,0.0,7.157894736842105,759,793,6.1953125,0.26992302812499247,True
0.99,33,30210,1024,7611,952,34,986,7.703125,7.4326171875,581,0.0709228515625,8,0.013769363166953529,8.5009765625,0.1728515625,38.83611542054372,0.9915911576923128,0.0009765625,0.2482552992187408,0.2541938437500022,952,963,1.0115546218487395,1199,913.8571428571429,1,8,0.0,9.948571428571428,672,706,5.515625,0.26992302812499247,True
0.99,34,47426,1024,7942,993,34,1027,8.0234375,7.755859375,250,0.030517578125,5,0.02,52.0625,0.4453125,30.965553421170476,0.9748829474170783,0.0006103515625,0.2482552992187408,0.2541938437500022,993,1004,1.0110775427995973,3409,593.75,1,5,0.0,89.15050167224081,882,916,7.15625,0.26992302812499247,True
0.99,35,20875,1024,7734,967,34,1001,7.8203125,7.552734375,458,0.055908203125,7,0.015283842794759825,32.5,0.40625,33.01196999889036,0.9935832963963336,0.0008544921875,0.2482552992187408,0.2541938437500022,967,978,1.0113753877973113,513,649.1666666666666,1,7,0.0,34.666666666666664,779,813,6.3515625,0.26992302812499247,True
0.99,36,4161,1024,8059,1008,34,1042,8.140625,7.8701171875,133,0.0162353515625,0,0.0,0.0,0.0,,1.0,0.0,0.2482552992187408,0.2541938437500022,1008,1019,1.0109126984126984,,,0,0,,,905,939,7.3359375,0.26992302812499247,True
0.99,37,40340,1024,7579,948,34,982,7.671875,7.4013671875,613,0.0748291015625,16,0.026101141924959218,27.3125,0.5546875,33.76718906553413,0.9905233131366554,0.001953125,0.2482552992187408,0.2541938437500022,948,959,1.011603375527426,460,514.6,2,14,0.0,28.922440537745604,769,803,6.2734375,0.26992302812499247,True
0.99,38,28286,1024,7995,1000,34,1034,8.078125,7.8076171875,197,0.0240478515625,7,0.03553299492385787,7.375,0.1875,39.45318336217709,0.9909267657327606,0.0008544921875,0.2482552992187408,0.2541938437500022,1000,1011,1.011,27,819.8333333333334,1,7,0.0,7.396669931439765,868,902,7.046875,0.26992302812499247,True
0.99,39,13256,1024,8056,1007,34,1041,8.1328125,7.8671875,136,0.0166015625,2,0.014705882352941176,4.25,0.078125,41.84691430817598,0.9941196824878588,0.000244140625,0.2482552992187408,0.2541938437500022,1007,1018,1.0109235352532273,1491,3286.0,1,2,0.0,5.193317422434368,904,938,7.328125,0.26992302812499247,True
0.99,40,48934,1024,7885,986,34,1020,7.96875,7.7001953125,307,0.0374755859375,14,0.04560260586319218,29.0,0.59375,33.50682362968954,0.9999676068926676,0.001708984375,0.2482552992187408,0.2541938437500022,986,997,1.011156186612576,258,551.3076923076923,1,14,0.0,29.93548387096774,883,917,7.1640625,0.26992302812499247,True
0.99,41,11935,1024,7453,932,34,966,7.546875,7.2783203125,739,0.0902099609375,3,0.0040595399188092015,17.0625,0.1640625,35.81037696483079,0.9836635103353217,0.0003662109375,0.2482552992187408,0.2541938437500022,932,943,1.011802575107296,5948,386.0,1,3,0.0,62.1779359430605,713,747,5.8359375,0.26992302812499247,True
0.99,42,48447,1024,7956,995,34,1029,8.0390625,7.76953125,236,0.02880859375,1,0.00423728813559322,1.0,0.03125,48.1308036086791,0.999550637719748,0.0001220703125,0.2482552992187408,0.2541938437500022,995,1006,1.0110552763819096,2330,,1,1,0.0,1.3969986357435198,858,892,6.96875,0.26992302812499247,True
0.99,43,15492,1024,8140,1018,34,1052,8.21875,7.94921875,52,0.00634765625,1,0.019230769230769232,16.0,0.125,36.08960378211985,0.9943377231332194,0.0001220703125,0.2482552992187408,0.2541938437500022,1018,1029,1.0108055009823183,5752,,1,1,0.0,53.718032786885246,980,1014,7.921875,0.26992302812499247,True
0.99,44,32513,1024,7875,985,34,1019,7.9609375,7.6904296875,317,0.0386962890625,10,0.031545741324921134,38.0,0.5,32.332967642511,0.982367596649393,0.001220703125,0.2482552992187408,0.2541938437500022,985,996,1.0111675126903554,682,797.3333333333334,1,10,0.0,41.439829605963794,866,900,7.03125,0.26992302812499247,True
0.99,45,36099,1024,7765,971,34,1005,7.8515625,7.5830078125,427,0.0521240234375,13,0.03044496487119438,67.765625,0.70703125,29.820709127030355,0.992489002396944,0.0015869140625,0.2482552992187408,0.2541938437500022,971,982,1.011328527291452,853,591.5833333333334,1,13,0.0,75.59041394335512,807,841,6.5703125,0.26992302812499247,True
0.99,46,39260,1024,7463,933,34,967,7.5546875,7.2880859375,729,0.0889892578125,13,0.01783264746227709,14.28125,0.27734375,36.58314139117966,0.9878241450737719,0.0015869140625,0.2482552992187408,0.2541938437500022,933,905,0.969989281886388,774,511.75,3,11,0.0,15.758620689655173,591,625,4.8828125,0.26992302812499247,True
0.99,47,46517,1024,7567,946,34,980,7.65625,7.3896484375,625,0.0762939453125,3,0.0048,8.25,0.140625,38.966264123179855,0.9970688801309658,0.0003662109375,0.2482552992187408,0.2541938437500022,946,957,1.0116279069767442,2329,2501.0,1,3,0.0,11.525238744884039,731,765,5.9765625,0.26992302812499247,True
0.99,48,33095,1024,8018,1003,34,1037,8.1015625,7.830078125,174,0.021240234375,7,0.040229885057471264,74.0,0.625,29.438486411369343,0.9537980701663444,0.0008544921875,0.2482552992187408,0.2541938437500022,1003,1014,1.0109670987038883,2472,921.6666666666666,1,7,0.0,105.98041958041958,878,912,7.125,0.26992302812499247,True
0.99,49,3,1024,7722,966,34,1000,7.8125,7.541015625,470,0.057373046875,11,0.023404255319148935,44.0,0.6875,31.69627684381723,0.930558076680977,0.0013427734375,0.2482552992187408,0.2541938437500022,966,977,1.0113871635610765,1497,473.6,1,11,0.0,53.83034647550777,808,842,6.578125,0.26992302812499247,True
0.99,50,21683,1024,7815,977,34,1011,7.8984375,7.6318359375,377,0.0460205078125,36,0.09549071618037135,144.0,2.25,26.547178687726607,0.9881935573875954,0.00439453125,0.2482552992187408,0.2541938437500022,977,988,1.0112589559877174,7169,25.142857142857142,1,36,0.0,1152.0,811,845,6.6015625,0.26992302812499247,True
0.99,51,13446,1024,8071,1009,34,1043,8.1484375,7.8818359375,121,0.0147705078125,3,0.024793388429752067,32.00390625,0.251953125,33.078773713203645,0.9999388891461612,0.0003662109375,0.2482552992187408,0.2541938437500022,1009,1020,1.0109018830525272,5486,201.0,1,3,0.0,96.67256637168141,869,903,7.0546875,0.26992302812499247,True
0.99,52,49515,1024,7814,977,34,1011,7.8984375,7.630859375,378,0.046142578125,8,0.021164021164021163,29.0,0.46875,33.50682362968954,0.9936769269601019,0.0009765625,0.2482552992187408,0.2541938437500022,977,988,1.0112589559877174,409,793.2857142857143,1,8,0.0,30.520041109969167,800,834,6.515625,0.26992302812499247,True
0.99,53,27943,1024,8029,1004,34,1038,8.109375,7.8408203125,163,0.0198974609375,10,0.06134969325153374,75.0634765625,0.7119140625,29.3765168599009,0.9966109351725293,0.001220703125,0.2482552992187408,0.2541938437500022,1004,1015,1.0109561752988048,143,790.3333333333334,1,10,0.0,76.33068520357497,866,900,7.03125,0.26992302812499247,True
0.99,54,29059,1024,8049,1007,34,1041,8.1328125,7.8603515625,143,0.0174560546875,7,0.04895104895104895,20.2509765625,0.3291015625,35.066343898367904,0.9957692141465682,0.0008544921875,0.2482552992187408,0.2541938437500022,1007,1018,1.0109235352532273,2491,950.0,1,7,0.0,29.08415147265077,956,990,7.734375,0.26992302812499247,True
0.99,55,32738,1024,6708,839,34,873,6.8203125,6.55078125,1484,0.18115234375,10,0.006738544474393531,11.796875,0.21484375,37.413133832226094,0.9897327957815045,0.001220703125,0.2482552992187408,0.2541938437500022,839,850,1.0131108462455305,1475,526.1111111111111,1,10,0.0,14.380952380952381,545,579,4.5234375,0.26992302812499247,True
0.99,56,445,1024,8003,1001,34,1035,8.0859375,7.8154296875,189,0.0230712890625,5,0.026455026455026454,13.001953125,0.158203125,36.9907176489207,0.9867780061468903,0.0006103515625,0.2482552992187408,0.2541938437500022,1001,1012,1.010989010989011,2760,1066.25,1,5,0.0,19.608247422680414,926,960,7.5,0.26992302812499247,True
0.99,57,32216,1024,7888,986,34,1020,7.96875,7.703125,304,0.037109375,5,0.01644736842105263,17.8125,0.1953125,35.62355483515325,0.9999275355264343,0.0006103515625,0.2482552992187408,0.2541938437500022,986,997,1.011156186612576,3330,1112.25,1,5,0.0,30.0,838,872,6.8125,0.26992302812499247,True
0.99,58,18250,1024,8036,1005,34,1039,8.1171875,7.84765625,156,0.01904296875,0,0.0,0.0,0.0,,1.0,0.0,0.2482552992187408,0.2541938437500022,1005,1016,1.0109452736318407,,,0,0,,,886,920,7.1875,0.26992302812499247,True
0.99,59,1684,1024,7750,969,34,1003,7.8359375,7.568359375,442,0.053955078125,9,0.020361990950226245,27.06640625,0.353515625,33.806497648463505,0.9877272003507347,0.0010986328125,0.2482552992187408,0.2541938437500022,969,980,1.0113519091847265,2406,580.5,1,9,0.0,38.28176795580111,813,847,6.6171875,0.26992302812499247,True
0.99,60,2899,1024,7721,966,34,1000,7.8125,7.5400390625,471,0.0574951171875,20,0.04246284501061571,56.1923828125,0.7314453125,30.634029123220614,0.976808775318813,0.00244140625,0.2482552992187408,0.2541938437500022,966,977,1.0113871635610765,1865,320.8421052631579,1,20,0.0,72.74462705436157,810,844,6.59375,0.26992302812499247,True
0.99,61,39428,1024,7975,997,34,1031,8.0546875,7.7880859375,217,0.0264892578125,2,0.009216589861751152,4.25,0.078125,41.84691430817598,0.9948351729339916,0.000244140625,0.2482552992187408,0.2541938437500022,997,1008,1.0110330992978938,5545,2394.0,1,2,0.0,13.148036253776436,777,811,6.3359375,0.26992302812499247,True
0.99,62,40758,1024,7766,971,34,1005,7.8515625,7.583984375,426,0.052001953125,9,0.02112676056338028,6.125,0.203125,40.2597426783134,0.9995494957948338,0.0010986328125,0.2482552992187408,0.2541938437500022,971,982,1.011328527291452,5194,311.25,2,7,0.0,16.72533333333333,883,917,7.1640625,0.26992302812499247,True
0.99,63,29154,1024,8046,1006,34,1040,8.125,7.857421875,146,0.017822265625,20,0.136986301369863,123.25,1.328125,27.22293432918643,0.9954977987550065,0.00244140625,0.2482552992187408,0.2541938437500022,1006,1017,1.010934393638171,513,244.1578947368421,1,20,0.0,131.46666666666667,901,935,7.3046875,0.26992302812499247,True
0.99,64,43958,1024,7762,971,34,1005,7.8515625,7.580078125,430,0.052490234375,14,0.03255813953488372,72.0625,0.8203125,29.553710362291362,0.9241514985419813,0.001708984375,0.2482552992187408,0.2541938437500022,971,982,1.011328527291452,1233,371.3076923076923,1,14,0.0,84.8183908045977,838,872,6.8125,0.26992302812499247,True
0.99,65,33814,1024,8095,1012,34,1046,8.171875,7.9052734375,97,0.0118408203125,0,0.0,0.0,0.0,,1.0,0.0,0.2482552992187408,0.2541938437500022,1012,1023,1.0108695652173914,,,0,0,,,938,972,7.59375,0.26992302812499247,True
0.99,66,34153,1024,7777,973,34,1007,7.8671875,7.5947265625,415,0.0506591796875,14,0.033734939759036145,67.0009765625,0.7509765625,29.869992281280666,0.9808632249081056,0.001708984375,0.2482552992187408,0.2541938437500022,973,984,1.0113052415210688,1793,358.61538461538464,1,14,0.0,85.76125,819,853,6.6640625,0.26992302812499247,True
0.99,67,43609,1024,7923,991,34,1025,8.0078125,7.7373046875,269,0.0328369140625,2,0.007434944237918215,16.25,0.140625,36.02226995553017,0.9863775889155462,0.000244140625,0.2482552992187408,0.2541938437500022,991,1002,1.0110998990918265,1952,843.0,1,2,0.0,21.333333333333332,829,863,6.7421875,0.26992302812499247,True
0.99,68,10762,1024,7740,968,34,1002,7.828125,7.55859375,452,0.05517578125,6,0.01327433628318584,54.0,0.5,30.80686601044942,0.9650838020059721,0.000732421875,0.2482552992187408,0.2541938437500022,968,979,1.0113636363636365,2448,736.2,1,6,0.0,77.01392757660167,818,852,6.65625,0.26992302812499247,True
0.99,69,17898,1024,7415,927,34,961,7.5078125,7.2412109375,777,0.0948486328125,11,0.014157014157014158,3.6259765625,0.1572265625,42.53655368281564,0.9948957046565384,0.0013427734375,0.2482552992187408,0.2541938437500022,927,938,1.011866235167206,2028,236.3,1,11,0.0,4.815823605706874,700,734,5.734375,0.26992302812499247,True
0.99,70,43653,1024,7888,986,34,1020,7.96875,7.703125,304,0.037109375,3,0.009868421052631578,9.0,0.15625,38.58837851428585,0.9925877630750642,0.0003662109375,0.2482552992187408,0.2541938437500022,986,997,1.011156186612576,1817,796.0,1,3,0.0,11.5633626097867,808,842,6.578125,0.26992302812499247,True
0.99,71,14233,1024,7950,994,34,1028,8.03125,7.763671875,242,0.029541015625,7,0.028925619834710745,29.0,0.40625,33.50682362968954,0.9795197129671991,0.0008544921875,0.2482552992187408,0.2541938437500022,994,1005,1.011066398390342,657,1128.1666666666667,1,7,0.0,31.524416135881104,877,911,7.1171875,0.26992302812499247,True
0.99,72,39520,1024,8025,1004,34,1038,8.109375,7.8369140625,167,0.0203857421875,0,0.0,0.0,0.0,,1.0,0.0,0.2482552992187408,0.2541938437500022,1004,1015,1.0109561752988048,,,0,0,,,826,860,6.71875,0.26992302812499247,True
0.99,73,18138,1024,7918,990,34,1024,8.0,7.732421875,274,0.033447265625,1,0.0036496350364963502,1.0,0.03125,48.1308036086791,0.9980248892096296,0.0001220703125,0.2482552992187408,0.2541938437500022,990,1001,1.011111111111111,4202,,1,1,0.0,2.0521042084168335,804,838,6.546875,0.26992302812499247,True
0.99,74,9212,1024,8046,1006,34,1040,8.125,7.857421875,146,0.017822265625,7,0.04794520547945205,28.0,0.4375,33.65922329525691,0.999212248104752,0.0008544921875,0.2482552992187408,0.2541938437500022,1006,1017,1.010934393638171,5377,256.0,1,7,0.0,81.45454545454545,782,816,6.375,0.26992302812499247,True
0.99,75,6456,1024,8044,1006,34,1040,8.125,7.85546875,148,0.01806640625,10,0.06756756756756757,84.75,0.765625,28.849406539927905,0.9948274136780196,0.001220703125,0.2482552992187408,0.2541938437500022,1006,1017,1.010934393638171,4747,347.3333333333333,1,10,0.0,201.3549883990719,897,931,7.2734375,0.26992302812499247,True
0.99,76,22948,1024,7944,993,34,1027,8.0234375,7.7578125,248,0.0302734375,9,0.036290322580645164,33.0,0.53125,32.94566420990023,0.9942349300316651,0.0010986328125,0.2482552992187408,0.2541938437500022,993,1004,1.0110775427995973,257,621.0,1,9,0.0,34.064516129032256,770,804,6.28125,0.26992302812499247,True
0.99,77,7591,1024,8006,1001,34,1035,8.0859375,7.818359375,186,0.022705078125,7,0.03763440860215054,10.3134765625,0.2119140625,37.99675274885685,0.9989096981529141,0.0008544921875,0.2482552992187408,0.2541938437500022,1001,1012,1.010989010989011,865,1073.8333333333333,1,7,0.0,11.529475982532752,910,944,7.375,0.26992302812499247,True
0.99,78,29996,1024,7901,988,34,1022,7.984375,7.7158203125,291,0.0355224609375,4,0.013745704467353952,24.0009765625,0.2509765625,34.32851448028114,0.9977278021204101,0.00048828125,0.2482552992187408,0.2541938437500022,988,999,1.0111336032388665,543,680.3333333333334,1,4,0.0,25.681295715778475,802,836,6.53125,0.26992302812499247,True
0.99,79,10378,1024,8130,1017,34,1051,8.2109375,7.939453125,62,0.007568359375,1,0.016129032258064516,4.0,0.0625,42.11020369539948,0.9989803211068335,0.0001220703125,0.2482552992187408,0.2541938437500022,1017,991,0.9744346116027532,4721,,1,1,0.0,9.43778801843318,913,947,7.3984375,0.26992302812499247,True
0.99,80,27337,1024,7355,920,34,954,7.453125,7.1826171875,837,0.1021728515625,1,0.0011947431302270011,0.25,0.015625,54.15140352195873,0.999997935225792,0.0001220703125,0.2482552992187408,0.2541938437500022,920,931,1.0119565217391304,5891,,1,1,0.0,0.8888888888888888,644,678,5.296875,0.26992302812499247,True
0.99,81,19965,1024,7790,974,34,1008,7.875,7.607421875,402,0.049072265625,5,0.012437810945273632,5.2509765625,0.1103515625,40.92840281030603,0.9950873456897605,0.0006103515625,0.2482552992187408,0.2541938437500022,974,985,1.01129363449692,3891,867.5,2,4,0.0,9.99442379182156,772,806,6.296875,0.26992302812499247,True
0.99,82,24405,1024,7789,974,34,1008,7.875,7.6064453125,403,0.0491943359375,5,0.01240694789081886,27.0,0.28125,33.81716596708923,0.9753970159136018,0.0006103515625,0.2482552992187408,0.2541938437500022,974,985,1.01129363449692,770,1320.0,1,5,0.0,29.79310344827586,815,849,6.6328125,0.26992302812499247,True
0.99,83,45135,1024,8048,1006,34,1040,8.125,7.859375,144,0.017578125,6,0.041666666666666664,27.25,0.328125,33.77713854255249,0.9952718971544188,0.000732421875,0.2482552992187408,0.2541938437500022,1006,1017,1.010934393638171,329,905.4,1,6,0.0,28.386571719226858,868,902,7.046875,0.26992302812499247,True
0.99,84,11274,1024,7827,979,34,1013,7.9140625,7.6435546875,365,0.0445556640625,5,0.0136986301369863,12.2509765625,0.2041015625,37.24909651857093,0.9953258793025115,0.0006103515625,0.2482552992187408,0.2541938437500022,979,990,1.0112359550561798,3649,880.0,1,5,0.0,22.086267605633804,837,871,6.8046875,0.26992302812499247,True
0.99,85,1941,1024,7908,989,34,1023,7.9921875,7.72265625,284,0.03466796875,5,0.017605633802816902,9.0,0.15625,38.58837851428585,0.9943203622049436,0.0006103515625,0.2482552992187408,0.2541938437500022,989,1000,1.0111223458038423,2840,762.25,2,3,0.0,13.77578475336323,823,857,6.6953125,0.26992302812499247,True
0.99,86,48940,1024,7771,972,34,1006,7.859375,7.5888671875,421,0.0513916015625,4,0.009501187648456057,33.0009765625,0.2822265625,32.94553569189122,0.9990955555182492,0.00048828125,0.2482552992187408,0.2541938437500022,972,983,1.0113168724279835,858,2362.0,1,4,0.0,36.851690294438384,852,886,6.921875,0.26992302812499247,True
0.99,87,36794,1024,8109,1014,34,1048,8.1875,7.9189453125,83,0.0101318359375,2,0.024096385542168676,8.0,0.125,39.099903738759664,0.9945258786108765,0.000244140625,0.2482552992187408,0.2541938437500022,1014,1025,1.0108481262327416,1017,3240.0,1,2,0.0,9.132664437012263,885,919,7.1796875,0.26992302812499247,True
0.99,88,21994,1024,8039,1005,34,1039,8.1171875,7.8505859375,153,0.0186767578125,4,0.026143790849673203,13.0,0.21875,36.99137008561073,0.9973472887745025,0.00048828125,0.2482552992187408,0.2541938437500022,1005,1016,1.0109452736318407,1161,2333.6666666666665,1,4,0.0,15.14448236632537,846,880,6.875,0.26992302812499247,True
0.99,89,49944,1024,7795,975,34,1009,7.8828125,7.6123046875,397,0.0484619140625,5,0.012594458438287154,7.25,0.171875,39.52742354296917,0.9989752935694448,0.0006103515625,0.2482552992187408,0.2541938437500022,975,986,1.0112820512820513,1514,1310.0,1,5,0.0,8.891017964071857,802,836,6.53125,0.26992302812499247,True
0.99,90,43442,1024,6401,801,34,835,6.5234375,6.2509765625,1791,0.2186279296875,6,0.0033500837520938024,4.7509765625,0.1103515625,41.36297472903352,0.9934511043718081,0.000732421875,0.2482552992187408,0.2541938437500022,801,812,1.013732833957553,1447,759.2,2,5,0.0,5.764218009478673,437,471,3.6796875,0.26992302812499247,True
0.99,91,45096,1024,7422,928,34,962,7.515625,7.248046875,770,0.093994140625,17,0.02207792207792208,54.765625,0.88671875,30.745723125491203,0.9715629765987746,0.0020751953125,0.2482552992187408,0.2541938437500022,928,939,1.011853448275862,1497,402.5,1,17,0.0,67.00119474313023,713,747,5.8359375,0.26992302812499247,True
0.99,92,42430,1024,7092,887,34,921,7.1953125,6.92578125,1100,0.13427734375,7,0.006363636363636364,2.75,0.109375,43.73747667037648,0.9942770443842998,0.0008544921875,0.2482552992187408,0.2541938437500022,887,898,1.012401352874859,1563,891.8333333333334,3,5,0.0,3.39686369119421,630,664,5.1875,0.26992302812499247,True
0.99,93,42255,1024,7590,949,34,983,7.6796875,7.412109375,602,0.073486328125,8,0.013289036544850499,26.125,0.328125,33.960240617488,0.9998854317023368,0.0009765625,0.2482552992187408,0.2541938437500022,949,960,1.01159114857745,1794,877.5714285714286,2,7,0.0,33.44,751,785,6.1328125,0.26992302812499247,True
0.99,94,5771,1024,8010,1002,34,1036,8.09375,7.822265625,182,0.022216796875,5,0.027472527472527472,4.19140625,0.087890625,41.907206042138085,0.9971141754594286,0.0006103515625,0.2482552992187408,0.2541938437500022,1002,1013,1.0109780439121756,2124,1418.5,1,5,0.0,5.654808959156785,896,930,7.265625,0.26992302812499247,True
0.99,95,8320,1024,7953,995,34,1029,8.0390625,7.7666015625,239,0.0291748046875,7,0.029288702928870293,30.0009765625,0.3759765625,33.35944969188174,0.9892094427067701,0.0008544921875,0.2482552992187408,0.2541938437500022,995,1006,1.0110552763819096,169,781.0,1,7,0.0,30.62911266201396,916,950,7.421875,0.26992302812499247,True
0.99,96,48807,1024,7982,998,34,1032,8.0625,7.794921875,210,0.025634765625,6,0.02857142857142857,46.0,0.4375,31.503225291863362,0.9761542481354033,0.000732421875,0.2482552992187408,0.2541938437500022,998,1009,1.0110220440881763,1024,1178.0,1,6,0.0,52.57142857142857,863,897,7.0078125,0.26992302812499247,True
0.99,97,2675,1024,7012,877,34,911,7.1171875,6.84765625,1180,0.14404296875,46,0.03898305084745763,119.625,1.78125,27.3525841008301,0.960168664894427,0.005615234375,0.2482552992187408,0.2541938437500022,877,888,1.0125427594070695,770,162.88888888888889,2,45,0.0,132.0,611,645,5.0390625,0.26992302812499247,True
0.99,98,37658,1024,7930,992,34,1026,8.015625,7.744140625,262,0.031982421875,3,0.011450381679389313,0.1259765625,0.0166015625,57.12790607208474,0.9999948947344321,0.0003662109375,0.2482552992187408,0.2541938437500022,992,1003,1.0110887096774193,212,1061.5,1,3,0.0,0.12925851703406813,856,890,6.953125,0.26992302812499247,True
0.99,99,45710,1024,7859,983,34,1017,7.9453125,7.6748046875,333,0.0406494140625,16,0.04804804804804805,79.25,0.921875,29.140810899781215,0.9906544617095164,0.001953125,0.2482552992187408,0.2541938437500022,983,994,1.0111902339776195,2048,393.2,1,16,0.0,105.66666666666667,824,858,6.703125,0.26992302812499247,True
0.99,100,15813,1024,7549,944,34,978,7.640625,7.3720703125,643,0.0784912109375,0,0.0,0.0,0.0,,1.0,0.0,0.2482552992187408,0.2541938437500022,944,955,1.0116525423728813,,,0,0,,,700,734,5.734375,0.26992302812499247,True
0.99,101,7135,1024,8016,1002,34,1036,8.09375,7.828125,176,0.021484375,2,0.011363636363636364,2.0,0.0625,45.12050365203929,0.9957613008280869,0.000244140625,0.2482552992187408,0.2541938437500022,1002,1013,1.0109780439121756,4178,2904.0,1,2,0.0,4.079681274900398,840,874,6.828125,0.26992302812499247,True
0.99,102,31775,1024,7857,983,34,1017,7.9453125,7.6728515625,335,0.0408935546875,3,0.008955223880597015,20.25,0.203125,35.06655333317223,0.9500718153407302,0.0003662109375,0.2482552992187408,0.2541938437500022,983,994,1.0111902339776195,257,3177.0,1,3,0.0,20.903225806451612,805,839,6.5546875,0.26992302812499247,True
0.99,103,31772,1024,7753,970,34,1004,7.84375,7.5712890625,439,0.0535888671875,6,0.01366742596810934,16.3125,0.1640625,36.00559836185554,0.9999593381723694,0.000732421875,0.2482552992187408,0.2541938437500022,970,981,1.011340206185567,3584,820.0,1,6,0.0,29.0,796,830,6.484375,0.26992302812499247,True
0.99,104,25160,1024,7445,931,34,965,7.5390625,7.2705078125,747,0.0911865234375,1,0.0013386880856760374,0.25,0.015625,54.15140352195873,0.9999998988540765,0.0001220703125,0.2482552992187408,0.2541938437500022,931,942,1.011815252416756,235,,1,1,0.0,0.25728643216080405,691,725,5.6640625,0.26992302812499247,True
0.99,105,36108,1024,7389,924,34,958,7.484375,7.2158203125,803,0.0980224609375,8,0.009962640099626401,8.0,0.25,39.099903738759664,0.9989869072082089,0.0009765625,0.2482552992187408,0.2541938437500022,924,935,1.0119047619047619,618,645.7142857142857,1,8,0.0,8.650475184794086,705,739,5.7734375,0.26992302812499247,True
0.99,106,1260,1024,8027,1004,34,1038,8.109375,7.8388671875,165,0.0201416015625,2,0.012121212121212121,4.25,0.078125,41.84691430817598,0.9963413697698095,0.000244140625,0.2482552992187408,0.2541938437500022,1004,1015,1.0109561752988048,3443,326.0,1,2,0.0,7.326599326599327,815,849,6.6328125,0.26992302812499247,True
0.99,107,37885,1024,7889,987,34,1021,7.9765625,7.7041015625,303,0.0369873046875,15,0.04950495049504951,167.0,1.40625,25.903638897203273,0.9897107858613439,0.0018310546875,0.2482552992187408,0.2541938437500022,987,998,1.011144883485309,1625,267.92857142857144,1,15,0.0,208.2923264311815,858,892,6.96875,0.26992302812499247,True
0.99,108,41535,1024,7811,977,34,1011,7.8984375,7.6279296875,381,0.0465087890625,4,0.010498687664041995,24.0009765625,0.2509765625,34.32851448028114,0.9945803920289037,0.00048828125,0.2482552992187408,0.2541938437500022,977,985,1.008188331627431,247,2221.6666666666665,1,4,0.0,24.725352112676056,830,864,6.75,0.26992302812499247,True
0.99,109,44889,1024,7607,951,34,985,7.6953125,7.4287109375,585,0.0714111328125,17,0.02905982905982906,38.5625,0.6484375,32.26915179490594,0.9805492512435516,0.0020751953125,0.2482552992187408,0.2541938437500022,951,962,1.0115667718191377,834,381.9375,3,14,0.0,42.92173913043478,782,816,6.375,0.26992302812499247,True
0.99,110,28184,1024,7753,970,34,1004,7.84375,7.5712890625,439,0.0535888671875,1,0.002277904328018223,4.0,0.0625,42.11020369539948,0.9874332316267018,0.0001220703125,0.2482552992187408,0.2541938437500022,970,981,1.011340206185567,3945,,1,1,0.0,7.7137476459510355,801,835,6.5234375,0.26992302812499247,True
0.99,111,25319,1024,7979,998,34,1032,8.0625,7.7919921875,213,0.0260009765625,9,0.04225352112676056,44.0,0.5,31.69627684381723,0.9999691799126658,0.0010986328125,0.2482552992187408,0.2541938437500022,998,1009,1.0110220440881763,256,832.125,1,9,0.0,45.41935483870968,838,872,6.8125,0.26992302812499247,True
0.99,112,11010,1024,7902,988,34,1022,7.984375,7.716796875,290,0.035400390625,4,0.013793103448275862,17.0634765625,0.1650390625,35.81012840596284,0.9996326027575317,0.00048828125,0.2482552992187408,0.2541938437500022,988,999,1.0111336032388665,7076,233.0,1,4,0.0,124.80714285714286,740,774,6.046875,0.26992302812499247,True
0.99,113,33880,1024,8015,1002,34,1036,8.09375,7.8271484375,177,0.0216064453125,7,0.03954802259887006,18.0625,0.3203125,35.56302500767287,0.9897681450550434,0.0008544921875,0.2482552992187408,0.2541938437500022,1002,1013,1.0109780439121756,3658,714.5,1,7,0.0,32.620811287477956,819,853,6.6640625,0.26992302812499247,True
0.99,114,19307,1024,7729,967,34,1001,7.8203125,7.5478515625,463,0.0565185546875,11,0.023758099352051837,22.8125,0.4140625,34.5490747906736,0.9901667733671239,0.0013427734375,0.2482552992187408,0.2541938437500022,967,978,1.0113753877973113,1442,468.7,2,10,0.0,27.677725118483412,729,763,5.9609375,0.26992302812499247,True
0.99,115,12236,1024,8116,1015,34,1049,8.1953125,7.92578125,76,0.00927734375,3,0.039473684210526314,5.0,0.09375,41.141103565318915,0.9989179169799132,0.0003662109375,0.2482552992187408,0.2541938437500022,1015,799,0.787192118226601,4561,4.0,2,2,0.0,11.277533039647578,766,800,6.25,0.26992302812499247,True
0.99,116,13805,1024,7962,996,34,1030,8.046875,7.775390625,230,0.028076171875,9,0.0391304347826087,40.25,0.453125,32.08314476164023,0.9850647850461418,0.0010986328125,0.2482552992187408,0.2541938437500022,996,1007,1.0110441767068272,512,876.25,2,8,0.0,42.93333333333333,760,794,6.203125,0.26992302812499247,True
0.99,117,5814,1024,7566,946,34,980,7.65625,7.388671875,626,0.076416015625,12,0.019169329073482427,8.75,0.25,38.71072307845597,0.99556916269213,0.00146484375,0.2482552992187408,0.2541938437500022,946,957,1.0116279069767442,260,582.2727272727273,2,11,0.0,9.03225806451613,661,695,5.4296875,0.26992302812499247,True
0.99,118,48485,1024,8073,1010,34,1044,8.15625,7.8837890625,119,0.0145263671875,1,0.008403361344537815,1.0,0.03125,48.1308036086791,0.9985383651700961,0.0001220703125,0.2482552992187408,0.2541938437500022,1010,1021,1.010891089108911,6218,,1,1,0.0,4.145748987854251,863,897,7.0078125,0.26992302812499247,True
0.99,119,12248,1024,7954,995,34,1029,8.0390625,7.767578125,238,0.029052734375,5,0.02100840336134454,13.25,0.234375,36.90864482595084,0.9958925230085601,0.0006103515625,0.2482552992187408,0.2541938437500022,995,1003,1.0080402010050251,3521,656.0,1,5,0.0,23.232876712328768,749,783,6.1171875,0.26992302812499247,True
0.99,120,458,1024,7969,997,34,1031,8.0546875,7.7822265625,223,0.0272216796875,19,0.08520179372197309,95.5,1.0625,28.33076989284164,0.9700300171028542,0.0023193359375,0.2482552992187408,0.2541938437500022,997,1008,1.0110330992978938,73,344.44444444444446,2,17,0.0,96.34679802955665,849,883,6.8984375,0.26992302812499247,True
0.99,121,319,1024,7990,999,34,1033,8.0703125,7.802734375,202,0.024658203125,3,0.01485148514851485,6.0,0.125,40.34929110484267,0.9991407752247433,0.0003662109375,0.2482552992187408,0.2541938437500022,999,1010,1.011011011011011,1545,2556.5,1,3,0.0,7.393501805054152,833,867,6.7734375,0.26992302812499247,True
0.99,122,21496,1024,7917,990,34,1024,8.0,7.7314453125,275,0.0335693359375,11,0.04,81.25,0.828125,29.032569912169986,0.9837268685923101,0.0013427734375,0.2482552992187408,0.2541938437500022,990,1001,1.011111111111111,1024,665.7,1,11,0.0,92.85714285714286,846,880,6.875,0.26992302812499247,True
0.99,123,20390,1024,7652,957,34,991,7.7421875,7.47265625,540,0.06591796875,4,0.007407407407407408,64.0,0.5,30.069003868840234,0.9996311131962567,0.00048828125,0.2482552992187408,0.2541938437500022,957,968,1.0114942528735633,4096,173.33333333333334,1,4,0.0,128.0,754,788,6.15625,0.26992302812499247,True
0.99,124,33691,1024,7560,945,34,979,7.6484375,7.3828125,632,0.0771484375,4,0.006329113924050633,22.0,0.25,34.70657680045704,0.9996728318649141,0.00048828125,0.2482552992187408,0.2541938437500022,945,956,1.0116402116402117,1026,1370.3333333333333,1,4,0.0,25.142857142857142,755,789,6.1640625,0.26992302812499247,True
0.99,125,33872,1024,8110,1014,34,1048,8.1875,7.919921875,82,0.010009765625,4,0.04878048780487805,9.125,0.109375,38.528474877393975,0.9930336203794239,0.00048828125,0.2482552992187408,0.2541938437500022,1014,1025,1.0108481262327416,1012,1780.6666666666667,1,4,0.0,10.405345211581292,944,978,7.640625,0.26992302812499247,True
0.99,126,46987,1024,7590,949,34,983,7.6796875,7.412109375,602,0.073486328125,2,0.0033222591362126247,8.0,0.125,39.099903738759664,0.9872256686985178,0.000244140625,0.2482552992187408,0.2541938437500022,949,960,1.01159114857745,5297,2384.0,1,2,0.0,22.629834254143645,674,708,5.53125,0.26992302812499247,True
0.99,127,26772,1024,7765,971,34,1005,7.8515625,7.5830078125,427,0.0521240234375,3,0.00702576112412178,9.0,0.15625,38.58837851428585,0.9868428663883797,0.0003662109375,0.2482552992187408,0.2541938437500022,971,982,1.011328527291452,1890,1771.5,1,3,0.0,11.695431472081218,825,859,6.7109375,0.26992302812499247,True
0.99,128,7057,1024,7917,990,34,1024,8.0,7.7314453125,275,0.0335693359375,4,0.014545454545454545,12.25,0.203125,37.24944272167359,0.9816495904676843,0.00048828125,0.2482552992187408,0.2541938437500022,990,1001,1.011111111111111,2113,1806.0,1,4,0.0,16.50526315789474,813,847,6.6171875,0.26992302812499247,True
0.99,129,30014,1024,7874,985,34,1019,7.9609375,7.689453125,318,0.038818359375,4,0.012578616352201259,49.0,0.40625,31.228842808393967,0.9970176823156108,0.00048828125,0.2482552992187408,0.2541938437500022,985,996,1.0111675126903554,2746,1218.0,1,4,0.0,73.67988252569751,788,822,6.421875,0.26992302812499247,True
0.99,130,48237,1024,7390,924,34,958,7.484375,7.216796875,802,0.097900390625,15,0.018703241895261846,59.5009765625,0.6884765625,30.385562672028136,0.9492674601811826,0.0018310546875,0.2482552992187408,0.2541938437500022,924,935,1.0119047619047619,378,522.3571428571429,1,15,0.0,62.36335721596725,754,788,6.15625,0.26992302812499247,True
0.99,131,4823,1024,7892,987,34,1021,7.9765625,7.70703125,300,0.03662109375,4,0.013333333333333334,20.5,0.21875,35.013264998121564,0.9999786164810934,0.00048828125,0.2482552992187408,0.2541938437500022,987,998,1.011144883485309,505,514.3333333333334,1,4,0.0,21.843912591050987,818,852,6.65625,0.26992302812499247,True
0.99,132,26627,1024,8048,1006,34,1040,8.125,7.859375,144,0.017578125,6,0.041666666666666664,17.25,0.296875,35.76291261458617,0.9920951202507667,0.000732421875,0.2482552992187408,0.2541938437500022,1006,1017,1.010934393638171,1393,838.8,1,6,0.0,20.781176470588235,883,917,7.1640625,0.26992302812499247,True
0.99,133,12293,1024,8131,1017,34,1051,8.2109375,7.9404296875,61,0.0074462890625,2,0.03278688524590164,8.0,0.125,39.099903738759664,0.99495778139636,0.000244140625,0.2482552992187408,0.2541938437500022,1017,1028,1.0108161258603736,2089,8.0,1,2,0.0,10.73656618610747,941,975,7.6171875,0.26992302812499247,True
0.99,134,32803,1024,7339,918,34,952,7.4375,7.1669921875,853,0.1041259765625,18,0.021101992966002344,35.0625,0.6953125,32.682374822676735,0.9518457860352524,0.002197265625,0.2482552992187408,0.2541938437500022,918,929,1.0119825708061003,258,348.1764705882353,1,18,0.0,36.193548387096776,705,739,5.7734375,0.26992302812499247,True
0.99,135,41882,1024,7797,975,34,1009,7.8828125,7.6142578125,395,0.0482177734375,4,0.010126582278481013,13.0,0.21875,36.99137008561073,0.9979888427863367,0.00048828125,0.2482552992187408,0.2541938437500022,975,986,1.0112820512820513,513,1653.6666666666667,1,4,0.0,13.866666666666667,724,758,5.921875,0.26992302812499247,True
0.99,136,10235,1024,7676,960,34,994,7.765625,7.49609375,516,0.06298828125,4,0.007751937984496124,2.125,0.078125,44.857214264815795,0.9977762369233847,0.00048828125,0.2482552992187408,0.2541938437500022,960,971,1.0114583333333333,2148,490.0,1,4,0.0,2.878306878306878,780,814,6.359375,0.26992302812499247,True
0.99,137,30033,1024,7890,987,34,1021,7.9765625,7.705078125,302,0.036865234375,6,0.019867549668874173,4.875,0.125,41.25105740833355,0.9995859654524104,0.000732421875,0.2482552992187408,0.2541938437500022,987,998,1.011144883485309,139,1206.0,1,6,0.0,4.957298907646475,914,948,7.40625,0.26992302812499247,True
0.99,138,20042,1024,7891,987,34,1021,7.9765625,7.7060546875,301,0.0367431640625,3,0.009966777408637873,5.25,0.109375,40.92921057461954,0.9968601697621435,0.0003662109375,0.2482552992187408,0.2541938437500022,987,998,1.011144883485309,1299,923.0,1,3,0.0,6.236658932714617,863,897,7.0078125,0.26992302812499247,True
0.99,139,29399,1024,7961,996,34,1030,8.046875,7.7744140625,231,0.0281982421875,7,0.030303030303030304,21.00390625,0.22265625,34.90780289702641,0.9890095041509649,0.0008544921875,0.2482552992187408,0.2541938437500022,996,1007,1.0110441767068272,1311,635.1666666666666,1,7,0.0,24.980255516840884,788,822,6.421875,0.26992302812499247,True
0.99,140,6463,1024,8083,1011,34,1045,8.1640625,7.8935546875,109,0.0133056640625,1,0.009174311926605505,0.25,0.015625,54.15140352195873,0.9999950452593541,0.0001220703125,0.2482552992187408,0.2541938437500022,1011,1022,1.0108803165182987,4363,,1,1,0.0,0.534446764091858,937,971,7.5859375,0.26992302812499247,True
0.99,141,25920,1024,7482,936,34,970,7.578125,7.306640625,710,0.086669921875,32,0.04507042253521127,193.0,1.84375,25.275230518601365,0.9835038703112565,0.00390625,0.2482552992187408,0.2541938437500022,936,947,1.0117521367521367,2306,173.3548387096774,2,31,0.0,268.5217391304348,699,733,5.7265625,0.26992302812499247,True
0.99,142,10327,1024,8148,1019,34,1053,8.2265625,7.95703125,44,0.00537109375,2,0.045454545454545456,20.0,0.1875,35.12050365203929,0.9999714152124878,0.000244140625,0.2482552992187408,0.2541938437500022,1019,1030,1.0107948969578018,3840,4001.0,1,2,0.0,37.64705882352941,1018,1052,8.21875,0.26992302812499247,True
0.99,143,3805,1024,7717,965,34,999,7.8046875,7.5361328125,475,0.0579833984375,6,0.01263157894736842,33.0,0.40625,32.94566420990023,0.9876574447949032,0.000732421875,0.2482552992187408,0.2541938437500022,965,976,1.01139896373057,601,1064.0,1,6,0.0,35.60800842992624,802,836,6.53125,0.26992302812499247,True
0.99,144,37879,1024,7295,912,34,946,7.390625,7.1240234375,897,0.1094970703125,2,0.002229654403567447,0.3125,0.0234375,53.182303391878165,0.9983406171615626,0.000244140625,0.2482552992187408,0.2541938437500022,912,920,1.0087719298245614,3220,1775.0,1,2,0.0,0.5144694533762058,500,534,4.171875,0.26992302812499247,True
0.99,145,22721,1024,7552,944,34,978,7.640625,7.375,640,0.078125,8,0.0125,12.828125,0.24609375,37.049171777323565,0.9885642798261447,0.0009765625,0.2482552992187408,0.2541938437500022,944,955,1.0116525423728813,3531,589.4285714285714,1,8,0.0,22.53173241852487,724,758,5.921875,0.26992302812499247,True
0.99,146,43932,1024,7987,999,34,1033,8.0703125,7.7998046875,205,0.0250244140625,3,0.014634146341463415,25.0,0.21875,34.15140352195873,0.9999817478843266,0.0003662109375,0.2482552992187408,0.2541938437500022,999,1010,1.011011011011011,120,4.0,1,3,0.0,25.37165510406343,846,880,6.875,0.26992302812499247,True
0.99,147,47270,1024,7877,985,34,1019,7.9609375,7.6923828125,315,0.0384521484375,5,0.015873015873015872,41.0,0.40625,32.00296504148175,0.9777831727099737,0.0006103515625,0.2482552992187408,0.2541938437500022,985,996,1.0111675126903554,3025,1030.25,1,5,0.0,64.9907120743034,860,894,6.984375,0.26992302812499247,True
0.99,148,11091,1024,7343,918,34,952,7.4375,7.1708984375,849,0.1036376953125,19,0.02237926972909305,50.5,0.875,31.09788982749249,0.9798037904279187,0.0023193359375,0.2482552992187408,0.2541938437500022,918,929,1.0119825708061003,1025,342.72222222222223,2,18,0.0,57.714285714285715,699,733,5.7265625,0.26992302812499247,True
0.99,149,9736,1024,7960,995,34,1029,8.0390625,7.7734375,232,0.0283203125,6,0.02586206896551724,29.0625,0.3515625,33.49747390633881,0.9818412955342484,0.000732421875,0.2482552992187408,0.2541938437500022,995,1006,1.0110552763819096,652,962.6,1,6,0.0,31.558854718981973,830,864,6.75,0.26992302812499247,True
0.99,150,23206,1024,7550,944,34,978,7.640625,7.373046875,642,0.078369140625,11,0.017133956386292833,20.0625,0.3828125,35.10695311118963,0.991290098450403,0.0013427734375,0.2482552992187408,0.2541938437500022,944,955,1.0116525423728813,1330,682.3,3,9,0.0,23.944055944055943,741,775,6.0546875,0.26992302812499247,True
0.99,151,25039,1024,8081,1011,34,1045,8.1640625,7.8916015625,111,0.0135498046875,2,0.018018018018018018,5.0,0.09375,41.141103565318915,0.990807871459551,0.000244140625,0.2482552992187408,0.2541938437500022,1011,1022,1.0108803165182987,3130,1847.0,1,2,0.0,8.088467614533965,961,995,7.7734375,0.26992302812499247,True
0.99,152,21014,1024,8069,1009,34,1043,8.1484375,7.8798828125,123,0.0150146484375,9,0.07317073170731707,54.0009765625,0.5634765625,30.806787471214218,0.9926016870101158,0.0010986328125,0.2482552992187408,0.2541938437500022,1009,932,0.9236868186323092,855,813.125,1,9,0.0,60.2363834422658,846,880,6.875,0.26992302812499247,True
0.99,153,32412,1024,8089,1012,34,1046,8.171875,7.8994140625,103,0.0125732421875,5,0.04854368932038835,16.0009765625,0.2509765625,36.08933871789328,0.9858714573205543,0.0006103515625,0.2482552992187408,0.2541938437500022,1012,1023,1.0108695652173914,151,1570.5,1,5,0.0,16.28727634194831,902,936,7.3125,0.26992302812499247,True
0.99,154,34022,1024,6916,865,34,899,7.0234375,6.75390625,1276,0.15576171875,11,0.008620689655172414,27.03125,0.4140625,33.81214231723002,0.9820236425702894,0.0013427734375,0.2482552992187408,0.2541938437500022,865,876,1.0127167630057803,930,577.9,2,9,0.0,30.484581497797357,607,641,5.0078125,0.26992302812499247,True
0.99,155,21369,1024,7672,959,34,993,7.7578125,7.4921875,520,0.0634765625,4,0.007692307692307693,4.1875,0.0859375,41.91125540823009,0.9990737058793663,0.00048828125,0.2482552992187408,0.2541938437500022,959,970,1.0114702815432743,1028,2010.6666666666667,1,4,0.0,4.785714285714286,710,744,5.8125,0.26992302812499247,True
0.99,156,41654,1024,7956,995,34,1029,8.0390625,7.76953125,236,0.02880859375,9,0.038135593220338986,31.0,0.46875,33.217186670336375,0.9777023878683601,0.0010986328125,0.2482552992187408,0.2541938437500022,995,1006,1.0110552763819096,313,825.0,1,9,0.0,32.22741116751269,872,906,7.078125,0.26992302812499247,True
0.99,157,11953,1024,8007,1001,34,1035,8.0859375,7.8193359375,185,0.0225830078125,5,0.02702702702702703,57.0,0.46875,30.57205505195419,0.9996363824796172,0.0006103515625,0.2482552992187408,0.2541938437500022,1001,1012,1.010989010989011,6128,450.0,1,5,0.0,226.2325581395349,899,933,7.2890625,0.26992302812499247,True
0.99,158,13700,1024,7710,964,34,998,7.796875,7.529296875,482,0.058837890625,2,0.004149377593360996,5.0,0.09375,41.141103565318915,0.9967307931077002,0.000244140625,0.2482552992187408,0.2541938437500022,964,975,1.0114107883817427,186,983.0,1,2,0.0,5.114885114885115,770,804,6.28125,0.26992302812499247,True
0.99,159,38205,1024,7804,976,34,1010,7.890625,7.62109375,388,0.04736328125,38,0.0979381443298969,135.3134765625,2.1494140625,26.81739308503369,0.9971915162575327,0.004638671875,0.2482552992187408,0.2541938437500022,976,987,1.0112704918032787,247,193.8108108108108,1,38,0.0,139.397384305835,734,768,6.0,0.26992302812499247,True
0.99,160,40129,1024,7065,884,34,918,7.171875,6.8994140625,1127,0.1375732421875,2,0.001774622892635315,1.25,0.046875,47.16170347859854,0.9935325969780882,0.000244140625,0.2520636296874983,0.09279674531249782,884,895,1.012443438914027,515,3639.0,1,2,0.0,1.3333333333333333,663,697,5.4453125,0.25919019453125713,True
0.99,161,17080,1024,7446,931,34,965,7.5390625,7.271484375,746,0.091064453125,5,0.006702412868632708,2.1875,0.0859375,44.731322991735595,0.9958526845876191,0.0006103515625,0.2520636296874983,0.09279674531249782,931,942,1.011815252416756,2898,698.5,1,5,0.0,3.3836858006042294,704,738,5.765625,0.25919019453125713,True
0.99,162,1505,1024,8051,1007,34,1041,8.1328125,7.8623046875,141,0.0172119140625,5,0.03546099290780142,25.0009765625,0.2822265625,34.151233878990055,0.9912278885669584,0.0006103515625,0.2520636296874983,0.09279674531249782,1007,1018,1.0109235352532273,2434,689.25,1,5,0.0,35.55694444444445,901,935,7.3046875,0.25919019453125713,True
0.99,163,36391,1024,8011,1002,34,1036,8.09375,7.8232421875,181,0.0220947265625,4,0.022099447513812154,21.25,0.234375,34.8572142648158,0.9925972083557362,0.00048828125,0.2520636296874983,0.09279674531249782,1002,1013,1.0109780439121756,2411,1428.3333333333333,1,4,0.0,30.096818810511756,869,903,7.0546875,0.25919019453125713,True
0.99,164,24660,1024,7856,982,34,1016,7.9375,7.671875,336,0.041015625,7,0.020833333333333332,22.5,0.28125,34.608978427565475,0.9941931123663366,0.0008544921875,0.2520636296874983,0.09279674531249782,982,993,1.0112016293279023,163,1167.5,2,6,0.0,22.948207171314742,861,895,6.9921875,0.25919019453125713,True
0.99,165,24061,1024,7870,984,34,1018,7.953125,7.685546875,322,0.039306640625,11,0.034161490683229816,28.0712890625,0.4501953125,33.64818004525729,0.9934586746679493,0.0013427734375,0.2520636296874983,0.09279674531249782,984,995,1.011178861788618,943,545.0,1,11,0.0,31.69239250275634,730,764,5.96875,0.25919019453125713,True
0.99,166,10964,1024,7498,938,34,972,7.59375,7.322265625,694,0.084716796875,5,0.007204610951008645,26.0,0.3125,33.98107012897092,0.9796776659865686,0.0006103515625,0.2520636296874983,0.09279674531249782,938,949,1.011727078891258,2304,1408.5,1,5,0.0,36.17391304347826,688,722,5.640625,0.25919019453125713,True
0.99,167,20807,1024,8138,1018,34,1052,8.21875,7.947265625,54,0.006591796875,1,0.018518518518518517,16.0,0.125,36.08960378211985,0.9999999763101822,0.0001220703125,0.2520636296874983,0.09279674531249782,1018,1029,1.0108055009823183,8184,,1,1,0.0,16384.0,948,982,7.671875,0.25919019453125713,True
0.99,168,33388,1024,8113,1015,34,1049,8.1953125,7.9228515625,79,0.0096435546875,2,0.02531645569620253,20.0,0.1875,35.12050365203929,0.9920116869769733,0.000244140625,0.2520636296874983,0.09279674531249782,1015,1026,1.0108374384236454,4792,2633.0,1,2,0.0,48.188235294117646,976,1010,7.890625,0.25919019453125713,True
0.99,169,34571,1024,8067,1009,34,1043,8.1484375,7.8779296875,125,0.0152587890625,3,0.024,12.0,0.1875,37.33899114820285,0.9922763562468228,0.0003662109375,0.2520636296874983,0.09279674531249782,1009,1020,1.0109018830525272,4457,1160.0,1,3,0.0,26.312633832976445,869,903,7.0546875,0.25919019453125713,True
0.99,170,21194,1024,7942,993,34,1027,8.0234375,7.755859375,250,0.030517578125,7,0.028,29.25,0.359375,33.469544904497106,0.9819718400434594,0.0008544921875,0.2520636296874983,0.09279674531249782,993,1004,1.0110775427995973,18,1361.5,2,6,0.0,29.307240704500977,842,876,6.84375,0.25919019453125713,True
0.99,171,32696,1024,7902,988,34,1022,7.984375,7.716796875,290,0.035400390625,1,0.0034482758620689655,4.0,0.0625,42.11020369539948,0.9999995598035634,0.0001220703125,0.2520636296874983,0.09279674531249782,988,999,1.0111336032388665,513,,1,1,0.0,4.266666666666667,816,850,6.640625,0.25919019453125713,True
0.99,172,46005,1024,6766,846,34,880,6.875,6.607421875,1426,0.174072265625,5,0.0035063113604488078,13.25,0.234375,36.90864482595084,0.9549872920250689,0.0006103515625,0.2520636296874983,0.09279674531249782,846,857,1.0130023640661938,3193,914.0,1,5,0.0,21.7088,553,587,4.5859375,0.25919019453125713,True
0.99,173,19269,1024,7714,965,34,999,7.8046875,7.533203125,478,0.058349609375,4,0.008368200836820083,9.25,0.171875,38.46938628128878,0.9820901740394796,0.00048828125,0.2520636296874983,0.09279674531249782,965,938,0.9720207253886011,3961,659.3333333333334,1,4,0.0,17.905482041587902,579,613,4.7890625,0.25919019453125713,True
0.99,174,5503,1024,8089,1012,34,1046,8.171875,7.8994140625,103,0.0125732421875,2,0.019417475728155338,9.0,0.09375,38.58837851428585,0.9999916949579472,0.000244140625,0.2520636296874983,0.09279674531249782,1012,1023,1.0108695652173914,2296,2.0,1,2,0.0,12.504748982360923,977,1011,7.8984375,0.25919019453125713,True
0.99,175,32979,1024,7944,993,34,1027,8.0234375,7.7578125,248,0.0302734375,6,0.024193548387096774,25.0,0.34375,34.15140352195873,0.9914889343999622,0.000732421875,0.2520636296874983,0.09279674531249782,993,1004,1.0110775427995973,3312,440.2,1,6,0.0,41.967213114754095,820,854,6.671875,0.25919019453125713,True
0.99,176,32764,1024,8072,1009,34,1043,8.1484375,7.8828125,120,0.0146484375,3,0.025,6.0,0.125,40.34929110484267,0.9990922181177251,0.0003662109375,0.2520636296874983,0.09279674531249782,1009,1020,1.0109018830525272,874,2872.0,1,3,0.0,6.714754098360656,884,918,7.171875,0.25919019453125713,True
0.99,177,36396,1024,7452,932,34,966,7.546875,7.27734375,740,0.09033203125,5,0.006756756756756757,3.5,0.125,42.690123165176345,0.9977721973683678,0.0006103515625,0.2520636296874983,0.09279674531249782,932,943,1.011802575107296,1795,387.75,1,5,0.0,4.48,727,761,5.9453125,0.25919019453125713,True
0.99,178,16139,1024,6547,819,34,853,6.6640625,6.3935546875,1645,0.2008056640625,12,0.00729483282674772,1.875,0.125,45.400790888041726,0.9996450503174336,0.00146484375,0.2520636296874983,0.09279674531249782,819,804,0.9816849816849816,5124,258.09090909090907,1,12,0.0,5.0,493,527,4.1171875,0.25919019453125713,True
0.99,179,32110,1024,8092,1012,34,1046,8.171875,7.90234375,100,0.01220703125,6,0.06,24.2509765625,0.2666015625,34.283511289743494,0.9976573506204948,0.000732421875,0.2520636296874983,0.09279674531249782,1012,914,0.9031620553359684,4303,625.8,2,5,0.0,50.9917864476386,848,882,6.890625,0.25919019453125713,True
0.99,180,37930,1024,8113,1015,34,1049,8.1953125,7.9228515625,79,0.0096435546875,4,0.05063291139240506,22.0,0.25,34.70657680045704,0.9930075053222822,0.00048828125,0.2520636296874983,0.09279674531249782,1015,1026,1.0108374384236454,250,541.0,1,4,0.0,22.686807653575027,871,905,7.0703125,0.25919019453125713,True
0.99,181,5624,1024,7921,991,34,1025,8.0078125,7.7353515625,271,0.0330810546875,1,0.0036900369003690036,4.0,0.0625,42.11020369539948,0.9989019285466537,0.0001220703125,0.2520636296874983,0.09279674531249782,991,1002,1.0110998990918265,953,,1,1,0.0,4.52596685082873,832,866,6.765625,0.25919019453125713,True
0.99,182,37946,1024,7961,996,34,1030,8.046875,7.7744140625,231,0.0281982421875,4,0.017316017316017316,20.001953125,0.189453125,35.120079557041734,0.9999854952245923,0.00048828125,0.2520636296874983,0.09279674531249782,996,1007,1.0110441767068272,761,2340.6666666666665,1,4,0.0,22.04736275565124,771,805,6.2890625,0.25919019453125713,True
0.99,183,6616,1024,8147,1019,34,1053,8.2265625,7.9560546875,45,0.0054931640625,2,0.044444444444444446,1.25,0.046875,47.16170347859854,0.9996565199176365,0.000244140625,0.2520636296874983,0.09279674531249782,1019,1030,1.0107948969578018,4066,1249.0,1,2,0.0,2.4806201550387597,958,992,7.75,0.25919019453125713,True
0.99,184,11706,1024,8009,1002,34,1036,8.09375,7.8212890625,183,0.0223388671875,13,0.07103825136612021,54.0654296875,0.5732421875,30.80160701952358,0.9945067766440063,0.0015869140625,0.2520636296874983,0.09279674531249782,1002,1013,1.0109780439121756,687,620.1666666666666,2,12,0.0,58.959531416400424,838,872,6.8125,0.25919019453125713,True
0.99,185,10558,1024,8177,1023,34,1057,8.2578125,7.9853515625,15,0.0018310546875,2,0.13333333333333333,4.0009765625,0.0634765625,42.1091435355458,0.9959761900067509,0.000244140625,0.2520636296874983,0.09279674531249782,1023,981,0.9589442815249267,4231,1258.0,1,2,0.0,8.26008064516129,911,945,7.3828125,0.25919019453125713,True
0.99,186,18351,1024,8130,1017,34,1051,8.2109375,7.939453125,62,0.007568359375,3,0.04838709677419355,8.0009765625,0.1259765625,39.09937362648327,0.9940859661518194,0.0003662109375,0.2520636296874983,0.09279674531249782,1017,910,0.8947885939036382,423,1153.0,1,3,0.0,8.429012345679013,930,964,7.53125,0.25919019453125713,True
0.99,187,15023,1024,7798,975,34,1009,7.8828125,7.615234375,394,0.048095703125,2,0.005076142131979695,0.2509765625,0.0166015625,54.134471941764275,0.9999738666208289,0.000244140625,0.2520636296874983,0.09279674531249782,975,986,1.0112820512820513,1779,4500.0,1,2,0.0,0.3204488778054863,820,854,6.671875,0.25919019453125713,True
0.99,188,9490,1024,7713,965,34,999,7.8046875,7.5322265625,479,0.0584716796875,2,0.0041753653444676405,5.0,0.09375,41.141103565318915,0.9913728309567872,0.000244140625,0.2520636296874983,0.09279674531249782,965,976,1.01139896373057,2354,2167.0,1,2,0.0,7.013698630136986,714,748,5.84375,0.25919019453125713,True
0.99,189,6355,1024,8063,1008,34,1042,8.140625,7.8740234375,129,0.0157470703125,1,0.007751937984496124,0.25,0.015625,54.15140352195873,0.9995612745700808,0.0001220703125,0.2520636296874983,0.09279674531249782,1008,1019,1.0109126984126984,2603,,1,1,0.0,0.36623748211731044,762,796,6.21875,0.25919019453125713,True
0.99,190,8857,1024,6552,819,34,853,6.6640625,6.3984375,1640,0.2001953125,6,0.003658536585365854,18.5,0.21875,35.459086324648965,0.9807492244082153,0.000732421875,0.2520636296874983,0.09279674531249782,819,816,0.9963369963369964,770,1084.8,2,5,0.0,20.413793103448278,517,551,4.3046875,0.25919019453125713,True
0.99,191,31811,1024,7699,963,34,997,7.7890625,7.5185546875,493,0.0601806640625,31,0.06288032454361055,82.5625,1.4765625,28.962975259093078,0.9667259500303746,0.0037841796875,0.2520636296874983,0.09279674531249782,963,974,1.011422637590862,1418,196.83333333333334,1,31,0.0,99.81582054309327,760,794,6.203125,0.25919019453125713,True
0.99,192,10400,1024,8038,1005,34,1039,8.1171875,7.849609375,154,0.018798828125,0,0.0,0.0,0.0,,1.0,0.0,0.2520636296874983,0.09279674531249782,1005,1016,1.0109452736318407,,,0,0,,,851,885,6.9140625,0.25919019453125713,True
0.99,193,275,1024,7839,980,34,1014,7.921875,7.6552734375,353,0.0430908203125,6,0.0169971671388102,8.0625,0.1953125,39.066106332245866,0.9888826227588395,0.000732421875,0.2520636296874983,0.09279674531249782,980,991,1.0112244897959184,5009,290.2,1,6,0.0,20.743718592964825,796,830,6.484375,0.25919019453125713,True
0.99,194,26152,1024,8017,1003,34,1037,8.1015625,7.8291015625,175,0.0213623046875,4,0.022857142857142857,8.5,0.15625,38.83661435153618,0.9956531750985812,0.00048828125,0.2520636296874983,0.09279674531249782,1003,1014,1.0109670987038883,2187,1511.3333333333333,1,4,0.0,11.58988015978695,864,898,7.015625,0.25919019453125713,True
0.99,195,13037,1024,7995,1000,34,1034,8.078125,7.8076171875,197,0.0240478515625,4,0.02030456852791878,24.0625,0.2578125,34.31739614015334,0.9915424000379818,0.00048828125,0.2520636296874983,0.09279674531249782,1000,853,0.853,5800,355.0,1,4,0.0,82.40802675585284,757,791,6.1796875,0.25919019453125713,True
0.99,196,41203,1024,8047,1006,34,1040,8.125,7.8583984375,145,0.0177001953125,8,0.05517241379310345,21.078125,0.26171875,34.89248385179893,0.9933018128908625,0.0009765625,0.2520636296874983,0.09279674531249782,1006,1017,1.010934393638171,3104,696.7142857142857,1,8,0.0,33.937106918238996,875,909,7.1015625,0.25919019453125713,True
0.99,197,43709,1024,7527,941,34,975,7.6171875,7.3505859375,665,0.0811767578125,0,0.0,0.0,0.0,,1.0,0.0,0.2520636296874983,0.09279674531249782,941,952,1.0116896918172158,,,0,0,,,646,680,5.3125,0.25919019453125713,True
0.99,198,43572,1024,7769,972,34,1006,7.859375,7.5869140625,423,0.0516357421875,3,0.0070921985815602835,1.25,0.046875,47.16170347859854,0.9994076595018361,0.0003662109375,0.2520636296874983,0.09279674531249782,972,983,1.0113168724279835,3906,1860.0,2,2,0.0,2.388059701492537,781,815,6.3671875,0.25919019453125713,True
0.99,199,23390,1024,7926,991,34,1025,8.0078125,7.740234375,266,0.032470703125,1,0.0037593984962406013,1.0,0.03125,48.1308036086791,0.9983548455030871,0.0001220703125,0.2520636296874983,0.09279674531249782,991,1002,1.0110998990918265,1426,,1,1,0.0,1.210401891252955,805,839,6.5546875,0.25919019453125713,True
1.0,0,712,1024,8192,1024,34,1058,8.265625,8.0,0,0.0,0,,0.0,0.0,,1.0,0.0,0.2520636296874983,0.09279674531249782,1024,994,0.970703125,,,0,0,,,847,881,6.8828125,0.25919019453125713,True
1.0,1,24774,1024,8192,1024,34,1058,8.265625,8.0,0,0.0,0,,0.0,0.0,,1.0,0.0,0.2520636296874983,0.09279674531249782,1024,1035,1.0107421875,,,0,0,,,851,885,6.9140625,0.25919019453125713,True
1.0,2,45142,1024,8192,1024,34,1058,8.265625,8.0,0,0.0,0,,0.0,0.0,,1.0,0.0,0.2520636296874983,0.09279674531249782,1024,968,0.9453125,,,0,0,,,938,972,7.59375,0.25919019453125713,True
1.0,3,27119,1024,8192,1024,34,1058,8.265625,8.0,0,0.0,0,,0.0,0.0,,1.0,0.0,0.2520636296874983,0.09279674531249782,1024,796,0.77734375,,,0,0,,,839,873,6.8203125,0.25919019453125713,True
1.0,4,21139,1024,8192,1024,34,1058,8.265625,8.0,0,0.0,0,,0.0,0.0,,1.0,0.0,0.2520636296874983,0.09279674531249782,1024,984,0.9609375,,,0,0,,,747,781,6.1015625,0.25919019453125713,True
1.0,5,19129,1024,8192,1024,34,1058,8.265625,8.0,0,0.0,0,,0.0,0.0,,1.0,0.0,0.2520636296874983,0.09279674531249782,1024,1032,1.0078125,,,0,0,,,799,833,6.5078125,0.25919019453125713,True
1.0,6,6433,1024,8192,1024,34,1058,8.265625,8.0,0,0.0,0,,0.0,0.0,,1.0,0.0,0.2520636296874983,0.09279674531249782,1024,884,0.86328125,,,0,0,,,732,766,5.984375,0.25919019453125713,True
1.0,7,38854,1024,8192,1024,34,1058,8.265625,8.0,0,0.0,0,,0.0,0.0,,1.0,0.0,0.2520636296874983,0.09279674531249782,1024,1007,0.9833984375,,,0,0,,,815,849,6.6328125,0.25919019453125713,True
1.0,8,22489,1024,8192,1024,34,1058,8.265625,8.0,0,0.0,0,,0.0,0.0,,1.0,0.0,0.2520636296874983,0.09279674531249782,1024,998,0.974609375,,,0,0,,,794,828,6.46875,0.25919019453125713,True
1.0,9,31104,1024,8192,1024,34,1058,8.265625,8.0,0,0.0,0,,0.0,0.0,,1.0,0.0,0.2520636296874983,0.09279674531249782,1024,953,0.9306640625,,,0,0,,,742,776,6.0625,0.25919019453125713,True
1.0,10,21349,1024,8192,1024,34,1058,8.265625,8.0,0,0.0,0,,0.0,0.0,,1.0,0.0,0.2520636296874983,0.09279674531249782,1024,923,0.9013671875,,,0,0,,,832,866,6.765625,0.25919019453125713,True
1.0,11,29116,1024,8192,1024,34,1058,8.265625,8.0,0,0.0,0,,0.0,0.0,,1.0,0.0,0.2520636296874983,0.09279674531249782,1024,993,0.9697265625,,,0,0,,,819,853,6.6640625,0.25919019453125713,True
1.0,12,10772,1024,8192,1024,34,1058,8.265625,8.0,0,0.0,0,,0.0,0.0,,1.0,0.0,0.2520636296874983,0.09279674531249782,1024,1035,1.0107421875,,,0,0,,,934,968,7.5625,0.25919019453125713,True
1.0,13,18332,1024,8192,1024,34,1058,8.265625,8.0,0,0.0,0,,0.0,0.0,,1.0,0.0,0.2520636296874983,0.09279674531249782,1024,1035,1.0107421875,,,0,0,,,898,932,7.28125,0.25919019453125713,True
1.0,14,1003,1024,8192,1024,34,1058,8.265625,8.0,0,0.0,0,,0.0,0.0,,1.0,0.0,0.2520636296874983,0.09279674531249782,1024,999,0.9755859375,,,0,0,,,879,913,7.1328125,0.25919019453125713,True
1.0,15,22156,1024,8192,1024,34,1058,8.265625,8.0,0,0.0,0,,0.0,0.0,,1.0,0.0,0.2520636296874983,0.09279674531249782,1024,1027,1.0029296875,,,0,0,,,866,900,7.03125,0.25919019453125713,True
1.0,16,26453,1024,8192,1024,34,1058,8.265625,8.0,0,0.0,0,,0.0,0.0,,1.0,0.0,0.2520636296874983,0.09279674531249782,1024,934,0.912109375,,,0,0,,,772,806,6.296875,0.25919019453125713,True
1.0,17,17039,1024,8192,1024,34,1058,8.265625,8.0,0,0.0,0,,0.0,0.0,,1.0,0.0,0.2520636296874983,0.09279674531249782,1024,884,0.86328125,,,0,0,,,796,830,6.484375,0.25919019453125713,True
1.0,18,7166,1024,8192,1024,34,1058,8.265625,8.0,0,0.0,0,,0.0,0.0,,1.0,0.0,0.2520636296874983,0.09279674531249782,1024,1020,0.99609375,,,0,0,,,808,842,6.578125,0.25919019453125713,True
1.0,19,48310,1024,8192,1024,34,1058,8.265625,8.0,0,0.0,0,,0.0,0.0,,1.0,0.0,0.2520636296874983,0.09279674531249782,1024,998,0.974609375,,,0,0,,,761,795,6.2109375,0.25919019453125713,True
1.0,20,12187,1024,8192,1024,34,1058,8.265625,8.0,0,0.0,0,,0.0,0.0,,1.0,0.0,0.2520636296874983,0.09279674531249782,1024,879,0.8583984375,,,0,0,,,653,687,5.3671875,0.25919019453125713,True
1.0,21,20284,1024,8192,1024,34,1058,8.265625,8.0,0,0.0,0,,0.0,0.0,,1.0,0.0,0.2520636296874983,0.09279674531249782,1024,781,0.7626953125,,,0,0,,,634,668,5.21875,0.25919019453125713,True
1.0,22,1052,1024,8192,1024,34,1058,8.265625,8.0,0,0.0,0,,0.0,0.0,,1.0,0.0,0.2520636296874983,0.09279674531249782,1024,1014,0.990234375,,,0,0,,,834,868,6.78125,0.25919019453125713,True
1.0,23,13752,1024,8192,1024,34,1058,8.265625,8.0,0,0.0,0,,0.0,0.0,,1.0,0.0,0.2520636296874983,0.09279674531249782,1024,760,0.7421875,,,0,0,,,567,601,4.6953125,0.25919019453125713,True
1.0,24,37139,1024,8192,1024,34,1058,8.265625,8.0,0,0.0,0,,0.0,0.0,,1.0,0.0,0.2520636296874983,0.09279674531249782,1024,1035,1.0107421875,,,0,0,,,807,841,6.5703125,0.25919019453125713,True
1.0,25,29727,1024,8192,1024,34,1058,8.265625,8.0,0,0.0,0,,0.0,0.0,,1.0,0.0,0.2520636296874983,0.09279674531249782,1024,1035,1.0107421875,,,0,0,,,950,984,7.6875,0.25919019453125713,True
1.0,26,41854,1024,8192,1024,34,1058,8.265625,8.0,0,0.0,0,,0.0,0.0,,1.0,0.0,0.2520636296874983,0.09279674531249782,1024,896,0.875,,,0,0,,,748,782,6.109375,0.25919019453125713,True
1.0,27,40333,1024,8192,1024,34,1058,8.265625,8.0,0,0.0,0,,0.0,0.0,,1.0,0.0,0.2520636296874983,0.09279674531249782,1024,1014,0.990234375,,,0,0,,,899,933,7.2890625,0.25919019453125713,True
1.0,28,33248,1024,8192,1024,34,1058,8.265625,8.0,0,0.0,0,,0.0,0.0,,1.0,0.0,0.2520636296874983,0.09279674531249782,1024,899,0.8779296875,,,0,0,,,693,727,5.6796875,0.25919019453125713,True
1.0,29,9680,1024,8192,1024,34,1058,8.265625,8.0,0,0.0,0,,0.0,0.0,,1.0,0.0,0.2520636296874983,0.09279674531249782,1024,1019,0.9951171875,,,0,0,,,856,890,6.953125,0.25919019453125713,True
1.0,30,16805,1024,8192,1024,34,1058,8.265625,8.0,0,0.0,0,,0.0,0.0,,1.0,0.0,0.2520636296874983,0.09279674531249782,1024,1012,0.98828125,,,0,0,,,894,928,7.25,0.25919019453125713,True
1.0,31,14652,1024,8192,1024,34,1058,8.265625,8.0,0,0.0,0,,0.0,0.0,,1.0,0.0,0.2520636296874983,0.09279674531249782,1024,915,0.8935546875,,,0,0,,,702,736,5.75,0.25919019453125713,True
1.0,32,15793,1024,8192,1024,34,1058,8.265625,8.0,0,0.0,0,,0.0,0.0,,1.0,0.0,0.2520636296874983,0.09279674531249782,1024,848,0.828125,,,0,0,,,760,794,6.203125,0.25919019453125713,True
1.0,33,30210,1024,8192,1024,34,1058,8.265625,8.0,0,0.0,0,,0.0,0.0,,1.0,0.0,0.2520636296874983,0.09279674531249782,1024,885,0.8642578125,,,0,0,,,674,708,5.53125,0.25919019453125713,True
1.0,34,47426,1024,8192,1024,34,1058,8.265625,8.0,0,0.0,0,,0.0,0.0,,1.0,0.0,0.2520636296874983,0.09279674531249782,1024,1015,0.9912109375,,,0,0,,,885,919,7.1796875,0.25919019453125713,True
1.0,35,20875,1024,8192,1024,34,1058,8.265625,8.0,0,0.0,0,,0.0,0.0,,1.0,0.0,0.2520636296874983,0.09279674531249782,1024,1018,0.994140625,,,0,0,,,779,813,6.3515625,0.25919019453125713,True
1.0,36,4161,1024,8192,1024,34,1058,8.265625,8.0,0,0.0,0,,0.0,0.0,,1.0,0.0,0.2520636296874983,0.09279674531249782,1024,1035,1.0107421875,,,0,0,,,905,939,7.3359375,0.25919019453125713,True
1.0,37,40340,1024,8192,1024,34,1058,8.265625,8.0,0,0.0,0,,0.0,0.0,,1.0,0.0,0.2520636296874983,0.09279674531249782,1024,977,0.9541015625,,,0,0,,,773,807,6.3046875,0.25919019453125713,True
1.0,38,28286,1024,8192,1024,34,1058,8.265625,8.0,0,0.0,0,,0.0,0.0,,1.0,0.0,0.2520636296874983,0.09279674531249782,1024,1035,1.0107421875,,,0,0,,,873,907,7.0859375,0.25919019453125713,True
1.0,39,13256,1024,8192,1024,34,1058,8.265625,8.0,0,0.0,0,,0.0,0.0,,1.0,0.0,0.2520636296874983,0.09279674531249782,1024,1022,0.998046875,,,0,0,,,903,937,7.3203125,0.25919019453125713,True
1.0,40,48934,1024,8192,1024,34,1058,8.265625,8.0,0,0.0,0,,0.0,0.0,,1.0,0.0,0.2520636296874983,0.09279674531249782,1024,1029,1.0048828125,,,0,0,,,888,922,7.203125,0.25919019453125713,True
1.0,41,11935,1024,8192,1024,34,1058,8.265625,8.0,0,0.0,0,,0.0,0.0,,1.0,0.0,0.2520636296874983,0.09279674531249782,1024,923,0.9013671875,,,0,0,,,712,746,5.828125,0.25919019453125713,True
1.0,42,48447,1024,8192,1024,34,1058,8.265625,8.0,0,0.0,0,,0.0,0.0,,1.0,0.0,0.2520636296874983,0.09279674531249782,1024,913,0.8916015625,,,0,0,,,859,893,6.9765625,0.25919019453125713,True
1.0,43,15492,1024,8192,1024,34,1058,8.265625,8.0,0,0.0,0,,0.0,0.0,,1.0,0.0,0.2520636296874983,0.09279674531249782,1024,1001,0.9775390625,,,0,0,,,979,1013,7.9140625,0.25919019453125713,True
1.0,44,32513,1024,8192,1024,34,1058,8.265625,8.0,0,0.0,0,,0.0,0.0,,1.0,0.0,0.2520636296874983,0.09279674531249782,1024,938,0.916015625,,,0,0,,,866,900,7.03125,0.25919019453125713,True
1.0,45,36099,1024,8192,1024,34,1058,8.265625,8.0,0,0.0,0,,0.0,0.0,,1.0,0.0,0.2520636296874983,0.09279674531249782,1024,1016,0.9921875,,,0,0,,,810,844,6.59375,0.25919019453125713,True
1.0,46,39260,1024,8192,1024,34,1058,8.265625,8.0,0,0.0,0,,0.0,0.0,,1.0,0.0,0.2520636296874983,0.09279674531249782,1024,759,0.7412109375,,,0,0,,,595,629,4.9140625,0.25919019453125713,True
1.0,47,46517,1024,8192,1024,34,1058,8.265625,8.0,0,0.0,0,,0.0,0.0,,1.0,0.0,0.2520636296874983,0.09279674531249782,1024,979,0.9560546875,,,0,0,,,731,765,5.9765625,0.25919019453125713,True
1.0,48,33095,1024,8192,1024,34,1058,8.265625,8.0,0,0.0,0,,0.0,0.0,,1.0,0.0,0.2520636296874983,0.09279674531249782,1024,1008,0.984375,,,0,0,,,877,911,7.1171875,0.25919019453125713,True
1.0,49,3,1024,8192,1024,34,1058,8.265625,8.0,0,0.0,0,,0.0,0.0,,1.0,0.0,0.2520636296874983,0.09279674531249782,1024,938,0.916015625,,,0,0,,,807,841,6.5703125,0.25919019453125713,True
1.0,50,21683,1024,8192,1024,34,1058,8.265625,8.0,0,0.0,0,,0.0,0.0,,1.0,0.0,0.2520636296874983,0.09279674531249782,1024,1023,0.9990234375,,,0,0,,,815,849,6.6328125,0.25919019453125713,True
1.0,51,13446,1024,8192,1024,34,1058,8.265625,8.0,0,0.0,0,,0.0,0.0,,1.0,0.0,0.2520636296874983,0.09279674531249782,1024,1035,1.0107421875,,,0,0,,,870,904,7.0625,0.25919019453125713,True
1.0,52,49515,1024,8192,1024,34,1058,8.265625,8.0,0,0.0,0,,0.0,0.0,,1.0,0.0,0.2520636296874983,0.09279674531249782,1024,949,0.9267578125,,,0,0,,,800,834,6.515625,0.25919019453125713,True
1.0,53,27943,1024,8192,1024,34,1058,8.265625,8.0,0,0.0,0,,0.0,0.0,,1.0,0.0,0.2520636296874983,0.09279674531249782,1024,1018,0.994140625,,,0,0,,,866,900,7.03125,0.25919019453125713,True
1.0,54,29059,1024,8192,1024,34,1058,8.265625,8.0,0,0.0,0,,0.0,0.0,,1.0,0.0,0.2520636296874983,0.09279674531249782,1024,1035,1.0107421875,,,0,0,,,954,988,7.71875,0.25919019453125713,True
1.0,55,32738,1024,8192,1024,34,1058,8.265625,8.0,0,0.0,0,,0.0,0.0,,1.0,0.0,0.2520636296874983,0.09279674531249782,1024,772,0.75390625,,,0,0,,,546,580,4.53125,0.25919019453125713,True
1.0,56,445,1024,8192,1024,34,1058,8.265625,8.0,0,0.0,0,,0.0,0.0,,1.0,0.0,0.2520636296874983,0.09279674531249782,1024,1035,1.0107421875,,,0,0,,,925,959,7.4921875,0.25919019453125713,True
1.0,57,32216,1024,8192,1024,34,1058,8.265625,8.0,0,0.0,0,,0.0,0.0,,1.0,0.0,0.2520636296874983,0.09279674531249782,1024,1008,0.984375,,,0,0,,,842,876,6.84375,0.25919019453125713,True
1.0,58,18250,1024,8192,1024,34,1058,8.265625,8.0,0,0.0,0,,0.0,0.0,,1.0,0.0,0.2520636296874983,0.09279674531249782,1024,975,0.9521484375,,,0,0,,,887,921,7.1953125,0.25919019453125713,True
1.0,59,1684,1024,8192,1024,34,1058,8.265625,8.0,0,0.0,0,,0.0,0.0,,1.0,0.0,0.2520636296874983,0.09279674531249782,1024,1004,0.98046875,,,0,0,,,810,844,6.59375,0.25919019453125713,True
1.0,60,2899,1024,8192,1024,34,1058,8.265625,8.0,0,0.0,0,,0.0,0.0,,1.0,0.0,0.2520636296874983,0.09279674531249782,1024,958,0.935546875,,,0,0,,,815,849,6.6328125,0.25919019453125713,True
1.0,61,39428,1024,8192,1024,34,1058,8.265625,8.0,0,0.0,0,,0.0,0.0,,1.0,0.0,0.2520636296874983,0.09279674531249782,1024,961,0.9384765625,,,0,0,,,779,813,6.3515625,0.25919019453125713,True
1.0,62,40758,1024,8192,1024,34,1058,8.265625,8.0,0,0.0,0,,0.0,0.0,,1.0,0.0,0.2520636296874983,0.09279674531249782,1024,1015,0.9912109375,,,0,0,,,891,925,7.2265625,0.25919019453125713,True
1.0,63,29154,1024,8192,1024,34,1058,8.265625,8.0,0,0.0,0,,0.0,0.0,,1.0,0.0,0.2520636296874983,0.09279674531249782,1024,1035,1.0107421875,,,0,0,,,903,937,7.3203125,0.25919019453125713,True
1.0,64,43958,1024,8192,1024,34,1058,8.265625,8.0,0,0.0,0,,0.0,0.0,,1.0,0.0,0.2520636296874983,0.09279674531249782,1024,905,0.8837890625,,,0,0,,,835,869,6.7890625,0.25919019453125713,True
1.0,65,33814,1024,8192,1024,34,1058,8.265625,8.0,0,0.0,0,,0.0,0.0,,1.0,0.0,0.2520636296874983,0.09279674531249782,1024,1035,1.0107421875,,,0,0,,,938,972,7.59375,0.25919019453125713,True
1.0,66,34153,1024,8192,1024,34,1058,8.265625,8.0,0,0.0,0,,0.0,0.0,,1.0,0.0,0.2520636296874983,0.09279674531249782,1024,1035,1.0107421875,,,0,0,,,826,860,6.71875,0.25919019453125713,True
1.0,67,43609,1024,8192,1024,34,1058,8.265625,8.0,0,0.0,0,,0.0,0.0,,1.0,0.0,0.2520636296874983,0.09279674531249782,1024,1035,1.0107421875,,,0,0,,,828,862,6.734375,0.25919019453125713,True
1.0,68,10762,1024,8192,1024,34,1058,8.265625,8.0,0,0.0,0,,0.0,0.0,,1.0,0.0,0.2520636296874983,0.09279674531249782,1024,1012,0.98828125,,,0,0,,,823,857,6.6953125,0.25919019453125713,True
1.0,69,17898,1024,8192,1024,34,1058,8.265625,8.0,0,0.0,0,,0.0,0.0,,1.0,0.0,0.2520636296874983,0.09279674531249782,1024,889,0.8681640625,,,0,0,,,700,734,5.734375,0.25919019453125713,True
1.0,70,43653,1024,8192,1024,34,1058,8.265625,8.0,0,0.0,0,,0.0,0.0,,1.0,0.0,0.2520636296874983,0.09279674531249782,1024,983,0.9599609375,,,0,0,,,811,845,6.6015625,0.25919019453125713,True
1.0,71,14233,1024,8192,1024,34,1058,8.265625,8.0,0,0.0,0,,0.0,0.0,,1.0,0.0,0.2520636296874983,0.09279674531249782,1024,1028,1.00390625,,,0,0,,,875,909,7.1015625,0.25919019453125713,True
1.0,72,39520,1024,8192,1024,34,1058,8.265625,8.0,0,0.0,0,,0.0,0.0,,1.0,0.0,0.2520636296874983,0.09279674531249782,1024,1019,0.9951171875,,,0,0,,,826,860,6.71875,0.25919019453125713,True
1.0,73,18138,1024,8192,1024,34,1058,8.265625,8.0,0,0.0,0,,0.0,0.0,,1.0,0.0,0.2520636296874983,0.09279674531249782,1024,995,0.9716796875,,,0,0,,,806,840,6.5625,0.25919019453125713,True
1.0,74,9212,1024,8192,1024,34,1058,8.265625,8.0,0,0.0,0,,0.0,0.0,,1.0,0.0,0.2520636296874983,0.09279674531249782,1024,968,0.9453125,,,0,0,,,780,814,6.359375,0.25919019453125713,True
1.0,75,6456,1024,8192,1024,34,1058,8.265625,8.0,0,0.0,0,,0.0,0.0,,1.0,0.0,0.2520636296874983,0.09279674531249782,1024,1035,1.0107421875,,,0,0,,,911,945,7.3828125,0.25919019453125713,True
1.0,76,22948,1024,8192,1024,34,1058,8.265625,8.0,0,0.0,0,,0.0,0.0,,1.0,0.0,0.2520636296874983,0.09279674531249782,1024,1032,1.0078125,,,0,0,,,768,802,6.265625,0.25919019453125713,True
1.0,77,7591,1024,8192,1024,34,1058,8.265625,8.0,0,0.0,0,,0.0,0.0,,1.0,0.0,0.2520636296874983,0.09279674531249782,1024,990,0.966796875,,,0,0,,,911,945,7.3828125,0.25919019453125713,True
1.0,78,29996,1024,8192,1024,34,1058,8.265625,8.0,0,0.0,0,,0.0,0.0,,1.0,0.0,0.2520636296874983,0.09279674531249782,1024,990,0.966796875,,,0,0,,,795,829,6.4765625,0.25919019453125713,True
1.0,79,10378,1024,8192,1024,34,1058,8.265625,8.0,0,0.0,0,,0.0,0.0,,1.0,0.0,0.2520636296874983,0.09279674531249782,1024,912,0.890625,,,0,0,,,913,947,7.3984375,0.25919019453125713,True
1.0,80,27337,1024,8192,1024,34,1058,8.265625,8.0,0,0.0,0,,0.0,0.0,,1.0,0.0,0.2520636296874983,0.09279674531249782,1024,924,0.90234375,,,0,0,,,645,679,5.3046875,0.25919019453125713,True
1.0,81,19965,1024,8192,1024,34,1058,8.265625,8.0,0,0.0,0,,0.0,0.0,,1.0,0.0,0.2520636296874983,0.09279674531249782,1024,979,0.9560546875,,,0,0,,,770,804,6.28125,0.25919019453125713,True
1.0,82,24405,1024,8192,1024,34,1058,8.265625,8.0,0,0.0,0,,0.0,0.0,,1.0,0.0,0.2520636296874983,0.09279674531249782,1024,984,0.9609375,,,0,0,,,815,849,6.6328125,0.25919019453125713,True
1.0,83,45135,1024,8192,1024,34,1058,8.265625,8.0,0,0.0,0,,0.0,0.0,,1.0,0.0,0.2520636296874983,0.09279674531249782,1024,1025,1.0009765625,,,0,0,,,867,901,7.0390625,0.25919019453125713,True
1.0,84,11274,1024,8192,1024,34,1058,8.265625,8.0,0,0.0,0,,0.0,0.0,,1.0,0.0,0.2520636296874983,0.09279674531249782,1024,985,0.9619140625,,,0,0,,,841,875,6.8359375,0.25919019453125713,True
1.0,85,1941,1024,8192,1024,34,1058,8.265625,8.0,0,0.0,0,,0.0,0.0,,1.0,0.0,0.2520636296874983,0.09279674531249782,1024,923,0.9013671875,,,0,0,,,821,855,6.6796875,0.25919019453125713,True
1.0,86,48940,1024,8192,1024,34,1058,8.265625,8.0,0,0.0,0,,0.0,0.0,,1.0,0.0,0.2520636296874983,0.09279674531249782,1024,962,0.939453125,,,0,0,,,853,887,6.9296875,0.25919019453125713,True
1.0,87,36794,1024,8192,1024,34,1058,8.265625,8.0,0,0.0,0,,0.0,0.0,,1.0,0.0,0.2520636296874983,0.09279674531249782,1024,1035,1.0107421875,,,0,0,,,888,922,7.203125,0.25919019453125713,True
1.0,88,21994,1024,8192,1024,34,1058,8.265625,8.0,0,0.0,0,,0.0,0.0,,1.0,0.0,0.26812081607142446,0.00012320982143267299,1024,1032,1.0078125,,,0,0,,,844,878,6.859375,0.26733937767856525,True
1.0,89,49944,1024,8192,1024,34,1058,8.265625,8.0,0,0.0,0,,0.0,0.0,,1.0,0.0,0.26812081607142446,0.00012320982143267299,1024,1013,0.9892578125,,,0,0,,,803,837,6.5390625,0.26733937767856525,True
1.0,90,43442,1024,8192,1024,34,1058,8.265625,8.0,0,0.0,0,,0.0,0.0,,1.0,0.0,0.26812081607142446,0.00012320982143267299,1024,460,0.44921875,,,0,0,,,437,471,3.6796875,0.26733937767856525,True
1.0,91,45096,1024,8192,1024,34,1058,8.265625,8.0,0,0.0,0,,0.0,0.0,,1.0,0.0,0.26812081607142446,0.00012320982143267299,1024,935,0.9130859375,,,0,0,,,708,742,5.796875,0.26733937767856525,True
1.0,92,42430,1024,8192,1024,34,1058,8.265625,8.0,0,0.0,0,,0.0,0.0,,1.0,0.0,0.26812081607142446,0.00012320982143267299,1024,791,0.7724609375,,,0,0,,,631,665,5.1953125,0.26733937767856525,True
1.0,93,42255,1024,8192,1024,34,1058,8.265625,8.0,0,0.0,0,,0.0,0.0,,1.0,0.0,0.26812081607142446,0.00012320982143267299,1024,983,0.9599609375,,,0,0,,,752,786,6.140625,0.26733937767856525,True
1.0,94,5771,1024,8192,1024,34,1058,8.265625,8.0,0,0.0,0,,0.0,0.0,,1.0,0.0,0.26812081607142446,0.00012320982143267299,1024,1014,0.990234375,,,0,0,,,898,932,7.28125,0.26733937767856525,True
1.0,95,8320,1024,8192,1024,34,1058,8.265625,8.0,0,0.0,0,,0.0,0.0,,1.0,0.0,0.26812081607142446,0.00012320982143267299,1024,1017,0.9931640625,,,0,0,,,916,950,7.421875,0.26733937767856525,True
1.0,96,48807,1024,8192,1024,34,1058,8.265625,8.0,0,0.0,0,,0.0,0.0,,1.0,0.0,0.26812081607142446,0.00012320982143267299,1024,1015,0.9912109375,,,0,0,,,861,895,6.9921875,0.26733937767856525,True
1.0,97,2675,1024,8192,1024,34,1058,8.265625,8.0,0,0.0,0,,0.0,0.0,,1.0,0.0,0.26812081607142446,0.00012320982143267299,1024,839,0.8193359375,,,0,0,,,614,648,5.0625,0.26733937767856525,True
1.0,98,37658,1024,8192,1024,34,1058,8.265625,8.0,0,0.0,0,,0.0,0.0,,1.0,0.0,0.26812081607142446,0.00012320982143267299,1024,1035,1.0107421875,,,0,0,,,858,892,6.96875,0.26733937767856525,True
1.0,99,45710,1024,8192,1024,34,1058,8.265625,8.0,0,0.0,0,,0.0,0.0,,1.0,0.0,0.26812081607142446,0.00012320982143267299,1024,1029,1.0048828125,,,0,0,,,829,863,6.7421875,0.26733937767856525,True
1.0,100,15813,1024,8192,1024,34,1058,8.265625,8.0,0,0.0,0,,0.0,0.0,,1.0,0.0,0.26812081607142446,0.00012320982143267299,1024,884,0.86328125,,,0,0,,,701,735,5.7421875,0.26733937767856525,True
1.0,101,7135,1024,8192,1024,34,1058,8.265625,8.0,0,0.0,0,,0.0,0.0,,1.0,0.0,0.26812081607142446,0.00012320982143267299,1024,935,0.9130859375,,,0,0,,,841,875,6.8359375,0.26733937767856525,True
1.0,102,31775,1024,8192,1024,34,1058,8.265625,8.0,0,0.0,0,,0.0,0.0,,1.0,0.0,0.26812081607142446,0.00012320982143267299,1024,874,0.853515625,,,0,0,,,807,841,6.5703125,0.26733937767856525,True
1.0,103,31772,1024,8192,1024,34,1058,8.265625,8.0,0,0.0,0,,0.0,0.0,,1.0,0.0,0.26812081607142446,0.00012320982143267299,1024,1011,0.9873046875,,,0,0,,,797,831,6.4921875,0.26733937767856525,True
1.0,104,25160,1024,8192,1024,34,1058,8.265625,8.0,0,0.0,0,,0.0,0.0,,1.0,0.0,0.26812081607142446,0.00012320982143267299,1024,904,0.8828125,,,0,0,,,693,727,5.6796875,0.26733937767856525,True
1.0,105,36108,1024,8192,1024,34,1058,8.265625,8.0,0,0.0,0,,0.0,0.0,,1.0,0.0,0.26812081607142446,0.00012320982143267299,1024,947,0.9248046875,,,0,0,,,707,741,5.7890625,0.26733937767856525,True
1.0,106,1260,1024,8192,1024,34,1058,8.265625,8.0,0,0.0,0,,0.0,0.0,,1.0,0.0,0.26812081607142446,0.00012320982143267299,1024,984,0.9609375,,,0,0,,,817,851,6.6484375,0.26733937767856525,True
1.0,107,37885,1024,8192,1024,34,1058,8.265625,8.0,0,0.0,0,,0.0,0.0,,1.0,0.0,0.26812081607142446,0.00012320982143267299,1024,1035,1.0107421875,,,0,0,,,858,892,6.96875,0.26733937767856525,True
1.0,108,41535,1024,8192,1024,34,1058,8.265625,8.0,0,0.0,0,,0.0,0.0,,1.0,0.0,0.26812081607142446,0.00012320982143267299,1024,969,0.9462890625,,,0,0,,,835,869,6.7890625,0.26733937767856525,True
1.0,109,44889,1024,8192,1024,34,1058,8.265625,8.0,0,0.0,0,,0.0,0.0,,1.0,0.0,0.26812081607142446,0.00012320982143267299,1024,984,0.9609375,,,0,0,,,786,820,6.40625,0.26733937767856525,True
1.0,110,28184,1024,8192,1024,34,1058,8.265625,8.0,0,0.0,0,,0.0,0.0,,1.0,0.0,0.26812081607142446,0.00012320982143267299,1024,932,0.91015625,,,0,0,,,800,834,6.515625,0.26733937767856525,True
1.0,111,25319,1024,8192,1024,34,1058,8.265625,8.0,0,0.0,0,,0.0,0.0,,1.0,0.0,0.26812081607142446,0.00012320982143267299,1024,1023,0.9990234375,,,0,0,,,840,874,6.828125,0.26733937767856525,True
1.0,112,11010,1024,8192,1024,34,1058,8.265625,8.0,0,0.0,0,,0.0,0.0,,1.0,0.0,0.26812081607142446,0.00012320982143267299,1024,997,0.9736328125,,,0,0,,,735,769,6.0078125,0.26733937767856525,True
1.0,113,33880,1024,8192,1024,34,1058,8.265625,8.0,0,0.0,0,,0.0,0.0,,1.0,0.0,0.26812081607142446,0.00012320982143267299,1024,934,0.912109375,,,0,0,,,820,854,6.671875,0.26733937767856525,True
1.0,114,19307,1024,8192,1024,34,1058,8.265625,8.0,0,0.0,0,,0.0,0.0,,1.0,0.0,0.26812081607142446,0.00012320982143267299,1024,926,0.904296875,,,0,0,,,728,762,5.953125,0.26733937767856525,True
1.0,115,12236,1024,8192,1024,34,1058,8.265625,8.0,0,0.0,0,,0.0,0.0,,1.0,0.0,0.26812081607142446,0.00012320982143267299,1024,770,0.751953125,,,0,0,,,767,801,6.2578125,0.26733937767856525,True
1.0,116,13805,1024,8192,1024,34,1058,8.265625,8.0,0,0.0,0,,0.0,0.0,,1.0,0.0,0.26812081607142446,0.00012320982143267299,1024,952,0.9296875,,,0,0,,,759,793,6.1953125,0.26733937767856525,True
1.0,117,5814,1024,8192,1024,34,1058,8.265625,8.0,0,0.0,0,,0.0,0.0,,1.0,0.0,0.26812081607142446,0.00012320982143267299,1024,906,0.884765625,,,0,0,,,660,694,5.421875,0.26733937767856525,True
1.0,118,48485,1024,8192,1024,34,1058,8.265625,8.0,0,0.0,0,,0.0,0.0,,1.0,0.0,0.26812081607142446,0.00012320982143267299,1024,1025,1.0009765625,,,0,0,,,863,897,7.0078125,0.26733937767856525,True
1.0,119,12248,1024,8192,1024,34,1058,8.265625,8.0,0,0.0,0,,0.0,0.0,,1.0,0.0,0.26812081607142446,0.00012320982143267299,1024,963,0.9404296875,,,0,0,,,751,785,6.1328125,0.26733937767856525,True
1.0,120,458,1024,8192,1024,34,1058,8.265625,8.0,0,0.0,0,,0.0,0.0,,1.0,0.0,0.26812081607142446,0.00012320982143267299,1024,1015,0.9912109375,,,0,0,,,847,881,6.8828125,0.26733937767856525,True
1.0,121,319,1024,8192,1024,34,1058,8.265625,8.0,0,0.0,0,,0.0,0.0,,1.0,0.0,0.26812081607142446,0.00012320982143267299,1024,1023,0.9990234375,,,0,0,,,837,871,6.8046875,0.26733937767856525,True
1.0,122,21496,1024,8192,1024,34,1058,8.265625,8.0,0,0.0,0,,0.0,0.0,,1.0,0.0,0.26812081607142446,0.00012320982143267299,1024,1007,0.9833984375,,,0,0,,,847,881,6.8828125,0.26733937767856525,True
1.0,123,20390,1024,8192,1024,34,1058,8.265625,8.0,0,0.0,0,,0.0,0.0,,1.0,0.0,0.26812081607142446,0.00012320982143267299,1024,906,0.884765625,,,0,0,,,754,788,6.15625,0.26733937767856525,True
1.0,124,33691,1024,8192,1024,34,1058,8.265625,8.0,0,0.0,0,,0.0,0.0,,1.0,0.0,0.26812081607142446,0.00012320982143267299,1024,902,0.880859375,,,0,0,,,759,793,6.1953125,0.26733937767856525,True
1.0,125,33872,1024,8192,1024,34,1058,8.265625,8.0,0,0.0,0,,0.0,0.0,,1.0,0.0,0.26812081607142446,0.00012320982143267299,1024,1028,1.00390625,,,0,0,,,944,978,7.640625,0.26733937767856525,True
1.0,126,46987,1024,8192,1024,34,1058,8.265625,8.0,0,0.0,0,,0.0,0.0,,1.0,0.0,0.26812081607142446,0.00012320982143267299,1024,924,0.90234375,,,0,0,,,675,709,5.5390625,0.26733937767856525,True
1.0,127,26772,1024,8192,1024,34,1058,8.265625,8.0,0,0.0,0,,0.0,0.0,,1.0,0.0,0.26812081607142446,0.00012320982143267299,1024,1021,0.9970703125,,,0,0,,,826,860,6.71875,0.26733937767856525,True
1.0,128,7057,1024,8192,1024,34,1058,8.265625,8.0,0,0.0,0,,0.0,0.0,,1.0,0.0,0.26812081607142446,0.00012320982143267299,1024,960,0.9375,,,0,0,,,815,849,6.6328125,0.26733937767856525,True
1.0,129,30014,1024,8192,1024,34,1058,8.265625,8.0,0,0.0,0,,0.0,0.0,,1.0,0.0,0.26812081607142446,0.00012320982143267299,1024,1030,1.005859375,,,0,0,,,788,822,6.421875,0.26733937767856525,True
1.0,130,48237,1024,8192,1024,34,1058,8.265625,8.0,0,0.0,0,,0.0,0.0,,1.0,0.0,0.26812081607142446,0.00012320982143267299,1024,898,0.876953125,,,0,0,,,764,798,6.234375,0.26733937767856525,True
1.0,131,4823,1024,8192,1024,34,1058,8.265625,8.0,0,0.0,0,,0.0,0.0,,1.0,0.0,0.26812081607142446,0.00012320982143267299,1024,1035,1.0107421875,,,0,0,,,821,855,6.6796875,0.26733937767856525,True
1.0,132,26627,1024,8192,1024,34,1058,8.265625,8.0,0,0.0,0,,0.0,0.0,,1.0,0.0,0.26812081607142446,0.00012320982143267299,1024,1021,0.9970703125,,,0,0,,,884,918,7.171875,0.26733937767856525,True
1.0,133,12293,1024,8192,1024,34,1058,8.265625,8.0,0,0.0,0,,0.0,0.0,,1.0,0.0,0.26812081607142446,0.00012320982143267299,1024,1016,0.9921875,,,0,0,,,941,975,7.6171875,0.26733937767856525,True
1.0,134,32803,1024,8192,1024,34,1058,8.265625,8.0,0,0.0,0,,0.0,0.0,,1.0,0.0,0.26812081607142446,0.00012320982143267299,1024,878,0.857421875,,,0,0,,,704,738,5.765625,0.26733937767856525,True
1.0,135,41882,1024,8192,1024,34,1058,8.265625,8.0,0,0.0,0,,0.0,0.0,,1.0,0.0,0.26812081607142446,0.00012320982143267299,1024,1006,0.982421875,,,0,0,,,725,759,5.9296875,0.26733937767856525,True
1.0,136,10235,1024,8192,1024,34,1058,8.265625,8.0,0,0.0,0,,0.0,0.0,,1.0,0.0,0.26812081607142446,0.00012320982143267299,1024,935,0.9130859375,,,0,0,,,782,816,6.375,0.26733937767856525,True
1.0,137,30033,1024,8192,1024,34,1058,8.265625,8.0,0,0.0,0,,0.0,0.0,,1.0,0.0,0.26812081607142446,0.00012320982143267299,1024,1035,1.0107421875,,,0,0,,,918,952,7.4375,0.26733937767856525,True
1.0,138,20042,1024,8192,1024,34,1058,8.265625,8.0,0,0.0,0,,0.0,0.0,,1.0,0.0,0.26812081607142446,0.00012320982143267299,1024,1035,1.0107421875,,,0,0,,,863,897,7.0078125,0.26733937767856525,True
1.0,139,29399,1024,8192,1024,34,1058,8.265625,8.0,0,0.0,0,,0.0,0.0,,1.0,0.0,0.26812081607142446,0.00012320982143267299,1024,1035,1.0107421875,,,0,0,,,790,824,6.4375,0.26733937767856525,True
1.0,140,6463,1024,8192,1024,34,1058,8.265625,8.0,0,0.0,0,,0.0,0.0,,1.0,0.0,0.26812081607142446,0.00012320982143267299,1024,985,0.9619140625,,,0,0,,,938,972,7.59375,0.26733937767856525,True
1.0,141,25920,1024,8192,1024,34,1058,8.265625,8.0,0,0.0,0,,0.0,0.0,,1.0,0.0,0.26812081607142446,0.00012320982143267299,1024,850,0.830078125,,,0,0,,,691,725,5.6640625,0.26733937767856525,True
1.0,142,10327,1024,8192,1024,34,1058,8.265625,8.0,0,0.0,0,,0.0,0.0,,1.0,0.0,0.26812081607142446,0.00012320982143267299,1024,1031,1.0068359375,,,0,0,,,1019,1053,8.2265625,0.26733937767856525,True
1.0,143,3805,1024,8192,1024,34,1058,8.265625,8.0,0,0.0,0,,0.0,0.0,,1.0,0.0,0.26812081607142446,0.00012320982143267299,1024,971,0.9482421875,,,0,0,,,799,833,6.5078125,0.26733937767856525,True
1.0,144,37879,1024,8192,1024,34,1058,8.265625,8.0,0,0.0,0,,0.0,0.0,,1.0,0.0,0.26812081607142446,0.00012320982143267299,1024,796,0.77734375,,,0,0,,,502,536,4.1875,0.26733937767856525,True
1.0,145,22721,1024,8192,1024,34,1058,8.265625,8.0,0,0.0,0,,0.0,0.0,,1.0,0.0,0.26812081607142446,0.00012320982143267299,1024,953,0.9306640625,,,0,0,,,723,757,5.9140625,0.26733937767856525,True
1.0,146,43932,1024,8192,1024,34,1058,8.265625,8.0,0,0.0,0,,0.0,0.0,,1.0,0.0,0.26812081607142446,0.00012320982143267299,1024,1035,1.0107421875,,,0,0,,,846,880,6.875,0.26733937767856525,True
1.0,147,47270,1024,8192,1024,34,1058,8.265625,8.0,0,0.0,0,,0.0,0.0,,1.0,0.0,0.26812081607142446,0.00012320982143267299,1024,1008,0.984375,,,0,0,,,859,893,6.9765625,0.26733937767856525,True
1.0,148,11091,1024,8192,1024,34,1058,8.265625,8.0,0,0.0,0,,0.0,0.0,,1.0,0.0,0.26812081607142446,0.00012320982143267299,1024,969,0.9462890625,,,0,0,,,705,739,5.7734375,0.26733937767856525,True
1.0,149,9736,1024,8192,1024,34,1058,8.265625,8.0,0,0.0,0,,0.0,0.0,,1.0,0.0,0.26812081607142446,0.00012320982143267299,1024,938,0.916015625,,,0,0,,,832,866,6.765625,0.26733937767856525,True
1.0,150,23206,1024,8192,1024,34,1058,8.265625,8.0,0,0.0,0,,0.0,0.0,,1.0,0.0,0.26812081607142446,0.00012320982143267299,1024,982,0.958984375,,,0,0,,,740,774,6.046875,0.26733937767856525,True
1.0,151,25039,1024,8192,1024,34,1058,8.265625,8.0,0,0.0,0,,0.0,0.0,,1.0,0.0,0.26812081607142446,0.00012320982143267299,1024,1027,1.0029296875,,,0,0,,,962,996,7.78125,0.26733937767856525,True
1.0,152,21014,1024,8192,1024,34,1058,8.265625,8.0,0,0.0,0,,0.0,0.0,,1.0,0.0,0.26812081607142446,0.00012320982143267299,1024,865,0.8447265625,,,0,0,,,849,883,6.8984375,0.26733937767856525,True
1.0,153,32412,1024,8192,1024,34,1058,8.265625,8.0,0,0.0,0,,0.0,0.0,,1.0,0.0,0.26812081607142446,0.00012320982143267299,1024,957,0.9345703125,,,0,0,,,901,935,7.3046875,0.26733937767856525,True
1.0,154,34022,1024,8192,1024,34,1058,8.265625,8.0,0,0.0,0,,0.0,0.0,,1.0,0.0,0.26812081607142446,0.00012320982143267299,1024,813,0.7939453125,,,0,0,,,608,642,5.015625,0.26733937767856525,True
1.0,155,21369,1024,8192,1024,34,1058,8.265625,8.0,0,0.0,0,,0.0,0.0,,1.0,0.0,0.26812081607142446,0.00012320982143267299,1024,871,0.8505859375,,,0,0,,,711,745,5.8203125,0.26733937767856525,True
1.0,156,41654,1024,8192,1024,34,1058,8.265625,8.0,0,0.0,0,,0.0,0.0,,1.0,0.0,0.26812081607142446,0.00012320982143267299,1024,1023,0.9990234375,,,0,0,,,880,914,7.140625,0.26733937767856525,True
1.0,157,11953,1024,8192,1024,34,1058,8.265625,8.0,0,0.0,0,,0.0,0.0,,1.0,0.0,0.26812081607142446,0.00012320982143267299,1024,1021,0.9970703125,,,0,0,,,901,935,7.3046875,0.26733937767856525,True
1.0,158,13700,1024,8192,1024,34,1058,8.265625,8.0,0,0.0,0,,0.0,0.0,,1.0,0.0,0.26812081607142446,0.00012320982143267299,1024,988,0.96484375,,,0,0,,,771,805,6.2890625,0.26733937767856525,True
1.0,159,38205,1024,8192,1024,34,1058,8.265625,8.0,0,0.0,0,,0.0,0.0,,1.0,0.0,0.26812081607142446,0.00012320982143267299,1024,920,0.8984375,,,0,0,,,741,775,6.0546875,0.26733937767856525,True
1.0,160,40129,1024,8192,1024,34,1058,8.265625,8.0,0,0.0,0,,0.0,0.0,,1.0,0.0,0.26812081607142446,0.00012320982143267299,1024,800,0.78125,,,0,0,,,664,698,5.453125,0.26733937767856525,True
1.0,161,17080,1024,8192,1024,34,1058,8.265625,8.0,0,0.0,0,,0.0,0.0,,1.0,0.0,0.26812081607142446,0.00012320982143267299,1024,919,0.8974609375,,,0,0,,,707,741,5.7890625,0.26733937767856525,True
1.0,162,1505,1024,8192,1024,34,1058,8.265625,8.0,0,0.0,0,,0.0,0.0,,1.0,0.0,0.26812081607142446,0.00012320982143267299,1024,1035,1.0107421875,,,0,0,,,899,933,7.2890625,0.26733937767856525,True
1.0,163,36391,1024,8192,1024,34,1058,8.265625,8.0,0,0.0,0,,0.0,0.0,,1.0,0.0,0.26812081607142446,0.00012320982143267299,1024,1035,1.0107421875,,,0,0,,,867,901,7.0390625,0.26733937767856525,True
1.0,164,24660,1024,8192,1024,34,1058,8.265625,8.0,0,0.0,0,,0.0,0.0,,1.0,0.0,0.26812081607142446,0.00012320982143267299,1024,1027,1.0029296875,,,0,0,,,859,893,6.9765625,0.26733937767856525,True
1.0,165,24061,1024,8192,1024,34,1058,8.265625,8.0,0,0.0,0,,0.0,0.0,,1.0,0.0,0.26812081607142446,0.00012320982143267299,1024,880,0.859375,,,0,0,,,732,766,5.984375,0.26733937767856525,True
1.0,166,10964,1024,8192,1024,34,1058,8.265625,8.0,0,0.0,0,,0.0,0.0,,1.0,0.0,0.26812081607142446,0.00012320982143267299,1024,1004,0.98046875,,,0,0,,,691,725,5.6640625,0.26733937767856525,True
1.0,167,20807,1024,8192,1024,34,1058,8.265625,8.0,0,0.0,0,,0.0,0.0,,1.0,0.0,0.26812081607142446,0.00012320982143267299,1024,1035,1.0107421875,,,0,0,,,948,982,7.671875,0.26733937767856525,True
1.0,168,33388,1024,8192,1024,34,1058,8.265625,8.0,0,0.0,0,,0.0,0.0,,1.0,0.0,0.26812081607142446,0.00012320982143267299,1024,1035,1.0107421875,,,0,0,,,974,1008,7.875,0.26733937767856525,True
1.0,169,34571,1024,8192,1024,34,1058,8.265625,8.0,0,0.0,0,,0.0,0.0,,1.0,0.0,0.26812081607142446,0.00012320982143267299,1024,983,0.9599609375,,,0,0,,,868,902,7.046875,0.26733937767856525,True
1.0,170,21194,1024,8192,1024,34,1058,8.265625,8.0,0,0.0,0,,0.0,0.0,,1.0,0.0,0.26812081607142446,0.00012320982143267299,1024,996,0.97265625,,,0,0,,,841,875,6.8359375,0.26733937767856525,True
1.0,171,32696,1024,8192,1024,34,1058,8.265625,8.0,0,0.0,0,,0.0,0.0,,1.0,0.0,0.26812081607142446,0.00012320982143267299,1024,1017,0.9931640625,,,0,0,,,816,850,6.640625,0.26733937767856525,True
1.0,172,46005,1024,8192,1024,34,1058,8.265625,8.0,0,0.0,0,,0.0,0.0,,1.0,0.0,0.26812081607142446,0.00012320982143267299,1024,667,0.6513671875,,,0,0,,,555,589,4.6015625,0.26733937767856525,True
1.0,173,19269,1024,8192,1024,34,1058,8.265625,8.0,0,0.0,0,,0.0,0.0,,1.0,0.0,0.26812081607142446,0.00012320982143267299,1024,754,0.736328125,,,0,0,,,579,613,4.7890625,0.26733937767856525,True
1.0,174,5503,1024,8192,1024,34,1058,8.265625,8.0,0,0.0,0,,0.0,0.0,,1.0,0.0,0.26812081607142446,0.00012320982143267299,1024,1035,1.0107421875,,,0,0,,,978,1012,7.90625,0.26733937767856525,True
1.0,175,32979,1024,8192,1024,34,1058,8.265625,8.0,0,0.0,0,,0.0,0.0,,1.0,0.0,0.26812081607142446,0.00012320982143267299,1024,1012,0.98828125,,,0,0,,,823,857,6.6953125,0.26733937767856525,True
1.0,176,32764,1024,8192,1024,34,1058,8.265625,8.0,0,0.0,0,,0.0,0.0,,1.0,0.0,0.26812081607142446,0.00012320982143267299,1024,1022,0.998046875,,,0,0,,,889,923,7.2109375,0.26733937767856525,True
1.0,177,36396,1024,8192,1024,34,1058,8.265625,8.0,0,0.0,0,,0.0,0.0,,1.0,0.0,0.26812081607142446,0.00012320982143267299,1024,947,0.9248046875,,,0,0,,,730,764,5.96875,0.26733937767856525,True
1.0,178,16139,1024,8192,1024,34,1058,8.265625,8.0,0,0.0,0,,0.0,0.0,,1.0,0.0,0.26812081607142446,0.00012320982143267299,1024,548,0.53515625,,,0,0,,,499,533,4.1640625,0.26733937767856525,True
1.0,179,32110,1024,8192,1024,34,1058,8.265625,8.0,0,0.0,0,,0.0,0.0,,1.0,0.0,0.26812081607142446,0.00012320982143267299,1024,889,0.8681640625,,,0,0,,,847,881,6.8828125,0.26733937767856525,True
1.0,180,37930,1024,8192,1024,34,1058,8.265625,8.0,0,0.0,0,,0.0,0.0,,1.0,0.0,0.26812081607142446,0.00012320982143267299,1024,978,0.955078125,,,0,0,,,871,905,7.0703125,0.26733937767856525,True
1.0,181,5624,1024,8192,1024,34,1058,8.265625,8.0,0,0.0,0,,0.0,0.0,,1.0,0.0,0.26812081607142446,0.00012320982143267299,1024,919,0.8974609375,,,0,0,,,832,866,6.765625,0.26733937767856525,True
1.0,182,37946,1024,8192,1024,34,1058,8.265625,8.0,0,0.0,0,,0.0,0.0,,1.0,0.0,0.26812081607142446,0.00012320982143267299,1024,1007,0.9833984375,,,0,0,,,765,799,6.2421875,0.26733937767856525,True
1.0,183,6616,1024,8192,1024,34,1058,8.265625,8.0,0,0.0,0,,0.0,0.0,,1.0,0.0,0.26812081607142446,0.00012320982143267299,1024,1035,1.0107421875,,,0,0,,,959,993,7.7578125,0.26733937767856525,True
1.0,184,11706,1024,8192,1024,34,1058,8.265625,8.0,0,0.0,0,,0.0,0.0,,1.0,0.0,0.26812081607142446,0.00012320982143267299,1024,1009,0.9853515625,,,0,0,,,841,875,6.8359375,0.26733937767856525,True
1.0,185,10558,1024,8192,1024,34,1058,8.265625,8.0,0,0.0,0,,0.0,0.0,,1.0,0.0,0.26812081607142446,0.00012320982143267299,1024,957,0.9345703125,,,0,0,,,911,945,7.3828125,0.26733937767856525,True
1.0,186,18351,1024,8192,1024,34,1058,8.265625,8.0,0,0.0,0,,0.0,0.0,,1.0,0.0,0.26812081607142446,0.00012320982143267299,1024,861,0.8408203125,,,0,0,,,932,966,7.546875,0.26733937767856525,True
1.0,187,15023,1024,8192,1024,34,1058,8.265625,8.0,0,0.0,0,,0.0,0.0,,1.0,0.0,0.26812081607142446,0.00012320982143267299,1024,901,0.8798828125,,,0,0,,,822,856,6.6875,0.26733937767856525,True
1.0,188,9490,1024,8192,1024,34,1058,8.265625,8.0,0,0.0,0,,0.0,0.0,,1.0,0.0,0.26812081607142446,0.00012320982143267299,1024,1028,1.00390625,,,0,0,,,713,747,5.8359375,0.26733937767856525,True
1.0,189,6355,1024,8192,1024,34,1058,8.265625,8.0,0,0.0,0,,0.0,0.0,,1.0,0.0,0.26812081607142446,0.00012320982143267299,1024,922,0.900390625,,,0,0,,,762,796,6.21875,0.26733937767856525,True
1.0,190,8857,1024,8192,1024,34,1058,8.265625,8.0,0,0.0,0,,0.0,0.0,,1.0,0.0,0.26812081607142446,0.00012320982143267299,1024,604,0.58984375,,,0,0,,,516,550,4.296875,0.26733937767856525,True
1.0,191,31811,1024,8192,1024,34,1058,8.265625,8.0,0,0.0,0,,0.0,0.0,,1.0,0.0,0.26812081607142446,0.00012320982143267299,1024,1013,0.9892578125,,,0,0,,,760,794,6.203125,0.26733937767856525,True
1.0,192,10400,1024,8192,1024,34,1058,8.265625,8.0,0,0.0,0,,0.0,0.0,,1.0,0.0,0.26812081607142446,0.00012320982143267299,1024,929,0.9072265625,,,0,0,,,851,885,6.9140625,0.26733937767856525,True
1.0,193,275,1024,8192,1024,34,1058,8.265625,8.0,0,0.0,0,,0.0,0.0,,1.0,0.0,0.26812081607142446,0.00012320982143267299,1024,1023,0.9990234375,,,0,0,,,796,830,6.484375,0.26733937767856525,True
1.0,194,26152,1024,8192,1024,34,1058,8.265625,8.0,0,0.0,0,,0.0,0.0,,1.0,0.0,0.26812081607142446,0.00012320982143267299,1024,1019,0.9951171875,,,0,0,,,864,898,7.015625,0.26733937767856525,True
1.0,195,13037,1024,8192,1024,34,1058,8.265625,8.0,0,0.0,0,,0.0,0.0,,1.0,0.0,0.26812081607142446,0.00012320982143267299,1024,854,0.833984375,,,0,0,,,758,792,6.1875,0.26733937767856525,True
1.0,196,41203,1024,8192,1024,34,1058,8.265625,8.0,0,0.0,0,,0.0,0.0,,1.0,0.0,0.26812081607142446,0.00012320982143267299,1024,988,0.96484375,,,0,0,,,877,911,7.1171875,0.26733937767856525,True
1.0,197,43709,1024,8192,1024,34,1058,8.265625,8.0,0,0.0,0,,0.0,0.0,,1.0,0.0,0.26812081607142446,0.00012320982143267299,1024,908,0.88671875,,,0,0,,,647,681,5.3203125,0.26733937767856525,True
1.0,198,43572,1024,8192,1024,34,1058,8.265625,8.0,0,0.0,0,,0.0,0.0,,1.0,0.0,0.26812081607142446,0.00012320982143267299,1024,1003,0.9794921875,,,0,0,,,780,814,6.359375,0.26733937767856525,True
1.0,199,23390,1024,8192,1024,34,1058,8.265625,8.0,0,0.0,0,,0.0,0.0,,1.0,0.0,0.26812081607142446,0.00012320982143267299,1024,956,0.93359375,,,0,0,,,805,839,6.5546875,0.26733937767856525,True
